# index, id, _pos
0,78577671,"array([ 6.9133997 , 37.25772786])"
1,77922321,"array([ 6.74407577, 37.1971544 ])"
2,96403467,"array([ 6.79788516, 37.03618054])"
3,104267794,"array([ 6.38638361, 37.17751138])"
4,100270091,"array([ 6.24289481, 37.2385636 ])"
5,99352582,"array([ 6.28832068, 36.72527557])"
6,94306336,"array([ 6.20693753, 36.83771629])"
7,90636301,"array([ 6.4488202 , 36.65602712])"
8,75104275,"array([ 6.11268463, 36.58922038])"
9,82378761,"array([ 6.56792647, 37.05820376])"
10,74973193,"array([ 6.49135488, 36.94448962])"
11,74317832,"array([ 6.64623067, 37.49228083])"
12,86376468,"array([ 5.98285676, 36.95661164])"
13,100335639,"array([ 6.1302363 , 37.04234941])"
14,79757326,"array([ 6.74897903, 36.5617026 ])"
15,102694925,"array([ 6.7986588 , 36.80848764])"
16,90570768,"array([ 6.41054959, 37.35433447])"
17,79364100,"array([ 6.21660926, 35.98627661])"
18,96993294,"array([ 5.99052303, 36.00866526])"
19,73728021,"array([ 6.15078817, 36.30838532])"
20,77463574,"array([ 6.40436533, 37.7689023 ])"
21,74514462,"array([ 6.1565986 , 37.54455249])"
22,78905353,"array([ 6.31448519, 37.61926209])"
23,102498317,"array([ 6.17316966, 37.7785561 ])"
24,78118919,"array([ 5.47362519, 37.65083565])"
25,80150551,"array([ 5.62024975, 37.84204109])"
26,106627080,"array([ 5.76274428, 36.42696598])"
27,94699532,"array([ 5.68354019, 37.1613734 ])"
28,104792082,"array([ 5.74563053, 37.30081349])"
29,104202244,"array([ 4.87434995, 36.83638509])"
30,96141317,"array([ 5.06541987, 36.86417412])"
31,86966289,"array([ 5.26487287, 37.14455396])"
32,80150552,"array([ 5.0923099 , 36.49049781])"
33,78118920,"array([ 5.26675703, 36.66097282])"
34,76087319,"array([ 4.87179843, 37.08282677])"
35,104333319,"array([ 4.96038935, 37.36772988])"
36,84475919,"array([ 4.72275546, 36.44116613])"
37,93716499,"array([ 5.58732041, 36.61274678])"
38,75956247,"array([ 5.46732666, 36.46786236])"
39,78839829,"array([ 5.46549499, 36.8569617 ])"
40,104136708,"array([ 4.0899404 , 36.53485228])"
41,78970901,"array([ 4.36266466, 36.53561673])"
42,82706462,"array([ 5.1795775 , 36.03119437])"
43,74776599,"array([ 4.97951725, 36.02562367])"
44,95158277,"array([ 3.80304392, 36.12722598])"
45,99680270,"array([ 3.58839192, 36.10926135])"
46,101318664,"array([ 4.01443801, 35.51839752])"
47,84410381,"array([ 3.0659734 , 35.35716384])"
48,83034132,"array([ 3.22950291, 35.16563155])"
49,90505240,"array([ 4.62410779, 35.26640666])"
50,103612436,"array([ 4.67924066, 35.00250569])"
51,82444317,"array([ 6.10482172, 35.45232388])"
52,104529941,"array([ 6.27028587, 35.08628709])"
53,87228439,"array([ 3.20487745, 35.90867458])"
54,98304012,"array([ 3.21389176, 35.71370824])"
55,73662491,"array([ 3.38999019, 35.8311626 ])"
56,94175244,"array([ 3.29082642, 34.30779734])"
57,75956248,"array([ 2.53572136, 37.25704184])"
58,73596949,"array([ 1.87403446, 36.00264322])"
59,94175245,"array([ 1.92550418, 35.6651665 ])"
60,93716500,"array([ 2.35304208, 36.00982474])"
61,78839830,"array([ 1.81823844, 35.79640303])"
62,86376469,"array([ 2.36402717, 35.74067836])"
63,78970902,"array([ 2.21050212, 35.83781569])"
64,96010253,"array([ 2.23224775, 35.52343725])"
65,99352583,"array([ 2.04088617, 36.01902445])"
66,94306337,"array([ 2.009658 , 35.8587722])"
67,90636303,"array([ 2.17204979, 35.70378582])"
68,100335640,"array([ 1.95578374, 36.16338818])"
69,104529942,"array([ 1.59004615, 35.91891359])"
70,103612437,"array([ 1.71905809, 36.12481234])"
71,90505241,"array([ 1.88803791, 36.29096756])"
72,82444318,"array([ 2.34534039, 36.27375791])"
73,74317833,"array([ 1.46513769, 36.15549319])"
74,104333320,"array([ 2.30687251, 36.46042825])"
75,82706463,"array([ 2.13098278, 36.31436229])"
76,106627081,"array([ 1.64802958, 36.29471667])"
77,94699533,"array([ 2.47287662, 36.45945428])"
78,74776600,"array([ 2.60784692, 36.32739545])"
79,101318665,"array([ 2.18717133, 36.04639958])"
80,104792083,"array([ 2.04625923, 35.52926802])"
81,75104276,"array([ 2.66462423, 35.82068152])"
82,77463575,"array([ 1.40114943, 36.69417587])"
83,102694926,"array([ 1.62384721, 36.75665415])"
84,86966290,"array([ 1.12405539, 37.88804387])"
85,78118921,"array([ 1.36374743, 37.67928145])"
86,84475920,"array([ 1.31759854, 37.86026789])"
87,78577672,"array([ 1.88114195, 37.0045677 ])"
88,77922322,"array([ 1.95270153, 37.89660159])"
89,73728022,"array([ 2.04921355, 37.9869989 ])"
90,74973194,"array([ 2.10084542, 37.82943594])"
91,80150553,"array([ 2.02458219, 38.14254277])"
92,78905354,"array([ 1.99449405, 38.29395946])"
93,79364101,"array([ 2.21374999, 38.0525717 ])"
94,94502926,"array([ 1.92596489, 37.75845721])"
95,79757327,"array([ 2.16921161, 38.20368574])"
96,96403468,"array([ 2.27139413, 38.31294354])"
97,102498318,"array([ 1.87013582, 38.19055341])"
98,96993295,"array([ 1.91835135, 38.05700138])"
99,82378762,"array([ 2.46970854, 37.89193086])"
100,104267795,"array([ 1.78979622, 37.86965904])"
101,84410382,"array([ 1.76717093, 38.02435673])"
102,99680271,"array([ 2.2356343 , 37.27035195])"
103,104136709,"array([ 1.61020989, 38.24871009])"
104,95158278,"array([ 0.05654596, 38.20029955])"
105,83034133,"array([-0.1302937 , 38.26244297])"
106,88604686,"array([ 1.51660016, 37.41042156])"
107,104202245,"array([ 2.75111493, 38.3212978 ])"
108,75497486,"array([ 2.18562504, 39.0446597 ])"
109,101842957,"array([ 2.05826826, 38.91962274])"
110,73400342,"array([ 2.51715551, 39.89878928])"
111,80412686,"array([ 1.58611164, 39.35271092])"
112,74711065,"array([ 1.51057388, 39.10669975])"
113,102891531,"array([ 1.75330564, 39.11067088])"
114,100990997,"array([ 3.3135129 , 41.46594242])"
115,101187607,"array([ 3.21680057, 41.65985206])"
116,97189904,"array([ 3.11669835, 41.03758012])"
117,103874582,"array([ 3.02686677, 40.80274716])"
118,96075803,"array([ 3.56145545, 39.8709371 ])"
119,75431954,"array([ 3.28247739, 39.87692482])"
120,98631688,"array([ 2.55884318, 41.08453398])"
121,76021769,"array([ 2.62320735, 40.88042161])"
122,86573072,"array([ 1.8193196 , 40.89281406])"
123,74121222,"array([ 2.8019824 , 41.79123401])"
124,104923155,"array([ 2.85999826, 41.6092844 ])"
125,79691784,"array([ 2.67223093, 41.60940196])"
126,104398865,"array([ 2.271792 , 41.8533424])"
127,100990998,"array([ 3.72337103, 41.62065475])"
128,83558405,"array([ 3.83283124, 41.458422  ])"
129,74055700,"array([ 4.00858553, 41.81876697])"
130,74448910,"array([ 3.87450986, 41.61090553])"
131,95158279,"array([ 2.79631328, 42.51069143])"
132,102498319,"array([ 2.91582945, 42.33978384])"
133,102891532,"array([ 3.46373007, 42.70460491])"
134,104136710,"array([ 3.36212591, 43.03682519])"
135,80412687,"array([ 3.41370381, 42.23268818])"
136,74121223,"array([ 2.47447907, 43.42088651])"
137,101842958,"array([ 2.54346618, 43.59443424])"
138,79691785,"array([ 3.81295537, 42.45565217])"
139,104923156,"array([ 14.32598182, -21.86502813])"
140,74711066,"array([ 14.56728528, -21.74532327])"
141,84410383,"array([ 4.15389403, 43.45813267])"
142,99680274,"array([ 4.05700279, 43.26355828])"
143,74055701,"array([ 3.95709989, 42.61965443])"
144,101187608,"array([ 4.1230856, 44.6250143])"
145,75497487,"array([ 4.07084862, 44.81447221])"
146,73400343,"array([ 3.82876869, 44.64867156])"
147,76021770,"array([ 4.06647161, 44.16766358])"
148,102498320,"array([ 4.2473646 , 44.00344161])"
149,74711067,"array([ 4.73305038, 43.78875053])"
150,96075804,"array([ 4.55790027, 43.91662938])"
151,83558406,"array([ 4.49245089, 43.64062596])"
152,98631689,"array([ 5.41914344, 45.02768758])"
153,104923157,"array([ 5.60027257, 45.09236738])"
154,80412688,"array([ 4.74374016, 44.65747845])"
155,74448911,"array([ 4.66161136, 44.86183969])"
156,79364102,"array([ 3.61957449, 44.10757314])"
157,80150554,"array([ 3.75713435, 43.96821493])"
158,80412689,"array([ 3.06724665, 43.87337211])"
159,100991000,"array([ 3.74772328, 43.5825166 ])"
160,104136711,"array([ 3.13696326, 43.61228333])"
161,104923158,"array([ 1.23702306, 44.34178296])"
162,74448912,"array([ 1.26557964, 44.51392366])"
163,83558407,"array([ 2.99588889, 44.48267797])"
164,99680275,"array([ 2.58014745, 44.13360661])"
165,96075805,"array([ 2.39922489, 44.13855478])"
166,79364103,"array([ 2.5114254, 44.3000149])"
167,80150556,"array([ 3.24591727, 45.28820831])"
168,98631690,"array([ 1.90610165, 44.34993773])"
169,75497488,"array([ 1.72272819, 43.63169857])"
170,104923159,"array([ 1.96175116, 43.90664959])"
171,73400344,"array([ 2.22711267, 44.66218117])"
172,74448913,"array([ 2.06103769, 44.84791374])"
173,102891533,"array([ 2.56602516, 43.83924628])"
174,100991001,"array([ 2.31055137, 43.68819274])"
175,95158282,"array([ 2.99762252, 44.85720805])"
176,101187609,"array([ 3.13014213, 44.62963255])"
177,103153675,"array([ 4.55211266, 47.0825816 ])"
178,76021771,"array([ 4.69945266, 47.18188056])"
179,98631691,"array([ 3.06627644, 45.65531515])"
180,80412690,"array([ 3.83827029, 46.599777  ])"
181,104136712,"array([ 3.83329537, 46.94836363])"
182,84410385,"array([ 3.15841921, 45.95694545])"
183,99680276,"array([ 3.65221281, 45.83933284])"
184,75497489,"array([ 3.73204823, 46.0433461 ])"
185,73400345,"array([ 2.63983204, 46.31917805])"
186,102498321,"array([ 2.69422576, 46.55895199])"
187,74448914,"array([ 2.49924953, 47.24176553])"
188,95158283,"array([ 2.24311286, 45.83749058])"
189,101842960,"array([ 2.05328487, 45.97743187])"
190,75497490,"array([ 1.82311102, 46.58752319])"
191,80150557,"array([ 1.65090758, 46.70508865])"
192,74448915,"array([58.72618162, 19.83954211])"
193,104136714,"array([58.53179341, 19.84634776])"
194,100991002,"array([58.78860132, 19.59652564])"
195,98631692,"array([59.13777344, 19.25737449])"
196,102891534,"array([58.96103063, 19.28732971])"
197,102498322,"array([59.06831043, 19.08651497])"
198,84410386,"array([59.54889887, 18.29968656])"
199,96075806,"array([59.43878869, 18.48864723])"
200,74121224,"array([ 52.09328234, -17.5948499 ])"
201,103153676,"array([ 52.25431899, -17.47804778])"
202,101842961,"array([ 52.52460348, -17.68125551])"
203,84410387,"array([ 52.40178441, -17.81218971])"
204,96075807,"array([ 51.44685455, -17.61124181])"
205,83558408,"array([ 51.26826508, -17.67116779])"
206,98631693,"array([ 53.07106394, -17.82296438])"
207,101187610,"array([ 52.87311584, -17.70804467])"
208,74448916,"array([ 50.76102875, -18.27049242])"
209,104136715,"array([ 50.76101598, -18.45035202])"
210,76021772,"array([ 50.53873365, -17.70560827])"
211,73400346,"array([ 51.22826496, -18.04408598])"
212,80412692,"array([ 51.31791644, -18.2236333 ])"
213,99680279,"array([ 51.43649474, -18.09303892])"
214,74711068,"array([ 51.11705711, -18.17938968])"
215,79364104,"array([ 51.44328502, -18.78345694])"
216,95158284,"array([ 51.50711531, -18.59967906])"
217,102498323,"array([ 51.67124602, -18.85263777])"
218,101318666,"array([ 50.83877211, -20.14044807])"
219,87228441,"array([ 50.81159287, -19.92123416])"
220,73662492,"array([ 50.71977486, -19.32665709])"
221,98304013,"array([ 50.70414142, -19.5027486 ])"
222,104792084,"array([ 50.29347349, -18.90000639])"
223,104923161,"array([ 50.83891531, -20.84930335])"
224,74711069,"array([ 51.01816096, -20.82542901])"
225,74317834,"array([ 49.45195491, -18.25091333])"
226,86376470,"array([ 48.69483685, -19.04925492])"
227,93716501,"array([ 48.98863635, -18.0432153 ])"
228,96141318,"array([ 48.83995538, -17.12807546])"
229,77463576,"array([ 48.33942606, -16.36790598])"
230,102694927,"array([ 48.44200926, -16.46503872])"
231,100335641,"array([ 48.71679305, -17.52411889])"
232,106627082,"array([ 48.79911717, -17.74468374])"
233,104529943,"array([ 49.23896532, -16.36823454])"
234,99352584,"array([ 49.05262067, -16.2415208 ])"
235,90636304,"array([ 49.59308895, -16.65730429])"
236,73596950,"array([ 49.02041068, -17.01173851])"
237,84279315,"array([ 50.00578125, -16.91944482])"
238,77266967,"array([ 49.91916467, -17.10787829])"
239,80150558,"array([ 48.85547894, -16.62745749])"
240,100991003,"array([ 49.14537936, -16.75676069])"
241,90505242,"array([ 48.49071121, -19.74723327])"
242,74121225,"array([ 48.26117303, -15.70152026])"
243,103153677,"array([ 49.43845557, -17.1376452 ])"
244,102498324,"array([ 49.63503913, -17.43499737])"
245,86376471,"array([ 47.97485596, -16.46636745])"
246,74317835,"array([ 48.04924001, -16.30929507])"
247,90505243,"array([ 48.11044822, -16.55934259])"
248,82706464,"array([ 48.53469796, -17.29248992])"
249,73596951,"array([ 47.81162299, -17.0603883 ])"
250,77266968,"array([ 47.56446902, -17.36195933])"
251,101842962,"array([ 47.54227352, -16.67667888])"
252,102498325,"array([ 47.37024312, -16.57003019])"
253,102891535,"array([ 48.07008516, -15.73655271])"
254,106627083,"array([ 48.21627292, -15.88128752])"
255,101318667,"array([ 47.40852512, -15.77243905])"
256,104792085,"array([ 47.25505074, -15.86565611])"
257,87228442,"array([ 47.34815401, -15.3395083 ])"
258,74711070,"array([ 47.59281712, -15.17855353])"
259,74448917,"array([ 47.26975362, -16.22582571])"
260,104923162,"array([ 47.48821943, -16.24930518])"
261,104136716,"array([ 46.62686774, -16.10512907])"
262,75497491,"array([ 48.66907922, -16.00105872])"
263,80412693,"array([ 48.47793901, -16.10022797])"
264,100335642,"array([ 47.69922039, -15.99574712])"
265,98304014,"array([ 48.50601481, -15.95737799])"
266,76283924,"array([ 48.30615582, -16.09419731])"
267,82706465,"array([ 47.76984942, -16.19975419])"
268,79364105,"array([ 47.8790638 , -15.52769881])"
269,77266969,"array([ 47.92748144, -15.30148746])"
270,93716502,"array([ 47.91995393, -15.91722496])"
271,101842963,"array([ 47.74584118, -15.1416297 ])"
272,87359497,"array([ 46.813192  , -15.35876932])"
273,74317836,"array([ 48.58559953, -15.41191762])"
274,82706466,"array([ 48.56666786, -15.21409018])"
275,86376472,"array([ 48.21899318, -15.28458933])"
276,73400347,"array([ 48.70739056, -15.64209105])"
277,98631694,"array([ 48.77406574, -15.48269904])"
278,101187611,"array([ 49.04748815, -14.96465847])"
279,78446597,"array([ 49.35887205, -15.31702357])"
280,73662493,"array([ 48.84954082, -15.36435672])"
281,86573073,"array([ 48.99008943, -15.23408519])"
282,84410388,"array([ 49.23117769, -15.13500477])"
283,103874583,"array([ 48.90978623, -15.56618365])"
284,103612438,"array([ 48.80864799, -15.22250715])"
285,94306338,"array([ 48.5383303 , -14.98383716])"
286,75104277,"array([ 49.1147634 , -15.30795241])"
287,75431955,"array([ 48.68680047, -15.02545391])"
288,97189905,"array([ 49.05514498, -15.74009355])"
289,104398866,"array([ 49.14712   , -15.53846548])"
290,99680280,"array([ 49.01824673, -15.42690665])"
291,96075808,"array([ 48.88340947, -15.05565086])"
292,76087320,"array([ 49.18352631, -15.89871051])"
293,96010254,"array([ 48.89381817, -14.78501004])"
294,94699534,"array([ 48.1303005, -14.352394 ])"
295,86573074,"array([ 48.6344817, -14.3252482])"
296,94175246,"array([ 47.17548702, -14.04822844])"
297,74776601,"array([ 47.27410589, -14.29307651])"
298,100597771,"array([ 47.46972379, -13.7834075 ])"
299,79167509,"array([ 47.47328988, -13.65083679])"
300,73269264,"array([ 47.4954028 , -13.98225965])"
301,75956249,"array([ 47.4213792 , -14.50946993])"
302,80805906,"array([ 47.61940453, -14.44933017])"
303,74514463,"array([ 47.65378014, -13.98728229])"
304,100270092,"array([ 47.57159239, -13.79402487])"
305,78381077,"array([ 47.34535376, -13.88388805])"
306,100466695,"array([ 47.76791877, -14.31014122])"
307,90570769,"array([ 47.55383902, -14.14487021])"
308,104529944,"array([ 47.28247698, -14.80711125])"
309,75104278,"array([ 46.17281388, -15.15264668])"
310,101318668,"array([ 46.99789793, -13.73381727])"
311,78446598,"array([ 46.89543286, -13.90033588])"
312,102694928,"array([ 47.9862919 , -13.89008445])"
313,104136717,"array([ 45.5297364, -15.3623999])"
314,84410389,"array([ 48.2286881 , -13.50409058])"
315,100991004,"array([ 48.62795099, -13.5601221 ])"
316,96075809,"array([ 46.92787136, -14.28274903])"
317,96010255,"array([ 46.57743112, -14.45119444])"
318,79364106,"array([ 46.72705442, -14.25120657])"
319,104923163,"array([ 45.85818266, -13.49894358])"
320,104792086,"array([ 46.03881611, -13.49660259])"
321,103612439,"array([ 47.64714544, -13.07137555])"
322,87228443,"array([ 47.80787095, -13.01774334])"
323,96141319,"array([ 47.75520871, -13.16970711])"
324,102891536,"array([ 46.56418888, -13.85381132])"
325,86573075,"array([ 45.11235365, -13.50004332])"
326,100335643,"array([ 47.23194473, -13.33076233])"
327,74448918,"array([ 47.38845789, -13.41890672])"
328,102498326,"array([ 46.84846152, -13.3778356 ])"
329,80150559,"array([ 47.90726372, -12.80379611])"
330,73662494,"array([ 46.47551798, -13.13023871])"
331,100466696,"array([ 46.44946924, -12.90920711])"
332,104136718,"array([ 48.08269476, -12.98223442])"
333,102694929,"array([ 47.45548721, -12.60649782])"
334,100991005,"array([ 47.56744813, -12.42910301])"
335,102891537,"array([ 47.25299545, -12.05554275])"
336,84410390,"array([ 47.40643015, -12.0678797 ])"
337,96075810,"array([ 46.78800029, -12.63807907])"
338,79364107,"array([ 47.16498882, -12.8086384 ])"
339,78446599,"array([ 46.97532278, -12.88797342])"
340,94306339,"array([ 47.02923255, -12.7406194 ])"
341,73400349,"array([ 46.98150556, -12.45792826])"
342,90570770,"array([ 47.12866846, -12.40108251])"
343,74317839,"array([ 46.73907451, -13.03503928])"
344,74448919,"array([ 46.78026146, -11.69263516])"
345,73269265,"array([ 46.84350696, -11.91801385])"
346,78381078,"array([ 46.27620537, -11.84451596])"
347,104136719,"array([ 45.99644152, -11.82649155])"
348,75104279,"array([ 46.24245493, -10.27041613])"
349,75431956,"array([ 46.11250756, -10.19976447])"
350,80805907,"array([ 45.41995586, -10.60682326])"
351,77266970,"array([ 45.18113252, -10.65696413])"
352,79167510,"array([ 45.91191813, -11.20916193])"
353,79364108,"array([ 48.49534882, -10.21766931])"
354,96075811,"array([ 48.35864477, -10.31127682])"
355,100991006,"array([ 48.23993354, -10.205887  ])"
356,82706467,"array([ 48.42065775, -10.054665  ])"
357,94306340,"array([ 48.21827493, -10.05038117])"
358,86573076,"array([ 47.64544293, -10.66910946])"
359,74317840,"array([ 47.79369163, -10.81428742])"
360,101318669,"array([ 46.0271359 , -10.49658419])"
361,100597772,"array([ 45.91381466, -10.27203215])"
362,74514464,"array([ 46.40336512, -10.49291879])"
363,78446600,"array([46.95575444, -9.89585678])"
364,102694930,"array([ 46.92144116, -10.09595301])"
365,96010256,"array([ 47.16942911, -10.10297436])"
366,80150560,"array([46.04826302, -9.60826149])"
367,100270093,"array([46.17797203, -9.74115246])"
368,87228444,"array([46.21166114, -9.5921457 ])"
369,102498327,"array([46.28393076, -9.9723607 ])"
370,94175247,"array([46.46211778, -9.9877398 ])"
371,75497492,"array([47.3698135 , -9.67034702])"
372,78839832,"array([47.13910708, -9.71742252])"
373,75956250,"array([46.82424975, -8.63902907])"
374,74711071,"array([46.87695515, -8.86905027])"
375,101842964,"array([46.33174553, -8.21342391])"
376,82444320,"array([46.27610745, -8.44876922])"
377,103612440,"array([47.77177196, -8.62820032])"
378,79167511,"array([46.51129502, -8.6564438 ])"
379,100335645,"array([46.5718883 , -8.40964804])"
380,104923164,"array([47.44157175, -8.22460724])"
381,74776602,"array([47.09845111, -9.17447081])"
382,74448920,"array([46.24391694, -8.66384451])"
383,78381079,"array([ 27.39111716, -35.9857974 ])"
384,73269266,"array([ 27.61334068, -36.07639718])"
385,74317841,"array([47.72924117, -7.26673553])"
386,80805908,"array([47.79352423, -7.07646378])"
387,102891538,"array([48.12743064, -7.84265803])"
388,100991007,"array([46.26684291, -9.11576449])"
389,74711072,"array([46.11017937, -9.11161041])"
390,90570771,"array([47.13204238, -8.26799067])"
391,73400350,"array([45.77522531, -9.31238145])"
392,77266971,"array([45.5614097 , -9.31480904])"
393,82706468,"array([45.68627528, -9.47097765])"
394,78381080,"array([45.54952456, -8.95818651])"
395,78446601,"array([45.67000851, -8.79230734])"
396,73269267,"array([45.8085401 , -8.94247274])"
397,84410391,"array([45.04382295, -8.29196769])"
398,74514465,"array([45.06420313, -9.1634305 ])"
399,104136720,"array([44.676699  , -7.88299548])"
400,74776603,"array([45.94329385,  8.736399  ])"
401,75956251,"array([45.81292704,  8.91099358])"
402,80805909,"array([ -7.100112  , -26.58140919])"
403,96010257,"array([ -7.27211236, -26.83738219])"
404,98304015,"array([-20.3800121 ,  62.07182865])"
405,73269270,"array([-20.35382279,  62.26336008])"
406,102891539,"array([-20.55979458,  61.20067289])"
407,79167512,"array([-20.45397458,  61.47105556])"
408,90570772,"array([-20.69890848,  61.39435959])"
409,100991008,"array([-20.90169763,  61.20784888])"
410,78381081,"array([-19.87502897,  61.40761086])"
411,83034134,"array([-22.18368593,  -5.47214516])"
412,94175248,"array([-22.3705016 ,  -5.36359121])"
413,80150561,"array([-19.26930076,  61.42397361])"
414,101318670,"array([-23.13898247,  -3.03827557])"
415,75431958,"array([-23.24416565,  -3.05430609])"
416,75104280,"array([-23.25399368,  -2.64035415])"
417,79364110,"array([-23.30732249,  -3.3792602 ])"
418,74317842,"array([-23.19647515,  -3.72595295])"
419,104333322,"array([-23.06068268,  -3.64421031])"
420,86376473,"array([-22.89448491,  -3.87073609])"
421,80412694,"array([-23.1712597 ,  -4.22594627])"
422,100466699,"array([-23.13425155,  -4.3817007 ])"
423,76283925,"array([-23.58278693,  -2.63869641])"
424,83558410,"array([-23.77648815,  -2.55357719])"
425,104529945,"array([-22.61332463,  -4.75485595])"
426,84410392,"array([-22.45385151,  -4.66301767])"
427,74448921,"array([-22.51530916,  -3.42266386])"
428,82444321,"array([-22.65238906,  -3.54236504])"
429,94306341,"array([-22.66082589,  -3.73501911])"
430,104923165,"array([-23.00424   ,  -4.84834661])"
431,90505244,"array([-23.15187274,  -4.78959199])"
432,100335646,"array([-23.23926454,  -4.90980605])"
433,77463577,"array([-23.08037962,  -4.98008194])"
434,95158285,"array([-22.96405251,  -4.66336086])"
435,73596952,"array([-22.87650456,  -4.39241559])"
436,87359498,"array([-22.73129865,  -4.43096746])"
437,93716503,"array([-22.47776446,  -4.06772621])"
438,78970904,"array([-22.67959696,  -4.16148002])"
439,90636305,"array([-22.30337682,  -3.22568923])"
440,103153678,"array([-23.38453752,  -3.91899878])"
441,86966291,"array([-22.82610481,  -5.10668128])"
442,104792088,"array([-22.77971028,  -5.54951991])"
443,96075813,"array([-23.21468939,  -6.18357453])"
444,76087321,"array([-23.12228143,  -5.64630912])"
445,104398867,"array([-22.93244849,  -5.83729512])"
446,73662500,"array([-23.41872033,  -5.69242088])"
447,77266972,"array([-23.34588836,  -6.5647459 ])"
448,100270094,"array([-23.12149657,  -6.48882708])"
449,106627084,"array([-22.99719374,  -2.29130536])"
450,78184466,"array([-23.72140612,  -5.10832331])"
451,97189906,"array([-23.9612389 ,  -4.80570908])"
452,95092751,"array([-23.69481236,  -4.87181524])"
453,104202246,"array([-23.82699154,  -4.99355467])"
454,105906181,"array([-23.78377042,  -4.76241388])"
455,75497494,"array([-24.01228613,  -4.93964672])"
456,99876877,"array([-23.58455822,  -5.05151684])"
457,102498328,"array([-23.41029677,  -4.38585412])"
458,74514466,"array([-24.10323339,  -5.08945438])"
459,104136721,"array([-22.8591195 ,  -7.22441356])"
460,78446602,"array([-23.93914112,  -5.15859343])"
461,100597774,"array([-24.14064062,  -5.58067588])"
462,104792089,"array([-23.55692073,  -4.68679255])"
463,99680281,"array([-23.90700736,  -5.32817567])"
464,98631695,"array([-23.68879193,  -5.32804372])"
465,103874585,"array([-23.75256026,  -4.37691404])"
466,103612442,"array([-24.03294096,  -4.27498605])"
467,78839834,"array([-24.43523783,  -4.39240637])"
468,96141321,"array([-24.22273778,  -4.26163554])"
469,101253131,"array([-24.20232983,  -3.77340382])"
470,104267796,"array([-24.3109673 ,  -2.92097835])"
471,80019470,"array([-24.13715036,  -2.90569295])"
472,102694932,"array([-24.23341263,  -3.14351168])"
473,88604687,"array([-24.63543425,  -2.82095657])"
474,77922323,"array([-24.4665506 ,  -3.08099618])"
475,78118922,"array([-24.6492187 ,  -2.41705328])"
476,84475921,"array([-24.49094381,  -2.54426606])"
477,94502927,"array([-23.41739894,  -1.56242891])"
478,96993296,"array([-23.33903987,  -1.85658795])"
479,82378763,"array([-24.56824136,  -3.8639489 ])"
480,78577673,"array([-22.92832716,  -2.8534882 ])"
481,73728023,"array([-22.76053589,  -2.77428144])"
482,78905355,"array([-24.88733491,  -3.57696948])"
483,74317843,"array([-22.71040004,  -1.92468699])"
484,104333323,"array([-22.74406197,  -1.71078669])"
485,75104281,"array([-23.71261379,  -2.90465875])"
486,78381082,"array([-23.58344581,  -2.22302579])"
487,96403469,"array([-25.28629069,  -2.5406163 ])"
488,80150562,"array([-22.26506295,  -2.33709645])"
489,100991009,"array([-22.10697743,  -2.1360152 ])"
490,95158286,"array([-22.48993269,  -2.28864349])"
491,76283926,"array([-22.31229099,  -2.13231164])"
492,86376474,"array([-21.50558833,  -1.77508928])"
493,78905356,"array([-21.19652974,  -1.5597285 ])"
494,90636306,"array([-21.43610298,  -1.37549252])"
495,86966292,"array([-21.2184215,  -2.0089685])"
496,96993297,"array([-22.8831881 ,  -2.45891952])"
497,96141322,"array([-20.35606277,  -1.10048767])"
498,94175249,"array([-20.34521013,  -0.94111166])"
499,104529946,"array([-20.10643679,  -0.88471478])"
500,101318671,"array([-19.75707889,  -0.08150135])"
501,80150563,"array([-19.70377554,  -0.26019408])"
502,80019471,"array([-19.57957771,  -0.13722819])"
503,97189907,"array([-20.18541361,  -0.6130039 ])"
504,74973195,"array([-20.97531346,   0.09972527])"
505,73728024,"array([-20.72547051,   0.24281415])"
506,75104282,"array([-20.92663942,   0.35586586])"
507,104792090,"array([-19.88801947,  -0.30528966])"
508,74317844,"array([-19.56237681,  -0.72073636])"
509,104333324,"array([-19.40975662,  -0.63805119])"
510,100991010,"array([-20.34596848,  -0.32361325])"
511,101187613,"array([-20.26318525,   0.26051432])"
512,96993298,"array([-19.96988179,   0.41455926])"
513,75431959,"array([-20.1378498 ,   0.45555796])"
514,84475922,"array([-20.07780567,   0.20976051])"
515,76283927,"array([-20.64163062,  -0.45109519])"
516,78577674,"array([-20.72585128,  -0.70169185])"
517,102891540,"array([-19.58347313,   0.12916742])"
518,106627085,"array([-19.75655716,   0.18186132])"
519,78381083,"array([-19.74272973,   1.19151489])"
520,95158287,"array([-19.93253667,   0.97330147])"
521,94502928,"array([-20.001217  ,   1.33898396])"
522,73728025,"array([-19.25039133,  -0.93382204])"
523,75104283,"array([-19.10572595,  -0.80786893])"
524,78118923,"array([-19.09973763,  -0.92819771])"
525,83558411,"array([-18.91236529,  -1.07062452])"
526,100991011,"array([-19.07949869,  -1.15485625])"
527,101187614,"array([-18.83028357,  -0.05783702])"
528,78577675,"array([-18.90974978,  -0.2629874 ])"
529,75431960,"array([-18.23614395,  -1.0263373 ])"
530,74973196,"array([-18.42677195,  -0.93789266])"
531,102891541,"array([-19.52008686,  -1.12985498])"
532,84475923,"array([-18.6763333 ,  -1.16502679])"
533,94502929,"array([-18.75581118,  -1.54994367])"
534,82378764,"array([-18.5201571 ,  -1.72356471])"
535,96993299,"array([-18.31154208,   0.09549533])"
536,96403470,"array([-18.27150069,  -1.38284059])"
537,74317845,"array([-18.38742632,  -0.58760701])"
538,77463578,"array([-18.15649736,  -0.45367843])"
539,106627086,"array([-18.96668728,  -1.99428374])"
540,83034135,"array([-19.3040069 ,  -2.06221257])"
541,94175250,"array([-19.57027652,  -1.70808241])"
542,76283928,"array([-18.65108037,  -2.75955889])"
543,101187615,"array([-18.61512332,  -2.49448047])"
544,80019472,"array([-18.43377482,  -2.82685814])"
545,78381084,"array([-18.42026791,  -2.58595193])"
546,78577676,"array([-17.50354061,  -1.83254272])"
547,104333325,"array([-17.39001759,  -1.65190625])"
548,80150564,"array([-18.00550206,  -2.00168522])"
549,101318672,"array([-17.61240912,  -1.29765495])"
550,74317846,"array([-16.89130449,  -2.75082265])"
551,78970905,"array([-16.62655607,  -2.70507537])"
552,106627087,"array([-16.65420858,  -2.91039953])"
553,80019473,"array([-16.86395161,  -2.94043119])"
554,84475924,"array([-16.81315756,  -2.59625722])"
555,104136722,"array([-16.95151417,  -1.69198518])"
556,101187616,"array([ 40.80690952, -17.61006052])"
557,75104284,"array([ 41.49990216, -17.61035236])"
558,88604688,"array([ 41.5975424 , -17.72715441])"
559,100335647,"array([ 41.18838739, -17.90677108])"
560,77463579,"array([ 41.20924303, -17.72166219])"
561,94502930,"array([ 40.81637175, -18.31073143])"
562,74973197,"array([ 40.73408895, -18.47701486])"
563,82378765,"array([ 41.61377411, -17.25307212])"
564,78381085,"array([ 41.11061759, -17.28655459])"
565,102891542,"array([ 41.78694967, -16.31439085])"
566,73728026,"array([ 41.51903502, -16.68576081])"
567,83558412,"array([ 41.63498406, -16.86560485])"
568,76283929,"array([ 41.95546308, -16.45286877])"
569,83034136,"array([ 41.83080703, -16.62441541])"
570,100991012,"array([ 40.42135571, -18.8652611 ])"
571,78118924,"array([ 42.54483178, -17.44568129])"
572,94175252,"array([ 42.39549904, -17.34487843])"
573,101187617,"array([ 42.37792866, -17.74484623])"
574,96403471,"array([ 42.24011656, -17.39010348])"
575,104136723,"array([ 42.55168693, -17.24369332])"
576,84475925,"array([ 42.21555525, -17.06941473])"
577,74317847,"array([ 42.10025367, -17.33945543])"
578,101318673,"array([ 42.17522802, -17.55611825])"
579,106627088,"array([ 42.34019281, -17.54651308])"
580,78577677,"array([ 42.20135049, -17.24861249])"
581,78970906,"array([ 42.34936487, -17.20807579])"
582,104333326,"array([ 42.41963803, -16.7245651 ])"
583,96141324,"array([ 42.47748428, -16.57038804])"
584,80019474,"array([ 42.70221932, -16.99576074])"
585,95158288,"array([ 14.15216855, -19.69805274])"
586,76283930,"array([ 14.23037749, -19.53617862])"
587,83034137,"array([ 14.43893438, -18.95040928])"
588,84475926,"array([ 14.60673532, -18.89586829])"
589,73728027,"array([ 13.95545939, -18.61955762])"
590,79167513,"array([-6.6348009 , 54.22608912])"
591,76283931,"array([-6.78053018, 54.38751904])"
592,78970907,"array([-6.83058731, 54.083994  ])"
593,80019476,"array([-6.63024168, 53.83595639])"
594,104267797,"array([-7.18212078, 54.21802562])"
595,95092752,"array([-7.35687066, 54.20778337])"
596,95158289,"array([-6.98999854, 52.54432715])"
597,77266973,"array([-6.85218467, 52.67744482])"
598,82378766,"array([-7.05190187, 52.71651767])"
599,96141326,"array([-6.89219494, 52.88653077])"
600,104398868,"array([-6.52790451, 53.40179187])"
601,78839835,"array([-7.3112196 , 53.03684515])"
602,74579974,"array([-7.30192516, 53.23556077])"
603,104923166,"array([-7.66889623, 53.55901116])"
604,88604689,"array([-7.78158737, 53.6398648 ])"
605,100597775,"array([-7.89461885, 53.51441469])"
606,94699536,"array([-7.72960442, 53.41925802])"
607,102694933,"array([-7.68002848, 53.10768466])"
608,84475927,"array([-7.74767339, 52.91466553])"
609,78446603,"array([-6.71324142, 51.78064545])"
610,101842966,"array([-6.92363303, 51.8709775 ])"
611,104398869,"array([-6.88354723, 51.73161432])"
612,82706470,"array([-6.92599904, 51.5679494 ])"
613,78970908,"array([-7.3620641 , 51.31780589])"
614,76283932,"array([-7.51520676, 51.41056139])"
615,74579975,"array([-7.35552085, 51.50582439])"
616,80019477,"array([-6.5981521 , 51.05414628])"
617,78839836,"array([-6.21534597, 51.91233328])"
618,73728028,"array([-5.5267089, 52.072331 ])"
619,104267798,"array([-6.70373079, 50.9358128 ])"
620,77922325,"array([-6.58991798, 50.83389508])"
621,95092753,"array([-4.01431227, 50.08423522])"
622,74579976,"array([-3.79203365, 50.10434768])"
623,82378767,"array([-4.8222284 , 50.03826543])"
624,77266974,"array([-5.53611271, 50.17099901])"
625,94699537,"array([-6.44504617, 49.13167364])"
626,100597776,"array([-6.28075465, 49.150012  ])"
627,104923167,"array([-5.73156266, 50.16604739])"
628,101842967,"array([-5.17239649, 50.56494467])"
629,104398870,"array([-5.00375078, 50.70941441])"
630,82706471,"array([1.71855643, 9.01284255])"
631,78839837,"array([1.58763198, 9.23660409])"
632,78446604,"array([-5.75009541, 47.36615213])"
633,78970909,"array([-5.75408161, 47.57699418])"
634,76283933,"array([-4.66168742, 47.52939868])"
635,102694934,"array([-4.91349553, 47.41150475])"
636,73728029,"array([-4.88114504, 47.6598856 ])"
637,84475928,"array([-6.26615089, 48.52254621])"
638,95158290,"array([-6.24720974, 48.31994383])"
639,88604690,"array([-6.04556523, 48.51527607])"
640,96141327,"array([-6.02820211, 48.28441491])"
641,74579977,"array([-7.23760996, 46.09886928])"
642,82378768,"array([-7.31063486, 46.22849027])"
643,80019478,"array([-8.40591892, 46.04452362])"
644,95092754,"array([-8.29625333, 45.99544918])"
645,77922326,"array([-6.65461151, 48.06453067])"
646,79167515,"array([-6.09983941, 47.44683059])"
647,77266975,"array([-8.49393774, 46.30181191])"
648,88604691,"array([-6.54453943, 42.3305201 ])"
649,78970910,"array([-6.41315265, 42.547602  ])"
650,84475929,"array([-6.62498991, 42.639149  ])"
651,95158291,"array([-6.60451627, 43.19136857])"
652,82706472,"array([-6.78578188, 43.09600646])"
653,104923168,"array([-6.40712985, 43.24161265])"
654,78446605,"array([-6.7928712 , 43.62521584])"
655,104267799,"array([-6.81512412, 43.35577732])"
656,102694935,"array([-6.57491212, 43.43583334])"
657,104398871,"array([-6.91345854, 46.21180042])"
658,82706473,"array([-6.44239141, 44.9465921 ])"
659,73728031,"array([-6.25878987, 44.87310296])"
660,95158292,"array([-7.66674772, 45.78379195])"
661,102694936,"array([-7.50444297, 45.69199762])"
662,94699538,"array([-7.54213891, 45.93167693])"
663,88604692,"array([-7.3715784 , 45.86406747])"
664,100597777,"array([-8.98293498, 46.74411706])"
665,78839838,"array([-7.47187564, 46.54217662])"
666,101842968,"array([-7.95320832, 47.18855568])"
667,78184468,"array([-7.97878059, 47.48249041])"
668,84475930,"array([-6.75374553, 46.5363274 ])"
669,79167517,"array([-6.41562571, 46.64560206])"
670,104923169,"array([-7.10331689, 46.69500254])"
671,76283934,"array([-7.73884182, 46.3286591 ])"
672,77922327,"array([-7.9848806 , 46.44285325])"
673,78970911,"array([-7.86705012, 46.30716791])"
674,103612443,"array([-7.83022647, 46.47808406])"
675,80412695,"array([-7.93476589, 46.20031375])"
676,99352586,"array([-7.69789363, 44.9868544 ])"
677,74776604,"array([-7.80933996, 45.16005762])"
678,76087322,"array([-8.13588965, 45.560651  ])"
679,99680282,"array([-7.90269571, 45.53733716])"
680,100270095,"array([-7.91528497, 45.72177641])"
681,100466700,"array([-7.42595079, 46.07249275])"
682,104267801,"array([-8.31041751, 46.25197085])"
683,104202247,"array([-7.64085598, 45.38976664])"
684,96141328,"array([-7.26461349, 44.88486677])"
685,87228446,"array([-7.07057755, 45.33463028])"
686,104398872,"array([-6.92820385, 45.42674348])"
687,86966293,"array([-8.12575685, 44.6279449 ])"
688,87359499,"array([-7.96809966, 44.3192423 ])"
689,90505245,"array([-7.97611373, 44.56374171])"
690,105906182,"array([-8.12570437, 44.45109636])"
691,74514467,"array([-6.89373686, 45.86638731])"
692,97189908,"array([-7.03365657, 45.66497381])"
693,78446606,"array([-8.64424657, 44.45973339])"
694,73728032,"array([-8.54712231, 44.67640884])"
695,82706474,"array([-8.32956623, 45.13578484])"
696,78184469,"array([-8.45705468, 45.2452394 ])"
697,78839839,"array([-7.28885149, 45.14398085])"
698,84475931,"array([-7.14687795, 44.58190055])"
699,82837533,"array([-8.28387467, 43.84418396])"
700,73596953,"array([-9.36749609, 46.39908251])"
701,99876878,"array([-9.27414454, 46.21996699])"
702,103874586,"array([-8.62133681, 45.81225919])"
703,101253132,"array([-8.92222823, 46.01426401])"
704,98631696,"array([-10.30660541,  46.65716521])"
705,104333327,"array([-10.19882494,  46.48234901])"
706,73400352,"array([-11.94273944,  46.98443983])"
707,82444322,"array([-12.09527066,  47.03639026])"
708,75497495,"array([-8.73168408, 47.07646127])"
709,101253133,"array([-11.91184724,  47.92704332])"
710,90505246,"array([-11.64163271,  47.89792481])"
711,103612444,"array([41.45236007, 20.83457937])"
712,94306342,"array([41.65493401, 20.76404132])"
713,87359500,"array([ 55.61061039, -20.95351651])"
714,78970912,"array([ 55.53263709, -20.75814725])"
715,103874587,"array([-11.17025547,  47.08984545])"
716,80412696,"array([-12.00248405,  47.37011619])"
717,105906183,"array([-11.84382283,  47.42052103])"
718,84475932,"array([-12.64893022,  48.19450603])"
719,96141329,"array([-12.63323159,  48.00610054])"
720,98631697,"array([-13.10483163,  48.06969816])"
721,73596954,"array([-13.20432076,  47.89045297])"
722,104333328,"array([-13.65097061,  47.61419061])"
723,100597778,"array([-13.56785841,  47.48407569])"
724,94306343,"array([-13.43349888,  47.69659121])"
725,103612445,"array([-14.36523936,  47.83056042])"
726,73662503,"array([-13.01692869,  47.30244273])"
727,99876879,"array([-12.81208713,  47.30029466])"
728,74776605,"array([-12.89138566,  47.87696923])"
729,101253134,"array([-13.03458461,  47.65143628])"
730,86966294,"array([-13.06614899,  47.81888669])"
731,90505247,"array([-13.35947466,  48.33016645])"
732,103874588,"array([-13.48462804,  48.18975716])"
733,104267803,"array([-13.38067994,  47.44950047])"
734,75497496,"array([-13.50643503,  46.68687142])"
735,76283935,"array([-13.28721153,  46.72099864])"
736,80019479,"array([-13.43256711,  46.95347648])"
737,95092755,"array([-13.5037116 ,  46.48455414])"
738,78839840,"array([-13.60624344,  46.88422091])"
739,94699539,"array([-13.35219957,  46.56398837])"
740,77922328,"array([-13.67076158,  48.11364451])"
741,101253135,"array([-14.0793319 ,  46.95045603])"
742,82706475,"array([-13.93843397,  46.71857851])"
743,98631698,"array([-13.35557037,  47.15768126])"
744,73596955,"array([-13.59295443,  47.14849907])"
745,87359501,"array([-14.40049042,  47.23031356])"
746,104398874,"array([-14.60990185,  47.320817  ])"
747,90505248,"array([-13.93222703,  47.31769386])"
748,78184470,"array([-12.48013255,  45.96988689])"
749,100466701,"array([-12.98803756,  46.65627669])"
750,73728033,"array([-12.90398621,  46.83704114])"
751,99680283,"array([-13.71678512,  46.22845442])"
752,76087323,"array([-14.08842239,  46.07899325])"
753,86966295,"array([-13.22135714,  46.05543604])"
754,74514468,"array([-13.00020805,  46.15026493])"
755,97189909,"array([-12.88861752,  45.52780212])"
756,100270096,"array([-12.93429406,  45.73698775])"
757,95158293,"array([-12.13458228,  45.87950911])"
758,79167518,"array([-11.85924456,  45.80726473])"
759,101842969,"array([-13.2008471,  44.8032068])"
760,82378769,"array([-13.31422272,  45.06247622])"
761,78446607,"array([-13.03782707,  44.92164948])"
762,104202248,"array([-12.87998011,  44.74983104])"
763,88604693,"array([-14.06056953,  44.86461264])"
764,84410393,"array([-13.12177529,  45.08067066])"
765,104529947,"array([-12.21183594,  44.854561  ])"
766,104792091,"array([-12.40766262,  45.19822768])"
767,79757329,"array([-13.48986772,  44.85921359])"
768,90636307,"array([-13.6889093 ,  44.81985053])"
769,77266976,"array([-15.50269605,  44.29030909])"
770,78970913,"array([-15.10435448,  44.24882987])"
771,102498330,"array([-14.95806674,  44.27878136])"
772,83034138,"array([-15.03294019,  44.10706331])"
773,102891544,"array([-14.69059588,  45.0215271 ])"
774,74973198,"array([-14.49521636,  45.36659727])"
775,104333329,"array([-13.90614734,  43.73572376])"
776,98631699,"array([-14.0551762 ,  43.81625106])"
777,79167519,"array([-14.57295192,  42.84797658])"
778,99680284,"array([-14.82693516,  43.66469817])"
779,96993300,"array([-13.89458322,  45.22675304])"
780,76087324,"array([-15.01882913,  43.54774572])"
781,80412697,"array([-14.59933544,  42.98662222])"
782,103612446,"array([-14.58563273,  42.40018946])"
783,84475933,"array([-14.31530516,  42.53000267])"
784,76283936,"array([-13.84560506,  43.5446268 ])"
785,78839841,"array([-13.97998298,  43.48595077])"
786,86966296,"array([-14.06933407,  43.65590301])"
787,87359502,"array([-13.37511857,  43.6317894 ])"
788,82706476,"array([-13.08389068,  43.64902283])"
789,100466702,"array([-13.17468264,  43.87040462])"
790,74579978,"array([-13.89766175,  42.9830036 ])"
791,104398875,"array([-13.45762812,  42.44159487])"
792,99876880,"array([-13.62813147,  42.65508661])"
793,101253136,"array([-13.28781983,  42.68610127])"
794,73596956,"array([-13.4454751 ,  42.83377696])"
795,73400353,"array([-14.18783548,  43.54275996])"
796,94306344,"array([-13.94439868,  42.00832743])"
797,105906184,"array([24.98188816, 31.51376526])"
798,82444323,"array([25.03973933, 31.69963119])"
799,104267804,"array([30.59097821, 34.26801526])"
800,96141330,"array([30.7923647 , 34.31469495])"
801,80150566,"array([ 3.69851616, 27.93585657])"
802,102498331,"array([ 3.49170559, 27.98371804])"
803,74776607,"array([ 4.43048495, 28.22113036])"
804,104267805,"array([ 4.27453427, 28.20887424])"
805,78839842,"array([ 3.65351138, 28.42277641])"
806,100597779,"array([ 3.79654541, 28.29938884])"
807,76087325,"array([ 4.09676427, 28.1509085 ])"
808,105906185,"array([ 4.36266135, 27.98647394])"
809,95158294,"array([ 4.2898148 , 27.74799642])"
810,96141331,"array([ 4.36791619, 27.6302926 ])"
811,78184471,"array([ 4.59639183, 28.34116784])"
812,104923170,"array([ 4.1952681 , 28.63485992])"
813,77922329,"array([ 4.15327963, 27.53618532])"
814,99680285,"array([ 4.01052285, 27.52366332])"
815,78970914,"array([ 3.8330367 , 27.73814546])"
816,83034139,"array([ 4.36444935, 28.48352563])"
817,86966297,"array([ 4.78638956, 27.71978856])"
818,80019480,"array([ 4.77477354, 27.54837118])"
819,99876881,"array([ 4.01305988, 27.93526961])"
820,90505249,"array([ 3.83859454, 28.07009396])"
821,73400354,"array([ 4.92646694, 27.94944511])"
822,82444324,"array([ 4.90219227, 28.16826675])"
823,84475934,"array([ 4.57771894, 27.95966992])"
824,104398876,"array([ 4.56939609, 27.83051961])"
825,87359503,"array([ 4.73345099, 28.0703141 ])"
826,73596957,"array([ 4.75014593, 27.88895497])"
827,103153679,"array([ 5.41170009, 28.01762265])"
828,74579979,"array([ 5.25820295, 28.08324499])"
829,101253137,"array([ 5.29425119, 27.94794748])"
830,82706477,"array([ 5.41294911, 28.20538613])"
831,103874589,"array([ 4.79922723, 28.45769443])"
832,88604694,"array([ 4.9060996, 28.9927683])"
833,76283937,"array([ 4.15792672, 27.31979445])"
834,73662505,"array([ 3.98143895, 27.26531298])"
835,101318674,"array([ 5.58751469, 27.37035177])"
836,96403472,"array([ 5.58877381, 27.69021017])"
837,104136724,"array([ 5.7414614 , 27.17556269])"
838,104529948,"array([ 5.55985713, 26.90648885])"
839,78118925,"array([ 5.30300593, 27.44561311])"
840,78577678,"array([ 5.39393256, 27.65125767])"
841,106627089,"array([ 5.75483795, 27.45502552])"
842,83558414,"array([ 5.5702221 , 27.54874546])"
843,94175253,"array([ 5.47132967, 27.49253221])"
844,74317848,"array([ 5.40039508, 27.30949025])"
845,78184472,"array([ 5.34177058, 27.13863789])"
846,80150567,"array([ 5.32666611, 26.94788057])"
847,102498332,"array([ 5.19224939, 26.77755216])"
848,78839843,"array([ 5.00621868, 26.86765936])"
849,100597780,"array([ 5.15907608, 27.20836806])"
850,104333330,"array([ 5.13070946, 27.0638843 ])"
851,103612448,"array([ 4.987436  , 27.15445185])"
852,87228448,"array([ 5.08955401, 27.37951412])"
853,98631700,"array([ 4.98309962, 27.48910758])"
854,79167520,"array([ 4.91601081, 27.34636842])"
855,100466703,"array([ 4.8374479 , 26.82358077])"
856,80412698,"array([ 4.74242836, 27.32140168])"
857,94306345,"array([ 4.64239784, 26.86915619])"
858,79757330,"array([ 4.71273557, 27.04926038])"
859,77266977,"array([ 4.47360682, 26.87342241])"
860,99352587,"array([ 4.5537951 , 27.05316166])"
861,90636308,"array([ 4.54987252, 27.47126762])"
862,82378770,"array([ 4.47545981, 27.22846104])"
863,84410394,"array([ 5.06916719, 28.46155403])"
864,96993301,"array([ 5.09226447, 28.230893  ])"
865,101842970,"array([ 5.09460123, 27.82687156])"
866,74973199,"array([ 5.14530635, 27.65082884])"
867,104267806,"array([ 5.62845867, 26.4749555 ])"
868,83034140,"array([ 5.42988617, 26.59877981])"
869,73662506,"array([ 4.87608974, 26.54889356])"
870,74776608,"array([ 5.0215443, 26.5632987])"
871,104923171,"array([ 6.0721161, 27.3696308])"
872,76283938,"array([ 6.14643081, 27.856997  ])"
873,82378771,"array([ 5.8756726 , 27.84080543])"
874,102891545,"array([ 4.21835929, 26.57395721])"
875,74514470,"array([ 4.22314456, 26.17625013])"
876,77922330,"array([ 3.87724373, 25.32542063])"
877,99680286,"array([ 3.80943132, 25.16772313])"
878,102694938,"array([ 2.44755593, 23.53433933])"
879,78446608,"array([ 2.54262695, 23.380669  ])"
880,95092756,"array([ 1.2317259, 23.7394666])"
881,73728034,"array([ 1.3958189 , 23.88293823])"
882,94699540,"array([ 1.09933464, 24.24179259])"
883,97189910,"array([ 1.36479545, 24.25106623])"
884,76021775,"array([ 1.84204911, 24.20211702])"
885,86573078,"array([ 2.01057584, 24.05904477])"
886,86376475,"array([ 2.16345249, 24.74712935])"
887,78905357,"array([ 2.27252465, 24.44710338])"
888,104202249,"array([13.19429361, 26.09698411])"
889,104792092,"array([13.39530689, 25.72914   ])"
890,74121227,"array([ 2.93949742, 23.07508222])"
891,73269271,"array([ 3.0639884 , 23.20873243])"
892,96993302,"array([ 2.81860487, 23.98796541])"
893,94699541,"array([ 2.93292335, 24.10068147])"
894,95092757,"array([ 2.77318212, 24.20713719])"
895,97189911,"array([ 2.67451607, 24.03837824])"
896,104529949,"array([ 2.89250492, 23.34628084])"
897,102498333,"array([ 2.72841416, 23.34857338])"
898,104923172,"array([ 2.73096611, 23.1869812 ])"
899,73662507,"array([ 2.90638679, 23.71946023])"
900,79364111,"array([ 2.17279684, 21.9998736 ])"
901,98304016,"array([ 1.96245775, 22.0412521 ])"
902,76283939,"array([ 2.64273223, 22.90504692])"
903,74776609,"array([ 2.50494143, 22.81435817])"
904,104202250,"array([ 3.51075918, 23.70960129])"
905,82378772,"array([ 3.3135668 , 23.73399122])"
906,104792093,"array([ 3.39397332, 23.50785025])"
907,102891546,"array([ 2.45386795, 22.41972626])"
908,74514471,"array([ 2.5297974 , 22.54844908])"
909,90636309,"array([ 2.30337192, 22.44992711])"
910,87228449,"array([ 2.37841132, 22.59338024])"
911,104267807,"array([ 2.36441609, 23.17621041])"
912,73728035,"array([ 2.28205454, 23.07961256])"
913,95158295,"array([ 2.20729467, 23.26335412])"
914,96141332,"array([ 2.18579821, 22.88889416])"
915,83034141,"array([ 1.96794577, 22.98609105])"
916,84410395,"array([ 1.96992528, 22.37187118])"
917,90570773,"array([ 1.94918787, 22.51605296])"
918,100991013,"array([ 2.81335604, 22.60622228])"
919,100270097,"array([ 2.84897198, 22.47863634])"
920,105906186,"array([ 3.37969971, 22.47538911])"
921,75104285,"array([ 3.52545654, 22.18659769])"
922,96075815,"array([ 3.27708742, 22.36576831])"
923,104202251,"array([ 2.58029959, 21.97283029])"
924,82378773,"array([ 2.39737152, 22.11819108])"
925,104792094,"array([ 2.40376145, 21.93636688])"
926,101187618,"array([ 2.56579137, 22.14036073])"
927,76021776,"array([ 3.06776999, 22.46737822])"
928,86573079,"array([ 2.35080679, 21.61058145])"
929,93716504,"array([ 3.11835327, 22.74597149])"
930,73269272,"array([ 3.36329109, 22.71507856])"
931,94502931,"array([ 1.55412139, 22.49351969])"
932,100335648,"array([ 1.59685817, 22.28723617])"
933,98304017,"array([ 2.84027693, 21.98393456])"
934,77463580,"array([ 2.83585581, 21.34599119])"
935,102694939,"array([ 3.12080317, 22.18441893])"
936,104923173,"array([ 3.29402488, 21.42728199])"
937,74121228,"array([ 3.19071309, 21.58600077])"
938,73728036,"array([ 3.35557086, 21.66801788])"
939,78446609,"array([ 3.78723015, 22.21988401])"
940,104529950,"array([ 4.02835223, 22.45875547])"
941,97189912,"array([ 3.95853528, 22.27784935])"
942,95158296,"array([ 4.64419487, 22.51966956])"
943,104267808,"array([ 4.56177973, 22.3296214 ])"
944,96993303,"array([ 4.82062039, 22.35167935])"
945,78381086,"array([ 4.06966432, 21.29779548])"
946,75431962,"array([ 3.91153003, 21.48002295])"
947,99680287,"array([ 3.80330735, 21.92517063])"
948,78905358,"array([ 4.84140491, 22.61507763])"
949,102498334,"array([ 3.08798232, 20.70792179])"
950,94699542,"array([ 2.99084589, 20.92936941])"
951,77922331,"array([ 4.11908511, 22.13012206])"
952,102694940,"array([ 4.06537682, 21.75900178])"
953,90570774,"array([ 4.2190736 , 21.67303963])"
954,104792095,"array([ 4.40238185, 21.04733913])"
955,76021777,"array([ 3.92265852, 20.87755612])"
956,100335649,"array([ 3.76770101, 20.80990784])"
957,74514472,"array([ 3.60233318, 21.33198538])"
958,90636310,"array([ 5.23960134, 20.1662903 ])"
959,74514473,"array([ 4.08804784, 20.04306794])"
960,74776610,"array([ 5.4493082, 19.9482552])"
961,79364112,"array([ 5.62756091, 19.8846578 ])"
962,83034142,"array([ 4.99091648, 19.28397613])"
963,100270098,"array([ 5.07396502, 19.53666472])"
964,90570775,"array([ 4.64295929, 20.38884872])"
965,102891547,"array([ 4.64546308, 20.142299  ])"
966,104202252,"array([ 4.47418391, 20.26458213])"
967,104267809,"array([ 4.92429208, 19.99168752])"
968,94502932,"array([ 3.70328508, 19.65721069])"
969,78905359,"array([ 5.63121412, 20.59354583])"
970,73269273,"array([ 5.49217108, 20.33799724])"
971,100991014,"array([ 5.68217098, 20.40992693])"
972,101187619,"array([ 5.63529695, 20.27527122])"
973,87228450,"array([ 5.3210393 , 20.55550427])"
974,96993304,"array([ 5.35096634, 20.72980495])"
975,96075816,"array([ 4.97363828, 20.35681908])"
976,105906187,"array([ 5.03209892, 20.5543977 ])"
977,86573080,"array([ 4.63374386, 19.74486565])"
978,77922332,"array([ 5.10645674, 20.37312327])"
979,104923174,"array([ 5.35560746, 19.6590432 ])"
980,78446610,"array([ 4.58070901, 19.30812272])"
981,102498335,"array([ 4.31102627, 18.84131362])"
982,102694942,"array([ 5.63175612, 19.52052142])"
983,75104286,"array([ 5.42057489, 19.39576297])"
984,95158298,"array([ 5.13251583, 19.77367058])"
985,94699543,"array([ 6.32952038, 20.21279948])"
986,99680288,"array([ 6.52606918, 20.32739798])"
987,73728037,"array([ 6.29117855, 20.4117389 ])"
988,97189913,"array([ 5.95577217, 20.25088291])"
989,104529951,"array([ 7.45601148, 21.04762853])"
990,74121229,"array([ 7.24982823, 20.94318438])"
991,102498336,"array([ 5.86471001, 18.58482569])"
992,86573081,"array([ 6.09377283, 18.62563571])"
993,75104287,"array([ 6.05584329, 18.29631155])"
994,78446611,"array([ 6.17222241, 18.43162529])"
995,96141333,"array([ 6.9743776 , 17.72718108])"
996,77463581,"array([ 6.44399166, 17.72352807])"
997,78905360,"array([ 5.88970841, 20.65000466])"
998,96993305,"array([ 6.79884664, 19.46990416])"
999,105906188,"array([ 6.53137594, 18.54810968])"
1000,95158299,"array([ 6.65216285, 18.37655374])"
1001,96075817,"array([ 6.47234905, 18.20253693])"
1002,87228451,"array([ 7.12773283, 18.99590963])"
1003,77922333,"array([ 7.26115849, 18.83041702])"
1004,84410396,"array([ 6.68354393, 19.10486825])"
1005,82378774,"array([ 6.85861542, 18.96362948])"
1006,102694943,"array([ 7.84410224, 19.32938705])"
1007,98304018,"array([ 7.54744875, 19.24383644])"
1008,86376477,"array([ 7.10829667, 19.59982811])"
1009,100270099,"array([ 7.39449114, 17.83617109])"
1010,83034143,"array([ 7.47316154, 17.66887911])"
1011,76283940,"array([ 7.17092428, 18.52304544])"
1012,97189914,"array([ 7.84855851, 17.94931035])"
1013,90636311,"array([ 7.69719557, 18.07350727])"
1014,101187620,"array([ 7.99324463, 18.09006655])"
1015,74121230,"array([ 7.81394736, 18.2199704 ])"
1016,87359504,"array([ 2.74280936, -4.50129648])"
1017,93716505,"array([ 2.60681698, -4.5787024 ])"
1018,88604695,"array([ 2.38161025, -5.59626733])"
1019,78970915,"array([ 2.22776941, -5.52304756])"
1020,99876882,"array([ 2.33889711, -5.39511822])"
1021,73596958,"array([ 1.84457381, -4.33409036])"
1022,73662508,"array([ 2.47560364, -4.13750087])"
1023,103874590,"array([ 2.18909727, -4.22666716])"
1024,76087326,"array([ 2.3759517 , -3.59157545])"
1025,90505250,"array([ 2.30052915, -4.37917783])"
1026,73400355,"array([ 1.99135475, -4.99601459])"
1027,79757331,"array([ 2.06182851, -5.23525455])"
1028,84475935,"array([ 2.13135135, -5.08798743])"
1029,104398877,"array([ 1.93118449, -5.14804125])"
1030,99352588,"array([ 1.41379307, -4.65432003])"
1031,94306346,"array([ 1.50393262, -4.47946854])"
1032,103153680,"array([ 2.73788641, -5.11716123])"
1033,101253138,"array([ 2.58679191, -5.11338993])"
1034,82444325,"array([ 2.6113279 , -5.31587075])"
1035,79167521,"array([ 3.35485259, -4.45974233])"
1036,80412699,"array([ 2.62190479, -4.79474704])"
1037,96403473,"array([ 2.752732  , -4.76001468])"
1038,101842971,"array([ 2.20507152, -6.01531909])"
1039,80019481,"array([ 3.20264391, -5.26730808])"
1040,74973200,"array([ 3.43745848, -5.16172203])"
1041,82706478,"array([ 3.20023335, -5.06469597])"
1042,74579980,"array([ 2.81657463, -5.35784672])"
1043,78118926,"array([ 3.46240674, -4.78915373])"
1044,104136725,"array([ 3.72115262, -4.31687826])"
1045,77266978,"array([ 2.82241471, -5.95002391])"
1046,94175254,"array([ 2.76497499, -5.70187641])"
1047,78184473,"array([ 3.04598439, -4.66947819])"
1048,86966298,"array([ 3.04591196, -4.44262739])"
1049,80150568,"array([ 1.79422733, -6.44980906])"
1050,83558415,"array([ 1.79690404, -6.60671389])"
1051,101318675,"array([ 2.14236436, -6.9908683 ])"
1052,98631701,"array([ 2.20280825, -6.84875187])"
1053,78839844,"array([ 2.0079894, -6.9254852])"
1054,78577679,"array([ 2.05583803, -6.74629433])"
1055,106627090,"array([ 2.92783273, -5.56301774])"
1056,94699544,"array([ 1.36756846, -6.55207924])"
1057,100335650,"array([ 1.2451456 , -6.51725817])"
1058,100466704,"array([ 1.31794323, -6.73950995])"
1059,74317849,"array([ 1.43307721, -6.68066804])"
1060,98304019,"array([ 1.17231008, -6.65969254])"
1061,90570776,"array([ 1.7585597 , -5.98738572])"
1062,102891548,"array([ 1.80174638, -7.23700003])"
1063,79364113,"array([ 1.61029732, -7.31214973])"
1064,75431963,"array([ 2.61919038, -6.64657688])"
1065,100597781,"array([ 2.45515538, -5.88471777])"
1066,82444326,"array([ 1.0945387 , -7.03973496])"
1067,94502933,"array([-1.44079858, -7.77423016])"
1068,74514474,"array([-1.68286091, -7.38927708])"
1069,78381087,"array([ 1.31394863, -7.15037995])"
1070,104333331,"array([ 1.47387234, -7.08126463])"
1071,76021778,"array([ 1.20811718, -7.80145165])"
1072,73728038,"array([ 1.40099214, -7.63349946])"
1073,102694944,"array([ 2.27624813, -7.73871984])"
1074,104202253,"array([ 2.07497154, -7.62089894])"
1075,80412700,"array([ 1.01702947, -8.09310972])"
1076,96403474,"array([ 0.88782506, -8.26119818])"
1077,74776611,"array([ 0.34829252, -8.56687401])"
1078,104792096,"array([ 0.17945567, -8.68850457])"
1079,99680289,"array([ 0.33412767, -8.38898157])"
1080,86573082,"array([ 1.50148784, -8.2773343 ])"
1081,102498337,"array([ 1.78437663, -8.2376316 ])"
1082,76283941,"array([ 1.16928097, -8.2111257 ])"
1083,77463582,"array([ 1.19380027, -8.0688932 ])"
1084,95092758,"array([ 0.90494241, -7.69242939])"
1085,77922334,"array([-0.04800289, -8.30126264])"
1086,87228452,"array([ 0.56098749, -7.63971884])"
1087,83034144,"array([ 0.38935049, -7.49472889])"
1088,100270100,"array([-0.05073721, -8.44376695])"
1089,95158300,"array([ 0.71518207, -7.40622633])"
1090,105906189,"array([ 0.55722621, -7.91915639])"
1091,90636312,"array([ 0.67026236, -6.71014345])"
1092,75104288,"array([ 0.71207234, -6.4338046 ])"
1093,101187621,"array([ 0.56324792, -8.49811819])"
1094,96075818,"array([ 0.47123332, -6.40349529])"
1095,96993306,"array([ 0.31101729, -7.85206139])"
1096,84410397,"array([ 0.46656873, -8.92988412])"
1097,97189915,"array([ 0.14658905, -8.89863606])"
1098,78446612,"array([ 0.25690076, -8.99442869])"
1099,86376478,"array([ 0.12734353, -6.70168937])"
1100,82378775,"array([ 0.29343251, -6.99814073])"
1101,74121231,"array([ 0.0529822 , -6.98135577])"
1102,102498338,"array([-0.12889195, -7.62563481])"
1103,74579981,"array([-0.15527621, -8.02013365])"
1104,99876883,"array([-0.33718412, -8.16664358])"
1105,101842972,"array([-0.44996653, -8.7778342 ])"
1106,78184474,"array([-0.5237532, -8.8937656])"
1107,86573083,"array([ 0.21278189, -9.25109749])"
1108,103153681,"array([-0.83118474, -9.77913732])"
1109,78970916,"array([-0.94018983, -9.7580128 ])"
1110,90570777,"array([-0.94098658, -9.94720692])"
1111,104267810,"array([-0.60715246, -9.35810098])"
1112,96141334,"array([-0.4135494 , -9.37173577])"
1113,104529952,"array([-0.65527654, -9.4922271 ])"
1114,104923175,"array([-0.50517578, -9.48724528])"
1115,78905361,"array([-0.13278742, -9.33428358])"
1116,75431964,"array([ 0.04941804, -9.56089187])"
1117,100991015,"array([-0.01106406, -9.41890649])"
1118,101253139,"array([-0.29860249, -9.24511633])"
1119,87359505,"array([-0.14631592, -9.12702302])"
1120,77266979,"array([-0.21972657, -9.5287534 ])"
1121,88604696,"array([-0.36313634, -9.55664485])"
1122,86966299,"array([ 0.12199821, -8.51082155])"
1123,93716506,"array([-0.16124251, -8.9072262 ])"
1124,106627091,"array([-0.32163048, -8.98773484])"
1125,100597782,"array([-0.07421702, -8.72517447])"
1126,73662509,"array([-0.26198216, -8.66169482])"
1127,96075819,"array([-0.4477468 , -9.12653901])"
1128,96993307,"array([-0.55414734, -9.24446879])"
1129,94699545,"array([-0.7041569, -9.2229549])"
1130,87228453,"array([ 0.17020616, -9.41179402])"
1131,105906190,"array([ 0.07369358, -9.21102897])"
1132,79364114,"array([ 0.43602224, -9.37609683])"
1133,94175255,"array([ -0.83313483, -10.07323832])"
1134,95158301,"array([-1.29010332, -9.11776127])"
1135,90636313,"array([-0.97676253, -9.30496138])"
1136,75104289,"array([-1.28728739, -9.33787556])"
1137,78381088,"array([-1.12519629, -9.31208998])"
1138,98304020,"array([-1.19649062, -9.46134124])"
1139,103874591,"array([-0.90799193, -9.56633407])"
1140,90505251,"array([-1.12240962, -9.87805891])"
1141,104333332,"array([-0.93151631, -8.83209326])"
1142,82444327,"array([-0.62812605, -9.0626791 ])"
1143,74317850,"array([-0.8656947 , -9.11807367])"
1144,74121232,"array([-0.30534942, -9.74263485])"
1145,100466705,"array([-0.09549401, -9.85011067])"
1146,102891549,"array([-0.59232401, -9.89002485])"
1147,83034145,"array([-0.74779094, -9.89544886])"
1148,76021779,"array([-0.78870808, -8.98201039])"
1149,82378776,"array([-1.08168688, -9.01404735])"
1150,80412701,"array([-0.76619412, -8.76779434])"
1151,100335651,"array([-0.8917757 , -8.56028186])"
1152,102498339,"array([-0.66346018, -8.08770933])"
1153,73728039,"array([-0.60789285, -8.5812256 ])"
1154,77463583,"array([-1.79349857, -9.74047697])"
1155,99876884,"array([-1.68816091, -9.61695954])"
1156,86376479,"array([  0.40207994, -10.75385158])"
1157,76283942,"array([-1.06519843, -8.62442958])"
1158,96403475,"array([-1.25972845, -8.74280688])"
1159,104202254,"array([  0.23620051, -10.16249142])"
1160,80019482,"array([ -0.11647513, -10.06504602])"
1161,95092759,"array([ -0.46167516, -10.39320615])"
1162,78118927,"array([-1.23076222, -9.75860093])"
1163,79757332,"array([-1.14215717, -9.64627665])"
1164,78577680,"array([ -1.58495445, -10.66784807])"
1165,74579982,"array([ -1.48601801, -10.58618259])"
1166,94306347,"array([ -1.17370405, -10.17607019])"
1167,79167522,"array([ -0.83223333, -10.36311856])"
1168,73596959,"array([-1.4133183 , -9.79849681])"
1169,76087327,"array([ -1.33275961, -10.70136174])"
1170,82706479,"array([ -1.61809821, -10.05821924])"
1171,74973201,"array([-1.71523428, -9.91780762])"
1172,102694945,"array([ -0.98219021, -10.21262824])"
1173,84475936,"array([-1.54903382, -9.75729365])"
1174,73400356,"array([-1.96076127, -9.35832711])"
1175,104136726,"array([ -0.59770903, -10.65688589])"
1176,98631702,"array([-1.8312189 , -9.50251845])"
1177,78839846,"array([ -1.50886609, -10.2484102 ])"
1178,104398878,"array([ -1.65029495, -10.40787962])"
1179,101318676,"array([ -1.44613429, -10.32458581])"
1180,83558416,"array([ -1.69466782, -10.20930393])"
1181,80150569,"array([ -1.42906236, -10.0216122 ])"
1182,100270101,"array([-1.30837809, -9.93023235])"
1183,102498340,"array([ -1.13498221, -10.58844196])"
1184,73728040,"array([ -1.09584707, -10.34590901])"
1185,74776612,"array([ -1.00687214, -10.48319521])"
1186,77922335,"array([ -1.26062212, -10.34686871])"
1187,99680290,"array([ -1.22180467, -10.48004422])"
1188,86573084,"array([ -0.92697575, -10.60889721])"
1189,97189916,"array([-2.00371558, -9.68091764])"
1190,87359506,"array([-1.52216833, -9.52237934])"
1191,78446613,"array([-1.60681787, -9.28122398])"
1192,78905362,"array([-2.07792269, -9.8450761 ])"
1193,84410398,"array([ -1.84790742, -10.3574416 ])"
1194,86376480,"array([ -2.32289453, -10.35131681])"
1195,86966300,"array([ -2.3272866 , -10.18257774])"
1196,100991016,"array([ -2.09374314, -10.10125378])"
1197,101253140,"array([ -2.11247853, -10.36576634])"
1198,104792097,"array([ -2.13956279, -10.23123315])"
1199,79364115,"array([ -2.22377171, -10.06585531])"
1200,77266980,"array([-2.4859937 , -9.63537474])"
1201,101187623,"array([-2.68324385, -9.80580918])"
1202,74514475,"array([-2.52020468, -9.84556982])"
1203,88604697,"array([-2.31342236, -9.68023844])"
1204,73662510,"array([-2.67414545, -9.50640534])"
1205,73269274,"array([-2.33182257, -9.9078732 ])"
1206,93716507,"array([ -1.50918447, -11.25404809])"
1207,104333333,"array([ -1.41472152, -11.18696767])"
1208,76283943,"array([ -1.83355385, -11.18849367])"
1209,80412702,"array([ -1.79041632, -10.69399851])"
1210,96403476,"array([ -1.9649902 , -10.72718122])"
1211,82444328,"array([ -1.84173945, -10.85346174])"
1212,105906191,"array([ -1.77620842, -10.97647991])"
1213,100597784,"array([ -1.48967649, -10.85557071])"
1214,74317851,"array([ -1.50925883, -11.01856837])"
1215,96075820,"array([ -1.65180997, -11.16553586])"
1216,87228454,"array([ -1.66436023, -10.82799976])"
1217,104923176,"array([ -2.14808471, -10.89560896])"
1218,100335652,"array([ -2.02037437, -10.98268144])"
1219,96993308,"array([ -2.08197284, -10.54033718])"
1220,94699546,"array([ -1.92950959, -10.47718637])"
1221,74121233,"array([ -2.22824477, -10.62342543])"
1222,79757333,"array([ -1.13830756, -10.98165998])"
1223,83034146,"array([ -1.32643059, -10.90051586])"
1224,80019483,"array([ -1.15937799, -10.81888052])"
1225,76021780,"array([ -2.18676346, -11.08652637])"
1226,104529953,"array([ -2.16276545, -11.29120069])"
1227,102891550,"array([ -2.50135417, -10.89590173])"
1228,104267811,"array([ -2.62423781, -10.97574609])"
1229,78118928,"array([ -2.60064304, -10.55245647])"
1230,96141335,"array([ -2.91809059, -10.47530083])"
1231,95158302,"array([ -2.61936046, -11.32912724])"
1232,100466706,"array([ -2.7837948 , -11.27274689])"
1233,104202255,"array([ -2.66211378, -11.20358179])"
1234,82378777,"array([ -2.82462449, -11.43174324])"
1235,78446614,"array([ -3.27242284, -11.13736486])"
1236,98304021,"array([ -2.90019206, -10.95610225])"
1237,94502934,"array([ -1.29442503, -11.83175606])"
1238,106627092,"array([ -1.66573117, -11.73761791])"
1239,77463584,"array([ -2.73606833, -12.27437377])"
1240,73269275,"array([ -2.44031577, -12.02875282])"
1241,73662511,"array([ -2.6127843 , -12.09523581])"
1242,82706480,"array([ -4.57623706, -11.18167621])"
1243,88604698,"array([ -2.75647786, -11.99911628])"
1244,101187624,"array([ -1.949426  , -11.67270453])"
1245,99876885,"array([ -2.03809168, -11.54939083])"
1246,74973202,"array([ -3.12341643, -10.88926826])"
1247,75104290,"array([ -3.4581905 , -10.90591782])"
1248,77266981,"array([ -3.00300295, -11.18166293])"
1249,74514476,"array([ -2.68374371, -10.78402661])"
1250,78381089,"array([ -2.48338728, -11.66737432])"
1251,73596960,"array([ -2.28880085, -11.6857294 ])"
1252,103874592,"array([ -2.47429089, -11.07273784])"
1253,100991017,"array([ -2.5599167 , -10.28461595])"
1254,80150570,"array([ -2.33626377, -11.25437135])"
1255,90505252,"array([ -2.46146437, -11.30878169])"
1256,101842973,"array([ -2.33597745, -11.42780319])"
1257,86573085,"array([ -2.38185333, -11.55933886])"
1258,98631703,"array([ -2.19648033, -11.49451029])"
1259,73400357,"array([ -3.28497188, -10.61289691])"
1260,74776613,"array([ -3.5248873 , -10.49399847])"
1261,104136727,"array([ -3.7240204 , -10.58977656])"
1262,78184475,"array([ -2.59858351, -11.84146999])"
1263,100270102,"array([ -2.43306521, -11.81755863])"
1264,87359507,"array([ -2.21871453, -11.87455273])"
1265,99680291,"array([ -1.96366753, -12.02708221])"
1266,84475937,"array([ -2.10990164, -11.95008821])"
1267,90636314,"array([ -2.09083418, -11.80090776])"
1268,78118929,"array([ -2.2347435 , -12.13953952])"
1269,73728042,"array([ -2.08624116, -12.15141849])"
1270,102498341,"array([ -2.634251  , -11.56738452])"
1271,102694946,"array([ -2.78120026, -11.7491489 ])"
1272,77922336,"array([ -2.22534593, -12.29212594])"
1273,96141336,"array([ -3.4548011 , -11.69009927])"
1274,100991018,"array([ -2.56690812, -12.33305692])"
1275,86376481,"array([ -2.39510807, -12.36192276])"
1276,79364116,"array([ -1.87794145, -11.81342188])"
1277,98304022,"array([ -3.21847021, -12.49639472])"
1278,74514477,"array([ -2.99865865, -12.35471545])"
1279,77266982,"array([ -3.38307087, -11.43686012])"
1280,73400358,"array([ -2.90848455, -11.59014412])"
1281,104792098,"array([ -1.91979037, -11.38953464])"
1282,95092760,"array([ -3.16869812, -11.54510772])"
1283,94175256,"array([ -3.21670008, -11.78148881])"
1284,78446615,"array([ -3.2954811 , -12.12948757])"
1285,86966301,"array([ -3.00007238, -12.01447542])"
1286,75104291,"array([ -1.96072947, -12.33627142])"
1287,100335653,"array([ -1.98253678, -12.68219815])"
1288,104923177,"array([ -3.51825585, -12.30552802])"
1289,82706481,"array([ -3.56431506, -12.06741505])"
1290,103874593,"array([ -1.37937469, -11.60818474])"
1291,74973203,"array([ -1.60815827, -11.55723436])"
1292,83034147,"array([ -1.44254122, -12.09159509])"
1293,74776614,"array([ -1.15622791, -12.57702131])"
1294,104136728,"array([ -0.88242519, -13.02744672])"
1295,78905363,"array([ -1.53027543, -12.24457442])"
1296,79757334,"array([ -1.74213498, -12.93258279])"
1297,80019484,"array([ -1.7639337 , -12.72813384])"
1298,103153682,"array([ -2.91975131, -12.91743183])"
1299,82444329,"array([ -2.59303726, -13.01020473])"
1300,80412703,"array([ -1.44193412, -12.98928931])"
1301,90570778,"array([ -1.30290191, -12.92237461])"
1302,96403477,"array([ -1.02961278, -12.30115651])"
1303,96993309,"array([ -0.96529799, -12.12415229])"
1304,97189917,"array([ -0.85240373, -12.35724675])"
1305,74121234,"array([ -1.14084657, -12.15196461])"
1306,98304023,"array([ -1.61129832, -12.50295275])"
1307,74514478,"array([ -1.38086678, -12.38032556])"
1308,96075821,"array([ -0.29226485, -13.12033868])"
1309,74973204,"array([ -0.41388605, -12.95018152])"
1310,94699547,"array([ -1.41641446, -12.66602743])"
1311,100270103,"array([ -0.54781319, -11.89573872])"
1312,104792099,"array([ -0.2859658 , -12.02064287])"
1313,103874594,"array([ -0.34366359, -12.34818402])"
1314,87228455,"array([ -0.55006695, -12.45003025])"
1315,78184476,"array([ -0.88434936, -12.76317494])"
1316,95158303,"array([ -1.32989515, -13.47709608])"
1317,82378778,"array([ -1.48663399, -13.39632331])"
1318,78839847,"array([ -1.54931115, -13.58563286])"
1319,83558417,"array([ -1.39184642, -13.68135339])"
1320,104202256,"array([ -1.08101826, -13.66606302])"
1321,84410399,"array([25.53394725, 36.05804935])"
1322,102498342,"array([25.283048  , 36.01457709])"
1323,75431966,"array([25.47043565, 35.83082686])"
1324,102498343,"array([ 38.10072779, -11.58869892])"
1325,75431967,"array([ 38.22349296, -11.74264968])"
1326,84410400,"array([ 38.01752611, -11.88648774])"
1327,94502935,"array([ 38.75601663, -12.5409062 ])"
1328,77463585,"array([ 38.43442314, -12.65974601])"
1329,104267812,"array([ 38.59608748, -11.28809351])"
1330,82706482,"array([ 37.34470646, -13.14352383])"
1331,73269276,"array([ 37.46739294, -13.07630579])"
1332,77266983,"array([ 37.31418602, -12.96587286])"
1333,76021781,"array([ 38.80747694, -14.27703037])"
1334,84410401,"array([ 38.92007976, -14.48963955])"
1335,76283944,"array([ 38.5661075 , -14.30245957])"
1336,78446616,"array([ 38.71744221, -14.51793928])"
1337,106627093,"array([ 37.32196911, -13.73486018])"
1338,75431968,"array([ 38.16741111, -13.16115362])"
1339,104923179,"array([ 36.42110537, -13.6298794 ])"
1340,102498344,"array([ 36.66647605, -13.72640704])"
1341,104202257,"array([-6.77463932,  9.35831511])"
1342,104267813,"array([-6.63622669,  9.24782328])"
1343,99876886,"array([-7.19497201,  9.71405306])"
1344,101187625,"array([ 38.9598365 , -13.21513377])"
1345,78381090,"array([ 37.24032086, -15.77891676])"
1346,87359508,"array([ 37.24725069, -15.95771187])"
1347,84410402,"array([ 37.03747036, -14.67989535])"
1348,76021782,"array([ 37.25219068, -14.66379459])"
1349,79167523,"array([ 37.20669399, -14.30131103])"
1350,100466707,"array([ 37.11354258, -14.49006127])"
1351,97189918,"array([ 36.82819198, -14.05099915])"
1352,78184477,"array([ 36.72315376, -14.17298063])"
1353,76283945,"array([ 37.31602623, -14.48558626])"
1354,103153683,"array([ 37.75357735, -15.3186347 ])"
1355,78839848,"array([ 37.55696534, -14.13753817])"
1356,105906193,"array([ 37.77936874, -14.14454996])"
1357,74776615,"array([ 36.6100282 , -12.92141752])"
1358,78381091,"array([ 36.87732334, -13.73730891])"
1359,87359509,"array([ 36.82169718, -13.5770064 ])"
1360,103153684,"array([ 35.91555999, -13.12431056])"
1361,106627094,"array([ 35.80680453, -11.28548582])"
1362,82378779,"array([ 35.90048296, -11.64084523])"
1363,78446618,"array([ 36.22179117, -12.70430581])"
1364,78970918,"array([ 36.98404728, -12.68845529])"
1365,77463586,"array([ 37.13958841, -12.36631936])"
1366,78905364,"array([ 36.68703032, -13.23471218])"
1367,78184478,"array([ 35.12839568, -11.95647726])"
1368,97189919,"array([ 35.28034168, -12.16829271])"
1369,104923180,"array([ 36.56224953, -11.93683533])"
1370,95158304,"array([ 36.61912852, -11.74838157])"
1371,104267814,"array([ 35.30326878, -12.87463468])"
1372,73269277,"array([ 35.49232958, -12.82168735])"
1373,78446619,"array([ 34.76651617, -13.03890325])"
1374,78905365,"array([ 34.69090612, -12.91618464])"
1375,101187626,"array([ 35.64202026, -13.82425276])"
1376,82706483,"array([ 35.41925342, -13.76002245])"
1377,77266984,"array([ 36.13504535, -12.23774147])"
1378,82378780,"array([ 33.51371826, -13.1680582 ])"
1379,78970919,"array([ 33.5718946 , -12.91379203])"
1380,99352591,"array([ 33.77299277, -13.03966659])"
1381,106627095,"array([ 34.05811777, -12.46883696])"
1382,84475938,"array([ 32.55197373, -12.65744829])"
1383,77463587,"array([ 32.55290849, -12.39246317])"
1384,90636315,"array([ 31.88363775, -12.67562286])"
1385,87228456,"array([ 32.03855563, -12.50025634])"
1386,103874595,"array([ 34.26109199, -13.76444617])"
1387,104333334,"array([ 34.52191371, -13.75538791])"
1388,79757335,"array([ 34.85326291, -14.25445075])"
1389,80019485,"array([ 35.02130427, -14.09129549])"
1390,90505253,"array([ 33.21264243, -15.00917367])"
1391,98631704,"array([ 33.15244221, -14.74580276])"
1392,82444330,"array([ 33.05247789, -14.89913959])"
1393,101842974,"array([ 33.38958612, -14.81553153])"
1394,80412704,"array([ 34.37276056, -14.84744758])"
1395,100335654,"array([ 34.56821095, -14.86580503])"
1396,102694947,"array([ 33.26469889, -13.24263584])"
1397,86573086,"array([ 35.13333536, -14.77331547])"
1398,75104292,"array([ 35.02759923, -14.96283796])"
1399,83034148,"array([ 35.42352802, -14.20602378])"
1400,99680292,"array([ 33.28836057, -14.41562168])"
1401,104529954,"array([ 33.39740788, -15.50080186])"
1402,83558418,"array([ 33.16650266, -15.64515569])"
1403,104136729,"array([ 32.9281112 , -15.59019072])"
1404,73596961,"array([ 33.42972144, -15.66287376])"
1405,100597786,"array([-2.73118116, -1.4369132 ])"
1406,74317852,"array([-2.82110845, -1.29223283])"
1407,96141337,"array([-2.62585568, -1.29556439])"
1408,84410403,"array([ 9.9858077 , 72.02683296])"
1409,78970920,"array([ 9.48872046, 71.78022675])"
1410,90505254,"array([ 9.33429635, 70.43764755])"
1411,78446620,"array([ 9.12015058, 70.54607988])"
1412,77266985,"array([ 9.28016013, 71.38275917])"
1413,78905366,"array([ 9.23640365, 71.54179316])"
1414,86573087,"array([ 9.01350003, 71.13629142])"
1415,80412705,"array([ 9.15888111, 71.0927576 ])"
1416,75104293,"array([ 8.32538279, 71.09727705])"
1417,98631705,"array([ 9.63751295, 71.48352109])"
1418,86966303,"array([ 9.33496958, 72.54523046])"
1419,101842975,"array([ 9.29431775, 72.73659386])"
1420,77266986,"array([-5.50241908, 25.94454549])"
1421,78905367,"array([-5.67472931, 26.06580842])"
1422,101318677,"array([37.35508784, 65.334791  ])"
1423,96075822,"array([37.54521105, 65.45935147])"
1424,100335656,"array([37.50228345, 65.1920717 ])"
1425,100991019,"array([37.65046509, 65.32219742])"
1426,104398879,"array([37.02630532, 65.15544205])"
1427,98304024,"array([37.13649284, 64.97668163])"
1428,96993310,"array([37.86460714, 64.64212339])"
1429,100270104,"array([37.72342274, 64.90083364])"
1430,106627096,"array([37.22348379, 66.54293289])"
1431,104792100,"array([37.37515607, 66.47097086])"
1432,86573088,"array([37.24281787, 66.39891844])"
1433,82444332,"array([37.17666802, 66.72123721])"
1434,75431970,"array([37.3339546, 66.6694822])"
1435,78446621,"array([37.04060371, 66.56927016])"
1436,104202258,"array([37.48924877, 66.65636383])"
1437,98631706,"array([36.65267602, 66.02247539])"
1438,100597787,"array([36.51704374, 66.19138921])"
1439,78970923,"array([36.93411185, 67.47581923])"
1440,77266987,"array([39.85999289, 62.87725505])"
1441,100466708,"array([39.99589897, 62.78023636])"
1442,74514479,"array([39.49848163, 62.9338833 ])"
1443,76283946,"array([40.34656086, 62.29091219])"
1444,96075823,"array([40.11357225, 62.33164279])"
1445,90505255,"array([39.08816488, 62.5722793 ])"
1446,104398880,"array([39.1996009 , 62.44999007])"
1447,83558419,"array([39.34821629, 62.44113444])"
1448,104529955,"array([39.49416571, 62.32150506])"
1449,80150571,"array([39.61592403, 62.43757508])"
1450,73596962,"array([39.20471387, 62.20871458])"
1451,101187627,"array([39.22236904, 62.05253668])"
1452,78446622,"array([39.27721983, 62.59525475])"
1453,78905368,"array([39.1214481 , 62.33824506])"
1454,74973205,"array([39.57030172, 62.64922802])"
1455,93716509,"array([39.4793252 , 62.49505898])"
1456,74121235,"array([39.39213503, 62.67432221])"
1457,80412706,"array([39.35375944, 62.26205786])"
1458,98304025,"array([39.75366143, 62.16343812])"
1459,75431971,"array([39.72493816, 62.3113671 ])"
1460,94502936,"array([39.93842874, 61.86221157])"
1461,78839849,"array([39.61184383, 62.21761349])"
1462,100991020,"array([39.74673408, 62.53449511])"
1463,101318678,"array([39.62080101, 62.05216414])"
1464,76021784,"array([39.3728631 , 62.06041941])"
1465,73662512,"array([39.57326245, 61.83745933])"
1466,104136730,"array([38.95556892, 61.87173534])"
1467,100335657,"array([39.40324206, 61.89292313])"
1468,77463588,"array([39.02337357, 62.13895245])"
1469,80019487,"array([39.90575092, 62.07852652])"
1470,83034149,"array([39.79194952, 61.63296209])"
1471,102498345,"array([39.2572784, 61.8227147])"
1472,79167525,"array([39.46686587, 62.14192505])"
1473,78184479,"array([40.40696529, 61.91154757])"
1474,100597788,"array([40.28389091, 62.55265546])"
1475,103153686,"array([38.68240702, 62.27223014])"
1476,98631707,"array([38.82681599, 63.22145574])"
1477,96993311,"array([39.04215683, 63.30885935])"
1478,104923181,"array([38.59591342, 62.57041678])"
1479,78970924,"array([40.0454176 , 63.14023024])"
1480,94502937,"array([41.48007105, 64.57425965])"
1481,74973206,"array([41.22815113, 64.45773055])"
1482,78446623,"array([41.36553715, 64.78604001])"
1483,101187628,"array([41.12629217, 64.69490037])"
1484,76021785,"array([40.84048687, 63.9262149 ])"
1485,77463589,"array([40.64426173, 63.72408532])"
1486,77266988,"array([40.59296532, 63.53321485])"
1487,83558420,"array([40.67670667, 59.24895198])"
1488,100597789,"array([40.49292547, 59.51957903])"
1489,78905369,"array([40.54606429, 59.6415008 ])"
1490,90505256,"array([40.57791644, 59.34729831])"
1491,83034150,"array([40.52317286, 59.10182937])"
1492,80412707,"array([40.47532629, 59.375165  ])"
1493,97189921,"array([40.68888523, 59.39909628])"
1494,78970925,"array([40.38271733, 59.62974077])"
1495,76021786,"array([40.6322381 , 59.51199983])"
1496,77266989,"array([40.23807039, 59.51373266])"
1497,100991021,"array([40.35824312, 59.44915946])"
1498,104202260,"array([40.44566571, 59.24554661])"
1499,103153687,"array([40.30940329, 59.3234551 ])"
1500,96075824,"array([39.95620215, 58.98566064])"
1501,76283948,"array([42.18194957, 57.3001159 ])"
1502,78446624,"array([42.14320463, 57.16705173])"
1503,94502938,"array([41.99596716, 64.83311015])"
1504,94502939,"array([40.35885997, 58.41425994])"
1505,74973207,"array([40.57785754, 58.50569664])"
1506,101187629,"array([40.37898866, 58.65135479])"
1507,102498346,"array([39.28552035, 58.15913549])"
1508,100466709,"array([39.05478128, 58.18383764])"
1509,75431972,"array([38.93796264, 58.37336744])"
1510,104398881,"array([39.35402984, 58.38093717])"
1511,78839850,"array([39.13797455, 58.49236971])"
1512,77463590,"array([39.70170934, 59.32439174])"
1513,104923182,"array([39.27474914, 58.85922314])"
1514,80019488,"array([38.38767147, 58.92424817])"
1515,100597790,"array([40.85314823, 59.23834231])"
1516,78839851,"array([42.92974453, 59.11305864])"
1517,96075825,"array([42.82452397, 58.89245274])"
1518,80019489,"array([42.98693635, 58.32023439])"
1519,104398882,"array([43.1620362 , 58.31896552])"
1520,102498347,"array([43.17554495, 58.11870562])"
1521,104923183,"array([42.69297809, 57.78753498])"
1522,78905370,"array([42.57341531, 57.88527805])"
1523,103153688,"array([43.50863504, 58.49003919])"
1524,77266990,"array([42.65411796, 58.02724758])"
1525,83034151,"array([42.25864981, 58.67568225])"
1526,78970927,"array([42.17064217, 58.45893409])"
1527,104202261,"array([43.06799803, 58.79415214])"
1528,80150572,"array([41.77785048, 58.13401237])"
1529,78184480,"array([42.02401866, 57.87880283])"
1530,98304026,"array([42.03494047, 58.17873631])"
1531,73596963,"array([41.86649656, 57.89128394])"
1532,80412708,"array([42.16384599, 58.07903221])"
1533,100991022,"array([41.93934029, 58.02853595])"
1534,78381093,"array([42.1974179, 57.8689196])"
1535,93716510,"array([42.45580958, 57.4166418 ])"
1536,79167526,"array([42.45058183, 57.27024229])"
1537,101318679,"array([41.90650135, 57.50412417])"
1538,101187630,"array([41.16843623, 57.74053287])"
1539,74973208,"array([41.37804309, 57.40558853])"
1540,104202262,"array([41.18525006, 57.22822344])"
1541,98304027,"array([40.69628955, 57.42780707])"
1542,100991023,"array([40.825796  , 57.59078819])"
1543,73596964,"array([42.26489555, 56.81216679])"
1544,90505257,"array([42.51784037, 56.54064865])"
1545,80150573,"array([42.71437805, 57.17860626])"
1546,78184481,"array([42.86729875, 57.36411628])"
1547,78839852,"array([43.11572335, 56.9827964 ])"
1548,102498348,"array([43.18618874, 56.82145555])"
1549,80019490,"array([41.76105696, 55.99788268])"
1550,74973209,"array([42.03095442, 56.12933192])"
1551,104202263,"array([41.97413901, 55.92670634])"
1552,83558421,"array([43.48038772, 57.46498208])"
1553,78184482,"array([43.55873807, 55.32074647])"
1554,104923184,"array([43.32601546, 56.2526164 ])"
1555,77266991,"array([40.88472625, 56.60216043])"
1556,83558422,"array([42.11636661, 56.56510134])"
1557,73596965,"array([41.86709251, 56.56315171])"
1558,100991024,"array([42.55909988, 56.39637577])"
1559,93716511,"array([43.41938987, 57.01385656])"
1560,98304028,"array([42.5600452 , 55.45628719])"
1561,77266992,"array([44.12251789, 57.13081051])"
1562,74973210,"array([43.02981166, 54.57776307])"
1563,83558423,"array([43.14015218, 54.66266143])"
1564,76283949,"array([44.26415249, 55.08139845])"
1565,73596966,"array([44.20183711, 54.90570413])"
1566,102498349,"array([44.42764953, 54.92881553])"
1567,78839853,"array([44.22227095, 55.80959134])"
1568,77266993,"array([44.02341732, 55.82937696])"
1569,104923185,"array([43.82740712, 55.22979685])"
1570,101187632,"array([43.90791378, 55.06666011])"
1571,100991025,"array([43.27879897, 54.88539966])"
1572,90505258,"array([43.27644436, 55.07197766])"
1573,93716512,"array([43.50765866, 55.05182267])"
1574,104398883,"array([43.6638391 , 55.04617083])"
1575,101318680,"array([44.03990686, 55.49973499])"
1576,97189922,"array([44.16933591, 55.37044476])"
1577,80150574,"array([43.39388269, 54.32145017])"
1578,78446625,"array([43.52793235, 54.43748915])"
1579,104202264,"array([43.39471051, 54.57085404])"
1580,79167527,"array([43.31554198, 54.4545884 ])"
1581,78905371,"array([43.74228861, 54.03755609])"
1582,80019491,"array([43.95611744, 54.22795399])"
1583,96075826,"array([43.69323665, 54.78597143])"
1584,78381094,"array([43.986471  , 54.68302656])"
1585,101318681,"array([42.58548642, 54.95623805])"
1586,97189923,"array([42.62765455, 54.78177659])"
1587,78381095,"array([42.4088039 , 54.84397971])"
1588,90505259,"array([42.49522478, 53.62882294])"
1589,100991026,"array([42.62585601, 53.52528155])"
1590,93716513,"array([42.00226774, 53.80978949])"
1591,104398884,"array([42.13523377, 53.95161511])"
1592,78905372,"array([42.72375522, 54.06938648])"
1593,104136731,"array([42.88716929, 53.84981942])"
1594,80019492,"array([42.13132335, 54.48029185])"
1595,74973211,"array([45.13842339, 53.50215381])"
1596,83558424,"array([44.98919829, 53.40607325])"
1597,78184483,"array([44.77819561, 53.97190401])"
1598,104923186,"array([40.57497761, 47.16516969])"
1599,83558425,"array([40.09652745, 47.14244232])"
1600,103153689,"array([40.47447152, 47.36471116])"
1601,102498350,"array([40.79216035, 47.56139125])"
1602,78184484,"array([40.35416197, 46.00457866])"
1603,74973212,"array([40.17609617, 45.96249572])"
1604,84410404,"array([39.23846895, 45.55174754])"
1605,74317853,"array([39.74174407, 45.81196139])"
1606,103874597,"array([40.22990038, 45.44286658])"
1607,101842976,"array([39.7015975 , 45.97626684])"
1608,100335658,"array([39.54460903, 45.97941077])"
1609,99680294,"array([40.4495062 , 46.49718023])"
1610,86966304,"array([39.58375223, 46.12226544])"
1611,94175257,"array([39.51241269, 45.74185732])"
1612,75431973,"array([39.82936848, 46.07653717])"
1613,90636316,"array([39.36711313, 45.89599635])"
1614,104267815,"array([40.0330021 , 45.70396278])"
1615,75104294,"array([40.26182375, 45.63059744])"
1616,98631708,"array([38.68774601, 46.5272663 ])"
1617,82444333,"array([39.9742276 , 45.55138151])"
1618,76021787,"array([40.06841199, 45.25177066])"
1619,94699548,"array([38.7426702 , 46.25888611])"
1620,101253142,"array([39.97542865, 46.23474897])"
1621,96141338,"array([39.59830397, 46.51950793])"
1622,73728043,"array([39.32009677, 46.2360052 ])"
1623,90570779,"array([39.77146285, 46.34053268])"
1624,104792101,"array([39.38276635, 46.37793462])"
1625,86573089,"array([39.25856987, 46.52466734])"
1626,79364117,"array([39.89232563, 46.53778267])"
1627,94306348,"array([39.20350289, 46.41658001])"
1628,78118930,"array([39.61740878, 46.28771486])"
1629,86376482,"array([38.19038415, 45.20249193])"
1630,96993312,"array([38.32051791, 45.34428322])"
1631,96403478,"array([39.34632562, 45.26195158])"
1632,77922338,"array([39.11773791, 46.05318041])"
1633,96403479,"array([39.56382312, 45.03429611])"
1634,80150576,"array([39.64343332, 45.24178925])"
1635,100270106,"array([39.65529875, 47.31780411])"
1636,99680295,"array([39.89904994, 47.85148285])"
1637,74514481,"array([39.59062781, 47.57281257])"
1638,94502941,"array([39.60753211, 47.85705056])"
1639,101187633,"array([38.68919566, 47.01256302])"
1640,95158305,"array([39.06575127, 46.93987184])"
1641,73269278,"array([39.22120902, 46.99493964])"
1642,104333335,"array([38.56522799, 47.77576956])"
1643,100466710,"array([38.53935484, 47.5971063 ])"
1644,95092761,"array([38.89160591, 47.2829924 ])"
1645,88604699,"array([38.62059557, 47.18672272])"
1646,74121236,"array([38.79527047, 47.37286969])"
1647,73662513,"array([38.56886354, 46.65741703])"
1648,74579983,"array([38.62729958, 47.43267007])"
1649,74776616,"array([38.85141785, 47.01199054])"
1650,90505260,"array([38.40891767, 46.78079228])"
1651,84475939,"array([38.78203163, 47.17957928])"
1652,105906195,"array([39.00210453, 47.39939164])"
1653,87359510,"array([38.9239119 , 46.82028063])"
1654,97189924,"array([38.77993445, 46.83829583])"
1655,102694948,"array([38.9025931 , 46.68277841])"
1656,78184485,"array([38.7468395 , 46.69015459])"
1657,99352592,"array([38.41984021, 47.42048173])"
1658,74973213,"array([38.91800099, 47.13557939])"
1659,100991027,"array([38.43422791, 47.13757449])"
1660,76087328,"array([39.37696452, 47.1419379 ])"
1661,80019493,"array([38.53747965, 46.8656792 ])"
1662,80150577,"array([38.51725476, 46.51854136])"
1663,99876887,"array([38.56449736, 47.02071565])"
1664,96403480,"array([39.11126205, 46.71146317])"
1665,84410405,"array([38.32711538, 46.97579652])"
1666,98304029,"array([37.9470831 , 46.33244829])"
1667,83034152,"array([38.15728491, 46.4015392 ])"
1668,101318682,"array([38.19368569, 46.1605585 ])"
1669,94175258,"array([38.83523409, 46.51031086])"
1670,101253143,"array([38.83884816, 47.90503243])"
1671,96141339,"array([38.72489337, 48.09949294])"
1672,102498351,"array([40.32300428, 46.9999287 ])"
1673,104333336,"array([38.33585098, 47.796396  ])"
1674,73269279,"array([39.04746114, 46.59174803])"
1675,79364118,"array([37.94086963, 47.94740939])"
1676,78118931,"array([37.94184721, 47.39759897])"
1677,82378782,"array([37.90950105, 47.15258088])"
1678,90570780,"array([38.10096606, 47.54167224])"
1679,102891551,"array([39.95400165, 47.54665822])"
1680,73728044,"array([40.02701768, 47.4380572 ])"
1681,94699549,"array([39.17769351, 47.60445212])"
1682,106627097,"array([39.39747485, 48.04842593])"
1683,77463592,"array([36.95000462, 47.46487935])"
1684,74579984,"array([39.07682863, 47.20020712])"
1685,100466711,"array([39.33982163, 48.57907005])"
1686,104792102,"array([39.31633293, 46.78211006])"
1687,95158306,"array([38.99864341, 46.43099485])"
1688,104398885,"array([39.63578285, 46.83189325])"
1689,100466712,"array([39.18640488, 47.32016672])"
1690,101253144,"array([37.99125499, 46.80460973])"
1691,75431974,"array([37.88270663, 46.66375176])"
1692,100335659,"array([37.52294066, 46.62305535])"
1693,78839854,"array([37.46328306, 47.01300747])"
1694,94699550,"array([38.94817679, 46.15869299])"
1695,86966305,"array([38.93363054, 45.81947548])"
1696,104333337,"array([38.41379772, 45.8390955 ])"
1697,76021788,"array([37.40849832, 45.89067579])"
1698,82444335,"array([37.45483328, 46.07260343])"
1699,101842977,"array([38.09074505, 45.91448891])"
1700,99680296,"array([38.22596338, 46.01349738])"
1701,99352593,"array([38.04020921, 46.06914379])"
1702,96141340,"array([37.79394873, 45.37477069])"
1703,75104296,"array([38.73446634, 45.63319757])"
1704,79364120,"array([38.54017428, 45.61572544])"
1705,90570781,"array([38.65187546, 45.42660781])"
1706,74121237,"array([37.19922053, 43.64126426])"
1707,80019495,"array([37.0906774 , 43.80424785])"
1708,77463593,"array([37.16681248, 43.95051333])"
1709,100991028,"array([37.50687086, 43.76753182])"
1710,79167528,"array([37.37243028, 43.72060941])"
1711,78970928,"array([37.35647606, 43.90212299])"
1712,77266994,"array([35.84044214, 43.0847549 ])"
1713,90570782,"array([35.6649865 , 42.98700727])"
1714,73662514,"array([36.87063353, 44.5048961 ])"
1715,86966306,"array([36.91466283, 44.75821951])"
1716,96993313,"array([37.09704891, 44.65623633])"
1717,86376483,"array([34.77273418, 43.48291007])"
1718,75431975,"array([34.98585438, 43.40290131])"
1719,73269281,"array([38.2664692 , 44.25888626])"
1720,96403481,"array([38.22488737, 44.47591477])"
1721,95158307,"array([36.4175809 , 45.94981113])"
1722,96075827,"array([36.45834879, 45.67853906])"
1723,101842978,"array([35.90590829, 43.20157584])"
1724,102891552,"array([35.91986015, 41.36839366])"
1725,73728045,"array([36.04675958, 41.54304143])"
1726,73269283,"array([35.95779035, 42.26555543])"
1727,99352594,"array([35.47491718, 40.22108321])"
1728,86966307,"array([35.47665536, 40.05297991])"
1729,96141341,"array([35.50236202, 41.59384962])"
1730,79364121,"array([35.74479822, 40.8196213 ])"
1731,75104297,"array([35.55963963, 40.88861618])"
1732,100597793,"array([34.86221569, 41.70697508])"
1733,102891553,"array([35.01015011, 41.45079906])"
1734,73728046,"array([34.89774968, 41.3361285 ])"
1735,73596967,"array([35.15163951, 40.54478269])"
1736,75431976,"array([34.39985069, 41.53906615])"
1737,73400361,"array([34.50072556, 40.85494471])"
1738,78118932,"array([36.01971926, 40.25450955])"
1739,83558426,"array([36.45797402, 39.72514776])"
1740,83034153,"array([34.94243292, 40.17845418])"
1741,78446626,"array([34.52665356, 39.9709129 ])"
1742,86376485,"array([35.73664745, 39.22115973])"
1743,101253145,"array([35.9275991 , 39.17491939])"
1744,86573090,"array([35.80809543, 39.03806284])"
1745,104202265,"array([36.04599082, 39.60683363])"
1746,96141342,"array([36.17196488, 39.41962566])"
1747,97189925,"array([35.36221996, 39.422557  ])"
1748,77463594,"array([35.29771452, 39.54853157])"
1749,101318683,"array([35.21162851, 39.43800266])"
1750,78446627,"array([36.79116424, 39.32630333])"
1751,101842979,"array([36.64534254, 38.85595893])"
1752,104923188,"array([36.66798216, 39.43544275])"
1753,99352595,"array([36.1594382 , 38.84991336])"
1754,86966308,"array([36.2525586 , 38.63483452])"
1755,80412709,"array([36.92328311, 39.91933725])"
1756,78381096,"array([37.1173161 , 40.03087934])"
1757,77266996,"array([36.58206881, 39.01888826])"
1758,101187634,"array([35.78193785, 38.64498598])"
1759,79364122,"array([35.96804254, 37.23180684])"
1760,73269284,"array([35.77622286, 37.17895181])"
1761,83558427,"array([36.81955124, 38.81237888])"
1762,80412710,"array([35.9555364 , 37.51565106])"
1763,78381097,"array([36.12109273, 37.64356357])"
1764,86573091,"array([36.25561646, 38.03799712])"
1765,96141343,"array([36.06342663, 38.22826343])"
1766,104202266,"array([35.95911728, 38.06613352])"
1767,101318684,"array([35.74939889, 36.37178148])"
1768,77266997,"array([35.64276992, 35.87910865])"
1769,97189926,"array([37.14269499, 37.67048798])"
1770,77463595,"array([37.18696362, 37.89058443])"
1771,104923189,"array([38.47415313, 38.48742913])"
1772,78446628,"array([38.46785897, 38.68313098])"
1773,101253146,"array([37.6822263 , 38.52578813])"
1774,101187635,"array([38.43518776, 38.20068965])"
1775,99352596,"array([38.26857278, 38.2267199 ])"
1776,96141344,"array([38.36747082, 37.27959778])"
1777,100597794,"array([38.542995  , 37.26963242])"
1778,86573092,"array([38.09960273, 37.96897133])"
1779,80412711,"array([37.96017455, 38.02509753])"
1780,73269285,"array([37.98284926, 39.08718897])"
1781,101318685,"array([37.92247707, 38.93049678])"
1782,79364123,"array([37.40176345, 38.36464246])"
1783,104202267,"array([38.4805788 , 37.72038073])"
1784,102891554,"array([39.43516468, 37.71368887])"
1785,77266998,"array([39.65113038, 37.60256081])"
1786,78381098,"array([38.99687446, 37.93334073])"
1787,83558428,"array([39.23045836, 38.56307873])"
1788,73596968,"array([39.01366454, 38.45102478])"
1789,75104298,"array([37.8919909 , 37.52030229])"
1790,77463596,"array([38.02194029, 37.62141068])"
1791,101253147,"array([39.80965892, 38.71297384])"
1792,101253148,"array([ -2.68365273, -29.86589533])"
1793,80412712,"array([ -2.91726074, -29.80840933])"
1794,101842980,"array([ -3.88197122, -29.18383694])"
1795,86966309,"array([ -3.94241654, -29.00826833])"
1796,104923190,"array([ -4.11711614, -29.10499489])"
1797,83558429,"array([ -4.63110819, -28.50590661])"
1798,97189927,"array([ -3.52245274, -29.47405763])"
1799,101318686,"array([ -3.38489235, -29.57515106])"
1800,102891555,"array([ -3.5664636 , -29.63110403])"
1801,86376486,"array([ -4.28252146, -30.1842517 ])"
1802,96141346,"array([ -4.43927587, -30.11784065])"
1803,73728048,"array([ -3.29430696, -30.41194571])"
1804,104202268,"array([ -3.20214464, -30.31073473])"
1805,78118934,"array([ -3.10091872, -30.47072073])"
1806,78446629,"array([ -2.44206123, -29.35875419])"
1807,100597795,"array([ -2.56239942, -29.45715187])"
1808,79167529,"array([ -2.3260102 , -29.45857011])"
1809,74121238,"array([ -2.44301704, -29.57280451])"
1810,77266999,"array([ -2.74540362, -30.3321004 ])"
1811,104923191,"array([ -3.28914351, -29.91077212])"
1812,86966310,"array([ -3.58488865, -29.9003466 ])"
1813,78381099,"array([ -2.86647416, -28.49278534])"
1814,101842981,"array([ -2.967435  , -28.17182354])"
1815,80412713,"array([ -2.46440513, -29.94746252])"
1816,99352597,"array([ -2.87679443, -29.34923569])"
1817,96403482,"array([ -2.72692387, -29.15614155])"
1818,101187636,"array([ -4.08714736, -30.44923485])"
1819,96075828,"array([ -4.26217197, -30.50686392])"
1820,104136734,"array([ -1.6356827, -29.7220459])"
1821,83558430,"array([ -1.71663858, -30.02996226])"
1822,73269286,"array([ -1.81125062, -29.75635967])"
1823,73400362,"array([ -1.3566745 , -30.36928227])"
1824,73596969,"array([ -1.19465198, -30.33026728])"
1825,84410406,"array([ -2.02552911, -29.93628173])"
1826,80019496,"array([ -1.93924894, -30.10556248])"
1827,104202269,"array([ -1.12872353, -30.51045634])"
1828,78905373,"array([ -1.98175387, -30.59091676])"
1829,82444336,"array([ -1.8961543 , -30.39277999])"
1830,78118935,"array([ -0.97773257, -29.74529069])"
1831,73728049,"array([ -0.99716904, -29.95582704])"
1832,95158308,"array([ -1.75024245, -30.72567519])"
1833,95092762,"array([ -1.99864671, -30.87991581])"
1834,104333339,"array([ -1.97824276, -28.7412267 ])"
1835,74776617,"array([ -2.12628578, -28.92085048])"
1836,101187637,"array([ -1.88829104, -28.98557697])"
1837,74121239,"array([ -1.19714633, -31.25849286])"
1838,96141347,"array([ -1.0217665 , -31.10961428])"
1839,96075829,"array([ -0.35960589, -31.55396002])"
1840,96403483,"array([ -0.62797676, -31.57457409])"
1841,79167530,"array([ -1.47400883, -31.35841865])"
1842,101253149,"array([ -0.30919609, -32.03717705])"
1843,78381100,"array([ -0.47930528, -32.14612453])"
1844,80412714,"array([ -0.7744542 , -31.07249721])"
1845,104923192,"array([ -0.51948261, -30.74715311])"
1846,80019497,"array([ -0.50356458, -30.58444552])"
1847,78446630,"array([-3.27730385e-03, -3.06159257e+01])"
1848,84410407,"array([  0.03930728, -30.38468   ])"
1849,101842982,"array([ -0.33707001, -31.228734  ])"
1850,99352598,"array([ -0.19181428, -30.99131398])"
1851,79167531,"array([ -0.27453534, -31.09152927])"
1852,100597796,"array([ -0.39359139, -30.93936068])"
1853,86966311,"array([ -0.46655358, -31.08150214])"
1854,76087331,"array([ -0.56388446, -31.32225634])"
1855,102891556,"array([ 1.18929584e-02, -3.21788400e+01])"
1856,86376487,"array([  0.164064  , -32.23797394])"
1857,77267000,"array([ -0.46012014, -30.34069255])"
1858,73269287,"array([ -0.3450797, -30.0774716])"
1859,97189928,"array([  0.201007  , -31.23628212])"
1860,83558431,"array([  0.12089469, -31.38639071])"
1861,101318687,"array([ -0.03804344, -31.20496158])"
1862,104136735,"array([  0.39925552, -31.18898886])"
1863,94175259,"array([ -0.08806161, -31.37097188])"
1864,82378783,"array([  0.06423963, -31.09296424])"
1865,103153690,"array([ -0.2353011 , -30.73020254])"
1866,84475940,"array([ -0.17217198, -30.49426549])"
1867,100466713,"array([ -0.0835764 , -30.77427652])"
1868,76283951,"array([  0.30805422, -31.98196561])"
1869,102694949,"array([  0.47355564, -32.02376102])"
1870,100335660,"array([ -0.77680806, -31.31327211])"
1871,102498352,"array([  0.49899357, -30.59326505])"
1872,78184486,"array([  0.63027918, -30.95769121])"
1873,99876888,"array([  0.37881067, -30.76794689])"
1874,88604700,"array([  1.52429236, -32.31168505])"
1875,90636317,"array([  1.33960575, -32.31400412])"
1876,93716514,"array([  1.14864419, -32.27216263])"
1877,73662515,"array([  1.25809725, -32.07993326])"
1878,78970929,"array([  1.39789398, -32.16250168])"
1879,100991029,"array([  0.75755277, -31.73672771])"
1880,77922339,"array([  0.92155294, -31.84195931])"
1881,78577681,"array([  0.78657795, -31.9799528 ])"
1882,105906196,"array([  0.92518863, -32.3980021 ])"
1883,74973214,"array([  0.94524319, -32.56141347])"
1884,104792103,"array([  1.19590058, -32.75046342])"
1885,80150578,"array([  1.26791366, -31.7208697 ])"
1886,94699551,"array([  1.15711762, -31.91272343])"
1887,78839855,"array([  0.37760443, -32.63988019])"
1888,74514482,"array([  0.58847498, -32.52157602])"
1889,74579985,"array([  0.58348684, -32.68528791])"
1890,104398886,"array([  1.31748369, -33.79167842])"
1891,74317854,"array([  1.30780864, -33.63747882])"
1892,79757336,"array([  0.54401742, -32.86968161])"
1893,94502942,"array([  0.46173262, -33.08590885])"
1894,106627098,"array([  0.72557475, -32.96514935])"
1895,104529957,"array([  0.07232253, -33.07773818])"
1896,94306349,"array([  0.24502475, -32.94831619])"
1897,100270107,"array([  0.84548038, -32.72103807])"
1898,98631709,"array([  0.42551396, -33.69807297])"
1899,90505261,"array([  0.65127338, -33.7578218 ])"
1900,103874598,"array([  0.76519348, -33.23034941])"
1901,75104299,"array([  0.67544106, -33.3996642 ])"
1902,90570783,"array([  0.99712386, -33.1312865 ])"
1903,87359512,"array([  0.84852463, -33.41755763])"
1904,99680297,"array([  1.21813572, -33.06888577])"
1905,75431977,"array([  0.98098538, -32.95839081])"
1906,96993315,"array([  0.25204586, -33.28378113])"
1907,83034154,"array([ 1.67764782e-02, -3.34086736e+01])"
1908,98304030,"array([  1.86802941, -33.51422212])"
1909,76021789,"array([  1.54965673, -32.99634217])"
1910,86573093,"array([  2.26215192, -33.0810807 ])"
1911,80019498,"array([  2.51181812, -33.03631795])"
1912,100335661,"array([  2.31354567, -33.23040356])"
1913,100597797,"array([  2.02972871, -33.9051225 ])"
1914,80412715,"array([  2.12777907, -33.62025215])"
1915,99352599,"array([  1.97374781, -33.68621912])"
1916,76087332,"array([  1.77993244, -33.87945817])"
1917,104923193,"array([  2.21388764, -33.79821054])"
1918,73596970,"array([  2.66837781, -33.29674676])"
1919,74121240,"array([  2.44719519, -33.18242111])"
1920,73400363,"array([  1.64487193, -33.58559935])"
1921,104333340,"array([  1.886762 , -32.8470328])"
1922,101842983,"array([  2.58478651, -33.49003977])"
1923,95092763,"array([  2.34822278, -32.83094125])"
1924,104202270,"array([  2.32403842, -32.5313578 ])"
1925,73728050,"array([  2.18544481, -32.89570853])"
1926,101187638,"array([  2.43610385, -32.31881141])"
1927,95158309,"array([  2.68474039, -33.60489639])"
1928,78118936,"array([  1.99585421, -33.28472944])"
1929,82444337,"array([  1.86843199, -33.15525805])"
1930,94699552,"array([  2.42414512, -34.06798588])"
1931,79167532,"array([  2.55072345, -34.09510932])"
1932,74776618,"array([  2.28897379, -34.08078826])"
1933,100991030,"array([  2.35786216, -34.20295239])"
1934,78905374,"array([  2.06055196, -34.12219047])"
1935,102694950,"array([  2.97012962, -33.11389379])"
1936,87228457,"array([  3.16261798, -33.04014045])"
1937,78381101,"array([  2.648912  , -34.26606813])"
1938,106627099,"array([  2.70629187, -33.96178842])"
1939,96141348,"array([  2.4768469 , -34.39493325])"
1940,96993316,"array([  3.47269476, -33.26319029])"
1941,74579986,"array([  3.28099448, -33.23139888])"
1942,101253150,"array([  2.52640353, -33.64201732])"
1943,83034155,"array([  2.3864622 , -33.56058259])"
1944,77922340,"array([  2.93081328, -33.83522047])"
1945,74514483,"array([  3.20170521, -34.04005989])"
1946,76283952,"array([  2.28964164, -34.71145311])"
1947,78577682,"array([  2.48578195, -34.63957389])"
1948,94502943,"array([  3.1842239 , -33.69960798])"
1949,100270108,"array([  3.21646012, -34.44453225])"
1950,80150579,"array([  3.24189113, -33.87133868])"
1951,86966313,"array([  2.72245138, -34.53475493])"
1952,78839856,"array([  2.87707506, -34.4983098 ])"
1953,88604701,"array([  3.59634764, -34.28865075])"
1954,79757338,"array([  2.99707605, -33.68215126])"
1955,93716515,"array([  2.78745376, -32.97112393])"
1956,78970930,"array([  2.90751514, -33.23866359])"
1957,86376488,"array([  3.62857776, -34.4883041 ])"
1958,76021790,"array([  2.97407535, -34.17084495])"
1959,77463598,"array([  2.84105525, -34.2945734 ])"
1960,102891557,"array([  3.52335298, -33.76628162])"
1961,90505262,"array([  3.68545276, -33.81138866])"
1962,75104300,"array([  3.03717831, -34.040828  ])"
1963,98631710,"array([  3.13996665, -34.25158935])"
1964,104529958,"array([  4.82589441, -33.29582116])"
1965,94306350,"array([  3.96939703, -33.61851208])"
1966,103874599,"array([  4.29176628, -32.85734518])"
1967,87359513,"array([  4.04866919, -32.98229079])"
1968,99680298,"array([  2.87567149, -33.45984076])"
1969,104792104,"array([  3.11246292, -33.38407785])"
1970,74121241,"array([  2.96175743, -32.89825945])"
1971,96403484,"array([  3.39544819, -34.37773165])"
1972,82378784,"array([  3.36173012, -34.24052902])"
1973,105906197,"array([  3.50662256, -33.97043848])"
1974,75431978,"array([  3.57732976, -34.08064795])"
1975,96075830,"array([  3.83662806, -34.20144347])"
1976,83558432,"array([  3.95370033, -34.34528215])"
1977,103153691,"array([  4.04819554, -34.18089652])"
1978,101318688,"array([  3.77029214, -34.68535325])"
1979,102498353,"array([  3.86125324, -34.86668677])"
1980,84475941,"array([  2.09395128, -34.53304359])"
1981,97189929,"array([  3.05059859, -34.54737757])"
1982,99876889,"array([  3.19615069, -34.59418699])"
1983,78184487,"array([  3.86468778, -34.0425878 ])"
1984,94175260,"array([  4.1226617 , -33.94983974])"
1985,77267001,"array([  3.17021752, -34.90146542])"
1986,100466714,"array([  3.28238236, -35.0649389 ])"
1987,94306351,"array([  3.36746051, -34.66708378])"
1988,87359514,"array([  3.54177345, -35.0337963 ])"
1989,78446631,"array([  3.48992618, -34.82217628])"
1990,98304031,"array([  3.81953894, -35.14539223])"
1991,99680299,"array([  3.00857641, -35.14678285])"
1992,103874600,"array([  2.89527216, -34.8841117 ])"
1993,104529959,"array([  2.9834442 , -34.75782767])"
1994,84410408,"array([  3.20714361, -35.76453776])"
1995,104792105,"array([  3.18675493, -35.33291122])"
1996,73269288,"array([  2.72275385, -35.02632573])"
1997,104136736,"array([  2.53912493, -35.25969057])"
1998,98631711,"array([  4.15307662, -35.23238033])"
1999,100991032,"array([  4.23006693, -34.622923  ])"
2000,79167533,"array([  4.00187213, -34.64170963])"
2001,74776619,"array([  4.11155078, -34.89194371])"
2002,101253151,"array([  4.82234537, -35.12755152])"
2003,74317855,"array([  4.62001858, -35.04887817])"
2004,104398887,"array([  4.9801811 , -34.62100463])"
2005,94699553,"array([  4.73700495, -34.60025104])"
2006,102694951,"array([  5.66721094, -35.57847035])"
2007,104333341,"array([  5.43408885, -35.51655307])"
2008,76283953,"array([-36.64709995,  34.96727199])"
2009,102891558,"array([-36.45537812,  35.01762355])"
2010,73400364,"array([-36.46573716,  34.84518357])"
2011,78970931,"array([-36.6093602 ,  34.70568097])"
2012,84410409,"array([-35.92147282,  35.52782461])"
2013,78577683,"array([-35.88035132,  35.32460419])"
2014,96075831,"array([-36.62343105,  35.57712151])"
2015,104792106,"array([-36.59266826,  35.81462048])"
2016,75104301,"array([-37.08276117,  35.90325965])"
2017,103874601,"array([32.41966267,  7.28436764])"
2018,100270109,"array([32.33101656,  7.437384  ])"
2019,78381103,"array([32.27539876,  7.30294582])"
2020,104529960,"array([23.37665355, 30.87237338])"
2021,82378785,"array([23.55030645, 30.91786033])"
2022,74514484,"array([32.91786912,  7.11491386])"
2023,99876890,"array([33.08258155,  6.93315412])"
2024,86376489,"array([32.00007381,  6.54075077])"
2025,88604702,"array([32.09934641,  6.45046289])"
2026,96403485,"array([31.9229047 ,  6.35595094])"
2027,86966314,"array([31.86602847,  6.49334966])"
2028,105906198,"array([32.69870688,  6.39273215])"
2029,79167534,"array([32.46345515,  6.45642373])"
2030,77922341,"array([32.07579057,  6.16468317])"
2031,75431979,"array([32.24451602,  6.11429547])"
2032,78839857,"array([32.18414227,  6.9397684 ])"
2033,100991033,"array([32.17609086,  6.75492051])"
2034,83034157,"array([32.01899276,  6.00783257])"
2035,104398888,"array([31.21747608,  6.1063987 ])"
2036,94699554,"array([31.2394438 ,  6.32318451])"
2037,94502944,"array([30.70054571,  5.48731259])"
2038,98304032,"array([30.46147292,  5.32076386])"
2039,90505263,"array([30.39288358,  5.51256227])"
2040,74317856,"array([31.81028962,  7.64015745])"
2041,101253152,"array([31.61771528,  7.50366705])"
2042,102694952,"array([30.46887756,  6.56547628])"
2043,83558433,"array([30.68924463,  6.48371945])"
2044,103153692,"array([30.60307754,  6.61225551])"
2045,104333342,"array([31.28717166,  6.63584573])"
2046,96075832,"array([31.17714399,  6.84755912])"
2047,98631712,"array([31.2673033 ,  5.74153937])"
2048,102891559,"array([31.7079901 ,  6.72669149])"
2049,104792107,"array([28.19700854,  7.20049022])"
2050,102498354,"array([28.45252812,  7.04704551])"
2051,73400365,"array([30.17536917,  6.35615287])"
2052,106627100,"array([30.82580838,  7.12308905])"
2053,74776620,"array([30.8176778 ,  6.90441718])"
2054,86376490,"array([29.61518367,  7.49475668])"
2055,78970932,"array([29.7630001 ,  7.14838744])"
2056,86966315,"array([30.24711541,  6.03760321])"
2057,96403486,"array([30.37279112,  5.90157282])"
2058,101253153,"array([29.92819456,  5.0800133 ])"
2059,104333343,"array([30.05494796,  5.01279778])"
2060,82378786,"array([29.88079715,  5.19707736])"
2061,102891560,"array([30.0115944 ,  5.28032987])"
2062,100991034,"array([30.08419888,  5.15328103])"
2063,78839858,"array([29.55845082,  6.66226884])"
2064,88604703,"array([29.36839105,  6.82989623])"
2065,96075833,"array([29.41541738,  6.4484393 ])"
2066,80150581,"array([29.49919086,  6.29612347])"
2067,78381104,"array([29.97150134,  6.06602633])"
2068,79167535,"array([29.71104441,  6.06562552])"
2069,104529961,"array([30.27764853,  7.35856006])"
2070,106627101,"array([30.08100673,  7.15336072])"
2071,75431980,"array([30.05779776,  7.41475872])"
2072,83034158,"array([30.23864257,  6.99071824])"
2073,77922342,"array([29.08313302,  7.13997139])"
2074,103874602,"array([28.92900027,  7.44543914])"
2075,74776621,"array([30.45836992,  7.21751362])"
2076,76283954,"array([29.9553808 ,  6.31390878])"
2077,104202271,"array([29.76346226,  5.62329593])"
2078,104398889,"array([29.60979392,  5.718522  ])"
2079,94699555,"array([29.73453317,  6.4200694 ])"
2080,74317857,"array([29.83670336,  6.52154651])"
2081,100335662,"array([29.81549978,  6.69701615])"
2082,86376491,"array([29.18718358,  6.1539717 ])"
2083,83558434,"array([29.29536157,  5.98296471])"
2084,83034159,"array([28.8329723,  6.4076242])"
2085,100270110,"array([28.8189248 ,  6.23053952])"
2086,77922343,"array([29.0451065 ,  4.64213054])"
2087,99876891,"array([29.2915662 ,  4.72147219])"
2088,103874603,"array([28.85370359,  5.30219643])"
2089,74776622,"array([29.06351067,  5.34129225])"
2090,78381105,"array([29.51394556,  6.00021904])"
2091,78118937,"array([29.33727031,  5.15028343])"
2092,102498355,"array([29.47181499,  5.44433384])"
2093,82444338,"array([29.64669412,  5.36281697])"
2094,80019499,"array([29.81194423,  4.65210405])"
2095,106627102,"array([29.92213087,  4.6694653 ])"
2096,75431981,"array([29.83260296,  4.48733208])"
2097,98631713,"array([29.65595974,  4.63157154])"
2098,105906199,"array([29.52212809,  4.80893104])"
2099,104792108,"array([29.40993982,  4.87988335])"
2100,76283955,"array([30.11865093,  5.50744518])"
2101,74514485,"array([29.22688129,  5.36885516])"
2102,101318690,"array([29.585024  ,  5.14051966])"
2103,103153693,"array([29.65513095,  4.99005066])"
2104,78970933,"array([29.15781527,  5.6441774 ])"
2105,102694953,"array([30.69920668,  4.84351831])"
2106,104529962,"array([30.37448097,  4.85560439])"
2107,73728051,"array([29.05602771,  5.01455802])"
2108,100597798,"array([28.83084756,  4.97172531])"
2109,74579987,"array([29.19231304,  4.86765866])"
2110,80412716,"array([29.12023265,  3.78649639])"
2111,99352601,"array([29.44449846,  3.88937462])"
2112,104923194,"array([30.54686624,  5.07911307])"
2113,90505264,"array([30.13497744,  4.05939683])"
2114,104398890,"array([30.70484703,  4.46554893])"
2115,96993318,"array([31.00352976,  4.42931764])"
2116,104333344,"array([29.38627048,  3.0576023 ])"
2117,83034160,"array([29.36372276,  3.27624524])"
2118,86573094,"array([30.44293045,  4.16725265])"
2119,83558435,"array([30.58662878,  4.18532703])"
2120,77922344,"array([29.54899378,  3.17852562])"
2121,104202272,"array([30.55354832,  3.98704196])"
2122,78381106,"array([30.36334926,  4.44701582])"
2123,78970934,"array([30.2257459 ,  4.70156313])"
2124,100335663,"array([30.5579847 ,  3.81634628])"
2125,96403487,"array([30.95963125,  3.10896082])"
2126,100270111,"array([30.86167666,  2.98887895])"
2127,76087333,"array([29.96537737, 69.78225519])"
2128,94502945,"array([29.53957441, 69.77458613])"
2129,78839859,"array([30.03148558,  3.67309763])"
2130,73728052,"array([29.84080895,  3.75990211])"
2131,102498356,"array([30.389307  ,  0.82184242])"
2132,86376492,"array([30.50325975,  1.34641158])"
2133,86966316,"array([29.30847738,  4.11771626])"
2134,80150582,"array([30.40886004,  3.59269139])"
2135,94699556,"array([30.32022376,  3.73522964])"
2136,84475942,"array([29.71530409,  3.61417132])"
2137,78118938,"array([29.99927276,  3.23140871])"
2138,78905375,"array([29.84431861,  3.33108097])"
2139,101842984,"array([29.89424844,  4.06138256])"
2140,101253154,"array([28.6664167 ,  3.23332484])"
2141,102891561,"array([28.59585952,  3.4338618 ])"
2142,103153694,"array([30.1797754 ,  2.74316419])"
2143,74514486,"array([30.30865521,  2.69815537])"
2144,99352602,"array([28.8871668 ,  2.56745833])"
2145,90505265,"array([31.10449538,  3.75899123])"
2146,102694954,"array([31.34117993,  3.76612886])"
2147,74317858,"array([31.0910075 ,  3.57725504])"
2148,76087334,"array([31.22846052,  2.50668462])"
2149,80019500,"array([30.93152491,  2.44349748])"
2150,101187640,"array([30.56836309,  3.06020746])"
2151,96993319,"array([30.67261682,  3.29755933])"
2152,75431982,"array([31.02732444,  2.75757038])"
2153,78970935,"array([30.72301422,  3.14165787])"
2154,84475943,"array([30.05801357,  3.46782442])"
2155,73728053,"array([30.24789006,  3.36755769])"
2156,79167536,"array([31.30566471,  3.14304034])"
2157,105906200,"array([31.37572356,  3.29477019])"
2158,96075834,"array([30.9481994 ,  2.23130314])"
2159,73400366,"array([31.12794716,  2.29542498])"
2160,101318691,"array([31.3467779 ,  2.88716882])"
2161,76283956,"array([31.19514889,  2.88941888])"
2162,78381107,"array([32.321262  ,  2.75360872])"
2163,94502946,"array([32.16111015,  2.89776763])"
2164,104529963,"array([31.9104219 ,  2.73906451])"
2165,80412717,"array([30.09401567,  2.43212181])"
2166,82444339,"array([30.26585517,  2.31407744])"
2167,106627103,"array([30.64302171,  2.78064817])"
2168,82378787,"array([30.65826863,  2.61077594])"
2169,100991035,"array([31.88723235,  2.12319506])"
2170,95092764,"array([31.76985624,  2.34311843])"
2171,74776623,"array([31.76835849,  2.19865575])"
2172,103874604,"array([32.05482211,  2.16594457])"
2173,78905376,"array([30.73016182,  1.9842392 ])"
2174,99352603,"array([30.45227664,  1.99300802])"
2175,86573095,"array([30.87875937,  2.65070584])"
2176,100597799,"array([30.63651078,  1.76658545])"
2177,102694955,"array([30.62391546,  2.17909903])"
2178,90505266,"array([31.48148044,  2.23725516])"
2179,74579988,"array([31.33675741,  2.06398317])"
2180,104202273,"array([33.24167233,  1.70273012])"
2181,98304033,"array([32.96798644,  1.82346117])"
2182,78118939,"array([31.36938295,  1.50598453])"
2183,86376493,"array([31.74968137,  2.9210299 ])"
2184,100597800,"array([31.92278127,  3.1320895 ])"
2185,103874605,"array([31.94576259,  2.34533901])"
2186,79167537,"array([29.29702421,  1.88458251])"
2187,96075835,"array([32.37401845,  1.44880581])"
2188,74776624,"array([29.70393375,  2.01367294])"
2189,97189930,"array([15.66167364, 71.50505834])"
2190,90636318,"array([15.61525362, 71.36002838])"
2191,74973215,"array([15.43102164, 71.61324385])"
2192,94306352,"array([15.08007559, 71.14782869])"
2193,78446632,"array([15.31583425, 70.8395123 ])"
2194,90636319,"array([14.7937681, 71.6526196])"
2195,97189931,"array([14.3563358 , 71.84857507])"
2196,73269289,"array([-4.73502189,  2.3395872 ])"
2197,74973216,"array([-4.60968947,  2.1522463 ])"
2198,86573096,"array([ 20.72201313, -19.70941735])"
2199,101253155,"array([ 20.83361016, -19.55220414])"
2200,101187641,"array([ 20.73051899, -19.22670014])"
2201,104333345,"array([ 20.8579836 , -19.09909114])"
2202,102891562,"array([ 20.9090909 , -18.98954385])"
2203,80412718,"array([ 20.75949401, -18.9990793 ])"
2204,84475944,"array([ 21.04396244, -18.95557389])"
2205,82444340,"array([ 20.99548136, -19.128039  ])"
2206,73596971,"array([ 20.054594 , -20.7329325])"
2207,78839860,"array([ 20.21444025, -20.62034239])"
2208,73662516,"array([ 19.98143766, -19.07402804])"
2209,93716516,"array([ 20.0262611 , -18.82964841])"
2210,73728054,"array([ 19.38782313, -21.45460689])"
2211,96993320,"array([ 19.47171906, -21.25757171])"
2212,90570784,"array([ 19.39268366, -21.06428897])"
2213,87228458,"array([ 19.16597424, -21.34478393])"
2214,79167538,"array([ 19.16637937, -21.1195843 ])"
2215,73662517,"array([ 20.6214706 , -21.15320676])"
2216,77922345,"array([-1.09238038, -0.24112556])"
2217,90505267,"array([-1.09958753, -0.09500006])"
2218,78970936,"array([-0.93519508, -0.21792938])"
2219,104202274,"array([-0.79751858, -0.06597218])"
2220,96403488,"array([-0.96953456, -0.04686559])"
2221,74579989,"array([-1.58461421,  0.05604256])"
2222,104529964,"array([2.8654563 , 7.34223426])"
2223,101318692,"array([2.9701537 , 7.22441817])"
2224,83558436,"array([ 21.61444182, -19.29831686])"
2225,94175261,"array([-1.59312695, -0.63349296])"
2226,90636321,"array([23.75269859,  7.70081786])"
2227,78970937,"array([23.38198089,  8.07770567])"
2228,78381108,"array([-41.23666597,  24.98906711])"
2229,104202275,"array([-41.24733078,  25.4739156 ])"
2230,101187643,"array([24.28088216,  9.62090504])"
2231,78381109,"array([24.22643111,  9.44159435])"
2232,101318693,"array([24.50505531,  9.36403797])"
2233,77922346,"array([24.13151435,  8.75073122])"
2234,90505269,"array([23.79150643,  8.67414257])"
2235,104202276,"array([24.38082527,  8.40993302])"
2236,104529965,"array([3.91888866, 8.05244296])"
2237,94175262,"array([4.12266531, 7.98829255])"
2238,76283957,"array([23.77314362, 10.08710126])"
2239,96403489,"array([23.62039135,  9.88291188])"
2240,80019501,"array([23.58202722, 10.07555165])"
2241,100597801,"array([23.32066257,  9.42337756])"
2242,100270112,"array([23.39791861,  9.26327433])"
2243,94502947,"array([11.38496038, 36.35455442])"
2244,100335664,"array([11.67695577, 36.24614872])"
2245,97189932,"array([22.99695629,  9.13105935])"
2246,74776625,"array([22.92150111,  9.32636142])"
2247,95158311,"array([13.76914704, 62.64302178])"
2248,87228459,"array([13.63723152, 62.75512026])"
2249,80412719,"array([22.2809376 ,  7.91390119])"
2250,82444341,"array([22.20132638,  8.06025585])"
2251,88604706,"array([21.02288208,  7.68200633])"
2252,101842985,"array([21.16623062,  7.63589292])"
2253,102498357,"array([21.45772174,  7.7450611 ])"
2254,73269290,"array([21.67971098,  7.74892535])"
2255,78577684,"array([20.78966488,  7.23164655])"
2256,84410410,"array([20.70898387,  7.06699055])"
2257,75104302,"array([20.90618732,  7.07740057])"
2258,96141349,"array([21.36938428,  7.34801665])"
2259,100466715,"array([20.99082851,  6.73659813])"
2260,73596972,"array([21.09018836,  7.36597341])"
2261,76021791,"array([21.06330357,  8.11546954])"
2262,76087335,"array([21.24681125,  8.13846274])"
2263,80150583,"array([22.7082084,  6.6045074])"
2264,77267002,"array([22.5785702 ,  6.48010993])"
2265,79757340,"array([21.84939931,  7.27568613])"
2266,87228460,"array([21.6433113 ,  7.26071359])"
2267,100466716,"array([21.71823368,  7.122817  ])"
2268,99680300,"array([21.83350402,  8.51328588])"
2269,94306353,"array([21.90791419,  8.34291968])"
2270,78446633,"array([22.37591126,  7.04029603])"
2271,74973217,"array([22.49966328,  7.23924684])"
2272,78184488,"array([22.05470068,  6.55813006])"
2273,95158312,"array([21.86373223,  6.34619183])"
2274,73662518,"array([20.17385905,  8.52824718])"
2275,102498358,"array([20.1079139 ,  8.68740963])"
2276,87359515,"array([22.91746856,  5.82490514])"
2277,96141350,"array([21.03224808,  8.77566286])"
2278,76087336,"array([20.94116365, 10.3443223 ])"
2279,76021792,"array([20.7682558 , 10.06403671])"
2280,73596973,"array([19.91359144, 10.15614904])"
2281,77267003,"array([20.02490493,  9.98903219])"
2282,88604707,"array([19.84600414,  8.87933713])"
2283,101842986,"array([19.99461339,  8.97172069])"
2284,75431983,"array([20.53142057,  9.36431626])"
2285,94699557,"array([20.39554352,  9.52122039])"
2286,74317859,"array([20.33313901,  9.38079263])"
2287,76087337,"array([19.3937123 ,  8.22581099])"
2288,76021793,"array([19.52763334,  8.03460301])"
2289,104792109,"array([19.79340796,  8.58976677])"
2290,73596974,"array([-30.55889678,   5.3698423 ])"
2291,77267004,"array([-30.7921646 ,   5.23615952])"
2292,103153695,"array([-30.62815208,   5.15295308])"
2293,103874606,"array([-31.36533698,   5.03374488])"
2294,100991036,"array([-31.56839179,   5.00791399])"
2295,74514487,"array([-30.9479061 ,   5.72787962])"
2296,82378788,"array([-31.05145915,   5.88165127])"
2297,80412720,"array([-31.09634005,   4.78174181])"
2298,87228461,"array([-30.89859972,   4.81982721])"
2299,106627104,"array([-30.98331336,   4.62236863])"
2300,78184489,"array([-29.94611013,   5.30358954])"
2301,100466717,"array([-29.94798232,   5.01858046])"
2302,102694956,"array([-29.68422136,   5.69291625])"
2303,100335665,"array([-29.56258932,   5.28101649])"
2304,76283958,"array([-31.47751664,   6.15160239])"
2305,74776626,"array([-30.39901082,   5.73242233])"
2306,104333346,"array([-30.29906774,   5.88154092])"
2307,86966317,"array([-31.07259228,   6.30780368])"
2308,90636322,"array([-28.95505484,   5.33984735])"
2309,100270113,"array([-28.7830739 ,   6.10380342])"
2310,80019502,"array([-29.14311323,   5.73510006])"
2311,100597802,"array([-29.05888824,   4.93016586])"
2312,96403490,"array([-28.84089789,   5.00132208])"
2313,104529966,"array([-28.62410109,   5.44420956])"
2314,78118940,"array([-28.66850352,   5.78127685])"
2315,79757341,"array([-28.35333973,   5.90648424])"
2316,102891564,"array([-28.22355378,   5.83553141])"
2317,97189933,"array([-28.03680926,   5.09163934])"
2318,105906202,"array([-27.01789372,   7.57835744])"
2319,77463600,"array([-27.19594246,   7.50048505])"
2320,97189934,"array([-28.86526238,   6.81618492])"
2321,95158313,"array([-28.73723418,   6.72160229])"
2322,76283959,"array([-28.00706159,   6.22872154])"
2323,100335666,"array([-27.83702464,   6.12883712])"
2324,86966318,"array([-27.87305137,   6.36373031])"
2325,100991037,"array([-27.93384042,   6.99276869])"
2326,80412721,"array([-28.1979465 ,   6.97873202])"
2327,103874607,"array([-27.98826954,   7.2202471 ])"
2328,87228462,"array([-28.20511729,   7.1573029 ])"
2329,98304034,"array([-28.02896432,   5.46028073])"
2330,106627105,"array([-28.34902731,   7.96773299])"
2331,82378789,"array([-28.15284467,   7.75320631])"
2332,74514488,"array([-28.08128104,   7.986117  ])"
2333,78184490,"array([-28.35153015,   7.82038744])"
2334,90636323,"array([-28.15226419,   8.15587494])"
2335,100466718,"array([-28.28780983,   7.64595479])"
2336,77267005,"array([-27.99070743,   7.84376515])"
2337,73400367,"array([-28.20217452,   7.89008573])"
2338,77922347,"array([-28.74742784,   7.17935533])"
2339,73596975,"array([-28.60548682,   7.04193409])"
2340,103153696,"array([-28.30861059,   6.69206818])"
2341,94175264,"array([-29.15036535,   7.76260387])"
2342,74579990,"array([-29.28023889,   7.92002984])"
2343,90570785,"array([-29.1154454 ,   7.91563093])"
2344,90505270,"array([-29.270444  ,   7.66478615])"
2345,96993321,"array([-29.37243173,   7.74025358])"
2346,74121243,"array([-29.44608471,   7.88467681])"
2347,101318694,"array([-28.03248999,   6.66071073])"
2348,79167539,"array([-28.58556554,   7.44413571])"
2349,73728055,"array([-28.39089377,   7.33115716])"
2350,83034162,"array([-27.61546699,   6.77631265])"
2351,86573097,"array([-27.65340452,   7.03145016])"
2352,101253156,"array([-29.16127201,   6.75252241])"
2353,96403491,"array([-29.27247924,   7.11231931])"
2354,78970938,"array([-29.12568664,   6.97781548])"
2355,80412722,"array([-27.78015893,   7.27974298])"
2356,100335667,"array([-27.65737648,   5.4958308 ])"
2357,104136738,"array([-29.80328479,   8.66678791])"
2358,101253157,"array([-27.00287863,   6.27532872])"
2359,96403492,"array([-27.23587651,   6.34713125])"
2360,74121244,"array([-32.97432911,   6.21372107])"
2361,104529967,"array([-33.21554782,   6.21807458])"
2362,90505271,"array([-33.07136747,   6.03918639])"
2363,78970939,"array([-29.73468661,   6.21305158])"
2364,80019503,"array([-32.31998566,   5.46135213])"
2365,78970940,"array([-32.51287836,   5.59826384])"
2366,77463601,"array([-32.31436441,   5.67677455])"
2367,100466719,"array([-32.94895538,   5.16731064])"
2368,103153697,"array([-33.45865407,   4.42926777])"
2369,99876892,"array([-36.11939982,   4.92538581])"
2370,78905377,"array([-35.91657755,   5.01623542])"
2371,80412723,"array([-36.28629948,   5.05613631])"
2372,99352604,"array([26.55704149, 31.41587452])"
2373,104398892,"array([26.22927912, 31.67594698])"
2374,95092765,"array([-35.87203676,   5.26036741])"
2375,74317860,"array([-35.71639723,   5.20882501])"
2376,103874608,"array([-36.28327166,   5.50102884])"
2377,84410411,"array([17.5344613 , 51.45575473])"
2378,78839861,"array([17.69892348, 51.53769168])"
2379,79167540,"array([17.74227899, 51.33572581])"
2380,78577685,"array([27.04164201, 31.18273804])"
2381,74973218,"array([27.30142755, 31.09266711])"
2382,75431985,"array([-34.62133846,   3.46633328])"
2383,94699558,"array([-34.53223715,   3.35105684])"
2384,78970941,"array([-36.24992915,   4.35868984])"
2385,94175265,"array([-36.42436623,   4.19572605])"
2386,73662519,"array([-36.99632154,   4.23459308])"
2387,100335668,"array([-35.32939183,   4.05788107])"
2388,82444342,"array([-35.58546353,   4.12782705])"
2389,87359517,"array([-35.10885376,   3.87334307])"
2390,104923196,"array([-35.49154256,   0.84981322])"
2391,96141351,"array([-35.6824466 ,   0.92595977])"
2392,76087338,"array([-35.71901046,   1.14073591])"
2393,102498359,"array([-35.53438675,   0.97311584])"
2394,78905378,"array([-35.70299351,   0.79683946])"
2395,94306354,"array([-35.60261843,   0.73862476])"
2396,80150584,"array([-35.12062323,   0.22078291])"
2397,76021794,"array([-35.10576527,   0.42224101])"
2398,99876893,"array([-34.9476702 ,   0.35670526])"
2399,99680301,"array([-36.13713682,  -0.05829751])"
2400,78839862,"array([-35.98143153,  -0.24183268])"
2401,103153698,"array([-35.44286792,  -0.4195155 ])"
2402,78381110,"array([-35.48476864,  -0.26708799])"
2403,100991039,"array([-35.26839863,  -0.35929626])"
2404,84410412,"array([-35.32149942,  -0.16009629])"
2405,78970942,"array([-35.32170823,  -0.57803487])"
2406,101187644,"array([-34.99246454,   0.68105213])"
2407,101842989,"array([-34.49779859,   1.50405891])"
2408,94175266,"array([-35.04627504,   1.27320857])"
2409,78577686,"array([-34.82892192,   0.76699187])"
2410,99680302,"array([-3.43512811e+01,  6.99941404e-03])"
2411,78381111,"array([-35.3368654 ,   0.51715175])"
2412,104398893,"array([-35.46893309,   0.4332264 ])"
2413,104923197,"array([-35.94168048,   0.90534252])"
2414,76087339,"array([-35.97872368,   0.60581634])"
2415,103153699,"array([-34.65727429,   0.25872237])"
2416,76021795,"array([-34.53419058,   0.3402879 ])"
2417,80150585,"array([-34.57146074,   0.67352461])"
2418,90505272,"array([-33.86079257,   0.41987001])"
2419,104529968,"array([-34.00684272,   0.39200043])"
2420,104398894,"array([-34.32861526,   1.39386766])"
2421,102498360,"array([-34.5763233 ,  -0.31434014])"
2422,94306355,"array([-34.55252008,  -0.60208847])"
2423,80150586,"array([-34.77124671,  -0.43475017])"
2424,78577687,"array([-33.80304569,   0.05673368])"
2425,99876894,"array([-32.98865559,  -0.13292439])"
2426,94306356,"array([-3.28674631e+01,  9.19220393e-03])"
2427,103153700,"array([  9.2180882 , -12.61991774])"
2428,99680303,"array([  9.39305873, -12.66487178])"
2429,80150587,"array([-32.97616854,  -0.96715456])"
2430,80150588,"array([-32.19985559,  -0.85214908])"
2431,76021796,"array([-32.34045727,  -0.67430912])"
2432,101187645,"array([-32.33043988,   0.5666029 ])"
2433,78577688,"array([-32.29414396,   0.75281239])"
2434,102498361,"array([-32.51016174,   0.73639152])"
2435,96141352,"array([-31.50475222,   0.18129687])"
2436,104923198,"array([-32.65398028,   1.27652431])"
2437,76021797,"array([-32.52050662,   1.19166803])"
2438,99680304,"array([-32.67968315,   1.43219311])"
2439,78970943,"array([-32.75670762,   1.22845886])"
2440,96141353,"array([-32.52887218,   1.56433357])"
2441,103153701,"array([-32.82397009,   1.34064042])"
2442,80150589,"array([-32.55112069,   1.34291224])"
2443,94175267,"array([-32.4496695,   1.4885864])"
2444,84410413,"array([-32.10814256,   1.65348741])"
2445,78381112,"array([-32.37605017,   1.72415737])"
2446,87359518,"array([-32.20072088,   1.52161128])"
2447,74973219,"array([-32.1767395 ,   1.77894536])"
2448,74317861,"array([-32.63449523,   1.66160305])"
2449,100335669,"array([-32.71761386,   1.7521583 ])"
2450,78905379,"array([-32.29102177,   1.79610925])"
2451,95092766,"array([-32.38713823,   1.62644272])"
2452,94699559,"array([-32.31470832,   1.46707287])"
2453,73662520,"array([-32.53224313,   1.70977881])"
2454,74121245,"array([-32.46524173,   1.82376398])"
2455,98631715,"array([-32.25175536,   1.64227405])"
2456,104333347,"array([-32.65879571,   1.91777016])"
2457,94306357,"array([-32.83316088,   1.52182551])"
2458,101253158,"array([-31.55393093,   1.99586859])"
2459,101187646,"array([-33.13108234,   1.05748923])"
2460,78577689,"array([-33.33234233,   1.1591951 ])"
2461,101842990,"array([-31.99966148,   1.29704777])"
2462,102498362,"array([-31.82041286,   1.40499218])"
2463,104333348,"array([-32.97620028,   1.78202543])"
2464,78577690,"array([-32.33009792,   2.24821309])"
2465,79167541,"array([28.98636257, -5.45228568])"
2466,82444343,"array([28.94825306, -5.29260182])"
2467,100991041,"array([28.93580699, -5.54519236])"
2468,104792112,"array([28.83282343, -5.56624708])"
2469,101318696,"array([28.89076058, -5.38918455])"
2470,90570786,"array([29.34414758, -5.92732715])"
2471,75431986,"array([28.94124455, -5.81883505])"
2472,96993322,"array([29.29133873, -5.68176322])"
2473,74579991,"array([29.06525901, -5.57640888])"
2474,104136739,"array([28.46842663, -5.47279256])"
2475,86376495,"array([28.79370748, -5.27590461])"
2476,79757342,"array([28.59027813, -5.75020812])"
2477,104202279,"array([28.80164885, -5.46153756])"
2478,77922348,"array([28.6824855 , -5.36449421])"
2479,83034163,"array([28.58982079, -5.95606937])"
2480,73596976,"array([29.05303918, -5.33215405])"
2481,84475947,"array([28.66811981, -5.49753803])"
2482,86573098,"array([28.72014282, -5.63116913])"
2483,97189935,"array([29.08872277, -5.73656997])"
2484,77267006,"array([28.99975064, -5.66065482])"
2485,73728056,"array([28.77767755, -5.77570948])"
2486,95158314,"array([28.88972048, -5.71615721])"
2487,106627106,"array([28.78845622, -5.96229156])"
2488,102891565,"array([29.12039622, -5.43669436])"
2489,74514489,"array([29.33010433, -5.35319608])"
2490,73400368,"array([29.22367271, -5.51073593])"
2491,78184491,"array([28.90697392, -5.0809769 ])"
2492,101187647,"array([29.29283478, -4.49134941])"
2493,103153702,"array([29.23953122, -5.07898016])"
2494,99680306,"array([29.61943137, -6.02298795])"
2495,104333349,"array([29.76790894, -5.3488907 ])"
2496,94175268,"array([29.61233819, -5.64314109])"
2497,86966319,"array([28.5105781, -4.7150379])"
2498,74973220,"array([28.38360862, -3.8662122 ])"
2499,101318697,"array([27.92090733, -4.17395837])"
2500,77267007,"array([27.91220428, -3.97837183])"
2501,104333350,"array([27.72428949, -4.00520401])"
2502,99680307,"array([26.16185659, -3.55685152])"
2503,79167542,"array([26.19707224, -3.31295627])"
2504,73728057,"array([25.00576535, -3.26709905])"
2505,74579992,"array([24.89791525, -3.44277637])"
2506,97189936,"array([24.75157988, -3.2088652 ])"
2507,80150590,"array([25.00344905, -3.0634056 ])"
2508,96141354,"array([25.55276581, -2.9738548 ])"
2509,87359519,"array([25.5203924 , -2.65066781])"
2510,74317862,"array([25.24496081, -2.37134296])"
2511,78905380,"array([25.00258158, -2.64323949])"
2512,95092767,"array([25.01543171, -2.35256518])"
2513,104136740,"array([24.37542645, -3.28557297])"
2514,79757343,"array([24.49894917, -2.90705055])"
2515,78381113,"array([24.48530411, -2.72699525])"
2516,100335670,"array([24.29754161, -2.74851725])"
2517,102891566,"array([24.68656992, -2.56657915])"
2518,86573099,"array([24.54787895, -2.38648199])"
2519,86966320,"array([24.7501957 , -2.06998598])"
2520,104202280,"array([25.23623314, -2.62487555])"
2521,84475948,"array([25.20952102, -2.84460224])"
2522,77922349,"array([24.98003782, -4.10561078])"
2523,74514490,"array([24.75836844, -3.96889533])"
2524,73400369,"array([25.00149263, -3.90200397])"
2525,100991042,"array([25.06398975, -4.00795072])"
2526,82444344,"array([24.90429028, -3.96569433])"
2527,104333351,"array([25.8687705 , -2.97545862])"
2528,73596977,"array([-8.12787764, 12.91067204])"
2529,104792113,"array([-8.07858216, 13.04947043])"
2530,76283960,"array([25.33437397, -3.67127225])"
2531,78446634,"array([25.44069819, -3.5070021 ])"
2532,103153703,"array([25.76286803, -3.68496391])"
2533,90636324,"array([25.84202806, -3.53829061])"
2534,96075837,"array([23.87122805, -3.9137548 ])"
2535,94502949,"array([22.58777301, 26.93252156])"
2536,78184493,"array([22.26360279, 26.81235148])"
2537,83558438,"array([22.25370609, 27.10933941])"
2538,73728058,"array([24.25209448, -4.2332961 ])"
2539,79757344,"array([25.10359061, -4.81302995])"
2540,73596978,"array([25.2165894 , -4.70160353])"
2541,97189937,"array([25.07577842, -4.61039276])"
2542,95092768,"array([25.36565445, -5.3811022 ])"
2543,74579993,"array([25.23035136, -5.37666724])"
2544,100270114,"array([25.40972031, -5.14189998])"
2545,74317863,"array([25.56530534, -5.29694292])"
2546,104792114,"array([25.33717008, -5.51650944])"
2547,86376496,"array([25.68817634, -5.22948935])"
2548,75104303,"array([25.47975239, -5.51433623])"
2549,98304035,"array([25.43125593, -5.262846  ])"
2550,100335671,"array([25.63522726, -5.45265589])"
2551,78381114,"array([25.2572209 , -5.22840447])"
2552,80150591,"array([25.49742681, -5.39088753])"
2553,78905381,"array([24.01058213, -4.92493751])"
2554,104202281,"array([24.01803408, -5.15664436])"
2555,104136741,"array([25.59835676, -5.88704296])"
2556,100597803,"array([25.57816841, -5.10051693])"
2557,102891567,"array([24.73274433, -4.90657925])"
2558,87359520,"array([24.49920233, -5.21337645])"
2559,99680308,"array([24.69170082, -5.09103386])"
2560,78905382,"array([25.81340008, -4.80774287])"
2561,73728059,"array([26.08408539, -4.85081575])"
2562,100991043,"array([26.47253032, -5.34876145])"
2563,96075838,"array([26.28653505, -5.3234045 ])"
2564,103153704,"array([26.20509407, -5.51756646])"
2565,102694958,"array([25.84779369, -5.66907165])"
2566,73400370,"array([25.95821865, -5.84258983])"
2567,82444345,"array([24.77480651, -5.49448078])"
2568,76283961,"array([24.90216594, -6.27141713])"
2569,104202282,"array([25.25753119, -6.38432648])"
2570,103153705,"array([25.03588601, -5.74636321])"
2571,99876897,"array([24.49861134, -6.07516363])"
2572,78446635,"array([25.06782522, -6.00869496])"
2573,73728061,"array([26.06177372, -7.39513953])"
2574,73400371,"array([25.90630857, -7.39632356])"
2575,82444346,"array([26.42448233, -7.36346167])"
2576,74317864,"array([25.79931414, -6.444086  ])"
2577,78446636,"array([27.49874646, -9.82799772])"
2578,74579994,"array([27.4604457 , -9.96624785])"
2579,90636325,"array([26.34334572, -9.10900352])"
2580,83558439,"array([26.25986036, -9.32212309])"
2581,76283962,"array([26.70341524, -8.29037248])"
2582,104202283,"array([26.78649319, -8.52984648])"
2583,94502950,"array([26.5343447 , -8.56010595])"
2584,79757345,"array([25.66232092, -8.49384881])"
2585,104792115,"array([25.65602694, -8.26644569])"
2586,102891568,"array([27.79482014, -9.10556024])"
2587,99680309,"array([27.78971883, -8.93393419])"
2588,78381115,"array([27.64665518, -9.04090084])"
2589,74514491,"array([27.24988953, -8.93869732])"
2590,73400372,"array([28.37433306, -9.54397001])"
2591,73728062,"array([28.21862435, -9.50949376])"
2592,78184494,"array([27.47094904, -8.59776364])"
2593,74514492,"array([29.38812894, -9.6169326 ])"
2594,106627108,"array([29.54804516, -9.61597763])"
2595,102891569,"array([ 28.52545978, -10.01599693])"
2596,99680310,"array([ 28.45941277, -10.2199296 ])"
2597,83558441,"array([ 28.66571517, -10.16397538])"
2598,73400373,"array([31.09369866, -9.84557934])"
2599,73596979,"array([30.87478316, -9.83741097])"
2600,73728063,"array([30.19297748, -9.77800527])"
2601,104792116,"array([25.3862608 , -8.74495354])"
2602,106627109,"array([ 23.4683288 , -12.45640179])"
2603,87359522,"array([ 23.28793595, -12.46330383])"
2604,99680311,"array([ 23.23263529, -12.09934579])"
2605,82444347,"array([ 23.08850852, -12.18136826])"
2606,76283963,"array([ 23.0538836 , -12.66542872])"
2607,78905383,"array([ 23.00281592, -12.82779419])"
2608,86376497,"array([ 21.80357517, -12.64464483])"
2609,75104304,"array([ 21.96787384, -12.72057528])"
2610,96075839,"array([ 22.96289725, -12.45266903])"
2611,94502952,"array([ 21.72204573, -12.14530325])"
2612,78381116,"array([ 21.11124078, -13.12830748])"
2613,102891570,"array([ 21.40946994, -12.96977368])"
2614,73400374,"array([ 22.66547692, -12.78166262])"
2615,83558442,"array([ 22.50474857, -12.67676665])"
2616,98304036,"array([ 22.5242547 , -12.84335421])"
2617,100335672,"array([ 22.57199946, -12.9953166 ])"
2618,86573100,"array([ 23.70114332, -12.74200596])"
2619,86966321,"array([ 23.91233942, -12.64172792])"
2620,101318698,"array([ 23.0535417 , -11.86250213])"
2621,96993323,"array([ 22.93057362, -12.01832652])"
2622,83034164,"array([ 21.23128713, -12.0692016 ])"
2623,94175269,"array([ 22.24785154, -12.31895925])"
2624,90570787,"array([ 24.43332292, -12.73669585])"
2625,77267008,"array([ 22.06600749, -13.22402929])"
2626,74317865,"array([ 23.03494105, -11.33589921])"
2627,100597804,"array([ 22.96533794, -11.09507381])"
2628,83558443,"array([ 22.6773802 , -11.74818166])"
2629,82444348,"array([ 22.5006191 , -11.59832011])"
2630,83034165,"array([ 22.05755433, -11.29397874])"
2631,74317866,"array([ 21.93763638, -12.40972046])"
2632,74317867,"array([ 23.25587524, -12.97914043])"
2633,94175270,"array([ 23.10341052, -13.12293725])"
2634,102891571,"array([ 23.29839458, -13.14358435])"
2635,96141355,"array([ 20.93499536, -14.52644368])"
2636,90570788,"array([ 20.91592983, -14.70658978])"
2637,96993324,"array([ 20.79414147, -14.56204435])"
2638,101187648,"array([ 20.73914697, -14.69749565])"
2639,100991044,"array([ 21.06318963, -14.59527204])"
2640,99680312,"array([ 20.63924229, -14.52542098])"
2641,101318699,"array([ 21.1536231 , -14.85830221])"
2642,100270115,"array([ 20.80828692, -14.39911648])"
2643,103153706,"array([ 20.98805933, -14.39910581])"
2644,79167543,"array([ 20.83836871, -13.10888459])"
2645,97189938,"array([ 19.19033703, -14.65550329])"
2646,99876898,"array([ 19.24127088, -14.43773647])"
2647,95158315,"array([ 21.67758785, -15.39832406])"
2648,83034166,"array([ 20.65168738, -13.79475325])"
2649,76021798,"array([ 19.8706486 , -14.43719618])"
2650,80150592,"array([ 20.33754768, -14.80481587])"
2651,87359523,"array([ 19.56117268, -14.76977705])"
2652,73269291,"array([ 19.93435985, -14.69530751])"
2653,88604708,"array([ 19.77421129, -14.77106454])"
2654,104923200,"array([ 19.66463596, -14.64232777])"
2655,103874609,"array([ 20.100501  , -14.63232029])"
2656,99352605,"array([ 20.26156785, -14.60956876])"
2657,98631716,"array([ 19.46792927, -14.88379689])"
2658,100466720,"array([ 19.6907167 , -14.43096815])"
2659,78577691,"array([ 20.91698936, -13.49051773])"
2660,77922350,"array([ 20.65549379, -13.27519034])"
2661,77463602,"array([ 20.23147458, -14.98687963])"
2662,94699560,"array([ 19.84625673, -14.2969473 ])"
2663,94306358,"array([ 19.53416992, -15.01014952])"
2664,105906204,"array([ 19.50948017, -14.53163756])"
2665,104529969,"array([ 19.69998689, -14.94966314])"
2666,80019504,"array([ 20.25367785, -14.41989075])"
2667,78839863,"array([ 19.73994509, -15.12408187])"
2668,104136742,"array([ 19.51310707, -15.29283069])"
2669,102498363,"array([ 19.97191611, -15.19128639])"
2670,84410414,"array([ 20.12270574, -14.81875415])"
2671,104333352,"array([ 19.72348393, -14.24423127])"
2672,78118941,"array([ 19.91540252, -14.9720506 ])"
2673,73662521,"array([ 19.82203086, -14.61290435])"
2674,104398895,"array([ 19.98056303, -14.83909583])"
2675,79953920,"array([ 20.01686117, -14.41963034])"
2676,78970945,"array([ 20.0970084 , -15.05603661])"
2677,74776627,"array([ 20.06981576, -14.22687212])"
2678,101842991,"array([ 19.44966625, -13.8652237 ])"
2679,96403493,"array([ 19.23746506, -13.58722959])"
2680,93716522,"array([ 19.61269273, -12.9209536 ])"
2681,78446637,"array([ 19.46078234, -12.6003103 ])"
2682,102694960,"array([ 19.03633899, -13.61288494])"
2683,100597805,"array([ 20.3323595 , -13.78620682])"
2684,79757346,"array([ 20.08805697, -13.52139459])"
2685,90505273,"array([ 19.95691366, -13.69889782])"
2686,73728064,"array([ 20.10672774, -13.82752848])"
2687,94175271,"array([ 19.92405907, -13.87729411])"
2688,74317868,"array([ 19.61544793, -13.88243024])"
2689,73400375,"array([ 19.65680243, -13.7689444 ])"
2690,102891572,"array([ 19.33480282, -13.7685898 ])"
2691,106627110,"array([ 20.17414728, -13.99078009])"
2692,82444349,"array([ 20.00420771, -13.9803705 ])"
2693,86966322,"array([ 20.15685179, -13.65261771])"
2694,75104305,"array([ 20.09470751, -13.26396151])"
2695,78905384,"array([ 19.89954547, -13.59307431])"
2696,95092770,"array([ 19.89077763, -13.22503313])"
2697,98304038,"array([ 20.3830132 , -13.25877697])"
2698,101253159,"array([ 19.93548695, -13.43431161])"
2699,77267009,"array([ 20.28081604, -13.49228271])"
2700,103153707,"array([ 19.13365595, -14.2010359 ])"
2701,100335673,"array([ 19.57919746, -13.54971485])"
2702,104792117,"array([ 19.62403325, -13.20315084])"
2703,74973221,"array([ 19.72529856, -13.30104226])"
2704,84475951,"array([ 19.67662929, -13.45908824])"
2705,90636326,"array([ 19.73137402, -13.60226337])"
2706,96075840,"array([ 19.39451734, -13.6403953 ])"
2707,78184495,"array([ 19.80266353, -13.46972246])"
2708,95158316,"array([ 19.78940974, -13.01233069])"
2709,101187649,"array([ 19.15207614, -12.9632073 ])"
2710,96993325,"array([ 19.38223265, -12.90501963])"
2711,78577692,"array([ 20.02253868, -13.05795737])"
2712,90570789,"array([ 19.54229855, -13.70318987])"
2713,74121246,"array([ 19.53891251, -13.42606296])"
2714,101318700,"array([ 19.78952557, -13.75881518])"
2715,100270116,"array([ 18.87988732, -13.60390754])"
2716,97189939,"array([ 19.2815248 , -13.98182268])"
2717,79167544,"array([ 19.0924518, -13.9492593])"
2718,74514493,"array([ 18.76759101, -13.21009524])"
2719,77922351,"array([ 18.59361043, -13.75245062])"
2720,99680313,"array([ 19.19570111, -13.75322728])"
2721,96141356,"array([ 19.02464042, -13.39919596])"
2722,86376498,"array([ 19.39512601, -13.50514051])"
2723,83558444,"array([ 19.22478461, -13.41317211])"
2724,94502953,"array([ 19.08247857, -13.17136964])"
2725,104202284,"array([ 19.76793262, -13.97094248])"
2726,73596980,"array([ 19.50739897, -13.99141916])"
2727,86573101,"array([ 19.35460884, -13.33825663])"
2728,74579995,"array([ 19.64860445, -14.0808727 ])"
2729,76087341,"array([ 18.89312886, -14.07587051])"
2730,78839864,"array([ 19.41341316, -14.15670198])"
2731,104923201,"array([ 18.77384449, -13.88536259])"
2732,100991045,"array([ 19.68776795, -11.51187211])"
2733,73269292,"array([ 18.45205558, -13.01620993])"
2734,102498364,"array([ 18.62186316, -13.06740441])"
2735,94306359,"array([ 18.82395558, -14.4791303 ])"
2736,104529970,"array([ 18.66352339, -14.60936671])"
2737,84410415,"array([ 18.47747374, -14.52306194])"
2738,88604709,"array([ 18.43295462, -14.36258349])"
2739,78381117,"array([ 18.64953456, -14.22482601])"
2740,99352606,"array([ 18.67094917, -14.40140743])"
2741,100270117,"array([ 18.8016563 , -14.28115276])"
2742,96993326,"array([ 18.13557897, -14.07101769])"
2743,73662522,"array([ 18.25690869, -13.96601869])"
2744,101187650,"array([ 18.38793888, -13.46933526])"
2745,78446638,"array([ 18.1526493 , -13.56152515])"
2746,78839865,"array([ 17.86531484, -13.25880235])"
2747,99876899,"array([ 17.70518844, -13.32973327])"
2748,93716523,"array([ 18.24746614, -12.77262361])"
2749,83034167,"array([ 18.07710343, -12.68098498])"
2750,102891574,"array([ 18.57747095, -12.44995137])"
2751,96141357,"array([ 18.5687159, -12.1968959])"
2752,78905385,"array([ 17.95393349, -13.09873715])"
2753,96403495,"array([ 17.75123336, -12.84643918])"
2754,74776628,"array([ 17.79918503, -12.65164296])"
2755,73400376,"array([ 18.08785131, -12.31639959])"
2756,90636327,"array([ 17.95684612, -12.14420266])"
2757,101842992,"array([ 17.91080714, -12.47614981])"
2758,82444350,"array([ 17.76686814, -12.39741442])"
2759,84410416,"array([ 18.67736674, -11.18766772])"
2760,78118942,"array([ 17.28369437, -13.17148575])"
2761,76087342,"array([ 16.96719597, -13.38856829])"
2762,74317870,"array([ 17.42173398, -13.02642939])"
2763,102694961,"array([ 16.93737212, -11.9013948 ])"
2764,98631717,"array([ 16.51620588, -12.9337408 ])"
2765,99680314,"array([ 15.93668333, -13.3985023 ])"
2766,80019505,"array([ 16.55889925, -13.23177425])"
2767,86573102,"array([ 16.72501942, -13.08444243])"
2768,74776629,"array([ 16.98602462, -12.89519486])"
2769,77463603,"array([ 17.11990174, -12.35960962])"
2770,80019506,"array([ 16.46413861, -12.17931997])"
2771,83034168,"array([ 17.19442619, -11.43205554])"
2772,103874610,"array([ 16.53258969, -11.31703635])"
2773,104398896,"array([ 16.7098393 , -11.57248997])"
2774,90505274,"array([ 15.90663569, -10.29433087])"
2775,80150593,"array([ 16.03224619, -10.55583829])"
2776,79757347,"array([ 16.8643222, -10.3506796])"
2777,99680315,"array([ 15.82349685, -12.19035949])"
2778,75104306,"array([ 16.08206444, -12.03952527])"
2779,78839866,"array([ 16.05396395, -11.24967284])"
2780,104398897,"array([ 16.24728604, -11.44512421])"
2781,76087343,"array([ 15.53608984, -10.35825516])"
2782,83034169,"array([ 15.75196656, -10.53479812])"
2783,86966323,"array([ 15.32447077, -10.60663765])"
2784,74514494,"array([ 15.45705599, -10.71721231])"
2785,86376499,"array([ 15.2189172 , -11.01400164])"
2786,93716524,"array([ 15.24172625, -11.83167631])"
2787,80019507,"array([ 15.92388711, -10.10148891])"
2788,74579997,"array([15.75118066, -9.60499067])"
2789,74317871,"array([15.38034596, -9.64031299])"
2790,78905386,"array([15.23643661, -9.60450562])"
2791,99680316,"array([ 14.91286988, -10.52035162])"
2792,73400377,"array([ 13.82975419, -10.00600611])"
2793,103874611,"array([14.02186938, -9.95605163])"
2794,102694962,"array([14.63558828, -9.83472525])"
2795,78839867,"array([ 13.61978869, -11.49671394])"
2796,104398898,"array([ 13.91703041, -11.28257248])"
2797,83558445,"array([ 14.61635098, -10.05693369])"
2798,84475952,"array([ 14.49886422, -10.15520588])"
2799,90570790,"array([ 14.81952712, -10.09447929])"
2800,75104307,"array([14.91117547, -9.96907287])"
2801,77267010,"array([13.85936813, -9.73180572])"
2802,105906205,"array([13.73280576, -9.78842041])"
2803,94699561,"array([15.92388382, -8.99247526])"
2804,100597806,"array([15.99971067, -9.11701785])"
2805,73596981,"array([16.37326467, -9.32483866])"
2806,79167545,"array([16.1694249 , -9.48045123])"
2807,104792118,"array([16.55510468, -9.42959121])"
2808,104202285,"array([16.351025  , -9.53930055])"
2809,86376500,"array([15.72993932, -9.41134474])"
2810,104333353,"array([14.23762826, -9.74677154])"
2811,83034170,"array([ 15.27327904, -10.29700024])"
2812,74776630,"array([16.48180969, -8.82843319])"
2813,76283965,"array([15.09202894, -9.27072746])"
2814,90636329,"array([15.05029659, -8.86773443])"
2815,98631718,"array([14.95288833, -8.77682274])"
2816,106627113,"array([14.94252039, -9.17286103])"
2817,104398899,"array([14.7323997 , -9.29985343])"
2818,99876901,"array([14.5628759 , -9.20507203])"
2819,80019508,"array([14.3979144 , -9.36620157])"
2820,80150594,"array([14.22341556, -9.48784392])"
2821,77267011,"array([15.48286234, -9.1814334 ])"
2822,101318702,"array([15.06882594, -9.74476847])"
2823,82444351,"array([14.98534478, -9.63191333])"
2824,90505275,"array([15.51078799, -9.82530249])"
2825,94175272,"array([ 15.62882824, -10.04350721])"
2826,77463604,"array([16.22769394, -9.72232168])"
2827,105906206,"array([16.39652662, -9.80570835])"
2828,73400378,"array([16.40917227, -9.66657887])"
2829,78839868,"array([14.4183194 , -9.63481621])"
2830,73596982,"array([14.55874915, -9.55574155])"
2831,104398900,"array([16.80894738, -9.13034684])"
2832,84410417,"array([15.75299243, -7.55510627])"
2833,102891575,"array([15.61230793, -7.70218582])"
2834,96141358,"array([15.77941929, -7.76858153])"
2835,104923202,"array([15.40819744, -8.31088871])"
2836,87359524,"array([15.60888744, -8.30464636])"
2837,73269293,"array([15.43772301, -8.46323778])"
2838,78118943,"array([15.03810139, -8.03291225])"
2839,96403496,"array([15.14638511, -7.87269336])"
2840,102498365,"array([15.2260501 , -8.08353813])"
2841,76087344,"array([14.81348317, -7.02795189])"
2842,94699562,"array([14.93606644, -7.3322094 ])"
2843,84410418,"array([35.41450124, 18.67017447])"
2844,87359525,"array([35.11562528, 18.29298324])"
2845,78118944,"array([36.11447938, 17.26378818])"
2846,73269294,"array([36.01422499, 17.14081324])"
2847,76087345,"array([36.3077843 , 17.14447547])"
2848,102891576,"array([35.24397791, 16.76103319])"
2849,96141359,"array([35.09894603, 16.74030652])"
2850,74579998,"array([35.23658758, 16.5832056 ])"
2851,94699563,"array([34.56426949, 17.22682654])"
2852,96403497,"array([34.52225436, 17.33203782])"
2853,95158317,"array([35.82715781, 16.73902642])"
2854,86573103,"array([35.63602034, 16.90587378])"
2855,86376501,"array([35.9334436, 16.101327 ])"
2856,94175273,"array([35.7579172 , 16.31434465])"
2857,104923204,"array([34.74940138, 17.81381029])"
2858,79167546,"array([34.8568135 , 17.70092132])"
2859,73400379,"array([34.79364513, 17.60443794])"
2860,74317872,"array([34.67634991, 17.63010258])"
2861,74514495,"array([35.2955818 , 17.33919661])"
2862,74776631,"array([35.11721621, 17.59198213])"
2863,101842993,"array([35.27994021, 17.65264079])"
2864,104792119,"array([35.10057089, 17.78382599])"
2865,77463605,"array([35.45121512, 17.43916176])"
2866,104202286,"array([34.32831255, 17.35967805])"
2867,90636330,"array([34.31896991, 17.23213958])"
2868,86966324,"array([36.05136503, 18.07726496])"
2869,78970947,"array([35.89981799, 17.95237094])"
2870,105906207,"array([36.14365254, 17.96184963])"
2871,104398901,"array([35.24508584, 17.07050134])"
2872,98631719,"array([35.07592641, 17.08378097])"
2873,95158318,"array([35.01732981, 18.82151001])"
2874,90505276,"array([34.90647866, 18.56392873])"
2875,94306361,"array([36.32599338, 16.51710701])"
2876,101318703,"array([33.8443282 , 17.60506391])"
2877,90570791,"array([34.00805457, 17.6071165 ])"
2878,76283966,"array([35.01467496, 16.04748709])"
2879,90505277,"array([34.47648476, 17.57977166])"
2880,95158319,"array([34.30357703, 16.7119926 ])"
2881,106627114,"array([34.31563282, 16.56347596])"
2882,86573104,"array([34.41114716, 17.05217785])"
2883,78905388,"array([34.42077654, 16.90620369])"
2884,100597807,"array([34.14307981, 17.02546753])"
2885,102694963,"array([33.86407044, 17.26790554])"
2886,82444352,"array([34.00919675, 17.27431369])"
2887,101842994,"array([34.81023023, 16.88058596])"
2888,94306362,"array([34.68517517, 17.02626403])"
2889,84410419,"array([34.4701924 , 17.90502496])"
2890,74776632,"array([34.33738495, 17.80082481])"
2891,87359526,"array([34.9623643 , 16.44539936])"
2892,76087346,"array([35.50678736, 18.22899489])"
2893,78118945,"array([35.38624117, 17.99089179])"
2894,74580000,"array([35.66122619, 17.60770483])"
2895,96141361,"array([34.68466143, 16.49366916])"
2896,74776633,"array([34.57565503, 16.62019862])"
2897,104398902,"array([33.30603653, 16.66009794])"
2898,74514496,"array([33.45544473, 16.7039238 ])"
2899,104923205,"array([34.88045254, 17.474667  ])"
2900,76087347,"array([34.02100408, 16.56468852])"
2901,98631720,"array([33.90045706, 16.80622888])"
2902,87359527,"array([33.88749428, 16.38693306])"
2903,104792120,"array([33.73893794, 16.21500283])"
2904,90505278,"array([33.70967873, 16.79476317])"
2905,79757348,"array([33.77398005, 16.52212423])"
2906,99680317,"array([34.12505541, 16.22232686])"
2907,103153708,"array([33.55834452, 17.34761986])"
2908,104136744,"array([33.3295232 , 17.37831771])"
2909,86376502,"array([33.33297972, 17.02857462])"
2910,88604710,"array([33.28976931, 17.17174519])"
2911,73269295,"array([33.60835485, 17.06058169])"
2912,73662523,"array([33.7927478 , 17.01788078])"
2913,101187651,"array([33.55332157, 16.42159427])"
2914,100991046,"array([33.74726496, 17.3812226 ])"
2915,78446639,"array([33.69175871, 17.53208021])"
2916,78118946,"array([33.73872562, 15.595805  ])"
2917,101842995,"array([32.57533053, 17.59740034])"
2918,74776634,"array([32.82124242, 17.37819313])"
2919,96141362,"array([33.00088001, 17.97892385])"
2920,95158320,"array([32.98182129, 18.39304353])"
2921,90505279,"array([32.74297124, 18.28246925])"
2922,94306363,"array([32.09536683, 16.99395982])"
2923,106627115,"array([33.62123347, 17.73633334])"
2924,94699564,"array([33.450567 , 17.5797113])"
2925,78118947,"array([32.81005089, 16.67055019])"
2926,96993328,"array([32.76115283, 16.82680615])"
2927,104792121,"array([32.62581064, 16.88276192])"
2928,87359528,"array([32.91654222, 16.88643646])"
2929,79757349,"array([32.77168327, 17.02640664])"
2930,77922353,"array([32.63598648, 16.67070008])"
2931,104529971,"array([32.46858523, 17.78414185])"
2932,96403498,"array([32.31989861, 17.77127163])"
2933,76087348,"array([33.08087818, 18.74949997])"
2934,80150595,"array([32.74816201, 18.53741183])"
2935,86573105,"array([32.5473787 , 18.19460379])"
2936,98631721,"array([32.68026436, 17.9994462 ])"
2937,73596983,"array([32.44651855, 18.03118032])"
2938,78839869,"array([33.04487029, 17.72701485])"
2939,78905389,"array([32.84813559, 17.74660532])"
2940,101187652,"array([31.61552609, 18.13004307])"
2941,100270118,"array([31.64733548, 18.23957815])"
2942,99352607,"array([32.00004112, 18.11352343])"
2943,80019509,"array([31.8589175 , 18.24873337])"
2944,104923206,"array([32.12975072, 18.26571916])"
2945,73662524,"array([32.13895865, 18.4904613 ])"
2946,104333354,"array([33.38034501, 18.04191827])"
2947,90636331,"array([33.47395565, 18.32104836])"
2948,73269296,"array([33.27227114, 18.20714065])"
2949,102694964,"array([33.05799647, 17.20107632])"
2950,100991047,"array([32.77592689, 18.75991432])"
2951,74514497,"array([32.60253531, 18.63061933])"
2952,82444353,"array([32.55183182, 18.7535612 ])"
2953,106627116,"array([32.69420741, 18.87240361])"
2954,86376503,"array([32.103483  , 19.10180579])"
2955,78381118,"array([32.19655866, 18.97821   ])"
2956,79167547,"array([32.25855101, 19.17776241])"
2957,73400380,"array([32.31572527, 19.0080066 ])"
2958,94699565,"array([32.05114722, 18.68147331])"
2959,78446640,"array([32.53304538, 18.44361724])"
2960,104202287,"array([32.14352244, 19.46011728])"
2961,79953921,"array([31.98109067, 19.40694293])"
2962,94502955,"array([31.85388049, 20.24644166])"
2963,74973222,"array([31.72604499, 19.63457793])"
2964,99680318,"array([32.00625337, 19.66876988])"
2965,94306364,"array([32.88212537, 19.43002468])"
2966,104398903,"array([32.86913034, 19.67697538])"
2967,74317873,"array([32.6973538 , 19.48313929])"
2968,88604711,"array([32.23215201, 19.84452131])"
2969,104792122,"array([32.41907385, 19.76278496])"
2970,77922354,"array([32.83780734, 19.19710923])"
2971,96993329,"array([32.62397922, 19.14549325])"
2972,78118948,"array([32.44679403, 19.32158032])"
2973,87359529,"array([31.22920338, 18.35537228])"
2974,79757350,"array([31.12541631, 18.22671961])"
2975,102694965,"array([31.7069602 , 18.88732095])"
2976,73269297,"array([31.7845115 , 19.02835162])"
2977,101842996,"array([31.0260057 , 18.43902917])"
2978,73596984,"array([30.96505637, 18.57285209])"
2979,74973223,"array([30.92478397, 18.36838328])"
2980,78839870,"array([30.85950313, 18.46833858])"
2981,99680319,"array([31.44431929, 18.35348645])"
2982,90636332,"array([31.36548804, 18.18529365])"
2983,94502956,"array([31.42098385, 19.2408678 ])"
2984,103153709,"array([31.46035551, 18.79992784])"
2985,104333355,"array([31.51330721, 19.03764304])"
2986,104136745,"array([32.36663062, 19.48587932])"
2987,76087349,"array([31.49552064, 17.5753252 ])"
2988,75104308,"array([31.31517857, 17.64069703])"
2989,104792123,"array([30.53134723, 18.63573413])"
2990,88604712,"array([30.57640714, 18.79771851])"
2991,90505280,"array([30.65288481, 18.60401346])"
2992,104202288,"array([30.46983636, 18.05901151])"
2993,79167548,"array([30.60788757, 17.91624931])"
2994,79953922,"array([30.47083571, 17.87987862])"
2995,104136746,"array([30.55529357, 17.74547027])"
2996,78381119,"array([30.55916608, 18.35684614])"
2997,86376504,"array([30.72054795, 18.24596269])"
2998,95158321,"array([31.19190137, 18.49223676])"
2999,73400381,"array([30.68939434, 18.36683798])"
3000,78118949,"array([30.85726573, 17.92646118])"
3001,82444354,"array([30.8566233, 18.0655718])"
3002,74514498,"array([30.68714889, 18.05477699])"
3003,104398904,"array([30.97074492, 17.72772548])"
3004,73662525,"array([30.72973385, 17.76024154])"
3005,77922355,"array([30.66490064, 17.62356506])"
3006,74776635,"array([30.4335927 , 18.21802688])"
3007,96993330,"array([30.94470395, 17.51842788])"
3008,101318704,"array([30.85814253, 17.651154  ])"
3009,78905390,"array([30.57089599, 18.19433147])"
3010,94306365,"array([30.77688385, 17.52103598])"
3011,86573106,"array([30.22593156, 17.77747375])"
3012,104923207,"array([30.27571237, 17.5949588 ])"
3013,96141363,"array([30.34838583, 17.75669827])"
3014,98631722,"array([30.07562192, 17.49074268])"
3015,94502957,"array([31.27950584, 17.90857211])"
3016,104333356,"array([31.07512482, 17.96823464])"
3017,103153710,"array([30.12139052, 17.68710588])"
3018,101253160,"array([30.43292525, 17.60594545])"
3019,76021799,"array([30.47936159, 17.44839876])"
3020,78577693,"array([30.14436961, 17.95672991])"
3021,94699566,"array([29.77920274, 18.08249309])"
3022,90570792,"array([30.34292078, 18.06226947])"
3023,106627117,"array([31.15178267, 17.43315433])"
3024,74317874,"array([30.2699885 , 17.93601299])"
3025,104529972,"array([31.74480528, 17.7867217 ])"
3026,98304039,"array([30.55356596, 16.99285861])"
3027,83558446,"array([30.64259521, 17.28282531])"
3028,95092771,"array([30.19990338, 18.12391777])"
3029,96075841,"array([30.17701876, 18.25532431])"
3030,100466721,"array([30.0425623 , 18.14914149])"
3031,97189940,"array([29.95124312, 17.75763869])"
3032,78184496,"array([29.96781884, 17.89247118])"
3033,74121247,"array([30.3542766 , 18.34047723])"
3034,100335674,"array([30.40129138, 18.49911995])"
3035,102694966,"array([30.00828089, 18.57491156])"
3036,100270119,"array([30.06331869, 18.42147184])"
3037,80019510,"array([29.96486489, 18.71761676])"
3038,99680320,"array([30.31503372, 18.65682224])"
3039,106627118,"array([30.21959972, 18.543799  ])"
3040,78446641,"array([30.18624075, 18.78979984])"
3041,98304040,"array([29.58761093, 18.0836459 ])"
3042,76021800,"array([29.83156056, 18.30974553])"
3043,101253161,"array([29.69378217, 18.2922772 ])"
3044,80150596,"array([28.82450584, 17.17754263])"
3045,78577694,"array([29.65028687, 17.88864772])"
3046,74317875,"array([29.69417673, 17.7481652 ])"
3047,83558447,"array([29.46906047, 18.79183917])"
3048,73728065,"array([29.56231732, 18.65543051])"
3049,78905391,"array([30.34595137, 18.99306315])"
3050,96403499,"array([29.68456931, 18.4620419 ])"
3051,90636333,"array([29.82042315, 18.49966934])"
3052,104529973,"array([29.70934322, 18.60492369])"
3053,103153711,"array([29.98275737, 19.06511003])"
3054,96141364,"array([29.90689941, 19.25090767])"
3055,104923208,"array([29.62785131, 19.11058883])"
3056,86573107,"array([29.47652754, 19.21204637])"
3057,80150597,"array([29.3151676, 18.0229012])"
3058,98631723,"array([29.46015216, 18.2229029 ])"
3059,73269298,"array([29.23262438, 17.74617508])"
3060,74776636,"array([29.44082388, 17.88686702])"
3061,78118950,"array([29.24073384, 19.04647442])"
3062,95158322,"array([29.08726838, 19.26884768])"
3063,104333357,"array([29.24783035, 18.77814267])"
3064,79757351,"array([29.25102183, 18.59875294])"
3065,73596985,"array([29.07662177, 18.55342345])"
3066,82444355,"array([29.07463817, 18.8044827 ])"
3067,74514499,"array([28.95655139, 18.64742943])"
3068,79167549,"array([29.16584871, 18.13122385])"
3069,80019511,"array([29.04282028, 17.97329732])"
3070,100270120,"array([28.93292989, 19.64402406])"
3071,102694967,"array([28.47302643, 18.62145068])"
3072,79953923,"array([28.5787746 , 18.75227077])"
3073,73400382,"array([28.71715859, 18.86907382])"
3074,78839871,"array([28.26400502, 18.81118163])"
3075,106627119,"array([28.54297077, 18.95872213])"
3076,104136747,"array([28.25063586, 19.11717271])"
3077,78381120,"array([28.49008257, 18.36087458])"
3078,101842997,"array([29.03495078, 18.34772787])"
3079,104202289,"array([28.84405097, 18.39923023])"
3080,99680321,"array([28.90250632, 18.2249747 ])"
3081,86376505,"array([28.16180564, 18.27601004])"
3082,86573108,"array([28.45329697, 18.04795634])"
3083,78905392,"array([28.63924751, 18.14192477])"
3084,75104309,"array([ 26.89761988, -17.64370096])"
3085,86966325,"array([ 26.58420504, -17.48448371])"
3086,94175274,"array([ 26.5566443 , -17.65069033])"
3087,76087350,"array([ 27.66312652, -17.71207532])"
3088,100991048,"array([ 27.82424875, -17.98704898])"
3089,77267012,"array([ 27.81999672, -17.76865939])"
3090,84410420,"array([ 27.40426563, -18.10596341])"
3091,100597808,"array([ 27.67139372, -18.11912058])"
3092,86966326,"array([ 28.26908956, -18.46562654])"
3093,94175275,"array([ 28.02976588, -18.49042808])"
3094,83034171,"array([ 28.1622376 , -18.57931637])"
3095,87359531,"array([ 28.28385371, -18.59533078])"
3096,79757352,"array([ 28.17309795, -18.40680602])"
3097,78970948,"array([ 28.12601709, -18.04446664])"
3098,73596986,"array([ 28.41070398, -18.16572257])"
3099,99352609,"array([ 28.45469432, -18.01614977])"
3100,82444356,"array([ 28.26157749, -17.75759967])"
3101,104333358,"array([ 28.57881147, -18.55317743])"
3102,79167550,"array([ 28.72580116, -18.47328676])"
3103,74514500,"array([ 28.55340522, -18.42882655])"
3104,100991049,"array([ 29.40455094, -18.89396862])"
3105,75104310,"array([ 29.58968331, -18.71092458])"
3106,82444357,"array([ 29.64594947, -18.97428267])"
3107,80019512,"array([ 29.75297417, -19.3554921 ])"
3108,90636334,"array([ 29.61854184, -19.29819261])"
3109,76283967,"array([ 29.72441249, -19.22836931])"
3110,84410421,"array([ 29.02481309, -19.5392668 ])"
3111,100597809,"array([ 29.2213989 , -19.48197505])"
3112,78970949,"array([ 29.0497905 , -19.36048162])"
3113,76087351,"array([ 29.5555808 , -16.78780291])"
3114,77267013,"array([ 29.45891875, -17.82464125])"
3115,99352610,"array([ 29.50284598, -17.4010668 ])"
3116,73596987,"array([ 29.17523225, -18.86797512])"
3117,79757353,"array([ 29.48774392, -19.63616449])"
3118,86966327,"array([ 29.40896775, -19.7944792 ])"
3119,83034172,"array([ 29.64127013, -18.38971241])"
3120,87359532,"array([ 29.84721007, -18.17357392])"
3121,94175276,"array([ 28.97800709, -19.08449594])"
3122,80150598,"array([ 30.05319492, -19.8152821 ])"
3123,84475953,"array([ 30.0160729 , -19.70343014])"
3124,77463606,"array([ 30.16777065, -19.74844015])"
3125,73269299,"array([ 30.16490734, -19.87433899])"
3126,98631724,"array([ 30.25285447, -19.74193524])"
3127,79167551,"array([ 29.42651455, -19.40058328])"
3128,74514501,"array([ 29.4086684 , -19.27640203])"
3129,98304041,"array([ 29.55920187, -19.44089424])"
3130,105906208,"array([ 30.15490868, -19.6392828 ])"
3131,74973225,"array([ 29.98829493, -18.99024437])"
3132,99876902,"array([ 29.8812461 , -19.20193336])"
3133,86573109,"array([ 29.35303397, -18.65798706])"
3134,78381121,"array([ 29.66828434, -19.54758946])"
3135,78905393,"array([ 29.59064541, -19.81168745])"
3136,104333359,"array([ 29.51978131, -19.18406978])"
3137,101842998,"array([ 29.64616609, -19.67851747])"
3138,104136748,"array([ 29.18768129, -19.93498691])"
3139,94699567,"array([ 29.89793777, -19.47133278])"
3140,104202290,"array([ 29.82404761, -19.75918993])"
3141,96403500,"array([ 30.27658284, -18.90777554])"
3142,78839872,"array([ 29.99418018, -19.3909506 ])"
3143,86376506,"array([ 30.07454401, -19.22528192])"
3144,104529974,"array([ 29.99309902, -18.67133116])"
3145,77267014,"array([ 30.34060332, -19.48101895])"
3146,99680322,"array([ 30.18074007, -19.4480836 ])"
3147,87359533,"array([ 29.27357373, -20.16941956])"
3148,83034173,"array([ 29.58298677, -20.05512652])"
3149,99352611,"array([ 29.89085958, -19.89937175])"
3150,106627120,"array([ 30.36232585, -20.37237714])"
3151,73400383,"array([ 30.23188552, -20.27839093])"
3152,102694968,"array([ 29.2063769 , -19.74769589])"
3153,79953924,"array([ 29.31327355, -19.61197706])"
3154,78118951,"array([ 29.78601789, -20.25206821])"
3155,100270121,"array([ 29.74763784, -20.13577764])"
3156,95158323,"array([ 29.88031472, -20.1469658 ])"
3157,100991050,"array([ 30.09073252, -20.22577563])"
3158,86573110,"array([ 29.99039987, -20.85545629])"
3159,94175277,"array([ 30.15770376, -20.11066846])"
3160,88604713,"array([ 29.94849986, -20.264126  ])"
3161,83558448,"array([ 30.04841039, -21.1163394 ])"
3162,73728066,"array([ 29.906664 , -20.7269999])"
3163,94502959,"array([ 29.97947019, -20.0508782 ])"
3164,101187653,"array([ 30.69649351, -19.22176796])"
3165,104923209,"array([ 30.47947846, -19.12722281])"
3166,78577695,"array([ 30.85605581, -18.99363845])"
3167,101253162,"array([ 29.5852081, -20.5109537])"
3168,78184497,"array([ 30.50052142, -20.02818424])"
3169,94306366,"array([ 30.29094706, -20.06492579])"
3170,74776637,"array([ 29.38551578, -20.4211758 ])"
3171,74580001,"array([ 29.52064888, -20.40049383])"
3172,104529975,"array([ 29.40420097, -20.59335412])"
3173,103874612,"array([ 30.86054725, -19.71193181])"
3174,73596988,"array([ 30.44206129, -19.8143238 ])"
3175,104792124,"array([ 30.0562089 , -20.51504833])"
3176,103153712,"array([ 29.91296343, -20.39212184])"
3177,78446642,"array([ 30.43719822, -20.2016311 ])"
3178,96141365,"array([ 30.19524918, -20.42278431])"
3179,100466722,"array([ 30.44220076, -20.64947967])"
3180,77267015,"array([ 29.02815495, -20.56031946])"
3181,74973226,"array([ 29.1838409 , -20.52160614])"
3182,99680323,"array([ 29.14302455, -20.40757719])"
3183,99876903,"array([ 29.00196693, -20.43805023])"
3184,104398905,"array([ 29.72743959, -20.48579792])"
3185,73662526,"array([ 29.70876489, -20.37465062])"
3186,77922356,"array([ 29.83743786, -20.54507153])"
3187,101318705,"array([ 29.57332043, -20.77622905])"
3188,96993331,"array([ 29.71827362, -20.63038437])"
3189,90505281,"array([ 29.41607804, -20.10624742])"
3190,96075842,"array([ 29.43309136, -20.26468193])"
3191,95092772,"array([ 29.57961251, -20.23126932])"
3192,100335675,"array([ 29.77656572, -20.01636016])"
3193,90570793,"array([ 29.84014292, -20.8602657 ])"
3194,74121248,"array([ 30.03011156, -20.74752308])"
3195,101842999,"array([ 30.14505103, -20.65416404])"
3196,104136749,"array([ 31.05979532, -20.57625577])"
3197,78905394,"array([ 29.51769075, -20.9924344 ])"
3198,78381122,"array([ 29.42539496, -21.1547688 ])"
3199,76021801,"array([ 30.62123932, -20.47849512])"
3200,84410422,"array([ 30.77591435, -20.24033637])"
3201,79953925,"array([ 30.24256277, -21.22662069])"
3202,82444358,"array([ 30.33928031, -21.15214322])"
3203,74317876,"array([ 30.75977104, -21.54534005])"
3204,100597810,"array([ 30.94823027, -21.58003259])"
3205,104333360,"array([ 30.71656158, -20.86057723])"
3206,78184498,"array([ 30.58899683, -20.74589369])"
3207,79167552,"array([ 30.5666119 , -20.90712426])"
3208,83034174,"array([ 29.27432551, -20.92056295])"
3209,98304042,"array([ 29.60582603, -21.33141256])"
3210,97189941,"array([ 31.2040911 , -20.17503642])"
3211,88604714,"array([ 30.31533825, -21.52545767])"
3212,83034175,"array([ 30.3253253 , -21.66061123])"
3213,94502960,"array([ 30.11393259, -21.63052214])"
3214,95158325,"array([ 30.13528336, -21.81597655])"
3215,73662527,"array([ 30.81482108, -21.36030276])"
3216,100270122,"array([ 30.73051226, -21.22728076])"
3217,77922357,"array([ 30.50111822, -21.97432671])"
3218,96993332,"array([ 30.33625878, -21.88704003])"
3219,104398906,"array([ 31.21734994, -21.2303975 ])"
3220,73728067,"array([ 31.22018248, -21.02276259])"
3221,101187654,"array([ 31.73287507, -21.65714245])"
3222,74514502,"array([ 31.34163665, -21.61805047])"
3223,99680324,"array([ 31.50902795, -21.76380838])"
3224,77267016,"array([ 30.22995494, -22.06907921])"
3225,99876904,"array([ 30.24603185, -22.23533026])"
3226,74973227,"array([ 31.57358073, -21.49695282])"
3227,86573111,"array([ 30.10862479, -21.37033752])"
3228,96075843,"array([ 28.70664952, -22.04583162])"
3229,84475954,"array([ 30.61248406, -19.59073291])"
3230,80150599,"array([ 30.52434328, -19.44368976])"
3231,103153713,"array([ 29.75114172, -22.57545145])"
3232,100335676,"array([ 29.92564384, -22.53774483])"
3233,90505282,"array([ 29.90164233, -22.39495727])"
3234,104202291,"array([ 29.72919903, -22.39041992])"
3235,95092774,"array([ 29.8454955, -22.1800706])"
3236,78905395,"array([ 29.59957279, -22.51784887])"
3237,78381123,"array([ 29.59339901, -22.3385328 ])"
3238,101253163,"array([ 30.56403301, -22.20416762])"
3239,74776638,"array([ 30.75938567, -22.37994534])"
3240,73400384,"array([ 30.44034099, -22.21864418])"
3241,104529976,"array([ 30.52554886, -22.40696376])"
3242,74580002,"array([ 30.41954237, -22.33620943])"
3243,78446643,"array([ 30.60037823, -22.5309435 ])"
3244,106627121,"array([ 30.61927381, -22.33707918])"
3245,94175278,"array([ 30.69765164, -22.21489777])"
3246,78118952,"array([ 29.78341526, -21.64130472])"
3247,97189942,"array([ 29.87203559, -21.78528429])"
3248,90570794,"array([ 31.03316745, -21.97960546])"
3249,74121249,"array([ 31.23900202, -22.17439057])"
3250,73269300,"array([ 30.28154144, -22.52665886])"
3251,78184499,"array([ 30.37371536, -22.79359762])"
3252,104398907,"array([ 29.66062335, -22.11964884])"
3253,100466723,"array([ 29.92029559, -22.03414928])"
3254,79167553,"array([ 30.57523117, -21.51777736])"
3255,98631725,"array([ 30.57242656, -21.37937156])"
3256,80150600,"array([ 30.10114192, -22.25770854])"
3257,77463607,"array([ 30.66313134, -21.73915031])"
3258,104333361,"array([ 30.77573118, -21.886518  ])"
3259,84475955,"array([ 30.52395853, -21.77698066])"
3260,100991051,"array([ 30.13906012, -22.4759939 ])"
3261,73728068,"array([ 31.12588798, -22.62385984])"
3262,95158326,"array([ 30.6797404 , -22.03392229])"
3263,88604715,"array([ 30.95205355, -22.15448064])"
3264,77267017,"array([ 29.83303536, -22.93154666])"
3265,78184500,"array([ 29.93134298, -22.76832204])"
3266,83034176,"array([ 29.9862505 , -21.43343183])"
3267,79953926,"array([ 29.48344004, -21.77847959])"
3268,82444359,"array([ 29.69338415, -21.93313022])"
3269,86573112,"array([ 29.64673593, -21.75355792])"
3270,94502961,"array([ 29.30771243, -22.06434878])"
3271,105906209,"array([24.94951098, 23.24396328])"
3272,79167554,"array([24.74553696, 23.26285071])"
3273,77463608,"array([25.49965078, 23.17675612])"
3274,103874613,"array([-31.72085202,  40.11833546])"
3275,104923210,"array([-31.66141899,  39.88455042])"
3276,90636335,"array([-31.76558319,  39.95126741])"
3277,73596989,"array([-31.59312414,  40.03940253])"
3278,78577696,"array([-31.50411087,  39.86963962])"
3279,79757354,"array([-31.87194367,  39.48461191])"
3280,76087352,"array([-32.09700881,  39.57068961])"
3281,104202292,"array([-30.96921299,  39.82035124])"
3282,76283968,"array([-30.89077281,  39.98382238])"
3283,83034177,"array([-31.52176756,  38.32903614])"
3284,104792128,"array([-31.62472059,  38.49270108])"
3285,90505284,"array([-32.09051169,  38.51613782])"
3286,86376507,"array([-32.16839204,  38.75751068])"
3287,74514505,"array([-31.76703626,  38.2905794 ])"
3288,77463609,"array([-31.64798432,  38.13464743])"
3289,96075846,"array([-32.43692689,  38.56742112])"
3290,101187655,"array([-31.71527696,  39.06060243])"
3291,95158328,"array([-31.48182506,  38.99015945])"
3292,86966328,"array([-32.08598424,  38.30922349])"
3293,84410423,"array([-32.31549927,  38.30437986])"
3294,76021802,"array([-31.78157243,  38.62972948])"
3295,74973228,"array([-31.92826358,  40.91551249])"
3296,100335677,"array([-32.68867307,  39.90756964])"
3297,103874614,"array([-30.51411698,  39.12955872])"
3298,104202293,"array([-30.56191303,  38.03481259])"
3299,76087353,"array([-30.69497237,  37.83187749])"
3300,101187656,"array([-31.09815449,  37.37474882])"
3301,74973229,"array([-31.09357733,  37.22418972])"
3302,79757355,"array([-31.42805601,  37.41499931])"
3303,100335678,"array([-31.25365869,  37.243544  ])"
3304,74317877,"array([-30.64905005,  38.48361364])"
3305,76021803,"array([-30.23974751,  38.40103153])"
3306,86966329,"array([-29.81323534,  37.74000824])"
3307,74514506,"array([-29.95585966,  37.83977205])"
3308,77463610,"array([-30.09002593,  37.72186824])"
3309,95158329,"array([-29.93253693,  37.6451372 ])"
3310,74317878,"array([-29.46308269,  38.05178394])"
3311,76283969,"array([-29.35972455,  37.89352179])"
3312,73596990,"array([-29.9317969 ,  38.06358483])"
3313,83034178,"array([-28.47906488,  38.03888158])"
3314,104792129,"array([-28.78110667,  38.06674692])"
3315,86376508,"array([-29.33854944,  38.44299716])"
3316,84410424,"array([-29.74541318,  38.52630981])"
3317,103874615,"array([-29.15551705,  38.47109867])"
3318,78577697,"array([-29.38442168,  38.80164263])"
3319,96075847,"array([-29.16423514,  38.83243624])"
3320,102694969,"array([-29.08220269,  37.53991226])"
3321,74514507,"array([-3.71277976,  0.37602091])"
3322,83034179,"array([-3.53284453,  0.25613699])"
3323,100335679,"array([-7.48500981, 36.9297907 ])"
3324,102694970,"array([-7.25763731, 36.84700321])"
3325,76087354,"array([-7.02375522, 37.48947036])"
3326,104202294,"array([-7.33626058, 38.21758513])"
3327,78577698,"array([-7.54544975, 38.0517817 ])"
3328,78905396,"array([-6.91219361, 37.32537727])"
3329,74317879,"array([-6.53892683, 36.61550722])"
3330,86966330,"array([-6.62373584, 36.74595789])"
3331,90505285,"array([-30.0143236 ,  38.95776832])"
3332,101187657,"array([-6.49426106, 37.78565114])"
3333,103874616,"array([-6.57959839, 37.99819984])"
3334,74514508,"array([-7.034212  , 36.83010879])"
3335,78577699,"array([-6.27906758, 37.12037845])"
3336,84410425,"array([-6.27904617, 36.8671421 ])"
3337,100335680,"array([-6.37608342, 36.98295304])"
3338,96075848,"array([-6.15224645, 36.96601461])"
3339,74514509,"array([-5.87199879, 36.22296705])"
3340,102694971,"array([-5.73110339, 36.31931092])"
3341,90505286,"array([-5.92983657, 36.35946258])"
3342,83034180,"array([-6.38203416, 36.55299149])"
3343,74973230,"array([-4.95822907, 36.87573941])"
3344,76021804,"array([-6.8219417 , 36.21691119])"
3345,78381124,"array([-6.96974043, 36.13151294])"
3346,80019513,"array([-6.44650001, 36.36688241])"
3347,99680325,"array([-7.8943077 , 36.29921725])"
3348,98304043,"array([-7.75617953, 36.382547  ])"
3349,101187658,"array([-7.72642635, 36.19288895])"
3350,76087355,"array([-4.76927714, 37.15769559])"
3351,98304044,"array([-4.65670424, 36.94417096])"
3352,78577700,"array([-4.1749483 , 38.69647481])"
3353,100335681,"array([-4.1138856 , 38.46749881])"
3354,96075849,"array([-3.83335495, 37.4912995 ])"
3355,74317880,"array([-3.75587566, 36.23607394])"
3356,86966331,"array([-3.90084836, 36.08240008])"
3357,80019514,"array([-4.47552447, 36.54555724])"
3358,83034181,"array([-4.54680969, 36.37945289])"
3359,78381125,"array([-3.0501218 , 36.94275482])"
3360,74973231,"array([-3.67236936, 36.91795664])"
3361,90505288,"array([-3.49577763, 36.83427372])"
3362,104792130,"array([-3.6623533 , 37.62460677])"
3363,76021805,"array([-3.12725701, 37.5612856 ])"
3364,104202295,"array([-2.98607335, 37.48840465])"
3365,77463611,"array([-4.42000801, 37.69290119])"
3366,80019515,"array([-3.66734651, 37.82462987])"
3367,86966333,"array([-2.83010487, 37.01328275])"
3368,100597812,"array([-3.22795277, 37.29784038])"
3369,74973232,"array([-2.61444727, 37.67840416])"
3370,90505289,"array([-2.50921793, 37.81821225])"
3371,96075850,"array([-2.94031056, 38.08330244])"
3372,76087356,"array([-2.90850507, 38.26284752])"
3373,78970950,"array([34.18171198, 49.92593682])"
3374,100597813,"array([34.37131433, 49.96397181])"
3375,77922358,"array([34.98238013, 51.2523359 ])"
3376,84475956,"array([34.70460303, 51.20191137])"
3377,99876905,"array([34.78244587, 51.34909611])"
3378,100991052,"array([34.85981065, 51.14293308])"
3379,96993333,"array([35.04784767, 51.37833323])"
3380,79953927,"array([34.67571701, 51.6034925 ])"
3381,73269301,"array([34.89261125, 51.47373524])"
3382,88604716,"array([35.12057053, 51.07944023])"
3383,86573113,"array([33.70011358, 50.07588051])"
3384,100270123,"array([33.56208546, 49.97329579])"
3385,98631726,"array([33.72390276, 50.34241515])"
3386,97189943,"array([33.74969462, 50.50798186])"
3387,73662528,"array([33.70336316, 50.65229139])"
3388,78118953,"array([33.89594987, 50.34415684])"
3389,99352612,"array([33.85202491, 50.61717964])"
3390,96141366,"array([33.63067823, 50.46362765])"
3391,83558449,"array([33.93243261, 50.50041094])"
3392,77267018,"array([34.00610459, 51.10902855])"
3393,79167555,"array([34.18185113, 51.08644232])"
3394,94175279,"array([34.19816451, 50.67990432])"
3395,84410426,"array([32.52044604, 50.38956565])"
3396,105906210,"array([32.42266428, 50.20900819])"
3397,78970951,"array([33.02434586, 51.75173015])"
3398,100597814,"array([33.14662637, 51.66687383])"
3399,94699568,"array([32.91940002, 51.65949693])"
3400,78446644,"array([33.1358765 , 51.88383959])"
3401,106627122,"array([32.71092137, 51.76139694])"
3402,100466724,"array([33.31060992, 51.76649087])"
3403,73728069,"array([33.32455821, 52.04164283])"
3404,74580003,"array([32.89240553, 51.88535335])"
3405,90570795,"array([32.82822848, 51.76574046])"
3406,74776639,"array([33.00417441, 51.95379853])"
3407,78184501,"array([33.01214934, 51.53949093])"
3408,73400385,"array([32.31556083, 51.45299523])"
3409,74121250,"array([32.67613563, 51.60953899])"
3410,104398908,"array([32.53878116, 51.61923212])"
3411,101253164,"array([32.7308163 , 51.46597884])"
3412,104529977,"array([32.81373283, 51.6112051 ])"
3413,82444360,"array([33.02584592, 51.38817997])"
3414,94306368,"array([32.59564596, 51.45557563])"
3415,103874617,"array([32.87056876, 51.4701572 ])"
3416,80150601,"array([32.87409937, 51.32623463])"
3417,90636337,"array([33.19109879, 51.46509654])"
3418,94502962,"array([33.9417671 , 52.89404434])"
3419,78905397,"array([33.59818665, 52.52187556])"
3420,73596992,"array([33.81429615, 51.50941918])"
3421,100335682,"array([33.83537624, 51.67569052])"
3422,101318706,"array([33.28513952, 52.85061271])"
3423,102694972,"array([33.15703991, 52.96812316])"
3424,73728070,"array([32.61860311, 51.90976241])"
3425,90636338,"array([32.72747847, 52.02522549])"
3426,100466725,"array([32.90928886, 52.16226966])"
3427,79757356,"array([34.18807069, 53.80511892])"
3428,83034182,"array([34.09619673, 53.60424157])"
3429,80150602,"array([32.5329625 , 51.78032955])"
3430,73269302,"array([32.79351337, 52.93118654])"
3431,73596993,"array([30.1900778 , 50.84391967])"
3432,90636339,"array([30.04705111, 50.95656678])"
3433,96993334,"array([30.24457596, 51.03210267])"
3434,100335683,"array([31.56270564, 51.70894629])"
3435,104398910,"array([31.39497054, 51.52074986])"
3436,101253165,"array([31.04976839, 51.47167559])"
3437,74776640,"array([30.9376986, 51.6507613])"
3438,94175280,"array([30.78631036, 51.50896996])"
3439,77267019,"array([30.83324634, 51.07941364])"
3440,74580004,"array([30.7888681 , 51.25910653])"
3441,102694973,"array([30.66047783, 51.16708336])"
3442,101318707,"array([31.15911818, 51.00436934])"
3443,106627123,"array([31.30891646, 50.870396  ])"
3444,78446645,"array([31.09890618, 50.82291409])"
3445,103874618,"array([31.62412257, 51.25699674])"
3446,78970952,"array([31.74800866, 50.92061471])"
3447,77922359,"array([31.95235999, 51.00670536])"
3448,100991053,"array([32.00212598, 51.16280724])"
3449,96141367,"array([32.07289477, 50.86659714])"
3450,99876906,"array([31.81156176, 51.1840609 ])"
3451,82444361,"array([31.65364986, 51.07839977])"
3452,79757357,"array([32.04538539, 51.31990187])"
3453,83034183,"array([31.59540449, 50.94719301])"
3454,79167556,"array([32.19963381, 51.10994287])"
3455,90570796,"array([31.79826764, 51.43764936])"
3456,100597815,"array([31.97591789, 51.48430655])"
3457,100466726,"array([31.45770552, 51.09765872])"
3458,80150603,"array([30.91064184, 52.27237699])"
3459,104529978,"array([30.23934243, 51.59547746])"
3460,94502964,"array([30.03755275, 51.64678883])"
3461,100991054,"array([-1.78842911, 11.06312199])"
3462,78905398,"array([-2.17530715, 10.90429755])"
3463,77922360,"array([29.92807163, 51.41985382])"
3464,101318708,"array([24.51975162, 34.38708   ])"
3465,78446646,"array([24.4714122 , 34.22648987])"
3466,76021806,"array([24.7461784 , 33.84839142])"
3467,96993335,"array([24.7081438 , 33.61080308])"
3468,82444362,"array([-20.19714403,  19.34233666])"
3469,83034184,"array([-20.03163813,  19.27303872])"
3470,103874619,"array([-20.17257998,  19.18495452])"
3471,106627124,"array([25.33630917, 33.71958495])"
3472,79757358,"array([-19.31584428,  20.44712451])"
3473,100466727,"array([-19.34418196,  20.22145208])"
3474,100597816,"array([-19.38583807,  19.5416688 ])"
3475,96993336,"array([-19.0474974 ,  21.33841102])"
3476,76021807,"array([-19.40029288,  21.14209098])"
3477,100991055,"array([-20.04289633,  23.34590895])"
3478,78905399,"array([-20.15638652,  23.7556905 ])"
3479,106627125,"array([-20.32033488,  24.3387841 ])"
3480,90570797,"array([-19.88952216,  22.74814468])"
3481,101318709,"array([-19.71898139,  21.80817416])"
3482,100597817,"array([-19.31195981,  20.98316942])"
3483,100991056,"array([-19.87937996,  21.1338547 ])"
3484,90570798,"array([-19.96400294,  20.60978567])"
3485,78905400,"array([-20.08686895,  20.8372391 ])"
3486,78446647,"array([-19.76933561,  21.01611266])"
3487,74121252,"array([24.8770675 , 28.54526599])"
3488,99876907,"array([25.18213195, 28.33378571])"
3489,96141369,"array([24.91534307, 28.72758502])"
3490,100466728,"array([-19.81990072,  21.52866436])"
3491,79757359,"array([-20.48358736,  21.60062212])"
3492,78970953,"array([-20.62683388,  21.74907277])"
3493,78446648,"array([-20.67488507,  20.0036092 ])"
3494,100466729,"array([-21.83839325,  19.30744702])"
3495,84410427,"array([-21.97497893,  19.24909349])"
3496,78446649,"array([-24.07035734,  19.34242776])"
3497,79167557,"array([-24.24344773,  19.28407066])"
3498,104398911,"array([-23.79565449,  19.36528351])"
3499,94175281,"array([-23.65005904,  19.28800166])"
3500,73400386,"array([-24.15260417,  19.51040935])"
3501,101253166,"array([-24.1880203 ,  19.40953451])"
3502,74776641,"array([-24.37505664,  19.40438118])"
3503,76021808,"array([-23.87496195,  19.23509112])"
3504,100597818,"array([-23.78937043,  19.10339414])"
3505,83034185,"array([-23.97183939,  19.59996742])"
3506,78970954,"array([-23.86660532,  19.65271082])"
3507,79757360,"array([-24.01126664,  19.77147818])"
3508,82444363,"array([-23.92632052,  19.84421948])"
3509,105906211,"array([-23.63096551,  19.42595264])"
3510,79953928,"array([-23.53380841,  19.62263598])"
3511,84475957,"array([-23.69488453,  19.8042403 ])"
3512,88604718,"array([-23.44647181,  19.23944861])"
3513,80150604,"array([-23.66183066,  18.9154347 ])"
3514,94306369,"array([-23.4922081 ,  18.80524773])"
3515,96993339,"array([-22.63527656,  18.63116228])"
3516,100335685,"array([-22.77878704,  18.50635329])"
3517,78118954,"array([-23.86463427,  17.81099363])"
3518,86573114,"array([-23.49289271,  17.97470248])"
3519,73662529,"array([-23.68868455,  18.2133306 ])"
3520,97189944,"array([-23.82215416,  18.32373229])"
3521,98631727,"array([-23.67806141,  17.9972871 ])"
3522,78577701,"array([-23.83233668,  18.14790099])"
3523,100270124,"array([-23.50885604,  18.44298149])"
3524,87359534,"array([-23.45756455,  18.19444635])"
3525,104136750,"array([-23.6511944 ,  18.51879338])"
3526,96403502,"array([-23.49716421,  19.00101525])"
3527,101843000,"array([-23.59469173,  18.29230991])"
3528,78381126,"array([-23.48847433,  19.49014269])"
3529,104333362,"array([-23.36594429,  19.47735479])"
3530,80019516,"array([-23.34090391,  19.64040412])"
3531,78839873,"array([-23.29354132,  17.49229396])"
3532,75104311,"array([-23.2434273 ,  17.68884903])"
3533,104923211,"array([-24.07971397,  18.77950341])"
3534,86966334,"array([-24.00098767,  18.98849977])"
3535,99352613,"array([-22.87837066,  17.88037672])"
3536,83558450,"array([-23.75411972,  19.5190457 ])"
3537,77463612,"array([-24.46744583,  18.32831589])"
3538,74514510,"array([-24.25486364,  18.34991318])"
3539,95158330,"array([-23.45818138,  19.80441768])"
3540,104792132,"array([-23.39266466,  19.97506721])"
3541,74317881,"array([-23.15649014,  19.51588064])"
3542,96075851,"array([-23.61956727,  19.96413923])"
3543,90505290,"array([-23.22274019,  19.28900588])"
3544,90570799,"array([-23.66301661,  19.67219499])"
3545,88604719,"array([-24.40855962,  19.93202736])"
3546,86376509,"array([-24.6049253 ,  19.91002301])"
3547,98304045,"array([-24.26385232,  19.03902824])"
3548,105906212,"array([-23.27724772,  19.80372485])"
3549,102694974,"array([-24.37007361,  20.28227491])"
3550,90636340,"array([-24.4562855 ,  20.40462412])"
3551,104529979,"array([-23.90843156,  20.63888377])"
3552,74580005,"array([-23.85879332,  20.47951999])"
3553,96141370,"array([-23.74419121,  20.67072032])"
3554,94502965,"array([-24.07293057,  20.44957582])"
3555,84410428,"array([-23.70315651,  20.47753204])"
3556,78839874,"array([-23.88059231,  20.32596157])"
3557,101843001,"array([-23.87370064,  20.14311437])"
3558,86966335,"array([-24.39191714,  20.73051675])"
3559,95158331,"array([11.69976686, 13.33959937])"
3560,104792133,"array([11.76103933, 13.13242909])"
3561,94502966,"array([ 17.18703706, -22.77340197])"
3562,95158332,"array([ 16.91847774, -22.83819822])"
3563,84410429,"array([-2.07610144, 49.43021829])"
3564,104792134,"array([-2.09803374, 49.65060021])"
3565,90636341,"array([11.61803014, -0.67016584])"
3566,74580006,"array([11.72460061, -0.80789246])"
3567,78839875,"array([ 1.63842453, 16.08571155])"
3568,102694975,"array([ 1.68490477, 16.24844715])"
3569,95158333,"array([-4.68848249,  9.67200084])"
3570,86966337,"array([-4.47893178,  9.6900926 ])"
3571,94502967,"array([7.15501297, 1.58210802])"
3572,84410430,"array([6.89392039, 1.75788599])"
3573,104792135,"array([7.0858908 , 1.90491859])"
3574,79953929,"array([-3.92673407,  9.76424414])"
3575,79953930,"array([14.40791529, 10.52353388])"
3576,102694976,"array([14.23517942, 10.68444592])"
3577,78577702,"array([29.3214355 , 31.63591792])"
3578,100270125,"array([29.49145364, 31.82497032])"
3579,104136751,"array([29.60930442, 31.56529293])"
3580,94306370,"array([29.30283417, 31.87323788])"
3581,104398912,"array([-1.30957796, 45.78873063])"
3582,94175282,"array([-1.5210707 , 45.75129868])"
3583,84410431,"array([-1.92524097, 45.6903201 ])"
3584,83558451,"array([28.28390268, 33.208077  ])"
3585,75104312,"array([28.48307232, 33.15468059])"
3586,104923212,"array([29.6874834, 32.622021 ])"
3587,74121253,"array([29.51511967, 32.69991806])"
3588,79757361,"array([29.81101044, 32.79632219])"
3589,96403503,"array([29.6031097 , 32.86227883])"
3590,90570800,"array([28.86232818, 32.67254436])"
3591,99352614,"array([28.85292001, 32.86568703])"
3592,103153715,"array([29.05660414, 32.78228178])"
3593,96075852,"array([28.43117823, 32.80679081])"
3594,104529980,"array([ 7.11443481, -7.63182618])"
3595,94502968,"array([ 7.34195598, -7.73480246])"
3596,102694977,"array([ 10.02088184, -14.2863435 ])"
3597,96075853,"array([  9.80659191, -14.32760211])"
3598,104792137,"array([  9.99495642, -14.48602235])"
3599,78839876,"array([  9.13230361, -14.1059525 ])"
3600,94175283,"array([  8.74149685, -13.6674236 ])"
3601,95158334,"array([  8.96998894, -14.22694681])"
3602,94175284,"array([ 7.22054991, -9.03408322])"
3603,96141371,"array([ 7.89216903, -9.02646526])"
3604,79953931,"array([ 8.45425329, -8.97750689])"
3605,83558453,"array([ 6.83905467, -8.2089255 ])"
3606,104792138,"array([ 7.00788711, -8.22704422])"
3607,84410432,"array([  6.81035519, -10.01751651])"
3608,86966338,"array([ 7.00919429, -9.81387593])"
3609,74580007,"array([  7.08062066, -10.07410192])"
3610,74580008,"array([ 6.95975448, -9.0798014 ])"
3611,75104313,"array([30.95813844, 29.39228421])"
3612,83558454,"array([30.78809968, 29.19047644])"
3613,95158335,"array([30.73040507, 29.53985605])"
3614,95158337,"array([19.05216432, 54.71795069])"
3615,75104314,"array([18.2310628 , 55.16127817])"
3616,83558456,"array([18.57967508, 54.64165904])"
3617,94175286,"array([18.69130953, 54.71193077])"
3618,100270126,"array([18.79058069, 54.9125353 ])"
3619,96141373,"array([18.53098647, 54.96310499])"
3620,74121254,"array([18.63262763, 54.87418319])"
3621,78577704,"array([18.51234363, 54.84127708])"
3622,94306371,"array([18.74956372, 54.56386203])"
3623,84410433,"array([18.76372304, 55.42556052])"
3624,96075854,"array([18.82130438, 55.19149693])"
3625,101253167,"array([18.71725579, 55.25801321])"
3626,90636342,"array([18.93770232, 54.58892682])"
3627,102694978,"array([18.34699472, 54.955081  ])"
3628,86966339,"array([18.41143226, 55.32082926])"
3629,79953932,"array([18.3760521 , 54.73541291])"
3630,104792139,"array([18.2010369 , 54.63402832])"
3631,90570801,"array([18.87237539, 54.79925666])"
3632,78839877,"array([18.55612805, 55.16812978])"
3633,103153716,"array([17.84525288, 54.83564368])"
3634,96403504,"array([17.6242263 , 54.83457973])"
3635,94502969,"array([18.38344284, 54.24487597])"
3636,79757362,"array([17.84214265, 53.68872266])"
3637,104923213,"array([17.60458919, 53.39022186])"
3638,104398913,"array([19.3029047 , 54.58591752])"
3639,100466730,"array([19.18425845, 54.44533545])"
3640,82444364,"array([18.978574  , 54.19263653])"
3641,99352615,"array([18.80925554, 54.31608137])"
3642,84475958,"array([19.53192575, 53.98187206])"
3643,79167558,"array([19.48144003, 54.27635366])"
3644,86376510,"array([18.04396   , 55.96458324])"
3645,73400387,"array([18.29681945, 56.00814641])"
3646,82444365,"array([19.11833124, 55.04281105])"
3647,83034186,"array([19.36993286, 55.11005563])"
3648,78970955,"array([18.99712235, 55.391952  ])"
3649,96403505,"array([19.19762737, 55.6279361 ])"
3650,88604720,"array([19.24040273, 55.48927377])"
3651,99352616,"array([19.44809186, 55.6472661 ])"
3652,104333363,"array([18.75832437, 56.16639183])"
3653,104923214,"array([19.67848993, 54.43812766])"
3654,104136752,"array([20.10175295, 54.5925191 ])"
3655,78381127,"array([19.44742346, 54.83548506])"
3656,104529982,"array([19.55400555, 54.66654487])"
3657,82444366,"array([58.37012704, -4.06038883])"
3658,104333364,"array([58.52139219, -4.16366824])"
3659,83034187,"array([57.79184631, -4.15389167])"
3660,104398914,"array([57.67410195, -3.91431665])"
3661,90570802,"array([57.08979897, -2.9478067 ])"
3662,104529983,"array([56.91323417, -2.97974697])"
3663,84475960,"array([58.53463721, -3.5730994 ])"
3664,100466731,"array([58.73080866, -3.58506002])"
3665,94502970,"array([58.69922314, -3.37858192])"
3666,103153717,"array([58.23895658, -3.23544028])"
3667,78381128,"array([58.15275911, -3.35326219])"
3668,75104315,"array([58.31562978, -3.35268015])"
3669,73400388,"array([58.443841  , -3.69187042])"
3670,86376511,"array([58.08843113, -3.50547987])"
3671,79167559,"array([58.3618314, -3.5556828])"
3672,95158338,"array([58.26427121, -3.49294864])"
3673,79953933,"array([58.43165223, -3.43988856])"
3674,94175287,"array([58.23071821, -3.61767055])"
3675,104923215,"array([58.46851231, -3.31890633])"
3676,104136753,"array([58.55396227, -3.84840787])"
3677,99352617,"array([59.13872185, -3.71816893])"
3678,78577705,"array([57.70483293, -2.76144139])"
3679,83558457,"array([57.5521786 , -3.07815426])"
3680,96141374,"array([57.67783323, -3.04892369])"
3681,105906213,"array([57.60515195, -2.92260002])"
3682,100270127,"array([57.80027886, -3.19999059])"
3683,74121255,"array([57.66992834, -3.16930458])"
3684,78970956,"array([57.48950566, -2.86334538])"
3685,74776642,"array([57.73165202, -2.93513656])"
3686,101843002,"array([57.80398678, -3.03214081])"
3687,86966340,"array([57.49872787, -3.19602651])"
3688,78839878,"array([57.35597264, -3.13911983])"
3689,96075855,"array([57.59115155, -3.27938263])"
3690,90505291,"array([57.93989178, -3.09793855])"
3691,80019517,"array([57.39002493, -2.9863731 ])"
3692,101253168,"array([57.72279083, -3.36264791])"
3693,76087358,"array([57.44447092, -2.5789607 ])"
3694,78118955,"array([57.35015437, -3.52182596])"
3695,74514511,"array([57.47195807, -3.65033621])"
3696,77463613,"array([57.20365542, -3.76810029])"
3697,97189945,"array([58.31665527, -3.73728419])"
3698,101318711,"array([58.38493414, -3.1123268 ])"
3699,104792141,"array([58.084723  , -3.69625083])"
3700,99352618,"array([59.19517193, -4.25270855])"
3701,100466732,"array([57.78235347, -4.69835683])"
3702,84410434,"array([57.58050555, -5.26588984])"
3703,104333365,"array([57.97583951, -2.65133088])"
3704,99352619,"array([58.0270947 , -2.43259418])"
3705,76021809,"array([58.21148108, -4.65246576])"
3706,99876908,"array([58.30265867, -4.86712231])"
3707,96993340,"array([57.93436556, -6.27944215])"
3708,75104316,"array([57.96508427, -6.04548808])"
3709,78577706,"array([57.02446768, -7.02755728])"
3710,74776643,"array([56.70267655, -8.44518619])"
3711,104333366,"array([56.88790292, -8.32422302])"
3712,86376512,"array([57.56311182, -7.10422009])"
3713,103153718,"array([56.99086857, -6.78574735])"
3714,76021810,"array([55.71829361, -7.85389176])"
3715,75104318,"array([55.56710773, -7.70743868])"
3716,86376514,"array([55.65730057, -9.31331428])"
3717,78577707,"array([55.79926584, -9.11848624])"
3718,99876909,"array([55.1994611 , -8.17442896])"
3719,97189946,"array([55.70387894, -7.32862389])"
3720,101843003,"array([55.59992353, -7.02972781])"
3721,86966341,"array([55.4440791 , -7.24225907])"
3722,96993341,"array([56.33150389, -8.42817808])"
3723,76021811,"array([56.56490076, -8.94723992])"
3724,101318712,"array([56.24300019, -9.55990636])"
3725,83558458,"array([56.87880651, -9.60285244])"
3726,73400389,"array([56.81477724, -9.36272256])"
3727,100270128,"array([56.92634226, -9.45235704])"
3728,105906214,"array([56.64766195, -9.76714147])"
3729,78118956,"array([56.45434235, -9.22081994])"
3730,78381129,"array([56.67933417, -9.5547421 ])"
3731,97189947,"array([56.88966561, -9.00099882])"
3732,101843004,"array([56.71781673, -9.06348715])"
3733,74514512,"array([56.32716123, -9.28874549])"
3734,99352620,"array([56.47185786, -9.45472886])"
3735,90505292,"array([56.4317622 , -9.63228454])"
3736,96141375,"array([55.46821283, -9.74888041])"
3737,74121256,"array([55.61921018, -9.86939175])"
3738,100991057,"array([56.14175517, -9.24312782])"
3739,78184502,"array([56.40573118, -9.84656866])"
3740,77463614,"array([56.25310588, -9.9380061 ])"
3741,73728071,"array([ 56.37774378, -10.13579594])"
3742,96075856,"array([55.68998762, -9.71521862])"
3743,73596994,"array([55.60058049, -9.51142584])"
3744,94306372,"array([55.97018566, -9.5389739 ])"
3745,77922361,"array([56.20067394, -9.41414421])"
3746,86573115,"array([56.11099349, -9.61066193])"
3747,98631728,"array([55.60166359, -9.15334611])"
3748,77267020,"array([56.85889074, -9.80404511])"
3749,94699569,"array([56.07810355, -9.48094085])"
3750,73269303,"array([57.1236251 , -9.82144806])"
3751,80150605,"array([ 56.58567658, -10.00122827])"
3752,95092775,"array([55.36457674, -9.31896603])"
3753,73662530,"array([55.99632411, -9.30561011])"
3754,100597819,"array([56.01342002, -9.99164283])"
3755,98304046,"array([ 56.72993007, -10.14407458])"
3756,88604721,"array([ 55.85344124, -10.14765397])"
3757,90636343,"array([56.13723333, -9.77462281])"
3758,78905401,"array([55.8482372 , -9.83773726])"
3759,100335686,"array([ 56.22393787, -10.32217185])"
3760,82444367,"array([ 56.18002058, -10.10972649])"
3761,74973233,"array([ 56.01853352, -10.24350356])"
3762,96403506,"array([55.96320589, -9.70077281])"
3763,79167560,"array([56.06346932, -8.82957359])"
3764,104792142,"array([55.79491532, -9.47621321])"
3765,94175288,"array([55.84818019, -9.30661921])"
3766,78446650,"array([55.94771956, -9.13242076])"
3767,84410435,"array([56.35430433, -9.0519352 ])"
3768,100466733,"array([56.17617539, -9.0888267 ])"
3769,104136754,"array([55.27310117, -9.55574327])"
3770,84475961,"array([55.84155495, -8.84802946])"
3771,99680327,"array([56.05677702, -8.95504692])"
3772,79953934,"array([56.61115685, -9.33717806])"
3773,78839879,"array([56.43154097, -8.78222763])"
3774,83034188,"array([56.27913865, -8.8669343 ])"
3775,80019518,"array([56.21246896, -8.64657938])"
3776,94502971,"array([55.60717551, -8.93753052])"
3777,76087359,"array([ 55.5630956 , -10.15691342])"
3778,77267021,"array([57.49293867, -9.13120959])"
3779,75104321,"array([57.51212331, -8.84678247])"
3780,78577708,"array([ 58.87220945, -10.37631941])"
3781,78970957,"array([ 58.91316288, -10.18673083])"
3782,86376515,"array([ 58.70639666, -10.17000538])"
3783,84475962,"array([57.1058819 , -8.05588231])"
3784,86376516,"array([ 59.15690469, -11.30178918])"
3785,97189948,"array([ 59.12813755, -11.03198439])"
3786,73728072,"array([ 59.64703663, -10.84720391])"
3787,78970958,"array([ 59.87073354, -10.93629651])"
3788,94502972,"array([ 34.76373589, -34.21946299])"
3789,95092776,"array([ 34.71575118, -33.88047742])"
3790,83034189,"array([ 35.07463832, -33.9608042 ])"
3791,104136756,"array([ 36.60167933, -34.41193129])"
3792,100335687,"array([ 36.35616523, -34.33457168])"
3793,73662531,"array([ 34.71853082, -33.3223131 ])"
3794,78839880,"array([ 34.491292  , -33.38016401])"
3795,78905402,"array([ 35.68227292, -34.1330088 ])"
3796,80019519,"array([ 33.75077737, -33.48904687])"
3797,74121257,"array([ 33.58465199, -33.36295879])"
3798,94699570,"array([ 33.60429143, -33.53547736])"
3799,78446651,"array([ 33.6390384 , -34.71023611])"
3800,94175289,"array([ 33.4883606 , -34.64407757])"
3801,94306373,"array([ 32.84642928, -34.94760589])"
3802,77922362,"array([ 32.55973827, -33.13643707])"
3803,99680328,"array([ 32.50369186, -32.98435994])"
3804,96075857,"array([ 32.70265692, -32.99207561])"
3805,100991058,"array([ 32.64001022, -33.31061457])"
3806,78184503,"array([2.85652157, 5.8770811 ])"
3807,86573116,"array([2.61051165, 5.9299054 ])"
3808,74514513,"array([ 32.81704661, -33.16534602])"
3809,76021812,"array([20.91294478, 27.43077612])"
3810,96403507,"array([21.02706669, 27.65802691])"
3811,94699571,"array([ 32.8051422 , -32.25843705])"
3812,78184504,"array([ 32.94248522, -32.33716603])"
3813,95092777,"array([ 31.45626223, -32.94216151])"
3814,83034190,"array([ 31.68535757, -32.71805517])"
3815,78905403,"array([ 31.3863201 , -32.72259403])"
3816,94502973,"array([6.00763387, 0.56971975])"
3817,104136757,"array([5.60700582, 0.49270105])"
3818,100335688,"array([ 31.6816689, -31.6653267])"
3819,100597820,"array([ 31.61723833, -31.84354256])"
3820,98304047,"array([ 31.81664568, -31.83078397])"
3821,73662532,"array([ 33.41241762, -35.94379849])"
3822,74776646,"array([ 33.38878625, -36.10176974])"
3823,83034191,"array([ 33.56350806, -31.55951946])"
3824,78905404,"array([ 33.53361435, -31.78762949])"
3825,96403508,"array([ 33.30139204, -31.83804737])"
3826,96075858,"array([ 33.49708404, -34.84568212])"
3827,74121258,"array([ 34.50655291, -31.154659  ])"
3828,99680329,"array([ 34.29683483, -31.2974638 ])"
3829,95092778,"array([ 33.20344016, -31.63285348])"
3830,104333367,"array([ 32.39360487, -30.55417356])"
3831,94306374,"array([ 32.19412559, -30.36928743])"
3832,73400391,"array([ 32.484132  , -30.28568901])"
3833,74514515,"array([ 33.43415929, -35.723223  ])"
3834,74121259,"array([ 32.62480082, -31.7007039 ])"
3835,99680330,"array([ 32.6302624 , -31.46775577])"
3836,96075859,"array([-23.72375725, -12.63999417])"
3837,94175290,"array([-23.91434775, -12.91284755])"
3838,100335689,"array([-23.95145209, -12.76240031])"
3839,99680331,"array([-24.24767572, -12.80361115])"
3840,74121260,"array([-24.29002763, -12.6881362 ])"
3841,100270129,"array([-24.1400115 , -12.48681655])"
3842,78118957,"array([-24.62378612, -12.15553792])"
3843,73269304,"array([-24.46040068, -12.17040461])"
3844,74514516,"array([-23.26510909, -12.12819714])"
3845,80150606,"array([-23.38769695, -11.92888856])"
3846,73400392,"array([-23.72393809, -13.41794644])"
3847,83034192,"array([-23.54762169, -13.10316152])"
3848,76021813,"array([-24.06760681, -13.74555783])"
3849,84475963,"array([-24.26968702, -13.44398348])"
3850,97189949,"array([-24.24735564, -13.85673723])"
3851,78446652,"array([-24.0653039 , -13.48265888])"
3852,73662533,"array([-24.47414645, -12.95985671])"
3853,94306375,"array([-24.41625405, -13.10271008])"
3854,74776648,"array([-24.0475004 , -12.11109113])"
3855,104333368,"array([-24.10330627, -11.79658272])"
3856,86376517,"array([-24.87826063, -12.32558052])"
3857,95092779,"array([-24.84427867, -12.5224692 ])"
3858,82444368,"array([-25.00149279, -12.45678871])"
3859,94502974,"array([-25.55302185, -12.56045989])"
3860,86573117,"array([-25.27275364, -12.62065038])"
3861,98631730,"array([-24.83830724, -13.38314115])"
3862,100270130,"array([-24.64946351, -13.44553349])"
3863,77922363,"array([-24.66555075, -13.26879716])"
3864,78381130,"array([-25.32657991, -11.68036476])"
3865,79167561,"array([-25.2520619, -11.9767397])"
3866,101318713,"array([-25.53680335, -12.18562808])"
3867,90636344,"array([-25.7221828 , -12.31353113])"
3868,88604722,"array([-25.74592052, -12.07174686])"
3869,105906215,"array([-24.79076217, -13.8168693 ])"
3870,77463615,"array([-24.86398102, -13.62939408])"
3871,90505293,"array([-26.1823363 , -12.81102595])"
3872,76087361,"array([-26.77006446, -12.62074636])"
3873,78184505,"array([-25.1185762 , -13.03724199])"
3874,73596996,"array([-24.89524122, -13.18121896])"
3875,94699572,"array([-25.41418687, -12.87717031])"
3876,80019521,"array([-25.31052466, -14.12109177])"
3877,96993342,"array([-25.22514841, -13.67354501])"
3878,78905405,"array([-25.10738372, -13.77724198])"
3879,104136758,"array([-25.74450887, -14.43960926])"
3880,83558459,"array([-25.03418975, -13.93680717])"
3881,96141376,"array([-25.36131081, -13.84814537])"
3882,78577709,"array([-24.65539132, -14.29313277])"
3883,100466734,"array([-24.51025168, -14.25804431])"
3884,73728073,"array([-24.52597087, -14.48480464])"
3885,73662534,"array([-24.16659548, -13.20208479])"
3886,78446653,"array([-25.46794533, -13.43593377])"
3887,79953935,"array([-25.76277194, -13.402521  ])"
3888,95092780,"array([-25.65556997, -13.59189632])"
3889,101318714,"array([-24.07752636, -13.96828664])"
3890,78118958,"array([-23.91422225, -14.07452592])"
3891,82444369,"array([-24.12189313, -14.13969266])"
3892,90636346,"array([-24.49290485, -13.68122493])"
3893,94175291,"array([-23.72391054, -14.3388733 ])"
3894,86376518,"array([-23.46616041, -13.99531707])"
3895,73269305,"array([-23.78918606, -13.93111814])"
3896,101253171,"array([-22.92404454, -14.77838662])"
3897,84410436,"array([-23.42384293, -14.45542081])"
3898,79167562,"array([-23.18959246, -14.33301334])"
3899,104136759,"array([-25.92296004, -14.16707863])"
3900,84475964,"array([-22.55142578, -14.9741657 ])"
3901,88604723,"array([-22.43900519, -14.90153032])"
3902,86573118,"array([-22.62556149, -14.25809749])"
3903,104333369,"array([-22.79014059, -14.33915835])"
3904,94502975,"array([-22.65594065, -13.5844065 ])"
3905,79953936,"array([-22.74284124, -14.06319801])"
3906,77922364,"array([-22.89701091, -14.15528578])"
3907,95092781,"array([-23.06682079, -14.88509751])"
3908,98631731,"array([-22.87133655, -15.02062867])"
3909,105906216,"array([-24.04227831, -15.41514232])"
3910,100270131,"array([-23.9699311 , -15.19806312])"
3911,78184506,"array([-25.07173194, -14.45672586])"
3912,96993343,"array([-22.86954394, -14.5477516 ])"
3913,99680332,"array([-22.9920765 , -14.35646241])"
3914,96075860,"array([-22.49891745, -15.54613968])"
3915,94699573,"array([-22.35996541, -15.5289706 ])"
3916,94175292,"array([-23.56611949, -14.71735173])"
3917,90636347,"array([-23.35151352, -14.93600556])"
3918,84410437,"array([-23.24315928, -14.72417366])"
3919,78446654,"array([-24.33164853, -14.79351979])"
3920,78905406,"array([-24.02871806, -14.94280663])"
3921,86376519,"array([-23.23954974, -14.57403191])"
3922,79167563,"array([-23.93782993, -14.79050869])"
3923,76087362,"array([-25.11924937, -15.4064615 ])"
3924,90505294,"array([-24.79304972, -15.1097325 ])"
3925,80150607,"array([-23.80363182, -14.99784333])"
3926,74776649,"array([-23.67949791, -15.10297031])"
3927,78381131,"array([-24.30396417, -15.48885447])"
3928,100335690,"array([-24.53776358, -15.50212366])"
3929,77463616,"array([-24.33298528, -15.04023007])"
3930,73596997,"array([-24.27757051, -15.24209163])"
3931,74121261,"array([-23.35341929, -15.22931238])"
3932,74514517,"array([-23.35487815, -15.46013485])"
3933,104398916,"array([-23.26003328, -15.34047036])"
3934,102694980,"array([-23.47168584, -15.32416081])"
3935,101843006,"array([-22.9357702 , -15.58092877])"
3936,78970959,"array([-22.99797213, -15.40198363])"
3937,100466735,"array([-23.08338924, -15.18565475])"
3938,78839881,"array([-22.83570123, -15.28630808])"
3939,75104322,"array([-22.77806146, -15.44155039])"
3940,76283970,"array([-23.67355326, -15.5310607 ])"
3941,78577710,"array([-23.73608217, -15.37132752])"
3942,77267022,"array([-24.58687015, -16.22480271])"
3943,73269306,"array([-24.28560595, -15.92633621])"
3944,103153719,"array([-24.26585606, -16.16482953])"
3945,99352621,"array([-23.62529958, -15.87409599])"
3946,83034193,"array([-23.37027671, -16.02187097])"
3947,104202296,"array([-23.3402989 , -15.86223007])"
3948,73400393,"array([-22.27184255, -15.04864237])"
3949,74317882,"array([-22.47562309, -15.0604539 ])"
3950,104923216,"array([-23.44244526, -15.77904725])"
3951,86966342,"array([-23.18815076, -16.06018769])"
3952,95158339,"array([-23.05990959, -16.12471533])"
3953,99876910,"array([-23.26205718, -16.27532714])"
3954,78184507,"array([-22.57014441, -14.476983  ])"
3955,83558460,"array([-22.69494733, -14.66237762])"
3956,100335691,"array([-22.3173907 , -15.31511708])"
3957,90570803,"array([-22.48192453, -15.316014  ])"
3958,78118959,"array([-22.18277047, -14.44321306])"
3959,78381132,"array([-22.35279272, -14.74296361])"
3960,104333370,"array([-22.36007759, -14.56961025])"
3961,86573119,"array([-22.17043631, -14.04590913])"
3962,104529984,"array([-22.72775518, -15.5971188 ])"
3963,73269307,"array([-22.18902199, -15.78544672])"
3964,74514518,"array([-22.21790973, -15.62925326])"
3965,103153720,"array([-22.01535321, -15.71499598])"
3966,99352622,"array([-23.17223566, -15.79031893])"
3967,77267023,"array([-22.03072526, -15.52140367])"
3968,104398917,"array([-22.11464869, -15.41052223])"
3969,74121262,"array([-21.97531317, -14.85517475])"
3970,74776650,"array([-21.91962858, -14.67434228])"
3971,102694981,"array([-22.73505007, -15.84600649])"
3972,80150608,"array([-22.54505986, -15.9275149 ])"
3973,101318715,"array([-22.72741136, -16.13940824])"
3974,97189950,"array([-22.2130548 , -16.61737795])"
3975,77463617,"array([-22.35461239, -15.9369697 ])"
3976,73596998,"array([-22.52399666, -15.72705438])"
3977,105906217,"array([-22.99774386, -15.8900645 ])"
3978,76087363,"array([-22.26135893, -16.99675169])"
3979,76021814,"array([-22.42467758, -16.22682049])"
3980,90505295,"array([-22.50327988, -16.4047982 ])"
3981,86376520,"array([-22.66540344, -17.2344309 ])"
3982,80019522,"array([-22.35871354, -16.44297289])"
3983,84410438,"array([-22.91487162, -16.47160081])"
3984,104136760,"array([-23.19681045, -17.05260784])"
3985,104792144,"array([-23.16349512, -16.73923902])"
3986,94502976,"array([-21.47349256, -16.03336876])"
3987,95092782,"array([-21.81415754, -15.88284082])"
3988,100270132,"array([-22.23840102, -16.20032713])"
3989,79167564,"array([-21.53834064, -15.51057631])"
3990,83558461,"array([-21.7311202 , -15.54319182])"
3991,78184508,"array([-21.00319882, -14.73210929])"
3992,104923217,"array([-21.22415977, -14.69287292])"
3993,77922365,"array([-21.22298251, -14.97806751])"
3994,94175293,"array([-22.11472029, -15.94959445])"
3995,90636348,"array([-21.99760322, -16.04680547])"
3996,100991060,"array([-21.95462299, -16.27220133])"
3997,73728074,"array([-21.61110872, -16.19686947])"
3998,104529985,"array([-21.78490577, -16.37619417])"
3999,83034194,"array([-21.02163036, -15.60424383])"
4000,99876911,"array([-21.05469219, -15.44063527])"
4001,99352624,"array([-21.21101422, -15.44216225])"
4002,74121263,"array([-21.85558492, -16.09790811])"
4003,78839882,"array([-21.76605083, -15.27886451])"
4004,78118960,"array([-22.57088252, -16.80313785])"
4005,80019523,"array([-22.16178775, -16.37493171])"
4006,86966343,"array([-21.21577949, -17.12960219])"
4007,105906218,"array([-21.35841985, -17.30593755])"
4008,104202297,"array([-21.43470446, -16.99876257])"
4009,74776651,"array([-21.64063439, -16.94473974])"
4010,73596999,"array([-21.99351788, -16.50539939])"
4011,78381133,"array([-20.54072417, -15.90109652])"
4012,90570804,"array([-20.66940736, -16.01692152])"
4013,100335692,"array([-20.4237869 , -16.03865845])"
4014,99680333,"array([-20.52050367, -16.15375912])"
4015,95158340,"array([-20.86304103, -16.05423425])"
4016,96993344,"array([-21.41048115, -15.75727715])"
4017,104333371,"array([-21.58477308, -15.79924482])"
4018,79953937,"array([-20.63368617, -16.71794292])"
4019,73269308,"array([-20.50347074, -16.87859212])"
4020,103153721,"array([-20.41895472, -16.41678333])"
4021,74514519,"array([-20.31510734, -16.67009078])"
4022,78577711,"array([-21.0893326 , -15.11383065])"
4023,104398918,"array([-20.86506601, -15.17569419])"
4024,101843007,"array([-20.06438178, -15.54165721])"
4025,78446655,"array([-20.03834555, -15.41497384])"
4026,76283971,"array([-19.90628096, -15.5726269 ])"
4027,100466736,"array([-19.8999638 , -15.42324019])"
4028,101253173,"array([-20.6716228 , -16.37272491])"
4029,95092783,"array([-20.8658067 , -16.66040678])"
4030,98631732,"array([-20.91198821, -16.35050259])"
4031,94502977,"array([-21.16368581, -16.5744632 ])"
4032,86376521,"array([-20.61625763, -15.24328798])"
4033,86573120,"array([-20.45880858, -15.34710941])"
4034,78970960,"array([-20.16187388, -15.16119598])"
4035,78905407,"array([-20.71040158, -15.41018084])"
4036,78118961,"array([-20.2949637 , -15.85440115])"
4037,73597000,"array([-20.16508586, -15.92816195])"
4038,74121264,"array([-20.19907279, -16.15990123])"
4039,86966344,"array([-20.02330381, -16.22058931])"
4040,77267024,"array([-20.82355632, -14.89477942])"
4041,75104323,"array([-20.57033089, -14.96977464])"
4042,84410439,"array([-20.05246699, -14.85655117])"
4043,78839883,"array([-20.11469509, -14.6313936 ])"
4044,102694982,"array([-20.25670452, -14.84802422])"
4045,78970961,"array([-20.36100807, -15.11468704])"
4046,104202298,"array([-20.49126509, -14.74270006])"
4047,74776652,"array([-20.43366378, -14.48731975])"
4048,105906219,"array([-19.73809949, -14.76581948])"
4049,90636349,"array([-19.77951715, -14.99774938])"
4050,104792145,"array([-19.50055102, -15.61038426])"
4051,73400394,"array([-19.65269388, -15.76626679])"
4052,94699574,"array([-19.93473654, -16.47643167])"
4053,76087364,"array([-19.65849854, -16.81764346])"
4054,97189951,"array([-20.04627923, -16.68034711])"
4055,100270133,"array([-19.92426092, -17.00805216])"
4056,96075861,"array([-19.17184371, -15.81985837])"
4057,90505296,"array([-19.47458659, -15.80575526])"
4058,76021815,"array([-19.46774986, -16.34739703])"
4059,94175294,"array([-19.60741915, -16.47610225])"
4060,80019524,"array([-18.99154451, -16.33952706])"
4061,96403510,"array([-19.10257981, -16.51333145])"
4062,77463618,"array([-19.71328256, -16.26133674])"
4063,100991061,"array([-18.7365578 , -15.74879771])"
4064,79167565,"array([-18.91849774, -15.74827349])"
4065,104529986,"array([-18.33118868, -16.15475091])"
4066,88604724,"array([-18.62437169, -16.11919726])"
4067,83558462,"array([-19.53155018, -16.07893444])"
4068,84475965,"array([-19.26913866, -16.17725766])"
4069,96993345,"array([-18.96946024, -15.23518531])"
4070,74121265,"array([-19.131469  , -15.10037694])"
4071,73597001,"array([-18.65820947, -15.05786872])"
4072,94699575,"array([-17.82797584, -15.53856083])"
4073,78118962,"array([-17.79616354, -15.71992603])"
4074,104333372,"array([ 2.31746358, 51.30503945])"
4075,83034195,"array([ 2.18374877, 51.39185255])"
4076,99352625,"array([ 2.3033943 , 51.55494484])"
4077,88604725,"array([ 2.23590667, 50.21273946])"
4078,104529987,"array([ 1.88091991, 50.07155855])"
4079,73269309,"array([ 2.02355241, 50.21824796])"
4080,74317883,"array([ 2.07976576, 50.46097315])"
4081,84475966,"array([ 4.36382718, 50.01707224])"
4082,77463619,"array([ 4.26528506, 50.10984802])"
4083,86966345,"array([ 1.70343859, 51.27334292])"
4084,104202299,"array([ 2.92809395, 51.00798946])"
4085,96141377,"array([ 1.06061697, 50.69760861])"
4086,94175295,"array([ 1.43365692, 50.69641948])"
4087,75104324,"array([ 1.66804511, 50.73606503])"
4088,86573121,"array([ 4.19893875, 49.96805916])"
4089,78839884,"array([ 3.44961757, 50.29967875])"
4090,76021817,"array([ 3.21926401, 50.36937008])"
4091,96141378,"array([ 3.55663479, 49.33353097])"
4092,86966346,"array([ 3.42014825, 49.18958883])"
4093,73400395,"array([ 5.03419522, 50.03359623])"
4094,90636350,"array([ 5.31247158, 50.57274385])"
4095,101318716,"array([ 5.24281302, 50.79793027])"
4096,104792146,"array([ 5.05763744, 50.63777054])"
4097,105906220,"array([ 5.12787205, 49.6549479 ])"
4098,74121266,"array([ 4.71188079, 49.67370013])"
4099,77267025,"array([ 4.63346168, 49.53659955])"
4100,74514520,"array([ 4.84227381, 50.04423374])"
4101,103153722,"array([ 5.22764307, 49.48769142])"
4102,74317884,"array([ 4.30568554, 49.40343795])"
4103,99352626,"array([-23.56466756,   5.67054864])"
4104,104202300,"array([-23.69813675,   5.55525525])"
4105,104333373,"array([-23.94836424,   5.63583255])"
4106,83034196,"array([-23.54738164,   5.41066282])"
4107,73400396,"array([-22.88784312,   5.8704772 ])"
4108,101318717,"array([-22.86293864,   6.10315148])"
4109,96141379,"array([-22.39007907,   6.33939443])"
4110,82444371,"array([-22.60122842,   6.33059171])"
4111,90636351,"array([-23.2675113 ,   6.51430594])"
4112,86573122,"array([-23.44681332,   6.24346003])"
4113,74514521,"array([-23.21733396,   6.3429302 ])"
4114,77463620,"array([-22.43247436,   6.56783546])"
4115,86966347,"array([-22.86793511,   6.81840377])"
4116,77267026,"array([-22.87113534,   6.56044769])"
4117,104792147,"array([-23.48514873,   6.50226315])"
4118,73269310,"array([-23.96662297,   5.14792912])"
4119,74121267,"array([-22.44226003,   3.85797206])"
4120,84475967,"array([-22.53123608,   3.66391125])"
4121,101318718,"array([-22.73021539,   5.65592397])"
4122,76021818,"array([-21.29982068,   4.90302025])"
4123,104529988,"array([-21.1949222 ,   5.06020151])"
4124,75104325,"array([-21.10671957,   4.79236653])"
4125,105906221,"array([-21.69561669,   5.20481643])"
4126,99680334,"array([-21.97520381,   4.88003167])"
4127,78577712,"array([-22.1299614 ,   4.57236688])"
4128,77267027,"array([-20.2384655 ,   5.15416984])"
4129,104333374,"array([-20.19830615,   5.01438346])"
4130,73269311,"array([-20.04794044,   5.07885949])"
4131,104792148,"array([-20.07591791,   5.26327667])"
4132,99352627,"array([35.72201268,  8.37341404])"
4133,83034197,"array([35.62654844,  8.5194803 ])"
4134,84475968,"array([35.26842829,  8.9299231 ])"
4135,78577713,"array([35.26875946,  9.12052759])"
4136,74514522,"array([35.02187269,  9.29372503])"
4137,86966348,"array([34.87959521,  9.13332814])"
4138,78184509,"array([34.82997786,  9.34122782])"
4139,101318719,"array([-20.7743219 ,   4.85562556])"
4140,74121268,"array([-20.79237237,   5.04106793])"
4141,99680335,"array([ 5.72569271, 15.75122267])"
4142,96141380,"array([ 5.93304752, 15.72851844])"
4143,73400397,"array([36.10666933,  7.77214962])"
4144,77463621,"array([36.23648505,  7.56177888])"
4145,84475969,"array([-12.63477146, -15.44419988])"
4146,78577714,"array([-12.66698068, -15.27489554])"
4147,78184510,"array([-12.79059868, -15.34580264])"
4148,73400398,"array([-11.50847726, -16.6615978 ])"
4149,75104326,"array([-11.70989505, -16.47024424])"
4150,77267028,"array([-11.67551909, -16.68558724])"
4151,94175296,"array([-11.46852614, -16.46481948])"
4152,76021819,"array([-12.16142483, -12.75791619])"
4153,82444373,"array([-12.04776064, -12.62090912])"
4154,86966349,"array([-12.26350022, -12.62762958])"
4155,74514523,"array([-12.21266545, -16.00341081])"
4156,104333375,"array([-12.20014636, -16.2200874 ])"
4157,83034198,"array([-12.33356401, -14.1535317 ])"
4158,77463622,"array([-12.13038771, -14.08885414])"
4159,74121269,"array([-12.61836176, -13.11314756])"
4160,99680336,"array([-12.14088309, -13.2673031 ])"
4161,99352628,"array([-12.30292583, -13.36464024])"
4162,105906222,"array([-12.71440123, -12.5242669 ])"
4163,73269312,"array([-12.86189026, -12.29109838])"
4164,104792150,"array([-12.64770521, -13.49943862])"
4165,101318720,"array([-36.40830785,  41.09693168])"
4166,96141381,"array([-36.60284103,  40.95531227])"
4167,74317886,"array([-13.11484511, -12.21584948])"
4168,74776653,"array([-12.98295546, -12.04734666])"
4169,78839885,"array([-12.63972293, -15.04241211])"
4170,104923218,"array([-12.74309885, -14.38926761])"
4171,84410440,"array([-12.55236027, -14.51550938])"
4172,103153724,"array([58.3625366 , 15.06297821])"
4173,74121270,"array([58.60801534, 15.15292946])"
4174,105906223,"array([58.42373001, 15.25184606])"
4175,86573123,"array([58.55043389, 14.86299864])"
4176,104202301,"array([-12.76950584, -14.6705139 ])"
4177,77267029,"array([-13.31685202, -14.28226761])"
4178,104792151,"array([-12.04273662, -14.49752822])"
4179,79953938,"array([33.17561358, 33.66174498])"
4180,80150609,"array([33.26651231, 33.80336213])"
4181,83034200,"array([33.37511133, 33.93827479])"
4182,104333376,"array([33.33202495, 33.63200274])"
4183,84410441,"array([33.6130654 , 33.62790453])"
4184,78184511,"array([33.76591143, 33.69745282])"
4185,104923219,"array([32.87925453, 34.20913118])"
4186,77463623,"array([32.85708271, 33.87598794])"
4187,104202302,"array([33.6478624 , 34.05427965])"
4188,73269313,"array([33.4085477 , 33.77855218])"
4189,94175297,"array([32.86886303, 33.07843874])"
4190,96403511,"array([33.07463651, 33.13699478])"
4191,76087365,"array([60.23157399, 42.1286094 ])"
4192,96075862,"array([59.93615533, 41.98284116])"
4193,80019525,"array([60.11200261, 41.8264748 ])"
4194,73597002,"array([58.32041727, 41.28797091])"
4195,100991062,"array([58.23555088, 41.54640788])"
4196,78184512,"array([58.32337634, 42.3030777 ])"
4197,94175298,"array([58.20892593, 42.48379898])"
4198,99876912,"array([57.78688831, 42.13940949])"
4199,96403512,"array([57.86822295, 42.33682318])"
4200,80150610,"array([57.9708212 , 41.81371016])"
4201,84410442,"array([57.8050636 , 41.72205873])"
4202,83034201,"array([58.8635908 , 43.06654662])"
4203,104333377,"array([58.70064945, 43.16714655])"
4204,79953939,"array([58.91461753, 41.96740025])"
4205,101253174,"array([58.92015105, 42.15219316])"
4206,98631733,"array([57.55531267, 41.3972388 ])"
4207,96993346,"array([57.77259363, 41.44476095])"
4208,95092784,"array([57.56105813, 43.17536158])"
4209,100597821,"array([57.4947792 , 43.40790827])"
4210,73400399,"array([58.69065153, 42.43782967])"
4211,90636352,"array([58.92710618, 42.51740539])"
4212,78446657,"array([58.48407285, 41.76359561])"
4213,94502978,"array([59.63034408, 41.2272258 ])"
4214,78381134,"array([59.42758283, 41.50476744])"
4215,101843008,"array([57.52744495, 42.58137481])"
4216,98304048,"array([57.41271433, 42.35362728])"
4217,94699576,"array([57.34146183, 42.53795022])"
4218,102694983,"array([57.88649501, 42.77102703])"
4219,98631734,"array([56.50264299, 43.74985391])"
4220,84410443,"array([57.89925676, 44.30061885])"
4221,96993347,"array([56.61767486, 43.65622414])"
4222,80150611,"array([56.54149667, 43.52490138])"
4223,83034202,"array([56.40661258, 43.62258925])"
4224,78118963,"array([55.20172031, 42.51043925])"
4225,98304049,"array([55.32319882, 42.70134408])"
4226,101843009,"array([55.4709858 , 43.81205334])"
4227,77463624,"array([55.63920061, 43.77026351])"
4228,94502979,"array([55.52335441, 43.51398907])"
4229,77922366,"array([55.8570686 , 44.14671705])"
4230,94699577,"array([55.67314848, 44.15314404])"
4231,101318721,"array([57.74464165, 44.54866643])"
4232,96141382,"array([57.91980043, 44.58473893])"
4233,103153725,"array([56.34271003, 44.31697127])"
4234,80150612,"array([55.02457503, 43.85566747])"
4235,104923220,"array([58.97239783, 44.8935457 ])"
4236,101843010,"array([55.80857843, 43.5144196 ])"
4237,77463625,"array([55.70462138, 43.28741496])"
4238,94699578,"array([55.89672179, 44.42019927])"
4239,96993348,"array([54.78620594, 45.08754232])"
4240,98304050,"array([54.77903735, 44.90305953])"
4241,78118964,"array([54.59766685, 44.99592073])"
4242,83034203,"array([54.92185267, 45.01063108])"
4243,78839886,"array([54.94787821, 44.85280858])"
4244,105906224,"array([54.89589237, 44.32336112])"
4245,96075863,"array([54.797981  , 44.12171011])"
4246,98631735,"array([54.91689261, 43.39933445])"
4247,99680337,"array([54.74816214, 43.39395812])"
4248,104923221,"array([56.94331937, 45.31368919])"
4249,80150613,"array([56.4128768 , 45.21007891])"
4250,76087366,"array([54.34144308, 43.16910212])"
4251,104202303,"array([56.54191589, 44.97467197])"
4252,78970962,"array([55.92191036, 45.15616135])"
4253,77922367,"array([57.28904181, 44.80070742])"
4254,94699579,"array([57.24416066, 44.65765793])"
4255,104333378,"array([57.69973546, 44.35424568])"
4256,97189952,"array([57.60808516, 44.50935313])"
4257,100270134,"array([57.48235044, 43.99240248])"
4258,78905408,"array([57.53784708, 44.31023285])"
4259,100466737,"array([57.2899608 , 44.19951725])"
4260,73728076,"array([57.32458866, 44.07212185])"
4261,90505297,"array([57.65321529, 44.19176404])"
4262,104398919,"array([57.81706213, 44.40414524])"
4263,76283972,"array([57.16828307, 44.06044362])"
4264,83558463,"array([57.70710185, 43.94700659])"
4265,104136762,"array([57.70602934, 43.7223386 ])"
4266,74973234,"array([57.40954103, 44.25110836])"
4267,100335693,"array([57.37585603, 43.8752324 ])"
4268,101253175,"array([57.28167798, 44.37882446])"
4269,90570805,"array([57.48090183, 44.14100034])"
4270,77267030,"array([57.15422997, 44.30940781])"
4271,95158341,"array([57.61708202, 44.07580314])"
4272,94175299,"array([57.21682553, 43.8457119 ])"
4273,78184513,"array([57.42208921, 44.39951258])"
4274,79953940,"array([57.50486788, 44.71923529])"
4275,74776654,"array([57.91245263, 44.10947063])"
4276,76021821,"array([57.88116339, 44.81745342])"
4277,95092785,"array([57.73730669, 44.81005734])"
4278,86966350,"array([58.27767248, 45.04457459])"
4279,74317887,"array([58.08367709, 45.0153476 ])"
4280,82444374,"array([58.189094  , 44.86862015])"
4281,104529989,"array([58.28455476, 44.45734408])"
4282,75104327,"array([58.59389289, 44.25046038])"
4283,94175300,"array([57.94092174, 43.88138086])"
4284,88604727,"array([58.4429922 , 45.56558306])"
4285,74514524,"array([58.26588381, 45.62668921])"
4286,99876914,"array([58.23251877, 45.42831929])"
4287,90636353,"array([56.08038061, 46.28910738])"
4288,99680338,"array([56.06254563, 46.48405997])"
4289,78970963,"array([57.86089461, 45.06139716])"
4290,78839887,"array([57.45475442, 44.99675847])"
4291,97189953,"array([55.10395251, 47.32138662])"
4292,104398920,"array([55.28602396, 47.1603972 ])"
4293,84410444,"array([57.18159845, 46.56169686])"
4294,75104328,"array([56.99895801, 46.44691652])"
4295,104529990,"array([57.15607786, 46.2554982 ])"
4296,78970964,"array([55.54512284, 47.95407363])"
4297,84410445,"array([54.72013196, 47.47300169])"
4298,75104329,"array([54.57889996, 47.55796159])"
4299,103153726,"array([53.89084084, 49.31655304])"
4300,96403513,"array([53.83472402, 49.1402174 ])"
4301,73597003,"array([54.27329131, 47.82701042])"
4302,78577715,"array([53.68288165, 48.22180427])"
4303,98304051,"array([54.52349807, 47.98241914])"
4304,78446658,"array([53.74073546, 48.37834234])"
4305,100991063,"array([53.52111008, 48.19983727])"
4306,76283973,"array([53.39576938, 48.27383094])"
4307,78118965,"array([53.39354124, 48.40006352])"
4308,102694984,"array([53.55772876, 48.35344079])"
4309,99352629,"array([53.67971535, 48.56407299])"
4310,100597822,"array([53.43634911, 48.66830665])"
4311,104923222,"array([53.50542821, 48.46493091])"
4312,104529992,"array([52.59607747, 48.21996779])"
4313,86966351,"array([52.74383264, 48.09467431])"
4314,90636354,"array([52.73612984, 48.6965333 ])"
4315,101318722,"array([52.58199374, 48.8338905 ])"
4316,73597004,"array([51.55487148, 49.58614999])"
4317,98304052,"array([51.58555703, 49.78626701])"
4318,84475972,"array([51.74664729, 49.56100665])"
4319,78118966,"array([52.28380092, 49.28934223])"
4320,97189954,"array([52.07085351, 49.25435535])"
4321,76283974,"array([52.05310885, 48.73110865])"
4322,98631736,"array([-21.02079189,  55.72719201])"
4323,96141383,"array([-20.91392454,  56.22498545])"
4324,73597005,"array([-20.7772449 ,  55.93284708])"
4325,104398921,"array([-20.97863202,  56.38516608])"
4326,99352630,"array([-20.72237078,  56.42947624])"
4327,78577716,"array([-21.42679074,  56.07873506])"
4328,78970965,"array([-21.48342787,  56.36953352])"
4329,78446659,"array([-22.16142675,  55.96981968])"
4330,78970966,"array([-19.48715475,  56.20846872])"
4331,96141384,"array([-19.66612809,  56.13901563])"
4332,99680339,"array([-20.49641203,  56.57626208])"
4333,104398922,"array([-20.41966461,  56.37093005])"
4334,79953941,"array([-18.80671826,  56.85391596])"
4335,78446660,"array([-19.02216586,  56.91686329])"
4336,84475973,"array([-19.20131055,  55.39473719])"
4337,101318723,"array([-19.20866218,  55.59583694])"
4338,78839888,"array([-19.00514372,  55.55128545])"
4339,83034205,"array([37.05466591,  3.0900073 ])"
4340,97189955,"array([37.09134581,  3.29986243])"
4341,98304053,"array([-18.22160569,  56.07795873])"
4342,90636355,"array([-18.1169056 ,  58.24033269])"
4343,84410446,"array([-18.12376027,  58.0692107 ])"
4344,76021822,"array([-17.66948608,  55.48837343])"
4345,73269315,"array([-17.90486631,  55.56969643])"
4346,104202304,"array([-17.99372761,  55.73309068])"
4347,86966352,"array([-18.550969  ,  56.05847744])"
4348,99680340,"array([-18.41971046,  55.84378433])"
4349,83034206,"array([-18.20794296,  56.83164709])"
4350,78577717,"array([-18.15244281,  57.09841766])"
4351,82444375,"array([-19.9768821 ,  57.48622915])"
4352,74514525,"array([-19.69035216,  56.76936509])"
4353,98631737,"array([-19.22166244,  56.43702018])"
4354,97189956,"array([-17.31531173,  55.57178931])"
4355,83034207,"array([-16.72831842,  55.45151881])"
4356,99352631,"array([-17.41579444,  55.72224855])"
4357,104398923,"array([-16.91702953,  56.42022626])"
4358,73597006,"array([-16.14917184,  56.40881313])"
4359,104923223,"array([-16.17354241,  56.2580168 ])"
4360,88604728,"array([-16.75991662,  54.30793085])"
4361,96993349,"array([-16.70446427,  54.43220047])"
4362,95092786,"array([-17.07077055,  54.61119179])"
4363,73728077,"array([-16.82759118,  54.44970826])"
4364,77267031,"array([-16.91438437,  54.27017723])"
4365,79167566,"array([-16.75108544,  54.58572958])"
4366,104333379,"array([-16.89165067,  54.58422824])"
4367,80019526,"array([-17.04477543,  54.40950479])"
4368,104529993,"array([-17.46261283,  55.13710937])"
4369,78446661,"array([-17.79903964,  55.159287  ])"
4370,100991064,"array([-17.33620008,  55.3446125 ])"
4371,79953942,"array([-16.57331328,  54.53816035])"
4372,78446662,"array([-16.107023  ,  54.23184412])"
4373,98304054,"array([-16.22933636,  53.96873001])"
4374,102694985,"array([-16.26065286,  54.22218492])"
4375,95092787,"array([-16.6233902 ,  54.24761798])"
4376,98304055,"array([-16.18264479,  54.4254727 ])"
4377,105906225,"array([-16.53938083,  55.20436193])"
4378,96141385,"array([-16.51243439,  54.92217092])"
4379,78970967,"array([-16.37731928,  55.13220094])"
4380,99876915,"array([-15.8971694 ,  55.50555879])"
4381,77463626,"array([-16.1199562,  54.830077 ])"
4382,78577718,"array([-16.06831933,  54.66970293])"
4383,90636356,"array([-16.33353865,  54.9298954 ])"
4384,84475974,"array([-15.87177626,  54.66907504])"
4385,74514526,"array([-15.7939505 ,  54.88695826])"
4386,86966353,"array([-15.70100042,  54.63631998])"
4387,99680341,"array([-15.59033787,  54.92555513])"
4388,104398924,"array([-15.98289625,  54.96434369])"
4389,104202305,"array([-15.97985165,  55.25861662])"
4390,73269316,"array([-15.75157517,  55.38741234])"
4391,101318724,"array([-15.79343735,  55.1799577 ])"
4392,101843011,"array([-16.22627882,  55.56325813])"
4393,98631738,"array([-16.32749144,  55.72477355])"
4394,84410447,"array([-15.3070284 ,  55.23902001])"
4395,78839889,"array([-15.02510866,  55.22707676])"
4396,78184514,"array([-13.68892327,  56.13615302])"
4397,78905409,"array([-13.79668519,  55.9651798 ])"
4398,94175301,"array([-13.62226452,  55.89324302])"
4399,100270135,"array([-13.53518766,  56.01783686])"
4400,94699580,"array([-14.09826348,  56.39388436])"
4401,78381135,"array([-14.14685766,  56.24384915])"
4402,96075864,"array([-13.90237286,  56.34490561])"
4403,77922368,"array([-13.99975109,  56.17463618])"
4404,74776655,"array([-13.83336222,  55.51406651])"
4405,74973235,"array([-14.16707488,  55.69239185])"
4406,100335694,"array([-13.94313327,  55.64215883])"
4407,90505298,"array([-14.01600871,  55.44803344])"
4408,98304056,"array([-14.05618892,  55.57148202])"
4409,95158342,"array([-13.34849468,  55.09388841])"
4410,83558464,"array([-13.54286231,  55.16775812])"
4411,94502981,"array([-14.14607672,  57.1177172 ])"
4412,78446663,"array([-14.09428476,  56.83133353])"
4413,97189957,"array([-12.52733388,  55.69086428])"
4414,99352632,"array([-12.38131474,  55.80778905])"
4415,102694986,"array([-12.7344631,  55.0615693])"
4416,74317888,"array([-12.69046834,  55.24614253])"
4417,96993350,"array([-13.28432795,  55.34270534])"
4418,86966354,"array([-12.95963324,  55.99983514])"
4419,96141386,"array([-13.07278244,  56.1006626 ])"
4420,79167567,"array([-13.43637937,  56.49658663])"
4421,101843012,"array([-13.10130193,  55.72672222])"
4422,105906226,"array([-13.19092814,  55.60680256])"
4423,99680342,"array([-12.98010967,  55.58762371])"
4424,95092788,"array([-11.88588963,  55.25133839])"
4425,104136764,"array([-11.58851417,  55.15199227])"
4426,104529994,"array([-12.38521015,  54.96463846])"
4427,73597007,"array([-12.48211951,  55.0731208 ])"
4428,75104331,"array([-12.96903461,  55.25535466])"
4429,100270136,"array([-12.84988082,  55.37032487])"
4430,99680343,"array([-12.14477144,  56.32428544])"
4431,79167568,"array([-12.04843284,  56.12874857])"
4432,74317889,"array([-12.4013628 ,  57.08896042])"
4433,100270137,"array([-12.53200478,  57.17910728])"
4434,102694987,"array([-11.39319279,  56.6467711 ])"
4435,96993351,"array([-11.91008997,  58.48572079])"
4436,83558465,"array([-11.85380431,  58.65508648])"
4437,101843013,"array([-12.11119549,  57.97075367])"
4438,76087368,"array([-11.53795186,  59.71507419])"
4439,104529995,"array([-11.62205264,  59.41802432])"
4440,76087369,"array([4.0941768 , 1.41416138])"
4441,83558466,"array([3.81830039, 1.1555628 ])"
4442,78446665,"array([8.10467314, 4.83723441])"
4443,77922369,"array([8.23295432, 5.04310473])"
4444,104923224,"array([7.88697542, 5.31828336])"
4445,90570806,"array([7.73110612, 5.39609424])"
4446,90636357,"array([8.03095508, 5.48635151])"
4447,78577719,"array([8.09971942, 5.6722893 ])"
4448,84475975,"array([8.21999429, 5.57663823])"
4449,74514527,"array([8.05564085, 5.28076166])"
4450,101253176,"array([7.88056143, 5.545258  ])"
4451,73269317,"array([8.17811679, 5.39150885])"
4452,73400400,"array([8.72499638, 6.02738804])"
4453,83558467,"array([9.00164602, 6.00158101])"
4454,78970968,"array([8.86206439, 5.86942324])"
4455,78118968,"array([9.01843919, 5.83925035])"
4456,78381136,"array([8.86852777, 6.09413694])"
4457,76087370,"array([8.19242545, 6.57354986])"
4458,74317890,"array([7.94861174, 6.04958964])"
4459,84410448,"array([7.66860133, 6.26622796])"
4460,94502982,"array([7.53636411, 6.00383382])"
4461,79167569,"array([8.71394548, 4.98689996])"
4462,99352633,"array([8.75673551, 5.21939181])"
4463,97189958,"array([9.15119193, 5.6648304 ])"
4464,99680344,"array([9.48893769, 6.12620593])"
4465,104529996,"array([9.27628479, 6.31744151])"
4466,102694988,"array([9.3910059 , 6.05392448])"
4467,96993352,"array([9.20798804, 6.19837233])"
4468,100270138,"array([9.49222812, 6.33315449])"
4469,90505300,"array([9.61935566, 6.16926778])"
4470,86966355,"array([9.29650395, 6.12695447])"
4471,100991065,"array([9.41046609, 6.20476972])"
4472,105906227,"array([9.65525042, 6.28197204])"
4473,101843015,"array([9.50827005, 5.84010601])"
4474,98631739,"array([9.99185083, 5.92885069])"
4475,100466738,"array([9.91777661, 6.19980933])"
4476,73597008,"array([9.78365457, 6.33581609])"
4477,99876916,"array([9.71914553, 6.14511138])"
4478,83034208,"array([9.70872308, 5.76280311])"
4479,78905410,"array([9.67474135, 6.4138879 ])"
4480,95158343,"array([9.58369108, 6.02651916])"
4481,94175303,"array([9.24850425, 6.48326514])"
4482,74776656,"array([9.37577416, 6.35445349])"
4483,80150615,"array([9.51373193, 6.24875103])"
4484,77463628,"array([9.55772876, 6.47275944])"
4485,74973236,"array([9.39694524, 6.47594768])"
4486,101253177,"array([9.48453322, 6.62147738])"
4487,74514528,"array([9.76988491, 6.4980193 ])"
4488,84475976,"array([9.896635  , 6.49094371])"
4489,78839890,"array([9.81129437, 6.2321344 ])"
4490,104136765,"array([9.29699232, 6.67096794])"
4491,78577720,"array([9.61247415, 6.68923317])"
4492,98631740,"array([9.96316442, 6.34778308])"
4493,73269318,"array([8.63227897, 6.3046733 ])"
4494,90636358,"array([8.82513924, 6.36091822])"
4495,76087371,"array([8.5693847 , 7.03299906])"
4496,80019527,"array([8.91396307, 6.64154225])"
4497,97189959,"array([9.74375481, 5.96638812])"
4498,104923225,"array([9.31217062, 7.2664976 ])"
4499,101843016,"array([9.80242671, 6.67252005])"
4500,104923226,"array([9.04422858, 7.03212597])"
4501,97189960,"array([9.61777563, 5.18423613])"
4502,90636359,"array([9.69059492, 5.00727822])"
4503,73728078,"array([10.12757111,  6.92797736])"
4504,100466739,"array([11.51169103,  5.74569053])"
4505,94175304,"array([11.56747333,  5.59804419])"
4506,99352634,"array([9.57304386, 4.1722402 ])"
4507,90636360,"array([11.76132925,  5.95231328])"
4508,99876917,"array([11.70903885,  6.14843914])"
4509,73597009,"array([11.32728941,  6.02211387])"
4510,74776657,"array([10.73723344,  6.20041867])"
4511,90505301,"array([13.78329411,  4.69807008])"
4512,84475977,"array([14.49843521,  4.22422138])"
4513,78905411,"array([12.57438789,  5.53255084])"
4514,77463629,"array([13.23185742,  5.27959916])"
4515,100991066,"array([12.7393237 ,  5.09666118])"
4516,95158344,"array([13.14855182,  5.39131219])"
4517,84475978,"array([12.75016848,  5.22607796])"
4518,104923228,"array([12.8747102 ,  4.94350807])"
4519,80019528,"array([12.90307739,  5.09682179])"
4520,78577721,"array([12.53688673,  5.07600851])"
4521,73597010,"array([12.94394364,  5.62682156])"
4522,74973237,"array([13.03871493,  5.18478946])"
4523,73400401,"array([12.61380461,  5.1856999 ])"
4524,78839891,"array([12.69623011,  5.57291914])"
4525,73728079,"array([12.53218796,  5.29465978])"
4526,100335695,"array([13.03224586,  5.32679442])"
4527,98631741,"array([13.16462395,  5.51517995])"
4528,99680347,"array([12.63899612,  4.95837506])"
4529,74514529,"array([12.86582236,  5.52671318])"
4530,97189961,"array([12.96071442,  5.41832453])"
4531,104529997,"array([12.86955075,  5.27340465])"
4532,99352635,"array([13.02454855,  5.53370305])"
4533,101318725,"array([12.66260547,  5.35691262])"
4534,78118969,"array([12.11986092,  5.52893563])"
4535,77267032,"array([12.35572278,  5.34977706])"
4536,96993353,"array([11.8676315 ,  5.06693748])"
4537,104136766,"array([13.09527201,  5.85516629])"
4538,83558468,"array([12.34579186,  5.49503927])"
4539,78970969,"array([12.28924201,  5.23003145])"
4540,104333380,"array([12.7432965 ,  5.47182652])"
4541,103153727,"array([12.84075382,  5.69461948])"
4542,102694989,"array([12.09487048,  6.64958027])"
4543,105906228,"array([11.92402397,  6.67114612])"
4544,78446666,"array([12.19717058,  5.36051736])"
4545,95092789,"array([12.42142511,  5.21786231])"
4546,78381137,"array([12.1758509 ,  5.04678507])"
4547,101253178,"array([12.53263564,  5.4246916 ])"
4548,83034209,"array([12.70530915,  5.76766165])"
4549,101843017,"array([12.4954195 ,  5.77513126])"
4550,74776658,"array([12.04606682,  6.32141883])"
4551,96403514,"array([12.82304082,  5.38098737])"
4552,84410449,"array([11.94160322,  4.47767797])"
4553,98304058,"array([12.43959107,  5.60684135])"
4554,80150616,"array([12.32533397,  6.10941501])"
4555,96993354,"array([12.37823239,  5.06714632])"
4556,76087373,"array([12.86262021,  4.42089649])"
4557,100466740,"array([12.18408463,  6.48758833])"
4558,90505302,"array([11.82511116,  6.42382725])"
4559,78184515,"array([13.1730224,  6.5950514])"
4560,80150617,"array([12.99749807,  6.50455701])"
4561,88604729,"array([11.89937025,  6.19177143])"
4562,86966356,"array([13.82963274,  6.00459282])"
4563,79167570,"array([13.69992407,  6.18763831])"
4564,103153728,"array([12.53127298,  4.7256416 ])"
4565,90636361,"array([12.51756083,  6.63648294])"
4566,74317891,"array([12.32520146,  6.79420375])"
4567,77922370,"array([12.50401488,  6.8502274 ])"
4568,79953943,"array([13.2305156 ,  7.05592094])"
4569,73269319,"array([13.09864736,  6.89492571])"
4570,96141387,"array([12.944901  ,  7.74822612])"
4571,104202306,"array([14.36756804,  7.9201358 ])"
4572,100991067,"array([14.09592058,  7.71763317])"
4573,86966357,"array([11.505996  ,  7.25024318])"
4574,80150618,"array([12.45425958, 10.36421996])"
4575,99876918,"array([12.48609751, 10.17761729])"
4576,78184516,"array([12.63597012, 10.30895015])"
4577,100466741,"array([12.06907903,  6.90757712])"
4578,79953944,"array([12.132797 ,  8.2718102])"
4579,73269320,"array([12.14106254,  8.47853459])"
4580,90505303,"array([12.22449343,  9.34968381])"
4581,86966358,"array([12.1369432 ,  9.50691145])"
4582,100991068,"array([21.44288744, -7.27976498])"
4583,105906229,"array([21.2676164 , -7.15271313])"
4584,78184517,"array([30.15849182, 25.33030466])"
4585,99876919,"array([30.04332928, 25.15404885])"
4586,100597823,"array([12.11078615,  8.02967967])"
4587,100597824,"array([16.89280312, 76.2759989 ])"
4588,79953945,"array([16.92986089, 76.09309307])"
4589,99876920,"array([26.69616539, 28.74017421])"
4590,100991069,"array([26.55425418, 28.82605995])"
4591,105906230,"array([21.03445479, 23.26374538])"
4592,100597825,"array([21.20354314, 23.24498357])"
4593,86966359,"array([21.13742178, 23.50195254])"
4594,79953946,"array([27.15636464, 28.44898259])"
4595,90505304,"array([21.22046598, 23.71839446])"
4596,101253179,"array([32.20281247, 60.98925786])"
4597,98631742,"array([32.26646576, 60.79815567])"
4598,74973238,"array([ 0.47143053, 29.52470102])"
4599,104529998,"array([ 0.57081806, 29.74447587])"
4600,95158345,"array([ 0.80393846, 29.6533295 ])"
4601,99352636,"array([ 0.66264308, 29.46433678])"
4602,96993355,"array([-2.50206598, 31.62994404])"
4603,97189962,"array([-2.471133  , 31.82333934])"
4604,100335696,"array([-2.67274799, 30.75471216])"
4605,84475979,"array([-2.5731099 , 30.80294997])"
4606,83558469,"array([-2.59112967, 30.97638021])"
4607,101843018,"array([-2.41157782, 30.90586512])"
4608,94175306,"array([-2.41681865, 30.73596903])"
4609,78446667,"array([-2.44173631, 31.06643693])"
4610,78970970,"array([-0.38520174, 31.1012648 ])"
4611,95092790,"array([-0.64923449, 31.48627311])"
4612,96403515,"array([-1.08152803, 31.2521656 ])"
4613,103153729,"array([-0.79115233, 31.18081548])"
4614,73597011,"array([ 0.22844918, 30.5149145 ])"
4615,73728080,"array([-1.68859754, 31.36792404])"
4616,78118970,"array([-1.58306849, 31.53057739])"
4617,104923229,"array([-1.98094021, 30.65022704])"
4618,74514530,"array([-1.91347964, 30.49684097])"
4619,96403516,"array([-3.26644076, 31.03960294])"
4620,103153730,"array([-2.39609236, 32.32624203])"
4621,77267033,"array([-2.24028276, 30.10761314])"
4622,97189963,"array([-2.28915829, 29.94724783])"
4623,103153731,"array([-2.00163097, 29.9245721 ])"
4624,78970971,"array([-1.83646702, 29.85687579])"
4625,101843019,"array([-2.84551257, 30.90361991])"
4626,99352637,"array([-2.96049564, 30.58036393])"
4627,95158346,"array([-3.21460273, 30.34432095])"
4628,98631743,"array([-2.62245319, 29.44974441])"
4629,104136767,"array([-2.35843083, 28.87897092])"
4630,84475980,"array([-2.54980032, 29.65982983])"
4631,101843020,"array([-2.53132013, 29.27645281])"
4632,94175307,"array([-2.46623158, 29.49377432])"
4633,96993356,"array([-2.34897963, 29.38538851])"
4634,78118971,"array([-2.31496932, 29.60809739])"
4635,99680348,"array([-1.41196595, 29.37419184])"
4636,100335697,"array([-2.90922863, 29.88986338])"
4637,78577723,"array([-3.32273494, 29.83326669])"
4638,99680349,"array([-3.43951015, 29.71281633])"
4639,99352638,"array([-3.22016867, 29.29689346])"
4640,73728081,"array([-3.04954876, 29.10413682])"
4641,104529999,"array([-3.33320744, 29.07205701])"
4642,78118972,"array([-2.65137363, 29.82161911])"
4643,98631744,"array([-4.08562346, 29.66263723])"
4644,78446668,"array([-4.05212024, 29.46137245])"
4645,104530000,"array([-4.29466278, 29.42167878])"
4646,73728082,"array([-3.58856263, 30.39693474])"
4647,99352639,"array([-3.48001815, 30.33218194])"
4648,78970972,"array([-3.66068874, 30.28726461])"
4649,74973240,"array([-3.77504045, 30.80504517])"
4650,94175308,"array([-3.6144088 , 30.77028024])"
4651,73597012,"array([-3.01937208, 29.60208172])"
4652,96993357,"array([-4.30419088, 30.75623648])"
4653,104136768,"array([-4.17274677, 31.03417091])"
4654,78577724,"array([-3.46049836, 30.51765201])"
4655,98631745,"array([-4.26147509, 30.34854915])"
4656,99680350,"array([-4.05155191, 30.28075699])"
4657,77267034,"array([-4.27787866, 30.10250764])"
4658,95158347,"array([-3.41103267, 30.20134653])"
4659,78970973,"array([-3.57759998, 30.16327294])"
4660,73597013,"array([-5.26811736, 28.93764012])"
4661,100335698,"array([-5.07739026, 29.17737816])"
4662,77267035,"array([-4.56388395, 30.46475607])"
4663,99680351,"array([-4.57295689, 30.90028814])"
4664,94175309,"array([-4.78244483, 30.79943746])"
4665,78118974,"array([-4.5030956 , 31.72838707])"
4666,96403517,"array([-4.52361059, 31.58071736])"
4667,104530001,"array([-5.17830521, 31.42175091])"
4668,100335700,"array([-5.38929075, 31.67698848])"
4669,78446669,"array([-5.06963957, 31.52125816])"
4670,73597014,"array([-5.15135698, 31.70278468])"
4671,97189964,"array([-5.31032758, 31.28976333])"
4672,74973241,"array([-5.35959918, 31.45879837])"
4673,83558470,"array([-5.08867914, 30.87203618])"
4674,101843021,"array([-5.2611604 , 31.56735983])"
4675,99680352,"array([-6.21407772, 29.82922141])"
4676,96993358,"array([-5.94111465, 30.06028808])"
4677,104923230,"array([-6.22281644, 31.83858535])"
4678,103153732,"array([-6.40613331, 31.9527457 ])"
4679,95092791,"array([-6.14399768, 31.29628551])"
4680,78905412,"array([-6.02217298, 31.1600849 ])"
4681,77267036,"array([-6.13418187, 31.0151392 ])"
4682,73728083,"array([-5.8715032 , 31.02572227])"
4683,94175310,"array([-6.25533522, 31.12762301])"
4684,74514531,"array([-6.31994978, 32.30508376])"
4685,95158348,"array([-6.53485687, 32.16042043])"
4686,84475982,"array([-6.60982918, 32.32523027])"
4687,77463631,"array([-6.43623734, 32.45801335])"
4688,100335701,"array([-7.01052353, 31.168911  ])"
4689,101843022,"array([-6.81144378, 31.30487931])"
4690,101253181,"array([-2.88974277, 43.31822803])"
4691,78446670,"array([-2.71991816, 43.35843701])"
4692,84475983,"array([26.61657599, 33.42681015])"
4693,100335702,"array([26.70395638, 33.67637705])"
4694,95158349,"array([-3.04564207, 43.8865323 ])"
4695,101843023,"array([-7.07346334, 32.38985308])"
4696,104923231,"array([-14.08971118,  -4.45356814])"
4697,104333381,"array([-14.1305505 ,  -4.27252577])"
4698,77463632,"array([-2.94380042, 41.83298498])"
4699,100597826,"array([-2.99174701, 42.05867865])"
4700,74514532,"array([-3.00359675, 42.68877015])"
4701,78184518,"array([0.32464787, 2.07584753])"
4702,100335703,"array([0.58831392, 2.10464618])"
4703,104923232,"array([23.28621636, 21.30558163])"
4704,104333382,"array([23.13285278, 21.52733332])"
4705,103153733,"array([1.19810709, 2.12935468])"
4706,78446671,"array([1.3447795 , 1.97976901])"
4707,101253182,"array([-2.85454806, 41.53967512])"
4708,104923233,"array([-2.7919797 , 41.34773086])"
4709,104333383,"array([1.86307678, 2.13842415])"
4710,77463633,"array([1.73275913, 2.38104919])"
4711,105906231,"array([26.71668676, 51.08264212])"
4712,101843024,"array([26.60013742, 51.25041106])"
4713,101318728,"array([26.71538069, 50.68935369])"
4714,100597827,"array([26.85691129, 50.76318409])"
4715,78184519,"array([26.42771138, 51.6194998 ])"
4716,95158350,"array([26.16184504, 51.66909416])"
4717,100335704,"array([26.31920341, 51.75329747])"
4718,83034210,"array([26.14756666, 51.49373965])"
4719,79167571,"array([26.34819548, 51.47208714])"
4720,78839892,"array([27.14709018, 51.57453502])"
4721,100466742,"array([27.05043797, 51.77778046])"
4722,74317893,"array([26.95372414, 51.59073974])"
4723,77922371,"array([27.29380617, 51.78896238])"
4724,74776659,"array([26.10216373, 52.27887046])"
4725,94502983,"array([25.57904174, 50.5363447 ])"
4726,102694990,"array([25.69449273, 50.79248174])"
4727,76021823,"array([25.19400911, 51.1153823 ])"
4728,104398926,"array([25.40317001, 51.08718252])"
4729,90570809,"array([27.03223251, 49.86673326])"
4730,96141388,"array([27.09175944, 50.05624356])"
4731,76087374,"array([27.30389584, 49.78911074])"
4732,96075865,"array([-39.03079594,  33.70243752])"
4733,94699581,"array([-38.94729968,  33.87438798])"
4734,90636362,"array([-38.89435329,  33.58504829])"
4735,104202307,"array([-39.18276157,  33.85813616])"
4736,78381138,"array([-38.80008762,  33.75567626])"
4737,76021824,"array([13.8528753 , 48.90295624])"
4738,90505305,"array([13.83721158, 48.74042397])"
4739,78839893,"array([11.78658025, 48.53966364])"
4740,98304059,"array([11.79194361, 48.34661225])"
4741,74317894,"array([12.1724942 , 48.69402875])"
4742,100466743,"array([12.04841934, 48.68674168])"
4743,77922372,"array([12.14144385, 48.56368966])"
4744,79167572,"array([12.15065454, 48.80835956])"
4745,83034211,"array([12.29172538, 48.70840624])"
4746,104398927,"array([12.35997561, 48.54117707])"
4747,105906232,"array([12.14708702, 48.16919522])"
4748,74776660,"array([12.24204528, 47.93940325])"
4749,96141389,"array([13.74350469, 47.89948894])"
4750,102694991,"array([13.93798788, 47.65797206])"
4751,101843025,"array([13.44869062, 49.08194718])"
4752,78381139,"array([12.89068157, 48.93590737])"
4753,104202308,"array([12.92839364, 48.6999284 ])"
4754,96075866,"array([13.39405953, 48.54737295])"
4755,100597828,"array([13.02086396, 49.49524205])"
4756,94502984,"array([13.40223426, 49.53287385])"
4757,90570810,"array([12.60028891, 47.63962509])"
4758,94699582,"array([13.29084986, 48.1991037 ])"
4759,88604732,"array([12.03097991, 49.72055142])"
4760,73269321,"array([11.86613868, 49.59904289])"
4761,76087375,"array([13.74031171, 49.69555662])"
4762,90570811,"array([11.91977801, 49.90648143])"
4763,80150620,"array([11.06787173, 48.73990216])"
4764,99876921,"array([11.16673812, 48.56481647])"
4765,76283976,"array([11.98411173, 47.9767195 ])"
4766,100991070,"array([11.61202216, 49.24285992])"
4767,79953947,"array([11.55304886, 49.03491646])"
4768,90636363,"array([11.40031409, 49.18842875])"
4769,86966360,"array([11.31954946, 48.98316199])"
4770,101843026,"array([11.68489109, 50.53759728])"
4771,75104333,"array([11.80732284, 50.57421266])"
4772,94699583,"array([11.82451324, 50.44852269])"
4773,96993359,"array([11.48250515, 49.56772621])"
4774,104136770,"array([11.11409263, 49.66766553])"
4775,78118975,"array([11.000015 , 49.3849829])"
4776,104530002,"array([13.10757224, 52.03902732])"
4777,73728084,"array([12.91820805, 51.80986706])"
4778,77267037,"array([14.00364972, 51.17399154])"
4779,78905413,"array([13.87939176, 51.32649105])"
4780,74776661,"array([13.35703933, 50.85534103])"
4781,96075867,"array([12.12490227, 50.66633003])"
4782,96403518,"array([12.24176358, 50.58682814])"
4783,99680353,"array([12.72366383, 50.42014992])"
4784,76021825,"array([13.11039705, 51.20881076])"
4785,79953948,"array([12.87135007, 51.31053682])"
4786,86966361,"array([13.37104274, 51.3916337 ])"
4787,90505306,"array([13.18352491, 51.49106862])"
4788,90636364,"array([13.16968613, 50.56848901])"
4789,99876922,"array([12.9960325 , 50.66281231])"
4790,78381140,"array([12.60908171, 51.10304192])"
4791,104202309,"array([12.58363525, 50.93566353])"
4792,96141390,"array([12.36661658, 50.93427088])"
4793,80150621,"array([11.85333043, 51.14357148])"
4794,99680354,"array([11.82633197, 50.90851821])"
4795,102694992,"array([11.59470123, 51.2541866 ])"
4796,78839894,"array([11.52035558, 51.13966389])"
4797,76283977,"array([12.24066105, 50.3086048 ])"
4798,96993360,"array([12.34101084, 49.98280693])"
4799,104398928,"array([12.41876443, 50.1971413 ])"
4800,98304060,"array([12.1495962 , 50.14702523])"
4801,100991071,"array([11.1159319 , 51.52350356])"
4802,105906233,"array([11.09938554, 51.38176295])"
4803,76087376,"array([14.14720048, 49.45934157])"
4804,88604733,"array([10.5267368 , 49.85348799])"
4805,73269322,"array([10.78341693, 50.04316306])"
4806,78118976,"array([11.48117919, 50.52831714])"
4807,100466744,"array([11.51799168, 50.36225283])"
4808,78905414,"array([11.35522757, 50.4567375 ])"
4809,77267038,"array([11.10429183, 50.12845189])"
4810,77922373,"array([11.31303522, 50.10246138])"
4811,101318729,"array([11.38121183, 51.51962891])"
4812,76283978,"array([11.32766353, 51.28639267])"
4813,90570812,"array([11.60118534, 49.94956558])"
4814,74317895,"array([12.32014106, 52.32277615])"
4815,104398929,"array([12.09420717, 51.36418012])"
4816,73269323,"array([12.35938492, 51.50433536])"
4817,80150622,"array([11.04304673, 50.61076264])"
4818,96993361,"array([10.65505015, 50.46301213])"
4819,83034212,"array([10.05654434, 51.36201998])"
4820,96993362,"array([10.27916627, 51.57822297])"
4821,78905415,"array([10.4098562 , 51.65897463])"
4822,74776662,"array([ 9.37637939, 51.51980395])"
4823,80150623,"array([10.75602071, 51.19587595])"
4824,100466745,"array([10.73608362, 51.04839532])"
4825,94699584,"array([10.2079878 , 51.92214569])"
4826,101843027,"array([10.06333356, 51.95261527])"
4827,104398930,"array([ 9.74025392, 52.17721917])"
4828,73269324,"array([ 9.81516566, 52.0325845 ])"
4829,83034213,"array([ 9.9230551, 52.2060095])"
4830,88604734,"array([ 9.95326758, 50.63125958])"
4831,98304061,"array([10.13583138, 50.83854762])"
4832,79167573,"array([ 9.83984304, 51.23477605])"
4833,90505307,"array([ 9.90848742, 51.03069569])"
4834,94502985,"array([ 9.51897074, 50.98041449])"
4835,86966362,"array([10.41496102, 51.14297602])"
4836,99680355,"array([10.45197554, 51.35010487])"
4837,100597829,"array([ 9.86553044, 51.78570437])"
4838,77267039,"array([10.79481271, 51.92061673])"
4839,77922374,"array([10.94933134, 51.84552272])"
4840,79953949,"array([11.06061861, 52.10954361])"
4841,76021826,"array([10.49789058, 52.2227826 ])"
4842,75104334,"array([10.50631572, 52.06024455])"
4843,86966363,"array([10.32880306, 52.73851817])"
4844,90636365,"array([10.38343415, 52.93138413])"
4845,76087377,"array([24.05811593, 26.99656958])"
4846,104136771,"array([24.53714526, 27.09822691])"
4847,73400403,"array([10.07612605, 53.11382583])"
4848,76283979,"array([11.61459331, 51.65747452])"
4849,78118977,"array([10.71750479, 52.53909561])"
4850,99680357,"array([10.92920263, 52.5221032 ])"
4851,88604735,"array([10.81601355, 52.78511962])"
4852,96141391,"array([11.49004458, 51.91196476])"
4853,74317896,"array([11.32921971, 52.00325005])"
4854,76283980,"array([11.71307234, 52.16859232])"
4855,98304062,"array([11.96829861, 52.23878335])"
4856,94502986,"array([11.91325982, 51.96013719])"
4857,79167574,"array([11.58536118, 52.38908439])"
4858,104530003,"array([11.37934625, 52.37328442])"
4859,99876923,"array([11.58023834, 52.63695886])"
4860,73728085,"array([11.36675934, 52.5810617 ])"
4861,104202310,"array([11.26819038, 52.83377974])"
4862,76087378,"array([11.2436402 , 53.46905026])"
4863,96403519,"array([11.72644999, 53.0103195 ])"
4864,90505308,"array([11.9718953 , 52.92098716])"
4865,102694993,"array([11.80625222, 52.78654912])"
4866,73728086,"array([-18.18503158,   5.06156943])"
4867,90505309,"array([-18.00616645,   5.02434096])"
4868,78118978,"array([-17.53738727,   5.45163645])"
4869,102694994,"array([-17.78385787,   5.36294588])"
4870,96141392,"array([-17.63700571,   5.31182772])"
4871,96403520,"array([-17.71000714,   5.5021312 ])"
4872,88604736,"array([-17.56114468,   5.63317289])"
4873,79167575,"array([-17.83063138,   5.57413854])"
4874,74317897,"array([-17.77527412,   5.74355971])"
4875,99876924,"array([-17.92294316,   5.44212808])"
4876,104530004,"array([-17.2619602 ,   6.34455111])"
4877,94502987,"array([-19.04142455,   6.26562001])"
4878,98304063,"array([-18.51628087,   5.86357882])"
4879,100991072,"array([-18.31122353,   7.20448422])"
4880,73269325,"array([-18.06011977,   7.04025376])"
4881,73400404,"array([-16.77185838,   5.12506396])"
4882,99680358,"array([-16.63480417,   4.98980858])"
4883,105906234,"array([-18.0796783,   6.7839561])"
4884,80019530,"array([-16.88816494,   4.54446614])"
4885,103153735,"array([-15.0728182 ,   7.87982922])"
4886,77463634,"array([-14.97638804,   7.70387333])"
4887,101253183,"array([-15.44422349,   4.93697269])"
4888,78446672,"array([-15.38635984,   4.65355313])"
4889,76283981,"array([-15.61170756,   4.78127592])"
4890,75104335,"array([-15.69754435,   4.9582674 ])"
4891,104923234,"array([-15.74823938,   4.67612912])"
4892,100270140,"array([-15.25530425,   4.84309296])"
4893,99352640,"array([-15.54342888,   4.52878533])"
4894,98631746,"array([-16.11058837,   4.63116723])"
4895,83558471,"array([-16.08189181,   4.84670076])"
4896,97189965,"array([-14.02313326,   5.61554338])"
4897,78970974,"array([-14.18682823,   5.76832611])"
4898,95092792,"array([-14.22792748,   5.58646327])"
4899,74514533,"array([-14.21145324,   5.89285718])"
4900,78577725,"array([-14.32948257,   5.76713152])"
4901,74973242,"array([-14.02425495,   5.78506444])"
4902,104333384,"array([-14.56402831,   6.90913487])"
4903,99876925,"array([-14.92460804,   6.17516213])"
4904,98304064,"array([-15.01653574,   5.93201629])"
4905,100991073,"array([-15.22913769,   6.35543994])"
4906,79167576,"array([-14.99794693,   6.34761594])"
4907,88604737,"array([-15.15870037,   6.14214088])"
4908,74317898,"array([-13.54290612,   5.77781209])"
4909,78118979,"array([-13.78943336,   5.07312273])"
4910,90505310,"array([-13.77672563,   5.31301643])"
4911,100991074,"array([-13.60128747,   4.73123398])"
4912,104923235,"array([-13.06092005,   6.0695701 ])"
4913,88604738,"array([-13.00581841,   5.74431941])"
4914,103153736,"array([-13.15763658,   6.18641292])"
4915,77463635,"array([-13.24776726,   6.06143105])"
4916,75104336,"array([-13.1234824 ,   5.93499214])"
4917,76283982,"array([-13.24298183,   5.83456495])"
4918,99876926,"array([ 11.56775728, -27.75654787])"
4919,98304065,"array([ 11.60731051, -28.00206114])"
4920,101253184,"array([-13.63299996,   6.28893725])"
4921,100270141,"array([-13.63990875,   6.10968277])"
4922,78446673,"array([-12.08549536,   5.65306922])"
4923,73269326,"array([-11.8806766 ,   5.37897138])"
4924,94502988,"array([-12.39271631,   6.22519352])"
4925,99352641,"array([-12.60944135,   6.29956671])"
4926,94699585,"array([-11.3181389 ,   7.10822178])"
4927,105906235,"array([-11.49371948,   7.18219972])"
4928,83034214,"array([-11.87809103,   7.70197616])"
4929,102694995,"array([-11.71612708,   7.85559246])"
4930,99876927,"array([-11.88316953,   6.89238749])"
4931,98304066,"array([-12.0500258 ,   6.68893501])"
4932,76087379,"array([31.95834973, -2.90920839])"
4933,104530005,"array([32.0411142 , -3.24389329])"
4934,77922375,"array([-10.09026225,   8.33285962])"
4935,94175311,"array([-10.33307938,   8.24492126])"
4936,90570813,"array([-10.73499409,   7.73790552])"
4937,74776663,"array([-10.58815109,   7.89799669])"
4938,100597830,"array([-10.64011617,   7.53725995])"
4939,78381141,"array([-10.49864405,   7.65214272])"
4940,78905416,"array([-10.80412525,   7.56419793])"
4941,77267040,"array([-10.86337756,   8.57311424])"
4942,104923236,"array([-11.13091284,   8.38569926])"
4943,78970975,"array([-11.33479556,   7.54531288])"
4944,90505311,"array([-11.15216613,   7.59543353])"
4945,79953950,"array([-11.41506803,   7.973262  ])"
4946,75104337,"array([-11.50459016,   8.15040352])"
4947,88604739,"array([-10.91519139,   8.30818971])"
4948,78446674,"array([-11.09992995,   8.69732339])"
4949,80150624,"array([-11.01331828,   8.506796  ])"
4950,104333385,"array([-10.78329643,   8.76677864])"
4951,73269327,"array([-10.78917553,   8.42788205])"
4952,98631747,"array([-11.09146469,   7.97069311])"
4953,99680359,"array([-10.91107729,   8.04578001])"
4954,96993363,"array([-10.84079654,   6.41996984])"
4955,78577726,"array([ 9.84401086, 25.96438088])"
4956,83558472,"array([ 9.98177812, 25.73615296])"
4957,76021828,"array([15.40647421, 26.32731483])"
4958,86966364,"array([15.56648519, 26.41826421])"
4959,97189966,"array([15.46670054, 26.12744931])"
4960,82444379,"array([15.89728657, 26.22623495])"
4961,100991075,"array([-11.54689815,   8.85161571])"
4962,77463636,"array([-13.11606859,   7.0577846 ])"
4963,96403521,"array([-12.63753573,   7.37571301])"
4964,103153737,"array([-12.84853076,   7.52597383])"
4965,74514534,"array([13.87776037, -2.65256469])"
4966,100597831,"array([13.80785262, -2.82549234])"
4967,105906236,"array([15.27269084, -1.24014344])"
4968,104530006,"array([15.11972073, -1.26166964])"
4969,99352642,"array([15.0562898 , -1.09798312])"
4970,99876928,"array([15.38162315, -1.08044762])"
4971,73597015,"array([15.43072147, -1.27210561])"
4972,98304067,"array([15.22165274, -0.9916081 ])"
4973,96993364,"array([15.23674489, -1.45457779])"
4974,94699586,"array([14.57108682, -1.95397947])"
4975,101253185,"array([14.75013597, -1.78925784])"
4976,97189967,"array([13.3732167 , -2.87710612])"
4977,101843028,"array([14.96464308, -2.14937827])"
4978,90636366,"array([15.41782503, -2.48220564])"
4979,104202311,"array([14.8956758 , -2.65995181])"
4980,104398931,"array([15.17899923, -2.78541562])"
4981,96403522,"array([15.18800306, -2.54480599])"
4982,95092793,"array([15.38082136, -2.70869184])"
4983,74317899,"array([15.16603035, -3.68106658])"
4984,100270142,"array([15.00752736, -3.89879452])"
4985,94502989,"array([15.16797693, -4.12734096])"
4986,104136772,"array([13.54805414, -1.26333671])"
4987,96075868,"array([14.08473226, -1.64158585])"
4988,73597016,"array([14.44275438, -3.57003053])"
4989,104530007,"array([14.47993358, -3.39206286])"
4990,98304068,"array([14.7155469, -3.3833878])"
4991,100597832,"array([14.5607001 , -3.69636217])"
4992,101253186,"array([14.65316866, -3.55184667])"
4993,98631748,"array([-8.38740905, -6.61666285])"
4994,102694996,"array([-8.3866702 , -6.44438207])"
4995,90505312,"array([-9.04252099, -6.26574002])"
4996,78577727,"array([-9.28909531, -6.23107113])"
4997,83558473,"array([-8.61234326, -7.25406189])"
4998,78184520,"array([-8.85874825, -7.76035843])"
4999,77463637,"array([-7.87911085, -6.17655589])"
5000,75104338,"array([22.62131484, 69.46935637])"
5001,94175313,"array([22.55407852, 69.31424844])"
5002,78446675,"array([22.75802748, 69.29593329])"
5003,104333386,"array([22.44222683, 69.42674115])"
5004,90505313,"array([22.6649171 , 70.88852074])"
5005,78577728,"array([22.69506779, 71.06138118])"
5006,98631749,"array([22.38963141, 70.71729501])"
5007,78905417,"array([22.52197282, 70.84260995])"
5008,78184521,"array([22.36074739, 70.9123331 ])"
5009,73269328,"array([22.80493277, 70.73141339])"
5010,102694997,"array([22.52463824, 70.59501585])"
5011,95158351,"array([22.74430611, 70.53692233])"
5012,77463638,"array([22.4766516, 71.136444 ])"
5013,74973243,"array([22.86212124, 70.89057259])"
5014,96403523,"array([22.61977651, 70.73060387])"
5015,78970976,"array([23.32743033, 69.14262689])"
5016,73597017,"array([52.15154567, -3.56040777])"
5017,104530008,"array([52.30944127, -3.35029454])"
5018,78381142,"array([51.73740428, -4.06616159])"
5019,76021829,"array([50.82492546, -4.2642032 ])"
5020,98304069,"array([50.66631793, -4.1144689 ])"
5021,86966365,"array([50.64421999, -4.35682303])"
5022,90636367,"array([51.40230523, -4.41048513])"
5023,104202312,"array([51.3726396 , -4.16677529])"
5024,103153738,"array([51.65360689, -5.30474415])"
5025,95092794,"array([51.61894732, -5.13559241])"
5026,90570814,"array([-31.87263232,  45.30078321])"
5027,99680360,"array([-32.12813492,  45.20294701])"
5028,83034215,"array([-0.30644458,  9.7058763 ])"
5029,84475985,"array([-0.13886902,  9.8666435 ])"
5030,100597833,"array([0.39144124, 9.73088234])"
5031,101253187,"array([-0.29971346, 10.40318242])"
5032,76283985,"array([11.45437702, 27.36119475])"
5033,102694998,"array([11.55747376, 27.08444351])"
5034,78970977,"array([11.15506261, 28.10546302])"
5035,96403524,"array([11.04657976, 28.30657796])"
5036,78905418,"array([10.99754151, 26.91823673])"
5037,90636368,"array([10.795722  , 28.91416276])"
5038,84475986,"array([11.07853669, 29.02219749])"
5039,83034216,"array([10.88559051, 29.17569204])"
5040,104202313,"array([10.97946321, 28.81733719])"
5041,79953952,"array([11.77708179, 27.41560421])"
5042,73400406,"array([10.86956546, 29.63265502])"
5043,73400407,"array([ 9.59339437, 29.10365012])"
5044,96403525,"array([ 9.79708278, 29.093468  ])"
5045,78970978,"array([10.49052145, 29.05068812])"
5046,95092795,"array([-10.72641862,  39.92313452])"
5047,76283986,"array([-10.8691882 ,  40.39048678])"
5048,100597834,"array([13.59332466, 60.13113028])"
5049,96403526,"array([13.76372369, 60.25632704])"
5050,73400408,"array([13.26120165, 60.28777257])"
5051,78905419,"array([13.46310997, 60.39794156])"
5052,90570815,"array([-11.68024141,  39.90118616])"
5053,99680361,"array([-11.46542955,  39.91148286])"
5054,73597018,"array([-10.05063825,  39.95177011])"
5055,86966366,"array([-10.02941888,  39.80632551])"
5056,82444380,"array([-9.43137301, 40.39566752])"
5057,98304070,"array([-9.77711055, 40.11848402])"
5058,104530009,"array([-10.96037417,  39.37058421])"
5059,104202314,"array([-9.85073479, 39.55841465])"
5060,78381143,"array([  9.42637398, -11.03442723])"
5061,78970979,"array([  9.40234021, -10.85805386])"
5062,90636369,"array([  8.53770816, -10.74609077])"
5063,101253188,"array([  8.40940515, -10.57496125])"
5064,83034217,"array([  8.32365837, -10.80325771])"
5065,103153739,"array([  8.90947215, -10.85027988])"
5066,76021830,"array([  9.95499892, -11.03654317])"
5067,73597019,"array([ 10.49224244, -11.12340715])"
5068,101253189,"array([ 10.46923956, -10.91030594])"
5069,74776664,"array([-9.47698632, 37.84626928])"
5070,100466746,"array([-9.63938789, 38.20799015])"
5071,84475988,"array([-9.84855929, 37.80647859])"
5072,88604741,"array([-10.03774578,  38.00291127])"
5073,73597020,"array([11.43502281, -6.41217252])"
5074,100466747,"array([11.28032812, -6.47270662])"
5075,104202315,"array([10.94517516, -7.30111883])"
5076,102695000,"array([10.87389342, -7.47961888])"
5077,88604742,"array([10.93847853, -5.51831794])"
5078,94175315,"array([10.8289947 , -5.64311205])"
5079,76021831,"array([10.99878437, -5.6822579 ])"
5080,82444381,"array([11.16020579, -5.82935212])"
5081,84475989,"array([10.94709337, -4.91945048])"
5082,86966367,"array([10.80381232, -5.01392395])"
5083,103153740,"array([10.19245595, -5.78430147])"
5084,78381144,"array([10.3579742 , -5.88819181])"
5085,83034218,"array([11.9547772 , -6.81003246])"
5086,78970980,"array([11.748943  , -6.97731376])"
5087,101253190,"array([-10.2905861 ,  -8.46601434])"
5088,98304071,"array([-10.33861454,  -8.23982312])"
5089,74776665,"array([11.52215049, -5.55743451])"
5090,73597021,"array([ 9.65569111, -4.43648113])"
5091,78970981,"array([ 9.76853358, -4.87622347])"
5092,74776666,"array([ 9.4655782 , -4.64383334])"
5093,100466748,"array([ 9.64242564, -4.64189677])"
5094,105906237,"array([ 9.74514491, -4.7313461 ])"
5095,83034219,"array([ 9.17693593, -4.65379834])"
5096,102695002,"array([ 9.70004755, -5.13058091])"
5097,101843029,"array([ 9.24890769, -4.96686256])"
5098,94699587,"array([ 9.43506687, -4.89031524])"
5099,78839895,"array([ 9.60248651, -4.80465296])"
5100,99352643,"array([ 9.44832918, -5.12773552])"
5101,100335705,"array([ 9.9245769, -4.4532981])"
5102,100991076,"array([ 9.50568475, -4.42375659])"
5103,76283987,"array([ 9.91573811, -4.66685655])"
5104,88604743,"array([10.04738719, -5.3242371 ])"
5105,98304072,"array([10.02361968, -5.11980143])"
5106,76087381,"array([ 9.37189816, -5.50502447])"
5107,76021833,"array([10.54888744, -3.93135059])"
5108,94175316,"array([10.44887096, -4.09025335])"
5109,101253191,"array([10.42588911, -4.77194863])"
5110,78118981,"array([ 9.90687011, -3.27395534])"
5111,97189968,"array([ 9.80977075, -3.0581454 ])"
5112,98304073,"array([ 9.0347659 , -2.67473536])"
5113,96141394,"array([ 8.9744999 , -3.71767462])"
5114,74514535,"array([ 9.08752507, -3.54868567])"
5115,80150625,"array([ 9.17915906, -3.7209907 ])"
5116,78381145,"array([11.17804528, -4.53967722])"
5117,77922376,"array([ 8.99429794, -4.07244412])"
5118,88604744,"array([ 8.78808766, -4.0719695 ])"
5119,103153741,"array([ 8.53988083, -2.74638593])"
5120,77922377,"array([ 7.96905572, -1.30394012])"
5121,88604745,"array([ 7.98351295, -1.47214055])"
5122,73597022,"array([ 8.89134625, -1.90570918])"
5123,100991077,"array([ 8.63819583, -1.88748274])"
5124,80150626,"array([ 8.75845394, -2.07958519])"
5125,101253192,"array([ 8.86458318, -1.50731893])"
5126,82444383,"array([ 9.26540663, -1.1910493 ])"
5127,101843030,"array([ 9.60998899, -1.73624598])"
5128,74514536,"array([ 8.84411319, -1.01661305])"
5129,101253193,"array([ 7.61368002, -1.13038889])"
5130,82444384,"array([ 7.30773544, -0.85286588])"
5131,74776667,"array([ 7.57095454, -1.261222  ])"
5132,78118982,"array([ 7.79094073, -0.80457075])"
5133,73597023,"array([ 7.01794155, -1.48169258])"
5134,80150627,"array([ 7.17637306, -1.64652894])"
5135,98304074,"array([  1.70467398, -22.49241879])"
5136,100991078,"array([  1.66237131, -22.73886264])"
5137,77922378,"array([ 6.30100764, -1.37306421])"
5138,88604746,"array([ 6.08744773, -1.32895009])"
5139,73597024,"array([-42.10233514,   9.09512137])"
5140,100991079,"array([-42.30776651,   9.00941714])"
5141,98304075,"array([-42.71113894,   9.22092191])"
5142,100991080,"array([-41.25490262,   9.18878958])"
5143,80150628,"array([-40.56439388,   8.86927068])"
5144,74514537,"array([-40.25664572,   9.4841247 ])"
5145,98304076,"array([-40.33233488,   9.32160922])"
5146,74776668,"array([-40.16987513,   9.32458603])"
5147,101253194,"array([-40.79030086,   9.59210335])"
5148,82444385,"array([-40.9789645 ,   9.55259059])"
5149,97189969,"array([-40.68036652,   9.49254023])"
5150,73597025,"array([-39.67852842,   9.45578693])"
5151,77922379,"array([-39.61245131,   9.64590677])"
5152,88604747,"array([-39.82577217,   9.65754631])"
5153,103153742,"array([-40.59284286,   9.66960744])"
5154,78118983,"array([-39.93061067,   8.45779117])"
5155,96141395,"array([-39.81370342,   8.61302902])"
5156,76283988,"array([-39.83285225,   7.36873524])"
5157,100335706,"array([-39.61598296,   7.29219565])"
5158,94699588,"array([-40.50636088,   5.80090328])"
5159,100466749,"array([-40.64003541,   5.61813505])"
5160,80150629,"array([-39.81406528,   6.65279387])"
5161,78118984,"array([-39.98238002,   6.48589997])"
5162,74776669,"array([-39.47249126,   7.0236956 ])"
5163,94699589,"array([-38.8514183 ,   7.35979718])"
5164,96141396,"array([-39.0626236 ,   7.10695534])"
5165,101843031,"array([-39.07169112,   7.29046239])"
5166,100991081,"array([-39.03681182,   7.41678631])"
5167,100466750,"array([-38.91244273,   7.19950967])"
5168,98304077,"array([-39.22345173,   7.1489266 ])"
5169,80150630,"array([-39.39722955,   6.50976404])"
5170,78118985,"array([-39.24144015,   6.59171897])"
5171,76283989,"array([-38.50802469,   6.87096459])"
5172,74514538,"array([-38.62583404,   6.73387426])"
5173,74514539,"array([23.39054987, 28.31293772])"
5174,76283990,"array([23.20674947, 28.25052226])"
5175,90505314,"array([-25.97096589,  12.56588473])"
5176,74973244,"array([-26.40635078,  12.54281867])"
5177,78184522,"array([-25.96365053,  12.7375195 ])"
5178,78446676,"array([-26.05640424,  12.45147994])"
5179,78577729,"array([-25.82403276,  12.65498326])"
5180,75104339,"array([-26.08906379,  12.7231438 ])"
5181,74514540,"array([-26.12278485,  12.58215419])"
5182,94175317,"array([-26.45479604,  12.69782225])"
5183,96993366,"array([-25.93800622,  12.31978712])"
5184,102695003,"array([-26.25011696,  12.5247971 ])"
5185,98304078,"array([-26.18495326,  12.41546565])"
5186,88604748,"array([-26.53701479,  12.44383121])"
5187,96141397,"array([-26.46665863,  12.3234997 ])"
5188,104202317,"array([-26.34412316,  12.39058154])"
5189,100335707,"array([-26.29148808,  12.66598508])"
5190,101253195,"array([-26.65612377,  12.6465961 ])"
5191,78381148,"array([-26.21360176,  12.79648093])"
5192,96075869,"array([-26.19854843,  12.2791029 ])"
5193,84410450,"array([-26.07678018,  12.30093047])"
5194,86966368,"array([-25.98695657,  12.01736385])"
5195,100270143,"array([-25.69670594,  12.04227219])"
5196,83558474,"array([-25.863083  ,  12.14650358])"
5197,99352644,"array([-25.87264058,  12.44714633])"
5198,77463639,"array([-25.74040931,  12.42077257])"
5199,78970982,"array([-25.74503529,  12.26325437])"
5200,94502990,"array([-26.22007984,  11.88076087])"
5201,104923237,"array([-26.33370963,  12.19412005])"
5202,104398932,"array([-26.16262688,  12.13065252])"
5203,95158352,"array([-25.47748855,  12.68908499])"
5204,99876929,"array([-26.02826729,  12.14814374])"
5205,76021834,"array([-26.36470991,  13.0169296 ])"
5206,98631750,"array([-26.50559583,  13.11313181])"
5207,82444388,"array([-26.18739087,  11.3266592 ])"
5208,95158353,"array([-25.66757862,  13.06265369])"
5209,95158354,"array([-26.44644455,  12.07661474])"
5210,78905420,"array([-26.9622828 ,  13.08363123])"
5211,73400409,"array([-27.11772114,  13.11447208])"
5212,77267042,"array([-28.27173218,  13.40839382])"
5213,76087382,"array([-28.57146332,  13.48538214])"
5214,77922380,"array([-27.01864778,  13.19361978])"
5215,100597835,"array([-27.10022442,  13.28389813])"
5216,95092796,"array([-26.68477754,  13.74316081])"
5217,99680362,"array([-26.5617611 ,  13.90885546])"
5218,78839896,"array([-27.74536834,  13.62885095])"
5219,105906238,"array([-25.06727314,  11.67278799])"
5220,78118986,"array([-25.68820783,  11.19639883])"
5221,103153743,"array([-28.07286695,  12.75120421])"
5222,90636371,"array([-28.36855986,  12.62546268])"
5223,76087383,"array([-28.12128107,  15.12776155])"
5224,77267043,"array([-28.06828446,  14.87621115])"
5225,101843032,"array([-27.71887245,  14.36680536])"
5226,98304079,"array([-27.79431223,  14.51164927])"
5227,104530010,"array([-9.71762136, 14.52905502])"
5228,90570816,"array([-9.73038355, 14.69134713])"
5229,73269329,"array([-28.66202351,  15.30991437])"
5230,100335708,"array([-9.32220987, 15.02487696])"
5231,78577730,"array([-9.0369309 , 14.74838412])"
5232,104333388,"array([-10.37799383,  14.77450929])"
5233,104398933,"array([-10.2384217 ,  14.73174337])"
5234,96075870,"array([-9.83384884, 14.02206604])"
5235,78184523,"array([-9.68997341, 13.65271764])"
5236,102695004,"array([-9.814508  , 13.43158298])"
5237,94502992,"array([-9.94523626, 13.68002665])"
5238,90570817,"array([  5.122071  , -23.91995934])"
5239,104530011,"array([  5.03018818, -23.76945096])"
5240,77267044,"array([-10.5229609,  15.1528156])"
5241,76087384,"array([-10.64376995,  15.36252198])"
5242,90505315,"array([-9.52307385, 13.38900108])"
5243,101843033,"array([18.13730744,  4.80345707])"
5244,98304080,"array([17.96904584,  4.84506947])"
5245,95092797,"array([  5.86494565, -23.80806411])"
5246,73269330,"array([  5.99721025, -23.69973974])"
5247,98631751,"array([  5.77590825, -24.27056119])"
5248,95158356,"array([  6.07856483, -24.0866484 ])"
5249,104923238,"array([  6.17522797, -24.26394356])"
5250,78839897,"array([  5.93499519, -24.40647862])"
5251,90636372,"array([  6.12935898, -24.42732045])"
5252,99680363,"array([  5.95945222, -24.22080243])"
5253,103153744,"array([  5.261411  , -24.44888407])"
5254,76021835,"array([  5.11190066, -24.4498111 ])"
5255,83558475,"array([  5.80212797, -25.29071783])"
5256,88604749,"array([  5.95604795, -25.49215686])"
5257,94175318,"array([  6.08471894, -25.23530653])"
5258,74973245,"array([  6.69989464, -24.10322203])"
5259,100991082,"array([  4.35589976, -25.88046554])"
5260,94699590,"array([  4.26659528, -25.62566196])"
5261,83034220,"array([  4.24364361, -24.81854803])"
5262,74776670,"array([  4.2432753 , -24.53591352])"
5263,100466751,"array([  4.12211852, -24.68415552])"
5264,76283992,"array([  3.53107885, -25.55467463])"
5265,102695005,"array([  3.7250773 , -25.40043846])"
5266,78839898,"array([  4.08372537, -23.86486194])"
5267,76283993,"array([  3.36867025, -24.30364453])"
5268,78839899,"array([  3.21994624, -24.34799306])"
5269,103153745,"array([  3.05197869, -23.89526545])"
5270,76021836,"array([  3.01411544, -24.05529228])"
5271,78577731,"array([-26.43356269,  35.02766825])"
5272,96403528,"array([-26.26859631,  34.90768426])"
5273,96993367,"array([ 58.5528638 , -17.77522935])"
5274,100270144,"array([ 58.57607212, -17.97609419])"
5275,100466752,"array([ 58.86617812, -17.29626791])"
5276,73597027,"array([ 59.04508269, -16.34820234])"
5277,86966369,"array([ 58.5853154 , -16.37446084])"
5278,75104340,"array([ 58.64212719, -16.56785729])"
5279,78970983,"array([ 58.90076848, -16.86650245])"
5280,104202318,"array([ 59.01944327, -16.81986899])"
5281,99352645,"array([ 58.98609701, -16.56531503])"
5282,74514541,"array([ 58.81661378, -16.60279933])"
5283,84410451,"array([ 58.47300192, -16.65194549])"
5284,78446677,"array([ 58.37999985, -16.40589663])"
5285,101253196,"array([ 58.80187734, -16.41450072])"
5286,105906239,"array([ 58.78991093, -15.69788753])"
5287,101843034,"array([ 58.62844876, -16.88357493])"
5288,104923239,"array([ 58.54103411, -16.16718698])"
5289,90636373,"array([ 59.40482237, -16.42224549])"
5290,77922381,"array([ 58.27050236, -16.18493755])"
5291,94175319,"array([ 58.26242115, -15.83321776])"
5292,73400410,"array([ 58.88606177, -16.23517697])"
5293,74973246,"array([ 59.06697375, -16.06789097])"
5294,105906240,"array([ 58.62914358, -16.01755832])"
5295,82444389,"array([ 57.96003389, -16.18514039])"
5296,79953953,"array([ 59.33930607, -17.15674498])"
5297,84475991,"array([ 59.41721551, -17.39480627])"
5298,78118988,"array([ 49.03765694, -25.14142486])"
5299,84475992,"array([ 49.24131655, -25.22731496])"
5300,78118989,"array([-21.13148971,  50.35721531])"
5301,78970984,"array([-21.26445715,  50.26419338])"
5302,104202319,"array([-21.04467707,  50.24131545])"
5303,84475993,"array([-21.39332912,  50.00273361])"
5304,79953954,"array([-21.25832729,  50.09920394])"
5305,90636375,"array([-21.57681377,  50.74048503])"
5306,83034222,"array([-21.5215194 ,  50.94052544])"
5307,76021837,"array([-21.76439253,  50.82118962])"
5308,100466753,"array([-21.44523066,  50.47980203])"
5309,77267045,"array([-21.5988245 ,  50.30568117])"
5310,104530012,"array([-21.19579664,  50.81864995])"
5311,73269331,"array([-21.18204059,  50.67928585])"
5312,100991083,"array([-20.28481955,  50.17632549])"
5313,74317901,"array([-20.98966688,  49.89106955])"
5314,90570819,"array([-20.85696928,  49.92648843])"
5315,88604750,"array([-20.86480116,  50.91622277])"
5316,90505316,"array([-20.77005394,  50.35380205])"
5317,102695006,"array([-20.79383431,  50.53735027])"
5318,98304081,"array([-20.63552247,  49.51511498])"
5319,99876930,"array([-20.47689526,  49.59414677])"
5320,77267046,"array([-22.5843264 ,  51.12057288])"
5321,100466754,"array([-22.35799294,  51.18925353])"
5322,100597836,"array([-22.37027799,  50.94373765])"
5323,98631752,"array([-21.05896429,  49.36871019])"
5324,96141398,"array([-21.08188846,  49.2110715 ])"
5325,77463640,"array([-20.90195889,  49.19483427])"
5326,76087385,"array([20.82948063, 43.32129889])"
5327,104136774,"array([21.11999869, 43.51582087])"
5328,90505317,"array([-21.35568283,  49.83360391])"
5329,80150632,"array([-21.45330218,  49.71588808])"
5330,102695007,"array([-21.52150246,  49.85813081])"
5331,94699591,"array([-20.95531646,  48.73065164])"
5332,104530013,"array([-21.05939414,  48.67692869])"
5333,104202320,"array([-20.99245564,  48.57736727])"
5334,88604751,"array([-20.74977319,  48.27925053])"
5335,90636376,"array([-20.85078165,  48.59695433])"
5336,74317902,"array([-20.12541516,  48.49786659])"
5337,96075871,"array([-20.47860159,  48.86623262])"
5338,104333389,"array([-21.66146859,  48.60742064])"
5339,104136775,"array([-22.04536429,  48.44338864])"
5340,90636377,"array([-21.93626212,  48.91883276])"
5341,99876931,"array([-21.65045951,  49.15954308])"
5342,98304082,"array([-21.51155299,  49.06106634])"
5343,96075872,"array([-21.64723203,  48.30538713])"
5344,104136776,"array([-21.75440775,  48.01521189])"
5345,90505318,"array([12.14589543, 24.93326694])"
5346,78381150,"array([12.27089271, 24.69335424])"
5347,74317903,"array([12.34226953, 24.90398225])"
5348,80150633,"array([-22.39605097,  47.73652418])"
5349,104530015,"array([-22.54084653,  47.59815799])"
5350,90636378,"array([-22.30140832,  47.57367364])"
5351,88604752,"array([-29.84827522,  47.91310215])"
5352,99876932,"array([-29.73017842,  47.76016924])"
5353,78381151,"array([-28.41649094,  49.44042881])"
5354,90505319,"array([-28.38932365,  49.58818911])"
5355,74317904,"array([-28.25479223,  49.48978254])"
5356,94699592,"array([-29.57147597,  48.12550604])"
5357,84475994,"array([-28.949757  ,  48.76375103])"
5358,102695008,"array([-29.15298429,  48.77558327])"
5359,98631753,"array([-27.95953802,  48.87215361])"
5360,83034223,"array([-28.15138789,  48.8574966 ])"
5361,99876933,"array([-27.99959362,  49.62163677])"
5362,73269332,"array([-27.89311658,  49.47729153])"
5363,83558477,"array([-27.18234881,  49.17601226])"
5364,102695009,"array([-27.21875904,  49.00908281])"
5365,100597837,"array([-27.34176231,  49.09182573])"
5366,99876934,"array([-26.14268767,  48.01184055])"
5367,73269333,"array([-25.86770684,  47.87926936])"
5368,98631754,"array([-24.7568179,  46.915835 ])"
5369,98304083,"array([-24.66572826,  47.00867154])"
5370,90570820,"array([-26.66616826,  48.291769  ])"
5371,104136777,"array([-27.00809221,  48.43152021])"
5372,96141399,"array([-26.78182353,  48.62480346])"
5373,78118991,"array([-25.10599268,  46.37616934])"
5374,104136778,"array([-23.4793595 ,  46.36017046])"
5375,100597838,"array([-23.80631898,  46.69283137])"
5376,90636379,"array([-24.18139394,  47.14727512])"
5377,96075873,"array([-24.31745295,  47.06782425])"
5378,78905421,"array([-24.27355944,  47.53471828])"
5379,76021838,"array([-24.43650826,  47.5364417 ])"
5380,94699594,"array([-24.26753283,  46.89654067])"
5381,102695010,"array([-24.1310243 ,  46.81526161])"
5382,95092798,"array([-24.56414554,  46.63242987])"
5383,83558478,"array([-24.51297752,  46.80487322])"
5384,99876936,"array([-24.37101783,  46.71887136])"
5385,90570821,"array([-24.3928698 ,  46.54561734])"
5386,80150634,"array([-23.89210311,  47.19174303])"
5387,104530016,"array([-23.76382481,  47.07233909])"
5388,84475995,"array([-24.94027904,  47.25246819])"
5389,100466755,"array([-25.12032745,  47.38053637])"
5390,78970985,"array([-25.09344376,  47.17222962])"
5391,83034224,"array([-25.24555113,  47.10286027])"
5392,73269335,"array([-25.29576977,  47.31898467])"
5393,104136779,"array([19.71891882, 26.0592133 ])"
5394,100597839,"array([19.80097305, 26.45112186])"
5395,90636380,"array([22.66312915, 29.41549071])"
5396,96075874,"array([22.47311845, 29.43357626])"
5397,95092799,"array([48.76777996, -5.01340791])"
5398,104136780,"array([48.6041052, -5.0502071])"
5399,96141400,"array([ 3.85663057, -1.04039253])"
5400,104530017,"array([ 4.01986615, -0.89592462])"
5401,73269336,"array([ 4.07110758, -1.08487575])"
5402,84475996,"array([48.65061615, -4.9027115 ])"
5403,94699595,"array([ 4.23312148, -0.05584973])"
5404,80150635,"array([ 4.17616265, -0.279447  ])"
5405,94699596,"array([24.5694973 , 25.46430145])"
5406,78118992,"array([24.51385877, 25.28425274])"
5407,80150636,"array([24.66227111, 25.1902534 ])"
5408,100466756,"array([24.71060949, 25.35734158])"
5409,73400411,"array([63.20031442, 30.14228763])"
5410,96403529,"array([63.04775715, 30.23705166])"
5411,79953955,"array([63.73476793, 29.63357251])"
5412,104530018,"array([63.51647974, 29.46817212])"
5413,94699597,"array([63.60609316, 29.72668114])"
5414,96075875,"array([63.66216186, 29.5152598 ])"
5415,84475997,"array([63.52215577, 29.63171024])"
5416,90636381,"array([63.37270244, 29.78592611])"
5417,104333391,"array([63.70698894, 30.05309855])"
5418,98304085,"array([63.33559481, 29.46439948])"
5419,100597842,"array([63.34729664, 29.64392944])"
5420,78118993,"array([63.84406557, 29.96311904])"
5421,100466757,"array([63.86592724, 30.07901817])"
5422,83034225,"array([64.21628988, 28.11932585])"
5423,73269337,"array([64.10757668, 28.31236686])"
5424,86966370,"array([65.22073317, 30.37452102])"
5425,74973247,"array([65.02215527, 30.26124916])"
5426,90570823,"array([64.12059947, 29.52032892])"
5427,83558479,"array([64.03970325, 29.63659187])"
5428,74317905,"array([64.20326054, 29.66426787])"
5429,78905422,"array([64.2689245 , 29.51335649])"
5430,76021839,"array([64.06615231, 29.37762528])"
5431,102695012,"array([64.23488516, 29.35933804])"
5432,78970986,"array([63.99365089, 29.4977891 ])"
5433,76283994,"array([64.05950462, 29.0339248 ])"
5434,78577732,"array([64.20480565, 29.07577547])"
5435,101253197,"array([64.50924731, 29.72467874])"
5436,74514542,"array([64.6516567 , 29.76929142])"
5437,77922382,"array([64.34380941, 29.98389263])"
5438,73597028,"array([64.18030582, 29.97827547])"
5439,75104342,"array([64.7885121 , 29.49152054])"
5440,105906241,"array([64.79823539, 30.8873183 ])"
5441,99352646,"array([64.64521982, 30.54864812])"
5442,78446678,"array([64.5517708 , 29.20065164])"
5443,104398935,"array([64.62203404, 29.08425629])"
5444,101843036,"array([64.43948814, 29.02163697])"
5445,104923240,"array([64.53120232, 28.86308983])"
5446,78381152,"array([64.41257542, 28.39462578])"
5447,88604753,"array([64.44512378, 28.52958784])"
5448,90505320,"array([63.52778292, 29.05967587])"
5449,100335710,"array([63.18612734, 29.02085936])"
5450,77267047,"array([64.20922156, 30.96028625])"
5451,98631755,"array([63.51948414, 30.31968981])"
5452,104136781,"array([63.40126407, 30.58430806])"
5453,77463641,"array([63.97317062, 30.49840461])"
5454,86966371,"array([64.9117746 , 29.26892534])"
5455,99876938,"array([65.04296917, 29.12565842])"
5456,77267048,"array([63.75533987, 28.8736266 ])"
5457,80150637,"array([63.8866722 , 28.76246923])"
5458,104202322,"array([65.23160883, 29.60443869])"
5459,74973248,"array([63.63765137, 28.69437139])"
5460,94502994,"array([65.18914021, 28.46668912])"
5461,103153746,"array([64.85920934, 28.46273425])"
5462,104923241,"array([63.83507037, 27.970321  ])"
5463,100335711,"array([63.67385444, 27.90429598])"
5464,90505321,"array([63.81065264, 27.83298453])"
5465,94175320,"array([63.85873647, 27.04278893])"
5466,76087387,"array([63.6272105 , 27.03082041])"
5467,105906242,"array([65.30187516, 27.53910144])"
5468,104136782,"array([65.45912945, 26.89228805])"
5469,98631756,"array([64.14343863, 27.95865774])"
5470,84410452,"array([64.35603775, 27.97209146])"
5471,100270145,"array([64.2131985 , 27.82384126])"
5472,95158357,"array([64.00389701, 27.66809827])"
5473,99352647,"array([64.46659539, 27.37096748])"
5474,96403530,"array([64.37403459, 27.22978711])"
5475,73400412,"array([64.1647514, 26.7655761])"
5476,101843037,"array([64.31319529, 26.7319068 ])"
5477,99680364,"array([64.39583641, 27.78036405])"
5478,101253198,"array([64.32449973, 25.99867531])"
5479,74514543,"array([64.33529561, 25.84096475])"
5480,103153747,"array([64.85543768, 27.5030214 ])"
5481,80150638,"array([64.73332532, 27.39875424])"
5482,102695013,"array([64.99559892, 27.3603581 ])"
5483,94502995,"array([65.23747898, 26.71841168])"
5484,100335712,"array([64.20304924, 25.93732807])"
5485,104398936,"array([63.26632142, 27.65670875])"
5486,90505322,"array([63.3827771 , 27.46686638])"
5487,104530019,"array([64.54343755, 25.15943279])"
5488,104333392,"array([64.50863139, 24.92887858])"
5489,76283995,"array([64.08685825, 26.16914576])"
5490,100466758,"array([64.21240254, 26.38240565])"
5491,98304087,"array([64.03719375, 26.30974051])"
5492,94699598,"array([64.46913885, 26.28566145])"
5493,78577733,"array([64.54658288, 26.12612824])"
5494,100597843,"array([64.6484082 , 26.30367662])"
5495,78118994,"array([64.90677447, 25.64755167])"
5496,84475998,"array([65.15969923, 25.62852446])"
5497,96141402,"array([64.70215603, 26.92863307])"
5498,90636382,"array([64.08334139, 25.70802583])"
5499,96075876,"array([64.01560695, 26.00723608])"
5500,96993368,"array([64.99652117, 25.9209362 ])"
5501,73597029,"array([64.88442574, 25.8095049 ])"
5502,95092801,"array([64.83788152, 25.94972321])"
5503,74776671,"array([64.86218556, 26.12983296])"
5504,75104343,"array([64.73340349, 25.85010748])"
5505,78839900,"array([64.80014348, 25.74367086])"
5506,80150639,"array([64.77589026, 25.45043362])"
5507,99352648,"array([64.67128523, 25.36659258])"
5508,104398937,"array([64.53034876, 25.64493024])"
5509,100270146,"array([64.59948603, 25.54257442])"
5510,102695014,"array([64.35217097, 25.57317877])"
5511,73269338,"array([64.40785032, 25.41432544])"
5512,84410453,"array([63.76259439, 26.40005289])"
5513,98631757,"array([63.77501451, 26.19320924])"
5514,76021840,"array([64.85814831, 25.1960524 ])"
5515,90570824,"array([64.88215007, 25.29676392])"
5516,74317906,"array([65.0063    , 25.16057313])"
5517,78905423,"array([64.17797476, 25.41832352])"
5518,104923242,"array([63.9965654 , 25.13681006])"
5519,74973249,"array([64.03280429, 24.86645512])"
5520,83034226,"array([65.1601674 , 25.42328149])"
5521,77463642,"array([65.30773831, 25.3800126 ])"
5522,104136783,"array([65.36674597, 25.15329142])"
5523,74776672,"array([65.02219083, 25.77908024])"
5524,99680365,"array([63.90380476, 25.54472698])"
5525,96141403,"array([63.8187979 , 25.89281465])"
5526,96075877,"array([65.30221049, 24.93621496])"
5527,74973250,"array([65.48001105, 24.93596136])"
5528,95158358,"array([64.33240734, 24.77230608])"
5529,100466759,"array([64.28542202, 25.12216384])"
5530,96403531,"array([63.74599551, 25.34174263])"
5531,104923243,"array([64.64131916, 24.56262698])"
5532,73400413,"array([64.74209083, 24.8266336 ])"
5533,78118995,"array([65.49768847, 25.53750019])"
5534,82444390,"array([65.50612334, 24.38783456])"
5535,94175321,"array([65.07207503, 24.96196684])"
5536,73269339,"array([65.82121451, 24.9728805 ])"
5537,100270147,"array([65.79807078, 24.78986753])"
5538,88604754,"array([65.54208005, 25.84792593])"
5539,78446679,"array([65.54324627, 25.69023935])"
5540,103153748,"array([65.65612913, 25.7765357 ])"
5541,90505323,"array([65.70635294, 25.94046967])"
5542,94502996,"array([65.88341835, 25.92732302])"
5543,78381153,"array([65.73046778, 25.67083144])"
5544,76283996,"array([65.8756488 , 25.40925494])"
5545,104398938,"array([65.80738163, 25.25547353])"
5546,102695015,"array([66.11403777, 25.85511513])"
5547,104530020,"array([66.059546 , 25.6970184])"
5548,104923244,"array([67.10152037, 25.61394368])"
5549,84410454,"array([66.31650414, 24.1801056 ])"
5550,78577734,"array([66.12654379, 25.38561411])"
5551,105906244,"array([46.87972469, 38.27295356])"
5552,96403532,"array([46.59593559, 38.46685161])"
5553,76087389,"array([46.66263936, 38.20946808])"
5554,90636383,"array([47.1658347 , 40.52959226])"
5555,99680367,"array([47.342351 , 40.4074893])"
5556,101843039,"array([47.25006281, 40.18320879])"
5557,78905424,"array([46.70705799, 38.82881484])"
5558,100466760,"array([46.86891776, 38.73854557])"
5559,95092802,"array([47.87134838, 38.15696824])"
5560,104136784,"array([47.75015987, 38.48386667])"
5561,74776673,"array([47.21417406, 38.8839229 ])"
5562,100991084,"array([46.59235071, 39.36945923])"
5563,78184524,"array([46.55028648, 39.54412081])"
5564,97189970,"array([46.74183281, 39.51178972])"
5565,94175322,"array([46.58841346, 37.5079096 ])"
5566,100597844,"array([46.78948162, 37.48869831])"
5567,100466761,"array([47.18133067, 37.4313093 ])"
5568,100991085,"array([47.04209404, 38.08457201])"
5569,97189971,"array([47.94256644, 36.8284579 ])"
5570,76087390,"array([47.8509159 , 36.99617719])"
5571,78184525,"array([47.64015082, 37.31755069])"
5572,99352649,"array([48.920559  , 37.66977739])"
5573,96403533,"array([49.03603319, 37.79953824])"
5574,101843040,"array([47.43320512, 37.80595792])"
5575,74776674,"array([47.62341632, 37.85630754])"
5576,78905425,"array([48.15668639, 37.96992834])"
5577,95158359,"array([48.25757167, 38.23000986])"
5578,73400414,"array([48.48429309, 37.71227551])"
5579,99680368,"array([48.61048674, 37.86178485])"
5580,90636384,"array([48.58375357, 38.23248749])"
5581,74514544,"array([48.74415875, 38.32856312])"
5582,78970987,"array([48.46146356, 38.56049813])"
5583,99876939,"array([48.41261918, 38.8376622 ])"
5584,100991086,"array([48.75189985, 36.83096657])"
5585,105906245,"array([48.60271781, 36.8244891 ])"
5586,83558480,"array([48.70178675, 36.98051427])"
5587,77267049,"array([48.07343614, 37.59941069])"
5588,86966372,"array([48.16275137, 37.43191907])"
5589,78905426,"array([49.8503609 , 37.42174655])"
5590,98304088,"array([49.77113601, 37.2441287 ])"
5591,78577735,"array([48.71619596, 39.24918071])"
5592,104202323,"array([48.87176069, 39.13668144])"
5593,95158360,"array([49.18232758, 39.1842814 ])"
5594,98631758,"array([48.96027768, 39.38220313])"
5595,78184526,"array([47.35677403, 37.23185387])"
5596,84410455,"array([49.62157579, 38.19765913])"
5597,74776675,"array([49.46131203, 38.3520685 ])"
5598,101843041,"array([49.88488557, 38.38479324])"
5599,90636385,"array([47.23172318, 36.92072353])"
5600,95092803,"array([47.35732601, 36.80123807])"
5601,98631759,"array([47.79367388, 36.72722063])"
5602,74514545,"array([47.78925854, 36.5753703 ])"
5603,95158361,"array([48.18310446, 37.08964128])"
5604,98304089,"array([48.41454885, 37.06339417])"
5605,78905427,"array([48.25372339, 36.89520433])"
5606,77267050,"array([47.37050234, 36.31992432])"
5607,86966373,"array([47.20432166, 36.28188925])"
5608,78970988,"array([47.50128427, 36.59592179])"
5609,99352650,"array([47.10247931, 36.63663067])"
5610,84410456,"array([47.75866877, 35.62506043])"
5611,96403534,"array([47.64990629, 35.44505506])"
5612,74776676,"array([48.28851929, 35.97342415])"
5613,95158362,"array([48.08135865, 35.89246562])"
5614,78905428,"array([48.00575308, 36.00825284])"
5615,83558481,"array([48.11001194, 35.02785501])"
5616,98304090,"array([47.79241056, 34.89634817])"
5617,104202324,"array([47.87492167, 35.06806009])"
5618,104136785,"array([47.6775261, 35.1824509])"
5619,90636386,"array([49.1916075 , 36.24130181])"
5620,101843042,"array([48.78350026, 36.16194023])"
5621,99352651,"array([48.93334727, 36.28882355])"
5622,100991087,"array([48.20924273, 36.20475194])"
5623,78970989,"array([48.42507957, 36.21579131])"
5624,78577736,"array([48.93719434, 35.75221107])"
5625,86966374,"array([48.86017277, 35.55454648])"
5626,95092804,"array([48.64021523, 35.76080194])"
5627,77267051,"array([48.67551099, 35.56445982])"
5628,78184527,"array([49.33115882, 35.70150797])"
5629,100466762,"array([48.46490506, 35.64446925])"
5630,94175323,"array([47.38303222, 35.09481564])"
5631,73400415,"array([47.27022458, 34.99623461])"
5632,99876940,"array([47.12460516, 35.13759838])"
5633,100597845,"array([47.27347768, 35.22728991])"
5634,99680369,"array([47.53409638, 35.69754294])"
5635,100335713,"array([47.27428805, 35.7835691 ])"
5636,78839901,"array([48.21337265, 35.29908869])"
5637,96993369,"array([48.17967093, 35.47616126])"
5638,75104344,"array([48.01965706, 35.34406988])"
5639,76021841,"array([48.54233486, 34.27986325])"
5640,101253199,"array([48.46895023, 34.09823975])"
5641,77463643,"array([49.36932439, 35.1624693 ])"
5642,90570825,"array([48.94317433, 35.32030895])"
5643,78577737,"array([48.65965323, 35.33817491])"
5644,104530021,"array([46.66487845, 34.99281314])"
5645,83034227,"array([46.92589067, 34.81612118])"
5646,76283997,"array([47.3923078 , 34.12061848])"
5647,74973251,"array([47.29689642, 33.99581567])"
5648,96075878,"array([48.32498669, 34.62613754])"
5649,104923245,"array([48.17650784, 34.47225511])"
5650,102695016,"array([48.09348858, 34.69429107])"
5651,104398939,"array([48.21682812, 34.7931816 ])"
5652,76087391,"array([47.93714377, 34.29511166])"
5653,73597030,"array([47.67683534, 34.44328983])"
5654,74514546,"array([47.75779974, 34.64906849])"
5655,99352652,"array([47.54065352, 34.74429893])"
5656,94699599,"array([47.42474862, 34.61036274])"
5657,96141404,"array([47.39272905, 34.27688831])"
5658,100991088,"array([48.76229689, 34.52989167])"
5659,80150640,"array([46.77520822, 34.50010127])"
5660,98631760,"array([46.55061342, 34.54501129])"
5661,101843043,"array([47.26457231, 34.46941039])"
5662,100335714,"array([46.97853493, 34.35769662])"
5663,97189972,"array([47.0913677, 34.2185657])"
5664,90636388,"array([47.04906615, 34.54782683])"
5665,95092805,"array([47.61340742, 34.02821422])"
5666,100466763,"array([47.60430671, 34.20162246])"
5667,74776677,"array([47.20744775, 34.35931347])"
5668,84475999,"array([47.78455897, 33.86275601])"
5669,90505324,"array([47.78807054, 33.70405524])"
5670,99680370,"array([48.02569646, 33.97074526])"
5671,78970990,"array([48.17660687, 34.01057962])"
5672,95158363,"array([46.52841162, 33.30151907])"
5673,96993370,"array([46.7498333 , 33.47726644])"
5674,78905429,"array([47.3002325 , 33.42403263])"
5675,104202325,"array([47.39077916, 33.25084422])"
5676,96403535,"array([47.56970622, 33.28928109])"
5677,105906247,"array([47.5134119 , 33.42722985])"
5678,84410457,"array([47.44964225, 33.06207699])"
5679,77267052,"array([47.16125967, 33.79238685])"
5680,78577738,"array([47.02645611, 33.63447776])"
5681,104136786,"array([46.70797764, 34.0499437 ])"
5682,94699600,"array([47.0313287 , 32.85466065])"
5683,90570826,"array([47.07267826, 32.99538528])"
5684,73400416,"array([47.89238194, 33.47169339])"
5685,94175324,"array([46.25695184, 32.11994777])"
5686,83558482,"array([46.38077575, 32.29156058])"
5687,101253200,"array([46.72566499, 33.04093481])"
5688,76021842,"array([46.86724204, 33.20675882])"
5689,80150641,"array([48.53175939, 32.45854136])"
5690,83034228,"array([48.71139554, 32.68965393])"
5691,74514547,"array([48.79987389, 32.47240732])"
5692,98631761,"array([48.76857313, 31.79220556])"
5693,86966375,"array([48.84548103, 31.94558467])"
5694,97189973,"array([48.70300643, 31.98216335])"
5695,90636389,"array([48.37787152, 32.08180917])"
5696,100335715,"array([48.54881784, 31.93487813])"
5697,88604755,"array([48.53911506, 31.53740914])"
5698,78118996,"array([48.74284703, 31.61360624])"
5699,78381154,"array([48.6084789 , 31.75732101])"
5700,94502997,"array([48.3765245 , 31.72411136])"
5701,103153749,"array([49.41792979, 31.97113183])"
5702,104333393,"array([49.25770179, 31.8542947 ])"
5703,78446680,"array([49.21892195, 32.05387327])"
5704,83558483,"array([48.8710927 , 30.94087954])"
5705,94175325,"array([48.99444292, 31.12191492])"
5706,78184528,"array([15.78151266,  0.95900138])"
5707,74514548,"array([16.08084307,  1.03509525])"
5708,74317908,"array([16.25283314,  1.14230781])"
5709,100991089,"array([16.09809366,  1.28446428])"
5710,80150642,"array([16.25347146,  0.95404903])"
5711,83034229,"array([15.87528394,  1.17775123])"
5712,78839902,"array([17.44688445,  0.67938609])"
5713,104530022,"array([17.48474467,  0.5102699 ])"
5714,84410458,"array([17.95294027,  0.50066823])"
5715,96075879,"array([18.09899762,  0.44442074])"
5716,95158364,"array([17.13778697,  0.21265832])"
5717,76283998,"array([17.1042737 , -0.07132805])"
5718,90570827,"array([16.79281608,  1.07654759])"
5719,82444392,"array([15.43993535,  1.29336503])"
5720,94699601,"array([17.16217519,  1.11154671])"
5721,101253201,"array([17.31489403,  1.47034954])"
5722,76283999,"array([18.10468612,  1.01540624])"
5723,95158365,"array([18.37739636,  1.12419781])"
5724,104530023,"array([17.64270327,  2.33020096])"
5725,94699602,"array([17.41837988,  2.23910278])"
5726,76284000,"array([18.02853657,  2.95000434])"
5727,83034230,"array([18.15412405,  3.14033445])"
5728,74973252,"array([17.5245863 ,  1.62371305])"
5729,78905430,"array([17.26353001,  1.66969773])"
5730,94699603,"array([59.10941923, 22.65203902])"
5731,84410459,"array([59.04156315, 22.41602912])"
5732,105906248,"array([60.67849685, 21.10171987])"
5733,76021843,"array([60.47145141, 21.31852936])"
5734,104530024,"array([59.99001695, 21.75578167])"
5735,96141405,"array([60.25108152, 21.76261021])"
5736,104202326,"array([-7.65498453, -0.98202193])"
5737,96403536,"array([-7.8061313, -1.1966674])"
5738,78839903,"array([59.35536279, 22.11108405])"
5739,78184529,"array([59.11557945, 22.00131187])"
5740,84410460,"array([-7.25229395, -1.51521023])"
5741,104530025,"array([-7.56983478, -1.51237781])"
5742,94699604,"array([-8.30797177, -2.08868098])"
5743,74973253,"array([-8.52561727, -2.24576727])"
5744,105906249,"array([-8.34205586, -2.26644053])"
5745,78905431,"array([-8.68338746, -2.21182181])"
5746,96141406,"array([-8.42112265, -2.38722387])"
5747,76021844,"array([-8.41545543, -2.16294373])"
5748,101253202,"array([-8.59542735, -2.12421481])"
5749,102695017,"array([-8.46733944, -2.03683867])"
5750,78839904,"array([-8.69205038, -2.34966267])"
5751,78184530,"array([-8.58204677, -2.40159206])"
5752,104923246,"array([-8.19747832, -2.70418265])"
5753,78970991,"array([-8.14260727, -2.47573209])"
5754,99680371,"array([-8.01829505, -2.6364692 ])"
5755,104398940,"array([-8.00368186, -3.07774558])"
5756,73400417,"array([-8.64282503, -2.5922218 ])"
5757,78577739,"array([-8.48790456, -2.55179475])"
5758,96075881,"array([-7.82363153, -2.96050647])"
5759,90505325,"array([-8.85572191, -1.49309604])"
5760,99876942,"array([-8.67202882, -1.45793843])"
5761,77267053,"array([-8.7494441 , -1.64084495])"
5762,80150643,"array([-7.45767424, -2.06975459])"
5763,74514549,"array([-7.65181022, -2.09177101])"
5764,84476000,"array([-7.98611191, -2.12555576])"
5765,83034231,"array([-7.51799759, -2.3947825 ])"
5766,104202327,"array([-9.81714738, -2.07890737])"
5767,96403537,"array([-9.53451161, -2.12314858])"
5768,95158366,"array([-9.85760668, -0.87966797])"
5769,84410461,"array([-9.61836484, -0.60063687])"
5770,101253203,"array([-10.00605551,  -1.57647654])"
5771,74514550,"array([-10.05213025,  -1.38964285])"
5772,83034232,"array([-9.87379815, -1.42026561])"
5773,94699605,"array([-9.36678594, -1.84656318])"
5774,78905432,"array([-9.27398255, -1.73387245])"
5775,80150644,"array([-9.27476801, -1.43514733])"
5776,74973254,"array([-9.46115921, -1.68683255])"
5777,76021845,"array([-8.46682533, -0.9028082 ])"
5778,105906250,"array([-8.50991956, -0.70079804])"
5779,102695018,"array([-9.90192167, -2.57531015])"
5780,77267054,"array([-10.09561041,  -2.7392585 ])"
5781,90505326,"array([-10.00919701,  -2.06600788])"
5782,78839906,"array([-9.69450116, -2.83393616])"
5783,80150645,"array([-8.33647176,  0.14949846])"
5784,95158367,"array([-8.36776701, -0.07519247])"
5785,78839907,"array([-9.94501999, -2.98339952])"
5786,96993372,"array([-11.49461811,  -1.74675888])"
5787,78184531,"array([-11.64825224,  -1.7348131 ])"
5788,96403538,"array([-10.97811472,  -1.71143144])"
5789,78839908,"array([-10.12985989,  -2.52045896])"
5790,76021846,"array([-11.1047323 ,  -1.63775616])"
5791,74317909,"array([-10.71656706,  -2.18086853])"
5792,104530026,"array([-10.61401218,  -1.99438285])"
5793,104923247,"array([-10.76527303,  -2.83128959])"
5794,105906251,"array([-10.65251116,  -2.65170427])"
5795,74514551,"array([-11.0236604 ,  -2.20132003])"
5796,74973255,"array([-11.68471136,  -2.27636824])"
5797,94699606,"array([-11.45664735,  -2.38111169])"
5798,101253204,"array([-11.71954258,  -2.46482011])"
5799,78970993,"array([-11.56034873,  -2.27075796])"
5800,95158368,"array([-11.20477916,  -3.13329967])"
5801,104136787,"array([-12.588503  ,  -1.36651711])"
5802,74776678,"array([-12.31961826,  -1.42877568])"
5803,95092806,"array([-12.36544031,  -0.45864129])"
5804,100466764,"array([-12.25986868,  -0.64804137])"
5805,76087392,"array([-12.74802883,  -2.13169586])"
5806,75104345,"array([-12.42504115,  -1.98156277])"
5807,94699607,"array([-11.8936728 ,  -1.38834884])"
5808,99352653,"array([-12.02007239,  -1.22410631])"
5809,77463644,"array([-11.8285526 ,  -1.21638799])"
5810,78970994,"array([47.60795391, 10.00728974])"
5811,74973256,"array([47.53935203,  9.74311154])"
5812,73597031,"array([47.45632726,  9.90096714])"
5813,101253205,"array([47.70965403,  9.8601013 ])"
5814,100466765,"array([28.4120575 , 28.97172512])"
5815,76087393,"array([28.44564575, 28.66478357])"
5816,98304091,"array([-10.97884821,  -1.16557496])"
5817,77463645,"array([-11.16965378,  -1.04953655])"
5818,105906252,"array([45.66288714, 46.99287404])"
5819,96993373,"array([45.79333266, 46.8810947 ])"
5820,77922383,"array([45.87831467, 44.25638818])"
5821,73269340,"array([45.94367762, 44.46509138])"
5822,78446681,"array([46.35952205, 45.19274017])"
5823,78118997,"array([46.19357116, 45.17394313])"
5824,88604756,"array([46.21861135, 45.37551576])"
5825,90636390,"array([46.29254172, 46.94757224])"
5826,94175326,"array([46.11939318, 47.04473127])"
5827,103153750,"array([46.36494117, 46.33128668])"
5828,104333394,"array([46.24368058, 46.46207467])"
5829,98631762,"array([45.99045638, 45.70790493])"
5830,95158369,"array([45.79280321, 45.77257327])"
5831,100270148,"array([46.10880106, 45.86248464])"
5832,86966376,"array([45.86568511, 46.33903975])"
5833,83558484,"array([45.61360732, 46.30239694])"
5834,101843045,"array([45.79156651, 46.10938719])"
5835,97189974,"array([46.74625027, 46.80713085])"
5836,100597847,"array([46.91963041, 46.83768081])"
5837,74973257,"array([46.53939748, 45.95633733])"
5838,75104347,"array([46.71019445, 46.04059429])"
5839,94699608,"array([46.59998803, 47.09351503])"
5840,73597032,"array([46.69961221, 46.19047476])"
5841,77463646,"array([46.83792441, 45.91220348])"
5842,94502998,"array([46.57253359, 47.36221782])"
5843,78970995,"array([47.39257444, 45.37935544])"
5844,76021847,"array([47.23161851, 47.26360507])"
5845,100335716,"array([47.42794073, 47.21298553])"
5846,78381155,"array([47.31605513, 47.38021579])"
5847,101253206,"array([47.31404569, 46.23757619])"
5848,77267056,"array([47.21435584, 46.11100647])"
5849,96403539,"array([47.45142747, 46.19279652])"
5850,74776679,"array([47.21586706, 45.9675902 ])"
5851,99352655,"array([47.3762925 , 45.98798759])"
5852,104923249,"array([48.11140936, 45.51727218])"
5853,77922384,"array([48.01511567, 45.69589566])"
5854,105906253,"array([47.80542712, 45.61754837])"
5855,78446682,"array([47.80613842, 46.75286535])"
5856,96993374,"array([47.52935987, 46.54210715])"
5857,90636391,"array([46.88376195, 46.43550281])"
5858,78118998,"array([48.30796395, 46.5590499 ])"
5859,100270149,"array([47.84838973, 45.86103832])"
5860,86966377,"array([47.98763662, 46.14495642])"
5861,101843046,"array([48.13649535, 46.04510298])"
5862,90636392,"array([47.39679443, 45.14828621])"
5863,76087394,"array([48.12220881, 47.60710283])"
5864,73269341,"array([47.90196277, 47.35602093])"
5865,104923250,"array([57.36034733, 16.74445001])"
5866,98631764,"array([57.37237915, 16.33644316])"
5867,95092808,"array([57.51209717, 16.68439218])"
5868,77922385,"array([ 22.95538058, -37.26465588])"
5869,78118999,"array([ 23.13412951, -37.32086002])"
5870,99352656,"array([12.64257975, 66.12027439])"
5871,96075882,"array([12.49671176, 65.8094409 ])"
5872,78446683,"array([12.91455994, 65.79271607])"
5873,84476001,"array([12.51830936, 66.01845399])"
5874,84410462,"array([12.38649748, 66.37618553])"
5875,83034234,"array([12.34405841, 65.99473211])"
5876,96403540,"array([12.59602147, 66.28473446])"
5877,90570828,"array([12.80022001, 66.05407641])"
5878,74776680,"array([12.24726032, 66.16810669])"
5879,90636393,"array([12.90273553, 66.24986887])"
5880,104136788,"array([13.06813737, 66.46106471])"
5881,90505327,"array([12.69186417, 65.9091087 ])"
5882,100991090,"array([12.45407641, 66.21774155])"
5883,78905433,"array([12.97773992, 66.03389813])"
5884,95158370,"array([12.73846082, 66.29442218])"
5885,77463647,"array([11.92072874, 66.44541424])"
5886,100466766,"array([11.7414753 , 66.39071616])"
5887,101253207,"array([ 23.59564831, -38.007387  ])"
5888,78970996,"array([ 23.25604003, -38.31640309])"
5889,94699609,"array([ 23.77221089, -38.0428113 ])"
5890,94175327,"array([ 23.59050865, -38.21168691])"
5891,97189975,"array([ 23.64523419, -38.38036987])"
5892,86966378,"array([ 23.44730113, -38.33959986])"
5893,73597033,"array([ 23.51128177, -38.52255045])"
5894,78577740,"array([ 23.46665401, -37.81044819])"
5895,102695019,"array([ 23.7608457, -38.2481112])"
5896,104202328,"array([ 23.35907496, -38.12319138])"
5897,73269342,"array([12.67461785, 66.54652989])"
5898,99876943,"array([ 23.38891474, -37.98883051])"
5899,104398942,"array([ 23.87751848, -38.40729737])"
5900,94502999,"array([ 23.76370174, -37.56272288])"
5901,76087395,"array([12.73472928, 66.89164803])"
5902,74317910,"array([ 23.30226926, -38.5232013 ])"
5903,78381156,"array([ 23.70580954, -38.58192208])"
5904,100270150,"array([12.46695832, 64.95894612])"
5905,75104348,"array([ 22.7278717 , -38.27290692])"
5906,86966379,"array([ 23.57632576, -39.07190418])"
5907,78577742,"array([16.62216303, 44.73461724])"
5908,104202329,"array([16.33909182, 44.77273638])"
5909,86966380,"array([12.87773566, 67.48059882])"
5910,73269343,"array([15.60589339, 60.05053017])"
5911,104202330,"array([15.69184238, 60.24248793])"
5912,78577743,"array([15.45104875, 60.39822912])"
5913,76087396,"array([-15.04277056,  -6.94530084])"
5914,99876945,"array([-14.7335195 ,  -6.99997806])"
5915,88604758,"array([34.27866439, 29.4142967 ])"
5916,78577744,"array([34.46842208, 29.30673242])"
5917,76087397,"array([34.98894478, 30.81581444])"
5918,99876946,"array([34.97549699, 30.459597  ])"
5919,104923251,"array([33.98118868, 30.93641991])"
5920,95092809,"array([34.15444404, 30.7708828 ])"
5921,73269344,"array([34.323864  , 30.89051638])"
5922,97189976,"array([35.521492  , 29.25486494])"
5923,104398943,"array([35.69285423, 29.48160221])"
5924,74317911,"array([35.46688843, 29.41194443])"
5925,73597034,"array([34.7772313 , 29.81645858])"
5926,102695022,"array([33.8477347 , 30.22106677])"
5927,94175329,"array([34.59928768, 29.71618108])"
5928,94699610,"array([34.64670749, 29.87739359])"
5929,101253209,"array([35.0406725 , 29.58917298])"
5930,78970997,"array([34.86123   , 29.47724859])"
5931,104923252,"array([35.86235886, 30.87558808])"
5932,100466767,"array([35.94772183, 31.09139578])"
5933,95092810,"array([35.64276536, 31.05061197])"
5934,73269345,"array([35.6155049 , 30.79301716])"
5935,94503000,"array([33.4061788 , 29.68908383])"
5936,96993375,"array([33.42625222, 29.39114041])"
5937,75104349,"array([33.7336678 , 29.50983188])"
5938,99876947,"array([35.7264396 , 29.21139963])"
5939,96075883,"array([32.63765776, 29.84087917])"
5940,96403541,"array([34.8408474 , 29.28149835])"
5941,84476002,"array([34.39663803, 30.24557116])"
5942,76087398,"array([32.08792357, 30.02469326])"
5943,104202331,"array([35.03613702, 29.84430571])"
5944,95092811,"array([34.25208666, 28.75326393])"
5945,96075884,"array([34.47900506, 28.87625523])"
5946,97189977,"array([34.44433747, 28.49840787])"
5947,100466768,"array([33.67880323, 27.97971109])"
5948,100597848,"array([33.55685973, 27.78341792])"
5949,95092812,"array([33.24866064, 27.52789279])"
5950,104202332,"array([ 15.3578925 , -24.41636677])"
5951,100597849,"array([ 15.4991572 , -24.32777686])"
5952,96403542,"array([ 15.34506652, -24.25546705])"
5953,96075885,"array([ 14.84199931, -24.69329694])"
5954,95092813,"array([ 15.24938726, -23.55926297])"
5955,102695023,"array([ 15.21453523, -23.31463786])"
5956,104202333,"array([ 14.09004885, -25.22232955])"
5957,96403543,"array([ 14.26235565, -25.10056019])"
5958,90505328,"array([ 13.62115656, -25.58013452])"
5959,77267058,"array([-8.74168761, 10.74320308])"
5960,98304092,"array([-8.57278565, 10.63568803])"
5961,98631765,"array([20.69236202, 41.80145122])"
5962,102695025,"array([20.86252984, 41.32023732])"
5963,74776681,"array([20.66501942, 41.25685261])"
5964,83034235,"array([21.56390122, 40.81364822])"
5965,78905434,"array([21.36294483, 40.96803754])"
5966,78446684,"array([21.34678336, 40.76207205])"
5967,96141407,"array([21.59723397, 41.04151124])"
5968,98631766,"array([19.28521241, 69.3562656 ])"
5969,104202334,"array([19.19798399, 69.55183578])"
5970,96403544,"array([19.09250534, 69.40024819])"
5971,100597850,"array([18.05149082, 69.3866506 ])"
5972,99352657,"array([18.27591867, 69.51115778])"
5973,90570829,"array([18.63116026, 70.18469168])"
5974,100335717,"array([18.71792715, 70.01553781])"
5975,103153751,"array([19.2899024 , 71.32907894])"
5976,74973258,"array([19.44401705, 71.28568987])"
5977,84410463,"array([19.07083806, 70.4426241 ])"
5978,101253210,"array([19.10105111, 69.97302547])"
5979,77922386,"array([19.37753673, 69.92043831])"
5980,90636394,"array([19.51945963, 72.89557575])"
5981,100270151,"array([19.4932606 , 72.37714569])"
5982,83558485,"array([19.23496127, 72.01495082])"
5983,100991091,"array([19.22498643, 72.49291718])"
5984,104333395,"array([19.04872962, 72.39561549])"
5985,105906255,"array([18.46527344, 72.70756093])"
5986,90570830,"array([26.61676652, 53.94851503])"
5987,96403545,"array([26.83768277, 53.98049306])"
5988,78119000,"array([18.06285754, 42.37256313])"
5989,96403546,"array([17.93787947, 42.53857827])"
5990,99352658,"array([17.84946196, 42.35644528])"
5991,90636395,"array([17.19646388, 42.02622683])"
5992,100335718,"array([17.3397637 , 41.95442806])"
5993,104202335,"array([17.2648717 , 41.81101098])"
5994,98631767,"array([17.34642394, 41.03589355])"
5995,101253211,"array([17.25360794, 40.9005777 ])"
5996,77267059,"array([17.43836754, 40.86041244])"
5997,74514552,"array([33.50429216, 25.0495972 ])"
5998,78184532,"array([33.28696984, 25.18637601])"
5999,78119001,"array([18.12935763, 40.67700248])"
6000,99352659,"array([18.04272949, 40.48629703])"
6001,74514553,"array([16.95808601, 40.14803786])"
6002,96403547,"array([17.01811808, 39.982065  ])"
6003,77922387,"array([16.45574041, 40.67745156])"
6004,78184534,"array([16.52155128, 40.49073823])"
6005,103153752,"array([16.33785067, 40.53123594])"
6006,90570831,"array([15.62282578, 40.34843231])"
6007,104333396,"array([15.76646992, 40.2235274 ])"
6008,100991092,"array([16.11583118, 42.83643549])"
6009,100597851,"array([16.19018102, 42.65399306])"
6010,78905435,"array([15.97151229, 42.67045155])"
6011,74973260,"array([16.91166492, 41.21525438])"
6012,90636396,"array([15.38125937, 41.99804518])"
6013,100335719,"array([15.59045651, 42.15108427])"
6014,104202336,"array([15.43980617, 42.1892768 ])"
6015,103153753,"array([14.29062017, 40.95446858])"
6016,78184535,"array([14.31594664, 41.13655553])"
6017,104923255,"array([14.46795798, 39.57117713])"
6018,96993376,"array([14.41744345, 39.2955535 ])"
6019,77922389,"array([14.49218065, 41.11647766])"
6020,98631768,"array([13.6423313 , 41.26799359])"
6021,73269346,"array([13.46299516, 41.2496094 ])"
6022,78119002,"array([15.81024343, 41.57878431])"
6023,88604759,"array([14.94476313, 41.47436058])"
6024,86966382,"array([14.72045124, 41.51799856])"
6025,78970998,"array([14.08820751, 42.37255597])"
6026,99352660,"array([14.34022958, 42.58957461])"
6027,101253212,"array([14.57545896, 40.45205103])"
6028,95092814,"array([15.0165891 , 43.16722937])"
6029,104398944,"array([15.04716156, 43.00868923])"
6030,94699612,"array([13.69314623, 42.89624583])"
6031,100597852,"array([14.79683557, 40.35319117])"
6032,90505329,"array([14.01891843, 40.04496299])"
6033,88604760,"array([12.0430357 , 41.47235064])"
6034,78905436,"array([11.79840931, 41.61626384])"
6035,90505330,"array([10.35609615, 12.87591505])"
6036,94699613,"array([10.40009742, 12.726576  ])"
6037,100991093,"array([10.52074266, 24.51687519])"
6038,100335720,"array([10.47269582, 24.33854064])"
6039,86966383,"array([14.88001504, 43.81285035])"
6040,101253213,"array([12.76568458, 41.16911095])"
6041,78119003,"array([12.64718678, 41.07148075])"
6042,98631769,"array([12.03893664, 43.41809526])"
6043,73269347,"array([11.97704667, 43.62620386])"
6044,100991094,"array([11.76577781, 40.28960428])"
6045,100335721,"array([11.62118921, 40.18490353])"
6046,104398945,"array([12.25029473, 42.77814907])"
6047,94699614,"array([10.28748887, 13.11230917])"
6048,98631770,"array([12.6590908, 41.533173 ])"
6049,74317912,"array([12.3981511 , 42.36470248])"
6050,84476003,"array([-30.08066942,  18.26797046])"
6051,98304094,"array([-30.25519934,  18.32147059])"
6052,94503001,"array([ 1.24939731, 14.31625297])"
6053,73597035,"array([ 1.41304473, 14.55810868])"
6054,77267061,"array([11.63392179, 39.35394129])"
6055,73597036,"array([11.10905948, 39.1521039 ])"
6056,104202337,"array([11.00417241, 39.275082  ])"
6057,96075886,"array([11.89701215, 39.06976701])"
6058,100466769,"array([10.82429798, 38.58728349])"
6059,84476004,"array([10.86305585, 40.07381073])"
6060,98304095,"array([10.74764432, 39.91728753])"
6061,100466770,"array([10.68307047, 40.1096545 ])"
6062,78119004,"array([ 9.87796879, 41.28331579])"
6063,95092815,"array([ 9.39887554, 41.14194428])"
6064,73269348,"array([ 9.61697921, 41.20671931])"
6065,74317913,"array([ 9.9195461 , 40.98156945])"
6066,78970999,"array([ 9.77962366, 40.76697695])"
6067,78184536,"array([ 9.86814873, 40.67964698])"
6068,90505331,"array([ 9.50974531, 40.82141193])"
6069,98631771,"array([ 9.9593921 , 40.82767579])"
6070,103153754,"array([ 9.76817356, 40.91412966])"
6071,90636397,"array([ 9.75972052, 41.04284353])"
6072,96075887,"array([ 9.65960691, 40.68889724])"
6073,94699615,"array([ 9.62602235, 40.93402852])"
6074,98304096,"array([ 9.61371554, 40.16547989])"
6075,84476005,"array([ 8.76310425, 41.57077691])"
6076,99680373,"array([64.92178967,  0.96483404])"
6077,76284002,"array([65.07315925,  0.86698393])"
6078,77922390,"array([65.52959108,  0.52375086])"
6079,90570832,"array([65.35747548,  0.61953801])"
6080,104923256,"array([64.22470424,  0.94429501])"
6081,96993377,"array([64.33633764,  0.80307791])"
6082,104136790,"array([63.9310685,  1.0011223])"
6083,83558486,"array([65.60596548,  0.8847943 ])"
6084,95092816,"array([ 6.56796551e+01, -9.95326708e-03])"
6085,86966384,"array([65.66861113, -0.14589776])"
6086,104333397,"array([65.84573377, -0.3628438 ])"
6087,96403548,"array([66.11447335,  0.20359766])"
6088,88604761,"array([6.62665318e+01, 7.60241840e-04])"
6089,78905437,"array([65.98781846,  0.10594433])"
6090,78577745,"array([6.61119133e+01, 1.17193183e-02])"
6091,96141408,"array([66.2277619 ,  0.11697411])"
6092,105906256,"array([66.1945514 ,  0.39969902])"
6093,100597853,"array([65.89974247, -0.17970051])"
6094,94175330,"array([65.80198532,  0.10755415])"
6095,78184537,"array([65.97821872,  0.22204922])"
6096,90636398,"array([65.77655558, -0.25406603])"
6097,96075888,"array([ 6.58268843e+01, -5.21141658e-02])"
6098,74317914,"array([66.19865528, -0.13482907])"
6099,99876949,"array([66.05524563, -0.34573121])"
6100,94699616,"array([66.0414913 , -0.15386898])"
6101,73269349,"array([ 6.59787669e+01, -2.13322895e-02])"
6102,73597037,"array([66.39808485, -0.83693753])"
6103,100466771,"array([66.14576944, -0.72413928])"
6104,77922391,"array([65.32694701, -1.28790543])"
6105,90570833,"array([65.18483671, -1.63840279])"
6106,101253215,"array([66.62699043,  0.72314216])"
6107,103153755,"array([66.54975717,  0.5113772 ])"
6108,100466772,"array([66.96497925,  1.15205183])"
6109,104398947,"array([64.30756672, -0.10209423])"
6110,78971000,"array([6.45058013e+01, 5.85834988e-03])"
6111,83558487,"array([67.04965385,  0.70426377])"
6112,84476007,"array([67.76834703,  0.92005295])"
6113,94699617,"array([62.7552862 ,  8.97974189])"
6114,96075889,"array([62.5571516 ,  8.98222626])"
6115,78577746,"array([62.75498065,  8.81399427])"
6116,86966385,"array([62.53190771,  8.8054198 ])"
6117,96403549,"array([62.81264043,  9.39378266])"
6118,96141409,"array([61.03384074,  8.55521094])"
6119,73269350,"array([61.09353035,  8.35804175])"
6120,78184538,"array([60.47478237,  8.51621634])"
6121,104923257,"array([61.57870238,  8.12774461])"
6122,100597854,"array([61.86882897,  8.13977948])"
6123,96993378,"array([61.71174732,  8.26977603])"
6124,78905438,"array([61.75233748,  8.90705166])"
6125,77922392,"array([61.8138061 ,  8.69851524])"
6126,73400418,"array([61.48166285,  8.60742235])"
6127,78839909,"array([61.68077068,  8.50299198])"
6128,90570834,"array([61.28041067,  9.89408292])"
6129,105906257,"array([61.37426179,  9.70754977])"
6130,101253216,"array([61.8665144 ,  7.68779796])"
6131,74776682,"array([61.8802223 ,  7.45988196])"
6132,74514555,"array([61.83614255,  6.2811024 ])"
6133,100466773,"array([61.88756121,  6.05293048])"
6134,73269351,"array([61.9775582,  6.2061899])"
6135,96141410,"array([61.77078082,  6.10034522])"
6136,78577747,"array([62.03310873,  6.05959588])"
6137,95092817,"array([61.72960377,  5.54674029])"
6138,78971001,"array([62.40389792,  5.94484206])"
6139,96403550,"array([62.55520104,  6.05123705])"
6140,94175331,"array([61.35979282,  5.96176589])"
6141,73597038,"array([60.85285929,  4.53511665])"
6142,94699618,"array([61.04246248,  4.56390577])"
6143,90636400,"array([61.16641165,  5.49700597])"
6144,74317915,"array([61.06784627,  5.2794454 ])"
6145,83558488,"array([13.66868483, 57.32806508])"
6146,96075890,"array([13.8299229 , 57.43596656])"
6147,88604762,"array([60.58005196,  3.35007817])"
6148,99876950,"array([60.6983233 ,  3.50805778])"
6149,96141411,"array([61.31414296,  4.5332476 ])"
6150,78184539,"array([60.19057079,  4.02470163])"
6151,74776683,"array([60.33606562,  3.98624439])"
6152,101253217,"array([60.23409272,  4.1709362 ])"
6153,78971002,"array([60.38399632,  4.11492587])"
6154,76284003,"array([61.67473062,  4.24428324])"
6155,74514556,"array([61.78659275,  4.03976097])"
6156,73269352,"array([61.83164547,  4.18520577])"
6157,100466774,"array([61.60236244,  4.08186166])"
6158,105906258,"array([61.03621797,  4.24089234])"
6159,77922393,"array([60.86790514,  4.12309878])"
6160,84476008,"array([61.01809324,  4.0841259 ])"
6161,86966386,"array([60.8721776 ,  4.27919185])"
6162,95092818,"array([60.89451079,  5.20014562])"
6163,104398948,"array([61.0686554 ,  5.07357041])"
6164,78905439,"array([60.58840032,  4.52803797])"
6165,100597855,"array([60.58793432,  4.72685516])"
6166,104923258,"array([61.81857224,  4.80733566])"
6167,73400419,"array([61.53052407,  3.70474725])"
6168,90570835,"array([61.56106611,  3.49218842])"
6169,78839910,"array([61.38343021,  3.6170936 ])"
6170,96141412,"array([62.14932019,  4.06060227])"
6171,104923259,"array([62.24660443,  3.86443945])"
6172,104398949,"array([60.47586966,  3.12321076])"
6173,83558489,"array([19.43765958, -3.70383897])"
6174,96141413,"array([19.34416556, -3.82719549])"
6175,88604763,"array([19.16751876, -4.1221514 ])"
6176,104398950,"array([19.09350968, -3.95773872])"
6177,104923260,"array([19.55254115, -3.92658992])"
6178,78839911,"array([19.44641277, -4.04571878])"
6179,78905440,"array([19.35116254, -2.77651716])"
6180,96403552,"array([19.50148126, -2.58282982])"
6181,104136792,"array([19.27287127, -2.39445397])"
6182,99680374,"array([19.69416438, -3.15193434])"
6183,94175332,"array([19.48643747, -3.22896567])"
6184,104333399,"array([20.00325873, -3.38109752])"
6185,78577749,"array([18.78546992, -3.53641002])"
6186,99876951,"array([20.45102408, -3.6610698 ])"
6187,78905441,"array([19.93953156, -4.21713991])"
6188,96403553,"array([19.97655469, -3.97478113])"
6189,78577750,"array([19.08678134, -4.90101205])"
6190,83558490,"array([19.28918773, -4.6586593 ])"
6191,104136793,"array([19.88025831, -4.82005713])"
6192,96141414,"array([19.7302503 , -4.85360482])"
6193,96403554,"array([18.55464576, -4.27834331])"
6194,88604764,"array([19.83496014, -4.96671546])"
6195,78577751,"array([58.63674897, 10.09989902])"
6196,94175333,"array([58.43421829, 10.10225099])"
6197,96403556,"array([58.49123411, 10.23611582])"
6198,104923261,"array([58.18476353, 10.61907571])"
6199,78839912,"array([58.27630345, 10.80481773])"
6200,105906260,"array([40.43849816,  8.41122173])"
6201,78577752,"array([40.62764607,  8.12195924])"
6202,73597040,"array([38.99417515,  9.13409798])"
6203,94175334,"array([39.17992495,  9.24962534])"
6204,90636402,"array([40.56140522,  9.39124304])"
6205,96075892,"array([40.45015615,  9.22327803])"
6206,86966388,"array([40.68073867,  9.2182231 ])"
6207,104923262,"array([40.05071415,  8.52607107])"
6208,100597857,"array([39.97322707,  8.36750148])"
6209,78839913,"array([39.29213798,  8.42759712])"
6210,104136794,"array([39.0455073 ,  7.98459009])"
6211,88604765,"array([39.88816369,  9.24262868])"
6212,100466775,"array([39.78685619,  9.38259617])"
6213,78905442,"array([39.62656891,  8.8540382 ])"
6214,101318732,"array([39.53171778,  9.02827086])"
6215,80019533,"array([40.13293024,  9.73725407])"
6216,99680376,"array([40.25287642,  9.60863422])"
6217,104333401,"array([38.91747289,  9.70459851])"
6218,104398952,"array([38.81086333,  9.42531101])"
6219,96403557,"array([39.4331665 ,  8.85387689])"
6220,73728087,"array([39.53481708,  9.51975717])"
6221,83558492,"array([39.69798935,  9.63765771])"
6222,77922394,"array([39.82689019,  9.92568023])"
6223,94699619,"array([39.93703955, 10.02083413])"
6224,76284004,"array([39.87619482,  8.88724287])"
6225,95092819,"array([39.8969356 , 10.38467754])"
6226,73269353,"array([39.84535408, 10.53745135])"
6227,78184540,"array([39.74940987, 10.42127406])"
6228,84476009,"array([39.56836246,  9.91444937])"
6229,74317916,"array([39.34947057,  9.92090454])"
6230,78905443,"array([39.0579685, 10.2633089])"
6231,96403558,"array([39.27765776, 10.33392766])"
6232,74317917,"array([40.90535254, 10.56362459])"
6233,86966389,"array([41.00181917, 10.70572495])"
6234,90636403,"array([41.19286191, 10.54632019])"
6235,84476010,"array([40.28009789, 10.82870994])"
6236,73728088,"array([40.5274516 , 10.77573588])"
6237,96075893,"array([40.49066516, 10.92597697])"
6238,88604766,"array([38.31917652, 10.64967213])"
6239,101318733,"array([38.5760197 , 10.53467769])"
6240,96141415,"array([41.00542808,  9.9697858 ])"
6241,99680377,"array([41.09593559, 10.12078779])"
6242,80019534,"array([41.19560147,  9.97104908])"
6243,73597041,"array([40.50626158, 10.06572861])"
6244,100466776,"array([40.58755358, 10.22956807])"
6245,94699620,"array([39.81887719, 11.50535389])"
6246,101318734,"array([39.61385534, 11.60129345])"
6247,76284005,"array([42.05166844, 10.9858451 ])"
6248,100597858,"array([41.74781491, 10.9875989 ])"
6249,104398953,"array([41.52336246, 10.99086446])"
6250,104136795,"array([23.14741012, 24.47317955])"
6251,104923263,"array([23.51104368, 24.27272436])"
6252,96141416,"array([40.67308065, 12.03441667])"
6253,96403559,"array([40.37229179, 11.98651868])"
6254,73597042,"array([40.55902977, 11.96164185])"
6255,80019535,"array([40.55497714, 12.11673937])"
6256,94175335,"array([41.05683076, 11.94631342])"
6257,99680378,"array([41.49699035, 11.92435828])"
6258,78839914,"array([40.93277223, 12.00569908])"
6259,100466777,"array([41.01143765, 12.18922555])"
6260,99680379,"array([41.15068881, 12.09780934])"
6261,83558493,"array([42.37433302, 10.55119661])"
6262,101318736,"array([38.65829078,  9.75319032])"
6263,100991095,"array([ 2.32433752, -0.92513039])"
6264,104202338,"array([ 2.38292466, -0.66119944])"
6265,78184541,"array([40.16054341, 13.094589  ])"
6266,100597859,"array([40.25627719, 13.25031785])"
6267,76284006,"array([40.47293439, 12.36725698])"
6268,78577753,"array([41.69190465, 14.09601754])"
6269,105906261,"array([41.41362191, 14.35202604])"
6270,79167578,"array([ 2.48923128, -0.83598802])"
6271,101318737,"array([41.20926628, 12.88770044])"
6272,104333402,"array([42.17751177, 14.38959184])"
6273,74317918,"array([42.12293014, 14.24147893])"
6274,94175336,"array([41.98546797, 14.31581436])"
6275,73597043,"array([41.82928627, 13.89356211])"
6276,96141417,"array([41.67047217, 13.92109545])"
6277,96403560,"array([41.72340674, 13.45541974])"
6278,105906262,"array([41.83587798, 13.35656954])"
6279,99680380,"array([41.94428496, 13.67774983])"
6280,99876954,"array([42.12544797, 13.41951158])"
6281,80019536,"array([41.4474253 , 13.36838925])"
6282,104398954,"array([41.30574406, 13.70306588])"
6283,73269354,"array([41.14420864, 13.55868574])"
6284,90636404,"array([41.13666932, 13.75981723])"
6285,94503002,"array([40.7796269, 13.1847922])"
6286,76284007,"array([41.08226122, 13.12277312])"
6287,100466778,"array([40.96066216, 12.89485678])"
6288,104530027,"array([40.5929547 , 12.98273179])"
6289,86966390,"array([42.16805309, 13.84183901])"
6290,78381157,"array([40.57612387, 14.03935952])"
6291,83558494,"array([42.53327164, 14.77293236])"
6292,94699621,"array([42.3594161, 14.6863679])"
6293,73728089,"array([42.42234876, 14.97480844])"
6294,95092820,"array([42.52316968, 13.95760694])"
6295,96075894,"array([42.6519061 , 13.85571229])"
6296,78381158,"array([41.70483588, 14.74354256])"
6297,99876955,"array([41.64159959, 14.903519  ])"
6298,104333403,"array([43.22437339, 12.70524891])"
6299,73597044,"array([43.14458743, 12.89747879])"
6300,74317919,"array([43.40879962, 12.77438438])"
6301,78577754,"array([43.02610119, 14.29995389])"
6302,96141418,"array([43.18570477, 14.13871067])"
6303,78184542,"array([43.63083181, 14.04098784])"
6304,78839915,"array([43.43539009, 13.87850432])"
6305,76284008,"array([43.65693529, 13.81859122])"
6306,73269355,"array([43.08378658, 15.03632305])"
6307,101253218,"array([-24.46022083,  42.78752508])"
6308,96993379,"array([-24.50614045,  42.94375617])"
6309,74514557,"array([-25.25200072,  42.96042062])"
6310,78971003,"array([-25.04542081,  43.01981664])"
6311,99680381,"array([-24.16850869,  43.24965038])"
6312,73269356,"array([-24.20108398,  43.41102223])"
6313,105906263,"array([-25.26368119,  43.47477642])"
6314,73728090,"array([-25.51932574,  43.51695498])"
6315,105906264,"array([-21.15760945,  41.97384784])"
6316,73728091,"array([-21.26868347,  41.83365218])"
6317,96403561,"array([-24.593564  ,  41.14711474])"
6318,83558495,"array([-24.9895765 ,  41.06676653])"
6319,73400420,"array([-23.69698047,  42.01636414])"
6320,94175337,"array([-23.92393347,  41.92622741])"
6321,80019537,"array([-23.72179737,  42.19627437])"
6322,100597860,"array([-23.94626316,  42.12880627])"
6323,90570836,"array([-23.76852367,  41.88916816])"
6324,101318738,"array([-24.1021111 ,  42.31534104])"
6325,100270152,"array([-24.1565528,  42.5171397])"
6326,100466779,"array([-23.91865469,  42.4301316 ])"
6327,77267062,"array([-23.39392565,  42.47712405])"
6328,94503003,"array([-23.22816289,  42.80128709])"
6329,76087399,"array([-23.19001992,  41.0381721 ])"
6330,74317920,"array([-23.44912726,  41.04425219])"
6331,104530028,"array([-22.27082018,  41.72297086])"
6332,80150646,"array([-22.45080342,  41.51304896])"
6333,101843047,"array([-24.00882765,  40.5828873 ])"
6334,74973262,"array([-24.19520776,  40.44447277])"
6335,103153756,"array([-22.77432225,  41.45617851])"
6336,104398955,"array([-22.82378959,  41.60834179])"
6337,101253219,"array([-23.41050091,  41.35887931])"
6338,94699623,"array([-23.33695062,  41.58668394])"
6339,78381159,"array([-23.18991515,  40.7499592 ])"
6340,86966391,"array([-22.91949107,  41.24744615])"
6341,90636405,"array([-22.23975192,  41.12041531])"
6342,99680382,"array([-22.14642519,  40.94856307])"
6343,100466780,"array([-22.36316469,  40.98885566])"
6344,73597045,"array([-22.59399868,  40.93912069])"
6345,95158372,"array([-22.69199122,  40.52017148])"
6346,100270153,"array([-22.7920175 ,  40.68458755])"
6347,78446685,"array([-22.65211681,  41.14970199])"
6348,98631772,"array([-22.6479219 ,  41.90555554])"
6349,78971004,"array([-22.32284601,  40.45454041])"
6350,74514558,"array([-22.13076082,  40.36759658])"
6351,73269357,"array([-22.26623801,  40.60246991])"
6352,83034236,"array([-22.66612959,  40.07734305])"
6353,77267063,"array([-22.4828197 ,  39.57548778])"
6354,102695026,"array([-22.34525879,  39.72421546])"
6355,101843048,"array([-21.83130772,  39.58205211])"
6356,96403562,"array([-21.60113185,  39.44204916])"
6357,94503004,"array([-21.69568945,  39.75733926])"
6358,95092821,"array([-21.70021502,  41.51087218])"
6359,101318739,"array([-21.16760734,  40.09778649])"
6360,74973263,"array([-21.17660943,  40.30050746])"
6361,90570837,"array([-21.53524956,  41.07712218])"
6362,100597861,"array([-21.21425699,  41.10419837])"
6363,75104350,"array([-20.65019687,  41.39370279])"
6364,94175338,"array([-23.94729771,  36.02239343])"
6365,73400421,"array([-24.13527568,  35.85172767])"
6366,96993380,"array([-23.61080592,  36.62261648])"
6367,83558496,"array([-23.3416725 ,  36.68379245])"
6368,78839916,"array([-23.4932312 ,  36.76134106])"
6369,80019538,"array([-23.48621201,  36.47031045])"
6370,78184543,"array([-21.17755487,  38.62183168])"
6371,96141419,"array([-21.1434213 ,  38.76562735])"
6372,96075895,"array([-21.44787851,  36.94628307])"
6373,99876956,"array([-21.24709458,  37.14582403])"
6374,101318740,"array([-21.26816449,  37.90873723])"
6375,100270154,"array([-21.24252973,  38.06613575])"
6376,95158373,"array([-21.09658281,  38.12669471])"
6377,74973264,"array([-21.09858102,  37.91985079])"
6378,101253220,"array([-22.0633091 ,  37.70733803])"
6379,99680383,"array([-22.0220426 ,  37.89159805])"
6380,100466781,"array([-21.60191973,  37.88885864])"
6381,76284009,"array([-22.6730477 ,  37.54889199])"
6382,84476011,"array([-23.0480067 ,  37.58215573])"
6383,76087400,"array([-21.69740955,  38.072297  ])"
6384,100597862,"array([-20.6456411 ,  37.27644889])"
6385,78577755,"array([-21.40530651,  37.65615904])"
6386,104530029,"array([-21.18707832,  37.58144769])"
6387,90570838,"array([-21.33987316,  37.42769452])"
6388,80150647,"array([-21.55598389,  37.48716245])"
6389,94699624,"array([-20.52554117,  37.57642465])"
6390,90636406,"array([-20.38004146,  37.54860864])"
6391,73728092,"array([-20.86314482,  37.48151832])"
6392,74317921,"array([-20.9266601 ,  37.34469603])"
6393,103153757,"array([-20.85779497,  37.96819102])"
6394,94503005,"array([-20.75897099,  37.71987908])"
6395,104398956,"array([-20.6945326 ,  38.08477165])"
6396,78971005,"array([-20.57527858,  38.74077805])"
6397,94175339,"array([-21.78939127,  37.21172834])"
6398,74514559,"array([-20.2166228 ,  38.35470677])"
6399,105906265,"array([-20.26118438,  38.14712744])"
6400,77267064,"array([-20.85138108,  38.86626645])"
6401,102695027,"array([-20.48035445,  37.94057049])"
6402,96403563,"array([-20.19114117,  37.91459575])"
6403,73269358,"array([-20.32347798,  39.07648733])"
6404,76284010,"array([-20.3570567 ,  37.14057049])"
6405,80019539,"array([-20.60000538,  36.98242453])"
6406,78839917,"array([-20.51525703,  37.06962702])"
6407,83558497,"array([-20.37911986,  36.79750709])"
6408,99680384,"array([-20.36781053,  36.97098693])"
6409,101843049,"array([-19.95445566,  37.807602  ])"
6410,84476013,"array([-19.90118315,  38.01808454])"
6411,77267065,"array([-19.96205617,  37.25032503])"
6412,96993381,"array([-19.84388157,  37.37777139])"
6413,78184544,"array([-20.89642782,  35.82396608])"
6414,96141420,"array([-21.01338485,  35.64918899])"
6415,96403564,"array([-19.61493223,  37.17877119])"
6416,101843050,"array([-19.58654708,  36.99482752])"
6417,104398957,"array([-19.45174793,  37.10417313])"
6418,102695028,"array([-19.31672915,  37.16561077])"
6419,105906266,"array([-19.39857633,  36.93435808])"
6420,73400422,"array([-18.86057669,  37.91654927])"
6421,104530030,"array([-19.21550594,  36.16216286])"
6422,100270155,"array([-19.68898221,  36.5746796 ])"
6423,90570839,"array([-20.1051911 ,  36.49974154])"
6424,78577756,"array([-19.58154718,  36.42160476])"
6425,80150648,"array([-18.86985342,  36.03407259])"
6426,94503006,"array([-18.99485088,  37.13111979])"
6427,103153758,"array([-19.63858793,  36.19606448])"
6428,74514560,"array([-19.87095908,  36.15878492])"
6429,94175340,"array([-19.79493602,  35.98721736])"
6430,101253221,"array([-20.04657946,  36.79477766])"
6431,78971006,"array([-20.17407101,  36.71532353])"
6432,101318741,"array([-20.32374073,  36.52667454])"
6433,95158374,"array([-20.21836873,  36.34071794])"
6434,74317922,"array([-20.13904354,  35.91068993])"
6435,73400423,"array([-20.35459529,  35.68672399])"
6436,73728093,"array([-20.50233393,  35.79817876])"
6437,74973265,"array([-20.48236903,  35.48595837])"
6438,80150649,"array([-19.9630702 ,  35.53037512])"
6439,84476014,"array([-20.72822456,  36.38451462])"
6440,104530031,"array([-20.54835957,  36.31722105])"
6441,76087401,"array([-21.38683366,  36.20585571])"
6442,100466782,"array([-21.03322304,  36.34770115])"
6443,78577757,"array([-21.14663791,  36.18337522])"
6444,100270156,"array([-21.17437547,  36.35868661])"
6445,95158375,"array([ 5.00320557, 11.59283048])"
6446,100466783,"array([ 4.84538551, 11.59489338])"
6447,76284011,"array([ 6.02595408, 11.4109517 ])"
6448,80150650,"array([ 5.37368005, 11.35831103])"
6449,74317923,"array([ 5.51290422, 11.26874891])"
6450,78839918,"array([ 5.55869397, 11.41825494])"
6451,88604771,"array([ 5.47742199, 12.5541199 ])"
6452,79167580,"array([ 5.32244809, 12.3480045 ])"
6453,78905446,"array([ 4.8779659 , 12.36959789])"
6454,98631773,"array([ 5.50387537, 12.19188115])"
6455,104923266,"array([ 5.15404486, 12.42107028])"
6456,100270157,"array([ 5.40633294, 12.26116073])"
6457,83558498,"array([ 5.69366287, 12.34947872])"
6458,98304099,"array([ 5.47765315, 12.01207685])"
6459,73269359,"array([ 5.28506754, 12.06055059])"
6460,90505334,"array([ 5.07335236, 12.287676  ])"
6461,99352663,"array([ 5.607962  , 12.07849629])"
6462,78577758,"array([ 5.30681576, 12.19713656])"
6463,78119007,"array([ 5.2223007 , 12.27120366])"
6464,78381161,"array([ 5.05934161, 12.52753118])"
6465,86966393,"array([ 5.46964954, 12.42090753])"
6466,100335724,"array([ 5.19146743, 12.14786756])"
6467,77922397,"array([ 5.23752443, 12.59544115])"
6468,77463650,"array([ 5.38313612, 12.11605476])"
6469,83034238,"array([ 5.34943715, 12.44948991])"
6470,104333404,"array([ 5.52768603, 12.33359081])"
6471,100991097,"array([ 5.60337083, 12.27349316])"
6472,75104352,"array([ 5.58563179, 12.43259382])"
6473,101318743,"array([ 5.73608486, 12.48205878])"
6474,99680385,"array([ 5.37137417, 12.77861125])"
6475,84476016,"array([ 6.26620455, 11.59491546])"
6476,73597048,"array([ 6.41796131, 11.34648159])"
6477,95092823,"array([ 5.07822156, 11.05575693])"
6478,104136799,"array([ 5.04822058, 10.62157011])"
6479,94175341,"array([ 5.12585105, 11.99803931])"
6480,104530033,"array([ 4.9755175 , 12.06409587])"
6481,102695029,"array([ 5.4873008 , 11.68054184])"
6482,101843051,"array([ 4.7270255 , 12.93864012])"
6483,101253222,"array([ 4.67834149, 13.11358233])"
6484,104398958,"array([ 4.53850373, 13.01297698])"
6485,94503007,"array([ 3.54009018, 12.39612912])"
6486,77267066,"array([ 3.92831739, 12.88789545])"
6487,101253223,"array([ 3.02229235, 11.24456   ])"
6488,80150651,"array([ 3.1020556 , 11.48082443])"
6489,80019540,"array([ 5.96476948, 11.9919994 ])"
6490,102695030,"array([ 4.13125464, 12.3238988 ])"
6491,94699625,"array([ 3.76023477, 11.79392301])"
6492,73597049,"array([ 4.2311843, 11.7087166])"
6493,76284012,"array([ 3.8967944 , 11.69339094])"
6494,84476017,"array([ 3.72014187, 11.62703313])"
6495,100597863,"array([ 4.32230159, 11.53354744])"
6496,90636407,"array([ 4.41386559, 11.69749789])"
6497,74514561,"array([ 4.63329658, 12.00679188])"
6498,78905447,"array([ 3.87034837, 11.35664587])"
6499,101253224,"array([ 3.77762831, 11.17920009])"
6500,90505335,"array([ 3.61986647, 11.29351707])"
6501,98304100,"array([ 3.4468573, 12.1050776])"
6502,95092824,"array([ 3.29349372, 12.17399037])"
6503,78905448,"array([ 7.73702169, 12.5643592 ])"
6504,94699626,"array([ 7.57532691, 12.63457767])"
6505,80019541,"array([ 6.98960892, 12.96763153])"
6506,102695031,"array([ 6.83625152, 12.82510001])"
6507,104923267,"array([ 6.98952744, 12.80348439])"
6508,100597864,"array([ 6.93764789, 12.64992392])"
6509,94175342,"array([ 6.11632117, 13.56242859])"
6510,78119008,"array([ 6.19220222, 13.78938641])"
6511,78905449,"array([ 7.61537637, 13.4022383 ])"
6512,78119009,"array([5.49569963, 3.74356356])"
6513,94175343,"array([5.61892265, 3.49306842])"
6514,94503008,"array([10.2071044 , 11.48280619])"
6515,78577759,"array([ 9.89505998, 11.48976666])"
6516,100991098,"array([15.62601409, 24.07769493])"
6517,94699627,"array([15.42005734, 24.01029012])"
6518,104923268,"array([15.32363072, 24.35221507])"
6519,101253225,"array([15.69822356, 24.65948794])"
6520,73269360,"array([15.56386929, 24.71021124])"
6521,104530034,"array([14.48310704, 24.21108106])"
6522,98304101,"array([14.66369339, 24.24813013])"
6523,94175344,"array([ -9.46616248, -12.05385893])"
6524,94699628,"array([ -9.66458152, -12.06817158])"
6525,79167581,"array([15.08709022, 24.45402015])"
6526,104530035,"array([20.92190674,  2.81923624])"
6527,98304102,"array([21.06073919,  2.65119285])"
6528,79167582,"array([21.66518778,  1.99870544])"
6529,104923269,"array([21.66902933,  1.80754285])"
6530,100991100,"array([21.89936123,  0.68635977])"
6531,101253226,"array([21.60374227,  0.57422283])"
6532,94175345,"array([21.61670069,  0.88494327])"
6533,94699629,"array([21.56747286,  0.72525298])"
6534,78905450,"array([21.72875711,  0.77768003])"
6535,98304103,"array([21.74960692,  0.55902713])"
6536,80019542,"array([21.98287263,  0.51227679])"
6537,94503009,"array([21.22048726,  0.0819156 ])"
6538,86966394,"array([21.64542159,  0.09261088])"
6539,104333405,"array([21.82953027,  0.08000584])"
6540,101318744,"array([21.83910738,  0.39036353])"
6541,83034239,"array([22.77679995,  0.02820864])"
6542,100597865,"array([23.02528658, -0.1180845 ])"
6543,104136801,"array([22.42359429,  1.31750958])"
6544,100270158,"array([21.86428614,  2.49751076])"
6545,73269362,"array([22.07115   ,  2.37503969])"
6546,78119010,"array([21.96674961,  2.72615282])"
6547,95092825,"array([20.93321978,  0.6425202 ])"
6548,99680386,"array([21.11248779,  0.60033586])"
6549,78119011,"array([21.1164155 ,  1.21872096])"
6550,100597866,"array([21.28785292,  1.13219089])"
6551,100270159,"array([23.04172371,  0.95079401])"
6552,73269363,"array([22.90116469,  0.91512998])"
6553,104333406,"array([ 7.03572043, 47.43553888])"
6554,101318745,"array([ 6.9472487 , 47.66478001])"
6555,78119012,"array([-15.60273912,  -8.74780731])"
6556,83034241,"array([-15.47357565,  -8.88893666])"
6557,104333407,"array([23.42100431, 48.8245336 ])"
6558,104923270,"array([23.6184715 , 48.80894192])"
6559,79167583,"array([-16.00400266,  -8.33274043])"
6560,96141422,"array([-16.1481584 ,  -8.18445286])"
6561,100270160,"array([55.19550246,  5.29448264])"
6562,80019543,"array([55.02594526,  5.25162313])"
6563,101253227,"array([55.59239345,  5.93113398])"
6564,73269364,"array([55.51091254,  6.11072076])"
6565,98304104,"array([55.9403429 ,  6.25205029])"
6566,73400424,"array([55.20997833,  7.1494315 ])"
6567,103153759,"array([55.23584412,  7.2798606 ])"
6568,96075896,"array([55.0512138 ,  5.72160994])"
6569,80019544,"array([54.88208241,  7.57271307])"
6570,74973266,"array([54.68729544,  7.75569835])"
6571,78184545,"array([54.76014475,  6.90188923])"
6572,105906267,"array([54.66587106,  6.81858273])"
6573,73728094,"array([54.64829976,  6.95047549])"
6574,79167584,"array([55.00388655,  6.61076161])"
6575,98304105,"array([54.82238878,  6.56437657])"
6576,96141423,"array([55.03468701,  6.79667852])"
6577,104923271,"array([55.90349494,  6.8452423 ])"
6578,78119013,"array([55.95098255,  7.04640771])"
6579,96403565,"array([56.61895388,  7.67958552])"
6580,78905452,"array([56.60815702,  7.87484976])"
6581,101318746,"array([54.96889583,  8.27901977])"
6582,104333408,"array([55.0468943,  8.398069 ])"
6583,94503010,"array([55.58257523,  7.74771677])"
6584,78577760,"array([55.28814302,  7.63220885])"
6585,83034242,"array([56.13802996,  7.35772227])"
6586,100991101,"array([55.43118814,  7.59426425])"
6587,90636409,"array([55.24133002,  7.74973934])"
6588,100270161,"array([55.41517526,  7.84523864])"
6589,75104353,"array([55.29513058,  7.88038109])"
6590,78971007,"array([55.37638681,  7.71860234])"
6591,83558499,"array([55.51493166,  6.66648076])"
6592,99876957,"array([56.26557487,  7.92411014])"
6593,94699630,"array([55.55960593,  8.0742966 ])"
6594,102695032,"array([54.65067946,  8.04499936])"
6595,95158376,"array([54.52259745,  8.1408457 ])"
6596,99680387,"array([54.4540928,  7.9913209])"
6597,86966395,"array([55.78832525,  7.42295237])"
6598,95092826,"array([54.51075814,  7.66616368])"
6599,73597050,"array([54.61429487,  7.34296829])"
6600,101843052,"array([54.33564105,  8.53950805])"
6601,104398959,"array([54.5090582 ,  8.54442297])"
6602,98304106,"array([54.98694533,  6.29743415])"
6603,74317925,"array([55.54112132,  8.46016672])"
6604,100597867,"array([55.4204292 ,  8.28346261])"
6605,78381162,"array([55.26703105,  8.65493534])"
6606,83034243,"array([55.34507557,  8.86810545])"
6607,78839919,"array([56.03716996,  8.82591317])"
6608,78381163,"array([54.55910863,  9.1436663 ])"
6609,83034244,"array([54.69343783,  8.92511788])"
6610,73400425,"array([54.32937895,  8.1976855 ])"
6611,101253228,"array([52.94963173,  8.64884433])"
6612,96075897,"array([52.79255232,  8.74677883])"
6613,96403566,"array([54.98901338,  9.04911825])"
6614,86966396,"array([53.81371364,  8.0454575 ])"
6615,73269365,"array([53.90741022,  8.24203513])"
6616,96993382,"array([56.1654566 ,  9.45592807])"
6617,76087403,"array([56.33718557,  9.7370832 ])"
6618,104530036,"array([53.49307095,  8.62006605])"
6619,100466784,"array([53.28365727,  8.44653298])"
6620,105906268,"array([52.24686609,  8.94217836])"
6621,76284014,"array([52.45975824,  8.86511994])"
6622,98631774,"array([53.44441124,  9.09672823])"
6623,73597051,"array([52.3266066 ,  7.80290785])"
6624,78905453,"array([52.46416504,  7.97103531])"
6625,95092827,"array([52.38032143,  8.43148034])"
6626,98304107,"array([52.21222394,  8.44157379])"
6627,74317926,"array([52.79890826,  8.2900031 ])"
6628,79167585,"array([52.82114918,  8.07865348])"
6629,73400426,"array([52.88061377,  9.66367355])"
6630,104398960,"array([53.08407078,  9.64515269])"
6631,95158377,"array([52.85233975,  9.31176669])"
6632,78839920,"array([51.82862098,  7.45371761])"
6633,79167586,"array([22.19726234, 25.27162109])"
6634,105906270,"array([22.38044806, 25.46849976])"
6635,105906271,"array([ 9.69355661, 14.98903865])"
6636,96075898,"array([ 9.67851961, 15.19880964])"
6637,96075899,"array([20.80259296, 25.30583841])"
6638,100466785,"array([20.70875996, 25.20141841])"
6639,105906272,"array([1.09019513, 6.41739222])"
6640,78905454,"array([0.95502469, 6.48476292])"
6641,99680388,"array([29.56025832, 29.14184251])"
6642,73269366,"array([29.47054489, 29.48636792])"
6643,73597052,"array([1.22058917, 6.92136342])"
6644,76087404,"array([1.35341332, 7.21650436])"
6645,99876960,"array([10.02563896, 44.90278391])"
6646,96075900,"array([10.0726217 , 45.09851905])"
6647,76087405,"array([10.37029227, 44.67462347])"
6648,95158378,"array([ 8.56834435, 44.81871338])"
6649,86966397,"array([ 8.34970564, 44.87910466])"
6650,101253229,"array([ 9.12972627, 44.52981793])"
6651,74973267,"array([ 9.06675305, 44.77845336])"
6652,104530037,"array([ 9.24726569, 44.68837987])"
6653,98304108,"array([ 8.95555103, 44.60798592])"
6654,78905455,"array([ 9.15257136, 44.07535375])"
6655,95158379,"array([-11.76892301,  35.16028165])"
6656,104530038,"array([-11.98903279,  35.54451657])"
6657,99876961,"array([-11.56015354,  35.39724642])"
6658,74973268,"array([-11.80066904,  35.29176688])"
6659,73728096,"array([-11.42414929,  35.29501058])"
6660,101843053,"array([-11.38875402,  35.42941271])"
6661,96075901,"array([-11.43346921,  35.13335296])"
6662,73400427,"array([-11.86431824,  35.43803573])"
6663,78905456,"array([-11.61238703,  35.2506041 ])"
6664,99680390,"array([-11.50751606,  35.55330125])"
6665,101253230,"array([-11.69685416,  35.39256334])"
6666,105906273,"array([-11.66184425,  35.52873893])"
6667,83034245,"array([-11.52145589,  35.71087425])"
6668,73269367,"array([-11.61571784,  35.0688479 ])"
6669,73597053,"array([-11.77765531,  35.58952905])"
6670,95092828,"array([-11.97524301,  35.11327022])"
6671,76284015,"array([-12.0037235 ,  35.27696772])"
6672,78839921,"array([-11.78464705,  36.63707082])"
6673,98631775,"array([-11.89638245,  35.71871133])"
6674,79167587,"array([-11.6914695 ,  35.72982612])"
6675,82444398,"array([-11.90395137,  34.47557609])"
6676,103153760,"array([-13.67082784,  34.67287645])"
6677,78184546,"array([-12.70884539,  35.74414924])"
6678,100270162,"array([-13.03126983,  35.7468639 ])"
6679,77463651,"array([-12.89834664,  35.97791914])"
6680,100597869,"array([-13.13745812,  36.57231065])"
6681,96993384,"array([-13.95783015,  35.44091005])"
6682,94699631,"array([-13.95745234,  35.12657058])"
6683,77463652,"array([-14.58988066,  34.79241631])"
6684,78184547,"array([-13.98610822,  36.20223556])"
6685,100270163,"array([-14.02457869,  36.59604669])"
6686,96993385,"array([-14.64491112,  36.10613728])"
6687,100597870,"array([-14.82195193,  36.35011425])"
6688,90636410,"array([-14.51143665,  35.50994662])"
6689,101318747,"array([-14.74584646,  35.50959846])"
6690,100991102,"array([-13.97021147,  34.43407057])"
6691,96993386,"array([-14.00969443,  34.17659228])"
6692,78971008,"array([-13.9064706 ,  34.31351658])"
6693,104333410,"array([-14.25985391,  34.50536917])"
6694,73400428,"array([27.31034233, 29.90788185])"
6695,75104354,"array([27.59352037, 29.90453384])"
6696,100270164,"array([-14.72742105,  34.05780819])"
6697,78184548,"array([-14.91396131,  33.93988484])"
6698,73400429,"array([-14.90734284,  34.11737326])"
6699,96141424,"array([-14.79899683,  34.57562247])"
6700,101318748,"array([-14.79300677,  34.78390971])"
6701,90636411,"array([-14.98224964,  34.81172647])"
6702,100597871,"array([-15.06182044,  34.62404344])"
6703,103153761,"array([-14.17140707,  34.04423361])"
6704,73269368,"array([-14.12543492,  32.83222771])"
6705,98631776,"array([-14.47804161,  33.29910752])"
6706,82444399,"array([-15.37708453,  33.87367068])"
6707,78184549,"array([-13.58009046,  31.97394623])"
6708,82444400,"array([-13.35675369,  31.69906482])"
6709,104333411,"array([-14.27288291,  32.65653365])"
6710,100270165,"array([-14.18174547,  32.1666082 ])"
6711,73400430,"array([-13.18375366,  33.37089275])"
6712,100597872,"array([-13.44037558,  33.47366083])"
6713,99680391,"array([-13.83681344,  33.44550481])"
6714,96141425,"array([-12.53415049,  33.09044507])"
6715,94699632,"array([-14.71644074,  32.51420167])"
6716,100597873,"array([-14.17041255,  33.51108747])"
6717,90636412,"array([-15.692577 ,  32.8203586])"
6718,73269369,"array([-15.49180098,  32.89468851])"
6719,75104355,"array([-12.99893267,  31.961824  ])"
6720,96075902,"array([-12.94424476,  31.73180526])"
6721,73597054,"array([-12.78539392,  31.90729457])"
6722,74317929,"array([-13.75498835,  31.46959505])"
6723,76087406,"array([-13.46773154,  31.33632743])"
6724,73597055,"array([-14.57448989,  30.87838949])"
6725,75104356,"array([-14.75555487,  30.88660351])"
6726,96075903,"array([-14.64443059,  31.13628414])"
6727,78184550,"array([-14.81884601,  31.08574462])"
6728,104530039,"array([-14.95234411,  30.91954159])"
6729,101318749,"array([-14.93213222,  31.60377904])"
6730,78381165,"array([-14.7164406 ,  31.57994375])"
6731,73400431,"array([ 13.91192221, -41.2753559 ])"
6732,104202340,"array([ 13.7267274 , -41.28385958])"
6733,77463653,"array([ 13.28533862, -41.29155068])"
6734,100597874,"array([49.40959853, 56.81161552])"
6735,73269370,"array([49.57365142, 56.92085456])"
6736,94503011,"array([2.94263479, 1.77647374])"
6737,102695033,"array([3.08611153, 2.11567946])"
6738,99680392,"array([-4.38957398, 10.83783373])"
6739,101843054,"array([-4.58941069, 10.81464498])"
6740,101253231,"array([48.95128413, 56.46180399])"
6741,73400432,"array([48.59588094, 56.41121145])"
6742,104202341,"array([48.42917909, 56.0544574 ])"
6743,102695034,"array([48.52749686, 56.58478586])"
6744,73597056,"array([48.02673917, 56.05288462])"
6745,101318750,"array([48.25104866, 56.1111267 ])"
6746,75104357,"array([48.29636503, 56.25879096])"
6747,78381166,"array([48.16563679, 56.3051012 ])"
6748,104530040,"array([48.40677329, 56.35566993])"
6749,104333413,"array([48.48262472, 56.23537398])"
6750,78184551,"array([47.92000324, 56.41837887])"
6751,100466786,"array([48.19089886, 56.48171497])"
6752,90636413,"array([48.33811824, 56.4709162 ])"
6753,76087407,"array([47.80060279, 56.77705134])"
6754,100991103,"array([49.16263797, 56.38954218])"
6755,77922398,"array([18.61738861, 25.35923713])"
6756,90505336,"array([18.52586638, 25.08873185])"
6757,99352664,"array([48.66316025, 56.23369119])"
6758,73597057,"array([48.18166113, 56.80422478])"
6759,78184552,"array([48.03564056, 56.6732502 ])"
6760,80150652,"array([49.28457495, 55.87027551])"
6761,100335725,"array([49.43008969, 55.73338528])"
6762,78577761,"array([48.67454271, 55.99531331])"
6763,78577762,"array([49.85346984, 55.5110961 ])"
6764,96993387,"array([-21.16436496,  11.61673443])"
6765,96141426,"array([-21.29231931,  11.34710744])"
6766,95158380,"array([-20.57132141,  12.33910211])"
6767,96403567,"array([-20.53479373,  12.54293265])"
6768,86966399,"array([-20.79217353,  12.30633853])"
6769,98631777,"array([-20.70537008,  12.4994932 ])"
6770,80150653,"array([-20.47348213,  13.06190451])"
6771,74973269,"array([-20.32885131,  13.1665642 ])"
6772,77267068,"array([-20.23113498,  13.00633513])"
6773,82444401,"array([-21.1163127 ,  13.93718786])"
6774,73728098,"array([-20.5799279 ,  13.78238975])"
6775,88604772,"array([-19.98235114,  13.50513022])"
6776,95092829,"array([-20.64650636,  12.8594823 ])"
6777,78577763,"array([-20.83193185,  12.94009998])"
6778,94699633,"array([-20.17194634,  12.49653039])"
6779,96993388,"array([-20.45471436,  14.22543824])"
6780,100335726,"array([-20.3164373 ,  14.09270806])"
6781,74973270,"array([-20.04357168,  13.71759726])"
6782,77267069,"array([-19.74849142,  13.82696564])"
6783,80150654,"array([-20.00062944,  13.88497324])"
6784,78577764,"array([-19.82317359,  13.64675539])"
6785,96993389,"array([-17.8671203 ,  14.01068493])"
6786,96141427,"array([-17.99960172,  13.90194565])"
6787,95158381,"array([-18.31901145,  14.64952619])"
6788,96403568,"array([-17.89654713,  14.24619316])"
6789,86966400,"array([-18.12842717,  14.36181866])"
6790,73728099,"array([-19.28339316,  13.41262956])"
6791,103153763,"array([-18.56994565,  13.90499922])"
6792,94699634,"array([-18.32507049,  14.30312808])"
6793,78119014,"array([-18.50192819,  14.25557855])"
6794,82444404,"array([-19.28312804,  14.37336509])"
6795,99352665,"array([-18.80236812,  14.13831309])"
6796,98631778,"array([-19.19390317,  15.43785751])"
6797,100335728,"array([-18.75104085,  14.63542615])"
6798,98631779,"array([-18.70693708,  14.40369984])"
6799,88604773,"array([-17.88047374,  14.54152773])"
6800,78577765,"array([-17.69429226,  14.45636749])"
6801,77267070,"array([-18.26294495,  13.69460578])"
6802,73728100,"array([-18.12876006,  13.62749826])"
6803,104333414,"array([-18.44986756,  13.38278214])"
6804,74973271,"array([-18.46955894,  13.12756462])"
6805,95158383,"array([-18.12445302,  14.15911696])"
6806,100597875,"array([-18.73964095,  14.91307935])"
6807,105906275,"array([-17.70008103,  14.6447107 ])"
6808,101843055,"array([-18.11454524,  14.69518651])"
6809,96075904,"array([-17.29706472,  13.30538711])"
6810,100270167,"array([-17.42761171,  13.3993214 ])"
6811,99680393,"array([-17.08168415,  14.88654535])"
6812,77463654,"array([-17.63628204,  13.85584615])"
6813,78971010,"array([-17.64727168,  13.21817276])"
6814,73269371,"array([-17.80847011,  13.42336628])"
6815,82444405,"array([-17.20079421,  13.99610761])"
6816,78119015,"array([-16.91409389,  13.1640359 ])"
6817,96403569,"array([-16.81123575,  13.31885563])"
6818,78577766,"array([-16.71156898,  15.07906495])"
6819,86966401,"array([-17.18764383,  12.79180686])"
6820,101843056,"array([-17.23812262,  13.00292118])"
6821,96993390,"array([-16.05750325,  13.82059008])"
6822,96075905,"array([-15.92200595,  13.92768401])"
6823,78119016,"array([-17.83039077,  12.49685467])"
6824,77463655,"array([-17.06891447,  12.13222657])"
6825,95092830,"array([-15.564488  ,  14.16059419])"
6826,96403570,"array([-15.73595224,  14.24366954])"
6827,101843057,"array([-15.82529134,  14.4071727 ])"
6828,86966402,"array([-15.5978691,  14.35007  ])"
6829,73269372,"array([-15.5352467 ,  13.54401893])"
6830,80019546,"array([-15.83661158,  15.18558612])"
6831,104136803,"array([-15.70906761,  15.49561014])"
6832,83558500,"array([-15.74838018,  15.00696801])"
6833,104530041,"array([-15.58050866,  15.11915512])"
6834,101318751,"array([-15.56304644,  15.32363361])"
6835,84476019,"array([-15.89476091,  15.39143138])"
6836,77922399,"array([-15.12258581,  16.07306713])"
6837,90505337,"array([-15.33956699,  16.16221784])"
6838,96993391,"array([-16.47084571,  14.9153446 ])"
6839,105906276,"array([-16.29472719,  14.7004603 ])"
6840,99680394,"array([-15.51796953,  15.52261868])"
6841,77463656,"array([-14.24973923,  15.08934761])"
6842,80019547,"array([-14.51225698,  15.34426562])"
6843,84476021,"array([-14.60423827,  15.15595916])"
6844,78119017,"array([-14.35709648,  15.30223337])"
6845,78577767,"array([-14.21047926,  15.27721238])"
6846,104530042,"array([-14.28862384,  15.48054835])"
6847,77922400,"array([-13.86143628,  14.61996624])"
6848,95092831,"array([-13.71206736,  14.62874884])"
6849,105906277,"array([-13.88907107,  14.41778312])"
6850,86966403,"array([-13.70315617,  14.41846298])"
6851,90505338,"array([-14.02097371,  14.59085173])"
6852,83558501,"array([-13.54565937,  15.145857  ])"
6853,101843058,"array([-13.61209688,  15.30090647])"
6854,96403571,"array([-13.77041649,  15.2814832 ])"
6855,96993392,"array([-13.75822583,  15.87258568])"
6856,96075906,"array([-13.88665594,  15.95266714])"
6857,84476022,"array([-14.38687792,  15.15610583])"
6858,73269373,"array([-13.8695639 ,  15.80150913])"
6859,104923272,"array([-13.70494053,  13.50221728])"
6860,90636414,"array([-13.63576502,  13.23843292])"
6861,94503013,"array([23.21286774, 22.94583721])"
6862,100466787,"array([23.00747533, 23.05494034])"
6863,90505340,"array([-13.23398408,  14.73732089])"
6864,101318752,"array([-13.72547022,  16.25823758])"
6865,99680395,"array([-13.58068395,  16.09244505])"
6866,78119018,"array([-13.42155873,  17.04004156])"
6867,100466788,"array([-13.51895631,  16.80767093])"
6868,104136804,"array([-12.68470938,  14.77953263])"
6869,80019548,"array([-14.14871314,  11.51216884])"
6870,77463657,"array([-14.20127555,  11.32645185])"
6871,78119019,"array([-12.37359619,  12.27433468])"
6872,96993393,"array([-12.3726081 ,  12.46395633])"
6873,96075907,"array([-12.5540497 ,  12.36306223])"
6874,100466789,"array([-12.58558219,  12.58016841])"
6875,73400433,"array([-13.74308842,  13.06553851])"
6876,73269374,"array([-13.43211017,  13.12221751])"
6877,78381167,"array([-13.84556116,  12.57985264])"
6878,102695035,"array([-13.57298562,  13.10735643])"
6879,78184553,"array([-13.67018729,  12.88390751])"
6880,101318753,"array([-13.57545071,  12.7320505 ])"
6881,104530043,"array([-13.43145302,  12.66926805])"
6882,78577768,"array([-13.48884542,  12.86507634])"
6883,96141428,"array([-13.44018827,  12.97921309])"
6884,86966404,"array([-13.29067515,  12.84343875])"
6885,104136805,"array([-13.64780638,  12.36484255])"
6886,98304110,"array([-14.10056713,  12.55424116])"
6887,77922401,"array([-13.77712238,  12.724093  ])"
6888,90505341,"array([-13.61685328,  12.99073338])"
6889,95092832,"array([-13.86476754,  12.94284179])"
6890,83558502,"array([ 62.77252339, -16.97529871])"
6891,100466790,"array([ 62.71909725, -17.18644056])"
6892,101843060,"array([-13.97641286,  13.06185182])"
6893,73597059,"array([ 62.89029423, -16.52304248])"
6894,105906278,"array([36.35751077, -7.2733578 ])"
6895,83558503,"array([36.48916997, -7.1929409 ])"
6896,84476023,"array([36.80265603, -8.08454395])"
6897,94503014,"array([36.03681983, -8.20299555])"
6898,104202343,"array([36.06183772, -7.92415667])"
6899,103153764,"array([35.33541368, -4.92165182])"
6900,82444411,"array([35.22632624, -4.46470791])"
6901,88604774,"array([34.4184134 , -4.62783315])"
6902,99680396,"array([34.04926266, -4.47702763])"
6903,100335729,"array([34.27575871, -4.4523198 ])"
6904,95158384,"array([34.24025079, -4.64443265])"
6905,73400434,"array([34.7303412 , -6.11495741])"
6906,80150656,"array([34.92487375, -6.0362402 ])"
6907,74973272,"array([34.7935975 , -5.98101907])"
6908,98631780,"array([34.60437161, -5.61374385])"
6909,77267071,"array([34.81873249, -5.58765235])"
6910,73728101,"array([35.23532035, -5.60132695])"
6911,100270168,"array([35.38790347, -5.69529257])"
6912,94699635,"array([35.45979497, -6.1048523 ])"
6913,100597876,"array([35.12790391, -6.36927858])"
6914,101253232,"array([36.13535161, -5.17101306])"
6915,99352666,"array([35.97077644, -5.16869945])"
6916,74514562,"array([36.17321509, -5.71652281])"
6917,90505342,"array([35.84546474, -5.50412985])"
6918,78381168,"array([35.69058046, -5.56548885])"
6919,101318754,"array([35.71103369, -5.37448011])"
6920,104923273,"array([35.58091679, -5.46833383])"
6921,73269375,"array([35.17818901, -5.24329639])"
6922,95158385,"array([35.68064206, -5.90608372])"
6923,77267072,"array([35.90889893, -5.82502994])"
6924,88604775,"array([35.86957017, -6.11355575])"
6925,100335730,"array([36.05301522, -6.16519078])"
6926,98631781,"array([35.72305626, -6.94977248])"
6927,73728102,"array([35.59361407, -6.78257468])"
6928,100270169,"array([36.03995474, -6.70770899])"
6929,99352667,"array([35.75044201, -6.67007633])"
6930,100991104,"array([35.9885051 , -6.86590422])"
6931,101253233,"array([36.17089387, -6.78477335])"
6932,84476024,"array([35.55971486, -7.97171441])"
6933,99680397,"array([36.6097988 , -6.03510337])"
6934,103153765,"array([35.74408735, -4.64486211])"
6935,73400435,"array([37.11406412, -6.31468415])"
6936,74973273,"array([36.92494101, -6.37758284])"
6937,102695036,"array([36.29196293, -6.54135254])"
6938,90636415,"array([36.47091283, -6.68521487])"
6939,73269376,"array([35.38980993, -6.34401847])"
6940,78381169,"array([37.62515184, -6.21272704])"
6941,84476025,"array([37.65181282, -5.96479665])"
6942,104923274,"array([37.35052571, -6.52660541])"
6943,101318755,"array([37.05079308, -6.6846607 ])"
6944,90505343,"array([36.72309386, -6.17261876])"
6945,78971012,"array([36.57567323, -6.28685386])"
6946,82444412,"array([35.54244316, -3.74047692])"
6947,96403573,"array([37.38950692, -5.52708946])"
6948,103153766,"array([37.34203679, -5.64958152])"
6949,104136806,"array([37.09486094, -5.63151965])"
6950,78184554,"array([37.22197854, -5.34373937])"
6951,98304111,"array([37.28658064, -5.16038035])"
6952,86966405,"array([37.49938762, -4.73056597])"
6953,99876963,"array([37.29232181, -4.79577579])"
6954,78577769,"array([37.56198544, -5.41339386])"
6955,104202344,"array([38.45346614, -5.18027873])"
6956,73597061,"array([38.26932098, -5.23879316])"
6957,77922403,"array([38.41167084, -5.34910127])"
6958,80150657,"array([35.97589834, -7.17259049])"
6959,104530044,"array([37.90561689, -5.82376819])"
6960,100335731,"array([37.66486422, -5.74821869])"
6961,94699636,"array([37.81828175, -5.57371805])"
6962,88604776,"array([37.8155349 , -5.36226414])"
6963,77267073,"array([38.49674107, -5.81346577])"
6964,95158386,"array([38.31186162, -5.70515156])"
6965,105906279,"array([37.75092441, -5.02251104])"
6966,100270170,"array([38.10203595, -5.05037679])"
6967,73728103,"array([38.00731073, -4.87390043])"
6968,101318756,"array([38.76585838, -5.07939654])"
6969,74514563,"array([38.92020451, -5.11437679])"
6970,100991105,"array([38.68772496, -5.26886382])"
6971,101253234,"array([38.87446928, -5.26945507])"
6972,78971013,"array([38.45913936, -6.69639751])"
6973,104923275,"array([38.40611167, -6.9478933 ])"
6974,80150658,"array([38.20175278, -5.97779095])"
6975,73269377,"array([37.79114831, -4.14669042])"
6976,98631782,"array([37.57208476, -4.32518906])"
6977,90636416,"array([38.79603235, -5.73749635])"
6978,99352668,"array([38.98536434, -5.61769086])"
6979,73400436,"array([38.07670363, -6.26727254])"
6980,105906280,"array([38.36333607, -6.2816991 ])"
6981,74973274,"array([38.23985965, -6.45360114])"
6982,99680398,"array([38.60004269, -6.30672763])"
6983,78119020,"array([38.25270238, -4.82349547])"
6984,80019549,"array([38.4223812 , -4.66350314])"
6985,77463658,"array([38.22154183, -4.64643812])"
6986,96141429,"array([38.37761098, -4.46647764])"
6987,104923276,"array([39.13173253, -4.53758315])"
6988,98631783,"array([39.10335933, -4.7197737 ])"
6989,80150659,"array([38.48720641, -3.56607443])"
6990,100270171,"array([38.43341536, -3.29359236])"
6991,90636417,"array([39.54781563, -5.126936  ])"
6992,95158387,"array([39.427216  , -5.28168922])"
6993,73400437,"array([39.78115152, -4.26630576])"
6994,104530045,"array([39.71544366, -4.46592753])"
6995,73728104,"array([40.35060158, -4.96211551])"
6996,99680399,"array([39.79602442, -5.74650614])"
6997,88604777,"array([39.51816376, -4.16306382])"
6998,74973275,"array([41.58739755, -5.39199277])"
6999,94699637,"array([40.00719284, -4.34502975])"
7000,77922404,"array([40.03344107, -3.85799824])"
7001,77267074,"array([40.04978838, -3.59331633])"
7002,99352669,"array([40.13860103, -3.40285331])"
7003,74973276,"array([40.29920032, -3.5863651 ])"
7004,78119021,"array([40.39883984, -4.03316487])"
7005,80150660,"array([40.24655947, -4.09092987])"
7006,101843061,"array([40.2706017 , -3.87974407])"
7007,100270172,"array([40.10404313, -4.05073645])"
7008,77463659,"array([40.8277075, -3.883207 ])"
7009,84476026,"array([40.16280947, -4.5248384 ])"
7010,86966406,"array([40.32489475, -4.36540067])"
7011,104202345,"array([40.48471938, -4.45794439])"
7012,96141430,"array([39.78015659, -3.85436973])"
7013,99876964,"array([40.02674639, -4.8746149 ])"
7014,78381171,"array([40.30574895, -4.73822355])"
7015,95092833,"array([39.94032124, -4.71764924])"
7016,96075908,"array([40.4924294 , -4.75446868])"
7017,90505344,"array([41.25766867, -4.65194202])"
7018,78184555,"array([41.53804216, -4.6973189 ])"
7019,98304112,"array([41.62709005, -4.51084347])"
7020,104333415,"array([40.73738392, -5.19771322])"
7021,76284016,"array([40.79137143, -4.18581306])"
7022,74317930,"array([40.83915906, -4.36390558])"
7023,78905457,"array([41.02982026, -4.28852159])"
7024,104398961,"array([40.92433526, -4.11200367])"
7025,79167588,"array([40.72396094, -4.72263279])"
7026,75104358,"array([40.93247744, -4.70147964])"
7027,76087408,"array([60.31289613, 16.52255266])"
7028,78839923,"array([60.23267121, 16.14964664])"
7029,104333416,"array([41.14321502, -5.12934247])"
7030,98631784,"array([40.18180791, -5.43334895])"
7031,104923277,"array([40.4736593 , -5.68842898])"
7032,73597062,"array([40.11635422, -5.67135832])"
7033,84476027,"array([40.34160799, -5.54218523])"
7034,79167589,"array([40.35146142, -5.89945324])"
7035,96075909,"array([40.26466287, -6.07920359])"
7036,104398962,"array([40.98780881, -5.47935981])"
7037,78905458,"array([40.87722836, -5.67923238])"
7038,90505345,"array([39.86334356, -5.27389295])"
7039,78184556,"array([39.71171211, -5.42863932])"
7040,76284017,"array([40.88978144, -6.23240833])"
7041,74317932,"array([40.64735398, -6.08400214])"
7042,104202347,"array([40.52401025, -6.73331193])"
7043,75104359,"array([40.68488214, -6.5502603 ])"
7044,99876965,"array([40.74376185, -6.76305375])"
7045,100270173,"array([ 17.40516115, -29.70965161])"
7046,80150661,"array([ 17.65246776, -29.79255473])"
7047,73400438,"array([ 18.99093849, -30.18330152])"
7048,74514564,"array([ 18.76129198, -30.1502679 ])"
7049,78971014,"array([ 18.90879074, -30.01707176])"
7050,103153767,"array([ 18.17671782, -30.36481464])"
7051,78577770,"array([ 18.38868542, -30.280874  ])"
7052,98631785,"array([ 19.4969655 , -29.83421414])"
7053,84476028,"array([ 19.24887746, -29.75468766])"
7054,74973277,"array([ 19.51449   , -30.09123312])"
7055,100991106,"array([ 19.2847888 , -30.01933387])"
7056,76284018,"array([ 19.58038928, -29.49507234])"
7057,104333417,"array([ 19.38616424, -29.47265402])"
7058,90636418,"array([ 20.56426536, -29.52170886])"
7059,96141431,"array([ 20.41174235, -29.68168234])"
7060,101843063,"array([ 20.56652491, -29.65503906])"
7061,78184557,"array([ 20.41793687, -29.54733669])"
7062,80019551,"array([ 20.42716875, -29.39678161])"
7063,77922405,"array([ 20.0465471 , -30.48613138])"
7064,94503016,"array([ 19.87411327, -30.75461009])"
7065,73597063,"array([ 20.27206654, -30.71793988])"
7066,90505346,"array([ 20.32247518, -30.16088488])"
7067,104530046,"array([ 20.00421955, -29.66363044])"
7068,73269379,"array([ 20.20600641, -29.9258977 ])"
7069,94699638,"array([ 20.00426053, -29.88001726])"
7070,100335732,"array([ 20.7785559 , -30.05891076])"
7071,83034246,"array([ 20.62371422, -29.96431998])"
7072,95092834,"array([ 21.14102814, -29.58221103])"
7073,86966407,"array([ 21.13883965, -29.44022277])"
7074,98304113,"array([ 21.28805432, -29.58687058])"
7075,78381172,"array([ 21.34306392, -29.39547877])"
7076,78905459,"array([ 20.98179582, -29.78502302])"
7077,96993394,"array([ 20.82303213, -29.77033607])"
7078,102695037,"array([ 21.27612855, -30.0229856 ])"
7079,73400439,"array([ 21.48849524, -28.91316038])"
7080,82444414,"array([ 21.74993902, -30.40543895])"
7081,100991107,"array([ 20.79612289, -29.33554909])"
7082,95158388,"array([ 21.10344759, -29.04300635])"
7083,74514565,"array([ 21.3006028 , -29.03115545])"
7084,78577771,"array([ 21.63467822, -29.10917204])"
7085,77463660,"array([ 21.4137687 , -29.20205627])"
7086,104333418,"array([ 21.19463599, -28.89382297])"
7087,74973278,"array([ 21.18139749, -29.17659121])"
7088,105906283,"array([ 20.86900097, -29.5802117 ])"
7089,78971015,"array([ 21.65618527, -28.97440166])"
7090,103153768,"array([ 21.94163795, -29.29466769])"
7091,98631786,"array([ 21.89648431, -29.49536178])"
7092,99352670,"array([ 21.79378334, -29.3941074 ])"
7093,76284019,"array([ 21.93200636, -29.69588564])"
7094,90505347,"array([ 22.17237486, -28.84928458])"
7095,100335733,"array([ 22.19561063, -29.00423785])"
7096,77267075,"array([ 21.69394299, -29.74910518])"
7097,99680400,"array([ 21.57287899, -29.83752592])"
7098,99876966,"array([ 21.3235613 , -30.41743895])"
7099,101253235,"array([ 21.34397593, -28.62144755])"
7100,101318757,"array([ 21.46835341, -28.61095348])"
7101,78119022,"array([ 21.36756652, -28.45677564])"
7102,104202350,"array([ 21.52000332, -28.48613694])"
7103,84476029,"array([ 21.57988409, -29.36600209])"
7104,104398963,"array([ 21.57067367, -29.50504816])"
7105,75104360,"array([ 21.60146021, -28.76278862])"
7106,79167590,"array([ 20.96633638, -28.79707969])"
7107,74317933,"array([ 20.95567361, -28.61465308])"
7108,105906284,"array([ 21.70993818, -28.24217578])"
7109,73597064,"array([ 22.04922018, -28.35276906])"
7110,78839925,"array([ 22.01836531, -27.62087881])"
7111,73269380,"array([ 22.04380523, -28.2105549 ])"
7112,104136808,"array([ 21.91043611, -27.87115015])"
7113,80150662,"array([ 21.86446744, -28.36578027])"
7114,104530047,"array([ 20.48397416, -27.93194186])"
7115,96993395,"array([ 20.55354768, -27.66203199])"
7116,99876967,"array([ 20.75707014, -27.85398453])"
7117,77922406,"array([ 20.28393475, -27.68409881])"
7118,100991108,"array([ 21.19218469, -28.21062074])"
7119,96141432,"array([ 21.05000037, -28.31679761])"
7120,78184558,"array([ 21.116456  , -28.00766888])"
7121,102695038,"array([ 21.93064273, -28.67840179])"
7122,94699639,"array([ 21.2045388 , -27.20335904])"
7123,96403574,"array([ 21.38422222, -27.36059663])"
7124,94503017,"array([ 21.73123584, -27.36005675])"
7125,96075910,"array([ 21.65285475, -27.84397522])"
7126,80019552,"array([ 21.17178097, -27.4570177 ])"
7127,104333419,"array([ 21.79422075, -28.81554784])"
7128,100466793,"array([ 21.84694902, -28.99841655])"
7129,74317934,"array([ 21.98567222, -28.89975678])"
7130,99680401,"array([ 22.3872485 , -28.62124687])"
7131,83034247,"array([ 22.19573139, -28.24480401])"
7132,105906285,"array([ 23.58782426, -28.55467966])"
7133,104530048,"array([ 22.20397047, -29.59299205])"
7134,99876968,"array([ 22.12542241, -29.37942947])"
7135,96993396,"array([ 22.08494835, -29.12239075])"
7136,74973279,"array([ 22.38056678, -29.10314203])"
7137,78839926,"array([ 22.4293826, -30.2434037])"
7138,95092835,"array([ 22.30831228, -29.30116809])"
7139,100991110,"array([ 21.48981144, -28.10848568])"
7140,102695039,"array([ 23.46975322, -28.76809479])"
7141,99352671,"array([ 23.14006106, -28.90604873])"
7142,77922407,"array([ 23.01480339, -28.80832527])"
7143,80150663,"array([ 23.3558142 , -30.75524087])"
7144,74514566,"array([ 23.47626922, -31.11739737])"
7145,75104361,"array([ 23.20089988, -29.45658254])"
7146,100466794,"array([ 23.07330328, -29.70330257])"
7147,73400440,"array([ 22.8771502 , -29.40242096])"
7148,78839927,"array([ 22.7686784 , -29.79829686])"
7149,104530049,"array([ 22.54027558, -28.94387231])"
7150,76284020,"array([ 22.83751557, -27.78663233])"
7151,104398964,"array([ 22.55954686, -28.17984623])"
7152,100270174,"array([ 22.54223937, -27.98312634])"
7153,84476030,"array([ 22.7111693 , -28.10064142])"
7154,90636419,"array([ 22.65696464, -28.46564607])"
7155,96403576,"array([ 22.80041415, -28.49389346])"
7156,96993397,"array([ 22.3660866, -27.4485128])"
7157,80019553,"array([ 22.73089428, -28.68617213])"
7158,103153769,"array([ 23.33064789, -28.55617649])"
7159,78971016,"array([ 23.16062822, -28.49832001])"
7160,96993398,"array([ 23.02424559, -28.21592546])"
7161,75104362,"array([ 23.1939847 , -28.19276934])"
7162,80150664,"array([ 22.99370649, -28.07578653])"
7163,74514567,"array([ 23.18081385, -28.03161397])"
7164,78839928,"array([ 24.29249369, -27.70889072])"
7165,98631787,"array([ 23.67078247, -28.29843608])"
7166,100335734,"array([ 23.50067177, -28.18867008])"
7167,78577772,"array([ 23.90029285, -29.08730541])"
7168,74317935,"array([ 24.00239734, -29.30106963])"
7169,104530050,"array([ 23.11144288, -27.32931331])"
7170,90505348,"array([ 22.93999423, -27.47917609])"
7171,78119023,"array([ 23.30231297, -27.68337594])"
7172,73597065,"array([ 23.47539969, -27.85547579])"
7173,96075911,"array([ 23.75749926, -27.74486602])"
7174,94699640,"array([ 23.94661487, -27.62945944])"
7175,82444415,"array([ 22.80052286, -26.81814812])"
7176,76087410,"array([ 25.6978072 , -28.32162681])"
7177,86966408,"array([ 25.38059408, -28.38780777])"
7178,104333420,"array([ 23.96520828, -28.11461231])"
7179,99876969,"array([ 24.00436005, -28.27913393])"
7180,100466795,"array([ 24.1402332 , -28.10791571])"
7181,76284021,"array([ 24.26384661, -28.27024709])"
7182,73400441,"array([ 23.51691756, -27.42612077])"
7183,104923278,"array([ 23.83106603, -28.72100807])"
7184,82444416,"array([ 23.71125894, -26.72810338])"
7185,80150665,"array([ 23.9251901 , -27.41735483])"
7186,96403577,"array([ 25.2160868 , -26.74782349])"
7187,78184559,"array([ 25.01006487, -26.98805227])"
7188,90636420,"array([ 24.56127908, -28.02840602])"
7189,99352672,"array([ 24.61464932, -29.33392105])"
7190,75104363,"array([ 24.43393398, -29.41167015])"
7191,96993399,"array([ 24.66405631, -29.51681573])"
7192,78119024,"array([ 25.14454731, -27.60831434])"
7193,73269381,"array([ 24.89192596, -27.65756477])"
7194,94503018,"array([ 24.9315252 , -28.85344646])"
7195,98631788,"array([ 24.40579063, -28.73667381])"
7196,104202352,"array([ 24.79028225, -28.58270674])"
7197,99680402,"array([ 25.23996441, -29.44102269])"
7198,74514568,"array([ 25.49820036, -29.47266286])"
7199,74973280,"array([ 25.30678957, -29.22102095])"
7200,77267076,"array([ 24.94353189, -30.26941222])"
7201,99876970,"array([ 26.51215867, -30.23363201])"
7202,104530051,"array([ 26.4811532 , -29.94044147])"
7203,101843064,"array([ 24.45738811, -29.81425175])"
7204,104333421,"array([ 25.33121148, -30.17810864])"
7205,84476031,"array([ 26.08896746, -30.05460049])"
7206,73400442,"array([ 25.90095325, -30.06337974])"
7207,96141433,"array([ 25.99782492, -30.23705565])"
7208,104136809,"array([ 24.56862622, -30.54382353])"
7209,95092836,"array([ 27.29918254, -30.72661943])"
7210,96075912,"array([ 27.5750253 , -30.90259051])"
7211,83558505,"array([-1.63775917,  9.39204029])"
7212,78381173,"array([-1.81131547,  9.57226892])"
7213,96075913,"array([17.39321778,  7.8076326 ])"
7214,74317936,"array([17.25225573,  7.77751509])"
7215,95092837,"array([17.59743502,  7.24221021])"
7216,99876971,"array([17.44780627,  7.03419593])"
7217,94699641,"array([17.4201454 ,  7.39723408])"
7218,73597066,"array([39.62144693, 25.57421222])"
7219,104333422,"array([39.74278717, 25.46266793])"
7220,86966409,"array([-15.37939753,  -5.11335203])"
7221,100270175,"array([-15.36568714,  -5.29693475])"
7222,78119025,"array([26.02825247, 10.78906445])"
7223,77463662,"array([25.9912957 , 11.00198439])"
7224,80019554,"array([25.84456052, 10.8331222 ])"
7225,94503019,"array([16.85041994,  8.86372466])"
7226,105906286,"array([16.96764793,  8.62798721])"
7227,90505350,"array([17.23870224,  8.03075073])"
7228,95158389,"array([40.56974356, 26.18589186])"
7229,74514569,"array([40.41978143, 26.21346759])"
7230,73269382,"array([40.36903861, 26.36208377])"
7231,101843065,"array([40.57949337, 26.3899673 ])"
7232,101253236,"array([39.99246755, 25.88153107])"
7233,74973281,"array([39.92531125, 26.08330695])"
7234,102695040,"array([39.75277549, 25.90988019])"
7235,99680403,"array([39.38621296, 26.26642866])"
7236,96993400,"array([39.20688621, 26.34258818])"
7237,105906287,"array([40.42484762, 25.34520079])"
7238,104398965,"array([40.50400181, 25.48482999])"
7239,99876973,"array([40.5372179, 25.2325757])"
7240,76087411,"array([40.72225776, 25.3793581 ])"
7241,94503020,"array([41.42890338, 22.84026673])"
7242,96075914,"array([41.5150056 , 23.02499416])"
7243,94699643,"array([42.00809415, 22.57671331])"
7244,100991112,"array([42.12967901, 22.80859534])"
7245,104923280,"array([40.68464869, 23.77800228])"
7246,95092838,"array([40.82994726, 23.70441776])"
7247,90505351,"array([40.34651297, 24.29510381])"
7248,74317937,"array([40.50068746, 24.27607496])"
7249,73269383,"array([39.85503608, 24.84299137])"
7250,104333423,"array([40.14397491, 24.67645577])"
7251,74514570,"array([40.98718921, 24.69441439])"
7252,77463663,"array([41.46402472, 24.1266562 ])"
7253,74776689,"array([41.65281709, 24.11034826])"
7254,86966410,"array([37.95509161, 25.54860446])"
7255,100270176,"array([38.09610951, 25.53582811])"
7256,94699644,"array([37.9860996 , 25.36803668])"
7257,74514571,"array([38.41219665, 25.82731584])"
7258,74776690,"array([38.30905656, 25.89512946])"
7259,77463664,"array([38.30304673, 26.00953317])"
7260,104923281,"array([38.46930233, 25.93136664])"
7261,95092839,"array([38.42896865, 26.04855142])"
7262,76087412,"array([ 37.75321878, -20.64865368])"
7263,104398966,"array([ 37.81783468, -20.40782491])"
7264,95158390,"array([38.26510192, 25.11411749])"
7265,96075915,"array([36.57956406, 25.0862141 ])"
7266,100991113,"array([36.72888991, 25.20240684])"
7267,105906289,"array([37.31781546, 25.46385908])"
7268,99876974,"array([37.45347232, 25.58863424])"
7269,73269384,"array([37.75666928, 25.33822329])"
7270,104333424,"array([37.94710272, 24.98001926])"
7271,73597067,"array([37.9351725 , 26.08104495])"
7272,101843066,"array([38.57247813, 26.75377494])"
7273,96993401,"array([37.75603381, 26.25346039])"
7274,101843067,"array([37.71319016, 26.01167184])"
7275,90505352,"array([37.52589074, 26.47777306])"
7276,74973282,"array([37.34629049, 26.58102113])"
7277,74317938,"array([37.24176439, 26.25882166])"
7278,78381174,"array([37.23179781, 25.1273523 ])"
7279,104530052,"array([37.6104719 , 24.66059007])"
7280,98304114,"array([37.98192451, 24.34668348])"
7281,96993402,"array([36.98230971, 24.76739427])"
7282,74514572,"array([36.8501713 , 24.59417472])"
7283,76087413,"array([36.48488888, 25.80448853])"
7284,74317939,"array([36.75947566, 25.71723653])"
7285,105906290,"array([26.46073803, 25.29968912])"
7286,83558506,"array([26.66626224, 25.14825259])"
7287,104333425,"array([26.36440843, 25.04310388])"
7288,104398967,"array([26.57572086, 24.89443925])"
7289,94503022,"array([26.31357323, 24.74112578])"
7290,100270177,"array([26.43560389, 25.99614025])"
7291,104530053,"array([26.43176226, 26.19136082])"
7292,76087414,"array([-12.83997762,  -7.92642393])"
7293,78381175,"array([-12.46356961,  -7.70480641])"
7294,73597068,"array([-12.19237626,  -7.47817561])"
7295,74317940,"array([-12.36251602,  -7.40675213])"
7296,95158391,"array([-11.8905504 ,  -6.96353826])"
7297,96075916,"array([-11.76186292,  -7.06588904])"
7298,94503023,"array([33.95759963, -1.10558066])"
7299,98304115,"array([33.66226972, -1.10963596])"
7300,94699645,"array([33.79010444, -1.30164532])"
7301,74514573,"array([11.42855878, 23.14575749])"
7302,83558507,"array([11.2980723 , 23.02764924])"
7303,101843068,"array([40.5908164 , 31.73163474])"
7304,74317941,"array([40.6039293, 31.8912214])"
7305,94699647,"array([40.46363061, 31.87718011])"
7306,73400443,"array([40.3812733, 31.7250333])"
7307,77922408,"array([40.82144411, 32.36428804])"
7308,84476032,"array([40.91977923, 32.1878558 ])"
7309,103153770,"array([40.37928303, 32.78427086])"
7310,78577773,"array([40.41683946, 32.53836454])"
7311,94503024,"array([41.2637921 , 30.63463603])"
7312,74973284,"array([41.16830521, 30.8965288 ])"
7313,104202353,"array([42.29137683, 30.07914316])"
7314,77267077,"array([42.25300968, 29.91483952])"
7315,74514574,"array([42.60132365, 29.92854713])"
7316,100270178,"array([42.51099959, 30.21103128])"
7317,83558508,"array([42.55251924, 29.79168053])"
7318,98304116,"array([42.55792801, 30.09658386])"
7319,78446688,"array([42.66554008, 30.20516537])"
7320,104398969,"array([42.40492516, 29.92588459])"
7321,104923282,"array([40.46152135, 30.67654923])"
7322,105906292,"array([40.59043344, 30.57516637])"
7323,95092840,"array([40.6941005 , 30.67436068])"
7324,96141434,"array([40.76964015, 30.92782122])"
7325,86966411,"array([40.41651775, 30.81138341])"
7326,100991114,"array([40.68607579, 30.81040054])"
7327,78381176,"array([40.33906196, 30.72074161])"
7328,95158392,"array([40.44605567, 30.93027184])"
7329,76087415,"array([40.23261285, 30.58308593])"
7330,74776691,"array([40.57237334, 30.7525392 ])"
7331,99876975,"array([40.44775446, 30.54393157])"
7332,77463665,"array([40.27239742, 30.87161429])"
7333,90505353,"array([40.66398341, 31.00087724])"
7334,78184560,"array([40.33617435, 31.05223054])"
7335,104530054,"array([40.53329061, 31.02843718])"
7336,101318758,"array([40.57226689, 30.86586082])"
7337,79167592,"array([41.53009106, 31.8277582 ])"
7338,96075917,"array([41.82822979, 31.34078459])"
7339,73597069,"array([41.70030109, 31.82448715])"
7340,78119026,"array([41.82562208, 31.15532605])"
7341,96993403,"array([41.36857423, 31.7521145 ])"
7342,80150666,"array([41.697485  , 31.64749287])"
7343,100466796,"array([41.51733368, 31.65762162])"
7344,90636421,"array([41.64980933, 32.09481614])"
7345,83034248,"array([41.92975154, 31.81188614])"
7346,80019555,"array([41.3827919 , 31.53598117])"
7347,102695041,"array([41.37847294, 32.03169494])"
7348,75104364,"array([41.61302425, 31.5083512 ])"
7349,103153771,"array([41.15607401, 31.69672126])"
7350,78577774,"array([42.07940915, 32.20060816])"
7351,98631789,"array([42.20844053, 31.10845981])"
7352,99352673,"array([42.07808509, 30.98541726])"
7353,104136810,"array([41.68426633, 32.58757228])"
7354,101253237,"array([41.25986026, 31.17348065])"
7355,76284024,"array([41.55980732, 30.3409493 ])"
7356,104333426,"array([41.31104536, 30.13654598])"
7357,96403579,"array([41.62729953, 30.0559081 ])"
7358,103153772,"array([41.80973889, 30.7145265 ])"
7359,84476033,"array([42.03904302, 30.59302979])"
7360,94699648,"array([41.92204686, 30.27928783])"
7361,101843069,"array([43.08292772, 28.99576945])"
7362,73400444,"array([42.89637658, 29.01939419])"
7363,77922409,"array([42.93177064, 29.22860836])"
7364,100335736,"array([42.81225705, 28.55175763])"
7365,74317942,"array([42.68524953, 28.64441011])"
7366,88604779,"array([44.55143258, 29.1277158 ])"
7367,79167593,"array([44.44435833, 29.3560835 ])"
7368,83034249,"array([44.68283172, 29.82362439])"
7369,80019556,"array([44.25091902, 29.41043477])"
7370,90636422,"array([44.41418521, 29.16023654])"
7371,78577775,"array([44.62731818, 29.50398001])"
7372,96993404,"array([44.90511065, 29.34667947])"
7373,100466797,"array([44.58666394, 29.2966976 ])"
7374,78971017,"array([44.81196266, 29.13589814])"
7375,100991115,"array([43.11714274, 28.58738145])"
7376,76087416,"array([43.13811321, 28.34594418])"
7377,82444418,"array([44.20514896, 29.00425367])"
7378,83034250,"array([44.25210244, 29.20949558])"
7379,105906293,"array([43.89024756, 29.1148928 ])"
7380,80150667,"array([19.08526764, 46.13492422])"
7381,102695042,"array([18.91973321, 46.03495262])"
7382,95158393,"array([42.25821463, 28.28727846])"
7383,99680404,"array([42.69628291, 28.05640796])"
7384,75104365,"array([18.36001271, 45.83382556])"
7385,74776692,"array([18.40536913, 46.03431847])"
7386,78446689,"array([20.35322602, 46.59823778])"
7387,78577776,"array([20.04322425, 46.45347895])"
7388,104923283,"array([19.67122208, 44.91406085])"
7389,73597070,"array([19.8347311 , 45.59876071])"
7390,90505354,"array([19.49282924, 44.32395969])"
7391,96141436,"array([19.3968221 , 44.02479537])"
7392,101318759,"array([20.29115116, 47.25579   ])"
7393,99680405,"array([20.34730328, 47.13016019])"
7394,78184561,"array([20.4491385 , 47.41143289])"
7395,100991116,"array([20.51603173, 47.26028577])"
7396,86966412,"array([20.26976159, 47.42680196])"
7397,104530055,"array([19.86256971, 46.9710763 ])"
7398,104202354,"array([20.64379781, 46.83554787])"
7399,78381178,"array([21.35190992, 47.18843512])"
7400,99876976,"array([21.4198933 , 47.00035055])"
7401,104530056,"array([20.60119702, 46.48250549])"
7402,78577777,"array([20.97122732, 45.77311678])"
7403,96141437,"array([21.30094763, 45.90857501])"
7404,75104366,"array([21.01293612, 46.13760434])"
7405,90505355,"array([20.79327053, 46.01203656])"
7406,104530057,"array([ 0.30107233, 11.72841389])"
7407,73597071,"array([ 0.28132013, 11.98743263])"
7408,86966413,"array([2.73288455e-03, 1.18448779e+01])"
7409,100991117,"array([4.40592779, 6.54025542])"
7410,101318760,"array([4.22556116, 6.39430246])"
7411,78446691,"array([24.01803395, 13.20234503])"
7412,75104367,"array([24.1661912 , 13.34421054])"
7413,75104368,"array([20.76732476, 48.31168809])"
7414,101318761,"array([20.42956442, 48.4681458 ])"
7415,78184562,"array([20.96178125, 48.37699007])"
7416,104923284,"array([20.83962231, 48.52648513])"
7417,78446692,"array([20.63271873, 48.64154223])"
7418,73597072,"array([20.13642408, 48.81340404])"
7419,86966414,"array([19.92627268, 48.8476292 ])"
7420,78577778,"array([18.95860352, 48.99245681])"
7421,99680406,"array([18.8260228 , 48.91286242])"
7422,99876977,"array([18.75346815, 49.07931401])"
7423,104202355,"array([18.93819711, 49.16943408])"
7424,96141439,"array([20.10567963, 49.04382715])"
7425,101318762,"array([18.52627681, 49.29278967])"
7426,78446693,"array([18.4752559 , 49.11407005])"
7427,104136812,"array([18.206528  , 49.23835044])"
7428,100991119,"array([59.54175853, 37.78510678])"
7429,86966415,"array([59.35056883, 37.77944773])"
7430,74776693,"array([59.45984321, 37.58668788])"
7431,73597073,"array([61.16460245, 36.83323465])"
7432,104530059,"array([61.29406899, 36.45910991])"
7433,104202356,"array([60.9114647 , 36.48986663])"
7434,75104369,"array([60.92594717, 36.76444632])"
7435,90505356,"array([61.12509082, 36.65859792])"
7436,80150668,"array([59.40179938, 36.45669223])"
7437,77463668,"array([59.51096575, 36.54938391])"
7438,78184563,"array([59.76081274, 36.33545242])"
7439,78381179,"array([59.55317749, 36.42517205])"
7440,76087417,"array([59.17155516, 36.03591845])"
7441,99680407,"array([59.48229971, 36.27305924])"
7442,102695043,"array([59.53891909, 36.1617486 ])"
7443,78446695,"array([59.58361501, 35.87373406])"
7444,100466798,"array([59.38940833, 36.19234477])"
7445,103153773,"array([59.65137629, 36.54303862])"
7446,78119027,"array([59.40162049, 36.59729837])"
7447,83558509,"array([59.55682836, 36.71068077])"
7448,104136813,"array([59.94767692, 36.20066122])"
7449,101843070,"array([59.46599556, 36.3605516 ])"
7450,83034251,"array([59.6620985 , 36.41127552])"
7451,104398970,"array([59.7083773 , 36.21460891])"
7452,101318763,"array([59.26885304, 36.24378843])"
7453,78577779,"array([59.27722426, 36.50367268])"
7454,73400445,"array([59.32741823, 36.34793299])"
7455,96141440,"array([59.81220703, 36.50168269])"
7456,105906294,"array([59.60657859, 36.29280291])"
7457,95092841,"array([59.98720674, 37.13197008])"
7458,74317943,"array([59.819677  , 37.26217284])"
7459,73597074,"array([58.95506479, 36.99400458])"
7460,90505357,"array([59.06474954, 36.87853708])"
7461,78446696,"array([58.72152201, 36.43047472])"
7462,95092842,"array([60.27715784, 37.35559807])"
7463,96993405,"array([60.42687133, 37.53126946])"
7464,78446697,"array([59.12221804, 36.39392636])"
7465,100991120,"array([60.59752457, 50.59946839])"
7466,79167595,"array([60.43250289, 50.65723037])"
7467,73597075,"array([59.15382778, 35.70052466])"
7468,74776694,"array([59.33310271, 35.68898253])"
7469,86966416,"array([59.33477044, 36.93608521])"
7470,74317944,"array([60.28627088, 36.91997756])"
7471,79167596,"array([61.25768434, 34.76340258])"
7472,74317945,"array([61.17155468, 34.91655829])"
7473,96993406,"array([61.36573217, 34.90638359])"
7474,95092843,"array([60.91793223, 35.25298655])"
7475,75104370,"array([60.80308243, 35.4040586 ])"
7476,86966417,"array([55.97079907, 35.74658179])"
7477,74776695,"array([55.86675427, 35.61488768])"
7478,79167597,"array([55.15022038, 35.75558632])"
7479,95092844,"array([55.06811161, 35.59367605])"
7480,96993407,"array([55.22873271, 36.30448027])"
7481,74317946,"array([55.19104653, 36.46931718])"
7482,104202357,"array([55.29979992, 36.57434737])"
7483,99680408,"array([55.3555392 , 36.41521631])"
7484,84476034,"array([54.66272184, 36.92759173])"
7485,88604780,"array([56.0833748 , 36.24262775])"
7486,99352674,"array([56.20376758, 36.09285349])"
7487,100335737,"array([56.42201384, 36.231429  ])"
7488,95158394,"array([56.3013136 , 36.34314188])"
7489,96075918,"array([55.70182597, 37.19512351])"
7490,73269388,"array([55.62492201, 37.4498848 ])"
7491,90505358,"array([56.57978629, 37.09830211])"
7492,100991121,"array([56.49244616, 36.89792463])"
7493,90636423,"array([55.42445041, 35.57053202])"
7494,78119028,"array([55.46089625, 34.86117426])"
7495,83558510,"array([55.58292988, 35.14112561])"
7496,101843071,"array([57.39462184, 36.15868312])"
7497,80150669,"array([57.06345198, 36.17530461])"
7498,102695044,"array([55.34529403, 38.0960733 ])"
7499,78184564,"array([56.71931716, 34.47506222])"
7500,86966418,"array([56.53362922, 34.40976912])"
7501,74776696,"array([56.32822394, 35.0186291 ])"
7502,80150670,"array([54.75406118, 36.10791095])"
7503,101843072,"array([54.98304548, 36.14931734])"
7504,83558511,"array([54.85837046, 36.31828323])"
7505,99680410,"array([55.96719978, 36.45006593])"
7506,88604781,"array([56.00887641, 33.92672148])"
7507,95092845,"array([55.76164151, 33.68430476])"
7508,101843073,"array([56.10508631, 33.68895812])"
7509,95158395,"array([57.73292735, 30.9340791 ])"
7510,73269389,"array([57.8920029 , 30.99663111])"
7511,95092846,"array([57.79358846, 30.76813916])"
7512,96075919,"array([58.01254091, 30.79689433])"
7513,88604782,"array([56.64476554, 30.38403226])"
7514,79167598,"array([56.63134139, 30.63535455])"
7515,74317947,"array([56.84505623, 30.59119479])"
7516,99680412,"array([57.37529201, 30.76348682])"
7517,88604783,"array([58.01201251, 31.51464935])"
7518,86966419,"array([57.80735905, 31.4278478 ])"
7519,95092847,"array([-1.55339905,  2.15909651])"
7520,95158396,"array([-1.25829863,  2.23827331])"
7521,84476035,"array([ 0.74188531, -0.28397491])"
7522,96075920,"array([ 1.00061175, -0.42114037])"
7523,104202358,"array([0.91451374, 0.02087744])"
7524,79167599,"array([ 0.81747343, -0.50591077])"
7525,98631790,"array([ -7.14454933, -18.96151688])"
7526,90505359,"array([ -7.30393579, -18.7391675 ])"
7527,83558512,"array([ -6.5638016 , -19.76935219])"
7528,95092848,"array([ -6.66109275, -19.30144899])"
7529,101318764,"array([ -6.94115668, -20.60294496])"
7530,96075921,"array([ -6.94584048, -20.35524208])"
7531,80019557,"array([ -6.51361358, -21.43560316])"
7532,78971018,"array([ -6.31990809, -21.22347679])"
7533,90505360,"array([ -6.04490229, -20.35983906])"
7534,100466799,"array([ -5.86800481, -20.50098183])"
7535,104202359,"array([ -6.6798027 , -21.29879788])"
7536,101253238,"array([ -6.29046845, -20.37183432])"
7537,76284025,"array([ -6.43607521, -20.33935847])"
7538,98304117,"array([ -5.88464627, -20.33941644])"
7539,96403580,"array([ -5.67901994, -21.5000597 ])"
7540,105906295,"array([ -5.80894533, -19.56859503])"
7541,100270179,"array([ -5.85564197, -19.785087  ])"
7542,104333427,"array([ -5.93749508, -20.97197889])"
7543,94503025,"array([ -4.11860084, -20.95329001])"
7544,74973285,"array([ -4.1607734 , -21.18722955])"
7545,79167600,"array([ -4.88127922, -21.21277091])"
7546,77267078,"array([ -4.89216193, -21.37302504])"
7547,96075922,"array([ -4.62277567, -21.06568857])"
7548,94699649,"array([ -5.54055881, -21.18617376])"
7549,103153774,"array([ -7.74680133, -19.96051885])"
7550,78446698,"array([ -7.49852323, -20.02336379])"
7551,84476036,"array([ -5.40263406, -20.61240805])"
7552,100270180,"array([ -5.78079872, -21.87097152])"
7553,104333428,"array([ -5.95485946, -21.84815579])"
7554,105906296,"array([ -6.0035431 , -22.00459009])"
7555,90505361,"array([ -5.84001494, -22.05053273])"
7556,82444419,"array([ -4.99960913, -19.94536036])"
7557,103153775,"array([ -4.74946571, -21.94082407])"
7558,100991122,"array([ -4.70495755, -22.18448394])"
7559,94503026,"array([ -4.94760148, -22.46860086])"
7560,101253239,"array([ -3.77360895, -22.57948073])"
7561,98304118,"array([ -3.88972204, -22.44277849])"
7562,74317949,"array([ -3.70010183, -22.41725469])"
7563,78446700,"array([ -3.57107186, -21.82277005])"
7564,88604785,"array([ -3.36559916, -21.37067726])"
7565,101318765,"array([ -3.20442237, -21.43613252])"
7566,95092849,"array([ -3.1735814 , -21.30134215])"
7567,73400446,"array([ -3.22773022, -21.17497095])"
7568,83558513,"array([ -3.07075061, -20.83384228])"
7569,74973286,"array([ -3.34805357, -21.23779394])"
7570,99876978,"array([ -3.18496569, -20.71416488])"
7571,101843075,"array([30.85940448, 26.8133249 ])"
7572,77463669,"array([30.64199321, 26.92164818])"
7573,78381180,"array([ -3.19594299, -19.62515397])"
7574,76087418,"array([ -2.97339082, -19.08862059])"
7575,77922411,"array([31.26356539, 26.60325765])"
7576,104398971,"array([ -3.3291212 , -19.44229182])"
7577,74514575,"array([ -2.67958731, -20.19380139])"
7578,104136814,"array([ -2.34257481, -19.84533401])"
7579,96993408,"array([ -2.18152556, -21.84784905])"
7580,96141441,"array([ -2.16218681, -21.6919416 ])"
7581,73269390,"array([ -2.35983434, -21.70742719])"
7582,100335738,"array([ -2.39714069, -22.7660509 ])"
7583,99352675,"array([ -2.25351275, -22.94086387])"
7584,80150671,"array([ -2.21782051, -20.76034715])"
7585,74776698,"array([ -1.98421719, -20.66573039])"
7586,86966420,"array([ -2.81853931, -23.18532974])"
7587,75104371,"array([ -2.80088704, -22.98910385])"
7588,88604786,"array([ -0.40927596, -22.62983987])"
7589,74973287,"array([ -0.64058802, -22.74183885])"
7590,78119030,"array([ -1.47265443, -23.16547392])"
7591,101318766,"array([ -1.75147933, -22.64812263])"
7592,78184565,"array([ -2.19882962, -23.37377826])"
7593,78577781,"array([ -2.31084064, -23.57107101])"
7594,73400448,"array([ -1.37011321, -23.59679801])"
7595,75104372,"array([ -1.53266432, -23.62226396])"
7596,80150672,"array([ -1.27681359, -23.76755756])"
7597,73597076,"array([ -1.46329577, -23.77414951])"
7598,88604787,"array([ -2.75929265, -24.16771997])"
7599,83034252,"array([ -0.69933843, -23.94685565])"
7600,90636424,"array([ -1.20977009, -24.42534658])"
7601,99680413,"array([ -1.3797764 , -24.32784372])"
7602,73597077,"array([ -0.50203261, -24.60121358])"
7603,73269391,"array([ -0.38578854, -24.69272429])"
7604,74514576,"array([32.33131186, 35.97429105])"
7605,101318767,"array([32.14492783, 35.91285645])"
7606,104202360,"array([32.33820823, 35.76840172])"
7607,94503027,"array([ -1.60633402, -25.37069726])"
7608,100991123,"array([ -1.47252143, -24.89313993])"
7609,99352676,"array([ 8.93576525, 31.18742278])"
7610,100335739,"array([ 8.75016607, 31.22484532])"
7611,101843076,"array([ 9.1209438 , 31.49750724])"
7612,104136815,"array([ 9.43075472, 31.35274056])"
7613,96993409,"array([10.05615957, 32.49308303])"
7614,75104373,"array([ 9.87184317, 32.58459852])"
7615,94503028,"array([11.4139499 , 21.62027867])"
7616,100991124,"array([11.71342239, 21.7738049 ])"
7617,90636425,"array([ 9.03693342, 33.28798549])"
7618,99680414,"array([ 9.21456161, 33.28343441])"
7619,103153776,"array([ 8.91594204, 33.95917625])"
7620,100466801,"array([ 8.91915859, 33.8076731 ])"
7621,98631792,"array([ 9.30302384, 32.33799041])"
7622,84476037,"array([ 9.22195257, 32.49920507])"
7623,78381181,"array([ 7.98845678, 32.43523514])"
7624,100270181,"array([ 8.60217551, 32.67358916])"
7625,99876979,"array([ 7.94793029, 32.62923411])"
7626,74317950,"array([ 9.77085138, 33.22471809])"
7627,101253240,"array([ 9.81515308, 33.39083804])"
7628,76284027,"array([ 9.37151734, 32.79598092])"
7629,98304119,"array([ 9.14667504, 32.85552588])"
7630,104136816,"array([ 9.60413586, 34.21858927])"
7631,101843077,"array([ 9.34599645, 33.67905272])"
7632,96993410,"array([10.59378775, 33.54871772])"
7633,99352677,"array([10.76974613, 33.62040434])"
7634,100335740,"array([22.59869133, 51.19160815])"
7635,90636427,"array([22.7013759 , 50.93919877])"
7636,100270182,"array([2.49364346, 4.15169633])"
7637,94503029,"array([2.68768378, 4.12148775])"
7638,98631793,"array([2.59092294, 4.42705664])"
7639,100335741,"array([22.85277954, 50.56228109])"
7640,78381182,"array([28.34206957, 12.04037777])"
7641,105906297,"array([28.55573588, 11.93779593])"
7642,99876980,"array([28.5742074 , 12.21009494])"
7643,78119031,"array([27.45295481, 12.37943786])"
7644,74973288,"array([27.45428084, 12.55100779])"
7645,73400449,"array([27.66274588, 12.44547631])"
7646,90636428,"array([26.92777492, 12.7917794 ])"
7647,100335742,"array([26.7314431 , 12.87749142])"
7648,80150673,"array([1.8165989 , 3.75446813])"
7649,78577782,"array([1.9555211 , 3.83726759])"
7650,99876981,"array([28.3573456 , 11.63971349])"
7651,88604788,"array([-29.78672071,  52.41476934])"
7652,78184566,"array([-29.50900472,  52.62156793])"
7653,77922413,"array([-1.14754972,  1.28339386])"
7654,74776699,"array([-1.3597331 ,  1.25945284])"
7655,96075923,"array([29.44788674, 27.43185036])"
7656,86966421,"array([29.15245857, 27.3117216 ])"
7657,95092850,"array([-13.33160609,  65.21863787])"
7658,102695046,"array([-13.4901782 ,  65.31922197])"
7659,80150674,"array([-13.93074945,  65.32612862])"
7660,83558515,"array([-13.76354685,  65.28860834])"
7661,79167602,"array([28.66991076, 27.14698585])"
7662,78446702,"array([-13.02288584,  65.44542457])"
7663,83034254,"array([-13.18634643,  65.54806607])"
7664,96141442,"array([-14.5503857 ,  65.18645193])"
7665,96141443,"array([-13.19438063,  64.76016909])"
7666,104398972,"array([-13.02480669,  64.60198059])"
7667,80019559,"array([  1.94603054, -19.48947212])"
7668,76087419,"array([  1.72506304, -19.44984458])"
7669,75104375,"array([  2.0873271 , -19.60320898])"
7670,83558516,"array([  1.90473854, -19.69466152])"
7671,84476039,"array([52.97719631,  2.51020937])"
7672,105906298,"array([52.9769122 ,  2.14874661])"
7673,100335743,"array([53.16219407,  2.08311498])"
7674,99876982,"array([52.91843171,  1.97496483])"
7675,78381183,"array([52.76975677,  2.6851443 ])"
7676,73597079,"array([52.64960912,  2.09441703])"
7677,74514577,"array([52.53928857,  2.32188339])"
7678,76284028,"array([52.44556552,  2.15116145])"
7679,100991125,"array([52.32016936,  2.3111006 ])"
7680,74317951,"array([52.7131821 ,  2.28395868])"
7681,96141444,"array([52.04136819,  1.83390327])"
7682,96075924,"array([52.04791106,  1.98428433])"
7683,103153777,"array([52.8110016 ,  1.37755484])"
7684,78577783,"array([53.43824516,  1.29760572])"
7685,90636429,"array([53.55139671,  1.85859485])"
7686,101253241,"array([53.41199164,  1.6285006 ])"
7687,73269392,"array([53.36297164,  1.82744255])"
7688,101318768,"array([53.14200546,  1.5824906 ])"
7689,98631794,"array([53.1284528 ,  1.78888759])"
7690,104136818,"array([53.72241577,  0.96680665])"
7691,100466802,"array([53.46202134,  2.24522836])"
7692,99680415,"array([53.58987363,  2.43686929])"
7693,78184567,"array([51.75042556,  3.21491246])"
7694,88604789,"array([51.48393236,  3.17216408])"
7695,104398973,"array([52.41535887,  1.66440706])"
7696,98304120,"array([52.7899056 ,  0.99008405])"
7697,79167603,"array([51.69449302,  0.70086847])"
7698,83034255,"array([51.80684234,  0.83459063])"
7699,80150675,"array([51.70307609,  3.49218719])"
7700,77463671,"array([51.91224525,  3.52587391])"
7701,102695047,"array([51.97083402,  3.29844735])"
7702,73400450,"array([51.55721911,  0.91460151])"
7703,88604790,"array([51.56236695,  1.09784988])"
7704,78446703,"array([51.264611 ,  2.1802873])"
7705,74776700,"array([51.24514487,  1.88611069])"
7706,77922414,"array([-12.31925907, -10.17883592])"
7707,86966422,"array([-12.55209483,  -9.94947948])"
7708,100270183,"array([-12.08773755, -10.13754927])"
7709,74973289,"array([-12.20247671, -10.01271663])"
7710,95158399,"array([-11.97030556,  -9.92298124])"
7711,78119032,"array([-11.65284671,  -9.97684878])"
7712,78446704,"array([-12.06622933, -10.40915525])"
7713,96141445,"array([-11.87529954, -10.28212151])"
7714,90505362,"array([-0.86828582, 50.06041865])"
7715,96403581,"array([-0.79597296, 49.83778476])"
7716,104333429,"array([ 11.37342336, -24.05281309])"
7717,96075925,"array([ 11.42287042, -23.7053165 ])"
7718,77267079,"array([ 11.68399864, -23.88090039])"
7719,94699650,"array([ 11.1039402 , -22.93350042])"
7720,78971019,"array([ 10.98418927, -22.76719466])"
7721,78184568,"array([ 10.52307771, -22.15612505])"
7722,98304121,"array([ 10.68041351, -22.15134496])"
7723,77463672,"array([ 10.08396037, -21.39909897])"
7724,96403582,"array([ 10.2266212 , -21.57126566])"
7725,90505363,"array([ 10.5824252 , -19.84814736])"
7726,78381184,"array([ 10.62603762, -20.11237722])"
7727,94503034,"array([  8.31547055, -19.76627463])"
7728,101253242,"array([  8.55614133, -20.54470065])"
7729,101843078,"array([  8.4518956 , -20.45282086])"
7730,80150676,"array([  8.14881797, -20.96011963])"
7731,98304122,"array([  8.28064249, -20.91810541])"
7732,78971020,"array([  8.63732864, -20.32143182])"
7733,83034256,"array([  8.29178317, -20.5226617 ])"
7734,78184569,"array([  8.64401235, -20.83295634])"
7735,105906299,"array([  8.59997514, -21.02606963])"
7736,88604791,"array([  8.28891062, -21.06962039])"
7737,96075926,"array([  8.40394504, -21.01696492])"
7738,104333430,"array([  8.39540902, -20.80951796])"
7739,73269393,"array([  8.49406177, -21.13475934])"
7740,101318769,"array([  8.38814665, -21.20610938])"
7741,76087420,"array([  8.14175454, -21.16078133])"
7742,98631795,"array([  8.13633282, -20.79573961])"
7743,75104376,"array([  8.29888051, -20.17866131])"
7744,103153778,"array([  8.3678889 , -20.62214217])"
7745,73400451,"array([  8.27548245, -20.37995274])"
7746,74317952,"array([  8.41364145, -20.3243941 ])"
7747,94699651,"array([  9.75192072, -20.1456012 ])"
7748,74514578,"array([  8.50743228, -20.19718102])"
7749,104136819,"array([  7.91688379, -20.59052516])"
7750,90636430,"array([  8.51320564, -20.90948944])"
7751,100335744,"array([  8.1369978 , -20.54821577])"
7752,102695048,"array([  9.57653075, -21.11193722])"
7753,76284029,"array([  9.43988835, -20.42493142])"
7754,95092851,"array([  9.56365467, -20.60125818])"
7755,82444420,"array([  8.12709996, -21.60720561])"
7756,78381185,"array([  9.20040816, -19.87898015])"
7757,90505364,"array([  8.96964806, -20.03389211])"
7758,77267080,"array([  9.03533485, -21.669509  ])"
7759,73597080,"array([  8.86729649, -21.54174556])"
7760,78577784,"array([  8.85151008, -21.81538968])"
7761,84476040,"array([  9.1514836, -20.7784457])"
7762,83558517,"array([  8.98092518, -20.85235116])"
7763,78119033,"array([  9.55796918, -19.64170841])"
7764,104398974,"array([  9.71712555, -19.52319634])"
7765,94503035,"array([  7.55174839, -20.23638117])"
7766,96141446,"array([  8.80534377, -19.20274902])"
7767,74973290,"array([  9.05593692, -19.31139504])"
7768,77922415,"array([  8.84213739, -19.43748626])"
7769,86966423,"array([  7.76249252, -18.63722574])"
7770,100270184,"array([  7.76989154, -18.8624984 ])"
7771,78381186,"array([  7.4536942 , -18.76018198])"
7772,90505365,"array([  7.74111659, -19.04942638])"
7773,79167605,"array([  7.60117189, -18.9061865 ])"
7774,80150677,"array([24.82783574, 21.60356972])"
7775,101253243,"array([24.64906274, 21.40336403])"
7776,95158400,"array([  7.31975649, -19.32449128])"
7777,84476041,"array([  8.67306836, -18.2693356 ])"
7778,83558518,"array([  8.49719574, -18.47938162])"
7779,104136820,"array([  6.49296633, -18.81427358])"
7780,75104377,"array([  6.86955882, -18.6339401 ])"
7781,73400452,"array([  6.10000956, -17.78095895])"
7782,78184570,"array([  6.24252325, -17.69536544])"
7783,78577785,"array([  6.10276894, -17.54780734])"
7784,96075927,"array([  6.38782979, -17.74758646])"
7785,76087421,"array([  5.91816637, -17.63046101])"
7786,77267081,"array([  6.06803666, -18.14459319])"
7787,104333431,"array([  6.32696865, -18.15848957])"
7788,74514580,"array([  6.24571065, -18.35556785])"
7789,98631796,"array([  6.24243526, -17.92492462])"
7790,88604792,"array([  6.22681607, -17.42214371])"
7791,101843079,"array([  6.56930294, -17.57303329])"
7792,74776701,"array([  6.60386226, -17.37690453])"
7793,78446705,"array([  6.7436367 , -17.47619694])"
7794,80019560,"array([  5.96289492, -16.92848646])"
7795,105906300,"array([  6.11005613, -16.90305218])"
7796,77922416,"array([  5.67823886, -18.62866394])"
7797,74973291,"array([  5.58797655, -18.76295641])"
7798,79167606,"array([  6.81152602, -16.77835689])"
7799,100270185,"array([  6.84392697, -16.96526802])"
7800,78381187,"array([  7.60366912, -17.25984857])"
7801,90505366,"array([  7.55927288, -17.00488133])"
7802,94699652,"array([  5.47600602, -16.56346994])"
7803,102695049,"array([  5.44424307, -17.98067801])"
7804,100335745,"array([  5.61638332, -17.83030161])"
7805,101253244,"array([  5.314822  , -17.26185888])"
7806,95158401,"array([  5.27214086, -17.02212896])"
7807,77463673,"array([  5.03898122, -17.29858763])"
7808,74317953,"array([  5.028555  , -17.03567098])"
7809,80150678,"array([  5.13566749, -17.17816924])"
7810,86966424,"array([  4.81380815, -17.268128  ])"
7811,100991126,"array([  5.14296289, -17.92364952])"
7812,78446706,"array([  5.20283348, -17.77308695])"
7813,83558519,"array([  5.54971032, -17.14913099])"
7814,75104378,"array([  5.58409055, -16.94434882])"
7815,84476042,"array([  4.02196362, -16.81194813])"
7816,104136821,"array([  3.75449773, -16.76212931])"
7817,103153779,"array([  6.40804486, -15.80935451])"
7818,101318770,"array([  6.51996754, -15.69145232])"
7819,83034257,"array([  6.41186268, -15.57428525])"
7820,73269394,"array([  6.2590698 , -15.56930721])"
7821,78971021,"array([  6.07407003, -15.65851226])"
7822,73597081,"array([  6.22930301, -15.8583707 ])"
7823,99876984,"array([  6.72454722, -14.59920731])"
7824,98304123,"array([  6.6444144 , -14.85857401])"
7825,78446707,"array([40.57651627,  2.94656608])"
7826,77463674,"array([40.43013493,  3.12678827])"
7827,80019561,"array([40.75413969,  3.54436733])"
7828,82444422,"array([40.9283131 ,  3.21174748])"
7829,90636432,"array([40.65522646,  3.37550132])"
7830,77922417,"array([40.30016753,  3.5893921 ])"
7831,105906301,"array([40.80973482,  5.45224278])"
7832,98304124,"array([40.5358994 ,  5.23871357])"
7833,88604793,"array([41.27901725,  4.48127659])"
7834,78184571,"array([41.3660025 ,  4.65619955])"
7835,77267082,"array([41.07961153,  4.90521444])"
7836,74514581,"array([41.21616408,  4.61335901])"
7837,102695050,"array([40.50546228,  4.10127999])"
7838,86966425,"array([44.48435108,  6.31763214])"
7839,102695051,"array([44.36059708,  6.25483791])"
7840,98631797,"array([45.15806112,  3.74941987])"
7841,74317955,"array([45.33687778,  3.73055722])"
7842,84476043,"array([39.53169346,  3.18075832])"
7843,96403584,"array([38.65524203,  2.64094   ])"
7844,74973292,"array([38.91828359,  2.6931264 ])"
7845,73269395,"array([38.82530646,  2.47028744])"
7846,101253245,"array([43.35960876,  5.78616746])"
7847,95158402,"array([42.36071137,  5.24907191])"
7848,104333432,"array([44.01276079,  5.79216581])"
7849,75104379,"array([43.82684498,  5.84161756])"
7850,100991127,"array([45.48470284,  5.01662821])"
7851,101253246,"array([45.92848338,  3.63954913])"
7852,80150679,"array([45.65464595,  4.94085122])"
7853,99876985,"array([45.29185763,  5.55501108])"
7854,96141448,"array([45.25712876,  5.85911784])"
7855,74776702,"array([45.13048244,  5.66807458])"
7856,104398975,"array([45.07762066,  5.48310208])"
7857,78381188,"array([44.95744161,  5.67621564])"
7858,104136822,"array([45.72933319,  5.25536244])"
7859,88604794,"array([46.33374299,  4.40656104])"
7860,95158403,"array([46.59866818,  4.45986987])"
7861,84476044,"array([46.37804208,  4.23101852])"
7862,74514582,"array([47.00544786,  4.19386513])"
7863,78184572,"array([46.91330607,  4.34156365])"
7864,77922418,"array([44.7017019 ,  4.54890006])"
7865,77267083,"array([45.09056869,  4.52358604])"
7866,94699653,"array([45.86037373,  4.354791  ])"
7867,82444423,"array([47.13991684,  4.72965299])"
7868,104333433,"array([46.50242277,  3.78318024])"
7869,77463675,"array([46.35108957,  3.8188888 ])"
7870,78446708,"array([46.70706413,  3.84685749])"
7871,98304125,"array([46.51103102,  3.95361126])"
7872,90636433,"array([46.82190485,  5.1133475 ])"
7873,76087423,"array([46.9750681 ,  5.37184584])"
7874,90505367,"array([46.04697536,  4.1068042 ])"
7875,80019562,"array([45.90986321,  3.98899583])"
7876,86966426,"array([46.21503537,  4.76123727])"
7877,75104380,"array([47.01230195,  3.39108515])"
7878,100335746,"array([46.58329855,  4.83873721])"
7879,96403585,"array([46.59901109,  3.15144729])"
7880,74973293,"array([46.45478445,  3.19196242])"
7881,105906302,"array([46.9074438 ,  3.54030499])"
7882,73400453,"array([46.23330335,  2.7359177 ])"
7883,96075928,"array([46.43299183,  2.63161946])"
7884,100270186,"array([46.27793272,  2.57890125])"
7885,79167607,"array([46.40866307,  2.77069264])"
7886,78119034,"array([46.6521273,  2.1402374])"
7887,76284030,"array([46.51765499,  2.19018381])"
7888,95092852,"array([47.16880489,  2.30223686])"
7889,73269396,"array([47.57215847,  2.20471664])"
7890,99876986,"array([45.90198627,  3.01319864])"
7891,96141449,"array([45.89537952,  2.80649821])"
7892,104136823,"array([45.35033509,  2.87818956])"
7893,74776703,"array([45.75152829,  2.74815288])"
7894,101843080,"array([47.1965763 ,  2.73414869])"
7895,77267084,"array([45.18180227,  1.22831619])"
7896,104333434,"array([45.16416708,  1.02660106])"
7897,78446709,"array([45.32798849,  1.05398376])"
7898,80019563,"array([45.75368909,  1.35607285])"
7899,98304126,"array([45.49555859,  2.19703712])"
7900,88604795,"array([45.31865173,  2.07829175])"
7901,100991128,"array([45.43243774,  1.41973389])"
7902,86966427,"array([45.61704863,  1.42941721])"
7903,101318772,"array([45.4061924 ,  1.18170127])"
7904,90505368,"array([45.50880642,  1.52641384])"
7905,77922419,"array([45.49394826,  1.25063964])"
7906,102695052,"array([45.69072034,  1.02915333])"
7907,76087424,"array([45.84190227,  1.11426833])"
7908,74317956,"array([45.57295318,  0.958742  ])"
7909,104398976,"array([45.79116186,  0.92059733])"
7910,80150680,"array([45.51878475,  1.09963442])"
7911,95158404,"array([45.42041624,  0.8983763 ])"
7912,98631798,"array([45.68109706,  1.19808317])"
7913,94699654,"array([45.35852508,  1.29189781])"
7914,104136824,"array([45.57468539,  3.16245946])"
7915,100335747,"array([45.24140636,  1.42029789])"
7916,90636434,"array([45.59654466,  1.312747  ])"
7917,78971022,"array([45.50705784,  0.54066692])"
7918,73597082,"array([45.65392212,  0.45091696])"
7919,103153780,"array([4.54121699e+01, 3.57582091e-02])"
7920,83034258,"array([45.26130688, -0.17165728])"
7921,78577786,"array([4.46030523e+01, 4.10828884e-02])"
7922,82444425,"array([44.75542918,  1.43219079])"
7923,96403586,"array([46.21043108,  0.9745608 ])"
7924,78381189,"array([46.14519248,  0.79517156])"
7925,94503037,"array([46.40597594,  0.77097512])"
7926,80150681,"array([46.30619585, -0.57101277])"
7927,78446710,"array([46.1350915, -0.3638087])"
7928,78119035,"array([46.35318074, -0.34369119])"
7929,73597083,"array([46.13707866,  0.14856214])"
7930,76284031,"array([46.64634972,  0.48606817])"
7931,99876987,"array([46.97643047,  0.51476559])"
7932,77922420,"array([46.72246402, -0.37830042])"
7933,80019564,"array([46.89628526, -0.064869  ])"
7934,101318773,"array([ 4.66184134e+01, -4.21617846e-03])"
7935,90505369,"array([46.71336339, -0.88286197])"
7936,78184573,"array([47.05722538, -1.61658754])"
7937,75104381,"array([47.21837759, -1.67220881])"
7938,100991129,"array([24.77251356, 30.09165692])"
7939,82444426,"array([25.2612109 , 30.11295587])"
7940,94503038,"array([46.9611127 , -2.54132681])"
7941,101318774,"array([46.80217516, -2.28635073])"
7942,80019565,"array([46.72161588, -2.08660959])"
7943,77922421,"array([46.50659244, -1.15478495])"
7944,78381190,"array([46.57750651, -1.35207549])"
7945,74514583,"array([46.05423449, -1.1698156 ])"
7946,82444427,"array([10.61622635, 16.2631781 ])"
7947,100991130,"array([10.43477137, 16.71360908])"
7948,73269397,"array([47.30621041, -0.90346772])"
7949,98631799,"array([46.48411372, -2.42248226])"
7950,95158406,"array([46.60325262, -2.55270947])"
7951,94699655,"array([46.77483413, -1.13174946])"
7952,90636435,"array([45.96641403, -2.97364299])"
7953,74776704,"array([4.26584993, 3.21461144])"
7954,100335748,"array([4.42833016, 3.30877074])"
7955,79167608,"array([4.44937512, 3.10835903])"
7956,90636436,"array([37.4889145 ,  5.19830462])"
7957,95158407,"array([37.48852171,  5.39221248])"
7958,101318775,"array([47.28935667, -3.09848186])"
7959,98304129,"array([47.52457679, -3.14496177])"
7960,78971023,"array([47.95891954, -3.28741722])"
7961,94503039,"array([47.39033884, -3.4634023 ])"
7962,79167609,"array([25.92914338, 42.97938496])"
7963,82444428,"array([26.20799489, 43.35121912])"
7964,95158408,"array([25.34765422, 43.02625554])"
7965,90636437,"array([25.53674698, 42.94151335])"
7966,76087426,"array([24.77559344, 43.43247814])"
7967,75104382,"array([25.03590231, 43.21163588])"
7968,100335749,"array([25.00781203, 43.45255608])"
7969,74776705,"array([25.21627437, 43.29753142])"
7970,73400454,"array([25.43469853, 42.65597869])"
7971,96075929,"array([25.29087346, 42.77324116])"
7972,100270187,"array([25.57711966, 42.74375857])"
7973,77267085,"array([25.66036602, 43.14705945])"
7974,104333435,"array([25.5162732 , 43.30481191])"
7975,76284032,"array([25.83841491, 43.56510964])"
7976,74514584,"array([25.66202733, 43.56141633])"
7977,104398977,"array([25.67220872, 43.78640716])"
7978,78119037,"array([25.86237328, 43.1567333 ])"
7979,80150682,"array([26.40290511, 42.43408807])"
7980,96141451,"array([26.00189734, 42.65910014])"
7981,99876988,"array([26.19125565, 42.62640685])"
7982,100991131,"array([24.41866147, 42.69358314])"
7983,78446712,"array([24.74836483, 42.70871432])"
7984,96403587,"array([26.26813951, 42.95468141])"
7985,80019566,"array([26.67053635, 42.84755844])"
7986,74317957,"array([26.45781499, 42.81081649])"
7987,102695053,"array([26.49113021, 42.98601155])"
7988,84476046,"array([26.04118448, 42.06648046])"
7989,101318776,"array([26.14497837, 42.23910018])"
7990,104136825,"array([25.89528966, 41.88342782])"
7991,98304130,"array([25.03023379, 41.92594006])"
7992,73269398,"array([24.71832453, 41.75561607])"
7993,76087427,"array([26.40276066, 42.15766207])"
7994,75104383,"array([26.58634029, 42.27398357])"
7995,100335750,"array([26.58933296, 42.07846205])"
7996,74776706,"array([26.4583373 , 42.31532716])"
7997,98631800,"array([25.7389965 , 41.44215432])"
7998,96141452,"array([25.59926091, 42.35972449])"
7999,98631801,"array([25.4458411 , 42.16320784])"
8000,99876989,"array([25.77913493, 42.27561122])"
8001,90505370,"array([25.79364507, 42.45991813])"
8002,78184574,"array([26.5215401 , 44.06458669])"
8003,78577788,"array([26.66495146, 44.31071759])"
8004,77922422,"array([26.27594804, 44.0709185 ])"
8005,77463677,"array([26.58687862, 43.66146384])"
8006,101843081,"array([26.73280225, 43.8173015 ])"
8007,104202364,"array([26.89592895, 43.85944011])"
8008,88604796,"array([26.40269295, 43.83819032])"
8009,78381191,"array([26.89337127, 44.07560027])"
8010,73400455,"array([26.77976798, 43.17538402])"
8011,100270188,"array([26.86877156, 43.3809246 ])"
8012,78971024,"array([27.26716914, 42.41481929])"
8013,96075930,"array([27.00848015, 42.46946773])"
8014,95158409,"array([27.22561149, 43.03698936])"
8015,94699656,"array([27.34340589, 42.78053217])"
8016,73269399,"array([27.41165451, 43.07869958])"
8017,82444429,"array([27.55125821, 43.47775742])"
8018,96141453,"array([27.93865274, 42.35623451])"
8019,99876990,"array([27.78944556, 42.39554018])"
8020,98304131,"array([26.27567903, 27.42345212])"
8021,83034259,"array([26.50322211, 27.4057046 ])"
8022,105906303,"array([27.66520135, 42.88383694])"
8023,90636438,"array([27.95573351, 43.08119037])"
8024,77922423,"array([27.83476243, 42.86382222])"
8025,104398978,"array([27.01281273, 42.73062954])"
8026,74514585,"array([26.8129594, 42.5983088])"
8027,88604797,"array([27.72917969, 43.15092142])"
8028,98304132,"array([26.96960117, 43.00635255])"
8029,77463679,"array([26.64867563, 41.5877181 ])"
8030,98631802,"array([26.96415002, 41.55216515])"
8031,95092853,"array([27.01228474, 41.67777033])"
8032,90505371,"array([27.26071418, 41.34192507])"
8033,100991132,"array([26.97626183, 41.36916256])"
8034,79167610,"array([27.405075  , 41.41575952])"
8035,78577789,"array([26.49690034, 41.42945183])"
8036,94699657,"array([26.85284744, 41.46520257])"
8037,74973294,"array([27.2339502 , 41.68845439])"
8038,78119038,"array([26.84552145, 41.60355884])"
8039,78446713,"array([27.20335178, 41.45008108])"
8040,101253247,"array([27.05970621, 41.48085231])"
8041,76284033,"array([27.28105347, 41.15225521])"
8042,103153781,"array([26.83704297, 41.32203599])"
8043,73597084,"array([26.98583736, 41.23839513])"
8044,101843082,"array([27.12310374, 41.57462514])"
8045,74317958,"array([27.2825776 , 41.54339003])"
8046,80019567,"array([27.11606764, 41.34249408])"
8047,73269400,"array([27.15106808, 41.24151184])"
8048,83034260,"array([27.04482649, 41.11663497])"
8049,94503040,"array([26.89965849, 40.97799216])"
8050,78381192,"array([26.88493401, 41.19135686])"
8051,95158410,"array([26.67405061, 41.10491982])"
8052,96403589,"array([26.73070909, 41.41463453])"
8053,100270189,"array([26.90039631, 42.1668138 ])"
8054,73400456,"array([26.8362263 , 41.78294178])"
8055,82444430,"array([27.3443897, 40.7117436])"
8056,104398979,"array([27.49941291, 42.23006067])"
8057,101318777,"array([27.62221785, 42.14360784])"
8058,74776707,"array([27.56245876, 42.42709593])"
8059,75104384,"array([27.89732281, 41.19174242])"
8060,100270190,"array([28.16235077, 41.4016965 ])"
8061,77267086,"array([27.913108 , 41.5128161])"
8062,96075931,"array([28.27240234, 41.29531641])"
8063,78119039,"array([27.62460703, 41.25746128])"
8064,100991134,"array([28.15276541, 39.63001091])"
8065,78446714,"array([28.01379758, 39.29162917])"
8066,74317959,"array([28.74531225, 41.03249195])"
8067,77463680,"array([28.74407856, 41.19796579])"
8068,83034261,"array([28.6042919 , 41.01034898])"
8069,78381193,"array([28.9776104 , 40.93587601])"
8070,73269401,"array([28.51838461, 41.38509229])"
8071,90636439,"array([28.49528987, 42.95043838])"
8072,96403590,"array([28.50070523, 42.53459409])"
8073,95092854,"array([28.76717423, 42.63001325])"
8074,77267087,"array([30.53824343, 41.69241208])"
8075,77398017,"array([30.30459175, 41.5786891 ])"
8076,76611591,"array([28.64306681, 42.11353249])"
8077,96337923,"array([28.69181914, 41.94923467])"
8078,103022592,"array([28.45934217, 42.01540332])"
8079,75104385,"array([28.13780095, 41.76815855])"
8080,101843083,"array([29.3330488 , 42.56570244])"
8081,88997897,"array([28.93755624, 41.90422584])"
8082,83361792,"array([29.20591846, 42.02771356])"
8083,72744960,"array([28.96106018, 42.08781659])"
8084,93978624,"array([29.09706823, 42.19951701])"
8085,101318778,"array([29.40635136, 41.48009158])"
8086,95092855,"array([29.55592988, 41.42390096])"
8087,104398980,"array([29.34280772, 41.2554878 ])"
8088,78971025,"array([29.25167763, 41.4411256 ])"
8089,96403591,"array([29.60318659, 41.20813429])"
8090,84476047,"array([28.80745755, 40.75056787])"
8091,105906304,"array([28.63815657, 40.6195782 ])"
8092,100859904,"array([29.43528069, 40.79521307])"
8093,101843084,"array([29.18272079, 40.66021623])"
8094,90636440,"array([29.29829942, 40.77581533])"
8095,100991135,"array([29.33940006, 40.65255955])"
8096,96141454,"array([29.30478003, 40.92814602])"
8097,78446715,"array([29.17616685, 40.49043306])"
8098,99876991,"array([29.35387566, 40.50613058])"
8099,103153782,"array([29.15302995, 40.83701188])"
8100,73597085,"array([28.87805817, 40.49414059])"
8101,94503041,"array([28.84087468, 39.96574035])"
8102,95158411,"array([28.92307186, 40.17531684])"
8103,80150683,"array([30.67154273, 40.82153   ])"
8104,77463681,"array([29.89660834, 40.33886684])"
8105,80019568,"array([30.21367384, 40.2767055 ])"
8106,86966428,"array([29.82918578, 40.55844639])"
8107,94961664,"array([30.06487454, 40.72338584])"
8108,96337924,"array([29.95868726, 40.88397484])"
8109,76611592,"array([29.55457584, 40.07248713])"
8110,74317960,"array([29.74643468, 40.03669491])"
8111,77267088,"array([29.62388883, 39.63077574])"
8112,77398018,"array([29.38391809, 39.73980948])"
8113,103022593,"array([29.43867727, 39.48421395])"
8114,100270191,"array([29.78562764, 39.23321559])"
8115,98631803,"array([30.28186703, 39.30877925])"
8116,88604798,"array([30.64617334, 39.17368541])"
8117,95092856,"array([30.40810941, 39.11718174])"
8118,101318779,"array([30.24641284, 38.1031973 ])"
8119,78971026,"array([30.32810255, 37.92630941])"
8120,104398981,"array([30.34775017, 36.75375176])"
8121,73269402,"array([30.3295889 , 37.02150647])"
8122,80019569,"array([29.7536578 , 38.58851579])"
8123,80150684,"array([29.69928248, 38.428291  ])"
8124,98631804,"array([29.65911307, 37.8570091 ])"
8125,101843085,"array([29.77297551, 37.70190795])"
8126,95158412,"array([29.19266165, 38.2310086 ])"
8127,74317961,"array([29.43098328, 38.2160172 ])"
8128,73597086,"array([30.47334924, 38.32071482])"
8129,83361793,"array([30.60818534, 38.08645462])"
8130,95092857,"array([30.73734783, 37.58397082])"
8131,77463682,"array([26.64003193,  9.57716946])"
8132,86966429,"array([26.47113995,  9.43841817])"
8133,84476048,"array([16.5533712, 67.0255066])"
8134,88997898,"array([16.3301542, 66.9416084])"
8135,93978625,"array([16.02469052, 66.42574893])"
8136,80019570,"array([16.50367203, 67.61403908])"
8137,104202365,"array([16.26784121, 67.4027289 ])"
8138,105906305,"array([17.00521638, 66.82049895])"
8139,73400457,"array([-3.60026307,  5.37647998])"
8140,103153783,"array([-3.69018277,  5.57627349])"
8141,100335751,"array([-3.20937696,  5.7162344 ])"
8142,102695054,"array([-3.39515356,  5.76042258])"
8143,94699658,"array([-3.17728796,  6.41805731])"
8144,78184575,"array([-2.97156112,  6.23765679])"
8145,76087428,"array([-2.91441853,  6.48116207])"
8146,73269403,"array([-3.30205825,  5.50693207])"
8147,74514586,"array([-3.93942478,  6.41578276])"
8148,104333436,"array([-3.89852097,  6.24588282])"
8149,104136826,"array([-4.18998935,  6.47888069])"
8150,78119040,"array([-4.17313476,  5.94156607])"
8151,75104387,"array([-4.32394824,  6.01955022])"
8152,98631806,"array([-4.09033127,  4.7096204 ])"
8153,79167611,"array([-4.53004015,  4.6622931 ])"
8154,96075932,"array([-4.03781163,  5.10319509])"
8155,90505372,"array([-4.5564378 ,  4.91603554])"
8156,101253248,"array([-4.32968323,  4.99625519])"
8157,83034262,"array([-4.77815159,  5.10435394])"
8158,100270193,"array([-4.18266916,  5.27613136])"
8159,104398983,"array([-4.4773101 ,  5.31582587])"
8160,77267089,"array([-3.45287967,  6.11542806])"
8161,73597087,"array([-3.58367074,  6.26971338])"
8162,95158413,"array([-3.46947127,  6.30556987])"
8163,74317962,"array([-3.57791985,  6.13652282])"
8164,74973295,"array([-3.37772776,  6.19972307])"
8165,90636441,"array([-5.21002026,  6.00996479])"
8166,74776709,"array([-5.17725657,  6.20473802])"
8167,80019571,"array([-3.4628548,  7.0845361])"
8168,104202366,"array([-3.27845239,  7.11200943])"
8169,88997899,"array([-3.43690833,  7.33036155])"
8170,78577792,"array([-2.90998252,  7.31479606])"
8171,105906306,"array([-2.88583585,  7.03405384])"
8172,76611593,"array([-2.71031426,  7.18194545])"
8173,103153784,"array([-4.34850721,  6.90386235])"
8174,79167612,"array([-4.23284136,  6.99538743])"
8175,94503044,"array([-2.40689263,  6.47628172])"
8176,76611594,"array([-4.82826388,  7.29468587])"
8177,104202367,"array([-5.00712206,  7.46396989])"
8178,94961665,"array([-2.69369376,  5.03341193])"
8179,78381194,"array([-2.6218251,  4.8158101])"
8180,88997900,"array([-2.26520454,  5.94717479])"
8181,82444433,"array([-5.51791413,  7.67923081])"
8182,93978626,"array([-5.2451131 ,  7.96174303])"
8183,104333437,"array([-1.93747207,  4.80445812])"
8184,104136827,"array([-2.02148704,  5.19476382])"
8185,75104388,"array([-1.81855716,  4.4393144 ])"
8186,100335752,"array([-1.8655172 ,  4.64588819])"
8187,78119041,"array([-1.68593671,  4.8910005 ])"
8188,88997901,"array([-1.65172093,  4.48718709])"
8189,77267090,"array([-1.96922242,  4.50998841])"
8190,78381195,"array([-1.77707717,  4.74629861])"
8191,94961666,"array([-1.57341627,  4.73207604])"
8192,93978628,"array([-1.74441792,  4.61582431])"
8193,78905463,"array([-1.59377741,  3.95936392])"
8194,104202368,"array([-1.36351675,  5.0673395 ])"
8195,98631807,"array([-2.28072939,  3.55399053])"
8196,104398984,"array([-2.38296027,  3.23253647])"
8197,77463684,"array([-0.91712909,  4.54847159])"
8198,96403593,"array([-1.10504603,  4.47679617])"
8199,95092859,"array([23.96232128, 16.08581044])"
8200,105906307,"array([24.02063055, 15.9304794 ])"
8201,74317964,"array([24.20884156, 15.39850104])"
8202,82444434,"array([-7.70775007,  7.05056971])"
8203,102695055,"array([-7.69344238,  7.55667179])"
8204,78184576,"array([41.17213011, 19.34120039])"
8205,98304134,"array([40.86889239, 19.49225253])"
8206,82444435,"array([-7.7134497 ,  8.07538544])"
8207,100859907,"array([-7.47817116,  3.36864699])"
8208,76611595,"array([-7.43474514,  3.0739508 ])"
8209,73597088,"array([-7.58421439,  3.08001722])"
8210,80019572,"array([-7.38824949,  3.19968365])"
8211,93978629,"array([-7.54875031,  3.22862687])"
8212,94961667,"array([-7.42540871,  2.70045965])"
8213,100270194,"array([-7.48397957,  2.85852314])"
8214,77267091,"array([-7.60435427,  2.79119516])"
8215,78381196,"array([-7.28407055,  2.59730293])"
8216,79167613,"array([-7.19384064,  2.81031259])"
8217,88997903,"array([-7.59232765,  2.61165873])"
8218,105906308,"array([-8.06878935,  2.93301613])"
8219,102695057,"array([-8.21464992,  2.81561316])"
8220,95092860,"array([-8.06992731,  2.6165268 ])"
8221,101253249,"array([-6.73233949,  2.06535049])"
8222,84476050,"array([-6.56635297,  1.86410857])"
8223,77267092,"array([-7.44148118,  2.34693782])"
8224,88997904,"array([-6.38874183,  1.38989341])"
8225,77267093,"array([-6.54611482,  1.51705654])"
8226,74973296,"array([-6.35080303,  2.10127701])"
8227,80019573,"array([33.2032005 , 63.00819306])"
8228,105906310,"array([33.12723519, 63.20672689])"
8229,78184579,"array([33.40705456, 64.39846264])"
8230,79167614,"array([33.47182943, 64.21402546])"
8231,74973297,"array([33.63109213, 64.40507465])"
8232,101253250,"array([33.14735233, 63.99326677])"
8233,94961668,"array([32.97716667, 63.92794597])"
8234,84476051,"array([32.93468258, 64.24398132])"
8235,100270195,"array([33.01914907, 64.61310181])"
8236,77267094,"array([32.80955247, 64.54296947])"
8237,88997905,"array([33.60262646, 64.98837997])"
8238,73597089,"array([33.44526536, 65.18365064])"
8239,78381197,"array([32.64867022, 63.66650879])"
8240,78184580,"array([32.34013281, 63.78602616])"
8241,93978630,"array([32.45293221, 63.9520499 ])"
8242,80019574,"array([32.1944885 , 64.16074836])"
8243,79167615,"array([32.58367585, 64.98867116])"
8244,105906311,"array([32.31116595, 64.29881744])"
8245,102695058,"array([32.14736444, 64.38403585])"
8246,73597090,"array([31.45833849, 65.11120586])"
8247,88997906,"array([31.15441095, 65.16295926])"
8248,95092861,"array([31.26999569, 65.33380203])"
8249,79167616,"array([32.03914207, 64.24244409])"
8250,74973298,"array([31.26490388, 64.88100375])"
8251,74973299,"array([31.65719702, 64.57043691])"
8252,77922429,"array([31.50433098, 64.01493419])"
8253,77463685,"array([31.2685449 , 63.87346912])"
8254,96141455,"array([-3.73055697, 20.02194984])"
8255,90505373,"array([-3.93685374, 20.11277746])"
8256,96337925,"array([-3.98042764, 19.90091703])"
8257,78446716,"array([-2.98600184, 20.88623178])"
8258,99876992,"array([-3.04067801, 20.73942744])"
8259,73400458,"array([-2.86684554, 20.74486075])"
8260,100335753,"array([-2.89544917, 20.56271083])"
8261,83034263,"array([-3.18823168, 20.76325232])"
8262,101843086,"array([-3.07225951, 20.57874136])"
8263,80150685,"array([-4.81799423, 19.95949763])"
8264,101318780,"array([-3.64817125, 20.42493637])"
8265,79167617,"array([-3.50477691, 20.21120177])"
8266,105906312,"array([-3.46050082, 19.68213232])"
8267,96075933,"array([-3.28475355, 19.67711514])"
8268,76284034,"array([-2.90172835, 20.18648659])"
8269,78971027,"array([-2.989203  , 20.07886806])"
8270,95158414,"array([-2.91116361, 19.89650292])"
8271,94503045,"array([-3.0837105 , 19.93402963])"
8272,103022594,"array([-2.75072031, 19.90406898])"
8273,86966430,"array([-3.60999922, 19.0704529 ])"
8274,88604799,"array([-3.37823934, 19.33234942])"
8275,72744961,"array([-2.76470179, 20.14129525])"
8276,96403594,"array([-2.31434632, 19.79450312])"
8277,98631808,"array([-2.27883193, 20.04144869])"
8278,75104389,"array([-2.17224418, 19.93007938])"
8279,98304135,"array([-2.15320094, 19.78753961])"
8280,77398019,"array([-2.48506216, 19.42322592])"
8281,83361794,"array([-2.53802845, 20.9807076 ])"
8282,104398985,"array([-2.36345661, 20.98841383])"
8283,80150686,"array([-2.10588685, 20.31061189])"
8284,88604800,"array([-2.03837765, 20.44764556])"
8285,86966431,"array([-1.92172204, 20.30734668])"
8286,90636443,"array([-2.49094022, 20.44518043])"
8287,96337926,"array([-2.80299126, 19.36260082])"
8288,96141456,"array([-2.37921912, 20.66203994])"
8289,83034264,"array([-2.08984392, 20.71958687])"
8290,78119042,"array([-1.87699252, 20.85910629])"
8291,100991137,"array([-2.75651525, 18.77623953])"
8292,101318781,"array([-2.93991979, 18.89508489])"
8293,74317965,"array([-2.84389172, 19.08736847])"
8294,74973300,"array([-1.75265875, 19.44707179])"
8295,100859908,"array([-3.69405597, 22.81558745])"
8296,95092862,"array([-3.60095666, 22.593636  ])"
8297,73597091,"array([-4.23701027, 21.10979158])"
8298,83558522,"array([-4.34121908, 20.91962116])"
8299,78381198,"array([-3.99641821, 21.0165959 ])"
8300,76611596,"array([-4.1010484 , 20.76332873])"
8301,94961669,"array([-3.52385801, 21.43759775])"
8302,102695059,"array([-3.38518442, 21.20159266])"
8303,77398020,"array([-4.54724791, 22.45550681])"
8304,96075934,"array([-4.21677569, 22.3581529 ])"
8305,100335755,"array([-4.44860138, 22.71947945])"
8306,78184581,"array([-3.41705417, 22.82634664])"
8307,101253251,"array([-2.7051219 , 16.65848023])"
8308,93978631,"array([-2.78169   , 16.88404055])"
8309,94961670,"array([-2.26943974, 17.33156463])"
8310,77922430,"array([-3.01237638, 15.57078468])"
8311,78577793,"array([-1.87439519, 15.01794024])"
8312,84476052,"array([-1.92257701, 14.80905452])"
8313,76087429,"array([-1.52820264, 15.46572506])"
8314,104333438,"array([-1.80764949, 15.59046694])"
8315,74514587,"array([-1.79063489, 15.74953157])"
8316,74776710,"array([-1.98214372, 15.73073747])"
8317,73269404,"array([-1.86327395, 15.38036618])"
8318,94699659,"array([-2.01812428, 15.56870699])"
8319,83361795,"array([-3.26782613, 16.21711978])"
8320,75104390,"array([-3.3295643 , 15.94122819])"
8321,100270197,"array([-1.45131602, 14.07087391])"
8322,74317966,"array([-1.22107975, 14.13596414])"
8323,77463686,"array([-1.16115667, 14.93775793])"
8324,98631809,"array([-2.3562343, 16.1427102])"
8325,78446717,"array([-2.09864606, 16.26831326])"
8326,74973301,"array([-2.2142931 , 14.48705887])"
8327,86966432,"array([-1.96116961, 14.12383578])"
8328,77398021,"array([-2.31890849, 15.64382201])"
8329,104398986,"array([-2.63693792, 15.07133649])"
8330,80150687,"array([-2.5081847 , 14.95231146])"
8331,73400459,"array([-2.7725774 , 14.92562668])"
8332,80019576,"array([-2.61219545, 14.81681882])"
8333,90505375,"array([-3.88825937, 15.6180642 ])"
8334,99876993,"array([-3.73691646, 15.74771745])"
8335,98304136,"array([-3.89718061, 15.88053191])"
8336,104136829,"array([-4.12958699, 15.84618371])"
8337,103153785,"array([-3.91696367, 14.93813699])"
8338,74973302,"array([-3.904404  , 14.80266827])"
8339,90636444,"array([-3.74517022, 15.01839366])"
8340,86966433,"array([-3.87303895, 15.05302442])"
8341,77398022,"array([-3.77637934, 14.8601756 ])"
8342,104202371,"array([-3.31411018, 14.76994646])"
8343,96403595,"array([-3.79074637, 16.42443763])"
8344,76284035,"array([-4.6853803 , 15.75968222])"
8345,76611597,"array([-4.52259021, 15.60933716])"
8346,94503046,"array([-4.83172047, 16.61046439])"
8347,78119043,"array([-5.02697729, 17.01688471])"
8348,78381199,"array([-4.90796907, 16.83630171])"
8349,73597092,"array([-5.07194327, 16.72699845])"
8350,95158415,"array([-4.72584085, 16.94955098])"
8351,80150688,"array([-3.52487601, 15.45168961])"
8352,75104391,"array([-3.260529  , 15.39621629])"
8353,80150689,"array([-4.65370829, 12.4679146 ])"
8354,90505376,"array([-4.71388483, 12.6245012 ])"
8355,96337927,"array([-4.44938251, 15.07133832])"
8356,76087430,"array([-4.88103154, 15.00589689])"
8357,101318782,"array([-3.70963793, 14.12524518])"
8358,77463687,"array([-3.65926599, 13.88576156])"
8359,104202372,"array([12.36360583,  0.64336552])"
8360,75104392,"array([12.24466421,  0.4648    ])"
8361,75104393,"array([-3.42545693, 13.16375052])"
8362,76284036,"array([-4.36422712, 14.31922659])"
8363,78381200,"array([-4.50814512, 14.10303321])"
8364,77922431,"array([-4.92316789, 13.90239015])"
8365,76087431,"array([-5.24572815, 13.98245617])"
8366,76611598,"array([-5.03037216, 13.44902036])"
8367,101843087,"array([-5.9189453 , 13.13484116])"
8368,78971028,"array([-5.81954319, 12.93352754])"
8369,74776711,"array([-6.07211476, 13.15147964])"
8370,79167618,"array([-6.00385997, 13.03020275])"
8371,83558523,"array([-6.15857722, 13.06956859])"
8372,96141457,"array([-6.09606089, 12.95400659])"
8373,105906313,"array([-6.04742082, 12.7756873 ])"
8374,83034265,"array([-6.26086086, 12.99110867])"
8375,72744962,"array([54.06841565, 54.33565283])"
8376,102695060,"array([54.26721094, 54.22990463])"
8377,74317968,"array([5.39697936, 1.69204341])"
8378,100335756,"array([5.24570946, 1.94909125])"
8379,103022595,"array([-6.61734176, 12.11735424])"
8380,88997908,"array([-6.7008819 , 11.98179636])"
8381,100335757,"array([16.50385676, 45.9775805 ])"
8382,72744963,"array([16.26101252, 46.24542631])"
8383,74317970,"array([-4.84299405, -3.82256567])"
8384,102695062,"array([-5.03772035, -3.90123463])"
8385,74776712,"array([16.53549725, 46.79077024])"
8386,96141458,"array([16.71991691, 47.11548916])"
8387,101843088,"array([-1.69188274, 47.61189786])"
8388,78971029,"array([-1.23223739, 47.77966402])"
8389,100335758,"array([15.90898823, 46.19593204])"
8390,105906316,"array([ 40.31150641, -24.93480767])"
8391,96403597,"array([ 40.42124176, -24.72220254])"
8392,88997909,"array([ 40.21748528, -24.83750129])"
8393,102695063,"array([ 40.11434113, -24.83344502])"
8394,74317971,"array([ 40.11481643, -24.68868406])"
8395,74776713,"array([ 40.22967316, -24.72555682])"
8396,104398989,"array([ 40.64660252, -24.36066934])"
8397,96141459,"array([ 40.59575505, -24.17246281])"
8398,94961672,"array([ 40.40498171, -24.48379431])"
8399,95158417,"array([ 40.63460547, -24.59317988])"
8400,101253253,"array([ 40.37610858, -24.32208717])"
8401,78381202,"array([ 40.2067899 , -24.40163965])"
8402,84476055,"array([ 40.4551937 , -24.96567901])"
8403,72744964,"array([ 39.71344496, -24.2259165 ])"
8404,73597094,"array([ 39.83272468, -24.75031558])"
8405,93978633,"array([ 39.81754239, -24.94324477])"
8406,78446720,"array([ 39.26829996, -24.4154037 ])"
8407,100335759,"array([ 39.4348629 , -24.50618704])"
8408,104333439,"array([ 39.29766657, -24.60564624])"
8409,78119046,"array([ 39.90951074, -24.04598816])"
8410,83361797,"array([ 40.07374662, -24.17230813])"
8411,100859910,"array([ 40.9540774 , -24.52120889])"
8412,98304138,"array([ 40.94964315, -24.75222681])"
8413,99876995,"array([ 40.61139359, -24.84841572])"
8414,78971030,"array([ 40.23644889, -23.88322073])"
8415,95092864,"array([ 39.74901086, -24.53258644])"
8416,101843089,"array([ 39.89340404, -24.43584763])"
8417,94961673,"array([ 40.47795344, -25.92401768])"
8418,83361798,"array([ 40.48696929, -25.60980306])"
8419,101253254,"array([ 40.35654392, -25.74292184])"
8420,96075937,"array([ 40.56059148, -27.12918728])"
8421,96141460,"array([ 40.43746936, -27.21992687])"
8422,73269407,"array([ 40.59759989, -27.28610573])"
8423,78184583,"array([ 39.61574912, -26.36402387])"
8424,104202375,"array([ 39.74726928, -26.40555361])"
8425,78446721,"array([ 41.01375908, -26.16633781])"
8426,100859911,"array([ 41.02232649, -26.34280639])"
8427,95158418,"array([ 41.20620804, -26.22823666])"
8428,77922434,"array([ 40.39358661, -26.45633978])"
8429,74973304,"array([ 40.2995564 , -26.62298138])"
8430,72744965,"array([ 40.1326613 , -26.49451735])"
8431,82444439,"array([ 41.58676385, -26.47461039])"
8432,101253255,"array([ 40.82892656, -25.93332005])"
8433,83361799,"array([ 40.82067898, -25.68151709])"
8434,90505379,"array([ 40.95130495, -25.81409396])"
8435,100991139,"array([ 41.33658941, -25.51883653])"
8436,79167621,"array([ 41.12715307, -25.43827928])"
8437,76284040,"array([ 41.28487961, -25.36551397])"
8438,76611602,"array([ 40.19147264, -26.10382856])"
8439,94699661,"array([ 40.11213119, -26.22755361])"
8440,80150692,"array([ 40.3057177 , -26.19551634])"
8441,101318784,"array([ 39.98063015, -25.74382736])"
8442,77398024,"array([ 40.12834264, -25.63640552])"
8443,83558526,"array([ 40.53411384, -26.15213417])"
8444,94503050,"array([ 40.60261224, -26.35078241])"
8445,104398990,"array([ 40.64427396, -26.57490434])"
8446,83034268,"array([ 40.80234317, -26.2222974 ])"
8447,74514590,"array([ 40.79634348, -26.40804384])"
8448,75104396,"array([ 40.85240827, -26.85755692])"
8449,100270199,"array([ 41.09613345, -26.88142301])"
8450,103153788,"array([ 40.92497735, -26.65011214])"
8451,102695064,"array([ 41.1169184 , -25.92971615])"
8452,84476056,"array([ 39.81025777, -27.18925184])"
8453,100335760,"array([ 39.73617642, -27.34935429])"
8454,96403598,"array([ 40.10417241, -27.30576047])"
8455,99876996,"array([ 39.94388568, -27.38972713])"
8456,74776714,"array([ 39.95371827, -27.13937466])"
8457,78577795,"array([ 39.1891975 , -27.42095326])"
8458,76087433,"array([ 38.79287557, -27.36338656])"
8459,98304139,"array([ 39.37089917, -26.32691013])"
8460,86966435,"array([ 39.13691287, -27.09448787])"
8461,88604803,"array([ 41.70404451, -27.42679092])"
8462,83361800,"array([ 41.74767701, -27.17248705])"
8463,102695065,"array([ 40.19118851, -26.96332506])"
8464,90505380,"array([ 40.37938503, -26.92381265])"
8465,77922435,"array([ 40.98893914, -27.50051829])"
8466,98304140,"array([ 40.95088681, -27.67937639])"
8467,80150693,"array([ 40.86274438, -27.45680375])"
8468,76611603,"array([ 41.11421701, -27.5926049 ])"
8469,101253256,"array([ 41.53258646, -27.38398805])"
8470,86966436,"array([ 38.91369406, -27.64376876])"
8471,100335761,"array([ 41.35179429, -26.77258995])"
8472,100859912,"array([ 42.0228802 , -27.24995407])"
8473,78446722,"array([ 40.65427605, -27.56472552])"
8474,86966437,"array([ 40.41900119, -27.66885426])"
8475,78577796,"array([ 40.77072201, -27.647569  ])"
8476,96075938,"array([ 42.39345088, -27.50669318])"
8477,96141461,"array([ 42.25060219, -27.66018957])"
8478,82444440,"array([ 42.71914912, -27.21554645])"
8479,76087434,"array([ 42.2792313 , -26.86027816])"
8480,94961674,"array([ 40.7312329, -28.05403  ])"
8481,95158419,"array([ 40.91304365, -28.06158754])"
8482,94699662,"array([ 40.84447852, -27.87131736])"
8483,83558527,"array([ 40.66652233, -27.90046096])"
8484,102695066,"array([ 41.64335708, -27.85213449])"
8485,90505381,"array([ 41.53891151, -27.74939591])"
8486,98631811,"array([ 41.83669914, -26.59938788])"
8487,95092865,"array([ 41.370077  , -27.04943832])"
8488,74973305,"array([ 41.33888115, -27.22720909])"
8489,96337930,"array([ 41.17650301, -27.18938844])"
8490,98631812,"array([ 41.21680447, -27.83669687])"
8491,83034269,"array([ 40.65634886, -28.39620798])"
8492,100335762,"array([ 40.177428  , -28.16912257])"
8493,74514591,"array([ 40.36196068, -28.19142163])"
8494,88997910,"array([ 41.86846626, -27.74884756])"
8495,105906317,"array([ 42.21061097, -28.01909631])"
8496,104398991,"array([ 41.76917947, -28.89202541])"
8497,77922436,"array([ 43.06619964, -27.60152887])"
8498,80150694,"array([ 43.09399484, -27.77773981])"
8499,74776716,"array([ 43.2332328 , -27.61538563])"
8500,77398025,"array([ 43.16594111, -26.82300767])"
8501,76611604,"array([ 42.90552238, -26.72510388])"
8502,101318785,"array([ 42.15039537, -28.8087025 ])"
8503,79167622,"array([ 41.95050934, -28.5103081 ])"
8504,98304141,"array([ 42.73174396, -27.56482713])"
8505,88604804,"array([ 43.27926417, -28.47448823])"
8506,74514592,"array([ 42.16270701, -28.20573209])"
8507,94961675,"array([ 42.62927397, -27.98333758])"
8508,86966438,"array([ 42.74358175, -28.13931748])"
8509,102695067,"array([ 43.41194064, -27.9797905 ])"
8510,88997911,"array([ 43.76051023, -27.9712873 ])"
8511,77398026,"array([ 42.24576908, -28.96759086])"
8512,88604805,"array([ 42.84137323, -28.38690734])"
8513,79167623,"array([ 42.35331439, -28.37802542])"
8514,77922437,"array([ 42.82327742, -29.17308222])"
8515,74514593,"array([ 42.64275565, -29.08768081])"
8516,74776717,"array([ 42.60559218, -29.28874123])"
8517,105906318,"array([12.47213137, 58.3803572 ])"
8518,74514594,"array([12.30194432, 58.38826093])"
8519,74317972,"array([-8.68738465, 17.12817508])"
8520,104333440,"array([-8.48670259, 17.02778736])"
8521,78971031,"array([-8.57673433, 17.3593664 ])"
8522,101843090,"array([-8.72677893, 17.30678411])"
8523,80150695,"array([-9.13048244, 17.49712036])"
8524,102695068,"array([-9.26428907, 17.29856787])"
8525,94699664,"array([-8.84578559, 18.06137058])"
8526,74973306,"array([-9.13759494, 18.06656785])"
8527,79167624,"array([-8.45365756, 17.82678249])"
8528,103153789,"array([-9.00021949, 18.03203845])"
8529,96337931,"array([-8.24467891, 17.72738282])"
8530,73597095,"array([-8.82470413, 18.3921764 ])"
8531,101253257,"array([-8.92870182, 18.31948809])"
8532,90636447,"array([-9.00668259, 18.18853383])"
8533,77463690,"array([-9.12811308, 18.24930638])"
8534,93978634,"array([-8.79744115, 18.21706038])"
8535,73400462,"array([-9.03970677, 18.42392555])"
8536,103022596,"array([-9.54202767, 18.50422768])"
8537,101318786,"array([-9.99021213, 18.25112591])"
8538,99876997,"array([-9.76703625, 18.66125432])"
8539,73269408,"array([-9.71485088, 18.44629052])"
8540,84476057,"array([-9.80359258, 17.68980926])"
8541,83361801,"array([-9.78129787, 17.91061001])"
8542,100859913,"array([ 9.01622989, 22.30149459])"
8543,104333441,"array([ 8.99474454, 22.12097528])"
8544,78971032,"array([ 8.86125269, 22.22870748])"
8545,74776718,"array([-10.14613935,  17.95922282])"
8546,77922438,"array([ 13.35285151, -35.08677197])"
8547,96075939,"array([ 13.42428537, -34.95827288])"
8548,82444442,"array([ 12.47601519, -35.69775845])"
8549,77267099,"array([ 13.10790912, -35.43737413])"
8550,90636448,"array([ 13.23409647, -34.46938683])"
8551,96337932,"array([ 13.01445881, -34.40026985])"
8552,79167625,"array([ 13.42615882, -34.51905864])"
8553,93978635,"array([ 13.29570065, -34.65045311])"
8554,94503052,"array([ 12.63851494, -34.99067855])"
8555,76284041,"array([ 12.99454004, -35.14317867])"
8556,78381203,"array([ 12.75582446, -35.16410605])"
8557,74973307,"array([ 12.94739128, -35.64441002])"
8558,74776719,"array([ 12.83725775, -35.49345004])"
8559,77398027,"array([ 13.64634019, -35.56881633])"
8560,73400463,"array([ 13.7998958 , -35.44936799])"
8561,103153790,"array([ 13.28392952, -36.32360329])"
8562,94699665,"array([ 13.36575757, -36.48964692])"
8563,77463691,"array([ 14.58630146, -35.91680027])"
8564,101253259,"array([ 14.46762745, -35.5437407 ])"
8565,73597097,"array([ 14.31541269, -35.43918827])"
8566,78577797,"array([ 13.74825309, -35.16325291])"
8567,72744966,"array([ 13.65848446, -34.2757472 ])"
8568,100991141,"array([ 13.98651404, -35.6471032 ])"
8569,78184584,"array([ 14.05536071, -35.48234065])"
8570,104398992,"array([ 13.49521693, -34.11877672])"
8571,95158420,"array([ 14.02814355, -34.59793727])"
8572,88604806,"array([ 14.22121331, -34.59954933])"
8573,90505382,"array([ 14.1168665 , -34.46757788])"
8574,100335763,"array([ 13.78767888, -34.98156536])"
8575,100859914,"array([ 14.50824676, -34.88994925])"
8576,78971033,"array([ 14.60039415, -34.73836476])"
8577,77267100,"array([ 13.62493081, -35.88075745])"
8578,82444443,"array([ 13.00438871, -36.83124409])"
8579,74776720,"array([ 15.0461311 , -35.36976176])"
8580,74973308,"array([ 14.87771667, -35.28042585])"
8581,101318787,"array([ 14.10041416, -36.08380548])"
8582,83361802,"array([ 14.01736786, -35.91891108])"
8583,103022597,"array([ 13.8815238 , -36.12745679])"
8584,80150696,"array([ 14.02207028, -36.29976775])"
8585,76611605,"array([ 15.4272753 , -35.48863467])"
8586,96141462,"array([ 14.99121646, -35.73583576])"
8587,95092866,"array([ 14.85156953, -35.55550815])"
8588,98304142,"array([ 14.79183077, -35.03343472])"
8589,96403599,"array([ 14.2797426 , -35.07337692])"
8590,76087435,"array([ 14.01425615, -33.18226295])"
8591,83034270,"array([ 14.44327616, -33.8157912 ])"
8592,99876998,"array([ 14.77438345, -34.57956894])"
8593,86966439,"array([ 14.64745484, -33.80856524])"
8594,94699666,"array([ 14.59155519, -34.47623649])"
8595,78577798,"array([ 15.04941044, -33.99802023])"
8596,73400464,"array([ 15.07556332, -34.16623458])"
8597,77922439,"array([ 14.91887784, -34.20418468])"
8598,78446724,"array([ 15.34370696, -34.19259472])"
8599,83558528,"array([ 15.27897687, -34.66568773])"
8600,100991142,"array([ 14.93508472, -33.59237055])"
8601,78184585,"array([ 15.08596784, -33.38176465])"
8602,96075940,"array([ 14.93159442, -33.42979827])"
8603,101318788,"array([ 15.18845375, -33.48427683])"
8604,100335764,"array([ 15.11189978, -33.64391282])"
8605,104398993,"array([ 15.57847946, -33.04393498])"
8606,90636449,"array([ 15.49340701, -33.25040071])"
8607,93978636,"array([ 15.53838278, -34.03016314])"
8608,103022598,"array([ 15.5631166 , -34.68881757])"
8609,96337933,"array([ 15.43207744, -35.01547466])"
8610,80150697,"array([ 15.59482517, -33.76940947])"
8611,73269409,"array([ 15.74756977, -33.77228873])"
8612,105906319,"array([ 17.22080533, -35.51322081])"
8613,75104397,"array([ 17.01834426, -35.37327611])"
8614,101843091,"array([ 15.04420473, -32.79973639])"
8615,96141463,"array([ 14.88684879, -32.61966615])"
8616,95092867,"array([ 14.90172902, -32.98250857])"
8617,101253260,"array([ 15.97695873, -34.67809727])"
8618,76284042,"array([ 15.79864846, -34.93653861])"
8619,74776721,"array([ 16.13178287, -34.81420915])"
8620,77398029,"array([ 15.72908551, -34.47201918])"
8621,73597098,"array([ 15.70032518, -34.29148065])"
8622,98304143,"array([ 15.82583874, -34.18880269])"
8623,74514595,"array([ 16.3091281 , -34.57462035])"
8624,102695069,"array([ 15.81868757, -33.5076981 ])"
8625,77463692,"array([ 16.09470284, -34.46279876])"
8626,74317973,"array([ 16.11060832, -34.23921988])"
8627,100859915,"array([ 16.51276742, -33.70648767])"
8628,72744967,"array([ 16.37407245, -33.78289526])"
8629,88604807,"array([ 15.92838558, -36.04030651])"
8630,104333442,"array([ 16.07968683, -36.43986705])"
8631,74317974,"array([ 15.74224172, -36.14824968])"
8632,83034271,"array([ 16.23623413, -36.64788762])"
8633,79167626,"array([ 16.42796468, -33.3386647 ])"
8634,77463693,"array([ 16.6559081 , -33.28380252])"
8635,103022599,"array([ 17.97083266, -34.03972704])"
8636,76087436,"array([ 18.21886074, -34.06116554])"
8637,80019579,"array([ 15.79307057, -35.26597932])"
8638,73400466,"array([0.47142851, 8.23076901])"
8639,83558529,"array([0.22110565, 8.16437712])"
8640,95158421,"array([ 17.4951989 , -34.15869385])"
8641,94961677,"array([ 17.32361353, -34.04150264])"
8642,93978637,"array([ 17.54784716, -33.99874205])"
8643,100859916,"array([26.57173337, 58.38504454])"
8644,88997914,"array([26.3329487 , 58.46661694])"
8645,74317975,"array([26.47038829, 58.46255831])"
8646,73269410,"array([26.39222293, 58.32587607])"
8647,95158422,"array([26.25750807, 58.60682277])"
8648,76611606,"array([26.85671719, 58.10902333])"
8649,72744968,"array([26.69334076, 58.0917999 ])"
8650,94961678,"array([26.80010847, 58.26141473])"
8651,80150700,"array([26.4851811 , 57.53383795])"
8652,83034272,"array([24.0717129 , 58.17672739])"
8653,79167627,"array([24.26637557, 58.31728523])"
8654,78184587,"array([25.84408423, 58.2177763 ])"
8655,96075941,"array([25.88920387, 58.02448539])"
8656,104333443,"array([26.84106688, 57.84617557])"
8657,74776722,"array([26.63274869, 57.87026134])"
8658,93978638,"array([27.68601086, 57.62299036])"
8659,78446725,"array([25.44599256, 58.49877144])"
8660,78577799,"array([25.25185434, 58.54035782])"
8661,96141464,"array([25.34149789, 58.34620829])"
8662,101253261,"array([25.73009924, 59.01002144])"
8663,80019580,"array([25.80081565, 58.88237182])"
8664,104136832,"array([25.84528463, 58.71365806])"
8665,77922440,"array([25.63722091, 58.84095132])"
8666,77463694,"array([27.35572321, 58.22894361])"
8667,72744969,"array([26.35853946, 59.15969724])"
8668,93978639,"array([26.23172578, 59.05687933])"
8669,80150701,"array([25.20153046, 59.17107555])"
8670,76611607,"array([26.02715696, 59.13106888])"
8671,94961679,"array([24.98386328, 59.36366099])"
8672,104333444,"array([26.45649348, 59.01497446])"
8673,73597099,"array([26.22863222, 58.91131985])"
8674,77398030,"array([26.42528136, 58.83694647])"
8675,98631814,"array([25.51201743, 59.45110448])"
8676,74776723,"array([25.68736089, 59.34838086])"
8677,77463695,"array([25.52929533, 57.91105081])"
8678,104398994,"array([25.41834098, 58.05973047])"
8679,100859917,"array([25.43618364, 58.92887453])"
8680,101318789,"array([25.49280865, 59.10144335])"
8681,73269411,"array([25.25227354, 59.01846735])"
8682,100991143,"array([24.91863335, 58.33419967])"
8683,98304144,"array([25.28393876, 59.56541074])"
8684,75104398,"array([24.87007168, 58.55832501])"
8685,86966440,"array([24.96742215, 59.73891551])"
8686,83034274,"array([24.27819909, 57.98647902])"
8687,74317977,"array([26.79005731, 59.96138528])"
8688,78184588,"array([27.04202372, 60.02111723])"
8689,102695070,"array([26.78277171, 60.19495401])"
8690,96141465,"array([25.85048137, 59.56547893])"
8691,78577800,"array([26.01946919, 59.44670011])"
8692,76284043,"array([25.81319875, 59.91811088])"
8693,74514596,"array([26.24975789, 59.59522886])"
8694,101843092,"array([26.36956706, 59.76812845])"
8695,78446726,"array([25.97429947, 60.08362407])"
8696,82444445,"array([27.25766596, 60.28007802])"
8697,94503054,"array([26.54622424, 59.57760592])"
8698,83034275,"array([24.39087056, 58.49739653])"
8699,98631815,"array([24.67163285, 59.38136924])"
8700,80150702,"array([24.60912124, 59.54522069])"
8701,96075942,"array([24.8544194 , 60.07947544])"
8702,103022600,"array([27.88883505, 58.98067544])"
8703,105906320,"array([28.19326788, 58.96604259])"
8704,101843093,"array([23.70247841, 60.08789315])"
8705,72744970,"array([23.55757767, 60.19918407])"
8706,77922441,"array([23.68172176, 60.23697585])"
8707,78184589,"array([25.20317633, 60.41917838])"
8708,104398995,"array([24.83206227, 60.34790694])"
8709,74317978,"array([25.41336276, 61.21946093])"
8710,77463696,"array([25.04229932, 61.08297663])"
8711,101253262,"array([25.21652551, 60.9031817 ])"
8712,105906321,"array([24.79109957, 61.28434973])"
8713,102695071,"array([25.20466168, 61.1236596 ])"
8714,78577801,"array([24.86184315, 61.14828309])"
8715,94503055,"array([25.27647866, 61.81924659])"
8716,83034276,"array([24.00266276, 57.60613034])"
8717,80019581,"array([25.19356418, 61.38034798])"
8718,96141466,"array([24.4075134 , 61.11133933])"
8719,104136833,"array([25.45326834, 61.54925823])"
8720,77398031,"array([25.44949326, 59.96704811])"
8721,100991144,"array([25.28564675, 60.14767975])"
8722,73597100,"array([25.09999311, 60.1215496 ])"
8723,95158423,"array([25.22873108, 59.93944358])"
8724,103153791,"array([24.45841988, 60.55819574])"
8725,83034277,"array([24.50592737, 60.74020137])"
8726,94699667,"array([24.21455524, 60.7739946 ])"
8727,79167628,"array([24.30225788, 60.67637469])"
8728,76284044,"array([24.11201008, 59.8637466 ])"
8729,78446727,"array([23.883517  , 60.19379673])"
8730,88997915,"array([24.19832014, 60.20378308])"
8731,100859918,"array([24.07620538, 59.713226  ])"
8732,74973309,"array([24.41262294, 59.83961526])"
8733,101318790,"array([24.04082838, 60.11763543])"
8734,76611608,"array([24.15178148, 60.01886435])"
8735,76087437,"array([23.90262305, 59.79776228])"
8736,96337934,"array([24.06083864, 60.24784449])"
8737,73269412,"array([23.91178069, 60.01995139])"
8738,74776724,"array([24.32441704, 60.08163158])"
8739,88604808,"array([24.45105153, 60.16053894])"
8740,98304145,"array([23.9919123 , 60.34501307])"
8741,75104399,"array([24.2967463 , 59.93199541])"
8742,78381204,"array([24.15614684, 60.36460175])"
8743,90505383,"array([23.2412225 , 59.96676619])"
8744,83361803,"array([23.6780553 , 59.90810412])"
8745,89587712,"array([24.84941095, 60.65609341])"
8746,83820544,"array([24.93043555, 60.85781103])"
8747,100991145,"array([23.66205681, 59.59833839])"
8748,78184590,"array([23.5620338 , 59.27251899])"
8749,77398032,"array([24.15961988, 61.07799203])"
8750,94961680,"array([24.00228152, 60.98288924])"
8751,98631816,"array([24.00340693, 61.15746761])"
8752,96075943,"array([24.12796676, 60.95334599])"
8753,93192192,"array([24.38292336, 61.58036851])"
8754,95485952,"array([24.44590121, 61.41201904])"
8755,80347151,"array([24.71065772, 61.83482581])"
8756,100925440,"array([24.50332314, 62.04251779])"
8757,77070339,"array([24.27415501, 62.00480822])"
8758,104398996,"array([24.68176239, 61.53015263])"
8759,95158424,"array([23.92637859, 60.62374261])"
8760,96403600,"array([23.77829439, 60.6445569 ])"
8761,93978640,"array([23.63930733, 60.59315057])"
8762,104333445,"array([23.50666209, 60.459611  ])"
8763,84476058,"array([23.48663001, 60.62268346])"
8764,80150703,"array([23.76720614, 60.49058334])"
8765,77267101,"array([23.60833555, 60.8031966 ])"
8766,83558530,"array([23.64924581, 61.00088408])"
8767,99876999,"array([23.75541579, 60.93238932])"
8768,90636450,"array([23.74608459, 60.78275175])"
8769,100270202,"array([23.889856  , 60.81154319])"
8770,95092868,"array([24.05110829, 60.74739061])"
8771,73400467,"array([24.15486738, 60.57769283])"
8772,75694087,"array([24.16147538, 61.2768164 ])"
8773,86966441,"array([23.04435806, 61.30274167])"
8774,83820545,"array([23.03649065, 61.19871596])"
8775,73859080,"array([22.98794234, 61.46996048])"
8776,103022602,"array([23.16565009, 61.43815974])"
8777,105906322,"array([23.49824159, 61.21204532])"
8778,73597101,"array([23.42004848, 61.35927763])"
8779,89587713,"array([23.21847705, 61.17109862])"
8780,93192193,"array([22.95395519, 61.66232797])"
8781,78577802,"array([23.17536511, 61.71991226])"
8782,100925441,"array([23.17941708, 61.32053972])"
8783,76284045,"array([23.35562542, 61.14350545])"
8784,100859919,"array([23.14875887, 61.57024235])"
8785,103350272,"array([23.46855718, 61.59956096])"
8786,80347152,"array([23.34019493, 61.46966629])"
8787,104398997,"array([23.28671352, 61.57922339])"
8788,77070340,"array([23.31455421, 61.29143094])"
8789,96534528,"array([23.52014923, 61.43008336])"
8790,102695073,"array([23.46527643, 60.02278539])"
8791,95158425,"array([22.69307795, 60.67804425])"
8792,95485953,"array([22.67485744, 60.42453348])"
8793,99877000,"array([22.92583316, 60.4729641 ])"
8794,76087438,"array([22.93825736, 59.82315747])"
8795,73400468,"array([23.091278  , 60.35268639])"
8796,101318791,"array([22.4841888 , 61.44892606])"
8797,95092869,"array([23.10472724, 60.77744328])"
8798,100991146,"array([23.2471872 , 60.83052636])"
8799,103809024,"array([23.23138486, 60.68832783])"
8800,77398033,"array([23.38669361, 60.76330727])"
8801,95617024,"array([22.32067732, 61.6142867 ])"
8802,96337935,"array([22.85848994, 60.09627123])"
8803,88997916,"array([22.67795164, 60.07234579])"
8804,78446728,"array([21.88707199, 59.98941368])"
8805,79167629,"array([21.74207288, 60.41366205])"
8806,83034278,"array([21.76779298, 60.63021832])"
8807,93978641,"array([22.39303728, 60.92924597])"
8808,90636451,"array([22.50372763, 61.05456644])"
8809,78381205,"array([21.60337901, 60.36142138])"
8810,98304146,"array([21.59298503, 60.00617452])"
8811,80150704,"array([22.03954924, 60.26275831])"
8812,77267102,"array([21.94228719, 60.6090128 ])"
8813,94699668,"array([21.79152202, 60.09056874])"
8814,105906323,"array([22.04312741, 60.45263515])"
8815,94961681,"array([22.17759051, 60.41423411])"
8816,98631817,"array([22.36598445, 60.52210452])"
8817,83558531,"array([22.14759732, 60.10695561])"
8818,96141467,"array([21.61971195, 60.21134625])"
8819,100270203,"array([21.88469453, 60.45287824])"
8820,90046475,"array([21.90056241, 60.30924835])"
8821,104333446,"array([21.94933652, 60.14352658])"
8822,72744971,"array([21.77291395, 60.24359956])"
8823,96075944,"array([21.80249661, 59.74586294])"
8824,99877001,"array([22.21982621, 60.8104523 ])"
8825,98631818,"array([22.37956958, 60.05910388])"
8826,95158426,"array([22.05460876, 61.19375115])"
8827,99877002,"array([22.44949987, 59.69318761])"
8828,84476059,"array([21.10857936, 60.1671315 ])"
8829,102695074,"array([20.97634677, 60.04040749])"
8830,73269413,"array([22.01519972, 62.65033072])"
8831,99877003,"array([21.91365736, 62.34547401])"
8832,73400469,"array([22.09946236, 62.3292781 ])"
8833,98631819,"array([22.02380309, 62.46318979])"
8834,100991147,"array([19.9696007 , 62.17215068])"
8835,76087439,"array([19.33883385, 62.19766243])"
8836,103809025,"array([21.53112249, 60.99826311])"
8837,73597102,"array([21.8732345 , 62.00085817])"
8838,100925442,"array([21.23033269, 62.90856427])"
8839,80347153,"array([21.06232791, 62.79036686])"
8840,83361804,"array([21.23863597, 62.18984419])"
8841,76087440,"array([21.35604999, 62.01811006])"
8842,100991148,"array([21.58535256, 62.18515149])"
8843,103350273,"array([21.39891348, 62.38304135])"
8844,100859920,"array([22.27573786, 63.15528704])"
8845,73859081,"array([22.41583901, 63.27950272])"
8846,96534529,"array([21.73691361, 61.47268912])"
8847,76284046,"array([22.80250467, 63.01231742])"
8848,89587714,"array([22.7188396 , 62.70043819])"
8849,78577803,"array([21.6446753 , 63.13590248])"
8850,104398998,"array([21.86931876, 63.0519491 ])"
8851,93192194,"array([21.83053485, 63.23791106])"
8852,99877004,"array([22.21000502, 62.58385226])"
8853,100925443,"array([20.95316458, 63.67538866])"
8854,103809026,"array([20.78688508, 63.83401178])"
8855,102695075,"array([22.03936107, 63.49200775])"
8856,101318792,"array([-11.63711466,  19.36030004])"
8857,89587715,"array([-11.83679678,  19.2464918 ])"
8858,93192195,"array([21.96278731, 64.31749277])"
8859,78577804,"array([21.75840326, 64.22687448])"
8860,100859921,"array([21.94222907, 64.56926901])"
8861,104398999,"array([21.79965765, 64.47742565])"
8862,76284047,"array([22.04346404, 64.45983199])"
8863,73597103,"array([-14.50642784,   1.02969153])"
8864,83820546,"array([-14.24304389,   1.25725255])"
8865,89587716,"array([0.86801817, 4.633804  ])"
8866,86966442,"array([0.77423214, 4.35882196])"
8867,73400470,"array([ 6.10198015, -3.94710708])"
8868,93978642,"array([ 6.18809088, -4.09038495])"
8869,101318793,"array([ 6.33775675, -3.78934589])"
8870,102695076,"array([ 6.43774688, -3.98219975])"
8871,96534530,"array([-3.901155  , -2.20142014])"
8872,83361805,"array([-4.06705014, -2.08534906])"
8873,100991149,"array([20.22850441, 62.6352374 ])"
8874,98631820,"array([-4.06503476, -2.57843911])"
8875,72613888,"array([-4.22539174, -2.38999608])"
8876,76087441,"array([19.48172164, 63.0643309 ])"
8877,103022603,"array([-9.103132  ,  5.12062677])"
8878,73269414,"array([-9.06482537,  5.35000987])"
8879,89587717,"array([-8.86709508,  5.20474622])"
8880,92864518,"array([21.75578157, 35.23473901])"
8881,93978643,"array([21.5328549 , 35.24044057])"
8882,83820547,"array([-9.48413482,  4.65088563])"
8883,73597104,"array([20.36570239, 35.28299289])"
8884,86966443,"array([20.38563993, 35.1067483 ])"
8885,95485954,"array([19.54801601, 35.03863188])"
8886,100925445,"array([19.97844234, 36.65792598])"
8887,76284048,"array([19.86743973, 36.77978518])"
8888,80347155,"array([20.06339417, 36.78244207])"
8889,95617025,"array([19.71904565, 36.50483062])"
8890,100335765,"array([19.6597513 , 36.34511037])"
8891,73400471,"array([19.79669861, 35.77602588])"
8892,101318794,"array([19.99826668, 35.92356483])"
8893,102695077,"array([19.79816167, 35.96081248])"
8894,93192197,"array([18.82020951, 36.14656586])"
8895,74514598,"array([18.96177483, 36.10885984])"
8896,74776725,"array([18.79035858, 35.97685322])"
8897,100859922,"array([18.90750599, 35.90651213])"
8898,104399000,"array([19.02238265, 35.97750741])"
8899,82444447,"array([18.90649017, 36.68300325])"
8900,101843094,"array([19.21557078, 36.26589664])"
8901,77070341,"array([19.0948663 , 36.43929889])"
8902,80019582,"array([19.28421108, 36.44651269])"
8903,101253263,"array([19.22948583, 35.41351853])"
8904,105906324,"array([19.5439989 , 35.70853855])"
8905,104333447,"array([19.68559506, 35.49944471])"
8906,94699669,"array([18.97407383, 35.13046962])"
8907,90505385,"array([19.02705996, 35.30602454])"
8908,103809027,"array([20.37038544, 36.13699153])"
8909,74317979,"array([19.15631934, 35.58548758])"
8910,75694089,"array([18.9593569, 35.6117035])"
8911,76611609,"array([19.249838  , 35.17890767])"
8912,72744972,"array([19.44184023, 35.33749926])"
8913,103809028,"array([19.42629023, 35.96565813])"
8914,77922442,"array([19.43192249, 36.13499419])"
8915,77398034,"array([18.42417897, 35.96081675])"
8916,95092870,"array([18.38182622, 36.16018919])"
8917,88997917,"array([18.51250001, 35.78756191])"
8918,74973310,"array([18.20732021, 35.90331852])"
8919,78184591,"array([19.31806128, 34.61393276])"
8920,75104400,"array([19.22200898, 34.79460654])"
8921,104136834,"array([19.53039025, 34.70429896])"
8922,77463697,"array([18.76754863, 35.18248827])"
8923,96534531,"array([18.6741289 , 35.08067739])"
8924,88604809,"array([18.02919733, 35.57881793])"
8925,73269415,"array([17.84226535, 35.7826984 ])"
8926,96337936,"array([18.46350651, 34.32267623])"
8927,83820548,"array([18.10765507, 34.56207384])"
8928,95158427,"array([18.44057622, 35.38270005])"
8929,99877005,"array([18.46125123, 35.2224701 ])"
8930,90636452,"array([18.27181864, 35.21527468])"
8931,100991150,"array([18.23444137, 34.99985997])"
8932,72613889,"array([17.93754995, 35.12880324])"
8933,83361806,"array([17.85967991, 35.31097226])"
8934,76087442,"array([17.36335579, 35.71647931])"
8935,103022604,"array([18.79073737, 34.70901277])"
8936,84476060,"array([18.32369201, 34.71968714])"
8937,103350274,"array([18.506007  , 34.73733417])"
8938,103153793,"array([18.69498992, 34.56446622])"
8939,103809029,"array([18.38654144, 33.89414309])"
8940,104333448,"array([18.6214431 , 33.90679998])"
8941,94503056,"array([19.62880907, 34.41481573])"
8942,74973311,"array([17.85138263, 33.45589482])"
8943,100335766,"array([17.73815136, 33.54420532])"
8944,104399001,"array([17.90474262, 33.67219263])"
8945,72613890,"array([17.74078023, 33.65937922])"
8946,86966444,"array([17.52511369, 35.02781428])"
8947,90505386,"array([17.55778826, 34.83118136])"
8948,100859924,"array([17.81077828, 34.32727552])"
8949,77398035,"array([16.84536798, 34.69115422])"
8950,74514599,"array([17.06687678, 34.04289137])"
8951,90046476,"array([16.45695801, 34.62757736])"
8952,98304147,"array([16.22474851, 34.32494893])"
8953,82444448,"array([16.93620248, 35.38463154])"
8954,95617026,"array([18.94320271, 33.59601454])"
8955,95092871,"array([18.07695677, 32.59645885])"
8956,89587718,"array([18.06050402, 33.15793077])"
8957,74776726,"array([18.41379682, 32.84393682])"
8958,73269416,"array([18.25426187, 33.30503936])"
8959,88997918,"array([17.30737077, 33.79738995])"
8960,96534532,"array([17.88988929, 34.12894278])"
8961,77398036,"array([17.76505025, 34.01615706])"
8962,77463698,"array([17.62892339, 34.12929557])"
8963,90505387,"array([16.91010668, 33.95312137])"
8964,94503057,"array([17.13853158, 34.45040344])"
8965,88997919,"array([17.34714605, 34.24840988])"
8966,100991151,"array([18.5887247 , 33.24019162])"
8967,82444449,"array([19.52809882, 33.14515503])"
8968,75104402,"array([18.6439887 , 33.00883556])"
8969,89587719,"array([17.87590452, 32.54147686])"
8970,86966445,"array([17.90094532, 32.3927182 ])"
8971,95617027,"array([18.34197506, 32.55893637])"
8972,73269417,"array([17.64588365, 32.3975851 ])"
8973,90046477,"array([17.69165426, 32.26476292])"
8974,98304148,"array([17.55552578, 32.26977222])"
8975,83820549,"array([17.825653  , 33.30121988])"
8976,96534533,"array([18.79619213, 31.94863266])"
8977,96337937,"array([17.49880876, 33.42326923])"
8978,77398037,"array([17.63702923, 33.31228574])"
8979,100859925,"array([18.0606156, 32.1501665])"
8980,103809030,"array([18.14480396, 32.02594755])"
8981,104333449,"array([18.29440425, 32.24060611])"
8982,100991152,"array([17.96261102, 32.05123996])"
8983,88604810,"array([18.00791828, 31.5964162 ])"
8984,90636453,"array([17.93698643, 31.72385061])"
8985,95158428,"array([18.17983769, 31.71855478])"
8986,96075946,"array([18.17418725, 31.57147501])"
8987,77463700,"array([17.26220697, 32.75848707])"
8988,75104403,"array([17.34249169, 32.94437986])"
8989,88997920,"array([17.56021398, 32.89260243])"
8990,85655552,"array([18.34954097, 31.56457282])"
8991,80019583,"array([16.97510294, 31.95818831])"
8992,72744973,"array([16.82077671, 31.99052977])"
8993,101253264,"array([17.25491739, 31.81443677])"
8994,77070342,"array([17.09654592, 32.08564959])"
8995,96534534,"array([16.92743791, 31.82982617])"
8996,101843095,"array([17.32188092, 32.00259573])"
8997,75694090,"array([16.71151069, 31.86268246])"
8998,104136835,"array([16.4271944 , 31.80524529])"
8999,84476061,"array([17.10067223, 31.8794385 ])"
9000,78184592,"array([16.93531135, 31.38643071])"
9001,103350275,"array([17.08469546, 31.74636517])"
9002,94503058,"array([16.84911446, 31.63507961])"
9003,103153794,"array([17.18688664, 31.63502511])"
9004,103022605,"array([17.4767635 , 32.63366449])"
9005,86769674,"array([16.49294337, 33.45296076])"
9006,82444451,"array([16.14464771, 31.3383093 ])"
9007,78381206,"array([16.76373097, 33.13122799])"
9008,92864519,"array([16.77269381, 32.65495257])"
9009,80150705,"array([16.68753858, 32.82630136])"
9010,79167630,"array([16.3788638 , 32.44000477])"
9011,96141468,"array([16.19044801, 32.45064815])"
9012,96403601,"array([16.25923772, 32.66111689])"
9013,88997921,"array([16.61076206, 32.6230191 ])"
9014,77463701,"array([16.88753322, 32.41793899])"
9015,76284049,"array([15.69992346, 31.66021036])"
9016,76087443,"array([14.94778705, 31.47214063])"
9017,77267103,"array([16.26306413, 32.28919831])"
9018,78446729,"array([16.48980498, 32.73371595])"
9019,100270204,"array([16.39625407, 32.59462989])"
9020,83558532,"array([16.7250074 , 32.35987493])"
9021,83820550,"array([16.52551899, 32.52553054])"
9022,82444452,"array([16.49807717, 31.23393073])"
9023,98631821,"array([16.56613067, 32.33622529])"
9024,77922443,"array([16.49674768, 32.87439633])"
9025,105906325,"array([16.42089795, 32.26385634])"
9026,72613891,"array([16.3076693 , 32.84885253])"
9027,104333451,"array([16.09065379, 32.96304989])"
9028,94961683,"array([15.65257103, 32.63561439])"
9029,101843096,"array([16.00071417, 31.93535283])"
9030,95092872,"array([15.8705081 , 32.07172305])"
9031,98304149,"array([15.65756115, 31.9540472 ])"
9032,84476062,"array([16.58080818, 31.65493725])"
9033,80150706,"array([18.31653012, 31.04361707])"
9034,83558533,"array([18.23485205, 30.67240837])"
9035,100335768,"array([18.48272098, 30.66767248])"
9036,101253265,"array([18.24137647, 30.86364488])"
9037,80019584,"array([18.46872643, 30.85708724])"
9038,77398038,"array([16.86890046, 30.92462735])"
9039,96337938,"array([16.97063345, 31.10897007])"
9040,77267104,"array([16.82463778, 31.1138938 ])"
9041,95092873,"array([17.00101614, 30.963614  ])"
9042,105906326,"array([16.76440481, 30.98846268])"
9043,85655553,"array([17.02866818, 30.24827171])"
9044,74973312,"array([16.83825648, 30.26757067])"
9045,86769675,"array([16.67130191, 30.57756454])"
9046,77463702,"array([17.01274358, 30.55004486])"
9047,90505388,"array([16.79209418, 30.65238672])"
9048,88997922,"array([16.84604692, 30.48067057])"
9049,80019585,"array([16.52167307, 30.09263582])"
9050,101253266,"array([16.70134696, 29.99544523])"
9051,100859926,"array([15.86850422, 29.97963381])"
9052,100991153,"array([16.0644401 , 30.08996076])"
9053,103809031,"array([28.32050192, 25.43094825])"
9054,100335769,"array([28.14127955, 25.60347255])"
9055,77922444,"array([28.11798489, 25.42725102])"
9056,95092874,"array([17.55399879, 28.75050887])"
9057,105906327,"array([17.39089545, 28.99520083])"
9058,90505389,"array([17.48099098, 28.37036067])"
9059,84476063,"array([14.86530149, 28.54356333])"
9060,83820551,"array([14.69445701, 28.43370897])"
9061,104333452,"array([14.71809373, 28.63086451])"
9062,86769676,"array([15.5384155, 29.1363178])"
9063,98631822,"array([14.14523088, 28.98631179])"
9064,73859083,"array([14.29899087, 28.87370615])"
9065,75694091,"array([14.16970867, 28.7222058 ])"
9066,104136836,"array([14.35856161, 29.5380829 ])"
9067,77070343,"array([14.91591263, 29.51308305])"
9068,96534535,"array([14.01049892, 29.5503936 ])"
9069,98304150,"array([13.72513839, 29.65328133])"
9070,104333453,"array([23.98367208, 18.52955442])"
9071,83820552,"array([24.04767823, 18.3396613 ])"
9072,102301697,"array([-40.17048189,  18.21966518])"
9073,104136837,"array([-40.50798594,  17.90767719])"
9074,73859084,"array([-40.60846257,  18.41045404])"
9075,79167631,"array([-40.31151247,  18.45160116])"
9076,80347156,"array([-40.1536102 ,  17.93648073])"
9077,76611611,"array([-40.39960346,  18.60060784])"
9078,96534536,"array([-40.11923107,  18.81424639])"
9079,100859927,"array([-39.96316461,  18.79984111])"
9080,89587721,"array([-40.06690501,  18.68220661])"
9081,77070344,"array([-40.03954487,  18.99961707])"
9082,94699670,"array([-39.25705455,  18.09550274])"
9083,103153795,"array([-39.18697354,  18.28671992])"
9084,75694092,"array([-37.82349418,  18.34413735])"
9085,74514601,"array([-36.84238143,  17.27953516])"
9086,102695078,"array([-37.82975176,  17.55103095])"
9087,74317981,"array([-38.48347732,  17.60960434])"
9088,101318795,"array([-36.82789325,  16.75405035])"
9089,78381207,"array([-36.65440297,  16.65534108])"
9090,93192198,"array([-36.78401756,  16.95141422])"
9091,72744974,"array([-37.42026818,  16.75887891])"
9092,100925446,"array([-36.34127724,  17.86526954])"
9093,83820553,"array([-36.32417226,  18.01857489])"
9094,79167632,"array([-36.16604865,  17.89370253])"
9095,103350276,"array([-36.79393073,  18.12981565])"
9096,76611612,"array([-36.57866162,  18.10914712])"
9097,100991154,"array([-36.77967123,  17.75094785])"
9098,101843097,"array([-36.68405584,  18.30011732])"
9099,86769677,"array([-36.6414404 ,  17.88311047])"
9100,98304151,"array([-36.59398176,  17.7138786 ])"
9101,74317982,"array([-36.30722628,  18.24134507])"
9102,75694093,"array([-36.09158385,  18.14162068])"
9103,73400473,"array([-35.36716149,  18.74777973])"
9104,73400474,"array([-36.23594925,  17.41887932])"
9105,102695079,"array([-36.10447697,  17.58650474])"
9106,77070345,"array([-36.30821405,  17.63836909])"
9107,100859928,"array([-36.0940172 ,  18.58002939])"
9108,103153796,"array([-36.1515494 ,  18.86417097])"
9109,73597105,"array([-35.75668612,  17.2198879 ])"
9110,75694094,"array([-36.14097025,  16.51845581])"
9111,83820554,"array([-36.09711353,  16.32798117])"
9112,100925447,"array([-36.29592012,  16.10323716])"
9113,73597106,"array([-36.32913149,  15.8384364 ])"
9114,102695080,"array([-36.40486002,  15.92237846])"
9115,74317983,"array([-36.10385007,  15.8667985 ])"
9116,100859929,"array([-35.43103585,  16.69735232])"
9117,77070346,"array([-35.62804902,  16.53656185])"
9118,103153797,"array([-36.57138652,  16.46403239])"
9119,74514602,"array([-36.54852751,  16.2959965 ])"
9120,100991155,"array([-36.69165   ,  16.33929167])"
9121,104136838,"array([-37.539593  ,  16.06248179])"
9122,84476064,"array([-37.06616101,  15.99772328])"
9123,101843098,"array([-35.62550789,  15.84713182])"
9124,80347157,"array([-35.40601063,  15.86513518])"
9125,72744975,"array([-35.7219213 ,  16.03825296])"
9126,89587722,"array([-35.62126324,  15.64018574])"
9127,98304152,"array([-35.29378035,  15.6710866 ])"
9128,102301698,"array([-35.48756171,  15.70325192])"
9129,96534537,"array([-35.48353893,  16.00666656])"
9130,73859085,"array([-36.309663  ,  15.56330764])"
9131,76611613,"array([-35.91409844,  15.12491509])"
9132,103350277,"array([-36.03281869,  15.2241993 ])"
9133,75694095,"array([-35.98684969,  15.3959031 ])"
9134,83820555,"array([-35.82818515,  15.33142539])"
9135,73400475,"array([-35.79640958,  15.19686652])"
9136,101318796,"array([-34.90000832,  15.16144309])"
9137,93192199,"array([-35.0892413 ,  14.88403004])"
9138,84476065,"array([-36.79117984,  15.66599562])"
9139,78381208,"array([-36.77174538,  15.0572634 ])"
9140,79167634,"array([-36.91784009,  15.17039166])"
9141,104136839,"array([-37.52010704,  15.30994573])"
9142,100859930,"array([-35.94762687,  14.4377002 ])"
9143,77070347,"array([-35.79156126,  14.65916766])"
9144,98304153,"array([-36.42348586,  14.96407481])"
9145,89587723,"array([-36.28600883,  14.71933249])"
9146,72744976,"array([-36.2277189 ,  14.89465329])"
9147,99877009,"array([-37.22828053,  14.90668004])"
9148,84476066,"array([-36.00041231,  14.08497727])"
9149,93192200,"array([-35.72136712,  13.9635285 ])"
9150,101318797,"array([-36.76217976,  14.68934534])"
9151,102301699,"array([-36.70108145,  14.42139828])"
9152,80347158,"array([-36.96178987,  14.49551799])"
9153,101843099,"array([-36.91958473,  14.63940265])"
9154,94699671,"array([-36.64054451,  14.59866407])"
9155,96534538,"array([-36.89671938,  14.34788253])"
9156,83820556,"array([-36.28001802,  15.26373015])"
9157,78381209,"array([-37.78240371,  13.39093646])"
9158,104136840,"array([-38.02128183,  13.3079563 ])"
9159,94699672,"array([-37.20079065,  13.77771332])"
9160,103350278,"array([-37.34051048,  13.63167372])"
9161,102301700,"array([-37.18619348,  13.53263509])"
9162,83820557,"array([-37.21962629,  13.67371892])"
9163,101843100,"array([-37.08710076,  13.65963268])"
9164,100925448,"array([-36.59353643,  14.00984284])"
9165,101318798,"array([-36.5973718 ,  13.73327046])"
9166,98631823,"array([-37.55007212,  12.91142835])"
9167,103022606,"array([-37.38064387,  13.0623217 ])"
9168,76284050,"array([-37.32057428,  12.87422497])"
9169,102695081,"array([-37.77173985,  12.45088745])"
9170,83034281,"array([-37.46467802,  12.7141634 ])"
9171,101318799,"array([-37.14757523,  13.23180768])"
9172,102695082,"array([-37.00629196,  13.09559319])"
9173,76284051,"array([-37.73766328,  13.89921444])"
9174,102695083,"array([-37.69947148,  14.09662681])"
9175,98631824,"array([-37.94900704,  14.05426397])"
9176,102301701,"array([-37.40909303,  14.24922467])"
9177,81068059,"array([-35.71846196,  12.70484813])"
9178,83820558,"array([-34.44938623,  11.56504031])"
9179,73269418,"array([-34.69211547,  11.76676269])"
9180,76284052,"array([-35.41820411,  12.68949295])"
9181,74514603,"array([-35.18435267,  12.69131346])"
9182,74776729,"array([-35.96365935,  11.86030424])"
9183,96534539,"array([-35.63486235,  12.45221076])"
9184,103350279,"array([-35.4757435,  12.4047445])"
9185,104399003,"array([-35.37582725,  11.91792564])"
9186,102695084,"array([63.74097743, -7.61537947])"
9187,78577806,"array([63.73707128, -7.4334537 ])"
9188,100335770,"array([63.55238913, -7.63721804])"
9189,73859086,"array([63.53515564, -7.33989741])"
9190,92864520,"array([62.93933505, -9.32558312])"
9191,83361807,"array([63.10327928, -9.22605692])"
9192,74317984,"array([62.8526034 , -9.20395711])"
9193,75104404,"array([62.98229882, -9.11862314])"
9194,96534540,"array([62.30120673, -8.94932763])"
9195,74973314,"array([62.55605429, -8.72087823])"
9196,74776730,"array([62.4417897 , -8.58888178])"
9197,104333454,"array([62.46469087, -8.8275562 ])"
9198,101318800,"array([62.45036528, -9.15112629])"
9199,77070348,"array([62.88845655, -8.71620106])"
9200,104136842,"array([62.74353647, -8.87794018])"
9201,74514604,"array([62.65935744, -9.58137961])"
9202,98304154,"array([63.19190192, -9.49658991])"
9203,89587725,"array([62.57904673, -9.75522823])"
9204,77398040,"array([63.33413608, -8.65752197])"
9205,85655554,"array([63.64605501, -8.83416898])"
9206,104136843,"array([62.58676533, -8.38047221])"
9207,88604811,"array([62.04591918, -8.04508219])"
9208,95092875,"array([62.02714988, -8.22579574])"
9209,80019586,"array([61.8531494 , -8.05884823])"
9210,78577807,"array([62.24028342, -8.76027124])"
9211,73859087,"array([61.8668567 , -8.74734838])"
9212,96075947,"array([ 63.38733096, -10.75868987])"
9213,90505390,"array([ 63.08608895, -10.12952308])"
9214,85655555,"array([-18.84365472, -26.10194373])"
9215,86966447,"array([-19.0757394 , -26.08396483])"
9216,101318801,"array([-19.21029114, -27.49276764])"
9217,76284053,"array([-19.31849047, -27.37952629])"
9218,78446730,"array([-19.84096691, -26.829041  ])"
9219,93978644,"array([-19.64534901, -27.03316412])"
9220,77922446,"array([-19.5098129 , -26.80893277])"
9221,95485957,"array([-19.28810698, -26.4079785 ])"
9222,83558534,"array([-19.50505803, -26.32010196])"
9223,103350280,"array([-18.66079055, -26.60854342])"
9224,79167636,"array([-18.57129623, -26.50712474])"
9225,104399004,"array([-18.45532935, -26.56682257])"
9226,73269419,"array([-18.32567597, -26.78389708])"
9227,103022607,"array([-18.4532046 , -26.44806744])"
9228,96337939,"array([-18.62101577, -26.79225951])"
9229,89587726,"array([-18.3663043 , -26.63807676])"
9230,81068060,"array([-18.23605075, -26.39330518])"
9231,90046479,"array([-18.80554493, -26.74894547])"
9232,77267105,"array([-18.44368042, -26.75480376])"
9233,80150708,"array([-18.70373712, -26.44541233])"
9234,77463703,"array([-18.49686346, -26.3530759 ])"
9235,96141469,"array([-18.24315862, -26.71244662])"
9236,72613892,"array([-18.7225141 , -26.91286574])"
9237,88997923,"array([-18.34443656, -26.48171901])"
9238,103153799,"array([-18.35922224, -26.29566522])"
9239,105906328,"array([-18.78880728, -26.60325984])"
9240,101253267,"array([-18.26765234, -26.5596654 ])"
9241,100270205,"array([-18.1656874 , -26.49605397])"
9242,78184593,"array([-18.14234616, -26.62629371])"
9243,95617029,"array([-18.9915549 , -26.30588261])"
9244,104136844,"array([-18.67894395, -24.49112829])"
9245,74973315,"array([-18.66869097, -25.61546601])"
9246,96403602,"array([-18.56614463, -26.68332146])"
9247,76087445,"array([-18.48586166, -27.06966199])"
9248,82444453,"array([-19.24075189, -27.12216818])"
9249,78577808,"array([-18.42690018, -25.53121828])"
9250,93192202,"array([-19.27553707, -25.20283487])"
9251,102301702,"array([-19.24203295, -25.46396264])"
9252,94503060,"array([-19.50700566, -25.37826556])"
9253,83820559,"array([-18.93079904, -25.56705632])"
9254,94503061,"array([-18.98746627, -25.22159771])"
9255,83361809,"array([-18.26670744, -25.13832374])"
9256,74514607,"array([-18.0791143 , -25.07587197])"
9257,77070349,"array([-17.91905371, -24.72521217])"
9258,104136845,"array([-17.65860175, -24.68408616])"
9259,90505392,"array([-17.77993412, -25.1044138 ])"
9260,96075948,"array([-17.24597427, -26.40496015])"
9261,75104405,"array([-17.27794486, -26.25864282])"
9262,95158429,"array([-17.45045772, -27.54211046])"
9263,100335771,"array([-16.48307026, -25.96559968])"
9264,95485958,"array([-18.55121622, -26.13946702])"
9265,98304156,"array([-17.98688989, -26.15771257])"
9266,73859088,"array([-18.1848055 , -26.06870653])"
9267,76284054,"array([-16.96211339, -25.88586816])"
9268,93978645,"array([-16.8476445 , -26.07240973])"
9269,95158430,"array([-16.72288009, -25.80115652])"
9270,78381210,"array([-17.22942346, -26.06781704])"
9271,83034282,"array([-16.78949032, -26.37858705])"
9272,77922447,"array([-17.10498018, -26.15338028])"
9273,83558535,"array([-17.25949935, -25.92345655])"
9274,75694096,"array([-16.70340414, -26.10882516])"
9275,72744977,"array([-16.97904929, -25.69733978])"
9276,100925449,"array([-16.94459647, -25.98379803])"
9277,73400476,"array([-17.1210291 , -25.86080875])"
9278,100991157,"array([-16.9774904 , -26.14798576])"
9279,94699673,"array([-17.089591  , -25.99820129])"
9280,73597107,"array([-16.80503902, -25.92381185])"
9281,86769679,"array([-17.07370972, -25.63963133])"
9282,100859932,"array([-17.16557172, -25.74541995])"
9283,74776731,"array([-16.88472687, -25.78669963])"
9284,76611614,"array([-17.0158997 , -26.34561616])"
9285,103022608,"array([-18.0371522 , -25.65354154])"
9286,103350281,"array([-18.24195617, -25.65023854])"
9287,90046480,"array([-17.96595266, -25.47569901])"
9288,104333455,"array([-16.77586594, -25.53604896])"
9289,72613893,"array([-18.16357006, -25.47495198])"
9290,76087446,"array([-17.15030127, -27.03781562])"
9291,74317985,"array([-17.25023387, -26.72646661])"
9292,73859089,"array([-17.84559453, -26.40753769])"
9293,82444454,"array([-17.04881357, -27.66580892])"
9294,95485959,"array([-16.57157649, -26.94768478])"
9295,98304157,"array([-16.42796482, -27.10062104])"
9296,88997924,"array([-16.69807504, -27.17438708])"
9297,96141470,"array([-16.495431  , -27.27735425])"
9298,77070350,"array([-16.35390931, -25.46930043])"
9299,103022609,"array([-16.21876083, -25.59689335])"
9300,89587727,"array([-15.53684133, -26.34073301])"
9301,73269420,"array([-15.99955163, -26.71917576])"
9302,80150709,"array([-15.50526673, -26.12137561])"
9303,77463704,"array([-16.20884593, -26.56639321])"
9304,103153800,"array([-15.94666611, -25.81866286])"
9305,96337940,"array([-15.81914945, -25.99676534])"
9306,101253268,"array([-15.77352523, -25.84830685])"
9307,105906329,"array([-15.99830457, -25.99484775])"
9308,95617030,"array([-15.31069752, -26.53222504])"
9309,103022610,"array([-17.16040119, -25.34452214])"
9310,77070351,"array([-16.96401186, -25.24224003])"
9311,103350282,"array([-14.91299538, -25.4727521 ])"
9312,90046481,"array([-14.8407077 , -25.62522842])"
9313,90505393,"array([-15.37726994, -25.63211989])"
9314,104136846,"array([-14.32848157, -25.55837255])"
9315,86966448,"array([-15.28031479, -25.30282281])"
9316,95485960,"array([-15.20857137, -25.53441364])"
9317,74973316,"array([-15.12995867, -25.40815272])"
9318,83820560,"array([-15.41179399, -25.44697441])"
9319,83361810,"array([-15.12453456, -25.94352682])"
9320,72613894,"array([-14.83137524, -26.10575457])"
9321,96403603,"array([-15.89074661, -26.33190497])"
9322,95092876,"array([-15.2247207 , -26.12161964])"
9323,90636455,"array([-15.02233562, -26.36089189])"
9324,78381211,"array([-15.93332304, -25.35278856])"
9325,102695085,"array([-15.00964557, -24.62282029])"
9326,88604812,"array([-15.91373187, -24.69174093])"
9327,77070352,"array([-13.99442445, -24.30974948])"
9328,103022611,"array([-14.10039049, -24.46140628])"
9329,92864521,"array([-13.72923381, -24.32151155])"
9330,101843101,"array([-13.14130375, -23.92837017])"
9331,80019587,"array([-13.1793925 , -23.75354149])"
9332,77398041,"array([-13.0018145 , -23.67316271])"
9333,93192203,"array([-13.0228336 , -24.02779534])"
9334,78446731,"array([-12.96011129, -23.87002213])"
9335,92864522,"array([-13.47609283, -23.87451123])"
9336,102695086,"array([-13.62753086, -23.75151398])"
9337,100925450,"array([-11.90482648, -24.03842799])"
9338,88604813,"array([-12.45232832, -24.05064628])"
9339,96403604,"array([-12.22366271, -24.14334874])"
9340,103022612,"array([-13.48279568, -23.08038721])"
9341,95485961,"array([-13.56296935, -22.84698325])"
9342,93192204,"array([-12.73812608, -22.59207066])"
9343,101843102,"array([-12.70244706, -22.43409398])"
9344,92864523,"array([-10.8975568 , -23.25717164])"
9345,77070353,"array([-10.94839176, -22.57062947])"
9346,80019588,"array([ 29.64942211, -12.93504117])"
9347,86966449,"array([ 29.74832326, -12.759756  ])"
9348,102695087,"array([ 29.50323675, -12.72125405])"
9349,103022613,"array([-10.59616422, -23.12511267])"
9350,90505394,"array([-10.605667  , -23.49712969])"
9351,74973317,"array([-10.47722648, -22.93498842])"
9352,83820561,"array([-10.74900283, -24.5627447 ])"
9353,95485962,"array([-10.73040571, -24.73025194])"
9354,98631826,"array([-10.85209539, -24.68013653])"
9355,77922448,"array([-10.62682054, -24.61711391])"
9356,73597108,"array([-10.75718659, -24.40952904])"
9357,75104406,"array([-10.87956888, -24.55261831])"
9358,77070354,"array([-11.05414992, -23.2463298 ])"
9359,78446733,"array([-12.90541466, -23.48171959])"
9360,73269421,"array([-10.25502709, -24.86534319])"
9361,83558536,"array([-10.24690574, -24.63157213])"
9362,74776732,"array([-10.06605188, -24.70413237])"
9363,77463705,"array([-10.04489766, -24.91956568])"
9364,100991158,"array([ -9.89431717, -23.96928045])"
9365,96141471,"array([-10.03911343, -24.12560662])"
9366,96403605,"array([-10.08554804, -23.8833519 ])"
9367,73859090,"array([-10.24857257, -23.96416578])"
9368,93192205,"array([-11.60868902, -24.7975136 ])"
9369,101843103,"array([-11.46665014, -24.64679775])"
9370,104399006,"array([-10.90311791, -25.34577579])"
9371,88997925,"array([-11.16071253, -25.27366257])"
9372,77398042,"array([-11.21481257, -24.06250987])"
9373,77922449,"array([-11.48432928, -23.72807966])"
9374,101843104,"array([-10.13831055,  23.18169033])"
9375,93192206,"array([-9.9683248 , 22.69247346])"
9376,76611615,"array([-10.37389679,  22.7636784 ])"
9377,77267106,"array([-8.47941092, 24.47318677])"
9378,102301703,"array([-8.44733053, 24.61791138])"
9379,80347159,"array([-8.23903   , 24.52240796])"
9380,85655556,"array([-8.32561249, 24.7443064 ])"
9381,95158431,"array([-9.40770032, 22.1059963 ])"
9382,94503063,"array([-8.25826916, 22.01116328])"
9383,96337941,"array([-8.4821799 , 22.18965159])"
9384,80150710,"array([-9.05670251, 23.93515586])"
9385,82444455,"array([-8.6541946 , 23.96655608])"
9386,78381212,"array([-9.09507265, 24.13117068])"
9387,74317986,"array([-9.21606483, 23.86272403])"
9388,103153801,"array([-10.10552292,  21.47410457])"
9389,95617031,"array([-10.03132482,  21.01644716])"
9390,103350283,"array([-9.9675242 , 23.18766623])"
9391,76611616,"array([-9.31057611, 23.22350691])"
9392,98304158,"array([-9.39647689, 22.95812391])"
9393,96075949,"array([-9.1971106 , 23.09182401])"
9394,89587728,"array([-9.5123291 , 23.08926613])"
9395,90636456,"array([-10.19904182,  22.42462897])"
9396,93192207,"array([-9.14615684, 22.70559544])"
9397,78577809,"array([-8.66437281, 23.09212908])"
9398,79167638,"array([-8.59320388, 22.8277596 ])"
9399,78184595,"array([-9.53337002, 23.94825249])"
9400,88997926,"array([-9.97788177, 24.01184525])"
9401,74776733,"array([-10.15940339,  23.97275095])"
9402,75694097,"array([-10.18156295,  24.21589321])"
9403,81068061,"array([-10.31788192,  24.02955937])"
9404,92864524,"array([-9.9585864 , 24.19311045])"
9405,94699674,"array([-9.71664077, 23.62527093])"
9406,100270206,"array([-9.5568773 , 23.61195248])"
9407,95158432,"array([-9.64692407, 23.40620328])"
9408,83034283,"array([-9.84733127, 23.55011663])"
9409,77070355,"array([-12.80002263,  24.0531827 ])"
9410,77463706,"array([-13.20951081,  23.78720478])"
9411,77267107,"array([-10.95475053,  23.57253387])"
9412,104399007,"array([-11.05352845,  23.7266502 ])"
9413,88604815,"array([-11.02443454,  23.41114294])"
9414,83558537,"array([-11.12115078,  23.57248849])"
9415,78446735,"array([-10.79831425,  23.6640476 ])"
9416,73269422,"array([-11.21243988,  23.69528   ])"
9417,104333456,"array([-12.37377207,  23.61542416])"
9418,90505395,"array([-12.46526882,  23.77869454])"
9419,80347160,"array([-12.65309837,  23.50213408])"
9420,77922450,"array([3.84179121, 5.16350951])"
9421,74514608,"array([4.12419929, 4.97431996])"
9422,74317987,"array([-12.92985064,  24.86277568])"
9423,76611617,"array([-12.46074948,  24.95909338])"
9424,74514609,"array([-13.78362601,  25.46541204])"
9425,83034284,"array([-13.75655091,  25.69532457])"
9426,80347161,"array([-12.51875917,  24.10519292])"
9427,83558538,"array([-12.17408742,  23.91940277])"
9428,73269423,"array([-11.95434186,  23.85793507])"
9429,78381213,"array([-11.5726625 ,  24.48420896])"
9430,77398043,"array([-11.70844792,  24.31393019])"
9431,104399008,"array([-12.6429874 ,  24.36267327])"
9432,100270207,"array([-12.59001211,  24.47938407])"
9433,81068062,"array([-12.77016361,  24.51613272])"
9434,88997927,"array([-12.82329588,  24.37145809])"
9435,77922451,"array([-12.3338713 ,  24.47152488])"
9436,74776734,"array([-12.14368743,  24.51273585])"
9437,75694098,"array([-13.07636698,  24.54135982])"
9438,92864525,"array([-13.18905847,  24.63314217])"
9439,78446736,"array([-14.1889476 ,  24.81612334])"
9440,88604816,"array([-14.18946834,  24.63031097])"
9441,94699675,"array([-14.02041272,  24.63020197])"
9442,103350284,"array([-13.49815155,  24.55296006])"
9443,78577810,"array([-13.29380504,  24.27106725])"
9444,105906330,"array([-12.15222706,  24.86876018])"
9445,72613895,"array([-11.97268587,  25.04144024])"
9446,94961685,"array([-13.30331641,  23.64344138])"
9447,90046482,"array([-12.96413256,  23.61953755])"
9448,76611618,"array([-13.32280222,  24.47096328])"
9449,93192208,"array([-14.42426949,  25.50391826])"
9450,103022614,"array([-14.23754816,  25.53606841])"
9451,102301704,"array([-13.52014783,  24.22021757])"
9452,102695088,"array([-13.53878107,  23.95111258])"
9453,89587729,"array([-13.76478061,  24.0756092 ])"
9454,98304159,"array([-13.61348148,  24.10726069])"
9455,90636457,"array([-13.69923348,  23.9659218 ])"
9456,100859933,"array([-13.31270402,  24.03606081])"
9457,93978646,"array([-13.02775816,  23.82471628])"
9458,86966450,"array([-13.14819831,  23.99449908])"
9459,76284055,"array([-13.02857899,  24.15009107])"
9460,79167639,"array([-12.81976852,  23.85985822])"
9461,96534542,"array([-12.87227709,  24.1704972 ])"
9462,73859091,"array([-12.8258897 ,  24.76369813])"
9463,74973319,"array([-12.98305783,  24.70762568])"
9464,100925451,"array([-13.17012674,  24.88016438])"
9465,73597109,"array([-13.25789135,  25.02724546])"
9466,96403606,"array([-13.42789426,  24.7086229 ])"
9467,104136847,"array([-14.08033478,  25.99683741])"
9468,100335773,"array([-13.71616387,  24.50002535])"
9469,96141472,"array([-13.66739529,  23.80080046])"
9470,104136848,"array([-13.26400309,  23.4250328 ])"
9471,101253269,"array([-12.65087829,  23.20449822])"
9472,95485963,"array([-13.57481472,  24.97525488])"
9473,80019589,"array([-13.6455265 ,  24.71124213])"
9474,77398044,"array([-14.0134356 ,  25.07151478])"
9475,86769681,"array([-13.83339265,  24.95776729])"
9476,72744980,"array([-13.59351467,  24.37683773])"
9477,90505396,"array([-13.84528159,  24.2699906 ])"
9478,77267108,"array([-13.88808984,  24.64802731])"
9479,78381214,"array([-13.89235575,  24.49425199])"
9480,83820562,"array([-14.07167843,  24.37241055])"
9481,96337942,"array([-14.15385243,  24.4968265 ])"
9482,95617032,"array([-14.58211465,  24.83617008])"
9483,85655557,"array([-13.78305922,  23.4539263 ])"
9484,104136849,"array([-13.1763345 ,  23.19695506])"
9485,80150711,"array([-12.59404815,  25.81122631])"
9486,74514610,"array([-13.08093714,  24.30020686])"
9487,79167640,"array([-14.31141813,  24.22243878])"
9488,80347162,"array([-14.48289502,  24.22714686])"
9489,104399009,"array([-13.21200592,  25.7682826 ])"
9490,72613896,"array([-12.93847371,  25.70138489])"
9491,73269424,"array([-13.35760758,  25.51925332])"
9492,94503064,"array([-13.79718298,  23.22476722])"
9493,104136850,"array([-13.5059324 ,  23.46359594])"
9494,75104407,"array([-14.40006023,  24.49765442])"
9495,100925452,"array([-14.42613937,  23.97335241])"
9496,73597110,"array([-14.29835393,  23.89748092])"
9497,83034285,"array([-14.11320289,  24.07222925])"
9498,93978647,"array([-13.9928025,  23.5960835])"
9499,78577811,"array([-14.13178409,  23.70840553])"
9500,76611619,"array([-14.32268219,  23.45644769])"
9501,103350285,"array([-14.45793997,  23.55079768])"
9502,85655558,"array([-14.53802044,  23.33651248])"
9503,86966451,"array([-14.39312119,  23.26120615])"
9504,96337943,"array([-14.30302223,  23.68010936])"
9505,74973320,"array([-14.17395288,  23.31356161])"
9506,92864526,"array([-14.07091774,  23.16427909])"
9507,82444456,"array([-14.93817723,  25.39930884])"
9508,96403607,"array([-14.88565195,  22.64392766])"
9509,80019590,"array([-14.67014952,  22.88243527])"
9510,80347163,"array([-15.26431346,  21.75597138])"
9511,76611620,"array([-14.86817127,  23.46888058])"
9512,80150712,"array([-14.90595406,  23.31450656])"
9513,103350286,"array([-15.61340479,  23.57438649])"
9514,73859092,"array([-15.79093863,  23.57948393])"
9515,76284056,"array([-15.30044115,  24.8592993 ])"
9516,85655559,"array([-15.1230088 ,  24.78160647])"
9517,103153802,"array([-15.1524416 ,  24.98493906])"
9518,77922452,"array([-15.14386823,  23.20018639])"
9519,100270208,"array([-15.05674618,  23.02460616])"
9520,86966452,"array([-15.25263717,  23.03825916])"
9521,81068063,"array([-15.18958374,  23.58409175])"
9522,74514611,"array([-15.22946923,  23.80148665])"
9523,74776735,"array([-15.34917162,  23.53624075])"
9524,95485964,"array([-15.45917936,  24.07477791])"
9525,105906331,"array([-15.68101734,  24.05590264])"
9526,80347164,"array([-15.602955  ,  23.89088461])"
9527,96403608,"array([-15.44387166,  23.91099795])"
9528,75694099,"array([-14.72315607,  23.86858189])"
9529,96534543,"array([-14.64812396,  23.99960128])"
9530,74317988,"array([-16.68871077,  23.83337045])"
9531,79167641,"array([-15.73249277,  24.66561369])"
9532,74973321,"array([-15.99939863,  24.89980711])"
9533,92864527,"array([-15.66590248,  24.90791105])"
9534,96141473,"array([-15.59438729,  24.35403674])"
9535,96337944,"array([-15.85925756,  24.31936049])"
9536,100270209,"array([-15.44848396,  23.10567241])"
9537,95092878,"array([65.66349603, 15.90739772])"
9538,95158434,"array([65.85894447, 15.86770957])"
9539,73400478,"array([65.27184976, 15.7252875 ])"
9540,74776736,"array([65.80606649, 16.05572815])"
9541,81068064,"array([65.37415869, 15.58954327])"
9542,80150713,"array([-38.99743347,  37.49263317])"
9543,78184596,"array([-39.14778704,  37.26659635])"
9544,73597111,"array([65.11295896, 15.26206701])"
9545,77070356,"array([64.41334779, 15.8885036 ])"
9546,98631828,"array([64.70175076, 15.98301614])"
9547,76611621,"array([64.6104028 , 15.83233368])"
9548,103022615,"array([64.55533389, 16.08532684])"
9549,100335774,"array([64.91049925, 15.26081408])"
9550,94961686,"array([66.16099764, 14.4137895 ])"
9551,77267109,"array([65.8177589 , 14.90041487])"
9552,100991160,"array([65.85892646, 14.6583318 ])"
9553,78446737,"array([65.26216007, 16.12365008])"
9554,98304160,"array([65.22987921, 16.36064765])"
9555,104136851,"array([65.03145369, 16.67542704])"
9556,90636458,"array([64.51179242, 14.80491217])"
9557,77398045,"array([64.21087929, 14.79150609])"
9558,100859934,"array([10.85276075, 18.81293218])"
9559,102301705,"array([10.78151046, 18.5812656 ])"
9560,73269425,"array([66.06005757, 16.69021062])"
9561,90505397,"array([66.25107997, 16.5500278 ])"
9562,86769682,"array([66.74259789, 15.3527599 ])"
9563,72613898,"array([66.2393897, 16.9741145])"
9564,88997929,"array([66.70434449, 16.26209508])"
9565,78577812,"array([66.87442496, 16.10825172])"
9566,76284057,"array([66.68065056, 15.9837728 ])"
9567,83361812,"array([65.59678113, 14.43813571])"
9568,104136852,"array([65.359024  , 14.42064182])"
9569,77398046,"array([65.3103854 , 13.85694075])"
9570,98631829,"array([65.37862804, 14.01699262])"
9571,81068065,"array([66.3031199 , 14.52882804])"
9572,78446738,"array([66.2293581 , 14.81505854])"
9573,90636459,"array([67.26821476, 14.22073005])"
9574,98304161,"array([66.76870656, 14.05376083])"
9575,77070357,"array([66.30160347, 14.27432032])"
9576,100991161,"array([66.46773245, 14.16659478])"
9577,76611622,"array([66.59490442, 14.34765297])"
9578,101843106,"array([66.64080214, 14.11731596])"
9579,103022616,"array([65.9187128 , 13.63624926])"
9580,85655560,"array([66.78838326, 13.43433198])"
9581,79167642,"array([66.91418036, 13.40231272])"
9582,93192209,"array([66.86747938, 14.26358453])"
9583,83558539,"array([67.00046048, 14.1151712 ])"
9584,76087448,"array([67.10554486, 14.36796975])"
9585,92864528,"array([66.11827814, 13.74883817])"
9586,104399010,"array([66.51554393, 13.7644692 ])"
9587,94503065,"array([66.11592468, 13.41836111])"
9588,102301706,"array([65.72903122, 14.18628005])"
9589,95485965,"array([66.00534373, 14.01900559])"
9590,104333457,"array([66.15549256, 13.94914578])"
9591,90046483,"array([65.88998521, 13.8421377 ])"
9592,94699676,"array([66.64288613, 13.93400131])"
9593,78381215,"array([66.75680715, 13.75080526])"
9594,102695089,"array([67.29947365, 15.18823534])"
9595,103153803,"array([67.11245842, 15.08311568])"
9596,80019592,"array([66.46687031, 13.92707804])"
9597,84476069,"array([66.99568491, 14.52673662])"
9598,83820563,"array([67.19413019, 14.71651542])"
9599,96141474,"array([66.69475088, 14.82158235])"
9600,96403609,"array([66.74823482, 14.55038927])"
9601,100859935,"array([65.202606  , 13.47229536])"
9602,96075951,"array([67.70962136, 13.49235652])"
9603,80347165,"array([67.94284471, 13.37804739])"
9604,96337945,"array([67.70709705, 13.25991879])"
9605,105906332,"array([67.35888421, 13.69184108])"
9606,96534544,"array([67.54760317, 13.74324113])"
9607,88604817,"array([67.36699339, 13.87261966])"
9608,74973322,"array([67.51453818, 13.52992146])"
9609,95617033,"array([67.66347256, 14.37344284])"
9610,100270210,"array([67.53997156, 14.03391012])"
9611,77922453,"array([67.3373573 , 12.83215502])"
9612,103350287,"array([67.41086585, 12.70303571])"
9613,73859093,"array([67.34255451, 13.14778298])"
9614,74514612,"array([67.23939369, 13.28134334])"
9615,92864529,"array([67.06181745, 12.63572923])"
9616,103153804,"array([67.11176332, 12.78317626])"
9617,102695090,"array([66.47595396, 12.54505752])"
9618,94503066,"array([66.45899268, 12.85550576])"
9619,77070358,"array([66.66243914, 13.12398906])"
9620,83361813,"array([66.85647677, 13.18522937])"
9621,104333458,"array([66.86770791, 13.00310616])"
9622,103022617,"array([67.0886113 , 13.09405013])"
9623,104399011,"array([67.0950825 , 13.49873118])"
9624,80019593,"array([67.84689962, 14.09857063])"
9625,94699677,"array([68.00891853, 14.33655074])"
9626,100991162,"array([68.24144949, 14.01584726])"
9627,76611623,"array([68.08239849, 13.92113294])"
9628,78381216,"array([68.19850666, 13.79562181])"
9629,96141475,"array([68.02176915, 13.73319966])"
9630,77398047,"array([68.57614241, 13.61539677])"
9631,82444458,"array([66.11949178, 13.04445373])"
9632,104136853,"array([68.9613584 , 13.87756618])"
9633,96403610,"array([68.16986113, 13.44439134])"
9634,81068066,"array([68.30432444, 13.29413096])"
9635,101843107,"array([67.49240241, 13.01843842])"
9636,98631830,"array([67.46124891, 13.30282298])"
9637,102301707,"array([67.96821919, 13.01711306])"
9638,75694100,"array([67.99309434, 12.84975788])"
9639,72744981,"array([68.56340691, 12.95390994])"
9640,100925453,"array([67.9509928 , 12.61636452])"
9641,75104408,"array([68.01319768, 12.40177149])"
9642,74317989,"array([67.72270647, 12.95693374])"
9643,86966453,"array([68.90151914, 12.62054948])"
9644,94961687,"array([67.8269798 , 12.77241225])"
9645,83034286,"array([67.66653508, 12.62633525])"
9646,86966454,"array([68.98822333, 13.10786225])"
9647,88604818,"array([68.77700905, 13.16665964])"
9648,77267111,"array([68.39042729, 12.58144038])"
9649,95092879,"array([68.33054014, 12.84658028])"
9650,77463708,"array([68.25365153, 12.46331516])"
9651,95617034,"array([66.8704398 , 12.30184225])"
9652,96075952,"array([67.23440666, 12.42345277])"
9653,94503067,"array([66.65212068, 12.22841463])"
9654,102695091,"array([67.68579835, 12.15887643])"
9655,76087449,"array([68.16087283, 11.48099777])"
9656,100270211,"array([67.50049181, 12.27800366])"
9657,90636460,"array([68.93258863, 13.45815159])"
9658,94699678,"array([67.07240547, 11.77580065])"
9659,96534545,"array([67.11415615, 11.5991451 ])"
9660,83820564,"array([67.24979061, 11.82025557])"
9661,98304162,"array([67.21311555, 11.46312857])"
9662,84476070,"array([67.30209618, 11.65281843])"
9663,93192210,"array([67.7543754 , 12.32167925])"
9664,81068067,"array([67.45878076, 12.50485399])"
9665,73269426,"array([66.23415232, 12.19079835])"
9666,73597112,"array([66.36711652, 12.04112741])"
9667,95158435,"array([67.06500916, 10.89754007])"
9668,100859936,"array([66.8293949 , 11.12459414])"
9669,78446739,"array([66.60003873, 11.27575938])"
9670,86769683,"array([67.97327903, 11.95866373])"
9671,96141476,"array([67.82933382, 11.92798302])"
9672,86966455,"array([67.92962956, 11.78469303])"
9673,96075953,"array([66.86418652, 12.07649572])"
9674,88604819,"array([68.95612735, 11.41146984])"
9675,105906333,"array([68.62476894, 11.82421958])"
9676,85655561,"array([68.39571318, 11.88997565])"
9677,90046484,"array([69.25911075, 12.54647359])"
9678,88997930,"array([67.71109574, 10.70364406])"
9679,103022618,"array([67.18146139, 12.04460802])"
9680,98631831,"array([67.57887082, 11.84279728])"
9681,74973323,"array([67.68535014, 11.71166533])"
9682,104136854,"array([67.97988678, 11.1615389 ])"
9683,100991163,"array([67.61371118, 11.21063383])"
9684,77398048,"array([67.42436748, 11.17010816])"
9685,95485966,"array([66.74017048, 11.641172  ])"
9686,82444459,"array([66.26257418, 11.47491067])"
9687,79167643,"array([68.74498427, 12.18078209])"
9688,77267112,"array([68.98389581, 12.07741207])"
9689,94961688,"array([21.39536405, -1.91732728])"
9690,100270212,"array([21.49103954, -2.09227568])"
9691,76087450,"array([9.79499473, 0.83664971])"
9692,85655562,"array([10.26548023,  0.69806088])"
9693,78184597,"array([43.41685794, 41.98375583])"
9694,72613899,"array([43.32363859, 41.74824522])"
9695,78577813,"array([43.56446216, 41.47761004])"
9696,89587731,"array([43.60888873, 41.89404582])"
9697,90505398,"array([-33.99802831,  27.1945305 ])"
9698,85655563,"array([-33.793091  ,  27.09334523])"
9699,76284058,"array([-32.5595    ,  27.05817789])"
9700,96141477,"array([-32.73422519,  26.96537485])"
9701,77922454,"array([-32.80436682,  27.11676031])"
9702,100991164,"array([-32.93081561,  27.05514867])"
9703,98631832,"array([-33.3658057 ,  27.32325036])"
9704,86966456,"array([-33.44520591,  27.65703954])"
9705,103350288,"array([-33.31916358,  27.49209792])"
9706,81068068,"array([-33.53327016,  27.46967466])"
9707,88997931,"array([-32.7616664 ,  27.50744244])"
9708,83034287,"array([-32.46155252,  27.50699079])"
9709,93978649,"array([-32.86455851,  27.43340302])"
9710,103153805,"array([-33.12059956,  26.34500607])"
9711,86769684,"array([-33.27067346,  26.47700254])"
9712,92864530,"array([-33.7223761 ,  27.71014712])"
9713,100335775,"array([-34.50723699,  27.20771014])"
9714,80150714,"array([-35.46284008,  27.23741614])"
9715,77398049,"array([-33.73096251,  26.76133056])"
9716,103022619,"array([-33.55060668,  26.80246461])"
9717,104136855,"array([-33.64462945,  25.99087748])"
9718,78446740,"array([-33.707012 ,  26.5849707])"
9719,78577814,"array([-34.95279957,  27.13480269])"
9720,75694101,"array([-33.04885318,  26.84036272])"
9721,90046485,"array([-33.06317107,  26.95806833])"
9722,96075954,"array([-33.1842697 ,  26.95058269])"
9723,72744982,"array([-33.20509997,  26.82135626])"
9724,102301708,"array([-31.8234909 ,  26.68917826])"
9725,74317990,"array([-31.68447499,  26.78198356])"
9726,101843108,"array([-32.25144358,  26.59441206])"
9727,80347166,"array([-32.05309556,  26.63373684])"
9728,73597113,"array([-32.30086301,  26.4433019 ])"
9729,95485967,"array([-32.42958711,  25.98873264])"
9730,73269427,"array([-32.49455901,  26.17543155])"
9731,74973324,"array([-31.87524804,  26.44221111])"
9732,76087451,"array([-32.94355057,  25.52929944])"
9733,105906335,"array([-32.74835692,  25.90623239])"
9734,94961689,"array([-31.83188841,  26.80903669])"
9735,102695092,"array([-32.52718839,  26.38853099])"
9736,96337946,"array([-32.63125665,  26.28528486])"
9737,94503068,"array([-32.81416806,  26.17638683])"
9738,77398050,"array([-32.10677144,  26.46645729])"
9739,104399012,"array([-32.02621092,  26.32040923])"
9740,74514613,"array([-32.20452323,  26.26536232])"
9741,100859937,"array([-32.23952853,  26.96958469])"
9742,83361814,"array([-32.3684202 ,  26.90739566])"
9743,100925454,"array([-32.25624453,  26.7726604 ])"
9744,104333459,"array([-32.41125026,  27.04433083])"
9745,95617035,"array([-32.23051895,  26.08227504])"
9746,88604820,"array([-33.03628912,  26.56361233])"
9747,96534546,"array([-32.48386132,  26.82983141])"
9748,98304163,"array([-32.7361186 ,  26.47776015])"
9749,84476071,"array([-32.2527532 ,  27.10429427])"
9750,90505399,"array([-32.13809954,  26.85354798])"
9751,78184598,"array([-32.58797139,  26.59480368])"
9752,80150715,"array([-31.60530834,  27.2054324 ])"
9753,80019594,"array([-32.35081864,  27.20054402])"
9754,75104409,"array([-32.48294523,  27.26878935])"
9755,77070359,"array([-32.38267291,  26.70858994])"
9756,83558540,"array([-32.73526481,  26.80430154])"
9757,103022620,"array([-32.61990183,  26.7313784 ])"
9758,92864531,"array([-32.31633626,  27.45636434])"
9759,78446741,"array([-32.64690585,  27.38378841])"
9760,98631833,"array([-32.20423577,  27.28928684])"
9761,90636461,"array([-32.11082916,  27.01162603])"
9762,72613900,"array([-32.64008005,  27.23986602])"
9763,81068069,"array([-32.59199512,  27.67062427])"
9764,73859094,"array([-32.57079728,  26.91406898])"
9765,74776737,"array([-31.59828467,  26.67286411])"
9766,94699679,"array([-32.71445224,  28.34593681])"
9767,95158436,"array([-32.98223887,  28.78399786])"
9768,83820565,"array([-32.99103721,  27.90859262])"
9769,82444461,"array([-31.91019114,  26.04671076])"
9770,103350289,"array([-31.75329334,  25.52040038])"
9771,101843109,"array([-31.77311999,  26.97714056])"
9772,77463709,"array([-31.61669128,  27.63332301])"
9773,73597114,"array([-31.63893856,  27.46292448])"
9774,77267113,"array([-31.74636031,  27.61826279])"
9775,95092880,"array([-31.02025322,  27.49809047])"
9776,93192212,"array([-32.14132583,  27.47223932])"
9777,79167644,"array([-31.95036629,  27.34472378])"
9778,85655564,"array([-32.00812467,  27.59613521])"
9779,96403611,"array([-32.00246241,  27.15858565])"
9780,103153806,"array([-32.15845409,  27.76411422])"
9781,78577815,"array([-32.28925821,  27.75861019])"
9782,86769685,"array([-32.30311671,  27.8954889 ])"
9783,93978650,"array([-32.1691737 ,  27.96003252])"
9784,89587732,"array([-32.41199279,  28.03907184])"
9785,86966457,"array([-32.17393769,  28.20221376])"
9786,83886089,"array([-32.05395883,  28.10559079])"
9787,104136856,"array([-32.0689646 ,  28.40864762])"
9788,100335776,"array([-31.96937078,  27.97040309])"
9789,80740358,"array([-31.8163944,  27.9460229])"
9790,99090432,"array([-31.76023088,  28.3008451 ])"
9791,102629383,"array([-31.42395485,  27.64061529])"
9792,73138195,"array([-32.3496351,  28.7087529])"
9793,101974028,"array([-31.3902427,  26.60488  ])"
9794,105512960,"array([-31.18284414,  26.94805016])"
9795,82247681,"array([-31.41883526,  26.74993257])"
9796,105906336,"array([-31.50730389,  26.86911045])"
9797,77856778,"array([-31.36278493,  26.87165109])"
9798,89325580,"array([-31.75469056,  27.28148382])"
9799,94699680,"array([-31.34506694,  27.22906214])"
9800,78381217,"array([-31.14152396,  27.09345626])"
9801,95158437,"array([-31.29719346,  27.47427551])"
9802,72941576,"array([-31.40878777,  27.07152603])"
9803,95485968,"array([-31.29390194,  27.071469  ])"
9804,95682568,"array([-31.45952313,  27.18573533])"
9805,103350290,"array([-31.40714876,  27.32754706])"
9806,83820566,"array([-31.41260459,  27.44771454])"
9807,103677975,"array([-31.52856696,  27.30496043])"
9808,106168327,"array([-31.09583461,  27.31972264])"
9809,104464394,"array([-31.28287315,  27.30354643])"
9810,91881472,"array([-31.22726599,  27.19767906])"
9811,84344832,"array([-31.20208877,  27.39083589])"
9812,97124352,"array([-31.04701754,  27.19433506])"
9813,79626240,"array([-31.90948889,  27.47871758])"
9814,105840651,"array([-31.67450713,  26.09150883])"
9815,81264645,"array([-31.57882777,  25.85795538])"
9816,99811328,"array([-32.00169138,  25.67836906])"
9817,75235328,"array([-31.48264027,  26.1142414 ])"
9818,88604821,"array([-32.3147264 ,  25.62797332])"
9819,90701824,"array([-31.22586891,  25.79611596])"
9820,91488256,"array([-31.43286204,  26.32773228])"
9821,79560715,"array([-31.60965638,  27.06146938])"
9822,78446742,"array([-31.01044911,  26.14023764])"
9823,96534547,"array([-30.99225581,  26.52566367])"
9824,98304164,"array([-31.1745135 ,  26.48369478])"
9825,99811329,"array([-30.93490625,  26.33327865])"
9826,96403612,"array([-31.17330657,  26.32977745])"
9827,80740359,"array([-31.27253919,  26.75659795])"
9828,83361815,"array([-31.15192073,  26.75107312])"
9829,96141478,"array([-33.34970902,  28.09611645])"
9830,99090433,"array([-33.9394141 ,  28.61562836])"
9831,99811330,"array([-30.82277694,  26.55388043])"
9832,104399013,"array([-30.78189595,  27.32689828])"
9833,104333460,"array([-30.79012278,  27.49169734])"
9834,76611624,"array([-30.91094102,  27.70547833])"
9835,96337947,"array([-30.91808334,  27.19565779])"
9836,81068070,"array([-30.88503845,  26.86568682])"
9837,72613901,"array([-30.80969739,  26.73798344])"
9838,103088129,"array([-30.722433,  26.913615])"
9839,95617036,"array([-30.5608761 ,  26.39802381])"
9840,90505400,"array([-30.71361048,  26.16337306])"
9841,74514614,"array([-30.55050954,  25.79082943])"
9842,100859938,"array([-30.30280583,  27.77932491])"
9843,92864532,"array([-30.17101124,  27.72568105])"
9844,76284059,"array([-30.26256247,  27.91307684])"
9845,73269428,"array([-30.40684295,  27.70584498])"
9846,103022621,"array([-30.2558912,  27.6477328])"
9847,89325581,"array([-31.15594885,  27.5855087 ])"
9848,77398051,"array([-30.4140254 ,  26.80712871])"
9849,91160576,"array([-30.39664695,  26.99231539])"
9850,73859095,"array([-30.13374512,  26.76356898])"
9851,100925455,"array([-30.80474965,  28.51385064])"
9852,77070360,"array([-31.13305391,  28.05083826])"
9853,83558541,"array([-31.12513326,  27.85715429])"
9854,78184600,"array([-30.93490738,  28.84130886])"
9855,100991165,"array([-30.41881144,  26.52541251])"
9856,73138196,"array([-29.91283976,  25.98221149])"
9857,76218370,"array([-29.47470736,  26.87927656])"
9858,86966458,"array([-29.68608515,  26.84694922])"
9859,92274688,"array([-29.50140127,  27.10735224])"
9860,100335777,"array([-29.92505896,  26.63299638])"
9861,73334784,"array([-29.36336145,  27.72673537])"
9862,83165184,"array([-29.4460149 ,  27.85910003])"
9863,83886090,"array([-30.65295039,  28.17331807])"
9864,101056512,"array([-29.93645301,  27.00540331])"
9865,102367233,"array([-29.74580589,  27.04573175])"
9866,98238480,"array([-30.10140854,  27.05948167])"
9867,100728832,"array([-29.87895268,  27.17197737])"
9868,102695093,"array([-30.21010165,  27.44202068])"
9869,80347167,"array([-30.0601032 ,  27.34533398])"
9870,77463710,"array([-29.79470971,  27.59497034])"
9871,73597115,"array([-29.9570165 ,  27.63653137])"
9872,104136857,"array([-29.59254024,  25.76406262])"
9873,74776738,"array([-29.88764672,  27.48272154])"
9874,94961690,"array([-29.5074193 ,  27.38142889])"
9875,103677976,"array([-29.900659  ,  27.79781449])"
9876,88604822,"array([-29.78157155,  27.89793395])"
9877,104464395,"array([-30.58014479,  27.54434672])"
9878,83820567,"array([-30.43291734,  27.25882914])"
9879,77267114,"array([-28.77332833,  26.58271858])"
9880,103809033,"array([-29.00072657,  26.62330337])"
9881,85655565,"array([-28.83718113,  26.86766886])"
9882,83558542,"array([-29.1940737 ,  26.73365499])"
9883,74317991,"array([-30.48856707,  27.43944342])"
9884,103350291,"array([-29.04467381,  26.90424965])"
9885,77856779,"array([-29.93097535,  28.05519732])"
9886,83361816,"array([-29.76806139,  28.40673856])"
9887,102629384,"array([-29.6716128 ,  26.23703842])"
9888,94699681,"array([-29.56059675,  27.54850674])"
9889,95485969,"array([-29.2849547 ,  27.51840206])"
9890,81068071,"array([-28.92472535,  27.32396815])"
9891,77398052,"array([-29.16019146,  27.89505111])"
9892,72941577,"array([-30.31718201,  28.28281772])"
9893,78184601,"array([-29.62511699,  28.18176557])"
9894,84344833,"array([-29.61342063,  28.01050075])"
9895,91881473,"array([-29.49751396,  28.300072  ])"
9896,81264646,"array([-30.08316433,  28.05504867])"
9897,99090434,"array([-29.92643323,  28.23107583])"
9898,96403613,"array([-30.26227587,  29.58613548])"
9899,102367234,"array([-29.20975376,  28.33155098])"
9900,81068072,"array([-29.24908161,  28.12446722])"
9901,80347168,"array([-30.57864441,  27.94261652])"
9902,101056513,"array([-28.06524696,  28.25794272])"
9903,83361817,"array([-28.28808473,  28.35862341])"
9904,98238481,"array([-28.32802864,  28.20918325])"
9905,100859939,"array([-30.29909932,  28.53373683])"
9906,104464396,"array([-28.98367064,  29.44839772])"
9907,105512961,"array([-29.01581423,  29.10712147])"
9908,103809034,"array([-30.0198789,  28.46153  ])"
9909,77267115,"array([-30.12915556,  28.27760346])"
9910,100728833,"array([-27.43166166,  28.27072395])"
9911,85655566,"array([-28.44589688,  28.90189952])"
9912,95485970,"array([-28.4288253 ,  30.03887037])"
9913,72941578,"array([-28.57384139,  30.20445704])"
9914,73334785,"array([-28.68104959,  29.86144415])"
9915,74776739,"array([-28.21487196,  29.09498975])"
9916,103350292,"array([-27.89663617,  30.04926922])"
9917,106168328,"array([-28.92198271,  28.77991745])"
9918,73334786,"array([-27.7234309 ,  30.18131861])"
9919,103809035,"array([-27.16925182,  29.35332222])"
9920,77267116,"array([-27.31775149,  29.54519363])"
9921,77856780,"array([-27.37817143,  30.07728877])"
9922,91881474,"array([-27.54467459,  29.92073056])"
9923,76284060,"array([-25.56566829,  28.98266144])"
9924,93978651,"array([-25.15505741,  28.68616776])"
9925,75104410,"array([-25.01845301,  28.63314551])"
9926,72941579,"array([-26.56736371,  29.26518069])"
9927,77398053,"array([-25.58045956,  28.71250533])"
9928,101974029,"array([-27.28136913,  27.73940178])"
9929,98238482,"array([-25.97913026,  28.56999704])"
9930,101974030,"array([-25.62792408,  28.30213521])"
9931,83361818,"array([-25.39648875,  28.42649095])"
9932,103350293,"array([-25.24302565,  28.43921516])"
9933,91881475,"array([-25.26440706,  28.93797467])"
9934,77267117,"array([-25.37889072,  29.0657926 ])"
9935,78184602,"array([-25.17339252,  28.19280195])"
9936,78446743,"array([-24.8323346 ,  28.06379469])"
9937,79167645,"array([-24.65290502,  27.95960882])"
9938,77856781,"array([-24.20001008,  28.45853493])"
9939,103809037,"array([-24.14547881,  28.6522299 ])"
9940,73334787,"array([-24.83352255,  28.59048365])"
9941,96403614,"array([-24.96574713,  28.32594867])"
9942,85655567,"array([-24.80234988,  29.46359801])"
9943,81264647,"array([-24.60017088,  29.39304969])"
9944,101056514,"array([-24.47015707,  29.15648329])"
9945,72941580,"array([-24.63959946,  29.1415687 ])"
9946,104464397,"array([-24.56974634,  29.02284378])"
9947,94699682,"array([-25.14857141,  27.88542537])"
9948,100728834,"array([-24.49622137,  28.14000531])"
9949,105512962,"array([-24.28413403,  28.1931262 ])"
9950,80019596,"array([-24.40779711,  27.95079325])"
9951,102367235,"array([-24.59960198,  28.37321146])"
9952,92864533,"array([-24.51905703,  28.58364962])"
9953,82444463,"array([-23.75256827,  28.28925716])"
9954,78446744,"array([-25.41833004,  29.38754198])"
9955,79167646,"array([-25.40627322,  29.57763343])"
9956,83886091,"array([-25.23272346,  29.44230361])"
9957,92274689,"array([-23.4254586 ,  29.15142798])"
9958,80150717,"array([-23.97689871,  29.04892636])"
9959,83820568,"array([-23.77547227,  29.02371339])"
9960,80347169,"array([-25.07966148,  29.22225793])"
9961,74317992,"array([-24.95700037,  29.1212706 ])"
9962,77463711,"array([-24.29224252,  29.64537704])"
9963,74776740,"array([-24.3133414 ,  29.48389151])"
9964,92864534,"array([-24.7541326,  29.7499513])"
9965,98238483,"array([-24.67189755,  29.99201706])"
9966,75694102,"array([-25.87839666,  29.13970043])"
9967,96141479,"array([-25.79625436,  29.3240385 ])"
9968,75235329,"array([-25.13382276,  29.81266072])"
9969,83165186,"array([-25.49658092,  28.00762791])"
9970,105512963,"array([-24.72352737,  30.2068924 ])"
9971,100728835,"array([-24.51212807,  30.16337603])"
9972,95682569,"array([-0.99336108, 61.26587963])"
9973,97124353,"array([-1.12714038, 61.16518579])"
9974,100859940,"array([-2.71360475, 60.98999668])"
9975,103088130,"array([-2.54505312, 60.71205248])"
9976,91160577,"array([-2.24543054, 61.77440471])"
9977,77070361,"array([-2.04525096, 61.7028052 ])"
9978,100925456,"array([-1.60594923, 62.09784955])"
9979,93192213,"array([-2.88368069, 61.41246949])"
9980,104333461,"array([-2.73403409, 61.45756429])"
9981,86769686,"array([-2.83387338, 61.82132375])"
9982,96075955,"array([-2.62913117, 61.55668233])"
9983,78577816,"array([-2.72914619, 61.67520397])"
9984,72744983,"array([-2.99329774, 61.77321898])"
9985,103153807,"array([-2.9945451 , 61.59847265])"
9986,76087453,"array([-3.13630785, 61.44777774])"
9987,91488257,"array([-2.84943701, 61.56251581])"
9988,75628561,"array([-2.6158885 , 62.08256354])"
9989,76611625,"array([-2.66200898, 62.26533546])"
9990,83034288,"array([-2.17296755, 61.45673598])"
9991,90505401,"array([-2.47599585, 62.17711704])"
9992,79560716,"array([-1.95767181, 62.86594266])"
9993,95617037,"array([-1.74207846, 62.59717926])"
9994,84476072,"array([-3.31767917, 61.74059352])"
9995,73859096,"array([-1.62896033, 59.17225846])"
9996,100335778,"array([-1.89323943, 59.12356204])"
9997,86966459,"array([-3.02457775, 62.0016224 ])"
9998,75694103,"array([-2.17476433, 59.42521988])"
9999,98238484,"array([-2.01267713, 59.41411202])"
10000,95485971,"array([-2.25259313, 59.1851012 ])"
10001,83165187,"array([-2.39034139, 59.38141828])"
10002,103809038,"array([-1.42019301, 61.16632376])"
10003,74776741,"array([-1.62747331, 60.94919311])"
10004,77267118,"array([-2.2573837 , 61.00088484])"
10005,99090435,"array([-2.3661446 , 61.16988953])"
10006,83558543,"array([-2.1562194 , 61.22892503])"
10007,94699683,"array([-2.06711522, 61.08206844])"
10008,100728837,"array([-1.18524721, 60.72883229])"
10009,105512964,"array([-1.07575624, 60.60778152])"
10010,78381219,"array([-1.30128448, 60.80588147])"
10011,101974031,"array([-1.00210478, 60.8189478 ])"
10012,95158439,"array([-1.56957883, 59.92469547])"
10013,98631834,"array([-1.40895497, 60.14428737])"
10014,85655568,"array([-1.3983231 , 59.97012014])"
10015,81264648,"array([-1.68365417, 60.02133855])"
10016,75235330,"array([-1.56850477, 60.12469176])"
10017,83886092,"array([-1.90430714, 60.64207693])"
10018,96403615,"array([-1.65883255, 60.33960223])"
10019,77922455,"array([-1.66697558, 61.25395911])"
10020,105840652,"array([-1.58404653, 61.4093179 ])"
10021,89587733,"array([-0.29187278, 61.0371294 ])"
10022,90636462,"array([-0.2585787 , 60.88826697])"
10023,76284061,"array([-1.28729076, 59.72982211])"
10024,78184603,"array([-2.25424511, 59.72099716])"
10025,90046486,"array([-2.07224843, 59.93105617])"
10026,79626241,"array([-1.98146354, 59.7862277 ])"
10027,90701825,"array([-0.40765238, 60.42876946])"
10028,99811331,"array([-0.37551822, 60.58855376])"
10029,74973325,"array([-0.16230289, 60.65381014])"
10030,101843110,"array([-2.85547522, 60.03126307])"
10031,89325582,"array([-2.65144564, 60.05533962])"
10032,104399014,"array([-2.73675303, 59.8263817 ])"
10033,98304165,"array([-2.64752213, 60.23057538])"
10034,76284062,"array([-2.50289503, 59.96968422])"
10035,76611626,"array([-1.20307336, 60.25388508])"
10036,90505402,"array([-1.80307597, 60.83924792])"
10037,106168329,"array([-0.65406893, 61.143528  ])"
10038,91881476,"array([-0.50620617, 61.28177855])"
10039,93978652,"array([-0.81504787, 61.33971188])"
10040,72613902,"array([-2.34082558, 60.29126682])"
10041,73597116,"array([-1.1335759, 60.0628887])"
10042,94961691,"array([-1.00808907, 60.01182337])"
10043,83361819,"array([-0.96186317, 60.24887088])"
10044,80347170,"array([-0.89359175, 60.08695806])"
10045,102629385,"array([-1.27661994, 60.46326294])"
10046,73334788,"array([-1.43877804, 60.41453198])"
10047,102367236,"array([-1.53185821, 60.70116645])"
10048,84344834,"array([-1.61340265, 60.57925692])"
10049,101056515,"array([-1.41286911, 60.58144692])"
10050,102695095,"array([-3.28391051, 60.66851689])"
10051,96141480,"array([-2.78727625, 60.74703191])"
10052,77856782,"array([-1.89446182, 60.46965879])"
10053,73138197,"array([-2.21259416, 60.51511276])"
10054,82247682,"array([-2.06754956, 60.22906515])"
10055,98238485,"array([-0.56832945, 60.46007107])"
10056,83165188,"array([-0.5113529, 60.718227 ])"
10057,94503070,"array([-1.02604927, 59.54477861])"
10058,105906337,"array([-0.83816969, 59.86247739])"
10059,80740360,"array([-0.83771863, 59.7053475 ])"
10060,104136858,"array([-1.07009945, 59.06908323])"
10061,73859097,"array([-0.85572535, 59.3018816 ])"
10062,86769687,"array([-0.31700246, 59.46441498])"
10063,75235331,"array([-1.72811357, 59.59349622])"
10064,78577817,"array([-0.44731049, 59.5927039 ])"
10065,104333462,"array([-0.16245128, 59.76402792])"
10066,74776742,"array([-0.27884676, 59.91145804])"
10067,103088131,"array([-0.36783168, 58.99938518])"
10068,91488258,"array([-0.47772455, 59.40183819])"
10069,76087454,"array([-0.53250525, 58.0231807 ])"
10070,72744984,"array([-0.24778608, 59.1709021 ])"
10071,100335779,"array([-0.37782532, 59.77337669])"
10072,75628562,"array([-0.63545875, 59.51090351])"
10073,77070362,"array([-0.62961621, 59.28568439])"
10074,84476073,"array([-0.09086622, 59.62409565])"
10075,93192214,"array([-0.07603768, 59.33110945])"
10076,86966460,"array([-0.27341137, 59.65928803])"
10077,96075956,"array([-0.47072505, 59.18880204])"
10078,103153808,"array([-0.09626215, 59.14138421])"
10079,103809039,"array([-0.54420759, 59.7910638 ])"
10080,91160578,"array([-0.15556295, 59.43821207])"
10081,100859941,"array([-0.33506395, 59.31771552])"
10082,79560717,"array([-2.52723024e-02,  5.89187017e+01])"
10083,77398054,"array([ 0.39231825, 60.55307952])"
10084,95092881,"array([ 0.5029947 , 60.55421328])"
10085,95617038,"array([ 0.16105629, 60.59251714])"
10086,77463712,"array([ 0.54254453, 60.68750957])"
10087,100925457,"array([ 0.24173181, 59.09793666])"
10088,102629386,"array([ 0.71498207, 60.75884694])"
10089,97124354,"array([ 0.35260731, 59.99037173])"
10090,73269429,"array([-2.0585632 , 62.07185228])"
10091,101056516,"array([ 0.70075322, 60.01095723])"
10092,90505403,"array([ 0.67047345, 59.85575467])"
10093,101843111,"array([ 0.20877742, 60.13519235])"
10094,98304166,"array([ 0.55471921, 60.00313753])"
10095,75694104,"array([ 0.56584456, 60.27790938])"
10096,95485972,"array([ 0.66018721, 60.18040385])"
10097,89325583,"array([ 0.35698425, 60.13537235])"
10098,79626242,"array([ 0.51771393, 60.13394179])"
10099,76284063,"array([ 0.22149533, 59.90183945])"
10100,83034289,"array([ 0.46968938, 59.89404333])"
10101,78184604,"array([ 0.84439413, 60.07699314])"
10102,102367237,"array([ 0.74266859, 60.42758806])"
10103,80019597,"array([ 0.96984024, 60.69045175])"
10104,90046487,"array([ 0.10954429, 60.05709098])"
10105,78446745,"array([ 0.35375497, 60.31801713])"
10106,73334789,"array([ 1.67544477, 59.3064404 ])"
10107,94699684,"array([-0.26252856, 60.11962835])"
10108,77922456,"array([ 1.04113595, 59.31921622])"
10109,105840653,"array([ 0.86909541, 59.25448549])"
10110,100991166,"array([ 0.49041005, 59.44151372])"
10111,78119048,"array([ 0.49201387, 59.6973704 ])"
10112,102301711,"array([ 0.36258657, 59.58036058])"
10113,74317993,"array([ 0.32257694, 59.72039614])"
10114,100925458,"array([-0.06970899, 60.37471526])"
10115,94699685,"array([3.10536412e-02, 6.02066351e+01])"
10116,88997932,"array([ 0.66430489, 59.03605889])"
10117,104464398,"array([ 0.15594824, 60.324087  ])"
10118,95158440,"array([ 1.09551633, 60.58168458])"
10119,77267119,"array([ 0.33123937, 61.76944831])"
10120,81264649,"array([ 0.07060429, 61.34180005])"
10121,100728838,"array([-0.22000226, 61.72939393])"
10122,101974032,"array([ 0.21899412, 61.96466838])"
10123,72613903,"array([-0.09136191, 61.86772853])"
10124,76611627,"array([-0.06208843, 61.70063251])"
10125,84344836,"array([ 0.087494  , 61.79531195])"
10126,76218373,"array([-2.93497129e-02,  6.20234101e+01])"
10127,83886093,"array([ 0.20208807, 61.69317545])"
10128,85655569,"array([ 0.16122834, 62.10835584])"
10129,98631835,"array([-0.12423065, 61.50407096])"
10130,99090436,"array([-0.24566576, 61.90616046])"
10131,104399015,"array([8.01446975e-03, 6.15445022e+01])"
10132,96403616,"array([ 0.23623255, 61.50387633])"
10133,78381220,"array([-0.30410643, 61.59092733])"
10134,75235332,"array([ 1.40720427, 61.02346122])"
10135,83558544,"array([ 0.27155288, 61.33493832])"
10136,105512965,"array([ 0.34366234, 61.56789489])"
10137,88604823,"array([ 1.26750444, 60.75115672])"
10138,83361820,"array([ 0.09209989, 60.9244083 ])"
10139,73597117,"array([ 0.23634504, 60.80447762])"
10140,93192215,"array([ 0.4526618 , 61.85086246])"
10141,103088132,"array([ 0.59893098, 62.00784576])"
10142,81068075,"array([ 0.73080993, 61.39949352])"
10143,104333463,"array([ 0.56744108, 61.31236257])"
10144,102695096,"array([ 0.61368645, 61.72243427])"
10145,82247683,"array([ 0.46860507, 61.70048079])"
10146,94961692,"array([ 0.73385556, 61.84670806])"
10147,80347171,"array([ 0.85205857, 61.79346528])"
10148,96141481,"array([ 0.5560545 , 61.59233556])"
10149,103809040,"array([ 0.40426386, 61.99503391])"
10150,100335780,"array([ 0.56984435, 62.14899789])"
10151,79560718,"array([ 0.79563402, 62.35156161])"
10152,73859098,"array([ 0.72477829, 61.69276177])"
10153,94503071,"array([ 0.87349817, 61.55339371])"
10154,74776743,"array([ 0.59800179, 61.84836539])"
10155,100859942,"array([ 0.76814044, 62.06223572])"
10156,76087455,"array([ 0.34110574, 62.38550273])"
10157,77856783,"array([ 0.35861273, 61.03051669])"
10158,95682570,"array([ 0.56983975, 61.05570538])"
10159,77070363,"array([ 2.15239427, 61.01771973])"
10160,104136859,"array([ 2.14842896, 60.70442154])"
10161,73269430,"array([ 0.84134542, 60.93304428])"
10162,75694105,"array([ 1.49900471, 60.8322075 ])"
10163,79626243,"array([ 1.56553649, 61.04506205])"
10164,76284064,"array([ 1.60359921, 60.92987689])"
10165,102367238,"array([ 1.73303613, 60.89896805])"
10166,77922457,"array([ 2.47241948, 61.39997954])"
10167,94699686,"array([ 2.08218997, 61.45243294])"
10168,88997933,"array([ 2.18732648, 61.54066114])"
10169,100925459,"array([ 2.02399417, 61.57810523])"
10170,84476074,"array([ 1.90871118, 61.49486596])"
10171,90046488,"array([ 1.8691664 , 61.27869663])"
10172,80740361,"array([ 2.04223155, 61.23595653])"
10173,105840654,"array([ 1.82732567, 61.4139883 ])"
10174,73334791,"array([-0.31968707, 62.78741686])"
10175,105906338,"array([ 1.98232281, 61.35980425])"
10176,78577819,"array([ 1.6746244 , 61.33070142])"
10177,104464399,"array([ 1.87690786, 61.61737473])"
10178,86966461,"array([ 1.70319357, 61.50114179])"
10179,101843112,"array([ 1.14340163, 61.93945357])"
10180,78184605,"array([ 1.53526217, 62.10411448])"
10181,83034290,"array([ 1.37050006, 61.98709651])"
10182,98304168,"array([ 1.14313871, 62.17974022])"
10183,78446746,"array([ 1.2436147 , 62.07214186])"
10184,99811332,"array([ 1.35373006, 62.18357616])"
10185,101056517,"array([ 1.13994193, 61.35733449])"
10186,89325584,"array([ 1.34630208, 61.38639001])"
10187,95617039,"array([ 2.79211076, 61.65838068])"
10188,95485973,"array([ 1.27939379, 61.25281003])"
10189,90505404,"array([ 1.29614783, 61.50270474])"
10190,76611628,"array([ 1.74144421, 61.63781017])"
10191,97124355,"array([ 1.78320585, 62.87137679])"
10192,96075957,"array([ 1.9859038 , 62.53279416])"
10193,91160580,"array([ 1.86784554, 60.62718737])"
10194,104399016,"array([ 1.19774266, 61.70868788])"
10195,98631836,"array([ 1.42726584, 61.77393889])"
10196,102301712,"array([ 2.115257  , 62.16843331])"
10197,74973326,"array([ 1.96830695, 62.12631298])"
10198,90701826,"array([ 2.04701099, 61.92919997])"
10199,103153809,"array([ 2.68717043, 61.96890068])"
10200,74317994,"array([ 2.1836552 , 61.87223945])"
10201,73597118,"array([ 2.87365554, 62.191235  ])"
10202,100728839,"array([ 2.14191521, 61.75063219])"
10203,83361821,"array([ 1.91984819, 61.97496719])"
10204,75628563,"array([ 1.9809013 , 61.76532237])"
10205,73138199,"array([ 2.4512332 , 62.30584967])"
10206,76218374,"array([ 2.61178264, 61.49531275])"
10207,72744986,"array([ 2.3217987 , 62.14713634])"
10208,83558545,"array([ 2.29397853, 61.97469604])"
10209,91488259,"array([ 2.15269149, 62.03433295])"
10210,98238486,"array([ 2.37913181, 61.86734918])"
10211,100991167,"array([ 1.85509899, 61.80147272])"
10212,83165190,"array([ 2.29968844, 61.71984842])"
10213,72613904,"array([ 1.45576665, 62.30376214])"
10214,73334792,"array([ 1.26654252, 62.41565317])"
10215,86769689,"array([ 1.90801109, 61.11492096])"
10216,84344837,"array([ 1.71585428, 62.29678448])"
10217,78381221,"array([ 1.07492913, 62.65711438])"
10218,103088133,"array([ 2.27413555, 61.35149879])"
10219,104333464,"array([ 2.39286257, 61.08059757])"
10220,93192216,"array([ 2.57753582, 62.61003816])"
10221,95092882,"array([ 2.32042886, 62.65035585])"
10222,81068076,"array([ 0.72344912, 62.81116787])"
10223,100859943,"array([ 2.21456391, 62.35547587])"
10224,80347172,"array([ 0.38096415, 63.31679578])"
10225,98304169,"array([ 0.5790154 , 63.22316667])"
10226,74776744,"array([ 1.6641354 , 61.87581808])"
10227,101056518,"array([ 2.24344594, 63.55503571])"
10228,78184606,"array([ 2.86247526, 61.50156514])"
10229,100728840,"array([ 2.79765338, 61.3312061 ])"
10230,76611629,"array([ 2.86418921, 61.24765304])"
10231,84476075,"array([ 2.94309799, 61.3553369 ])"
10232,104464400,"array([ 3.07083089, 61.31270556])"
10233,88997934,"array([ 3.01210007, 61.50225729])"
10234,90046489,"array([ 3.12205949, 61.44976694])"
10235,74317995,"array([ 2.98891495, 61.2077578 ])"
10236,100925460,"array([ 3.23388372, 61.52736808])"
10237,105906339,"array([ 2.91019272, 61.05164661])"
10238,83165191,"array([ 2.76783717, 61.09754242])"
10239,102301713,"array([ 3.24746839, 61.95038655])"
10240,74973327,"array([ 3.24726709, 62.18728104])"
10241,83558546,"array([ 3.04450621, 61.90565169])"
10242,86966462,"array([ 3.06415456, 62.12029103])"
10243,81068077,"array([ 4.01265259, 61.82160623])"
10244,95092883,"array([ 3.97395799, 59.6633457 ])"
10245,83361822,"array([ 3.84743642, 59.85851698])"
10246,91160581,"array([ 3.79912119, 59.64496715])"
10247,101974033,"array([ 3.23726857, 59.96487291])"
10248,99090438,"array([ 3.18643684, 60.28563633])"
10249,91881477,"array([ 3.42147303, 60.23448268])"
10250,83886094,"array([ 4.0822193 , 60.16839021])"
10251,106168330,"array([ 4.01702624, 60.33302131])"
10252,78446747,"array([ 3.25639611, 60.76807426])"
10253,104399017,"array([ 3.48095924, 61.04200136])"
10254,83034291,"array([ 3.09459075, 60.80300337])"
10255,73269431,"array([ 3.42736367, 60.81675822])"
10256,80019598,"array([ 3.53018484, 60.8738515 ])"
10257,80347173,"array([ 3.50552164, 59.96485039])"
10258,102629387,"array([ 3.04357045, 60.9384282 ])"
10259,74514616,"array([ 3.2101276 , 61.14742901])"
10260,85655570,"array([ 4.45832018, 59.7359487 ])"
10261,96403617,"array([ 4.35178331, 60.17468362])"
10262,77398055,"array([ 3.35292215, 61.15074031])"
10263,105512966,"array([ 3.29457017, 61.03827986])"
10264,95158441,"array([ 3.32251105, 60.88761692])"
10265,96141482,"array([ 3.2670719 , 61.23662496])"
10266,97124356,"array([ 3.19475897, 60.98541333])"
10267,96075958,"array([ 3.2036009 , 60.86590057])"
10268,93978653,"array([ 3.38824778, 60.97305114])"
10269,98631837,"array([ 3.48422193, 61.17015401])"
10270,90505405,"array([ 3.08936829, 61.07715938])"
10271,72613905,"array([ 3.61671561, 61.0238964 ])"
10272,89325585,"array([ 3.3354007 , 60.60670076])"
10273,73859099,"array([ 3.18295631, 62.70741263])"
10274,90636463,"array([ 3.18659937, 62.44080559])"
10275,73334793,"array([ 3.87996089, 60.54928949])"
10276,90701827,"array([ 4.06015106, 60.80580148])"
10277,75628564,"array([ 4.26280235, 60.88091341])"
10278,103809041,"array([ 4.01433383, 60.96710116])"
10279,77267120,"array([ 4.09116163, 60.64353156])"
10280,77856784,"array([ 3.82435095, 60.74815131])"
10281,94503072,"array([ 4.3616382 , 60.57855034])"
10282,89587734,"array([ 2.94891596, 63.56964234])"
10283,95682571,"array([ 3.85982622, 61.04296543])"
10284,98304170,"array([ 2.62806113, 59.85147588])"
10285,89325586,"array([ 3.40248695, 61.31730583])"
10286,75694106,"array([ 4.74271873, 60.5230673 ])"
10287,86966463,"array([ 5.12438508, 60.56291896])"
10288,102367239,"array([ 4.58049687, 60.30604371])"
10289,78577820,"array([ 5.44673876, 62.15674066])"
10290,101843113,"array([ 4.62158709, 61.16761317])"
10291,99811333,"array([ 4.84408997, 60.95650345])"
10292,78381222,"array([ 4.43681173, 61.11943101])"
10293,72744987,"array([ 5.05578878, 60.99908278])"
10294,100991168,"array([ 3.85514676, 61.49036067])"
10295,96403618,"array([ 4.18388848, 61.22073193])"
10296,94961693,"array([ 4.59842648, 60.69512327])"
10297,100728841,"array([ 3.60201026, 62.08467287])"
10298,77398056,"array([ 3.74355429, 62.16015592])"
10299,100335781,"array([ 5.57214921, 62.40727801])"
10300,102695097,"array([ 5.5665182 , 62.56671193])"
10301,100859944,"array([ 3.84078787, 62.87613159])"
10302,86769690,"array([ 3.75817088, 62.74631168])"
10303,84344838,"array([ 3.98763739, 62.70659811])"
10304,74776745,"array([ 3.96740154, 62.90666057])"
10305,105840655,"array([ 3.69781589, 62.96766348])"
10306,80740362,"array([ 4.85153208, 63.16239805])"
10307,95485974,"array([ 4.31428958, 62.91007491])"
10308,88604824,"array([ 4.43336891, 63.22878134])"
10309,98238487,"array([ 3.96398389, 63.28542671])"
10310,101974034,"array([ 4.82688585, 62.6602693 ])"
10311,98304171,"array([ 4.70312313, 62.74612144])"
10312,80347174,"array([ 4.89147451, 62.85638512])"
10313,77070364,"array([ 4.70892582, 63.41458792])"
10314,83558547,"array([ 4.47436484, 62.83160514])"
10315,76284065,"array([ 5.03205712, 63.07944431])"
10316,82247684,"array([ 4.94172455, 62.2312442 ])"
10317,99090439,"array([ 5.04841466, 62.15790869])"
10318,75235333,"array([ 4.58455842, 61.88321411])"
10319,90636464,"array([ 4.7991908 , 62.11257844])"
10320,103088134,"array([ 4.75446557, 62.98827841])"
10321,74973328,"array([ 4.59525117, 63.04924375])"
10322,93978654,"array([ 4.63340155, 62.29679639])"
10323,85655571,"array([ 5.03802187, 61.92110262])"
10324,86966464,"array([ 4.17224986, 62.53613657])"
10325,104399018,"array([ 4.45803728, 62.07550273])"
10326,96075959,"array([ 4.48492018, 62.24387213])"
10327,96403619,"array([ 4.59790613, 62.10870979])"
10328,90505406,"array([ 4.67543652, 61.99195249])"
10329,105906340,"array([ 4.81582682, 61.94112677])"
10330,89325587,"array([ 4.77569944, 62.25169278])"
10331,83886095,"array([ 3.5304141 , 62.62464443])"
10332,95682572,"array([ 3.8542878 , 62.54864143])"
10333,106168331,"array([ 3.60774185, 62.45940152])"
10334,77267121,"array([ 4.23873774, 62.68781479])"
10335,95617040,"array([ 5.09188313, 61.61297796])"
10336,104136860,"array([ 4.7203344 , 61.73348967])"
10337,104333465,"array([ 4.51134949, 62.53798292])"
10338,73269432,"array([ 5.00492202, 63.38335692])"
10339,80019599,"array([ 4.34425846, 63.42931011])"
10340,77922458,"array([ 4.33408114, 61.86979532])"
10341,88997935,"array([ 3.20088107, 63.82836928])"
10342,98238488,"array([ 5.13831772, 62.63365805])"
10343,89587735,"array([ 4.25990809, 63.09044904])"
10344,91160582,"array([ 4.13866598, 63.1503491 ])"
10345,102301714,"array([ 5.35764766, 62.85525288])"
10346,91881478,"array([ 5.33855699, 62.98946122])"
10347,95092885,"array([ 5.44586342, 62.3661895 ])"
10348,73597119,"array([ 5.72013681, 62.46841263])"
10349,101056519,"array([ 5.74487981, 62.66622116])"
10350,79626245,"array([ 5.42787867, 62.52353989])"
10351,100728842,"array([ 5.67891396, 62.29870094])"
10352,86966465,"array([ 5.84549811, 62.27710748])"
10353,77398057,"array([ 5.9808908 , 62.56540151])"
10354,79560720,"array([ 6.13567582, 62.22106317])"
10355,83361823,"array([ 5.87908855, 62.43249964])"
10356,84344839,"array([ 5.15862968, 62.36271348])"
10357,96403620,"array([ 5.5450757 , 62.97169958])"
10358,77922459,"array([ 5.59806789, 63.11830399])"
10359,85655572,"array([ 5.74897753, 62.05508055])"
10360,93978655,"array([ 5.82230577, 63.20230102])"
10361,103088135,"array([ 6.64902418, 63.2468458 ])"
10362,104136861,"array([ 5.57187383, 61.69949104])"
10363,90505407,"array([ 5.06742154, 63.91589309])"
10364,78184607,"array([ 5.91620699, 62.96500571])"
10365,103088136,"array([ 5.35206068, 61.89861799])"
10366,83558548,"array([ 5.26752357, 63.63513835])"
10367,80347175,"array([ 4.97382824, 63.64331323])"
10368,100728843,"array([ 6.37934804, 64.27709714])"
10369,79560721,"array([ 6.71581764, 64.59795437])"
10370,89325588,"array([ 5.32044034, 63.31572413])"
10371,83558549,"array([ 5.41785906, 63.53442542])"
10372,86966466,"array([ 5.44058346, 63.84702729])"
10373,106168332,"array([ 6.04947235, 63.26386445])"
10374,81068078,"array([ 6.05625132, 63.46089043])"
10375,89587736,"array([ 5.85575616, 63.50701746])"
10376,91160583,"array([ 6.15900709, 63.81007211])"
10377,85655573,"array([ 5.76343469, 64.06239955])"
10378,100335782,"array([ 5.78224372, 63.79909727])"
10379,98238489,"array([ 5.58225071, 63.67992391])"
10380,75235334,"array([ 5.99520134, 64.39578741])"
10381,101056520,"array([ 6.38269712, 63.55480451])"
10382,73269433,"array([49.36651278, 13.55003565])"
10383,91160584,"array([49.19203165, 13.3732144 ])"
10384,77856785,"array([48.92696166, 13.63313073])"
10385,77070365,"array([49.49488803, 13.68124463])"
10386,94961694,"array([49.45825158, 14.15896486])"
10387,100925462,"array([49.41652335, 13.32430425])"
10388,84476076,"array([49.23756691, 13.63949845])"
10389,76087457,"array([49.1561044 , 13.06479794])"
10390,78577821,"array([48.56618562, 14.1565683 ])"
10391,98304172,"array([48.43926185, 14.28086325])"
10392,80347176,"array([48.23217266, 14.15039459])"
10393,95092886,"array([48.77959735, 13.55042318])"
10394,78184608,"array([48.61899813, 13.71144897])"
10395,101974036,"array([48.82132829, 13.94629895])"
10396,105906341,"array([49.03909994, 14.13686014])"
10397,102367240,"array([48.4746915 , 14.61080791])"
10398,102695098,"array([48.57060609, 14.47442679])"
10399,88604825,"array([48.80060001, 14.45578671])"
10400,89325589,"array([48.80068473, 14.2688505 ])"
10401,101056521,"array([48.37744293, 13.98822094])"
10402,98238490,"array([49.06909686, 13.84122671])"
10403,90636465,"array([48.49521099, 13.37079731])"
10404,95485975,"array([48.69683759, 15.11630307])"
10405,75235335,"array([48.66470886, 14.87086887])"
10406,78119050,"array([49.28297981, 15.1003854 ])"
10407,82247685,"array([49.63984479, 15.02600687])"
10408,76284066,"array([49.42529589, 15.15308559])"
10409,102301715,"array([49.43872075, 14.96579907])"
10410,85655574,"array([49.15919881, 14.98695507])"
10411,103088137,"array([49.29726822, 14.91176262])"
10412,83165192,"array([49.1078216 , 15.17169979])"
10413,79560722,"array([48.35740261, 14.90168954])"
10414,80740363,"array([48.51522832, 15.01023223])"
10415,90701828,"array([49.20931102, 14.68360239])"
10416,83034292,"array([49.344569  , 14.58249043])"
10417,75694107,"array([49.23404967, 14.42612946])"
10418,99811334,"array([49.16658332, 14.55557383])"
10419,106168333,"array([49.5742785 , 14.81507969])"
10420,76218375,"array([48.49769474, 15.23503122])"
10421,95682573,"array([48.79122967, 14.9001036 ])"
10422,93978656,"array([49.3585115 , 14.73082642])"
10423,96075960,"array([49.39290882, 14.43566889])"
10424,72744990,"array([48.22640351, 15.14541816])"
10425,72613906,"array([48.78585838, 15.0258094 ])"
10426,80019601,"array([48.42892926, 15.49721609])"
10427,73859100,"array([48.93461351, 14.65685511])"
10428,100335783,"array([49.01417566, 14.80637221])"
10429,75628565,"array([50.13412505, 14.70589662])"
10430,96141484,"array([49.98724089, 14.79885513])"
10431,73138201,"array([50.38118132, 14.59619632])"
10432,94503073,"array([49.8302364 , 14.56715159])"
10433,81068079,"array([49.59736759, 14.53434532])"
10434,104136862,"array([47.83710464, 15.01178644])"
10435,90505408,"array([49.79738348, 14.30170008])"
10436,97124357,"array([48.86352927, 15.32331678])"
10437,104464401,"array([49.02388582, 15.39966106])"
10438,105512967,"array([49.8564398 , 15.81602135])"
10439,94699688,"array([49.95394829, 15.59190123])"
10440,74776746,"array([49.533953  , 15.64328264])"
10441,88997936,"array([49.60699556, 15.77196561])"
10442,89587737,"array([49.71875037, 15.62284126])"
10443,101974037,"array([50.17467579, 15.48812182])"
10444,98238491,"array([50.32559094, 15.42532788])"
10445,86769691,"array([48.71521611, 15.49810429])"
10446,95092887,"array([50.18116938, 15.27006288])"
10447,105840656,"array([50.48194469, 15.03186632])"
10448,73334794,"array([49.74919456, 15.23354777])"
10449,73138202,"array([50.38562548, 14.15002034])"
10450,100991169,"array([50.13231764, 17.21568619])"
10451,91881479,"array([49.83813751, 17.25748748])"
10452,77398058,"array([49.90286541, 17.07723585])"
10453,76611630,"array([49.98550436, 17.30508598])"
10454,96403621,"array([49.38327967, 15.49225886])"
10455,90046490,"array([49.58580892, 15.43041778])"
10456,102367241,"array([49.26982124, 16.3445228 ])"
10457,94503074,"array([49.38137227, 16.13857425])"
10458,73859101,"array([49.11372764, 16.28944756])"
10459,106168334,"array([49.3731216 , 16.41135771])"
10460,90505409,"array([49.20982149, 16.1756641 ])"
10461,103153810,"array([49.41161736, 16.29266971])"
10462,81068080,"array([49.15706616, 16.44037042])"
10463,102695099,"array([49.90255893, 16.19068744])"
10464,75628566,"array([50.15716934, 16.56944887])"
10465,86769692,"array([50.34274973, 16.60575637])"
10466,77070366,"array([48.72358686, 16.55878617])"
10467,73138203,"array([48.2980147, 16.6054641])"
10468,80347177,"array([50.37210089, 16.12841442])"
10469,78184609,"array([51.46579798, 16.0231739 ])"
10470,89325590,"array([51.14870332, 16.14297255])"
10471,84476077,"array([48.90190377, 18.41151143])"
10472,73269434,"array([49.69204691, 16.96577098])"
10473,86966468,"array([48.94687125, 17.0451023 ])"
10474,96141485,"array([49.17849964, 16.89768736])"
10475,98304173,"array([47.80128205, 17.18361393])"
10476,102629388,"array([48.95292975, 17.51220319])"
10477,74317996,"array([49.30232806, 17.72684772])"
10478,78446748,"array([49.23780141, 17.48959983])"
10479,98631838,"array([50.16040191, 18.67471414])"
10480,95158442,"array([48.95364922, 17.92070439])"
10481,104333466,"array([49.08302181, 18.10618625])"
10482,100925463,"array([50.16786367, 18.11498626])"
10483,95682574,"array([49.94491703, 17.84825185])"
10484,91160585,"array([50.16405892, 17.80945163])"
10485,77922461,"array([50.51043421, 17.70376558])"
10486,103809043,"array([50.6833894 , 17.64698371])"
10487,97124358,"array([48.66845748, 17.61038108])"
10488,75694108,"array([50.65922211, 18.76763295])"
10489,105512968,"array([51.01193586, 17.99422666])"
10490,99811335,"array([51.11095584, 17.51147991])"
10491,93192219,"array([50.33972281, 18.65091345])"
10492,83034293,"array([50.0073693 , 19.62920591])"
10493,76218376,"array([50.3595608 , 18.41763449])"
10494,100728844,"array([49.48042978, 18.4608501 ])"
10495,99090440,"array([49.47901718, 18.17628102])"
10496,79626246,"array([49.61824007, 18.54730146])"
10497,74973329,"array([49.61166358, 18.36508794])"
10498,104399019,"array([49.42427853, 18.31305797])"
10499,76284067,"array([49.75708216, 18.88421787])"
10500,94699689,"array([49.88597871, 18.84891006])"
10501,77267122,"array([49.65771443, 18.14389366])"
10502,74514618,"array([49.73842354, 18.27175249])"
10503,72744991,"array([49.83761934, 19.0250794 ])"
10504,83886096,"array([49.75858878, 18.43670398])"
10505,84344840,"array([49.42488387, 18.59740899])"
10506,75628567,"array([50.07104228, 18.91535767])"
10507,75235336,"array([50.21421271, 18.87465034])"
10508,90701829,"array([49.52319577, 18.92200151])"
10509,94961695,"array([49.7964892 , 19.48500008])"
10510,102367242,"array([49.50811561, 19.24388682])"
10511,85655575,"array([49.77678778, 19.26692559])"
10512,98304174,"array([51.37996463, 18.14401787])"
10513,90046491,"array([51.27939237, 18.29863859])"
10514,100859945,"array([51.43003794, 18.33344114])"
10515,90505410,"array([50.66320941, 18.38775653])"
10516,106168335,"array([50.87313036, 18.47903929])"
10517,73859102,"array([50.7291788, 18.5638415])"
10518,102301716,"array([50.71431764, 18.17739616])"
10519,83361826,"array([50.70232289, 18.00675316])"
10520,86966470,"array([50.83680264, 18.35985375])"
10521,103809044,"array([50.35107109, 19.12311995])"
10522,105512969,"array([50.53200122, 19.05649484])"
10523,95682575,"array([50.64317884, 19.57166573])"
10524,100925464,"array([50.87335844, 19.16608313])"
10525,96403622,"array([50.43983334, 19.36340274])"
10526,91881480,"array([50.73054808, 19.47343577])"
10527,74317997,"array([50.5439212, 19.2108752])"
10528,97124359,"array([49.69220958, 20.01293743])"
10529,105906343,"array([49.74263886, 19.86863085])"
10530,78446749,"array([50.72534369, 19.32674407])"
10531,102629389,"array([50.66725482, 19.71538577])"
10532,77922462,"array([50.45296046, 19.4867457 ])"
10533,91160586,"array([50.68742968, 19.15756881])"
10534,104333467,"array([50.02678491, 19.45888817])"
10535,99811336,"array([50.19333037, 19.53360007])"
10536,81068081,"array([49.05458543, 18.87188937])"
10537,84476078,"array([50.29776441, 19.30474878])"
10538,78381224,"array([50.57149867, 19.37887244])"
10539,77856786,"array([48.5769667 , 19.68718865])"
10540,76087458,"array([47.81986621, 19.87783564])"
10541,101056522,"array([50.29132248, 20.09082228])"
10542,78577822,"array([50.08728078, 20.19046166])"
10543,90636466,"array([49.28529431, 19.91470109])"
10544,88604826,"array([51.85076951, 17.83076907])"
10545,82247686,"array([51.70098238, 18.02466815])"
10546,103153811,"array([51.56461213, 17.84835887])"
10547,103809045,"array([49.61228144, 19.62553476])"
10548,96075961,"array([51.56294947, 19.48503082])"
10549,100335784,"array([52.17357819, 19.34743912])"
10550,103809046,"array([50.93101458, 19.53113248])"
10551,78119051,"array([50.05290273, 19.94444498])"
10552,83165193,"array([50.29886423, 19.85514685])"
10553,100991170,"array([49.32697636, 19.57527408])"
10554,77070367,"array([50.89142487, 20.19124657])"
10555,80740364,"array([50.64544607, 20.12590831])"
10556,103088138,"array([50.79550769, 20.09819063])"
10557,95485976,"array([50.84778919, 19.90771302])"
10558,73138204,"array([50.61862064, 19.913741  ])"
10559,105840657,"array([52.12874398, 20.56897978])"
10560,104464402,"array([52.11103977, 20.82707953])"
10561,74776747,"array([52.29684502, 20.72312316])"
10562,79560723,"array([52.72103476, 20.73166254])"
10563,101974038,"array([50.64664026, 20.27132724])"
10564,89325591,"array([51.15885265, 20.20321058])"
10565,98238492,"array([51.05654908, 20.05874139])"
10566,104136863,"array([52.16735712, 18.93824576])"
10567,88997937,"array([51.39089617, 19.80137398])"
10568,93978657,"array([50.64728458, 20.48508988])"
10569,95092888,"array([50.83382682, 20.40094954])"
10570,78446750,"array([51.22859392, 20.63287095])"
10571,106168336,"array([51.51422666, 20.9180363 ])"
10572,100859946,"array([51.42450022, 20.62046415])"
10573,98304175,"array([51.32782305, 20.74371857])"
10574,86966471,"array([51.66516125, 21.08149793])"
10575,101056523,"array([51.56396266, 20.0352811 ])"
10576,78577823,"array([51.3389792 , 20.01025521])"
10577,76284068,"array([51.86420661, 20.13244279])"
10578,90505411,"array([51.62705756, 20.28860848])"
10579,73859103,"array([50.61667859, 21.01613022])"
10580,80347178,"array([51.73145623, 20.70002278])"
10581,73334795,"array([51.38495586, 20.19909492])"
10582,76611631,"array([50.79796529, 20.64741097])"
10583,74973330,"array([50.67984127, 20.71476454])"
10584,89587738,"array([50.31814934, 20.82381762])"
10585,104333468,"array([49.73078343, 21.801756  ])"
10586,104399020,"array([49.69720097, 21.5914995 ])"
10587,77398059,"array([49.90567876, 21.55364361])"
10588,90636467,"array([49.50627123, 21.51546125])"
10589,100925465,"array([49.7465464 , 20.57025554])"
10590,81068082,"array([49.5578573, 20.8151404])"
10591,83361827,"array([49.81890867, 20.76973393])"
10592,73138205,"array([50.44705632, 20.49056823])"
10593,84344841,"array([50.09959348, 20.98545562])"
10594,90701830,"array([49.68367545, 21.15369854])"
10595,94699690,"array([50.07124412, 20.71868636])"
10596,73269435,"array([49.93572692, 21.17765488])"
10597,83558550,"array([51.7729457 , 19.81512772])"
10598,90636468,"array([49.54268227, 21.88761142])"
10599,77267123,"array([50.78113852, 21.63030828])"
10600,95158443,"array([50.56810821, 21.73155855])"
10601,83886097,"array([50.82502864, 21.43383994])"
10602,79626247,"array([50.28404702, 21.23176212])"
10603,100728845,"array([50.24582826, 21.44707917])"
10604,91488263,"array([48.81882959, 21.78757547])"
10605,102301717,"array([50.2526201 , 22.21121466])"
10606,74514619,"array([51.06883711, 21.84422744])"
10607,99811337,"array([51.11089298, 22.10678775])"
10608,99090441,"array([49.32921935, 21.01926616])"
10609,73597122,"array([51.05302602, 21.00102175])"
10610,82247687,"array([50.99819596, 20.84503617])"
10611,103153812,"array([49.46332747, 22.5257444 ])"
10612,73269436,"array([51.5212376, 22.0938062])"
10613,84344842,"array([51.61711549, 22.25134533])"
10614,88604827,"array([51.51122394, 21.81001308])"
10615,76087460,"array([52.66034935, 21.84895816])"
10616,94699691,"array([52.16559336, 21.73226615])"
10617,83034294,"array([52.26222952, 21.472852  ])"
10618,79560724,"array([49.17523692, 20.32078595])"
10619,101974039,"array([51.76238866, 22.43858188])"
10620,93192220,"array([53.03849505, 20.41238289])"
10621,73138206,"array([53.46021813, 20.37704942])"
10622,83886098,"array([51.18437883, 23.37049351])"
10623,77267124,"array([50.43798   , 23.93051556])"
10624,74973331,"array([51.94336702, 21.93729724])"
10625,91488264,"array([51.19282788, 23.12802713])"
10626,103809047,"array([50.57632788, 23.18124775])"
10627,83165194,"array([50.37277731, 22.87628307])"
10628,78119052,"array([52.28876639, 24.44472145])"
10629,89587740,"array([52.48655479, 24.55894414])"
10630,91881481,"array([52.37126443, 24.64051303])"
10631,100859947,"array([51.81108586, 23.33170452])"
10632,78446751,"array([51.96325857, 23.62590559])"
10633,77398060,"array([51.90027511, 25.22992235])"
10634,90636469,"array([51.80441113, 25.0940891 ])"
10635,75694109,"array([51.42366917, 25.70822891])"
10636,95485977,"array([51.21048312, 25.79500858])"
10637,86769694,"array([51.74965319, 25.42317058])"
10638,100925466,"array([51.40104397, 24.83495458])"
10639,94961696,"array([51.33015707, 24.96942853])"
10640,100728846,"array([51.59525938, 24.35618008])"
10641,83361828,"array([51.8318985 , 24.40889955])"
10642,81068083,"array([51.7184655 , 24.64876819])"
10643,83558551,"array([52.05003433, 24.5764683 ])"
10644,90701831,"array([52.83174722, 24.31512531])"
10645,77267125,"array([52.77775167, 25.50782499])"
10646,74973332,"array([52.98328916, 25.72957389])"
10647,98238493,"array([52.97293067, 25.93721831])"
10648,98304176,"array([53.08074263, 26.00973047])"
10649,93978658,"array([52.1961179 , 25.71383115])"
10650,105906344,"array([52.0196424 , 25.79148757])"
10651,90505412,"array([53.25035475, 25.01602986])"
10652,100335785,"array([53.03865387, 25.19684177])"
10653,83886099,"array([52.69377981, 25.30694743])"
10654,73334796,"array([52.31120889, 22.66251859])"
10655,79560725,"array([54.77670941, 23.32113736])"
10656,99090442,"array([54.34417489, 23.43956272])"
10657,72744992,"array([53.6080295 , 25.56970209])"
10658,77070369,"array([53.21595744, 25.53073186])"
10659,89325592,"array([53.05157408, 25.53801736])"
10660,95682576,"array([53.13660609, 25.65196879])"
10661,100991171,"array([53.25255984, 25.70522626])"
10662,101056524,"array([53.08752058, 24.87216181])"
10663,80347179,"array([53.24646501, 24.69490242])"
10664,80740365,"array([53.29551067, 23.80769243])"
10665,78577824,"array([52.85404897, 25.16100238])"
10666,96075962,"array([52.80546356, 24.96121982])"
10667,74776748,"array([52.55729134, 25.07892511])"
10668,88997938,"array([52.55997373, 25.51069084])"
10669,104464403,"array([52.23962711, 25.10759304])"
10670,90701832,"array([52.30320152, 25.35160903])"
10671,101974040,"array([52.52170233, 25.84218468])"
10672,91488265,"array([52.69200013, 25.76240018])"
10673,73269437,"array([52.66712436, 25.92811   ])"
10674,102629390,"array([54.18784014, 24.67438022])"
10675,80019603,"array([53.92807516, 24.78938288])"
10676,84344843,"array([53.30067364, 25.38506792])"
10677,82247688,"array([53.34527709, 25.20104343])"
10678,99811338,"array([53.62736146, 25.22592632])"
10679,95617042,"array([52.10991092, 26.08809972])"
10680,95092889,"array([52.31294082, 26.2745666 ])"
10681,91160587,"array([52.4892652 , 26.15076748])"
10682,76284069,"array([53.62964719, 26.63301179])"
10683,73138207,"array([53.33519998, 26.64316287])"
10684,105840658,"array([53.24554281, 26.3144576 ])"
10685,74776749,"array([53.50038516, 26.44001468])"
10686,97124360,"array([53.36981059, 26.13331728])"
10687,103809048,"array([53.09576393, 26.60674695])"
10688,74514620,"array([52.8047949 , 26.51358308])"
10689,100728847,"array([53.94523211, 26.35012853])"
10690,74317998,"array([53.99121469, 26.05089351])"
10691,79560726,"array([53.05390994, 27.14052224])"
10692,83361829,"array([53.82102027, 26.1632412 ])"
10693,78446752,"array([54.33632365, 25.47367555])"
10694,99090443,"array([52.78573627, 26.76697968])"
10695,100859948,"array([52.42936147, 26.44791026])"
10696,80740366,"array([52.74880038, 26.31333595])"
10697,104464404,"array([53.93275227, 27.17065434])"
10698,75694110,"array([53.3778111 , 25.92723518])"
10699,77398061,"array([53.60759883, 25.94209469])"
10700,91488266,"array([18.52184387, 19.21258634])"
10701,86769695,"array([18.64193871, 19.11168873])"
10702,81068084,"array([18.52068761, 19.435091  ])"
10703,104136864,"array([18.79486979, 19.74696812])"
10704,103088141,"array([18.14546874, 19.49510967])"
10705,102301718,"array([17.99014824, 19.40333926])"
10706,100991172,"array([18.27123159, 19.18947861])"
10707,76611632,"array([18.32933755, 19.339682  ])"
10708,89325593,"array([18.44161541, 19.69318509])"
10709,95682577,"array([17.70485045, 19.26079595])"
10710,98304177,"array([17.8354772 , 19.14648161])"
10711,90701833,"array([17.25640266, 18.4335225 ])"
10712,73334797,"array([17.3265773 , 18.22862275])"
10713,78184611,"array([17.3801553 , 18.46545815])"
10714,77070370,"array([18.5137324 , 18.21691171])"
10715,103153813,"array([18.35104615, 18.97792444])"
10716,83558552,"array([17.72948757, 18.68115784])"
10717,100925467,"array([17.8286246 , 18.76226853])"
10718,104464405,"array([18.094234  , 18.81987521])"
10719,77267126,"array([18.2809575 , 18.69602914])"
10720,95617043,"array([17.84869303, 18.32829464])"
10721,100859950,"array([17.35074462, 18.64611339])"
10722,94961697,"array([17.98044952, 18.61656437])"
10723,95092890,"array([17.45329931, 18.77625302])"
10724,74317999,"array([18.21444448, 18.45858983])"
10725,72744993,"array([17.6726552 , 19.08572579])"
10726,90505413,"array([17.64960921, 18.90113297])"
10727,91160588,"array([17.7956087 , 18.94883957])"
10728,75694111,"array([17.92021384, 18.93515442])"
10729,96075964,"array([17.09619204, 19.02252501])"
10730,90046493,"array([17.13254662, 18.87255939])"
10731,73597123,"array([17.24214163, 18.80394186])"
10732,90636470,"array([18.53318273, 18.75236712])"
10733,77070371,"array([16.9294328 , 19.09524381])"
10734,104333469,"array([16.98653546, 18.79390484])"
10735,78119053,"array([17.31379848, 19.3902311 ])"
10736,99090444,"array([17.47331572, 19.92249635])"
10737,83886100,"array([17.37423319, 20.22358228])"
10738,100335786,"array([17.19574478, 20.23542663])"
10739,84344844,"array([17.34418487, 19.54665848])"
10740,100728848,"array([17.32102555, 19.71276687])"
10741,95485978,"array([17.06509126, 19.88646417])"
10742,101056525,"array([17.19520858, 19.59045354])"
10743,98238494,"array([16.74313459, 19.37809695])"
10744,83165196,"array([16.9434954 , 19.33814736])"
10745,99811339,"array([17.46717547, 19.13499824])"
10746,83361830,"array([17.29424871, 19.14258733])"
10747,91881482,"array([17.39097647, 19.03427858])"
10748,89587741,"array([17.18624348, 19.26759984])"
10749,74973333,"array([17.54944147, 18.66834283])"
10750,79560727,"array([17.70846262, 19.48939229])"
10751,82247689,"array([17.58380403, 19.75326877])"
10752,76284070,"array([17.71624239, 20.00343279])"
10753,95158445,"array([17.48559846, 19.41948079])"
10754,83034295,"array([17.28424158, 19.92114804])"
10755,78577826,"array([16.77862287, 18.65696046])"
10756,103809049,"array([16.81294372, 18.48056435])"
10757,105840659,"array([17.01074214, 20.08445334])"
10758,79626248,"array([17.56054536, 20.14665866])"
10759,80740368,"array([18.04845844, 19.03946019])"
10760,89325594,"array([17.10707948, 18.72086106])"
10761,103153814,"array([17.89736839, 19.60987329])"
10762,73138208,"array([18.1406571 , 20.24034273])"
10763,76284071,"array([16.50975246, 20.85473429])"
10764,96141487,"array([16.63397989, 20.47795606])"
10765,80019604,"array([16.78033374, 19.66738473])"
10766,105906345,"array([16.5329208 , 19.20767888])"
10767,74776751,"array([16.63001818, 19.55398516])"
10768,82247690,"array([16.56129587, 19.78322028])"
10769,74514621,"array([17.42333241, 18.07421346])"
10770,88997939,"array([17.42232445, 17.94646938])"
10771,86769696,"array([17.78956523, 18.14880708])"
10772,91488267,"array([17.53263499, 18.34791809])"
10773,102629391,"array([17.94848651, 19.99576073])"
10774,80347180,"array([17.78527592, 19.77102206])"
10775,81068085,"array([16.86032582, 17.80361718])"
10776,101974041,"array([17.85431995, 17.94388672])"
10777,78446753,"array([17.93522736, 17.79356316])"
10778,77856787,"array([16.47610267, 18.73805876])"
10779,72613908,"array([16.41835863, 18.51987642])"
10780,72744994,"array([17.67156582, 18.40313971])"
10781,98631839,"array([16.12670683, 19.48777057])"
10782,100991173,"array([17.52733416, 16.65127149])"
10783,76218377,"array([16.85512125, 18.22635593])"
10784,103088142,"array([17.70810623, 16.81916942])"
10785,84476079,"array([17.47673194, 17.30658438])"
10786,78381225,"array([17.37917405, 17.60920951])"
10787,77922463,"array([17.55979831, 17.74861592])"
10788,104399021,"array([17.0938534, 17.7630169])"
10789,75235337,"array([17.16876574, 17.61314867])"
10790,86966472,"array([16.93737809, 17.54647398])"
10791,96403623,"array([17.03991187, 17.4878426 ])"
10792,74318000,"array([16.99435556, 17.65357323])"
10793,94503076,"array([18.83604825, 18.49089189])"
10794,105512970,"array([16.67074565, 18.08577965])"
10795,94961698,"array([16.78293448, 17.49454798])"
10796,104464406,"array([16.44292295, 17.39641858])"
10797,80740369,"array([17.6895567 , 17.35229168])"
10798,85655576,"array([16.1987508 , 18.21447989])"
10799,102367243,"array([16.36683508, 17.81034138])"
10800,76087462,"array([15.81599165, 17.42817847])"
10801,98631840,"array([16.20784611, 17.59249353])"
10802,100925468,"array([16.91848152, 16.97431783])"
10803,83558553,"array([16.98392383, 17.18026051])"
10804,100728849,"array([16.06741689, 18.45053031])"
10805,102629392,"array([16.5765773 , 17.83282596])"
10806,73138209,"array([17.08074321, 16.99180241])"
10807,80347181,"array([16.47398393, 17.96963594])"
10808,102301719,"array([16.44835461, 18.17260298])"
10809,89587742,"array([16.14429   , 17.87993218])"
10810,94699692,"array([16.62911627, 17.53420415])"
10811,99811340,"array([15.97446337, 17.80170816])"
10812,76284072,"array([15.91236583, 17.97762569])"
10813,76611633,"array([16.01481805, 17.6521429 ])"
10814,90701834,"array([17.09491211, 18.24031717])"
10815,95158446,"array([15.62436775, 17.65849258])"
10816,91160589,"array([15.59530086, 18.04210068])"
10817,84344845,"array([16.84594851, 16.72331121])"
10818,95682578,"array([16.91887775, 16.55309982])"
10819,104333470,"array([17.013932  , 16.81465766])"
10820,78577827,"array([18.66015779, 17.46560751])"
10821,101056526,"array([16.8554591 , 17.27212647])"
10822,89325595,"array([16.69998203, 17.20773636])"
10823,96141488,"array([16.41239992, 16.98528339])"
10824,90636471,"array([17.18858791, 17.31783549])"
10825,91881483,"array([17.32702882, 17.26138529])"
10826,80019605,"array([17.35936902, 17.44988627])"
10827,75694112,"array([18.31488439, 16.83184201])"
10828,83361831,"array([18.15120537, 16.83128933])"
10829,77267127,"array([16.68833423, 17.01046855])"
10830,103153815,"array([17.42694455, 17.03270518])"
10831,95092891,"array([17.37503569, 16.87715747])"
10832,90505414,"array([15.76781208, 17.05773481])"
10833,77070372,"array([17.20715788, 17.91523759])"
10834,100728850,"array([17.72775325, 15.8405928 ])"
10835,96075965,"array([17.55605859, 15.91853023])"
10836,72613909,"array([17.4675351 , 16.01889483])"
10837,102629393,"array([17.80646154, 15.99815076])"
10838,80347182,"array([17.67413118, 16.05510913])"
10839,76218378,"array([15.09127486, 16.21429505])"
10840,90046494,"array([16.26687551, 16.43290387])"
10841,103809050,"array([16.59732516, 16.44237003])"
10842,81068086,"array([17.76947431, 17.10932351])"
10843,88997940,"array([17.95412516, 17.15075919])"
10844,74514622,"array([17.92938551, 17.3363376 ])"
10845,77856788,"array([16.79969245, 15.83769063])"
10846,73597124,"array([16.90571217, 16.02432575])"
10847,98304178,"array([17.16699985, 16.57594502])"
10848,101843116,"array([17.39038285, 15.7846894 ])"
10849,106168337,"array([17.24200247, 15.7836713 ])"
10850,77267128,"array([17.6938919 , 16.42633649])"
10851,78577828,"array([17.91757903, 16.50741968])"
10852,78119054,"array([16.66810888, 16.21878062])"
10853,99811341,"array([16.53631212, 16.02719247])"
10854,101056527,"array([17.3324961 , 16.29529193])"
10855,89325596,"array([17.1725649 , 16.15652658])"
10856,76087463,"array([16.07004384, 16.06567915])"
10857,102301720,"array([17.69097534, 15.49869096])"
10858,91160590,"array([17.69813551, 15.3269147 ])"
10859,75628569,"array([16.11775954, 15.50515749])"
10860,101974042,"array([15.996706  , 15.68827357])"
10861,90636472,"array([16.85972957, 14.7713766 ])"
10862,91488268,"array([16.86262254, 14.94797892])"
10863,105512971,"array([16.66285349, 14.82183134])"
10864,95158447,"array([17.41143203, 15.19604517])"
10865,86769697,"array([19.75231313, 15.34615134])"
10866,98631841,"array([19.7115048 , 15.60598634])"
10867,104464407,"array([19.42597235, 15.56298803])"
10868,100991174,"array([17.24230381, 14.66487143])"
10869,78446754,"array([18.09359804, 14.81306953])"
10870,89587743,"array([18.26242336, 15.0928019 ])"
10871,72744995,"array([17.77338364, 14.98829076])"
10872,76284073,"array([17.7523318 , 14.59184878])"
10873,74776752,"array([17.21694453, 14.93484967])"
10874,73138210,"array([17.61959049, 14.10789548])"
10875,98631842,"array([16.49518422, 14.04982681])"
10876,103088143,"array([17.31605639, 14.09158132])"
10877,78577829,"array([16.17106152, 13.76140129])"
10878,77267129,"array([16.68655236, 15.28688053])"
10879,96075966,"array([16.71070586, 15.50480212])"
10880,89325597,"array([16.87944769, 15.41965481])"
10881,80347183,"array([16.53270615, 15.42709595])"
10882,102301721,"array([18.75067633, 13.6523136 ])"
10883,95158448,"array([19.14680601, 13.4367979 ])"
10884,91160591,"array([18.48268758, 13.7979138 ])"
10885,102629394,"array([19.57222636, 13.17573791])"
10886,83886101,"array([16.14185122, 14.56196103])"
10887,99090445,"array([16.46770049, 13.6751832 ])"
10888,82247691,"array([16.26021624, 14.88322898])"
10889,105840660,"array([15.96660281, 14.66308868])"
10890,95485979,"array([16.30871586, 14.64075787])"
10891,83165197,"array([15.9720699 , 14.00312279])"
10892,100335787,"array([15.87289506, 13.82538853])"
10893,78577830,"array([15.48990926, 13.28348413])"
10894,79626249,"array([15.57482182, 14.19433255])"
10895,98238495,"array([15.41503296, 14.239926  ])"
10896,83034296,"array([16.74662528, 13.86184263])"
10897,96075967,"array([16.61993815, 14.30666515])"
10898,89325599,"array([16.76991253, 14.16849808])"
10899,101843117,"array([17.4576726 , 13.34874502])"
10900,106168338,"array([17.68554752, 13.32372779])"
10901,102367246,"array([17.7919685 , 13.05056384])"
10902,97124362,"array([17.4043416 , 13.04713544])"
10903,74776753,"array([17.75456768, 12.3273269 ])"
10904,76087464,"array([17.07033941, 12.64539271])"
10905,72744996,"array([16.99781049, 13.00962772])"
10906,77398063,"array([17.16441818, 12.9587245 ])"
10907,75628570,"array([17.56279982, 13.65082253])"
10908,101974043,"array([17.32933117, 13.7168044 ])"
10909,98304179,"array([17.62325144, 13.85386823])"
10910,100925469,"array([16.39443266, 12.12895431])"
10911,78119055,"array([16.6749677 , 12.17621284])"
10912,104464408,"array([16.67464273, 13.07522486])"
10913,99811342,"array([16.74188339, 13.33442532])"
10914,78577831,"array([15.96963148, 13.50553041])"
10915,76284074,"array([17.15915009, 13.84946553])"
10916,95682579,"array([17.05157101, 13.51873801])"
10917,80347184,"array([16.87625281, 13.59924498])"
10918,90636473,"array([17.03110249, 13.24838358])"
10919,100728851,"array([17.00912883, 13.99166294])"
10920,104464409,"array([16.45575884, 13.27731053])"
10921,75104411,"array([-33.47790478,  -6.86328778])"
10922,103022622,"array([-33.69275813,  -6.92724334])"
10923,103677977,"array([-33.06396024,  -6.84746994])"
10924,80150718,"array([-33.64716473,  -6.59232434])"
10925,83820569,"array([-33.83523679,  -6.71333837])"
10926,92864535,"array([-33.35967282,  -6.50809481])"
10927,103153816,"array([-33.11314109,  -5.94552346])"
10928,95092892,"array([-33.84632708,  -5.18974887])"
10929,83886102,"array([-32.55751768,  -6.27824558])"
10930,74514623,"array([-32.63457967,  -6.39373524])"
10931,85655577,"array([-32.40094563,  -6.32209922])"
10932,91160592,"array([-33.62474633,  -7.42818407])"
10933,77922464,"array([-33.26559293,  -7.17989006])"
10934,102301722,"array([-32.14154685,  -7.30920744])"
10935,90046495,"array([-31.96012219,  -7.49336453])"
10936,78184612,"array([-32.98480627,  -6.14622942])"
10937,98631843,"array([-31.76723502,  -6.11438089])"
10938,81068087,"array([-32.92086439,  -6.42101932])"
10939,86769698,"array([-31.92722256,  -5.57832403])"
10940,91488269,"array([-32.16553232,  -6.18413146])"
10941,88997941,"array([-32.28486318,  -6.4791449 ])"
10942,89587744,"array([-33.35317165,  -6.09010504])"
10943,83034297,"array([-33.3653526 ,  -5.48803162])"
10944,95682580,"array([-32.79073388,  -5.78997778])"
10945,105512972,"array([-32.71174382,  -5.61133518])"
10946,72744997,"array([-33.15078401,  -5.34826455])"
10947,73138211,"array([-31.56136644,  -6.53690609])"
10948,74776754,"array([-32.56601037,  -5.94420393])"
10949,76087465,"array([-33.67872049,  -5.91360429])"
10950,106168339,"array([-31.83071875,  -6.80949644])"
10951,102367247,"array([-33.22493871,  -6.71661993])"
10952,96337948,"array([-33.0378591 ,  -7.06056569])"
10953,77398064,"array([-32.97556449,  -7.40836235])"
10954,78119056,"array([-32.71800718,  -7.635339  ])"
10955,77267130,"array([-33.01354163,  -7.81419796])"
10956,103088144,"array([-32.59568237,  -7.08084982])"
10957,90505415,"array([-32.64861465,  -6.84449009])"
10958,94961699,"array([-32.71205193,  -7.19097731])"
10959,96141489,"array([-32.73374017,  -7.02530783])"
10960,99811343,"array([-33.02817976,  -6.63652128])"
10961,75235338,"array([-32.68529423,  -6.67291444])"
10962,73334798,"array([-32.54875617,  -6.71399045])"
10963,100859951,"array([-32.45231771,  -6.82569536])"
10964,96403624,"array([-31.79013006,  -7.04534647])"
10965,95617044,"array([-32.12557604,  -7.04905358])"
10966,88997942,"array([-32.11690911,  -5.98641659])"
10967,96403625,"array([-32.15336917,  -6.76878712])"
10968,83820570,"array([-32.76303211,  -6.14691139])"
10969,94503077,"array([-34.24645611,  -6.4418118 ])"
10970,77922465,"array([-33.48283205,  -7.11855166])"
10971,91160593,"array([-32.47752756,  -5.25962747])"
