# index, gene, tax_id, _pos
0,9606,5870,"array([ 2.98561527, -0.95344956])"
1,4896,2543529,"array([ 2.74727833, -0.66388407])"
2,9606,6047,"array([ 3.18335167, -0.44627032])"
3,4896,2540618,"array([ 2.9031319 , -0.56516545])"
4,9606,10285,"array([ 3.10845081, -0.37948645])"
5,4896,2540589,"array([ 2.81168022, -0.55457466])"
6,9606,50628,"array([ 3.37004408, -0.66662668])"
7,4896,2541916,"array([ 3.12673874, -0.68349618])"
8,9606,1654,"array([ 3.27085754, -0.40288147])"
9,4896,2538689,"array([ 3.02798381, -0.52867785])"
10,9606,3833,"array([ 3.20210694, -0.46071557])"
11,4896,2542732,"array([ 2.90113088, -0.55032821])"
12,10090,63985,"array([ 3.33209602, -0.88266571])"
13,4896,2543233,"array([ 3.11995082, -0.77986757])"
14,4896,5802965,"array([ 3.26580852, -0.84698073])"
15,10090,63986,"array([ 3.34985307, -0.82325998])"
16,4932,851019,"array([ 3.16687225, -0.7203673 ])"
17,4896,2539781,"array([ 2.84466433, -0.69571426])"
18,4932,851129,"array([ 3.18516449, -1.10018954])"
19,4896,2538731,"array([ 3.001647  , -0.93652587])"
20,4896,2542949,"array([ 3.15011648, -1.12830376])"
21,4932,851481,"array([2.53096906, 2.33600175])"
22,4896,2543334,"array([2.48282568, 2.32322791])"
23,4932,851635,"array([ 3.34657018, -0.85460142])"
24,4932,852986,"array([ 0.66185441, -2.84315488])"
25,4896,2543603,"array([ 0.70716566, -2.86436705])"
26,4932,853272,"array([ 3.01854864, -1.19809535])"
27,4896,2540933,"array([ 2.86829693, -0.98699946])"
28,4932,853358,"array([0.77012811, 1.62374669])"
29,4896,2542158,"array([0.80469241, 1.6599279 ])"
30,4932,854418,"array([ 3.22202432, -0.40785919])"
31,4896,2543506,"array([ 2.94749933, -0.53687791])"
32,4932,855668,"array([ 3.15665361, -0.43624858])"
33,4896,2540368,"array([ 2.86760698, -0.56749524])"
34,4932,856036,"array([ 2.99290272, -1.21729949])"
35,4896,2542898,"array([ 2.96491424, -1.23075506])"
36,4932,856083,"array([3.3702617 , 2.22067156])"
37,4896,2542729,"array([3.41352328, 2.24682542])"
38,4932,856241,"array([ 3.1798244 , -1.12835732])"
39,4932,856272,"array([0.28063073, 1.08497377])"
40,4896,2539727,"array([0.23973669, 1.05687454])"
41,4932,856490,"array([ 3.34951413, -0.76952376])"
42,4896,2543454,"array([ 3.1089531 , -0.72512216])"
43,4932,856845,"array([ 3.0840275 , -0.94561175])"
44,4896,2539287,"array([ 2.8446424 , -0.71501065])"
45,4896,2539164,"array([ 2.89060782, -0.52774494])"
46,4896,2539869,"array([ 2.8501913 , -0.60530848])"
47,4896,2540013,"array([ 2.81749835, -0.61821419])"
48,4896,2540620,"array([ 2.92972498, -0.49165884])"
49,4896,2542632,"array([ 2.86173579, -0.64014484])"
50,4896,2542796,"array([ 2.95666406, -0.46784805])"
51,4896,2543481,"array([ 2.83803337, -0.572426  ])"
52,4896,2538690,"array([ 2.66937005, -0.66439138])"
53,4896,2538700,"array([ 2.62956795, -0.52082495])"
54,4896,2538848,"array([ 2.6737515 , -0.63258778])"
55,4896,2538868,"array([ 2.6469797, -0.7021397])"
56,4896,2538930,"array([ 2.71552327, -0.61442776])"
57,4896,2538966,"array([ 2.66384176, -0.60308101])"
58,4896,2539041,"array([ 2.73938922, -0.61548642])"
59,4896,2539050,"array([ 2.70580506, -0.65194471])"
60,4896,2539109,"array([ 2.6653469, -0.6782202])"
61,4896,2539201,"array([ 2.73980941, -0.71448503])"
62,4896,2539242,"array([ 2.65595527, -0.64963763])"
63,4896,2539248,"array([ 2.6243566 , -0.62730222])"
64,4896,2539249,"array([ 2.65396936, -0.68873428])"
65,4896,2539291,"array([ 2.63677845, -0.64021329])"
66,4896,2539352,"array([ 2.71849383, -0.56483919])"
67,4896,2539408,"array([ 2.65415783, -0.70173347])"
68,4896,2539423,"array([ 2.66660821, -0.59674153])"
69,4896,2539495,"array([ 2.62333515, -0.6691095 ])"
70,4896,2539499,"array([ 2.73881794, -0.57598141])"
71,4896,2539700,"array([ 2.73697611, -0.62342415])"
72,4896,2539726,"array([ 2.70017428, -0.68773494])"
73,4896,2539812,"array([ 2.66228427, -0.64206987])"
74,4896,2539911,"array([ 2.71642835, -0.60967387])"
75,4896,2539920,"array([ 2.72362299, -0.6834204 ])"
76,4896,2539958,"array([ 2.7826206, -0.7058464])"
77,4896,2539971,"array([ 2.73168452, -0.60610122])"
78,4896,2539999,"array([ 2.7157    , -0.65420334])"
79,4896,2540060,"array([ 2.67300609, -0.62646486])"
80,4896,2540077,"array([ 2.61291907, -0.60807079])"
81,4896,2540115,"array([ 2.75923148, -0.63230017])"
82,4896,2540154,"array([ 2.68221639, -0.67872397])"
83,4896,2540219,"array([ 2.64902162, -0.62666624])"
84,4896,2540317,"array([ 2.72161955, -0.65090425])"
85,4896,2540320,"array([ 2.74435548, -0.63598039])"
86,4896,2540338,"array([ 2.71591737, -0.59359204])"
87,4896,2540353,"array([ 2.70980184, -0.60606683])"
88,4896,2540354,"array([ 2.76649837, -0.6562679 ])"
89,4896,2540360,"array([ 2.77736976, -0.68542819])"
90,4896,2540434,"array([ 2.70389692, -0.43924022])"
91,4896,2540473,"array([ 2.70138319, -0.64077232])"
92,4896,2540498,"array([ 2.67895041, -0.630697  ])"
93,4896,2540512,"array([ 2.65593119, -0.68331597])"
94,4896,2540597,"array([ 2.65035143, -0.60850842])"
95,4896,2540680,"array([ 2.75239889, -0.63025958])"
96,4896,2540702,"array([ 2.7387834, -0.8336859])"
97,4896,2540726,"array([ 2.60820606, -0.62905333])"
98,4896,2540735,"array([ 2.6289685 , -0.63304566])"
99,4896,2540749,"array([ 2.70687895, -0.59359084])"
100,4896,2540821,"array([ 2.72635678, -0.60006621])"
101,4896,2540822,"array([ 2.71805459, -0.58667723])"
102,4896,2540825,"array([ 2.69004232, -0.63144916])"
103,4896,2540865,"array([ 2.64939437, -0.64894908])"
104,4896,2540893,"array([ 2.61846984, -0.6832198 ])"
105,4896,2540913,"array([ 2.66846307, -0.63222997])"
106,4896,2540967,"array([ 2.70125558, -0.62895696])"
107,4896,2540968,"array([ 2.67806322, -0.57678059])"
108,4896,2541017,"array([ 2.67430246, -0.6983663 ])"
109,4896,2541088,"array([ 2.67779142, -0.61766163])"
110,4896,2541156,"array([ 2.69218452, -0.69545307])"
111,4896,2541284,"array([ 2.64357606, -0.64175195])"
112,4896,2541287,"array([ 2.81058083, -0.6298313 ])"
113,4896,2541361,"array([ 2.69227095, -0.6641406 ])"
114,4896,2541372,"array([ 2.56511428, -0.6481598 ])"
115,4896,2541422,"array([ 2.64270314, -0.65180199])"
116,4896,2541527,"array([ 2.59983257, -0.73490948])"
117,4896,2541529,"array([ 2.81427077, -0.54589758])"
118,4896,2541531,"array([ 2.64572681, -0.63213696])"
119,4896,2541536,"array([ 2.71059794, -0.65317891])"
120,4896,2541575,"array([ 2.68109663, -0.72871803])"
121,4896,2541598,"array([ 2.6383324 , -0.62841364])"
122,4896,2541624,"array([ 2.61885199, -0.63939792])"
123,4896,2541628,"array([ 2.72516721, -0.64532074])"
124,4896,2541713,"array([ 2.63404389, -0.64566779])"
125,4896,2541786,"array([ 2.641876  , -0.65724518])"
126,4896,2541804,"array([ 2.63774415, -0.65130774])"
127,4896,2541912,"array([ 2.68872808, -0.72751235])"
128,4896,2541992,"array([ 2.31661196, -0.81926581])"
129,4896,2541994,"array([ 2.58210003, -0.76606756])"
130,4896,2541998,"array([ 2.80384937, -0.68526145])"
131,4896,2542021,"array([ 2.64914915, -0.65363084])"
132,4896,2542022,"array([ 2.67552471, -0.7084383 ])"
133,4896,2542023,"array([ 2.64371437, -0.66626881])"
134,4896,2542047,"array([ 2.87279212, -0.64403422])"
135,4896,2542066,"array([ 2.64963988, -0.68502504])"
136,4896,2542123,"array([ 2.76472096, -0.6295661 ])"
137,4896,2542170,"array([ 2.73605762, -0.60078373])"
138,4896,2542175,"array([ 2.63217453, -0.67329144])"
139,4896,2542198,"array([ 2.67384555, -0.5868595 ])"
140,4896,2542207,"array([ 2.69390453, -0.6277367 ])"
141,4896,2542237,"array([ 2.71660835, -0.59980963])"
142,4896,2542277,"array([ 2.65722805, -0.63469601])"
143,4896,2542374,"array([ 2.64877956, -0.64072215])"
144,4896,2542459,"array([ 2.68622541, -0.68288749])"
145,4896,2542462,"array([ 2.66323652, -0.61316994])"
146,4896,2542516,"array([ 2.64074934, -0.69699828])"
147,4896,2542566,"array([ 2.73324201, -0.74970192])"
148,4896,2542568,"array([ 2.65526939, -0.64014607])"
149,4896,2542651,"array([ 2.54359627, -0.58726882])"
150,4896,2542691,"array([ 2.56087573, -0.8534982 ])"
151,4896,2542806,"array([ 2.61715958, -0.58520819])"
152,4896,2542845,"array([ 2.7283989 , -0.58815133])"
153,4896,2542946,"array([ 2.66891692, -0.71751535])"
154,4896,2543029,"array([ 2.78182631, -0.76995099])"
155,4896,2543118,"array([ 2.77230192, -0.52352805])"
156,4896,2543240,"array([ 2.75344738, -0.57732744])"
157,4896,2543263,"array([ 2.72741184, -0.65117987])"
158,4896,2543327,"array([ 2.72989313, -0.67950876])"
159,4896,2543341,"array([ 2.74839232, -0.62246485])"
160,4896,2543372,"array([ 2.6995358 , -0.64775824])"
161,4896,2543378,"array([ 2.63904253, -0.61504843])"
162,4896,2543383,"array([ 2.51725896, -0.5194691 ])"
163,4896,2543384,"array([ 2.66670526, -0.65022275])"
164,4896,2543387,"array([ 2.69996511, -0.61294739])"
165,4896,2543437,"array([ 2.55944289, -0.65700992])"
166,4896,2543563,"array([ 2.69465239, -0.6439955 ])"
167,4896,2543637,"array([ 2.59131118, -0.74633773])"
168,4896,2538691,"array([ 2.88468522, -0.61146361])"
169,4896,2538706,"array([ 2.7296881, -0.5632074])"
170,4896,2541283,"array([ 2.79361466, -0.6988862 ])"
171,4896,2542585,"array([ 2.7694939 , -0.64968205])"
172,4896,2542759,"array([ 2.69750893, -0.73690796])"
173,4896,2542881,"array([ 2.68071731, -0.71065664])"
174,4896,2543602,"array([ 2.69390538, -0.54156594])"
175,4896,2543628,"array([ 2.75139187, -0.59859678])"
176,4896,3361533,"array([ 2.84503637, -0.61668571])"
177,4896,2538692,"array([ 2.59768753, -0.82105605])"
178,4896,2538704,"array([ 2.86677052, -0.82048351])"
179,4896,2539080,"array([ 2.62817459, -0.64781087])"
180,4896,2539366,"array([ 2.65386159, -0.66293809])"
181,4896,2539375,"array([ 2.67188  , -0.6547099])"
182,4896,2539845,"array([ 2.65377358, -0.62099272])"
183,4896,2540436,"array([ 2.66246768, -0.65709957])"
184,4896,2541251,"array([ 2.6073383 , -0.67893752])"
185,4896,2541496,"array([ 2.66776333, -0.64499248])"
186,4896,2541652,"array([ 2.68192858, -0.66327459])"
187,4896,2541900,"array([ 2.6360128 , -0.62218264])"
188,4896,2542293,"array([ 2.72298776, -0.69492801])"
189,4896,2538694,"array([ 2.56570575, -0.72084077])"
190,4896,2539013,"array([ 2.59636985, -0.69719533])"
191,4896,2539601,"array([ 2.33883015, -0.95481123])"
192,4896,2539651,"array([ 2.62312242, -0.64776251])"
193,4896,2539666,"array([ 2.79261363, -0.61284593])"
194,4896,2539937,"array([ 2.69678644, -0.70116818])"
195,4896,2540229,"array([ 2.66779815, -0.63726091])"
196,4896,2540699,"array([ 2.5914708 , -0.62538315])"
197,4896,2540792,"array([ 2.64096559, -0.66095459])"
198,4896,2540910,"array([ 2.73199748, -0.71203889])"
199,4896,2541142,"array([ 2.57092525, -0.66134953])"
200,4896,2541175,"array([ 2.65931218, -0.65306067])"
201,4896,2541229,"array([ 2.58711037, -0.58776611])"
202,4896,2541296,"array([ 2.65999486, -0.70414129])"
203,4896,2541488,"array([ 2.65067299, -0.54776507])"
204,4896,2541680,"array([ 2.66607454, -0.52302932])"
205,4896,2541789,"array([ 2.61581264, -0.636453  ])"
206,4896,2542555,"array([ 2.59187884, -0.63676982])"
207,4896,2542701,"array([ 2.63384463, -0.66390893])"
208,4896,2542725,"array([ 2.57621194, -0.62528162])"
209,4896,2542964,"array([ 2.56430538, -0.57468487])"
210,4896,2543066,"array([ 2.55231318, -0.66615199])"
211,4896,2543501,"array([ 2.66840497, -0.78946399])"
212,4896,2538696,"array([ 2.46172421, -0.62249578])"
213,4896,2538913,"array([ 2.64553075, -0.65772671])"
214,4896,2539462,"array([ 2.6045505 , -0.63663497])"
215,4896,2539604,"array([ 2.64306017, -0.68784602])"
216,4896,2539714,"array([ 2.63186223, -0.65247551])"
217,4896,2540133,"array([ 2.63534906, -0.6597286 ])"
218,4896,2541776,"array([ 2.65170168, -0.6754235 ])"
219,4896,2538698,"array([ 2.65699525, -0.77355705])"
220,4896,2538922,"array([ 2.60877069, -0.66410753])"
221,4896,2539101,"array([ 2.61177226, -0.68339452])"
222,4896,2539205,"array([ 2.70656501, -0.67433962])"
223,4896,2539668,"array([ 2.68378434, -0.64639253])"
224,4896,2540302,"array([ 2.63503161, -0.69522662])"
225,4896,2540558,"array([ 2.5966103 , -0.67406168])"
226,4896,2541071,"array([ 2.83496753, -0.59172851])"
227,4896,2541135,"array([ 2.73254644, -0.64733644])"
228,4896,2541153,"array([ 2.61879632, -0.66440643])"
229,4896,2541292,"array([ 2.61769413, -0.6476795 ])"
230,4896,2541327,"array([ 2.62405606, -0.61313118])"
231,4896,2541801,"array([ 2.67178474, -0.66928901])"
232,4896,2541871,"array([ 2.67196231, -0.64839529])"
233,4896,2541990,"array([ 2.60795941, -0.64223129])"
234,4896,2542469,"array([ 2.6372038 , -0.67315037])"
235,4896,2542767,"array([ 2.59751545, -0.68315833])"
236,4896,2542884,"array([ 2.6377435 , -0.66739359])"
237,4896,2543064,"array([ 2.66153123, -0.63131213])"
238,4896,2543619,"array([ 2.6609049, -0.6735045])"
239,4896,3361420,"array([ 2.67311782, -0.68595547])"
240,4896,2538769,"array([ 2.72863337, -0.63920109])"
241,4896,2539014,"array([ 2.57620968, -0.5943963 ])"
242,4896,2539180,"array([ 2.65891184, -0.66166705])"
243,4896,2540220,"array([ 2.68859335, -0.6195328 ])"
244,4896,2541050,"array([ 2.58348681, -0.65879231])"
245,4896,2541437,"array([ 2.64333934, -0.62156521])"
246,4896,2542032,"array([ 2.70966378, -0.65813586])"
247,4896,2542126,"array([ 2.6782685 , -0.62569182])"
248,4896,2542519,"array([ 2.68857127, -0.65539832])"
249,4896,2538701,"array([ 2.7183564 , -0.67020172])"
250,4896,2538770,"array([ 2.70530176, -0.68660944])"
251,4896,2538906,"array([ 2.68475649, -0.63136508])"
252,4896,2538972,"array([ 2.64187857, -0.74709087])"
253,4896,2538987,"array([ 2.64605446, -0.70813835])"
254,4896,2539130,"array([ 2.63375913, -0.79012647])"
255,4896,2539156,"array([ 2.56859742, -0.67883335])"
256,4896,2539226,"array([ 2.67301194, -0.58099347])"
257,4896,2539244,"array([ 2.75662242, -0.65837807])"
258,4896,2539284,"array([ 2.55112677, -0.63162228])"
259,4896,2539379,"array([ 2.66745903, -0.67046599])"
260,4896,2539444,"array([ 2.70561412, -0.64578623])"
261,4896,2539555,"array([ 2.71263611, -0.66864777])"
262,4896,2539564,"array([ 2.71200194, -0.64715624])"
263,4896,2539667,"array([ 2.68733646, -0.64991223])"
264,4896,2539688,"array([ 2.86928983, -0.72420815])"
265,4896,2539689,"array([ 2.67661171, -0.56877396])"
266,4896,2539733,"array([ 2.66966632, -0.61466785])"
267,4896,2539847,"array([ 2.68246773, -0.61458347])"
268,4896,2539928,"array([ 2.74018391, -0.66023577])"
269,4896,2539930,"array([ 2.68341083, -0.62305775])"
270,4896,2539953,"array([ 2.62788079, -0.60728871])"
271,4896,2539974,"array([ 2.69751407, -0.6390594 ])"
272,4896,2540161,"array([ 2.74700106, -0.64182505])"
273,4896,2540290,"array([ 2.60657255, -0.75825233])"
274,4896,2540342,"array([ 2.70811849, -0.66590636])"
275,4896,2540347,"array([ 2.64135178, -0.55118153])"
276,4896,2540531,"array([ 2.73586247, -0.67807571])"
277,4896,2540595,"array([ 2.6527526 , -0.59140215])"
278,4896,2540647,"array([ 2.69449461, -0.56204023])"
279,4896,2540686,"array([ 2.67643248, -0.64335079])"
280,4896,2540694,"array([ 2.72834241, -0.57235901])"
281,4896,2540892,"array([ 2.71614102, -0.72046251])"
282,4896,2540938,"array([ 2.80374764, -0.62174336])"
283,4896,2540979,"array([ 2.6636209 , -0.71196382])"
284,4896,2541009,"array([ 2.75601002, -0.56427561])"
285,4896,2541038,"array([ 2.58662817, -0.56504298])"
286,4896,2541062,"array([ 2.6925927 , -0.68708239])"
287,4896,2541337,"array([ 2.70740589, -0.6381968 ])"
288,4896,2541512,"array([ 2.75461587, -0.6248405 ])"
289,4896,2541614,"array([ 2.659558  , -0.66820075])"
290,4896,2541710,"array([ 2.72554428, -0.60795201])"
291,4896,2541720,"array([ 2.67242797, -0.69178129])"
292,4896,2541792,"array([ 2.79835134, -0.49893464])"
293,4896,2541909,"array([ 2.66856286, -0.60852954])"
294,4896,2541941,"array([ 2.70108877, -0.59674052])"
295,4896,2541975,"array([ 2.90215616, -0.71875751])"
296,4896,2542168,"array([ 2.65757921, -0.67857213])"
297,4896,2542278,"array([ 2.70133712, -0.66509179])"
298,4896,2542311,"array([ 2.62333257, -0.64192892])"
299,4896,2542418,"array([ 2.67323059, -0.62136198])"
300,4896,2542421,"array([ 2.68978563, -0.59079782])"
301,4896,2542439,"array([ 2.67044649, -0.60208912])"
302,4896,2542507,"array([ 2.74066117, -0.64508978])"
303,4896,2542549,"array([ 2.63470471, -0.6334018 ])"
304,4896,2542577,"array([ 2.66001273, -0.59243604])"
305,4896,2542592,"array([ 2.60361851, -0.69412718])"
306,4896,2542597,"array([ 2.71933372, -0.65938764])"
307,4896,2542665,"array([ 2.74931531, -0.56306639])"
308,4896,2542689,"array([ 2.68598807, -0.69713369])"
309,4896,2542826,"array([ 2.68101509, -0.59143914])"
310,4896,2543096,"array([ 2.58965176, -0.64867271])"
311,4896,2543254,"array([ 2.70331958, -0.51697306])"
312,4896,2543308,"array([ 2.75195963, -0.60694175])"
313,4896,2543426,"array([ 2.72775583, -0.66284805])"
314,4896,2543443,"array([ 2.69112842, -0.60711166])"
315,4896,2543452,"array([ 2.69494568, -0.65605224])"
316,4896,2543667,"array([ 2.64429059, -0.5941483 ])"
317,4896,3361561,"array([ 2.61561714, -0.60271085])"
318,4896,2538703,"array([ 2.29338486, -0.44891833])"
319,4896,2541866,"array([ 2.82704125, -0.83630785])"
320,4896,2542635,"array([ 2.82210831, -0.75760454])"
321,4896,2538705,"array([ 2.32132296, -0.7607053 ])"
322,4896,2538973,"array([ 2.56258463, -0.69636149])"
323,4896,2538853,"array([ 2.69630503, -0.75718206])"
324,4896,2538890,"array([ 2.54812832, -0.65208981])"
325,4896,2538931,"array([ 2.79346052, -0.39004335])"
326,4896,2539066,"array([ 2.55534728, -0.64947599])"
327,4896,2539082,"array([ 2.72271901, -0.55926382])"
328,4896,2539090,"array([ 2.83759044, -0.52788889])"
329,4896,2539209,"array([ 2.77688618, -0.51411557])"
330,4896,2539258,"array([ 2.82608033, -0.3765445 ])"
331,4896,2539420,"array([ 2.67526261, -0.63801813])"
332,4896,2539737,"array([ 2.69539363, -0.61803603])"
333,4896,2540249,"array([ 2.70118462, -0.58821292])"
334,4896,2540348,"array([ 2.76072365, -0.59759512])"
335,4896,2540352,"array([ 2.69161355, -0.63688592])"
336,4896,2540601,"array([ 2.72811602, -0.55186548])"
337,4896,2540719,"array([ 2.81739894, -0.56220246])"
338,4896,2540936,"array([ 2.65616928, -0.6260581 ])"
339,4896,2540992,"array([ 2.76778993, -0.58297875])"
340,4896,2541045,"array([ 2.81848873, -0.60087418])"
341,4896,2541120,"array([ 2.74409414, -0.60721151])"
342,4896,2541620,"array([ 2.8348531 , -0.56065011])"
343,4896,2541633,"array([ 2.77534539, -0.60568437])"
344,4896,2541746,"array([ 2.66145504, -0.6369421 ])"
345,4896,2541858,"array([ 2.66139739, -0.62608694])"
346,4896,2542036,"array([ 2.72635881, -0.62711137])"
347,4896,2542102,"array([ 2.68837152, -0.62518902])"
348,4896,2542226,"array([ 2.86749319, -0.48365893])"
349,4896,2542313,"array([ 2.80759934, -0.52545614])"
350,4896,2542318,"array([ 2.65452735, -0.64430038])"
351,4896,2542489,"array([ 2.69881256, -0.60616413])"
352,4896,2542558,"array([ 2.76754943, -0.60123656])"
353,4896,2543304,"array([ 2.615662  , -0.63208361])"
354,4896,2543580,"array([ 2.73153083, -0.61992204])"
355,4896,3361306,"array([ 2.84482283, -0.43917268])"
356,4896,3361558,"array([ 2.71203766, -0.64198476])"
357,4896,5802828,"array([ 2.69721417, -0.62290829])"
358,4896,2538708,"array([ 2.6036615 , -0.60077007])"
359,4896,2539117,"array([ 2.70921545, -0.72292568])"
360,4896,2539260,"array([ 2.62212832, -0.69559849])"
361,4896,2539312,"array([ 2.6224437 , -0.63595307])"
362,4896,2540118,"array([ 2.63325431, -0.60101613])"
363,4896,2540134,"array([ 2.7589307 , -0.67110827])"
364,4896,2540730,"array([ 2.69174481, -0.53327349])"
365,4896,2541178,"array([ 2.64715761, -0.67182497])"
366,4896,2541208,"array([ 2.67777899, -0.6527726 ])"
367,4896,2541395,"array([ 2.73581028, -0.72688369])"
368,4896,2542097,"array([ 2.68087763, -0.65802397])"
369,4896,2542200,"array([ 2.70557602, -0.61026482])"
370,4896,2542349,"array([ 2.67639424, -0.66457977])"
371,4896,2542677,"array([ 2.68708147, -0.66136075])"
372,4896,2543160,"array([ 2.69670468, -0.66207677])"
373,4896,2543396,"array([ 2.60880163, -0.65784509])"
374,4896,2543567,"array([ 2.62926069, -0.66634684])"
375,4896,2543616,"array([ 2.689332  , -0.67545666])"
376,4896,2538709,"array([ 2.92068159, -0.7607989 ])"
377,4896,2539705,"array([ 2.79717453, -0.60529035])"
378,4896,2542140,"array([ 2.81191715, -0.75713523])"
379,4896,2542639,"array([ 2.94908531, -0.75377545])"
380,4896,2543685,"array([ 2.73337877, -0.62727314])"
381,4896,2538710,"array([ 2.61521078, -0.697018  ])"
382,4896,2538714,"array([ 2.63844452, -0.54379424])"
383,4896,2538735,"array([ 2.54403493, -0.4615308 ])"
384,4896,2538750,"array([ 2.48855704, -0.90906684])"
385,4896,2538761,"array([ 2.42830012, -0.66520673])"
386,4896,2538762,"array([ 2.66826988, -0.6577496 ])"
387,4896,2538774,"array([ 2.5260468 , -0.58485087])"
388,4896,2538779,"array([ 2.38829634, -0.67293823])"
389,4896,2538795,"array([ 2.4516942 , -0.71829783])"
390,4896,2538801,"array([ 2.68690892, -0.63739068])"
391,4896,2538811,"array([ 2.57208849, -0.51428738])"
392,4896,2538821,"array([ 2.72191998, -0.71286972])"
393,4896,2538833,"array([ 2.49955984, -0.5777064 ])"
394,4896,2538861,"array([ 2.68573609, -0.74455212])"
395,4896,2538874,"array([ 2.60194165, -1.04919478])"
396,4896,2538962,"array([ 2.6587286 , -0.50993445])"
397,4896,2538981,"array([ 2.68802746, -0.86517137])"
398,4896,2539000,"array([ 2.59378612, -0.55685101])"
399,4896,2539027,"array([ 2.75501261, -0.69723262])"
400,4896,2539028,"array([ 2.69161426, -0.47489723])"
401,4896,2539064,"array([ 2.79564996, -0.74345291])"
402,4896,2539068,"array([ 2.54355872, -0.78290476])"
403,4896,2539071,"array([ 2.7962543 , -0.84682944])"
404,4896,2539073,"array([ 2.73718135, -0.63372437])"
405,4896,2539108,"array([ 2.67365444, -0.79929515])"
406,4896,2539129,"array([ 2.74664377, -0.7000256 ])"
407,4896,2539136,"array([ 2.6604757 , -0.59875244])"
408,4896,2539147,"array([ 2.5869343 , -0.71530847])"
409,4896,2539148,"array([ 2.50739852, -0.61327043])"
410,4896,2539160,"array([ 2.60281459, -0.64370681])"
411,4896,2539165,"array([ 2.71544252, -0.79117772])"
412,4896,2539167,"array([ 2.48129843, -0.73847244])"
413,4896,2539168,"array([ 2.6679594 , -0.87495934])"
414,4896,2539169,"array([ 2.6873739 , -0.70604864])"
415,4896,2539215,"array([ 2.72796963, -0.70655096])"
416,4896,2539217,"array([ 2.52673079, -0.53150933])"
417,4896,2539310,"array([ 2.62049481, -0.62249552])"
418,4896,2539332,"array([ 2.62402987, -0.72693239])"
419,4896,2539354,"array([ 2.68562819, -0.56201343])"
420,4896,2539381,"array([ 2.69660981, -0.59171484])"
421,4896,2539402,"array([ 2.6336309 , -0.78313405])"
422,4896,2539430,"array([ 2.61132297, -0.91078641])"
423,4896,2539454,"array([ 2.59850742, -0.60608008])"
424,4896,2539463,"array([ 2.66429228, -0.73110167])"
425,4896,2539472,"array([ 2.51746827, -0.70599974])"
426,4896,2539481,"array([ 2.69386837, -0.64947814])"
427,4896,2539488,"array([ 2.74215447, -0.52734922])"
428,4896,2539514,"array([ 2.6408009 , -0.76100756])"
429,4896,2539525,"array([ 2.83854391, -0.7469494 ])"
430,4896,2539533,"array([ 2.5658796 , -0.94106854])"
431,4896,2539575,"array([ 2.56938966, -0.69580366])"
432,4896,2539576,"array([ 2.54406113, -0.69603872])"
433,4896,2539583,"array([ 2.51704527, -0.66101049])"
434,4896,2539593,"array([ 2.38281758, -0.8699811 ])"
435,4896,2539600,"array([ 2.52673003, -0.71118755])"
436,4896,2539628,"array([ 2.65501532, -0.7593305 ])"
437,4896,2539706,"array([ 2.6356762 , -0.56081402])"
438,4896,2539711,"array([ 2.65173472, -0.78667719])"
439,4896,2539715,"array([ 2.68293777, -0.73601093])"
440,4896,2539729,"array([ 2.56282232, -0.58968994])"
441,4896,2539736,"array([ 2.48087843, -0.67503151])"
442,4896,2539738,"array([ 2.63505926, -0.49085163])"
443,4896,2539750,"array([ 2.54699632, -0.96598738])"
444,4896,2539774,"array([ 2.52538729, -0.63734664])"
445,4896,2539809,"array([ 2.47944462, -0.72286442])"
446,4896,2539827,"array([ 2.31637315, -0.79173291])"
447,4896,2539841,"array([ 2.78353284, -0.64861203])"
448,4896,2539857,"array([ 2.68577863, -0.6883092 ])"
449,4896,2539875,"array([ 2.45894604, -0.78852645])"
450,4896,2539895,"array([ 2.54848728, -0.48069298])"
451,4896,2539913,"array([ 2.54659268, -0.73647409])"
452,4896,2539925,"array([ 2.63254249, -0.62676457])"
453,4896,2539931,"array([ 2.42257049, -0.87990756])"
454,4896,2539939,"array([ 2.54924759, -0.59485317])"
455,4896,2539944,"array([ 2.57468319, -0.5535227 ])"
456,4896,2539961,"array([ 2.49999565, -0.64736181])"
457,4896,2539984,"array([ 2.76650053, -0.67070695])"
458,4896,2540016,"array([ 2.67111437, -0.86247025])"
459,4896,2540023,"array([ 2.59846886, -0.72530204])"
460,4896,2540026,"array([ 2.54801189, -0.68588252])"
461,4896,2540029,"array([ 2.66024346, -0.76577635])"
462,4896,2540061,"array([ 2.66527265, -0.7517421 ])"
463,4896,2540070,"array([ 2.5859362 , -0.52695142])"
464,4896,2540074,"array([ 2.42300977, -0.97414031])"
465,4896,2540086,"array([ 2.61984071, -0.65795559])"
466,4896,2540093,"array([ 2.75696001, -0.80728972])"
467,4896,2540095,"array([ 2.52159011, -0.7824444 ])"
468,4896,2540127,"array([ 2.8187523 , -0.76745659])"
469,4896,2540139,"array([ 2.53017385, -0.80343497])"
470,4896,2540146,"array([ 2.66084751, -0.68462867])"
471,4896,2540165,"array([ 2.51432636, -0.8970266 ])"
472,4896,2540184,"array([ 2.68724357, -0.54603649])"
473,4896,2540192,"array([ 2.76434308, -0.73356313])"
474,4896,2540222,"array([ 2.78202191, -0.84249228])"
475,4896,2540245,"array([ 2.45890121, -0.76802262])"
476,4896,2540267,"array([ 2.45882252, -0.51885564])"
477,4896,2540278,"array([ 2.75091169, -0.71487033])"
478,4896,2540281,"array([ 2.84755847, -0.57523856])"
479,4896,2540307,"array([ 2.71181442, -0.61956162])"
480,4896,2540310,"array([ 2.58691068, -0.48419357])"
481,4896,2540318,"array([ 2.74555187, -0.61617819])"
482,4896,2540326,"array([ 2.67449144, -0.61130063])"
483,4896,2540327,"array([ 2.58540521, -0.68611447])"
484,4896,2540341,"array([ 2.8180852 , -0.80944398])"
485,4896,2540346,"array([ 2.70843532, -0.5988837 ])"
486,4896,2540351,"array([ 2.76060045, -0.90950089])"
487,4896,2540357,"array([ 2.56244729, -0.75159196])"
488,4896,2540374,"array([ 2.61741579, -0.5513518 ])"
489,4896,2540380,"array([ 2.8040805 , -0.70896507])"
490,4896,2540383,"array([ 2.63999239, -0.57814711])"
491,4896,2540415,"array([ 2.69833897, -0.55549859])"
492,4896,2540429,"array([ 2.82145334, -0.64083346])"
493,4896,2540430,"array([ 2.70058321, -0.76268289])"
494,4896,2540433,"array([ 2.75502058, -0.7720837 ])"
495,4896,2540452,"array([ 2.65521479, -0.51491461])"
496,4896,2540480,"array([ 2.79123139, -0.55445042])"
497,4896,2540491,"array([ 2.59026552, -0.67097773])"
498,4896,2540496,"array([ 2.40092056, -0.66818439])"
499,4896,2540501,"array([ 2.83387484, -0.78563245])"
500,4896,2540504,"array([ 2.82020752, -0.65636605])"
501,4896,2540516,"array([ 2.58223546, -0.62978685])"
502,4896,2540524,"array([ 2.59196265, -0.72186264])"
503,4896,2540538,"array([ 2.69816587, -0.54746349])"
504,4896,2540540,"array([ 2.47035794, -0.71260052])"
505,4896,2540551,"array([ 2.63278342, -0.70469714])"
506,4896,2540568,"array([ 2.55364962, -0.50742808])"
507,4896,2540599,"array([ 2.7144521 , -0.68172355])"
508,4896,2540643,"array([ 2.64592057, -0.72292   ])"
509,4896,2540661,"array([ 2.55914721, -0.52720722])"
510,4896,2540663,"array([ 2.54906117, -0.72791876])"
511,4896,2540691,"array([ 2.71687534, -0.53765687])"
512,4896,2540698,"array([ 2.42926806, -0.67708773])"
513,4896,2540706,"array([ 2.72306922, -0.76633607])"
514,4896,2540734,"array([ 2.65236168, -0.73907084])"
515,4896,2540751,"array([ 2.6783646 , -0.70004257])"
516,4896,2540773,"array([ 2.66384992, -1.06907123])"
517,4896,2540787,"array([ 2.68227106, -0.65051908])"
518,4896,2540790,"array([ 2.75872507, -0.83194687])"
519,4896,2540798,"array([ 2.58705575, -0.78837558])"
520,4896,2540800,"array([ 2.71313039, -0.62722671])"
521,4896,2540811,"array([ 2.44430607, -0.74686076])"
522,4896,2540829,"array([ 2.67160461, -0.64159169])"
523,4896,2540831,"array([ 2.71952485, -0.729053  ])"
524,4896,2540836,"array([ 2.70853269, -0.7101957 ])"
525,4896,2540849,"array([ 2.7337327 , -0.86033243])"
526,4896,2540850,"array([ 2.76153456, -0.81633495])"
527,4896,2540856,"array([ 2.92292082, -0.79428237])"
528,4896,2540867,"array([ 2.30132133, -0.89542428])"
529,4896,2540885,"array([ 2.75627889, -0.64330043])"
530,4896,2540886,"array([ 2.64598121, -0.57871345])"
531,4896,2540928,"array([ 2.57003106, -0.77861637])"
532,4896,2540929,"array([ 2.61384647, -0.62549965])"
533,4896,2540930,"array([ 2.7207334 , -0.61291951])"
534,4896,2540946,"array([ 2.67497851, -0.72465149])"
535,4896,2540957,"array([ 2.3246073 , -0.56944828])"
536,4896,2540975,"array([ 2.70290877, -0.72466861])"
537,4896,2540999,"array([ 2.6390249 , -0.64611555])"
538,4896,2541006,"array([ 2.44191428, -0.58045535])"
539,4896,2541012,"array([ 2.67126527, -0.78146036])"
540,4896,2541026,"array([ 2.70788911, -0.68140091])"
541,4896,2541053,"array([ 2.59220634, -0.68992994])"
542,4896,2541054,"array([ 2.80274193, -0.82924317])"
543,4896,2541058,"array([ 2.74416952, -0.72501519])"
544,4896,2541066,"array([ 2.5095362 , -0.48746407])"
545,4896,2541104,"array([ 2.5419246 , -0.74684566])"
546,4896,2541118,"array([ 2.76719283, -0.37119694])"
547,4896,2541124,"array([ 2.61247978, -0.51182875])"
548,4896,2541130,"array([ 2.63024917, -0.53367487])"
549,4896,2541144,"array([ 2.5795235 , -0.58769853])"
550,4896,2541168,"array([ 2.49967225, -0.46420856])"
551,4896,2541181,"array([ 2.44078898, -0.89750244])"
552,4896,2541183,"array([ 2.59927472, -0.58660524])"
553,4896,2541187,"array([ 2.54991153, -0.58009087])"
554,4896,2541192,"array([ 2.61846662, -0.53155296])"
555,4896,2541238,"array([ 2.61162157, -0.56587272])"
556,4896,2541250,"array([ 2.59136839, -0.68251023])"
557,4896,2541257,"array([ 2.62260448, -0.79147427])"
558,4896,2541258,"array([ 2.44848534, -0.56431209])"
559,4896,2541266,"array([ 2.58529753, -0.60598209])"
560,4896,2541272,"array([ 2.64746263, -0.731991  ])"
561,4896,2541275,"array([ 2.48320513, -0.64855643])"
562,4896,2541279,"array([ 2.60367981, -0.78030115])"
563,4896,2541311,"array([ 2.60664254, -0.73216614])"
564,4896,2541313,"array([ 2.5715404 , -0.76203329])"
565,4896,2541334,"array([ 2.41772102, -0.67010875])"
566,4896,2541357,"array([ 2.61758917, -0.7255181 ])"
567,4896,2541378,"array([ 2.71454814, -0.63496323])"
568,4896,2541384,"array([ 2.50968052, -0.82328489])"
569,4896,2541388,"array([ 2.61746635, -0.83362504])"
570,4896,2541425,"array([ 2.59808812, -0.57216083])"
571,4896,2541432,"array([ 2.64183283, -0.60661185])"
572,4896,2541436,"array([ 2.50735383, -0.76467692])"
573,4896,2541438,"array([ 2.63825005, -0.72318175])"
574,4896,2541464,"array([ 2.70321751, -0.69795701])"
575,4896,2541470,"array([ 2.69354964, -0.60042102])"
576,4896,2541471,"array([ 2.79339838, -0.67821838])"
577,4896,2541475,"array([ 2.56222257, -0.76101377])"
578,4896,2541478,"array([ 2.65703828, -0.6956607 ])"
579,4896,2541491,"array([ 2.66696787, -0.76823392])"
580,4896,2541522,"array([ 2.6066169 , -0.62291517])"
581,4896,2541545,"array([ 2.67105759, -0.73861866])"
582,4896,2541558,"array([ 2.50974431, -0.64930327])"
583,4896,2541559,"array([ 2.27595896, -0.55995753])"
584,4896,2541565,"array([ 2.5521112 , -0.76941723])"
585,4896,2541611,"array([ 2.43469941, -0.74163941])"
586,4896,2541650,"array([ 2.60564337, -0.60756651])"
587,4896,2541681,"array([ 2.68368423, -0.85425995])"
588,4896,2541689,"array([ 2.64274657, -0.88386271])"
589,4896,2541709,"array([ 2.65424311, -0.59944685])"
590,4896,2541742,"array([ 2.60321378, -0.70263053])"
591,4896,2541762,"array([ 2.60672919, -0.57173671])"
592,4896,2541772,"array([ 2.32721703, -0.89635976])"
593,4896,2541793,"array([ 2.70448911, -0.76872009])"
594,4896,2541797,"array([ 2.6516526 , -0.45278069])"
595,4896,2541806,"array([ 2.64534474, -0.64908241])"
596,4896,2541816,"array([ 2.39152026, -0.7911449 ])"
597,4896,2541822,"array([ 2.7001698 , -0.87874653])"
598,4896,2541831,"array([ 2.43615221, -0.72712913])"
599,4896,2541844,"array([ 2.38918703, -0.69658244])"
600,4896,2541867,"array([ 2.68882081, -0.66789337])"
601,4896,2541889,"array([ 2.71373391, -0.67426456])"
602,4896,2541899,"array([ 2.70475614, -0.63412635])"
603,4896,2541959,"array([ 2.82254542, -0.7181096 ])"
604,4896,2541971,"array([ 2.4695733 , -0.72318496])"
605,4896,2542013,"array([ 2.71711612, -0.84487325])"
606,4896,2542033,"array([ 2.53934991, -0.82001244])"
607,4896,2542055,"array([ 2.58092559, -0.57356099])"
608,4896,2542060,"array([ 2.6081922 , -0.76619507])"
609,4896,2542073,"array([ 2.51303356, -0.69678707])"
610,4896,2542082,"array([ 2.53563268, -0.65610743])"
611,4896,2542103,"array([ 2.6853451 , -0.60485167])"
612,4896,2542117,"array([ 2.86073001, -0.89932322])"
613,4896,2542120,"array([ 2.34839742, -0.58685113])"
614,4896,2542127,"array([ 2.78234711, -0.61226948])"
615,4896,2542135,"array([ 2.70863661, -0.62450679])"
616,4896,2542141,"array([ 2.63276005, -0.56552295])"
617,4896,2542143,"array([ 2.71017021, -0.51470213])"
618,4896,2542177,"array([ 2.70375933, -0.60180499])"
619,4896,2542180,"array([ 2.61016189, -0.69660528])"
620,4896,2542184,"array([ 2.9100511, -0.6211021])"
621,4896,2542186,"array([ 2.60466334, -0.79844247])"
622,4896,2542193,"array([ 2.81318026, -0.73904265])"
623,4896,2542220,"array([ 2.60186995, -0.66956273])"
624,4896,2542250,"array([ 2.79986902, -0.72429041])"
625,4896,2542251,"array([ 2.29322666, -0.85220332])"
626,4896,2542254,"array([ 2.67666194, -0.59682826])"
627,4896,2542262,"array([ 2.81121583, -0.64029351])"
628,4896,2542291,"array([ 2.51340711, -0.73224883])"
629,4896,2542299,"array([ 2.77853321, -0.5517516 ])"
630,4896,2542327,"array([ 2.70475732, -0.57539795])"
631,4896,2542341,"array([ 2.51045715, -0.42643656])"
632,4896,2542345,"array([ 2.54123558, -0.682938  ])"
633,4896,2542352,"array([ 2.28346409, -0.87598074])"
634,4896,2542358,"array([ 2.78745076, -0.66975946])"
635,4896,2542362,"array([ 2.5747086, -0.9764139])"
636,4896,2542373,"array([ 2.49966763, -0.81286359])"
637,4896,2542378,"array([ 2.7095021 , -0.61356234])"
638,4896,2542382,"array([ 2.68120184, -0.80219721])"
639,4896,2542394,"array([ 2.50299748, -0.70185565])"
640,4896,2542399,"array([ 2.57718333, -0.48775932])"
641,4896,2542407,"array([ 2.48091017, -0.65954521])"
642,4896,2542420,"array([ 2.80180306, -0.63521363])"
643,4896,2542424,"array([ 2.70186893, -0.68000616])"
644,4896,2542444,"array([ 2.44331263, -0.78855791])"
645,4896,2542468,"array([ 2.65137168, -0.69563548])"
646,4896,2542472,"array([ 2.706719  , -0.48203014])"
647,4896,2542490,"array([ 2.24631401, -0.77769392])"
648,4896,2542498,"array([ 2.5426312 , -0.76309033])"
649,4896,2542502,"array([ 2.71962809, -0.68770384])"
650,4896,2542518,"array([ 2.64990064, -0.60305553])"
651,4896,2542528,"array([ 2.63798688, -0.71555968])"
652,4896,2542547,"array([ 2.61129893, -0.82283637])"
653,4896,2542560,"array([ 2.52801081, -0.87141149])"
654,4896,2542598,"array([ 2.64468669, -0.61219957])"
655,4896,2542613,"array([ 2.65839616, -0.52260769])"
656,4896,2542640,"array([ 2.4751951 , -0.61834702])"
657,4896,2542652,"array([ 2.6881414 , -0.79861057])"
658,4896,2542685,"array([ 2.54610378, -0.80092391])"
659,4896,2542700,"array([ 2.5517799 , -0.74348928])"
660,4896,2542707,"array([ 2.73144538, -0.57897017])"
661,4896,2542710,"array([ 2.71422972, -0.66288695])"
662,4896,2542712,"array([ 2.48397121, -0.55084037])"
663,4896,2542714,"array([ 2.66561504, -0.79831007])"
664,4896,2542723,"array([ 2.64116963, -0.81354893])"
665,4896,2542724,"array([ 2.69992487, -0.71465442])"
666,4896,2542731,"array([ 2.59353333, -0.7968235 ])"
667,4896,2542739,"array([ 2.27331432, -0.84105111])"
668,4896,2542747,"array([ 2.71501243, -0.69618486])"
669,4896,2542758,"array([ 2.66583142, -0.47904035])"
670,4896,2542782,"array([ 2.4373952 , -0.65754591])"
671,4896,2542787,"array([ 2.7456726 , -0.53508225])"
672,4896,2542791,"array([ 2.61326604, -0.64116256])"
673,4896,2542798,"array([ 2.41849384, -0.62843229])"
674,4896,2542847,"array([ 2.48956401, -0.8379031 ])"
675,4896,2542861,"array([ 2.62931276, -0.69614477])"
676,4896,2542862,"array([ 2.69554823, -0.72750262])"
677,4896,2542866,"array([ 2.39645431, -0.77159081])"
678,4896,2542867,"array([ 2.73999635, -0.58966034])"
679,4896,2542869,"array([ 2.65608702, -0.71692333])"
680,4896,2542873,"array([ 2.73624266, -0.73544104])"
681,4896,2542874,"array([ 2.57274605, -0.50207611])"
682,4896,2542875,"array([ 2.62407699, -0.58625632])"
683,4896,2542878,"array([ 2.7314796, -0.5456515])"
684,4896,2542883,"array([ 2.74532247, -0.57622072])"
685,4896,2542895,"array([ 2.60911852, -0.68960297])"
686,4896,2542906,"array([ 2.41738534, -0.7566982 ])"
687,4896,2542908,"array([ 2.72259613, -0.54365347])"
688,4896,2542917,"array([ 2.48750985, -0.74747623])"
689,4896,2542919,"array([ 2.61095742, -0.54274017])"
690,4896,2542921,"array([ 2.62356678, -0.73896028])"
691,4896,2542933,"array([ 2.67342005, -0.7737374 ])"
692,4896,2542950,"array([ 2.57104988, -0.64510771])"
693,4896,2542969,"array([ 2.72460279, -0.72291394])"
694,4896,2542976,"array([ 2.69346078, -0.58354117])"
695,4896,2542978,"array([ 2.81171533, -0.72705171])"
696,4896,2542981,"array([ 2.71771734, -0.5806711 ])"
697,4896,2543024,"array([ 2.75757872, -0.74494313])"
698,4896,2543046,"array([ 2.5361099 , -0.60056305])"
699,4896,2543059,"array([ 2.42267156, -0.64158957])"
700,4896,2543071,"array([ 2.65245747, -0.58227495])"
701,4896,2543077,"array([ 2.73901307, -0.87490426])"
702,4896,2543087,"array([ 2.61169253, -0.58006207])"
703,4896,2543102,"array([ 2.49420182, -0.52851346])"
704,4896,2543105,"array([ 2.50390209, -0.78755559])"
705,4896,2543110,"array([ 2.6594555 , -0.86239673])"
706,4896,2543139,"array([ 2.71356932, -0.55630812])"
707,4896,2543144,"array([ 2.69245361, -0.71413222])"
708,4896,2543195,"array([ 2.53128154, -1.05423365])"
709,4896,2543244,"array([ 2.68941569, -0.71966484])"
710,4896,2543245,"array([ 2.73199583, -0.77887029])"
711,4896,2543246,"array([ 2.74793739, -0.75319865])"
712,4896,2543250,"array([ 2.63271107, -0.7467604 ])"
713,4896,2543270,"array([ 2.45191025, -0.78082905])"
714,4896,2543272,"array([ 2.77894096, -0.8316123 ])"
715,4896,2543296,"array([ 2.71497854, -0.76322973])"
716,4896,2543301,"array([ 2.55976592, -0.62991667])"
717,4896,2543320,"array([ 2.65128414, -0.72703225])"
718,4896,2543324,"array([ 2.62530728, -0.68929445])"
719,4896,2543337,"array([ 2.65118473, -0.57285725])"
720,4896,2543370,"array([ 2.36568047, -0.72027044])"
721,4896,2543380,"array([ 2.60240124, -0.68709873])"
722,4896,2543400,"array([ 2.62941158, -0.76841222])"
723,4896,2543412,"array([ 2.72907678, -0.69312544])"
724,4896,2543434,"array([ 2.70295757, -0.70815725])"
725,4896,2543436,"array([ 2.85414063, -0.61765823])"
726,4896,2543439,"array([ 2.72025628, -0.80831392])"
727,4896,2543445,"array([ 2.68388043, -0.5291512 ])"
728,4896,2543448,"array([ 2.73274767, -0.67223354])"
729,4896,2543453,"array([ 2.60878258, -0.70553075])"
730,4896,2543457,"array([ 2.76507701, -0.87959325])"
731,4896,2543495,"array([ 2.60404736, -0.74255097])"
732,4896,2543508,"array([ 2.71178515, -0.93146594])"
733,4896,2543510,"array([ 2.75745153, -0.60165621])"
734,4896,2543515,"array([ 2.75141198, -0.5569938 ])"
735,4896,2543524,"array([ 2.78662251, -0.56401787])"
736,4896,2543555,"array([ 2.61830892, -0.94311048])"
737,4896,2543561,"array([ 2.52896658, -0.67522011])"
738,4896,2543573,"array([ 2.7479452 , -0.69266278])"
739,4896,2543578,"array([ 2.76735907, -0.78031474])"
740,4896,2543586,"array([ 2.53087407, -0.74830138])"
741,4896,2543587,"array([ 2.47064997, -0.5687639 ])"
742,4896,2543593,"array([ 2.61915472, -0.56798081])"
743,4896,2543613,"array([ 2.48118437, -0.95830933])"
744,4896,2543617,"array([ 2.61096608, -0.73725298])"
745,4896,2543631,"array([ 2.43104504, -0.70408562])"
746,4896,2543644,"array([ 2.5838324 , -0.55676475])"
747,4896,2543662,"array([ 2.70973863, -0.58801647])"
748,4896,2543681,"array([ 2.65609853, -0.57600568])"
749,4896,2543683,"array([ 2.55625861, -0.68820562])"
750,4896,2543687,"array([ 2.59303562, -0.98353846])"
751,4896,3361117,"array([ 2.74467299, -0.76921826])"
752,4896,3361128,"array([ 2.45258582, -0.91092668])"
753,4896,3361210,"array([ 2.56236305, -0.8110936 ])"
754,4896,3361381,"array([ 2.56926571, -0.68713654])"
755,4896,3361400,"array([ 2.83877072, -0.45095184])"
756,4896,3361491,"array([ 2.66601858, -0.55172821])"
757,4896,3361512,"array([ 2.56219065, -0.60862852])"
758,4896,5802927,"array([ 2.30869274, -0.87223036])"
759,4896,5802962,"array([ 2.43012062, -0.38586599])"
760,4896,2538711,"array([ 2.7203096 , -0.55113571])"
761,4896,2539051,"array([ 2.57575355, -0.63661983])"
762,4896,2539510,"array([ 2.61955187, -0.76357055])"
763,4896,2539952,"array([ 2.65691182, -0.83720094])"
764,4896,2540398,"array([ 2.89637715, -0.51558757])"
765,4896,2540673,"array([ 2.67195455, -0.66030277])"
766,4896,2541675,"array([ 2.74017945, -0.56378455])"
767,4896,2542716,"array([ 2.72224969, -0.66668289])"
768,4896,2543277,"array([ 2.76704985, -0.72248808])"
769,4896,2543472,"array([ 2.73753325, -0.58271999])"
770,4896,3361520,"array([ 2.71837182, -0.63873809])"
771,4896,2538946,"array([ 2.64298914, -0.67463331])"
772,4896,2539079,"array([ 2.61805984, -0.61601831])"
773,4896,2539673,"array([ 2.65119151, -0.65925861])"
774,4896,2542145,"array([ 2.67398506, -0.52887218])"
775,4896,2542195,"array([ 2.79299788, -0.51004966])"
776,4896,2542902,"array([ 2.68675928, -0.71247314])"
777,4896,2543100,"array([ 2.63825895, -0.53170414])"
778,4896,2543674,"array([ 2.78708209, -0.61692931])"
779,4896,3361401,"array([ 2.78137757, -0.59823729])"
780,4896,3361403,"array([ 2.80379032, -0.59213677])"
781,4896,2538715,"array([ 2.55157023, -0.550083  ])"
782,4896,2538986,"array([ 2.65454073, -0.65587951])"
783,4896,2543290,"array([ 2.71340906, -0.57327592])"
784,4896,2543432,"array([ 2.60664353, -0.65019209])"
785,4896,3361526,"array([ 2.68486738, -0.53770493])"
786,4896,2538716,"array([ 2.3845155 , -0.58014167])"
787,4896,2538717,"array([ 2.65822402, -0.55076567])"
788,4896,2539369,"array([ 2.76430075, -0.68730662])"
789,4896,2540555,"array([ 2.65014182, -0.66694047])"
790,4896,2540689,"array([ 2.66683284, -0.62660895])"
791,4896,2541903,"array([ 2.5759371 , -0.57992103])"
792,4896,2542359,"array([ 2.55965773, -0.71808162])"
793,4896,2542513,"array([ 2.6994144 , -0.65369781])"
794,4896,2538718,"array([ 2.3713518 , -0.76217524])"
795,4896,2538976,"array([ 2.61331172, -0.67576484])"
796,4896,2539055,"array([ 2.39395821, -0.64805903])"
797,4896,2541396,"array([ 2.61326137, -0.6624665 ])"
798,4896,2538720,"array([ 2.9791143, -0.4888688])"
799,4896,2538760,"array([ 2.86598084, -0.5258563 ])"
800,4896,2539399,"array([ 2.92529515, -0.50395136])"
801,4896,2538721,"array([ 2.6398526 , -0.73036789])"
802,4896,2540173,"array([ 2.77258541, -0.66855836])"
803,4896,2540636,"array([ 2.56857131, -0.56127305])"
804,4896,2541869,"array([ 2.75184504, -0.67293751])"
805,4896,2542894,"array([ 2.58817987, -0.65481036])"
806,4896,2543339,"array([ 2.75525822, -0.66619482])"
807,4896,2543478,"array([ 2.59239258, -0.60793061])"
808,4896,3361548,"array([ 2.61423534, -0.66943613])"
809,4896,2538722,"array([ 2.27494104, -0.52146725])"
810,4896,2540997,"array([ 2.61149713, -0.64841618])"
811,4896,2538723,"array([ 2.72137739, -0.47951609])"
812,4896,2539134,"array([ 2.6298805 , -0.73052327])"
813,4896,2539641,"array([ 2.77829226, -0.62866845])"
814,4896,2539874,"array([ 2.56699045, -0.65644843])"
815,4896,2541140,"array([ 2.63125138, -0.64031937])"
816,4896,2542189,"array([ 2.68375473, -0.70228097])"
817,4896,2538724,"array([ 2.70902015, -0.81069526])"
818,4896,2541117,"array([ 2.74794413, -0.65538073])"
819,4896,2542285,"array([ 2.8581979 , -0.76162376])"
820,4896,2542458,"array([ 2.78219504, -0.74144769])"
821,4896,2542860,"array([ 2.77664002, -0.76178541])"
822,4896,2543113,"array([ 2.65898388, -0.73972525])"
823,4896,2543329,"array([ 2.58059627, -0.71298531])"
824,4896,2538726,"array([ 2.49924215, -0.8915127 ])"
825,4896,2540626,"array([ 2.44292415, -0.76066001])"
826,4896,2541500,"array([ 2.60909582, -0.74811045])"
827,4896,2543377,"array([ 2.48975827, -0.75971291])"
828,4896,2538728,"array([ 2.57756199, -0.89905462])"
829,4896,2538730,"array([ 2.59008319, -0.63057662])"
830,4896,2539642,"array([ 2.74097304, -0.74553007])"
831,4896,2539956,"array([ 2.63095875, -0.67910783])"
832,4896,2540122,"array([ 2.61166826, -0.52637044])"
833,4896,2541177,"array([ 2.58042903, -0.72203588])"
834,4896,2541220,"array([ 2.73524095, -0.53101091])"
835,4896,2541320,"array([ 2.70438649, -0.49355412])"
836,4896,2541339,"array([ 2.76299712, -0.54252093])"
837,4896,2541468,"array([ 2.76668187, -0.70286406])"
838,4896,2541479,"array([ 2.65473001, -0.48456991])"
839,4896,2541542,"array([ 2.66305869, -0.53669107])"
840,4896,2541661,"array([ 2.71245872, -0.68748542])"
841,4896,2541773,"array([ 2.66897061, -0.53392901])"
842,4896,2541800,"array([ 2.59949713, -0.62448001])"
843,4896,2542153,"array([ 2.58378934, -0.42256796])"
844,4896,2542227,"array([ 2.54645553, -0.63766679])"
845,4896,2542390,"array([ 2.69684149, -0.79132809])"
846,4896,2542660,"array([ 2.61724199, -0.69006047])"
847,4896,2543527,"array([ 2.60013286, -0.74809186])"
848,4896,5802732,"array([ 2.58597827, -0.67674516])"
849,4896,2540641,"array([ 2.9193101 , -1.02239856])"
850,4896,2538732,"array([ 2.5312555 , -0.84587139])"
851,4896,2540158,"array([ 2.61818365, -0.7518231 ])"
852,4896,2538734,"array([ 2.80955691, -0.97004935])"
853,4896,2542823,"array([ 2.66652741, -1.08602202])"
854,4896,2538736,"array([ 2.8471429, -0.527311 ])"
855,4896,2540144,"array([ 3.04695342, -0.61340585])"
856,4896,2540223,"array([ 2.81246144, -0.51341076])"
857,4896,2540361,"array([ 2.80746566, -0.60002535])"
858,4896,2540737,"array([ 2.88417828, -0.70512856])"
859,4896,2540895,"array([ 2.88143837, -0.40595568])"
860,4896,2541155,"array([ 2.93810632, -0.64855881])"
861,4896,2541318,"array([ 2.96279718, -0.61091926])"
862,4896,2541600,"array([ 2.94254175, -0.48486887])"
863,4896,2542703,"array([ 2.87859524, -0.55342426])"
864,4896,2542788,"array([ 2.83592994, -0.58272213])"
865,4896,2543089,"array([ 2.84662141, -0.28459148])"
866,4896,2543449,"array([ 2.90100571, -0.4558304 ])"
867,4896,3361384,"array([ 2.8119169 , -0.44661943])"
868,4896,2538738,"array([ 2.81586697, -0.83078417])"
869,4896,3361391,"array([ 2.79519987, -0.56139477])"
870,4896,2538741,"array([ 2.84392476, -0.68751977])"
871,4896,2538756,"array([ 2.57775653, -0.68333534])"
872,4896,2540533,"array([ 2.68995365, -0.56895896])"
873,4896,2541834,"array([ 2.77189168, -0.62583351])"
874,4896,2542283,"array([ 2.72383582, -0.58170227])"
875,4896,2542357,"array([ 2.61799785, -0.74450025])"
876,4896,2538742,"array([ 3.04797502, -0.37350104])"
877,4896,2538743,"array([-0.2342696 , -1.08910857])"
878,4896,2539751,"array([-0.21849735, -1.1366591 ])"
879,4896,2538744,"array([ 2.94194538, -0.47266122])"
880,4896,2538959,"array([ 2.80752985, -0.57029339])"
881,4896,2541051,"array([ 2.79974968, -0.62722351])"
882,4896,3361036,"array([ 2.85313227, -0.64824814])"
883,4896,2538747,"array([ 2.8663412 , -0.93816075])"
884,4896,2538749,"array([ 2.56264849, -0.23986376])"
885,4896,2539461,"array([ 2.65737827, -0.73324487])"
886,4896,2538751,"array([ 2.60827213, -0.41429562])"
887,4896,2541133,"array([ 2.57678604, -0.65951607])"
888,4896,2543153,"array([ 2.6290809, -0.6556274])"
889,4896,2539023,"array([ 2.68308326, -0.67060492])"
890,4896,2540019,"array([ 2.73116664, -0.68708911])"
891,4896,2540355,"array([ 2.59436033, -0.74037947])"
892,4896,2540437,"array([ 2.62982324, -0.58787504])"
893,4896,2541044,"array([ 2.5976137 , -0.64259364])"
894,4896,2541089,"array([ 2.69411819, -0.6806215 ])"
895,4896,2541672,"array([ 2.76239318, -0.69606682])"
896,4896,2542069,"array([ 2.65458132, -0.6145632 ])"
897,4896,2542891,"array([ 2.67614327, -0.71696209])"
898,4896,2538757,"array([ 3.10042144, -0.88072392])"
899,4896,2539047,"array([ 2.83485843, -0.75819157])"
900,4896,2539997,"array([ 2.92835348, -0.74438155])"
901,4896,2538758,"array([ 2.81326751, -0.67490589])"
902,4896,2539519,"array([ 2.73440486, -0.64016158])"
903,4896,2540024,"array([ 2.84769036, -0.73746734])"
904,4896,2540072,"array([ 2.74826452, -0.64971889])"
905,4896,2540425,"array([ 2.71939564, -0.6225035 ])"
906,4896,2540494,"array([ 2.91403316, -0.55199785])"
907,4896,2540964,"array([ 2.70385927, -0.6182152 ])"
908,4896,2541059,"array([ 2.95638529, -0.5181717 ])"
909,4896,2542052,"array([ 2.76111947, -0.46422146])"
910,4896,2542611,"array([ 2.70359286, -0.8677364 ])"
911,4896,2542863,"array([ 2.72792016, -0.79572209])"
912,4896,2542986,"array([ 2.69960331, -0.89915798])"
913,4896,2543406,"array([ 2.63114715, -0.57433876])"
914,4896,2543565,"array([ 2.74862931, -0.52110015])"
915,4896,2539004,"array([ 2.83149314, -0.54903082])"
916,4896,2539087,"array([ 2.84425256, -0.5631046 ])"
917,4896,2539547,"array([ 2.96752039, -0.46172159])"
918,4896,2539686,"array([ 2.81142101, -0.60681384])"
919,4896,2540020,"array([ 2.87817609, -0.53396022])"
920,4896,2540345,"array([ 2.88209042, -0.57551752])"
921,4896,2540574,"array([ 2.86560569, -0.55396226])"
922,4896,2540646,"array([ 2.91408296, -0.43786819])"
923,4896,2540679,"array([ 2.82173619, -0.55484962])"
924,4896,2541798,"array([ 2.75562014, -0.50360622])"
925,4896,2542150,"array([ 2.79686681, -0.57031515])"
926,4896,2542925,"array([ 2.75753597, -0.57140833])"
927,4896,2543164,"array([ 2.73559255, -0.59076188])"
928,4896,3361330,"array([ 2.94065287, -0.51334517])"
929,4896,2538775,"array([ 2.78530395, -0.60559571])"
930,4896,2538806,"array([ 2.7097025, -0.5676404])"
931,4896,2538818,"array([ 2.54172155, -0.86710841])"
932,4896,2538834,"array([ 2.52167684, -0.61263331])"
933,4896,2538837,"array([ 2.51919215, -0.77255074])"
934,4896,2538841,"array([ 2.63062104, -0.59509292])"
935,4896,2538854,"array([ 2.58329193, -0.65112245])"
936,4896,2538896,"array([ 2.71615137, -0.71494659])"
937,4896,2538954,"array([ 2.61209401, -0.78908381])"
938,4896,2538961,"array([ 2.63054211, -0.68579177])"
939,4896,2538974,"array([ 2.85006366, -0.63751912])"
940,4896,2539030,"array([ 2.71107469, -0.7307266 ])"
941,4896,2539092,"array([ 2.61347373, -0.78027214])"
942,4896,2539111,"array([ 2.67419848, -0.44106352])"
943,4896,2539119,"array([ 2.71599031, -0.82083168])"
944,4896,2539145,"array([ 2.68015755, -0.60917178])"
945,4896,2539182,"array([ 2.74347043, -0.48973249])"
946,4896,2539188,"array([ 2.53816698, -0.60968826])"
947,4896,2539252,"array([ 2.67930773, -0.69211744])"
948,4896,2539253,"array([ 2.59151238, -0.76498829])"
949,4896,2539319,"array([ 2.64708864, -0.59799423])"
950,4896,2539467,"array([ 2.7457622 , -0.66977204])"
951,4896,2539487,"array([ 2.78902233, -0.74058989])"
952,4896,2539497,"array([ 2.75436598, -0.58561964])"
953,4896,2539527,"array([ 2.76775698, -0.64055855])"
954,4896,2539614,"array([ 2.58945361, -0.51945989])"
955,4896,2539740,"array([ 2.77428633, -0.73489277])"
956,4896,2539767,"array([ 2.56490644, -0.55477944])"
957,4896,2539785,"array([ 2.60037498, -0.92974093])"
958,4896,2539797,"array([ 2.57148788, -0.6684038 ])"
959,4896,2539805,"array([ 2.88778557, -0.81506457])"
960,4896,2539850,"array([ 2.70094255, -0.80180637])"
961,4896,2539898,"array([ 2.66949885, -0.57508314])"
962,4896,2539903,"array([ 2.91014012, -0.65642902])"
963,4896,2540000,"array([ 2.66888003, -0.46671465])"
964,4896,2540005,"array([ 2.48731398, -0.69066104])"
965,4896,2540057,"array([ 2.55775234, -0.72639368])"
966,4896,2540067,"array([ 2.58578008, -0.59353855])"
967,4896,2540068,"array([ 2.60086713, -0.67738575])"
968,4896,2540100,"array([ 2.65914414, -0.70944411])"
969,4896,2540105,"array([ 2.68436817, -0.57745678])"
970,4896,2540128,"array([ 2.79218932, -0.68939634])"
971,4896,2540167,"array([ 2.55336393, -0.80716948])"
972,4896,2540201,"array([ 2.59128885, -0.60035699])"
973,4896,2540235,"array([ 2.79936274, -0.69273066])"
974,4896,2540255,"array([ 2.88946835, -0.55238932])"
975,4896,2540322,"array([ 2.66439605, -0.66407917])"
976,4896,2540344,"array([ 2.53926786, -0.81060635])"
977,4896,2540396,"array([ 2.6508405 , -0.63596058])"
978,4896,2540455,"array([ 2.7545796 , -0.72171629])"
979,4896,2540462,"array([ 2.66510123, -0.58832632])"
980,4896,2540463,"array([ 2.60071544, -0.71018249])"
981,4896,2540497,"array([ 2.4619411 , -0.63851229])"
982,4896,2540628,"array([ 2.52519045, -0.73219986])"
983,4896,2540664,"array([ 2.68818951, -0.64443185])"
984,4896,2540703,"array([ 2.72423319, -0.8170328 ])"
985,4896,2540733,"array([ 2.63011772, -0.88427448])"
986,4896,2540788,"array([ 2.66110417, -0.64757097])"
987,4896,2540801,"array([ 2.55721761, -0.61579206])"
988,4896,2540832,"array([ 2.57976104, -0.69682338])"
989,4896,2540837,"array([ 2.62641385, -0.63868431])"
990,4896,2540883,"array([ 2.88395864, -0.66347922])"
991,4896,2540914,"array([ 2.5783773 , -0.56338383])"
992,4896,2540983,"array([ 2.6251893 , -0.70153383])"
993,4896,2540995,"array([ 2.70320935, -0.65985492])"
994,4896,2541021,"array([ 2.70794868, -0.69250161])"
995,4896,2541082,"array([ 2.7060435 , -0.54578908])"
996,4896,2541095,"array([ 2.64948761, -0.77776988])"
997,4896,2541100,"array([ 2.72693825, -0.61872238])"
998,4896,2541121,"array([ 2.7011622, -0.7328059])"
999,4896,2541151,"array([ 2.60839449, -0.48140326])"
1000,4896,2541160,"array([ 2.70945408, -0.70146147])"
1001,4896,2541166,"array([ 2.66394706, -0.7206134 ])"
1002,4896,2541179,"array([ 2.6338028 , -0.82014834])"
1003,4896,2541200,"array([ 2.73749678, -0.60898386])"
1004,4896,2541349,"array([ 2.68113349, -0.63591721])"
1005,4896,2541351,"array([ 2.533204  , -0.46751458])"
1006,4896,2541416,"array([ 2.57548759, -0.74215342])"
1007,4896,2541426,"array([ 2.63112576, -0.7605245 ])"
1008,4896,2541489,"array([ 2.62346961, -0.43895629])"
1009,4896,2541609,"array([ 2.82823229, -0.70049979])"
1010,4896,2541643,"array([ 2.75565689, -0.59307072])"
1011,4896,2541708,"array([ 2.72499742, -0.65855818])"
1012,4896,2541733,"array([ 2.78161008, -0.68999214])"
1013,4896,2541781,"array([ 2.72991969, -0.51516052])"
1014,4896,2541876,"array([ 2.64229617, -0.51055384])"
1015,4896,2541882,"array([ 2.41926358, -0.48428898])"
1016,4896,2541923,"array([ 2.71633746, -0.77123616])"
1017,4896,2541951,"array([ 2.63429869, -0.51268977])"
1018,4896,2541960,"array([ 2.60284274, -0.49666947])"
1019,4896,2542007,"array([ 2.69865778, -0.63293545])"
1020,4896,2542008,"array([ 2.6910603 , -0.73424937])"
1021,4896,2542107,"array([ 2.589095  , -0.61368816])"
1022,4896,2542125,"array([ 2.77924233, -0.74921294])"
1023,4896,2542192,"array([ 2.63625332, -0.60976527])"
1024,4896,2542194,"array([ 2.7739734 , -0.48982217])"
1025,4896,2542252,"array([ 2.78131607, -0.63721047])"
1026,4896,2542300,"array([ 2.63941143, -0.70929672])"
1027,4896,2542314,"array([ 2.54138064, -0.85487883])"
1028,4896,2542329,"array([ 2.67895987, -0.78448021])"
1029,4896,2542386,"array([ 2.56197986, -0.66478037])"
1030,4896,2542430,"array([ 2.50421156, -0.55765182])"
1031,4896,2542522,"array([ 2.6828623 , -0.72040792])"
1032,4896,2542540,"array([ 2.75002593, -0.40394676])"
1033,4896,2542541,"array([ 2.64816364, -0.71531769])"
1034,4896,2542544,"array([ 2.79166002, -0.70738841])"
1035,4896,2542614,"array([ 2.57220931, -0.73502172])"
1036,4896,2542630,"array([ 2.55275242, -0.43810779])"
1037,4896,2542646,"array([ 2.7513025 , -0.68153322])"
1038,4896,2542688,"array([ 2.81387157, -0.84550081])"
1039,4896,2542757,"array([ 2.7422619 , -0.59812347])"
1040,4896,2542786,"array([ 2.71861772, -0.85398997])"
1041,4896,2542812,"array([ 2.66478218, -0.75936597])"
1042,4896,2542815,"array([ 2.52663155, -0.6023506 ])"
1043,4896,2542817,"array([ 2.53836067, -0.67553759])"
1044,4896,2542831,"array([ 2.59629096, -0.80613953])"
1045,4896,2542877,"array([ 2.76059231, -0.44202625])"
1046,4896,2542910,"array([ 2.63660466, -0.68849426])"
1047,4896,2542940,"array([ 2.66666709, -0.56777447])"
1048,4896,2542989,"array([ 2.53383865, -0.71463621])"
1049,4896,2543008,"array([ 2.74246952, -0.68855271])"
1050,4896,2543044,"array([ 2.73051281, -0.63441891])"
1051,4896,2543070,"array([ 2.52250998, -0.5931796 ])"
1052,4896,2543076,"array([ 2.56173732, -0.70829535])"
1053,4896,2543098,"array([ 2.56339266, -0.78613581])"
1054,4896,2543106,"array([ 2.65992553, -0.61849142])"
1055,4896,2543190,"array([ 2.71746671, -0.70207371])"
1056,4896,2543192,"array([ 2.6552993 , -0.81479891])"
1057,4896,2543283,"array([ 2.51046729, -0.50915532])"
1058,4896,2543289,"array([ 2.77386985, -0.58790797])"
1059,4896,2543331,"array([ 2.50168635, -0.58727907])"
1060,4896,2543333,"array([ 2.73189505, -0.65710249])"
1061,4896,2543363,"array([ 2.48743362, -0.59931783])"
1062,4896,2543375,"array([ 2.53839465, -0.83141696])"
1063,4896,2543390,"array([ 2.81386503, -0.70974148])"
1064,4896,2543463,"array([ 2.59663315, -0.71633074])"
1065,4896,2543477,"array([ 2.55104174, -0.55922309])"
1066,4896,2543516,"array([ 2.75555431, -0.68797054])"
1067,4896,2543537,"array([ 2.80330066, -0.56160719])"
1068,4896,2543544,"array([ 2.80304976, -0.61027624])"
1069,4896,2543551,"array([ 2.62910629, -0.77700297])"
1070,4896,2543684,"array([ 2.6465753 , -0.47799296])"
1071,4896,3361105,"array([ 2.58674448, -0.75711693])"
1072,4896,3361389,"array([ 2.72885676, -0.49864142])"
1073,4896,3361436,"array([ 2.76535519, -0.71476431])"
1074,4896,5802726,"array([ 2.694185  , -0.61237117])"
1075,4896,5802929,"array([ 2.60560322, -0.53178574])"
1076,4896,2538763,"array([ 2.79244422, -0.43336339])"
1077,4896,2538881,"array([ 2.75739535, -0.34309408])"
1078,4896,2539658,"array([ 2.83369645, -0.48982073])"
1079,4896,2540369,"array([ 2.82893425, -0.41385515])"
1080,4896,2541134,"array([ 2.70798131, -0.39445147])"
1081,4896,2542147,"array([ 2.92909364, -0.21361695])"
1082,4896,2543643,"array([ 2.74292382, -0.62301476])"
1083,4896,2538765,"array([ 2.72122036, -0.9089987 ])"
1084,4896,2541578,"array([ 2.65194703, -0.70905559])"
1085,4896,2538767,"array([ 2.45407098, -0.661662  ])"
1086,4896,2539500,"array([ 2.47175119, -0.74777288])"
1087,4896,2543319,"array([ 2.62329069, -0.65248144])"
1088,4896,2538768,"array([ 2.5852143 , -0.93120471])"
1089,4896,2540411,"array([ 2.49028285, -1.217178  ])"
1090,4896,2541544,"array([ 2.73538712, -0.75784312])"
1091,4896,2542745,"array([ 2.41491694, -1.18459608])"
1092,4896,2542781,"array([ 2.66950015, -0.74628722])"
1093,4896,2538926,"array([ 2.60234632, -0.56368053])"
1094,4896,2539154,"array([ 2.73898329, -0.80921476])"
1095,4896,2539237,"array([ 2.75316346, -0.73736591])"
1096,4896,2539330,"array([ 2.80414437, -0.80344092])"
1097,4896,2539403,"array([ 2.689127  , -0.61339179])"
1098,4896,2539424,"array([ 2.58290132, -0.63799544])"
1099,4896,2539438,"array([ 2.55418504, -0.59007511])"
1100,4896,2539473,"array([ 2.73289886, -0.59606353])"
1101,4896,2539482,"array([ 2.72407702, -0.78200094])"
1102,4896,2539545,"array([ 2.84378581, -0.64743118])"
1103,4896,2539560,"array([ 2.92717408, -0.72630874])"
1104,4896,2539592,"array([ 2.52738235, -0.97230256])"
1105,4896,2539675,"array([ 2.74900791, -1.01184475])"
1106,4896,2539804,"array([ 2.73897788, -0.49732728])"
1107,4896,2539818,"array([ 2.69748591, -0.69310072])"
1108,4896,2539823,"array([ 2.76977286, -0.60955094])"
1109,4896,2539922,"array([ 2.91275346, -0.66879879])"
1110,4896,2540008,"array([ 2.78026563, -0.57456267])"
1111,4896,2540099,"array([ 2.82471224, -0.67204844])"
1112,4896,2540159,"array([ 2.73453346, -0.48624064])"
1113,4896,2540241,"array([ 2.81687538, -0.57330614])"
1114,4896,2540272,"array([ 3.0292052 , -0.58656221])"
1115,4896,2540283,"array([ 2.8310887 , -0.73890395])"
1116,4896,2540309,"array([ 2.73595776, -0.6508259 ])"
1117,4896,2540373,"array([ 2.57726766, -0.75631857])"
1118,4896,2540409,"array([ 2.80931454, -0.69279943])"
1119,4896,2540413,"array([ 2.94994556, -0.93622621])"
1120,4896,2540451,"array([ 2.64435035, -0.4867647 ])"
1121,4896,2540523,"array([ 2.77029392, -0.70920744])"
1122,4896,2540585,"array([ 2.65856389, -0.44006551])"
1123,4896,2540612,"array([ 2.83068207, -0.68291325])"
1124,4896,2540645,"array([ 2.99411661, -0.43420591])"
1125,4896,2540764,"array([ 2.73741666, -0.70715342])"
1126,4896,2540765,"array([ 2.60924766, -0.58667827])"
1127,4896,2540863,"array([ 2.76028437, -0.781863  ])"
1128,4896,2540966,"array([ 2.93555712, -0.56351193])"
1129,4896,2541013,"array([ 2.66666239, -0.62024888])"
1130,4896,2541015,"array([ 2.52295601, -0.47653953])"
1131,4896,2541061,"array([ 2.8668558 , -0.57805529])"
1132,4896,2541109,"array([ 2.76191535, -0.62093446])"
1133,4896,2541147,"array([ 2.65491692, -0.67085738])"
1134,4896,2541270,"array([ 2.7888239 , -0.58323629])"
1135,4896,2541336,"array([ 2.80308171, -0.54037238])"
1136,4896,2541358,"array([ 2.57887455, -0.64415133])"
1137,4896,2541411,"array([ 2.52602787, -0.88661374])"
1138,4896,2541463,"array([ 2.660989 , -0.2970203])"
1139,4896,2541498,"array([ 2.61668741, -0.71063753])"
1140,4896,2541520,"array([ 2.60915677, -0.44240086])"
1141,4896,2541552,"array([ 2.66744209, -0.69860315])"
1142,4896,2541556,"array([ 2.59344989, -0.50323749])"
1143,4896,2541585,"array([ 2.69869144, -0.83482141])"
1144,4896,2541677,"array([ 2.95196287, -0.84085155])"
1145,4896,2541846,"array([ 2.73306852, -0.80367209])"
1146,4896,2541929,"array([ 2.7618081 , -0.63907819])"
1147,4896,2542014,"array([ 2.66328059, -0.58052621])"
1148,4896,2542027,"array([ 2.63730095, -0.67786419])"
1149,4896,2542029,"array([ 2.82863434, -0.63250307])"
1150,4896,2542059,"array([ 2.62932331, -0.66092252])"
1151,4896,2542072,"array([ 2.69349811, -0.78253185])"
1152,4896,2542081,"array([ 2.72460626, -0.48856578])"
1153,4896,2542086,"array([ 2.93434395, -0.58578398])"
1154,4896,2542090,"array([ 2.73059786, -0.44002497])"
1155,4896,2542176,"array([ 2.71246007, -0.28219824])"
1156,4896,2542289,"array([ 2.52471988, -0.54157959])"
1157,4896,2542298,"array([ 2.77863173, -0.56659602])"
1158,4896,2542338,"array([ 2.73158339, -0.93651715])"
1159,4896,2542395,"array([ 2.95963983, -0.4813839 ])"
1160,4896,2542474,"array([ 2.91041888, -0.80421474])"
1161,4896,2542550,"array([ 2.59733078, -0.59707897])"
1162,4896,2542615,"array([ 2.97115027, -0.60186875])"
1163,4896,2542622,"array([ 2.9466683 , -0.57003999])"
1164,4896,2542637,"array([ 2.86743642, -0.75428228])"
1165,4896,2542667,"array([ 2.86444931, -0.6030646 ])"
1166,4896,2542683,"array([ 2.82884692, -0.77677516])"
1167,4896,2542733,"array([ 2.97740379, -0.93396111])"
1168,4896,2542756,"array([ 2.89319673, -0.80216278])"
1169,4896,2542789,"array([ 2.58371546, -0.40237553])"
1170,4896,2542808,"array([ 2.88209736, -0.45167533])"
1171,4896,2542849,"array([ 2.80058522, -0.41717793])"
1172,4896,2542886,"array([ 2.6268987 , -0.55779748])"
1173,4896,2542938,"array([ 2.68589863, -0.83358887])"
1174,4896,2542967,"array([ 2.82816571, -0.56560231])"
1175,4896,2542972,"array([ 2.52859374, -0.51914544])"
1176,4896,2543036,"array([ 2.7850289 , -0.40455183])"
1177,4896,2543159,"array([ 2.80037184, -0.71486415])"
1178,4896,2543214,"array([ 2.71160341, -0.46536633])"
1179,4896,2543346,"array([ 2.72259629, -0.464115  ])"
1180,4896,2543517,"array([ 2.67986514, -0.68466741])"
1181,4896,2543560,"array([ 2.86581633, -0.59141154])"
1182,4896,2543598,"array([ 2.51652373, -0.49682685])"
1183,4896,2543658,"array([ 2.64915266, -0.77063661])"
1184,4896,2543666,"array([ 2.83344721, -0.66989753])"
1185,4896,3361146,"array([ 3.08901097, -0.77772196])"
1186,4896,3361342,"array([ 2.75226429, -0.54865281])"
1187,4896,3361385,"array([ 2.5191102, -0.5817868])"
1188,4896,3361429,"array([ 2.76685885, -0.26856186])"
1189,4896,3361456,"array([ 2.828708  , -0.66005729])"
1190,4896,3361511,"array([ 2.80501462, -0.7434188 ])"
1191,4896,3361532,"array([ 2.82868727, -0.43897395])"
1192,4896,2538778,"array([ 2.68314516, -0.59719541])"
1193,4896,2539206,"array([ 2.80615043, -0.66654709])"
1194,4896,2539207,"array([ 2.79344091, -0.64537553])"
1195,4896,2539309,"array([ 2.72611022, -0.53618576])"
1196,4896,2539434,"array([ 2.65457769, -0.6309004 ])"
1197,4896,2539538,"array([ 2.67163712, -0.59270792])"
1198,4896,2540810,"array([ 2.85854454, -0.66944606])"
1199,4896,2540866,"array([ 2.69700021, -0.6756403 ])"
1200,4896,2541185,"array([ 2.59445102, -0.61811968])"
1201,4896,2542255,"array([ 2.69359463, -0.67092773])"
1202,4896,2542492,"array([ 2.6527599 , -0.74705829])"
1203,4896,2542497,"array([ 2.59937611, -0.655047  ])"
1204,4896,2543226,"array([ 2.6581563 , -0.58560598])"
1205,4896,2538948,"array([ 2.66551212, -0.54428732])"
1206,4896,2543275,"array([ 2.57592066, -0.67556485])"
1207,4896,2538847,"array([ 2.71959693, -0.62751551])"
1208,4896,2540279,"array([ 2.78016191, -0.6788158 ])"
1209,4896,2540314,"array([ 2.71527045, -0.74342118])"
1210,4896,2540418,"array([ 2.77838627, -0.88672884])"
1211,4896,2540467,"array([ 2.57964073, -0.60190274])"
1212,4896,2540584,"array([ 2.8578781 , -0.53609144])"
1213,4896,2540728,"array([ 2.82832678, -0.50546392])"
1214,4896,2540887,"array([ 2.82874011, -0.61665272])"
1215,4896,2540945,"array([ 2.70204988, -0.56850678])"
1216,4896,2541158,"array([ 2.85154877, -0.48655654])"
1217,4896,2541493,"array([ 3.07858074, -0.44829006])"
1218,4896,2541503,"array([ 2.75476739, -0.75862075])"
1219,4896,2542273,"array([ 2.64737092, -0.67837663])"
1220,4896,2542749,"array([ 2.9110097 , -0.58598294])"
1221,4896,2542773,"array([ 2.76452296, -0.66434603])"
1222,4896,2543670,"array([ 2.72306802, -0.63383184])"
1223,4896,3361323,"array([ 2.76876926, -0.59291073])"
1224,4896,2538796,"array([ 2.59204171, -0.73266239])"
1225,4896,2539085,"array([ 2.61026468, -0.55125433])"
1226,4896,2539363,"array([ 2.52497429, -0.68974063])"
1227,4896,2539960,"array([ 2.66170584, -0.57346827])"
1228,4896,2540727,"array([ 2.77373033, -0.61709951])"
1229,4896,2540851,"array([ 2.56071079, -0.56452825])"
1230,4896,2540919,"array([ 2.64434133, -0.6276838 ])"
1231,4896,2540990,"array([ 2.72018381, -0.64473312])"
1232,4896,2541404,"array([ 2.66605151, -0.70516219])"
1233,4896,2541926,"array([ 2.65302799, -0.56540561])"
1234,4896,2542094,"array([ 2.64907472, -0.61791613])"
1235,4896,2542848,"array([ 2.59208543, -0.53242124])"
1236,4896,2543020,"array([ 2.63673513, -0.59224095])"
1237,4896,2543514,"array([ 2.68678483, -0.58400204])"
1238,4896,2543584,"array([ 2.61711019, -0.59565947])"
1239,4896,2538780,"array([ 2.48354159, -0.56190081])"
1240,4896,2538786,"array([ 2.91045459, -0.83645658])"
1241,4896,2538787,"array([ 2.74502782, -0.79872955])"
1242,4896,2539442,"array([ 2.84290042, -0.55032387])"
1243,4896,2543189,"array([ 2.64071513, -0.63515537])"
1244,4896,2538789,"array([ 2.60571272, -0.89739691])"
1245,4896,2540260,"array([ 2.66310496, -0.82856697])"
1246,4896,2538792,"array([ 2.74149205, -0.65319498])"
1247,4896,2539348,"array([ 2.73638574, -0.69468257])"
1248,4896,2539908,"array([ 2.67193033, -0.6792975 ])"
1249,4896,2541330,"array([ 2.71273949, -0.80019147])"
1250,4896,2541443,"array([ 2.85635735, -0.77589696])"
1251,4896,2541685,"array([ 2.87417268, -1.00318183])"
1252,4896,2542239,"array([ 2.71016883, -0.63163925])"
1253,4896,2542482,"array([ 2.40749653, -0.50144491])"
1254,4896,2542657,"array([ 2.64325078, -0.53661019])"
1255,4896,2542696,"array([ 2.75642522, -0.6501477 ])"
1256,4896,2543021,"array([ 2.9370748 , -0.62068245])"
1257,4896,2543109,"array([ 2.54372208, -0.62841382])"
1258,4896,2543409,"array([ 2.67155592, -0.37975736])"
1259,4896,3361560,"array([ 2.79117738, -0.72108953])"
1260,4896,2538794,"array([ 2.8824299 , -0.63403888])"
1261,4896,2538880,"array([ 2.80288419, -0.70038838])"
1262,4896,2542165,"array([ 2.7065425 , -0.55310295])"
1263,4896,2542213,"array([ 2.68997292, -0.55440647])"
1264,4896,2539552,"array([ 2.63934392, -0.68344937])"
1265,4896,2540032,"array([ 2.67868264, -0.67076027])"
1266,4896,2539327,"array([ 2.52067885, -0.81119595])"
1267,4896,2539483,"array([ 2.69197465, -0.57373112])"
1268,4896,2541819,"array([ 2.78831745, -0.62820179])"
1269,4896,2538797,"array([ 2.82854428, -0.91185237])"
1270,4896,2538798,"array([ 3.06610895, -0.85061775])"
1271,4896,2541193,"array([ 2.87283745, -0.61508378])"
1272,4896,2538800,"array([ 2.62744015, -0.71765647])"
1273,4896,2540394,"array([ 2.58494043, -0.61956004])"
1274,4896,2540998,"array([ 2.70752363, -0.73701566])"
1275,4896,2542119,"array([ 2.59567988, -0.70408063])"
1276,4896,2538828,"array([ 2.62923959, -0.73893038])"
1277,4896,2539359,"array([ 2.51071807, -0.6300543 ])"
1278,4896,2539365,"array([ 2.65559252, -0.54082541])"
1279,4896,2539787,"array([ 2.70342068, -0.62295234])"
1280,4896,2539926,"array([ 2.85119205, -0.72561614])"
1281,4896,2540131,"array([ 2.65859893, -0.60796076])"
1282,4896,2540187,"array([ 2.78722195, -0.66173725])"
1283,4896,2540880,"array([ 2.8766867 , -0.58940977])"
1284,4896,2541535,"array([ 2.71106739, -0.52229153])"
1285,4896,2542268,"array([ 2.73200695, -0.61385127])"
1286,4896,2542466,"array([ 2.61430115, -0.65545763])"
1287,4896,2542515,"array([ 2.59410057, -0.75498473])"
1288,4896,2542617,"array([ 2.75118516, -0.6389925 ])"
1289,4896,2542656,"array([ 2.61898386, -0.56014701])"
1290,4896,2543317,"array([ 2.59124744, -0.55053623])"
1291,4896,2543419,"array([ 2.52188222, -0.68093333])"
1292,4896,2543423,"array([ 2.58936516, -0.66260129])"
1293,4896,2543471,"array([ 2.61698674, -0.57501428])"
1294,4896,2538803,"array([ 2.37902132, -0.44267737])"
1295,4896,2539388,"array([ 2.66670966, -0.69081471])"
1296,4896,2540221,"array([ 2.68242612, -0.64133472])"
1297,4896,2540879,"array([ 2.70111308, -0.67099427])"
1298,4896,2541098,"array([ 2.77582695, -0.70068432])"
1299,4896,2541809,"array([ 2.64064459, -0.4488563 ])"
1300,4896,2541843,"array([ 2.79764803, -0.36504524])"
1301,4896,2542363,"array([ 2.67655312, -0.53723357])"
1302,4896,2542761,"array([ 2.8725014 , -0.65744852])"
1303,4896,3361506,"array([ 2.67077045, -0.56235233])"
1304,4896,2538808,"array([ 2.44242664, -0.69744455])"
1305,4896,2538810,"array([ 2.47703533, -0.93091183])"
1306,4896,2540416,"array([ 2.58091312, -0.73303697])"
1307,4896,2541653,"array([ 2.64354521, -0.52534798])"
1308,4896,2538814,"array([ 2.72999273, -0.89245043])"
1309,4896,2538815,"array([ 2.43385545, -0.78349757])"
1310,4896,2538816,"array([ 3.3330736 , -0.36130039])"
1311,4896,2543112,"array([ 3.119179  , -0.47067204])"
1312,4896,2541853,"array([ 2.61006615, -0.71451277])"
1313,4896,2542106,"array([ 2.66191639, -0.69348561])"
1314,4896,2543583,"array([ 2.62207336, -0.41113207])"
1315,4896,2538822,"array([ 2.8544785 , -0.69829157])"
1316,4896,2539580,"array([ 2.93169891, -0.69671388])"
1317,4896,2538823,"array([ 2.83756543, -0.81559643])"
1318,4896,2538824,"array([ 2.5551017 , -0.78917682])"
1319,4896,2538825,"array([ 2.80804312, -0.79271431])"
1320,4896,2538826,"array([ 2.42041227, -0.41134508])"
1321,4896,2538827,"array([ 2.49736465, -0.80189091])"
1322,4896,2540306,"array([ 2.6238758 , -0.67984886])"
1323,4896,2541744,"array([ 2.55021852, -0.61990392])"
1324,4896,2542440,"array([ 2.57390509, -0.61088639])"
1325,4896,2538829,"array([ 3.3653236 , -0.53056236])"
1326,4896,2539945,"array([ 3.1308533 , -0.57888328])"
1327,4896,2538830,"array([ 2.79817133, -0.87349807])"
1328,4896,2538832,"array([ 2.33062705, -0.64939043])"
1329,4896,2539008,"array([ 2.47023333, -0.77258872])"
1330,4896,2542772,"array([ 2.49112698, -0.4697611 ])"
1331,4896,2538955,"array([ 2.72314091, -0.59261336])"
1332,4896,2538838,"array([ 3.0845463, -0.3041568])"
1333,4896,2542266,"array([ 2.93492927, -0.44993155])"
1334,4896,2538839,"array([ 2.79239715, -0.86060986])"
1335,4896,2538840,"array([ 2.6670057 , -0.68453645])"
1336,4896,2540678,"array([ 2.67928093, -0.58290812])"
1337,4896,2541590,"array([ 2.75916474, -0.61294525])"
1338,4896,2541619,"array([ 2.75514489, -0.43082451])"
1339,4896,2543592,"array([ 2.63754986, -0.5238503 ])"
1340,4896,2539900,"array([ 2.60455596, -0.55341393])"
1341,4896,2540209,"array([ 2.53173591, -0.76608961])"
1342,4896,2540244,"array([ 2.77483835, -0.59844892])"
1343,4896,2540293,"array([ 2.69784857, -0.77402207])"
1344,4896,2541052,"array([ 2.7849875 , -0.51912232])"
1345,4896,2541310,"array([ 2.69813185, -0.57363148])"
1346,4896,2541642,"array([ 2.72626625, -0.67332871])"
1347,4896,2542204,"array([ 2.69430457, -0.33971492])"
1348,4896,2542306,"array([ 2.56814978, -0.70407191])"
1349,4896,2538843,"array([ 2.35661268, -0.80115511])"
1350,4896,2538844,"array([ 2.48010823, -0.75445311])"
1351,4896,2539995,"array([ 2.58666479, -0.70026752])"
1352,4896,2538845,"array([ 2.58674773, -0.81251621])"
1353,4896,2540031,"array([ 2.61809122, -0.733518  ])"
1354,4896,2543425,"array([ 2.60180005, -0.66249759])"
1355,4896,2538846,"array([ 2.89422024, -0.76358967])"
1356,4896,2539407,"array([ 2.96115947, -0.81916817])"
1357,4896,2540560,"array([ 2.83171726, -0.69256274])"
1358,4896,2541028,"array([ 2.82771776, -0.82184856])"
1359,4896,2541538,"array([ 2.54286832, -0.55354626])"
1360,4896,2541561,"array([ 2.81303857, -0.39062464])"
1361,4896,2542840,"array([ 2.61116792, -0.43137506])"
1362,4896,2543111,"array([ 2.67057608, -0.51459646])"
1363,4896,2543414,"array([ 2.64715849, -0.5433342 ])"
1364,4896,2538898,"array([ 2.58782632, -0.6938771 ])"
1365,4896,2539003,"array([ 2.53642036, -0.73091269])"
1366,4896,2539098,"array([ 2.67800487, -0.73970756])"
1367,4896,2539142,"array([ 2.60168516, -0.48678497])"
1368,4896,2539181,"array([ 2.48863415, -0.71817863])"
1369,4896,2539232,"array([ 2.67385656, -0.54715671])"
1370,4896,2539303,"array([ 2.74259013, -0.73383868])"
1371,4896,2539426,"array([ 2.61908147, -0.86118029])"
1372,4896,2539452,"array([ 2.53822465, -0.64693007])"
1373,4896,2539586,"array([ 2.51047366, -0.71089332])"
1374,4896,2539817,"array([ 2.80624336, -0.58478045])"
1375,4896,2539993,"array([ 2.59880238, -0.7611798 ])"
1376,4896,2540193,"array([ 2.62522484, -0.57863054])"
1377,4896,2540313,"array([ 2.67879435, -0.51532192])"
1378,4896,2540337,"array([ 2.80264305, -0.57561015])"
1379,4896,2540556,"array([ 2.44560035, -0.49611888])"
1380,4896,2540677,"array([ 2.62394717, -0.59955214])"
1381,4896,2540896,"array([ 2.66306459, -0.77887954])"
1382,4896,2540961,"array([ 2.77974507, -0.65727895])"
1383,4896,2540993,"array([ 2.60423219, -0.61590236])"
1384,4896,2541248,"array([ 2.51796922, -0.63585349])"
1385,4896,2541379,"array([ 2.57203181, -0.60404539])"
1386,4896,2541389,"array([ 2.59848578, -0.61376192])"
1387,4896,2541472,"array([ 2.44908363, -0.52397606])"
1388,4896,2541856,"array([ 2.76309747, -0.56158767])"
1389,4896,2541875,"array([ 2.5324007 , -0.68498984])"
1390,4896,2541911,"array([ 2.6644073 , -0.55822136])"
1391,4896,2542056,"array([ 2.66923995, -0.72630563])"
1392,4896,2542304,"array([ 2.83603545, -0.51644459])"
1393,4896,2542309,"array([ 2.68796648, -0.52151768])"
1394,4896,2542764,"array([ 2.77764266, -0.53542291])"
1395,4896,2542890,"array([ 2.79459466, -0.66265408])"
1396,4896,2543078,"array([ 2.74538611, -0.57028633])"
1397,4896,2543208,"array([ 2.68167066, -0.77630634])"
1398,4896,2543287,"array([ 2.6251525 , -0.45706709])"
1399,4896,2543306,"array([ 2.7941331 , -0.81310584])"
1400,4896,2543392,"array([ 2.70811393, -0.75942067])"
1401,4896,2543513,"array([ 2.77943839, -0.58342289])"
1402,4896,2543531,"array([ 2.58983455, -0.77570953])"
1403,4896,2543633,"array([ 2.72108099, -0.57231053])"
1404,4896,2543646,"array([ 2.68675931, -0.75558073])"
1405,4896,2543668,"array([ 2.73831175, -0.54900565])"
1406,4896,2543672,"array([ 2.76247232, -0.51265434])"
1407,4896,2538849,"array([ 2.74305521, -0.55416617])"
1408,4896,2538852,"array([ 2.60093348, -0.53767873])"
1409,4896,2538965,"array([ 2.69749787, -0.48299181])"
1410,4896,2539161,"array([ 2.39724538, -0.26555862])"
1411,4896,2540458,"array([ 2.83845176, -0.50054379])"
1412,4896,9406926,"array([ 2.40137709, -0.60114086])"
1413,4896,2541808,"array([ 2.61290363, -0.75810111])"
1414,4896,2543332,"array([ 2.69325905, -0.80526541])"
1415,4896,2542736,"array([ 2.58830629, -0.47507475])"
1416,4896,2538855,"array([ 2.49466753, -0.60676391])"
1417,4896,2539702,"array([ 2.57611169, -0.69039437])"
1418,4896,2540745,"array([ 2.51631946, -0.53003709])"
1419,4896,2542401,"array([ 2.51613143, -0.6040707 ])"
1420,4896,2542499,"array([ 2.70326099, -0.52647821])"
1421,4896,2538857,"array([ 2.6520454 , -0.43235555])"
1422,4896,2538860,"array([ 2.88200031, -0.43602557])"
1423,4896,2543086,"array([ 2.83486166, -0.53921861])"
1424,4896,2540234,"array([ 2.83461275, -0.64023717])"
1425,4896,2542636,"array([ 2.67743644, -0.60298033])"
1426,4896,2538866,"array([ 2.82471408, -0.70937846])"
1427,4896,2539052,"array([ 2.49976493, -0.5675086 ])"
1428,4896,2539367,"array([ 2.86796717, -0.45947965])"
1429,4896,2539448,"array([ 2.57838221, -0.81850396])"
1430,4896,2539451,"array([ 2.61557997, -0.44971577])"
1431,4896,2539574,"array([ 2.54400329, -0.57599138])"
1432,4896,2541465,"array([ 2.67542287, -0.84853255])"
1433,4896,2538869,"array([ 2.86530251, -0.50220017])"
1434,4896,2538871,"array([ 2.53679268, -0.63188545])"
1435,4896,2539679,"array([ 2.73674292, -0.68498567])"
1436,4896,2538873,"array([ 2.68976468, -0.5953992 ])"
1437,4896,2538875,"array([ 3.0000475 , -0.54151794])"
1438,4896,2540250,"array([ 3.0070508 , -0.55529246])"
1439,4896,2540784,"array([ 2.9297183, -0.4688865])"
1440,4896,2541194,"array([ 2.97933556, -0.41999838])"
1441,4896,2538876,"array([ 2.61028115, -0.8070575 ])"
1442,4896,2538878,"array([ 2.75047937, -0.97671263])"
1443,4896,2538883,"array([ 2.8191157 , -0.93039652])"
1444,4896,2538884,"array([ 2.63812481, -0.59913303])"
1445,4896,2540565,"array([ 2.69668555, -0.50094333])"
1446,4896,2540799,"array([ 2.59830415, -0.63166037])"
1447,4896,2541293,"array([ 2.76304651, -0.60701704])"
1448,4896,2538889,"array([ 2.37410249, -0.89460564])"
1449,4896,2539959,"array([ 2.59430891, -0.78268409])"
1450,4896,2539032,"array([ 2.52251898, -0.74082148])"
1451,4896,2538892,"array([ 2.23363834, -0.70755653])"
1452,4896,2539773,"array([ 2.59578505, -0.65939596])"
1453,4896,2541982,"array([ 2.77532844, -0.64262489])"
1454,4896,2539334,"array([ 2.40960529, -0.61670593])"
1455,4896,2540001,"array([ 2.55704616, -0.67265913])"
1456,4896,2541771,"array([ 2.64058911, -0.77060043])"
1457,4896,2542698,"array([ 2.48623281, -0.79824751])"
1458,4896,2542857,"array([ 2.64870784, -0.5571033 ])"
1459,4896,2543357,"array([ 2.4886205 , -0.62524401])"
1460,4896,2538901,"array([ 2.56198329, -0.47007417])"
1461,4896,3361543,"array([ 2.72025221, -0.67665465])"
1462,4896,2538902,"array([ 2.62756047, -0.9961461 ])"
1463,4896,2542738,"array([ 2.55120704, -1.16834755])"
1464,4896,2538947,"array([ 2.77139764, -0.69541694])"
1465,4896,2539189,"array([ 2.69489565, -0.70555028])"
1466,4896,2539763,"array([ 2.73942276, -0.66687281])"
1467,4896,2539783,"array([ 2.70836114, -0.5830274 ])"
1468,4896,2539890,"array([ 2.61136251, -0.72312768])"
1469,4896,2540231,"array([ 2.74406083, -0.68099259])"
1470,4896,2540256,"array([ 2.68228932, -0.50886589])"
1471,4896,2540333,"array([ 2.5520162, -0.7202858])"
1472,4896,2540492,"array([ 2.73401217, -0.56952924])"
1473,4896,2540528,"array([ 2.73016448, -0.69977916])"
1474,4896,2540844,"array([ 2.71603005, -0.50240198])"
1475,4896,2540873,"array([ 3.05156041, -0.73204676])"
1476,4896,2541101,"array([ 2.74687238, -0.74194791])"
1477,4896,2541237,"array([ 2.70281907, -0.81795833])"
1478,4896,2541345,"array([ 2.62655846, -0.61998482])"
1479,4896,2541346,"array([ 2.60829048, -0.67322932])"
1480,4896,2541424,"array([ 2.6526193 , -0.53465566])"
1481,4896,2541580,"array([ 2.75373049, -0.61426791])"
1482,4896,2541682,"array([ 2.76540023, -0.61635958])"
1483,4896,2541707,"array([ 2.49430395, -0.54543387])"
1484,4896,2542222,"array([ 2.64043749, -0.58446881])"
1485,4896,2542249,"array([ 2.62794236, -0.49795324])"
1486,4896,2542253,"array([ 2.65488634, -0.55860545])"
1487,4896,2542331,"array([ 2.73543662, -0.72071072])"
1488,4896,2542433,"array([ 2.76736948, -0.40560895])"
1489,4896,2542530,"array([ 2.55173006, -0.69409584])"
1490,4896,2542836,"array([ 2.53227484, -0.7230652 ])"
1491,4896,2542915,"array([ 2.70633982, -0.50347029])"
1492,4896,2543051,"array([ 2.76376035, -0.57535679])"
1493,4896,2543201,"array([ 2.7357928 , -0.53797521])"
1494,4896,2538907,"array([ 2.71971958, -0.75441055])"
1495,4896,2540911,"array([ 2.81097724, -0.61575294])"
1496,4896,2538993,"array([ 2.62214491, -0.60611581])"
1497,4896,2539059,"array([ 2.70346885, -0.78113914])"
1498,4896,2539063,"array([ 2.45986711, -0.5635933 ])"
1499,4896,2539213,"array([ 2.7317302 , -0.74254548])"
1500,4896,2539339,"array([ 2.4999211 , -0.77220951])"
1501,4896,2539427,"array([ 2.56535398, -0.60282525])"
1502,4896,2539471,"array([ 2.50917501, -0.66546009])"
1503,4896,2539563,"array([ 2.76957591, -0.55201614])"
1504,4896,2539595,"array([ 2.60251182, -0.40292047])"
1505,4896,2539707,"array([ 2.78413572, -0.77891947])"
1506,4896,2539734,"array([ 2.52471509, -0.48739849])"
1507,4896,2539749,"array([ 2.46684986, -0.68831873])"
1508,4896,2539754,"array([ 2.53170046, -0.5536221 ])"
1509,4896,2539768,"array([ 2.78313316, -0.79953805])"
1510,4896,2539870,"array([ 2.73490854, -0.55571662])"
1511,4896,2539876,"array([ 2.62610529, -0.53857669])"
1512,4896,2539936,"array([ 2.48489664, -0.53431096])"
1513,4896,2539965,"array([ 2.66902798, -0.91068638])"
1514,4896,2539970,"array([ 2.75547591, -0.79610231])"
1515,4896,2539980,"array([ 2.47204583, -0.78539067])"
1516,4896,2539981,"array([ 2.46402875, -0.65104532])"
1517,4896,2539988,"array([ 2.54740314, -0.67388955])"
1518,4896,2539990,"array([ 2.54101856, -0.61844238])"
1519,4896,2539998,"array([ 2.7705997 , -0.78835142])"
1520,4896,2540094,"array([ 2.56370374, -0.83796309])"
1521,4896,2540108,"array([ 2.53083983, -0.50931609])"
1522,4896,2540150,"array([ 2.67924745, -0.56023446])"
1523,4896,2540182,"array([ 2.57073468, -0.54687766])"
1524,4896,2540232,"array([ 2.72543591, -0.75867007])"
1525,4896,2540242,"array([ 2.61912771, -0.46942344])"
1526,4896,2540296,"array([ 2.59366304, -0.58040504])"
1527,4896,2540325,"array([ 2.58862457, -0.70872051])"
1528,4896,2540364,"array([ 2.73106819, -0.47568027])"
1529,4896,2540372,"array([ 2.56253408, -0.50209858])"
1530,4896,2540378,"array([ 2.75157757, -0.82100752])"
1531,4896,2540384,"array([ 2.46400719, -0.54136751])"
1532,4896,2540401,"array([ 2.47834566, -0.60372791])"
1533,4896,2540410,"array([ 2.53328715, -0.59116024])"
1534,4896,2540422,"array([ 2.6038651 , -0.81407869])"
1535,4896,2540427,"array([ 2.50526305, -0.83227779])"
1536,4896,2540442,"array([ 2.7727901 , -0.66117963])"
1537,4896,2540464,"array([ 2.78417311, -0.53932032])"
1538,4896,2540513,"array([ 2.69609387, -0.52127175])"
1539,4896,2540514,"array([ 2.77513302, -0.81642134])"
1540,4896,2540519,"array([ 2.65055466, -0.80707851])"
1541,4896,2540631,"array([ 2.59041029, -0.57297188])"
1542,4896,2540648,"array([ 2.62236038, -0.80239642])"
1543,4896,2540657,"array([ 2.50899515, -0.47554813])"
1544,4896,2540683,"array([ 2.80168565, -0.65767476])"
1545,4896,2540687,"array([ 2.60722146, -0.50423494])"
1546,4896,2540692,"array([ 2.56533444, -0.62050614])"
1547,4896,2540701,"array([ 2.82416122, -0.57159959])"
1548,4896,2540725,"array([ 2.63324283, -0.58166359])"
1549,4896,2540779,"array([ 2.51491747, -0.68591033])"
1550,4896,2540828,"array([ 2.64864925, -0.76197701])"
1551,4896,2540881,"array([ 2.49068539, -0.68015215])"
1552,4896,2540918,"array([ 2.61987799, -0.674698  ])"
1553,4896,2540935,"array([ 2.60898069, -0.47131746])"
1554,4896,2540942,"array([ 2.59419109, -0.49112078])"
1555,4896,2540956,"array([ 2.82582074, -0.62574161])"
1556,4896,2540977,"array([ 2.72279831, -0.40702576])"
1557,4896,2541014,"array([ 2.65429932, -0.8859808 ])"
1558,4896,2541029,"array([ 2.62149834, -0.9270474 ])"
1559,4896,2541036,"array([ 2.51738076, -0.64447556])"
1560,4896,2541092,"array([ 2.46964542, -0.67837789])"
1561,4896,2541112,"array([ 2.57501325, -0.5404436 ])"
1562,4896,2541116,"array([ 2.751616  , -0.88101815])"
1563,4896,2541149,"array([ 2.74770784, -0.81097462])"
1564,4896,2541204,"array([ 2.44465465, -0.62302021])"
1565,4896,2541244,"array([ 2.58359229, -0.8040376 ])"
1566,4896,2541264,"array([ 2.56469813, -0.73105566])"
1567,4896,2541295,"array([ 2.4223467 , -0.57008875])"
1568,4896,2541301,"array([ 2.35829539, -0.66837964])"
1569,4896,2541323,"array([ 2.58725593, -0.64172001])"
1570,4896,2541359,"array([ 2.79520197, -0.90597705])"
1571,4896,2541375,"array([ 2.82128422, -0.73453257])"
1572,4896,2541380,"array([ 2.60897083, -0.59730283])"
1573,4896,2541413,"array([ 2.60997554, -0.77276995])"
1574,4896,2541451,"array([ 2.45187211, -0.58967088])"
1575,4896,2541459,"array([ 2.68110044, -0.82606944])"
1576,4896,2541497,"array([ 2.40182174, -0.69490622])"
1577,4896,2541513,"array([ 2.93906974, -0.63650626])"
1578,4896,2541525,"array([ 2.66268233, -0.81913063])"
1579,4896,2541530,"array([ 2.80096515, -0.64250412])"
1580,4896,2541570,"array([ 2.52901095, -0.64538061])"
1581,4896,2541576,"array([ 2.5663996 , -0.74091976])"
1582,4896,2541637,"array([ 2.57558588, -0.44576791])"
1583,4896,2541646,"array([ 2.50439833, -0.5466108 ])"
1584,4896,2541657,"array([ 2.7823027 , -0.50733072])"
1585,4896,2541732,"array([ 2.59728137, -0.42546139])"
1586,4896,2541735,"array([ 2.75861667, -0.7513771 ])"
1587,4896,2541739,"array([ 2.53045796, -0.70173027])"
1588,4896,2541818,"array([ 2.77202303, -0.63495719])"
1589,4896,2541885,"array([ 2.59764977, -0.64842555])"
1590,4896,2541896,"array([ 2.5724207, -0.7269094])"
1591,4896,2541913,"array([ 2.70877468, -0.82840415])"
1592,4896,2541946,"array([ 2.64450633, -0.43962993])"
1593,4896,2541955,"array([ 2.82911925, -0.6072062 ])"
1594,4896,2541979,"array([ 2.71807659, -0.73644791])"
1595,4896,2541981,"array([ 2.36158501, -0.68443816])"
1596,4896,2542087,"array([ 2.82674939, -0.58139603])"
1597,4896,2542113,"array([ 2.46247403, -0.57847191])"
1598,4896,2542179,"array([ 2.87407288, -0.74637862])"
1599,4896,2542208,"array([ 2.77995601, -0.48192222])"
1600,4896,2542246,"array([ 2.51531067, -0.74483315])"
1601,4896,2542372,"array([ 2.62091948, -0.77180409])"
1602,4896,2542419,"array([ 2.79092649, -0.63478447])"
1603,4896,2542431,"array([ 2.72828669, -0.73128763])"
1604,4896,2542464,"array([ 2.56511488, -0.67261173])"
1605,4896,2542494,"array([ 2.38063782, -0.74986283])"
1606,4896,2542521,"array([ 2.83004793, -0.75124699])"
1607,4896,2542571,"array([ 2.62170554, -0.5928057 ])"
1608,4896,2542575,"array([ 2.55503574, -0.89684802])"
1609,4896,2542578,"array([ 2.76482711, -0.76112251])"
1610,4896,2542602,"array([ 2.56376032, -0.77054005])"
1611,4896,2542618,"array([ 2.71976619, -0.83273102])"
1612,4896,2542650,"array([ 2.82256982, -0.68151787])"
1613,4896,2542671,"array([ 2.67377932, -0.55513977])"
1614,4896,2542695,"array([ 2.58587595, -0.49457671])"
1615,4896,2542706,"array([ 2.4768684 , -0.76425969])"
1616,4896,2542813,"array([ 2.57201814, -0.8478633 ])"
1617,4896,2542943,"array([ 2.73412631, -0.66462139])"
1618,4896,2543011,"array([ 2.63173378, -0.72392681])"
1619,4896,2543053,"array([ 2.54405243, -0.42090087])"
1620,4896,2543072,"array([ 2.56031116, -0.41655886])"
1621,4896,2543101,"array([ 2.62006332, -0.71793436])"
1622,4896,2543220,"array([ 2.65629337, -0.75184285])"
1623,4896,2543224,"array([ 2.7416818 , -0.79196942])"
1624,4896,2543228,"array([ 2.48925072, -0.66475405])"
1625,4896,2543234,"array([ 2.84519642, -0.59111658])"
1626,4896,2543260,"array([ 2.53366263, -0.78262534])"
1627,4896,2543368,"array([ 2.49714759, -0.68709976])"
1628,4896,2543420,"array([ 2.71430073, -0.70753583])"
1629,4896,2543483,"array([ 2.8191268 , -0.74643773])"
1630,4896,2543518,"array([ 2.57072653, -0.87676822])"
1631,4896,2543523,"array([ 2.44594626, -0.73376753])"
1632,4896,2543530,"array([ 2.84100468, -0.60181866])"
1633,4896,2543547,"array([ 2.63373597, -0.4293022 ])"
1634,4896,2543575,"array([ 2.5041589 , -0.67418748])"
1635,4896,2543582,"array([ 2.64776276, -0.82034274])"
1636,4896,2543594,"array([ 2.44780675, -0.66786283])"
1637,4896,2543609,"array([ 2.55884896, -0.7990198 ])"
1638,4896,2543615,"array([ 2.52378162, -0.46245777])"
1639,4896,2543624,"array([ 2.57871514, -0.70530526])"
1640,4896,2543634,"array([ 2.55022268, -0.53095202])"
1641,4896,2543636,"array([ 2.47937037, -0.69723847])"
1642,4896,2543641,"array([ 2.72832659, -0.71892809])"
1643,4896,2543652,"array([ 2.79251025, -0.65490949])"
1644,4896,3361119,"array([ 2.45782907, -0.69928841])"
1645,4896,3361329,"array([ 2.53510691, -0.53308901])"
1646,4896,3361410,"array([ 2.55502218, -0.70085108])"
1647,4896,3361478,"array([ 2.6605349 , -0.80722842])"
1648,4896,3361481,"array([ 2.4693082 , -0.55482939])"
1649,4896,3361569,"array([ 2.59112375, -0.82779641])"
1650,4896,3361570,"array([ 2.59210747, -0.54093067])"
1651,4896,5802917,"array([ 2.6369025 , -0.87164547])"
1652,4896,5802945,"array([ 2.59831287, -0.77150848])"
1653,4896,2538915,"array([ 2.41460527, -0.69917348])"
1654,4896,2538916,"array([ 2.72416888, -0.70217227])"
1655,4896,2539045,"array([ 2.66098945, -0.56504344])"
1656,4896,2539433,"array([ 2.94383498, -0.70222113])"
1657,4896,2538920,"array([ 2.59841785, -0.52552049])"
1658,4896,2538945,"array([ 2.64288725, -0.56007984])"
1659,4896,2539335,"array([ 2.52086513, -0.50495004])"
1660,4896,2539524,"array([ 2.36871219, -0.62425441])"
1661,4896,2539603,"array([ 2.62340428, -0.6632777 ])"
1662,4896,2540041,"array([ 2.47514429, -0.47036584])"
1663,4896,2540152,"array([ 2.55166502, -0.7114146 ])"
1664,4896,2540226,"array([ 2.49089303, -0.64241619])"
1665,4896,2540435,"array([ 2.42311538, -0.72856071])"
1666,4896,2540546,"array([ 2.50230669, -0.69292117])"
1667,4896,2540600,"array([ 2.57829127, -0.52302403])"
1668,4896,2540629,"array([ 2.65947156, -0.5293615 ])"
1669,4896,2540797,"array([ 2.67641294, -0.67553098])"
1670,4896,2540808,"array([ 2.53724267, -0.52127376])"
1671,4896,2541041,"array([ 2.40205259, -0.68196059])"
1672,4896,2541080,"array([ 2.76052909, -0.70782041])"
1673,4896,2541093,"array([ 2.53646368, -0.69309613])"
1674,4896,2541096,"array([ 2.79131633, -0.59971903])"
1675,4896,2541129,"array([ 2.62173906, -0.82325617])"
1676,4896,2541186,"array([ 2.67049653, -0.70975753])"
1677,4896,2541254,"array([ 2.74574943, -0.47168178])"
1678,4896,2541365,"array([ 2.60056672, -0.46489523])"
1679,4896,2541457,"array([ 2.40779786, -0.64279573])"
1680,4896,2541528,"array([ 2.40417534, -0.79245754])"
1681,4896,2541539,"array([ 2.42012   , -0.74030935])"
1682,4896,2541543,"array([ 2.58560257, -0.72820716])"
1683,4896,2541560,"array([ 2.6465202 , -0.75428856])"
1684,4896,2541904,"array([ 2.38874984, -0.625552  ])"
1685,4896,2542116,"array([ 2.43422007, -0.51545478])"
1686,4896,2542160,"array([ 2.55507257, -0.75199406])"
1687,4896,2542197,"array([ 2.73753364, -0.77429446])"
1688,4896,2542303,"array([ 2.54340238, -0.50874401])"
1689,4896,2542385,"array([ 2.50301264, -0.86507191])"
1690,4896,2542743,"array([ 2.56347305, -0.31525361])"
1691,4896,2542816,"array([ 2.72101446, -0.60399786])"
1692,4896,2542829,"array([ 2.60462082, -0.71809634])"
1693,4896,2542953,"array([ 2.84962966, -0.8060772 ])"
1694,4896,2543080,"array([ 2.67364112, -0.76594328])"
1695,4896,2543090,"array([ 2.63798039, -0.57035964])"
1696,4896,2543178,"array([ 2.50790051, -0.79791383])"
1697,4896,2543313,"array([ 2.75886002, -0.71554268])"
1698,4896,2543349,"array([ 2.50239025, -0.71401016])"
1699,4896,2543350,"array([ 2.6411452 , -0.89874483])"
1700,4896,2543381,"array([ 2.5960228, -0.4749743])"
1701,4896,2543430,"array([ 2.51194723, -0.91742371])"
1702,4896,2543569,"array([ 2.41776473, -0.55539212])"
1703,4896,2543661,"array([ 2.71542749, -0.77992452])"
1704,4896,3361269,"array([ 2.77829386, -0.71171556])"
1705,4896,3361476,"array([ 2.82177371, -0.69506823])"
1706,4896,2538923,"array([ 2.46488371, -0.58903166])"
1707,4896,2542159,"array([ 2.66478686, -0.48811079])"
1708,4896,2543577,"array([ 2.79125214, -0.57530683])"
1709,4896,2538927,"array([ 2.67228478, -0.83546153])"
1710,4896,2542576,"array([ 2.76291484, -1.07011272])"
1711,4896,2538929,"array([ 2.43306216, -0.57469486])"
1712,4896,2539170,"array([ 2.55870099, -0.73753943])"
1713,4896,2539208,"array([ 2.77053757, -0.68482408])"
1714,4896,2539331,"array([ 2.67939982, -0.74891904])"
1715,4896,2539350,"array([ 2.68435744, -0.46398022])"
1716,4896,2539484,"array([ 2.63311953, -0.55443101])"
1717,4896,2540329,"array([ 2.86671943, -0.67684115])"
1718,4896,2540403,"array([ 2.730657  , -0.84338982])"
1719,4896,2540515,"array([ 2.52058552, -0.4018361 ])"
1720,4896,2540902,"array([ 2.97472515, -0.79332941])"
1721,4896,2541466,"array([ 2.69379702, -0.45517449])"
1722,4896,2541925,"array([ 2.8963641 , -0.85440178])"
1723,4896,2541963,"array([ 2.57235053, -0.57042596])"
1724,4896,2541983,"array([ 2.472094  , -0.50482109])"
1725,4896,2542083,"array([ 2.89368992, -0.49702636])"
1726,4896,2542398,"array([ 2.59726789, -0.66547904])"
1727,4896,2542443,"array([ 2.6486075 , -0.83160445])"
1728,4896,2542554,"array([ 2.56935285, -0.6285502 ])"
1729,4896,2542669,"array([ 2.76644978, -0.53545533])"
1730,4896,2542769,"array([ 2.61336052, -0.45905501])"
1731,4896,2543559,"array([ 2.6216341, -0.7821259])"
1732,4896,2543630,"array([ 2.69310417, -0.40276522])"
1733,4896,5802740,"array([ 2.73257106, -0.3509576 ])"
1734,4896,2538934,"array([ 3.04052872, -0.70035189])"
1735,4896,2538935,"array([ 2.64064154, -0.78046274])"
1736,4896,2538936,"array([ 2.47848068, -0.86781433])"
1737,4896,2538939,"array([ 2.58249296, -0.66904668])"
1738,4896,2541004,"array([ 2.58112189, -0.61181469])"
1739,4896,2541137,"array([ 2.52929033, -0.61114513])"
1740,4896,2541456,"array([ 2.27901397, -0.69306528])"
1741,4896,2542682,"array([ 2.64562265, -0.69313316])"
1742,4896,2542839,"array([ 2.62569704, -0.75733107])"
1743,4896,2542924,"array([ 2.5691768 , -0.58513247])"
1744,4896,2538940,"array([ 2.7340581, -0.8186068])"
1745,4896,2540905,"array([ 2.80356248, -0.75203093])"
1746,4896,2538949,"array([ 2.50530156, -0.68484724])"
1747,4896,2539210,"array([ 2.83289141, -0.71532753])"
1748,4896,2539233,"array([ 2.63764783, -0.82927839])"
1749,4896,2539239,"array([ 2.64369829, -0.73999949])"
1750,4896,2539443,"array([ 2.54344156, -0.66722408])"
1751,4896,2539853,"array([ 2.5383965 , -0.48664307])"
1752,4896,2540140,"array([ 2.57089909, -0.74922693])"
1753,4896,2540160,"array([ 2.55389191, -0.67943458])"
1754,4896,2540180,"array([ 2.74985095, -0.73101407])"
1755,4896,2540224,"array([ 2.68178488, -0.49027392])"
1756,4896,2540297,"array([ 2.62460499, -0.52825717])"
1757,4896,2540312,"array([ 2.4478637 , -0.79969126])"
1758,4896,2540340,"array([ 2.63245641, -0.41602158])"
1759,4896,2540387,"array([ 2.50791298, -0.6037431 ])"
1760,4896,2540460,"array([ 2.68187961, -0.87408131])"
1761,4896,2540789,"array([ 2.39687377, -0.71300992])"
1762,4896,2540809,"array([ 2.4430522 , -0.54865117])"
1763,4896,2540922,"array([ 2.55259066, -0.60675535])"
1764,4896,2540926,"array([ 2.79516173, -0.5915162 ])"
1765,4896,2541032,"array([ 2.45558324, -0.55123395])"
1766,4896,2541119,"array([ 2.74433085, -0.62948533])"
1767,4896,2541235,"array([ 2.75928148, -0.76739753])"
1768,4896,2541246,"array([ 2.70620997, -0.79393246])"
1769,4896,2541249,"array([ 2.74197368, -0.67484935])"
1770,4896,2541392,"array([ 2.44364937, -0.63492094])"
1771,4896,2541532,"array([ 2.59521089, -0.56541341])"
1772,4896,2541541,"array([ 2.6399748 , -0.84530399])"
1773,4896,2541621,"array([ 2.61152675, -0.49590406])"
1774,4896,2541627,"array([ 2.72442373, -0.73793281])"
1775,4896,2541645,"array([ 2.6316353 , -0.44356381])"
1776,4896,2541757,"array([ 2.58159168, -0.74944752])"
1777,4896,2541795,"array([ 2.70484002, -0.84271284])"
1778,4896,2541845,"array([ 2.68200014, -0.79324495])"
1779,4896,2541860,"array([ 2.7939899 , -0.53637039])"
1780,4896,2541892,"array([ 2.77035036, -0.76983052])"
1781,4896,2542091,"array([ 2.73223153, -0.42184242])"
1782,4896,2542109,"array([ 2.63621304, -0.73724364])"
1783,4896,2542111,"array([ 2.56012319, -0.58138752])"
1784,4896,2542214,"array([ 2.57384327, -0.76971307])"
1785,4896,2542260,"array([ 2.62878428, -0.80663047])"
1786,4896,2542270,"array([ 2.67291344, -0.94578823])"
1787,4896,2542297,"array([ 2.56660561, -0.52126624])"
1788,4896,2542326,"array([ 2.58317784, -0.50658804])"
1789,4896,2542371,"array([ 2.46271542, -0.83558366])"
1790,4896,2542437,"array([ 2.65573741, -0.79604078])"
1791,4896,2542460,"array([ 2.75229235, -0.78785389])"
1792,4896,2542484,"array([ 2.57195855, -0.53073149])"
1793,4896,2542561,"array([ 2.74504421, -0.70782785])"
1794,4896,2542709,"array([ 2.5289452 , -0.81680438])"
1795,4896,2542855,"array([ 2.49712165, -0.7251723 ])"
1796,4896,2542871,"array([ 2.56530175, -0.88675592])"
1797,4896,2542971,"array([ 2.67850702, -0.54399851])"
1798,4896,2543043,"array([ 2.57048686, -0.7912682 ])"
1799,4896,2543065,"array([ 2.44242184, -0.93783331])"
1800,4896,2543135,"array([ 2.42026044, -0.60047475])"
1801,4896,2543311,"array([ 2.66523267, -0.50583186])"
1802,4896,2543480,"array([ 2.55927574, -0.38500367])"
1803,4896,3361295,"array([ 2.80322969, -0.67758316])"
1804,4896,2539029,"array([ 2.5817365 , -0.51376524])"
1805,4896,3361165,"array([ 2.70434023, -0.45688796])"
1806,4896,2538950,"array([ 2.9918829 , -0.81716237])"
1807,4896,2539892,"array([ 2.83112598, -0.87310843])"
1808,4896,2538951,"array([ 2.90030561, -0.69178857])"
1809,4896,2539036,"array([ 3.0712785 , -0.51733053])"
1810,4896,2539123,"array([ 2.85662429, -0.62792891])"
1811,4896,2541940,"array([ 2.97655249, -0.73907884])"
1812,4896,2543526,"array([ 2.97356059, -0.72676956])"
1813,4896,2539441,"array([ 2.690667  , -0.51270551])"
1814,4896,2540619,"array([ 2.6822142 , -0.57056348])"
1815,4896,2540649,"array([ 2.70735365, -0.71710528])"
1816,4896,2541297,"array([ 2.57450233, -0.65193962])"
1817,4896,2543427,"array([ 2.55822186, -0.60032658])"
1818,4896,2538958,"array([ 2.43641851, -0.82355674])"
1819,4896,2539137,"array([ 2.5689401 , -0.63639001])"
1820,4896,2539202,"array([ 2.58475755, -0.74204544])"
1821,4896,2539259,"array([ 2.69516039, -0.42931079])"
1822,4896,2539285,"array([ 2.93815877, -0.59932301])"
1823,4896,2539613,"array([ 2.82362349, -0.45461223])"
1824,4896,2539627,"array([ 2.88833661, -0.46315639])"
1825,4896,2539933,"array([ 2.89094595, -0.47709532])"
1826,4896,2540148,"array([ 2.85074954, -0.4638072 ])"
1827,4896,2540270,"array([ 2.67215744, -0.73228942])"
1828,4896,2540470,"array([ 2.90319652, -0.52730188])"
1829,4896,2540544,"array([ 3.03419682, -0.54742267])"
1830,4896,2540554,"array([ 2.91935586, -0.52556137])"
1831,4896,2540580,"array([ 2.87532722, -0.60157065])"
1832,4896,2540627,"array([ 2.88385677, -0.50261272])"
1833,4896,2540630,"array([ 2.97218701, -0.44730867])"
1834,4896,2540718,"array([ 2.88647337, -0.64612395])"
1835,4896,2541165,"array([ 2.85188453, -0.5105988 ])"
1836,4896,2541319,"array([ 2.80196728, -0.54982199])"
1837,4896,2541849,"array([ 2.84471456, -0.47727373])"
1838,4896,2542366,"array([ 2.82655706, -0.52655064])"
1839,4896,2542477,"array([ 2.95135154, -0.37773492])"
1840,4896,2542776,"array([ 2.60375449, -0.57835268])"
1841,4896,2542879,"array([ 2.6942944 , -0.49153318])"
1842,4896,2543204,"array([ 2.94399674, -0.50043771])"
1843,4896,2543281,"array([ 2.93654144, -0.5252872 ])"
1844,4896,2543407,"array([ 2.96559588, -0.57251434])"
1845,4896,2543629,"array([ 2.87225669, -0.54632795])"
1846,4896,2543639,"array([ 2.73896713, -0.40994325])"
1847,4896,2541728,"array([ 2.56159885, -0.68375548])"
1848,4896,2538963,"array([ 2.56872779, -0.39475527])"
1849,4896,2542409,"array([ 2.81097086, -0.65976341])"
1850,4896,2539293,"array([ 2.77177597, -0.56233431])"
1851,4896,2540121,"array([ 2.78716401, -0.45774475])"
1852,4896,2542235,"array([ 2.56962636, -0.71112897])"
1853,4896,2539940,"array([ 2.6364073 , -0.80526707])"
1854,4896,2540251,"array([ 2.6784729 , -0.75876394])"
1855,4896,2543326,"array([ 2.41037254, -0.57395762])"
1856,4896,2538969,"array([ 2.43537107, -0.53161346])"
1857,4896,2538970,"array([ 2.55396517, -0.40370216])"
1858,4896,2538971,"array([ 2.52177498, -0.20277945])"
1859,4896,2539001,"array([ 2.76545193, -0.67833776])"
1860,4896,2539382,"array([ 2.29779623, -0.78576156])"
1861,4896,2541281,"array([ 2.56889494, -0.4545899 ])"
1862,4896,2542551,"array([ 2.31522622, -0.59636393])"
1863,4896,2543411,"array([ 2.6086604 , -0.87903734])"
1864,4896,2540665,"array([ 2.62365863, -0.70976417])"
1865,4896,2540959,"array([ 2.44883126, -0.70600376])"
1866,4896,2542286,"array([ 2.53892438, -0.56794608])"
1867,4896,2542529,"array([ 2.33674878, -0.61607955])"
1868,4896,2542770,"array([ 2.7517802 , -0.45463094])"
1869,4896,2543048,"array([ 2.53721073, -0.63872221])"
1870,4896,2543124,"array([ 2.49974695, -0.66108583])"
1871,4896,2538977,"array([ 2.744782  , -0.71856076])"
1872,4896,2539572,"array([ 2.87164685, -0.95451657])"
1873,4896,2542128,"array([ 2.71188815, -0.88642916])"
1874,4896,2538982,"array([ 2.4521733, -0.5764358])"
1875,4896,2538984,"array([ 2.89601376, -0.91122424])"
1876,4896,2538985,"array([ 2.57369654, -0.47505586])"
1877,4896,2539035,"array([ 2.63593368, -0.75362085])"
1878,4896,2539178,"array([ 2.617728  , -0.70406221])"
1879,4896,2539349,"array([ 2.39398993, -0.51553548])"
1880,4896,2539494,"array([ 2.75493321, -0.52818562])"
1881,4896,2539648,"array([ 2.51423627, -0.62106674])"
1882,4896,2539684,"array([ 2.47042224, -0.70029747])"
1883,4896,2539788,"array([ 2.57631433, -0.79655462])"
1884,4896,2539842,"array([ 2.7318343 , -0.78978489])"
1885,4896,2540015,"array([ 2.53271595, -0.75674062])"
1886,4896,2540164,"array([ 2.68806228, -0.78731625])"
1887,4896,2540211,"array([ 2.51437059, -0.71927173])"
1888,4896,2540295,"array([ 2.66263275, -0.49831745])"
1889,4896,2540543,"array([ 2.50366649, -0.53501568])"
1890,4896,2540604,"array([ 2.49953631, -0.45023175])"
1891,4896,2540717,"array([ 2.63547893, -0.50008935])"
1892,4896,2540736,"array([ 2.69048055, -0.74928406])"
1893,4896,2540741,"array([ 2.71544917, -0.49333104])"
1894,4896,2540766,"array([ 2.54911542, -0.54189918])"
1895,4896,2540927,"array([ 2.74831423, -0.58411902])"
1896,4896,2540931,"array([ 2.43995959, -0.56123963])"
1897,4896,2541002,"array([ 2.59508961, -0.86306153])"
1898,4896,2541003,"array([ 2.58138998, -0.86812749])"
1899,4896,2541084,"array([ 2.56827416, -0.81951159])"
1900,4896,2541597,"array([ 2.44520995, -0.65034046])"
1901,4896,2541761,"array([ 2.77865067, -0.72860152])"
1902,4896,2541824,"array([ 2.57962082, -0.78477665])"
1903,4896,2541943,"array([ 2.75981883, -0.55088358])"
1904,4896,2542012,"array([ 2.70036123, -0.75033614])"
1905,4896,2542019,"array([ 2.85922921, -0.80171187])"
1906,4896,2542294,"array([ 2.63189052, -0.85482477])"
1907,4896,2542435,"array([ 2.6166726 , -0.48196079])"
1908,4896,2542543,"array([ 2.51260732, -0.59450221])"
1909,4896,2542679,"array([ 2.82776458, -0.72700096])"
1910,4896,2542702,"array([ 2.71655597, -0.41890263])"
1911,4896,2542795,"array([ 2.77538725, -0.72237513])"
1912,4896,2542904,"array([ 2.5754143 , -0.61877542])"
1913,4896,2542973,"array([ 2.68155589, -0.81024382])"
1914,4896,2543091,"array([ 2.56167637, -0.63786863])"
1915,4896,2543103,"array([ 2.5106129 , -0.56536824])"
1916,4896,2543108,"array([ 2.60565429, -0.59214349])"
1917,4896,2543307,"array([ 2.62142869, -0.51292436])"
1918,4896,2543391,"array([ 2.59399805, -0.59156566])"
1919,4896,2543486,"array([ 2.59915238, -0.51599329])"
1920,4896,2543638,"array([ 2.54998604, -0.64204004])"
1921,4896,3361360,"array([ 2.45548086, -0.64787255])"
1922,4896,3361470,"array([ 2.79640669, -0.6191668 ])"
1923,4896,2538990,"array([ 2.78248612, -0.32859307])"
1924,4896,2540917,"array([ 2.84852511, -0.536118  ])"
1925,4896,2538994,"array([ 2.81431098, -0.64920672])"
1926,4896,2541517,"array([ 2.89640376, -0.64895012])"
1927,4896,2538999,"array([ 2.98894777, -0.88976038])"
1928,4896,2542380,"array([ 2.871154  , -0.83775765])"
1929,4896,2540695,"array([ 2.76397695, -0.58965065])"
1930,4896,2540606,"array([ 2.84358459, -0.67047311])"
1931,4896,2540845,"array([ 2.88926659, -0.73911225])"
1932,4896,2540952,"array([ 2.78013021, -0.55949574])"
1933,4896,2540802,"array([ 2.87924875, -0.56412285])"
1934,4896,2541213,"array([ 2.90589646, -0.48111357])"
1935,4896,2543237,"array([ 2.78202707, -0.52982693])"
1936,4896,2539006,"array([ 2.87900787, -0.41917893])"
1937,4896,2541639,"array([ 2.75268752, -0.36646189])"
1938,4896,2539007,"array([ 2.97881633, -0.78130975])"
1939,4896,2539649,"array([ 2.80816506, -0.78203443])"
1940,4896,2540007,"array([ 3.06433519, -0.65644008])"
1941,4896,2540243,"array([ 3.03297899, -0.74585434])"
1942,4896,2539236,"array([ 2.48884076, -0.58072611])"
1943,4896,2539268,"array([ 2.4602369 , -0.86333288])"
1944,4896,2539410,"array([ 2.5008529 , -0.84488391])"
1945,4896,2539010,"array([ 2.37089264, -0.56187179])"
1946,4896,2539012,"array([ 2.62133035, -1.07975531])"
1947,4896,2542664,"array([ 2.59297527, -1.213278  ])"
1948,4896,2540261,"array([ 2.84854257, -0.70550283])"
1949,4896,2539015,"array([ 2.84533662, -0.42540523])"
1950,4896,2539020,"array([ 2.82470329, -0.49418208])"
1951,4896,2540541,"array([ 2.81443891, -0.59119593])"
1952,4896,2539021,"array([ 2.31117516, -0.63566718])"
1953,4896,2539104,"array([ 2.74595687, -0.54511558])"
1954,4896,2539219,"array([ 2.78797115, -0.64017618])"
1955,4896,2542040,"array([ 2.51581489, -0.55363051])"
1956,4896,2542136,"array([ 2.76687329, -0.79694893])"
1957,4896,2542244,"array([ 2.72237658, -0.5206511 ])"
1958,4896,2542582,"array([ 2.81064056, -0.53411883])"
1959,4896,2543056,"array([ 2.51022581, -0.77774397])"
1960,4896,2543686,"array([ 2.83858084, -0.65541673])"
1961,4896,2539024,"array([ 2.95622419, -0.95673437])"
1962,4896,2540258,"array([ 2.86913147, -0.73417926])"
1963,4896,2539567,"array([ 2.56759195, -0.59476834])"
1964,4896,2541055,"array([ 2.79793924, -0.73124855])"
1965,4896,2539033,"array([ 2.56508249, -0.53827492])"
1966,4896,2539807,"array([ 2.63022026, -0.71267252])"
1967,4896,2539034,"array([ 2.45906059, -0.73861985])"
1968,4896,2539246,"array([ 2.63204054, -0.61560384])"
1969,4896,2540149,"array([ 3.05373522, -0.46790509])"
1970,4896,2542783,"array([ 3.31183462, -0.42051513])"
1971,4896,3361521,"array([ 3.02847358, -0.44045325])"
1972,4896,2539037,"array([ 2.44854564, -0.77002917])"
1973,4896,2543576,"array([ 2.81407943, -0.68593469])"
1974,4896,2539042,"array([ 2.98232505, -0.52528137])"
1975,4896,2539043,"array([ 2.59881783, -0.50909805])"
1976,4896,2539044,"array([ 2.46780244, -0.88237435])"
1977,4896,2539368,"array([ 2.65706256, -0.72356051])"
1978,4896,2540882,"array([ 2.7387921, -0.7016007])"
1979,4896,2539046,"array([ 2.54431703, -0.60112358])"
1980,4896,2540907,"array([ 2.62022881, -0.50109875])"
1981,4896,2539537,"array([ 2.99509029, -0.8465124 ])"
1982,4896,2540248,"array([ 2.69501266, -0.74298555])"
1983,4896,2541203,"array([ 2.92334334, -0.81662404])"
1984,4896,2542337,"array([ 2.9440189 , -0.74013713])"
1985,4896,2542619,"array([ 2.80548091, -0.73296923])"
1986,4896,2542793,"array([ 3.05281632, -1.00855391])"
1987,4896,2539049,"array([ 2.92575859, -0.64950959])"
1988,4896,2539314,"array([ 2.73630679, -0.76458115])"
1989,4896,2539893,"array([ 2.53255084, -0.62067324])"
1990,4896,2540106,"array([ 2.88183506, -0.6227898 ])"
1991,4896,2540582,"array([ 2.85823089, -0.56277265])"
1992,4896,2540804,"array([ 2.93053388, -0.4353768 ])"
1993,4896,2541326,"array([ 2.79138526, -0.52766059])"
1994,4896,2541352,"array([ 2.52058423, -0.56762931])"
1995,4896,2541373,"array([ 2.67353779, -0.82038696])"
1996,4896,2541562,"array([ 2.54198772, -0.71286331])"
1997,4896,2541663,"array([ 2.69982831, -0.58041476])"
1998,4896,2542009,"array([ 2.77774854, -0.90253066])"
1999,4896,2542951,"array([ 2.80940791, -0.77067393])"
2000,4896,2543461,"array([ 2.4946705 , -0.50485177])"
2001,4896,2542774,"array([ 2.68289921, -0.55224813])"
2002,4896,2539498,"array([ 2.47965089, -0.59446875])"
2003,4896,2539056,"array([ 2.79052677, -0.82915783])"
2004,4896,2539057,"array([ 2.55381758, -0.36636229])"
2005,4896,2539058,"array([ 2.69590766, -0.41827688])"
2006,4896,2540732,"array([ 2.52724202, -0.6599731 ])"
2007,4896,2540830,"array([ 2.44114449, -0.71551275])"
2008,4896,2541306,"array([ 2.96717902, -0.84274071])"
2009,4896,2539579,"array([ 2.78578185, -0.54638423])"
2010,4896,2540107,"array([ 2.7913426 , -0.78746825])"
2011,4896,2541374,"array([ 2.77217537, -0.754554  ])"
2012,4896,2541704,"array([ 2.83657916, -0.70308239])"
2013,4896,2542643,"array([ 2.65410524, -0.49524736])"
2014,4896,2543152,"array([ 2.60600285, -0.72535195])"
2015,4896,2539074,"array([ 2.71141464, -1.00510242])"
2016,4896,2539077,"array([ 3.04915617, -0.53154107])"
2017,4896,2539741,"array([ 2.95022929, -0.45286143])"
2018,4896,2543082,"array([ 2.9859385 , -0.67013891])"
2019,4896,2541286,"array([ 2.6242468, -0.4891221])"
2020,4896,2541828,"array([ 2.61941207, -0.5211995 ])"
2021,4896,2539157,"array([ 2.91185569, -0.64293999])"
2022,4896,2539196,"array([ 2.54558903, -0.75392942])"
2023,4896,2539457,"array([ 2.52920147, -0.92266985])"
2024,4896,2539549,"array([ 2.47495974, -0.66789716])"
2025,4896,2539800,"array([ 2.49614604, -0.75206899])"
2026,4896,2539951,"array([ 2.6665991 , -0.41487443])"
2027,4896,2540125,"array([ 2.87569745, -0.71285392])"
2028,4896,2540194,"array([ 2.62814883, -0.50788522])"
2029,4896,2540363,"array([ 2.5582815 , -0.64401884])"
2030,4896,2540489,"array([ 2.53335723, -0.6650572 ])"
2031,4896,2540960,"array([ 2.58120043, -0.54805415])"
2032,4896,2541335,"array([ 2.42946765, -0.55655967])"
2033,4896,2541343,"array([ 2.70477781, -0.56041359])"
2034,4896,2541401,"array([ 2.62849432, -0.83024075])"
2035,4896,2541408,"array([ 2.58379962, -0.46449402])"
2036,4896,2541658,"array([ 2.61880974, -0.89113945])"
2037,4896,2542080,"array([ 2.71871989, -0.51409448])"
2038,4896,2542353,"array([ 2.37809141, -0.50636344])"
2039,4896,2542628,"array([ 2.82037108, -0.51755649])"
2040,4896,2542965,"array([ 2.45624184, -0.45615347])"
2041,4896,2543130,"array([ 2.49883057, -0.59661612])"
2042,4896,2543145,"array([ 2.56556883, -0.3468064 ])"
2043,4896,2543522,"array([ 2.46620494, -0.62962267])"
2044,4896,2543680,"array([ 2.55502955, -0.77999209])"
2045,4896,2539081,"array([ 2.77972393, -0.8542663 ])"
2046,4896,2540481,"array([ 2.81538508, -0.66571794])"
2047,4896,2539083,"array([ 2.91423884, -0.3872156 ])"
2048,4896,2539485,"array([ 2.84402905, -0.40561604])"
2049,4896,2539568,"array([ 2.7157419, -0.5453691])"
2050,4896,2541159,"array([ 2.8994161 , -0.43052338])"
2051,4896,2541265,"array([ 2.87682293, -0.49379844])"
2052,4896,2541695,"array([ 2.86172928, -0.49335816])"
2053,4896,2542196,"array([ 3.04909996, -0.50255578])"
2054,4896,2542824,"array([ 2.90357041, -0.57783309])"
2055,4896,2543323,"array([ 2.9504272, -0.4384457])"
2056,4896,2543606,"array([ 2.92494279, -0.59325002])"
2057,4896,2539088,"array([ 3.06751516, -0.57086533])"
2058,4896,2542728,"array([ 2.96270363, -0.64706278])"
2059,4896,2540633,"array([ 2.94724641, -0.61554672])"
2060,4896,2541635,"array([ 2.86770355, -0.53782128])"
2061,4896,2539094,"array([ 2.86377932, -0.64991855])"
2062,4896,2539465,"array([ 2.98326957, -0.59649315])"
2063,4896,2543651,"array([ 2.76848784, -0.74065865])"
2064,4896,2539095,"array([ 2.96165142, -0.7217359 ])"
2065,4896,2539097,"array([ 2.78074989, -0.49719397])"
2066,4896,2539100,"array([ 2.58614354, -0.57994906])"
2067,4896,2539318,"array([ 2.43233475, -0.48956506])"
2068,4896,2539606,"array([ 2.62182143, -0.84417415])"
2069,4896,2539877,"array([ 2.42691251, -0.71524184])"
2070,4896,2539949,"array([ 2.61256505, -0.61496327])"
2071,4896,2540654,"array([ 2.81455756, -0.7011475 ])"
2072,4896,2540859,"array([ 2.47047871, -0.65715016])"
2073,4896,2540974,"array([ 2.26094921, -0.81933807])"
2074,4896,2541428,"array([ 2.56707656, -0.48202538])"
2075,4896,2541724,"array([ 2.38228636, -0.64196323])"
2076,4896,2541748,"array([ 2.38145029, -0.6569044 ])"
2077,4896,2541830,"array([ 2.49274096, -0.70797   ])"
2078,4896,2541948,"array([ 2.51050189, -0.81029903])"
2079,4896,2541961,"array([ 2.62739985, -0.74904478])"
2080,4896,2542018,"array([ 2.37455418, -0.67001937])"
2081,4896,2542025,"array([ 2.62666076, -0.89843767])"
2082,4896,2542098,"array([ 2.66277402, -0.458878  ])"
2083,4896,2542216,"array([ 2.75305524, -0.84506299])"
2084,4896,2542392,"array([ 2.73983631, -0.7837706 ])"
2085,4896,2542416,"array([ 2.67276072, -0.49429593])"
2086,4896,2542918,"array([ 2.64268489, -0.86429372])"
2087,4896,5802861,"array([ 2.64449413, -0.56801312])"
2088,4896,2539102,"array([ 2.95007502, -0.59974459])"
2089,4896,2541592,"array([ 2.95330409, -0.55679412])"
2090,4896,2542542,"array([ 2.84022685, -0.79369149])"
2091,4896,2542809,"array([ 2.82039693, -0.60930634])"
2092,4896,2542833,"array([ 2.81031753, -0.71701278])"
2093,4896,2539105,"array([ 2.22481526, -0.64011891])"
2094,4896,3361460,"array([ 2.78962279, -1.03383701])"
2095,4896,2539235,"array([ 2.71055981, -0.75193177])"
2096,4896,2539250,"array([ 2.72573815, -0.88104683])"
2097,4896,2539710,"array([ 2.66756898, -0.42644102])"
2098,4896,2539935,"array([ 2.53311666, -0.49736501])"
2099,4896,2540263,"array([ 2.76349711, -0.52761583])"
2100,4896,2540335,"array([ 2.52286382, -0.67083862])"
2101,4896,2541353,"array([ 2.501907  , -0.51492946])"
2102,4896,2541409,"array([ 2.72064933, -0.39502729])"
2103,4896,2541617,"array([ 2.59340902, -0.88851434])"
2104,4896,2541741,"array([ 2.72787608, -0.77271575])"
2105,4896,2541902,"array([ 2.60920009, -0.55925309])"
2106,4896,2542335,"array([ 2.76857544, -0.42625587])"
2107,4896,2542344,"array([ 2.72636659, -0.86650649])"
2108,4896,2542355,"array([ 2.67351362, -0.48419892])"
2109,4896,2542452,"array([ 2.49476304, -0.78487363])"
2110,4896,2542748,"array([ 2.57305346, -0.80587523])"
2111,4896,2542896,"array([ 2.52222025, -0.76640439])"
2112,4896,2543543,"array([ 2.37891876, -0.79064392])"
2113,4896,3361327,"array([ 2.88832043, -0.59860764])"
2114,4896,2539110,"array([ 2.89271045, -0.93364658])"
2115,4896,2539113,"array([ 2.45818264, -0.72529895])"
2116,4896,2539114,"array([ 2.88481381, -0.30907882])"
2117,4896,2539815,"array([ 2.62498183, -0.567853  ])"
2118,4896,2541756,"array([ 3.01230819, -0.8434786 ])"
2119,4896,2539120,"array([ 2.54847976, -0.19445228])"
2120,4896,2539121,"array([ 2.92019598, -0.42398844])"
2121,4896,2539179,"array([ 2.98043386, -0.63427577])"
2122,4896,2539218,"array([ 3.04606149, -0.58604429])"
2123,4896,2539640,"array([ 2.89214357, -0.56622955])"
2124,4896,2539775,"array([ 2.93762108, -0.71830605])"
2125,4896,2540624,"array([ 2.9107302 , -0.74333154])"
2126,4896,2540637,"array([ 2.8693   , -0.5139052])"
2127,4896,2540707,"array([ 2.86306611, -0.47028775])"
2128,4896,2540761,"array([ 3.02329416, -0.71166599])"
2129,4896,2541209,"array([ 2.87109136, -0.69940248])"
2130,4896,2541317,"array([ 2.97728411, -0.65183343])"
2131,4896,2541455,"array([ 2.98883449, -0.45453234])"
2132,4896,2541519,"array([ 2.9194914, -0.6314937])"
2133,4896,2542162,"array([ 2.87389898, -0.69020647])"
2134,4896,2542988,"array([ 2.91196578, -0.69928936])"
2135,4896,2543222,"array([ 2.91714635, -0.56229887])"
2136,4896,2543278,"array([ 2.92306412, -0.65834776])"
2137,4896,2539128,"array([ 2.48418476, -0.61426925])"
2138,4896,2541956,"array([ 2.58271071, -0.82858946])"
2139,4896,2539792,"array([ 2.6243489 , -0.55100218])"
2140,4896,2539906,"array([ 2.71499987, -0.86858734])"
2141,4896,2540814,"array([ 2.83544884, -0.76958283])"
2142,4896,2540988,"array([ 2.40090451, -0.80954531])"
2143,4896,2541020,"array([ 2.39705105, -0.58627145])"
2144,4896,2542267,"array([ 2.60685211, -0.52047598])"
2145,4896,2542947,"array([ 2.63999544, -0.95406033])"
2146,4896,2542992,"array([ 2.67647702, -0.50420322])"
2147,4896,2543119,"array([ 2.78627533, -0.68274216])"
2148,4896,2543193,"array([ 2.59943019, -0.54806322])"
2149,4896,2543379,"array([ 2.80395949, -0.81850419])"
2150,4896,2543600,"array([ 2.46479324, -0.7603079 ])"
2151,4896,3361455,"array([ 2.79223734, -0.75466978])"
2152,4896,5802702,"array([ 2.51074228, -0.57447813])"
2153,4896,2539245,"array([ 2.56693756, -0.49433451])"
2154,4896,2539281,"array([ 2.57769913, -0.91249246])"
2155,4896,2539135,"array([ 3.02344437, -0.32873339])"
2156,4896,2539371,"array([ 2.54821846, -0.56849091])"
2157,4896,2541671,"array([ 2.75469042, -0.53759813])"
2158,4896,2539138,"array([ 2.25195787, -0.56319523])"
2159,4896,2539263,"array([ 2.61848033, -0.54251972])"
2160,4896,2543219,"array([ 2.79083411, -0.49122258])"
2161,4896,2539143,"array([ 3.13852832, -1.7295367 ])"
2162,4896,2539644,"array([ 3.08797004, -1.60614977])"
2163,4896,2541694,"array([ 2.80477187, -0.6495258 ])"
2164,4896,2543315,"array([ 2.52191243, -0.62367568])"
2165,4896,3361461,"array([ 2.71814189, -0.52852008])"
2166,4896,2539149,"array([ 2.89698645, -0.70549651])"
2167,4896,2539358,"array([ 2.96080309, -0.740062  ])"
2168,4896,2539513,"array([ 2.9554488 , -0.76504704])"
2169,4896,2540112,"array([ 2.9763686 , -0.76392615])"
2170,4896,2540660,"array([ 2.88803443, -0.72238578])"
2171,4896,2541599,"array([ 2.88134394, -0.75592358])"
2172,4896,2541612,"array([ 2.86838804, -0.78420828])"
2173,4896,2541936,"array([ 2.90387453, -0.7897879 ])"
2174,4896,2541957,"array([ 2.84803545, -0.66040998])"
2175,4896,2542746,"array([ 2.94943707, -0.72600849])"
2176,4896,2542805,"array([ 3.00213978, -0.76345707])"
2177,4896,2543168,"array([ 2.92055796, -0.77415052])"
2178,4896,2539151,"array([ 2.46149679, -0.46912031])"
2179,4896,2542680,"array([ 2.69261077, -0.81528319])"
2180,4896,2539155,"array([ 2.88438249, -0.54435096])"
2181,4896,2540083,"array([ 2.99191393, -0.64927413])"
2182,4896,2540564,"array([ 2.83646708, -0.61833845])"
2183,4896,2540939,"array([ 2.949646  , -0.66047756])"
2184,4896,2541047,"array([ 3.00091198, -0.63942625])"
2185,4896,2542004,"array([ 2.96399792, -0.52705488])"
2186,4896,2542737,"array([ 2.90661131, -0.51015017])"
2187,4896,2543399,"array([ 2.8201636 , -0.53487844])"
2188,4896,2543482,"array([ 2.98960667, -0.62206389])"
2189,4896,3361402,"array([ 3.10851248, -0.5208985 ])"
2190,4896,2539159,"array([ 2.52184013, -0.69827953])"
2191,4896,2539838,"array([ 2.90025993, -0.44329514])"
2192,4896,3361487,"array([ 2.98138   , -0.61089474])"
2193,4896,2540610,"array([ 2.66102042, -0.97647367])"
2194,4896,2541589,"array([ 2.42871601, -0.80807588])"
2195,4896,2539171,"array([ 3.06471965, -0.81497423])"
2196,4896,2539923,"array([ 3.07370351, -0.70204829])"
2197,4896,2540009,"array([ 3.01591262, -0.77568702])"
2198,4896,2539172,"array([ 2.45117652, -0.53680821])"
2199,4896,2540500,"array([ 2.64753577, -0.58804492])"
2200,4896,2539173,"array([ 2.99194989, -0.46817836])"
2201,4896,2539174,"array([ 2.91307781, -0.73344149])"
2202,4896,2539175,"array([ 2.72287417, -0.74759418])"
2203,4896,2543597,"array([ 3.07175386, -0.67310195])"
2204,4896,2539453,"array([ 2.53283844, -0.4407035 ])"
2205,4896,2540208,"array([ 2.5673938, -0.6146714])"
2206,4896,2540319,"array([ 2.49160659, -0.65685183])"
2207,4896,2540350,"array([ 2.7381211, -0.4663938])"
2208,4896,2540400,"array([ 2.35880686, -0.69932375])"
2209,4896,2540421,"array([ 2.67882344, -0.42354708])"
2210,4896,2540450,"array([ 2.91445677, -0.53931586])"
2211,4896,2540561,"array([ 2.65789617, -0.38864491])"
2212,4896,2540569,"array([ 2.49360589, -0.55795025])"
2213,4896,2540675,"array([ 2.50334573, -0.73430434])"
2214,4896,2540920,"array([ 2.41898658, -0.78320214])"
2215,4896,2541103,"array([ 2.78415752, -0.69734229])"
2216,4896,2541115,"array([ 2.67260416, -0.75273573])"
2217,4896,2541145,"array([ 2.53984463, -0.47585746])"
2218,4896,2541356,"array([ 2.47584885, -0.52944555])"
2219,4896,2541435,"array([ 2.59580389, -0.440872  ])"
2220,4896,2541692,"array([ 2.39189989, -0.56834487])"
2221,4896,2541701,"array([ 2.86358815, -0.71078529])"
2222,4896,2541872,"array([ 2.57313245, -0.83125099])"
2223,4896,2541905,"array([ 2.76289071, -0.64847138])"
2224,4896,2542105,"array([ 2.42346433, -0.58638403])"
2225,4896,2542156,"array([ 2.71258683, -0.89907621])"
2226,4896,2542315,"array([ 2.54092581, -0.43179551])"
2227,4896,2542442,"array([ 2.77950621, -0.6214785 ])"
2228,4896,2542453,"array([ 2.75901601, -0.52057915])"
2229,4896,2542546,"array([ 2.59877314, -0.83438609])"
2230,4896,2542574,"array([ 2.86075378, -0.65971213])"
2231,4896,2542838,"array([ 2.53614889, -0.77333526])"
2232,4896,2542963,"array([ 2.83938324, -0.63503834])"
2233,4896,2543081,"array([ 2.35274805, -0.62889452])"
2234,4896,2543183,"array([ 2.55683436, -0.53784838])"
2235,4896,2543231,"array([ 2.40317473, -0.65645138])"
2236,4896,2543288,"array([ 2.58140599, -0.85468114])"
2237,4896,2543376,"array([ 2.60443374, -0.84750574])"
2238,4896,2543511,"array([ 2.60752696, -0.83344443])"
2239,4896,2543572,"array([ 2.78600289, -0.76079054])"
2240,4896,2543610,"array([ 2.62767515, -0.96455779])"
2241,4896,3361517,"array([ 2.55255516, -0.81770746])"
2242,4896,5802967,"array([ 2.67512414, -0.47388379])"
2243,4896,2543058,"array([ 2.98395613, -0.55221326])"
2244,4896,2539184,"array([ 3.12103511, -0.55813207])"
2245,4896,2539185,"array([ 2.83696316, -1.01061751])"
2246,4896,2539190,"array([ 3.06841741, -0.54244324])"
2247,4896,2539353,"array([ 2.90375735, -0.6302974 ])"
2248,4896,2539882,"array([ 3.01489903, -0.49481193])"
2249,4896,2539195,"array([ 3.02280403, -0.93749423])"
2250,4896,2540903,"array([ 2.79112187, -0.77397256])"
2251,4896,2540940,"array([ 3.22676246, -1.08841627])"
2252,4896,2542190,"array([ 2.95444683, -0.99294562])"
2253,4896,2543147,"array([ 2.21868601, -0.93236223])"
2254,4896,2539197,"array([ 2.75629191, -0.47663504])"
2255,4896,2539517,"array([ 2.63808707, -0.79772419])"
2256,4896,2539198,"array([ 2.65312871, -0.37342926])"
2257,4896,2541473,"array([ 2.7973396 , -0.58494443])"
2258,4896,2542071,"array([ 2.69824069, -0.72031068])"
2259,4896,2539421,"array([ 2.75270309, -0.70523711])"
2260,4896,2539703,"array([ 2.85986269, -0.74002024])"
2261,4896,2540198,"array([ 2.55625652, -0.57192172])"
2262,4896,2540894,"array([ 2.4757286, -0.6274887])"
2263,4896,2541584,"array([ 2.74560544, -0.76111194])"
2264,4896,2541603,"array([ 2.93970867, -0.77093503])"
2265,4896,2541778,"array([ 2.49337632, -0.61615555])"
2266,4896,2542740,"array([ 2.82117737, -0.79278951])"
2267,4896,2540720,"array([ 2.9221738 , -0.51501585])"
2268,4896,2539639,"array([ 3.02322039, -0.55631567])"
2269,4896,2542880,"array([ 3.02993979, -0.62274173])"
2270,4896,2543421,"array([ 3.02508743, -0.57263556])"
2271,4896,2543069,"array([ 2.90984944, -0.46528576])"
2272,4896,2539211,"array([ 2.4252478, -0.5408671])"
2273,4896,2539891,"array([ 2.71235795, -0.53135666])"
2274,4896,2539214,"array([ 2.88979918, -0.38506315])"
2275,4896,2541321,"array([ 2.94762712, -0.39574758])"
2276,4896,2542228,"array([ 2.6929649 , -0.76632452])"
2277,4896,2539220,"array([ 2.45345758, -0.84532305])"
2278,4896,2543165,"array([ 2.49481055, -0.67184046])"
2279,4896,2539221,"array([ 3.45776762, -0.52112888])"
2280,4896,2541729,"array([ 3.24647101, -0.54951828])"
2281,4896,2539224,"array([ 2.48165155, -0.70968602])"
2282,4896,2539227,"array([ 2.64736605, -0.85297888])"
2283,4896,2540230,"array([ 2.8403398 , -0.67867952])"
2284,4896,2539231,"array([ 2.42123649, -0.68660686])"
2285,4896,2541376,"array([ 2.3920739 , -0.54931716])"
2286,4896,2543292,"array([ 2.56332439, -0.43486124])"
2287,4896,2539373,"array([ 2.59236024, -0.84198754])"
2288,4896,2539460,"array([ 2.51268777, -0.67485313])"
2289,4896,2539769,"array([ 2.77296518, -0.67526654])"
2290,4896,2540653,"array([ 2.53799171, -0.70393877])"
2291,4896,2540669,"array([ 2.80032013, -0.77541847])"
2292,4896,2539296,"array([ 2.81820214, -0.78048621])"
2293,4896,2539344,"array([ 2.53098005, -0.7927162 ])"
2294,4896,2539362,"array([ 2.77700846, -0.6503155 ])"
2295,4896,2539566,"array([ 2.54487423, -0.7918434 ])"
2296,4896,2539582,"array([ 2.55578117, -0.62383773])"
2297,4896,2539611,"array([ 2.4912131 , -0.85290518])"
2298,4896,2539624,"array([ 2.58323203, -0.43605575])"
2299,4896,2539722,"array([ 2.48851572, -0.57053988])"
2300,4896,2539743,"array([ 2.6625708 , -0.74529199])"
2301,4896,2539820,"array([ 2.82915544, -0.64950469])"
2302,4896,2539822,"array([ 2.55151838, -0.51776353])"
2303,4896,2539901,"array([ 2.59231527, -0.40896253])"
2304,4896,2539932,"array([ 2.6212161 , -0.81321702])"
2305,4896,2539991,"array([ 2.86282647, -0.38106395])"
2306,4896,2540044,"array([ 2.62572335, -0.47866839])"
2307,4896,2540059,"array([ 2.54522796, -0.7737573 ])"
2308,4896,2540089,"array([ 2.52959912, -0.62831566])"
2309,4896,2540168,"array([ 2.55546461, -0.49654738])"
2310,4896,2540188,"array([ 2.79926928, -0.99148448])"
2311,4896,2540200,"array([ 2.49201777, -0.69863539])"
2312,4896,2540303,"array([ 2.37783058, -0.68617383])"
2313,4896,2540579,"array([ 2.60036372, -0.78999436])"
2314,4896,2540852,"array([ 2.54307232, -0.31412233])"
2315,4896,2540901,"array([ 2.50161763, -0.49533558])"
2316,4896,2541027,"array([ 2.53264525, -0.40809732])"
2317,4896,2541167,"array([ 2.46350768, -0.53094678])"
2318,4896,2541228,"array([ 2.44641994, -0.60019849])"
2319,4896,2541371,"array([ 2.72514972, -0.50661952])"
2320,4896,2541669,"array([ 2.64192326, -0.46677077])"
2321,4896,2541670,"array([ 2.58351104, -0.53926234])"
2322,4896,2541700,"array([ 2.43153717, -0.63649494])"
2323,4896,2541754,"array([ 2.40284599, -0.74303493])"
2324,4896,2541766,"array([ 2.36514745, -0.83534938])"
2325,4896,2541774,"array([ 2.68873327, -0.77366204])"
2326,4896,2541893,"array([ 2.51912479, -0.79600683])"
2327,4896,2541928,"array([ 2.71877294, -0.43279038])"
2328,4896,2541973,"array([ 2.74454904, -0.43227169])"
2329,4896,2542042,"array([ 2.61351624, -0.84932413])"
2330,4896,2542167,"array([ 2.69249216, -0.82667991])"
2331,4896,2542187,"array([ 2.69205583, -0.38943836])"
2332,4896,2542403,"array([ 2.7829499 , -0.71885706])"
2333,4896,2542450,"array([ 2.34790667, -0.71086344])"
2334,4896,2542463,"array([ 2.7709061, -0.5715071])"
2335,4896,2542470,"array([ 2.49263377, -0.92308524])"
2336,4896,2542649,"array([ 2.61452786, -0.79849855])"
2337,4896,2542730,"array([ 2.40056628, -0.92443389])"
2338,4896,2543151,"array([ 2.72285263, -0.45253103])"
2339,4896,2543473,"array([ 2.38062951, -0.37699458])"
2340,4896,2539617,"array([ 2.7379764 , -0.50848374])"
2341,4896,2542234,"array([ 2.8905205 , -0.84257596])"
2342,4896,2541573,"array([ 2.8236643 , -0.58945852])"
2343,4896,2542467,"array([ 2.74933239, -0.51191621])"
2344,4896,2543236,"array([ 2.52995447, -0.57216509])"
2345,4896,2539251,"array([ 2.42528617, -0.77044206])"
2346,4896,2539317,"array([ 2.64587459, -0.79763008])"
2347,4896,2539376,"array([ 2.60763281, -0.86809848])"
2348,4896,2539440,"array([ 2.5888898, -0.8785245])"
2349,4896,2539770,"array([ 2.76415205, -0.49575889])"
2350,4896,2539799,"array([ 2.38483384, -0.52956199])"
2351,4896,2540265,"array([ 2.40455358, -0.72771263])"
2352,4896,2540391,"array([ 2.40494997, -0.52556551])"
2353,4896,2540923,"array([ 2.61810408, -0.39647389])"
2354,4896,2540937,"array([ 2.38635672, -0.49106973])"
2355,4896,2541236,"array([ 2.47079801, -0.60981537])"
2356,4896,2541367,"array([ 2.64743462, -0.51685638])"
2357,4896,2541398,"array([ 2.54982641, -0.83045333])"
2358,4896,2541420,"array([ 2.40066794, -0.33296307])"
2359,4896,2541431,"array([ 2.44958127, -0.42821755])"
2360,4896,2541656,"array([ 2.69928717, -0.50933618])"
2361,4896,2541683,"array([ 2.47621904, -0.49398898])"
2362,4896,2541938,"array([ 2.5629397 , -0.51301706])"
2363,4896,2542242,"array([ 2.78386843, -0.81185447])"
2364,4896,2542305,"array([ 2.46399663, -0.81143274])"
2365,4896,2542952,"array([ 2.67444816, -0.88867021])"
2366,4896,2542997,"array([ 2.32592159, -0.54874877])"
2367,4896,2543267,"array([ 2.63642417, -0.45799931])"
2368,4896,2543342,"array([ 2.47536763, -0.38041198])"
2369,4896,2543398,"array([ 2.34771319, -0.60188093])"
2370,4896,2543679,"array([ 2.31397953, -0.44619403])"
2371,4896,3361030,"array([ 2.46098332, -0.61272369])"
2372,4896,3361375,"array([ 2.54541267, -0.65977231])"
2373,4896,2541205,"array([ 2.64961391, -0.52838236])"
2374,4896,2542659,"array([ 2.77318171, -0.46882489])"
2375,4896,2539256,"array([ 2.73263749, -0.45541084])"
2376,4896,2541595,"array([ 2.63634412, -0.9242759 ])"
2377,4896,2543291,"array([ 2.50985794, -0.6573865 ])"
2378,4896,2543525,"array([ 2.57365252, -0.71824451])"
2379,4896,2539261,"array([ 2.94956424, -0.27463471])"
2380,4896,2539914,"array([ 2.93126092, -0.35201695])"
2381,4896,2543596,"array([ 2.99557152, -0.37514073])"
2382,4896,2539264,"array([ 2.68908469, -0.8871346 ])"
2383,4896,2539276,"array([ 2.40126063, -0.43152892])"
2384,4896,2539280,"array([ 3.14202917, -0.48792121])"
2385,4896,2540239,"array([ 2.89427971, -0.62042147])"
2386,4896,2539282,"array([ 2.42188048, -0.65312519])"
2387,4896,2539828,"array([ 2.97156438, -0.43483134])"
2388,4896,2539605,"array([ 2.46163276, -0.59991069])"
2389,4896,2539855,"array([ 2.48725301, -0.52020824])"
2390,4896,2539976,"array([ 2.59765298, -0.45276319])"
2391,4896,2540176,"array([ 2.86987692, -0.63057374])"
2392,4896,2540474,"array([ 2.54612601, -0.61099326])"
2393,4896,2540535,"array([ 2.63055859, -0.54652253])"
2394,4896,2541035,"array([ 2.43091166, -0.75404161])"
2395,4896,2542075,"array([ 2.53533877, -0.73876848])"
2396,4896,2542104,"array([ 2.45507515, -0.68727486])"
2397,4896,2542428,"array([ 2.47919079, -0.57644799])"
2398,4896,2543590,"array([ 2.51077241, -0.58599726])"
2399,4896,3361134,"array([ 2.5812231 , -0.77619247])"
2400,4896,3361499,"array([ 2.43440994, -0.64617163])"
2401,4896,2539292,"array([ 2.45699033, -0.82056697])"
2402,4896,2539412,"array([ 2.54111681, -0.53961334])"
2403,4896,2540382,"array([ 2.64648207, -0.49552249])"
2404,4896,2541184,"array([ 3.08817176, -0.60283528])"
2405,4896,2541259,"array([ 2.79775888, -0.51779841])"
2406,4896,2539301,"array([ 2.54428815, -0.49892495])"
2407,4896,2539302,"array([ 2.52555511, -0.55988782])"
2408,4896,2539655,"array([ 2.23210034, -0.34723916])"
2409,4896,2539772,"array([ 2.67748454, -0.52194179])"
2410,4896,2539304,"array([ 2.94749235, -0.88231799])"
2411,4896,2539307,"array([ 3.14709721, -0.65783541])"
2412,4896,2539616,"array([ 3.06884478, -0.79116882])"
2413,4896,2540392,"array([ 2.92110984, -0.3661398 ])"
2414,4896,2540690,"array([ 2.93600534, -0.32534617])"
2415,4896,2539311,"array([ 3.14220987, -0.79567137])"
2416,4896,2539748,"array([ 2.63177929, -0.83901544])"
2417,4896,2540035,"array([ 2.52385436, -0.41973268])"
2418,4896,2540073,"array([ 2.3295338, -0.6311293])"
2419,4896,2540711,"array([ 2.6418262 , -0.39383894])"
2420,4896,2541131,"array([ 2.32255918, -0.84657263])"
2421,4896,2542050,"array([ 2.79703028, -0.67151522])"
2422,4896,2542051,"array([ 2.47609435, -0.80405757])"
2423,4896,2542146,"array([ 2.70417374, -0.85766386])"
2424,4896,2542627,"array([ 2.6501053, -0.5068655])"
2425,4896,2542641,"array([ 2.56218933, -0.8273002 ])"
2426,4896,2542727,"array([ 2.74919793, -0.77919571])"
2427,4896,2543374,"array([ 2.52213283, -0.65203123])"
2428,4896,2543413,"array([ 2.54354986, -0.39884054])"
2429,4896,3361260,"array([ 2.46068854, -0.36882424])"
2430,4896,2540834,"array([ 2.72779827, -0.82780715])"
2431,4896,2539316,"array([ 2.75817509, -0.9570433 ])"
2432,4896,2539324,"array([ 2.32732149, -0.5294096 ])"
2433,4896,2539329,"array([ 3.02804983, -0.25752522])"
2434,4896,2540034,"array([ 3.16742775, -0.08435843])"
2435,4896,2542151,"array([ 2.86068791, -0.41588714])"
2436,4896,2539336,"array([ 2.99276068, -0.78838464])"
2437,4896,2539340,"array([ 2.53195438, -0.45256919])"
2438,4896,2539342,"array([ 2.2569635 , -0.58567284])"
2439,4896,2539346,"array([ 2.75266873, -0.49064918])"
2440,4896,2539665,"array([ 2.85661667, -0.58514597])"
2441,4896,2539355,"array([ 2.4450123, -0.6848473])"
2442,4896,2540650,"array([ 2.92807184, -0.708589  ])"
2443,4896,2541699,"array([ 2.87741626, -0.76908334])"
2444,4896,2539360,"array([ 3.11661348, -0.84977257])"
2445,4896,2543539,"array([ 2.91472196, -0.7185673 ])"
2446,4896,2539531,"array([ 2.68376898, -0.76579842])"
2447,4896,2539631,"array([ 2.4620495 , -0.49838531])"
2448,4896,2540276,"array([ 2.79974535, -0.46609473])"
2449,4896,2540304,"array([ 2.65919323, -0.78748812])"
2450,4896,2540563,"array([ 2.63015421, -0.46808855])"
2451,4896,2540714,"array([ 2.54239795, -0.72249975])"
2452,4896,2540776,"array([ 2.52539884, -0.82949232])"
2453,4896,2540860,"array([ 2.86273445, -0.61409471])"
2454,4896,2540862,"array([ 2.42413242, -0.82592221])"
2455,4896,2540987,"array([ 2.69931175, -0.46621724])"
2456,4896,2541105,"array([ 2.48446477, -0.63414223])"
2457,4896,2541370,"array([ 2.70011812, -0.53389989])"
2458,4896,2541607,"array([ 2.65632408, -0.87227778])"
2459,4896,2541678,"array([ 2.76614619, -0.74780797])"
2460,4896,2541811,"array([ 2.48241671, -0.44240422])"
2461,4896,2541947,"array([ 2.87401002, -0.88384738])"
2462,4896,2542010,"array([ 2.5679469 , -0.86372396])"
2463,4896,2542133,"array([ 2.37780035, -0.60987882])"
2464,4896,2542181,"array([ 2.74102259, -0.94706103])"
2465,4896,2542224,"array([ 2.71489329, -0.44441011])"
2466,4896,2542295,"array([ 2.8497163, -0.5006568])"
2467,4896,2542432,"array([ 2.90519407, -0.67644714])"
2468,4896,2542526,"array([ 2.43780615, -0.60951646])"
2469,4896,2542607,"array([ 2.63627876, -0.47852992])"
2470,4896,2542673,"array([ 2.64446461, -0.79050748])"
2471,4896,2542699,"array([ 2.6832567 , -0.47765886])"
2472,4896,2542720,"array([ 2.54568811, -0.52485761])"
2473,4896,2542960,"array([ 2.66176258, -0.40284782])"
2474,4896,2543095,"array([ 2.72337898, -0.96801998])"
2475,4896,2543385,"array([ 2.59255236, -0.85262681])"
2476,4896,2543456,"array([ 2.48425963, -0.78713885])"
2477,4896,3361193,"array([ 2.53248252, -0.54421998])"
2478,4896,2540872,"array([ 2.769431  , -0.84400299])"
2479,4896,2540833,"array([ 2.77197216, -0.544065  ])"
2480,4896,2541649,"array([ 2.66640007, -0.44718722])"
2481,4896,2541954,"array([ 2.5805194 , -0.83986732])"
2482,4896,9407033,"array([ 2.57704676, -0.33125593])"
2483,4896,2539377,"array([ 2.90920679, -0.90632213])"
2484,4896,2540623,"array([ 3.09593412, -1.09645558])"
2485,4896,2541731,"array([ 3.09801424, -1.00967144])"
2486,4896,2543027,"array([ 2.9866073 , -0.80313597])"
2487,4896,2543520,"array([ 2.8467732 , -0.92347823])"
2488,4896,2539831,"array([ 2.76556945, -0.86153979])"
2489,4896,2541723,"array([ 2.41769279, -0.52999383])"
2490,4896,2541826,"array([ 2.85489213, -0.71704528])"
2491,4896,2541964,"array([ 2.75913137, -0.68195946])"
2492,4896,2542316,"array([ 2.50759439, -0.37011136])"
2493,4896,2542621,"array([ 2.42936111, -0.79508173])"
2494,4896,2543049,"array([ 2.71962383, -0.80001836])"
2495,4896,2539385,"array([ 2.40692659, -0.94931196])"
2496,4896,2539387,"array([ 2.91969202, -0.86962122])"
2497,4896,2539863,"array([ 2.95724033, -0.90610363])"
2498,4896,2539390,"array([ 3.18172392, -1.01848608])"
2499,4896,2543336,"array([ 2.97820977, -0.8514204 ])"
2500,4896,2539392,"array([ 2.96445922, -0.88554863])"
2501,4896,2539394,"array([ 2.51397523, -0.85180952])"
2502,4896,2539395,"array([ 2.76520712, -0.39358631])"
2503,4896,2539398,"array([ 2.49833681, -0.29596716])"
2504,4896,2540213,"array([ 2.84560881, -0.87071019])"
2505,4896,2540772,"array([ 2.7681318 , -0.82647874])"
2506,4896,2542404,"array([ 2.87154665, -0.36202451])"
2507,4896,2542674,"array([ 2.73862413, -0.36410357])"
2508,4896,2539404,"array([ 3.17041843, -0.3277125 ])"
2509,4896,2539405,"array([ 2.70479888, -0.53860137])"
2510,4896,2539406,"array([ 2.52438745, -0.2363011 ])"
2511,4896,2539992,"array([ 2.9857566 , -0.90419024])"
2512,4896,2540334,"array([ 2.96535465, -0.86597113])"
2513,4896,2542129,"array([ 2.92349322, -0.61854612])"
2514,4896,2542231,"array([ 2.82862799, -0.80356954])"
2515,4896,2539409,"array([ 3.0763764 , -0.96929734])"
2516,4896,2539414,"array([ 2.90380463, -0.59667445])"
2517,4896,2539415,"array([ 3.09771816, -0.85936797])"
2518,4896,3361538,"array([ 3.0087589 , -0.80047009])"
2519,4896,2539418,"array([ 2.96911337, -0.91900723])"
2520,4896,3361358,"array([ 2.97360375, -1.01041551])"
2521,4896,9406964,"array([ 3.01444036, -0.82011415])"
2522,4896,9407128,"array([ 3.16403191, -0.91140276])"
2523,4896,9407219,"array([ 3.15549965, -0.94129625])"
2524,4896,2539728,"array([ 2.76701794, -0.48055745])"
2525,4896,2541222,"array([ 2.55471324, -0.86525343])"
2526,4896,2542693,"array([ 2.64762396, -0.40393604])"
2527,4896,2539450,"array([ 2.46404797, -0.79845371])"
2528,4896,2543542,"array([ 2.5233721 , -0.72272758])"
2529,4896,3361149,"array([ 2.47084752, -0.42326316])"
2530,4896,3361316,"array([ 2.51074686, -0.4600839 ])"
2531,4896,2542563,"array([ 2.41186119, -0.77148693])"
2532,4896,3361406,"array([ 2.93655082, -0.79689659])"
2533,4896,2539436,"array([ 2.99304024, -0.56227805])"
2534,4896,2539437,"array([ 2.93451873, -0.8598867 ])"
2535,4896,2540742,"array([ 2.94817951, -0.82780693])"
2536,4896,2540969,"array([ 2.86091461, -0.86931814])"
2537,4896,2543001,"array([ 2.9646004 , -0.75327766])"
2538,4896,2539550,"array([ 2.97612357, -0.53940067])"
2539,4896,2539712,"array([ 2.81320523, -0.28371706])"
2540,4896,2539881,"array([ 2.92979685, -0.53825666])"
2541,4896,2540509,"array([ 2.81737447, -0.32764378])"
2542,4896,2540557,"array([ 2.87951112, -0.47413906])"
2543,4896,2540721,"array([ 3.00308993, -0.39978834])"
2544,4896,2541107,"array([ 2.96746591, -0.38927171])"
2545,4896,2541195,"array([ 2.805463  , -0.48885166])"
2546,4896,2541605,"array([ 2.91382874, -0.60217204])"
2547,4896,2542387,"array([ 2.90785385, -0.41386623])"
2548,4896,2542438,"array([ 2.99231855, -0.58656039])"
2549,4896,2542744,"array([ 2.81511824, -0.40769656])"
2550,4896,2539447,"array([ 2.81500627, -0.48945991])"
2551,4896,2541214,"array([ 2.65246239, -0.41913472])"
2552,4896,2541483,"array([ 2.55916737, -0.48765186])"
2553,4896,2539455,"array([ 2.51801414, -0.84056565])"
2554,4896,2541664,"array([ 2.5475945 , -0.70478677])"
2555,4896,2542609,"array([ 2.72698835, -0.52721634])"
2556,4896,2543060,"array([ 2.39380318, -0.75953673])"
2557,4896,2539816,"array([ 2.4980434 , -0.62550515])"
2558,4896,2540605,"array([ 2.34118384, -0.6684727 ])"
2559,4896,2540758,"array([ 2.36641889, -0.47391898])"
2560,4896,2540994,"array([ 2.68030499, -0.40920988])"
2561,4896,2541046,"array([ 2.32990947, -0.73661198])"
2562,4896,2541086,"array([ 2.65023107, -0.46797722])"
2563,4896,2541227,"array([ 2.4906163 , -0.58981412])"
2564,4896,2541399,"array([ 2.55260816, -0.87697047])"
2565,4896,2541502,"array([ 2.49802689, -0.63501296])"
2566,4896,2541615,"array([ 2.45822113, -0.67752987])"
2567,4896,2541763,"array([ 2.37827129, -0.70530057])"
2568,4896,2541784,"array([ 2.47539864, -0.83670923])"
2569,4896,2541891,"array([ 2.51117487, -0.75730045])"
2570,4896,2541931,"array([ 2.40917088, -0.59208646])"
2571,4896,2542035,"array([ 2.84716856, -0.75143171])"
2572,4896,2542594,"array([ 2.431118  , -0.62173784])"
2573,4896,2542612,"array([ 2.40857998, -0.70967316])"
2574,4896,2542892,"array([ 2.83118708, -0.60056932])"
2575,4896,2543230,"array([ 2.50719806, -0.52573223])"
2576,4896,2543493,"array([ 2.44786661, -0.50891482])"
2577,4896,2539466,"array([ 2.15977247, -0.67359735])"
2578,4896,2540328,"array([ 2.77904131, -0.92182656])"
2579,4896,2539474,"array([ 3.29350709, -0.50094696])"
2580,4896,2539476,"array([ 2.79931423, -0.7640295 ])"
2581,4896,2539478,"array([ 2.50588433, -0.62185098])"
2582,4896,2539479,"array([ 3.06072588, -0.87215463])"
2583,4896,2541289,"array([ 2.46257988, -0.6645332 ])"
2584,4896,2542596,"array([ 2.73856189, -0.51924476])"
2585,4896,2542983,"array([ 2.78283462, -0.58974403])"
2586,4896,2540043,"array([ 2.74724698, -0.49894244])"
2587,4896,2541861,"array([ 2.89803898, -0.40118321])"
2588,4896,2539486,"array([ 2.73250324, -0.27787467])"
2589,4896,2540468,"array([ 2.90449149, -0.75339111])"
2590,4896,2540593,"array([ 2.84832161, -0.823785  ])"
2591,4896,2543129,"array([ 2.95040787, -0.78687254])"
2592,4896,2543545,"array([ 2.89113969, -0.82905385])"
2593,4896,2539490,"array([ 2.68622112, -0.44685748])"
2594,4896,2539492,"array([ 2.50684912, -0.74925713])"
2595,4896,2539588,"array([ 2.76017381, -0.58133034])"
2596,4896,2540202,"array([ 2.48354305, -0.50980559])"
2597,4896,2540371,"array([ 2.62284574, -0.42627959])"
2598,4896,2540482,"array([ 2.53848205, -0.88208573])"
2599,4896,2540676,"array([ 2.65912033, -0.84828905])"
2600,4896,2541188,"array([ 2.57173055, -0.46424412])"
2601,4896,2541410,"array([ 2.68545895, -0.4995617 ])"
2602,4896,2542076,"array([ 2.49452598, -0.4833709 ])"
2603,4896,2542520,"array([ 2.34311622, -0.51342795])"
2604,4896,2542990,"array([ 2.48685658, -0.49334345])"
2605,4896,2543137,"array([ 2.85327175, -0.54884728])"
2606,4896,2543156,"array([ 2.47365473, -0.58426865])"
2607,4896,2543191,"array([ 2.50732701, -0.88070435])"
2608,4896,2539505,"array([ 2.85759354, -0.51976448])"
2609,4896,2540395,"array([ 2.97472865, -0.23740651])"
2610,4896,2541847,"array([ 2.93197757, -0.38306538])"
2611,4896,2542099,"array([ 2.87829999, -0.37506142])"
2612,4896,2543252,"array([ 2.7807809 , -0.23749072])"
2613,4896,2543280,"array([ 3.10676437, -0.66886755])"
2614,4896,2542517,"array([ 2.99858361, -0.52391262])"
2615,4896,2539503,"array([ 2.5408244 , -0.91387576])"
2616,4896,2539504,"array([ 3.06025595, -0.77239029])"
2617,4896,2540684,"array([ 3.30459189, -0.83043586])"
2618,4896,2539523,"array([ 2.99593266, -0.6066657 ])"
2619,4896,2540097,"array([ 2.86960245, -0.4468854 ])"
2620,4896,2542274,"array([ 3.06367883, -0.48882201])"
2621,4896,2543382,"array([ 2.96108207, -0.54142766])"
2622,4896,2539506,"array([ 2.59071422, -0.94753373])"
2623,4896,2539507,"array([ 2.96236103, -0.5895068 ])"
2624,4896,2543107,"array([ 2.32939005, -0.92393261])"
2625,4896,2539511,"array([ 2.82855636, -0.47876815])"
2626,4896,2543663,"array([ 2.88590785, -0.68853933])"
2627,4896,2540051,"array([ 3.01246676, -0.67302159])"
2628,4896,2540499,"array([ 3.01347708, -0.73160936])"
2629,4896,2540635,"array([ 2.87407223, -0.80399798])"
2630,4896,2541726,"array([ 2.97576074, -0.81824024])"
2631,4896,2541738,"array([ 2.98813728, -0.83287384])"
2632,4896,2542734,"array([ 3.13610485, -0.81216244])"
2633,4896,2540622,"array([ 2.89664951, -0.66103592])"
2634,4896,2540932,"array([ 2.65114317, -0.91188269])"
2635,4896,2542461,"array([ 2.66437087, -0.89932846])"
2636,4896,2539535,"array([ 2.36732903, -0.54163838])"
2637,4896,2539539,"array([ 2.83646764, -0.33614441])"
2638,4896,2539540,"array([ 2.82139376, -0.42726564])"
2639,4896,2539723,"array([ 2.98836408, -0.50614107])"
2640,4896,2543358,"array([ 2.81488472, -0.58181798])"
2641,4896,2539551,"array([ 2.9981679, -0.3413813])"
2642,4896,2543316,"array([ 2.45881084, -0.71013163])"
2643,4896,2543444,"array([ 2.74354828, -0.92055065])"
2644,4896,2540064,"array([ 2.78004092, -0.66668138])"
2645,4896,2539561,"array([ 2.879112  , -0.08529029])"
2646,4896,2539829,"array([ 2.79715414, -0.3413977 ])"
2647,4896,2540117,"array([ 2.77374578, -0.80245513])"
2648,4896,2542369,"array([ 2.64588718, -0.34767485])"
2649,4896,2540947,"array([ 2.30561038, -0.35421277])"
2650,4896,2541322,"array([ 2.80611329, -0.43318337])"
2651,4896,2539653,"array([ 2.72688755, -0.22960031])"
2652,4896,2541341,"array([ 2.67851821, -0.22691191])"
2653,4896,2542741,"array([ 2.7118184 , -0.20407667])"
2654,4896,2542804,"array([ 2.36865401, -0.63761966])"
2655,4896,2539569,"array([ 2.52256658, -0.75653213])"
2656,4896,2539570,"array([ 2.53691516, -0.94979764])"
2657,4896,2539615,"array([ 2.67014629, -0.81023212])"
2658,4896,2542084,"array([ 2.97292724, -0.98213146])"
2659,4896,2539573,"array([ 2.36033099, -0.74557178])"
2660,4896,2541022,"array([ 3.00372785, -0.8299116 ])"
2661,4896,2539584,"array([ 2.55403359, -0.7623072 ])"
2662,4896,2539591,"array([ 2.4936303 , -0.87703282])"
2663,4896,2539599,"array([ 2.51834057, -0.86369497])"
2664,4896,2541461,"array([ 2.53935184, -0.90039573])"
2665,4896,2539731,"array([ 2.58790948, -0.45286548])"
2666,4896,2543497,"array([ 2.74490094, -0.82767713])"
2667,4896,2541123,"array([ 3.02058429, -0.75485932])"
2668,4896,2539623,"array([ 2.86908543, -0.43181613])"
2669,4896,2541908,"array([ 3.04501262, -0.21243195])"
2670,4896,2539634,"array([ 3.33364231, -0.15980626])"
2671,4896,2541987,"array([ 3.17984622, -0.2858238 ])"
2672,4896,2539635,"array([ 2.43696749, -0.46615188])"
2673,4896,2540025,"array([ 2.95432793, -0.6919489 ])"
2674,4896,2540655,"array([ 3.32802557, -0.46431333])"
2675,4896,2543351,"array([ 2.90036349, -0.54147593])"
2676,4896,3361305,"array([ 3.1754596, -0.551484 ])"
2677,4896,3361397,"array([ 3.19126649, -0.56647055])"
2678,4896,2540511,"array([ 3.00861056, -0.5947976 ])"
2679,4896,2541783,"array([ 2.91756146, -1.03898604])"
2680,4896,2539645,"array([ 2.61588779, -0.38118149])"
2681,4896,2543298,"array([ 2.96508849, -0.66164534])"
2682,4896,2539650,"array([ 2.77383563, -0.95349752])"
2683,4896,2541114,"array([ 2.50691132, -0.63822857])"
2684,4896,2541927,"array([ 2.75908442, -0.72794264])"
2685,4896,2542509,"array([ 2.26564733, -0.54003712])"
2686,4896,2542955,"array([ 2.48844008, -0.72950128])"
2687,4896,2543009,"array([ 2.77863256, -0.78657869])"
2688,4896,2543356,"array([ 2.36243432, -0.65260252])"
2689,4896,2541863,"array([ 2.78710096, -0.3517703 ])"
2690,4896,2540915,"array([ 2.90206131, -0.19647425])"
2691,4896,2541355,"array([ 3.01294751, -0.5173411 ])"
2692,4896,2543010,"array([ 2.9782962 , -0.47170106])"
2693,4896,2539659,"array([ 2.93341399, -0.78296992])"
2694,4896,2540120,"array([ 2.98963727, -0.77040223])"
2695,4896,2541480,"array([ 2.89561629, -0.63832441])"
2696,4896,2543589,"array([ 3.03385392, -0.72647202])"
2697,4896,2539670,"array([ 2.84282623, -0.85663388])"
2698,4896,2539671,"array([ 3.09434803, -0.70221301])"
2699,4896,2539806,"array([ 2.98939633, -0.32112307])"
2700,4896,2539837,"array([ 3.08309319, -0.82392811])"
2701,4896,2540124,"array([ 3.10721366, -0.490543  ])"
2702,4896,2540199,"array([ 3.00096338, -0.66128781])"
2703,4896,2540217,"array([ 2.94984952, -0.29745338])"
2704,4896,2540311,"array([ 3.12078554, -0.53782999])"
2705,4896,2540385,"array([ 2.79826298, -0.94500183])"
2706,4896,2540402,"array([ 2.45093781, -0.60948818])"
2707,4896,2540432,"array([ 2.8031824 , -0.47601903])"
2708,4896,2540443,"array([ 2.9706613, -0.6824082])"
2709,4896,2540456,"array([ 3.14412284, -0.55821113])"
2710,4896,2540697,"array([ 3.0172019, -0.3522132])"
2711,4896,2540757,"array([ 2.70770382, -0.31755131])"
2712,4896,2540818,"array([ 3.05727711, -0.39222348])"
2713,4896,2540916,"array([ 2.59825898, -0.38247196])"
2714,4896,2540958,"array([ 2.74169008, -0.90024534])"
2715,4896,2541444,"array([ 2.79950136, -0.45353651])"
2716,4896,2541484,"array([ 2.5744126 , -0.41787306])"
2717,4896,2541555,"array([ 3.14880003, -0.58867238])"
2718,4896,2541665,"array([ 3.12201897, -0.50286941])"
2719,4896,2541736,"array([ 3.09150614, -0.4742997 ])"
2720,4896,2541743,"array([ 2.62459031, -0.8725175 ])"
2721,4896,2541823,"array([ 2.81214523, -0.88924432])"
2722,4896,2542000,"array([ 2.90163632, -0.73418226])"
2723,4896,2542124,"array([ 2.62821681, -0.35975596])"
2724,4896,2542182,"array([ 2.53782338, -0.56116252])"
2725,4896,2542333,"array([ 3.14689749, -0.61612973])"
2726,4896,2542475,"array([ 3.09727336, -0.63230494])"
2727,4896,2542775,"array([ 3.03180468, -0.6031205 ])"
2728,4896,2542851,"array([ 3.09093893, -0.68201616])"
2729,4896,2542932,"array([ 3.13957945, -0.51335462])"
2730,4896,2542974,"array([ 3.0866121 , -0.42858443])"
2731,4896,2543207,"array([ 2.96652346, -0.4944402 ])"
2732,4896,2543211,"array([ 2.76630548, -0.45249776])"
2733,4896,2543273,"array([ 2.96213653, -0.33505279])"
2734,4896,2543297,"array([ 3.00265604, -0.5046022 ])"
2735,4896,2543460,"array([ 3.18932556, -0.53177788])"
2736,4896,2543507,"array([ 2.92740672, -0.28627824])"
2737,4896,2543509,"array([ 3.12843875, -0.60408868])"
2738,4896,2543654,"array([ 2.94322252, -0.81237512])"
2739,4896,2543682,"array([ 2.93756901, -0.75670353])"
2740,4896,3361337,"array([ 3.02730967, -0.37044468])"
2741,4896,3361430,"array([ 3.13293176, -0.63494073])"
2742,4896,3361556,"array([ 2.761976  , -0.29481952])"
2743,4896,2543338,"array([ 2.78165586, -0.4442626 ])"
2744,4896,2539669,"array([ 2.98389157, -0.28556797])"
2745,4896,2541769,"array([ 3.12430906, -0.11042766])"
2746,4896,2542814,"array([ 2.85689825, -0.30678723])"
2747,4896,2543188,"array([ 3.09412774, -0.09262664])"
2748,4896,2540989,"array([ 2.81210558, -1.272763  ])"
2749,4896,2542511,"array([ 2.77574405, -1.27803179])"
2750,4896,2539676,"array([ 2.90607464, -0.77237419])"
2751,4896,2539682,"array([ 2.22589421, -0.55168345])"
2752,4896,2539683,"array([ 2.37803245, -0.72306117])"
2753,4896,2539687,"array([ 2.33965844, -0.49428027])"
2754,4896,2540185,"array([ 3.19764713, -0.70400991])"
2755,4896,2540414,"array([ 2.99905316, -0.8611827 ])"
2756,4896,2540760,"array([ 2.95333139, -0.85639584])"
2757,4896,2540846,"array([ 3.17938226, -0.82200483])"
2758,4896,2541067,"array([ 2.86243284, -0.40054987])"
2759,4896,2541127,"array([ 2.75742634, -0.92717051])"
2760,4896,2541407,"array([ 3.19519565, -0.79094705])"
2761,4896,2541518,"array([ 3.07386586, -0.75876582])"
2762,4896,2542079,"array([ 2.96072292, -0.42379773])"
2763,4896,2542137,"array([ 2.92817835, -0.84409918])"
2764,4896,2542365,"array([ 2.82534184, -0.97399514])"
2765,4896,2542436,"array([ 3.05239396, -0.67669798])"
2766,4896,2542735,"array([ 3.0278211 , -0.78493376])"
2767,4896,2542982,"array([ 3.0311043 , -0.86562198])"
2768,4896,2543005,"array([ 3.18865967, -0.73911699])"
2769,4896,2543173,"array([ 2.83344221, -0.95750778])"
2770,4896,5802786,"array([ 3.15359667, -0.87153794])"
2771,4896,2543117,"array([ 2.70630328, -0.74606843])"
2772,4896,2540466,"array([ 3.08107082, -0.40545988])"
2773,4896,2542854,"array([ 2.90450158, -0.6118535 ])"
2774,4896,2539708,"array([ 2.40505153, -0.54131672])"
2775,4896,2542149,"array([ 2.36332542, -0.45447274])"
2776,4896,2543635,"array([ 2.40575062, -0.63063577])"
2777,4896,2539716,"array([ 3.0949868 , -0.74017051])"
2778,4896,2539721,"array([ 2.84512512, -0.77852862])"
2779,4896,2541224,"array([ 2.8989952 , -0.95143754])"
2780,4896,2539730,"array([ 2.7767732 , -0.45844155])"
2781,4896,2543079,"array([ 2.55906616, -0.54752815])"
2782,4896,2540291,"array([ 2.8454873, -0.3657928])"
2783,4896,2540743,"array([ 2.68314179, -0.37731764])"
2784,4896,2541056,"array([ 2.81307427, -0.3014632 ])"
2785,4896,2541588,"array([ 2.59369071, -0.90555796])"
2786,4896,2542046,"array([ 2.46956525, -0.29948992])"
2787,4896,2543136,"array([ 2.61413755, -0.53606564])"
2788,4896,2543492,"array([ 2.49907231, -0.94453518])"
2789,4896,2539735,"array([ 2.38494362, -0.59621645])"
2790,4896,2541799,"array([ 2.16217235, -0.71490609])"
2791,4896,2543595,"array([ 2.92300346, -0.40624344])"
2792,4896,2541505,"array([ 3.03702488, -0.65868789])"
2793,4896,2541770,"array([ 3.04602473, -0.56252861])"
2794,4896,2542537,"array([ 2.89581045, -0.25247071])"
2795,4896,2539761,"array([4.93253097, 1.32638026])"
2796,4896,2541418,"array([4.9704075 , 1.29380886])"
2797,4896,2542288,"array([ 2.67843257, -0.45553518])"
2798,4896,2539764,"array([ 2.65915453, -0.25215045])"
2799,4896,2539765,"array([ 2.9136771 , -0.85156824])"
2800,4896,2539778,"array([ 2.91835266, -0.68387067])"
2801,4896,2543360,"array([ 2.87344962, -0.66787906])"
2802,4896,2540617,"array([ 2.83773924, -0.84235003])"
2803,4896,2541755,"array([ 2.81740805, -0.85914154])"
2804,4896,2542405,"array([ 2.76171449, -0.89714199])"
2805,4896,2543097,"array([ 2.78465307, -0.87158652])"
2806,4896,2543286,"array([ 3.07766791, -0.64175541])"
2807,4896,2543649,"array([ 2.80827224, -0.50302114])"
2808,4896,2540453,"array([ 2.44430357, -0.44642963])"
2809,4896,2540186,"array([ 2.65778515, -0.36141609])"
2810,4896,2541832,"array([ 3.07616956, -1.05271756])"
2811,4896,2542070,"array([ 2.81880083, -0.62935836])"
2812,4896,2541285,"array([ 2.41279438, -0.81577493])"
2813,4896,2541817,"array([ 2.36467072, -0.52337669])"
2814,4896,2539808,"array([ 2.96183812, -0.50502907])"
2815,4896,2539810,"array([ 2.28953946, -0.58890995])"
2816,4896,2540891,"array([ 2.50735048, -0.72447479])"
2817,4896,2541790,"array([ 2.39603881, -0.45226554])"
2818,4896,2543446,"array([ 2.79150795, -0.47695987])"
2819,4896,2539813,"array([ 2.38083369, -0.46195181])"
2820,4896,2539814,"array([ 2.19147168, -0.39219225])"
2821,4896,2540246,"array([ 3.03276483, -0.50521383])"
2822,4896,2541201,"array([ 2.96851478, -0.35780673])"
2823,4896,2541540,"array([ 3.00310224, -0.29801878])"
2824,4896,2542638,"array([ 3.01685604, -0.41293515])"
2825,4896,3361562,"array([ 2.71580967, -0.94741275])"
2826,4896,2542223,"array([ 2.41379663, -0.86358346])"
2827,4896,2541686,"array([ 2.72326447, -0.37619513])"
2828,4896,2539835,"array([ 3.17014332, -0.63741797])"
2829,4896,2539843,"array([ 2.87970644, -0.67788834])"
2830,4896,2539896,"array([ 2.48327064, -0.45635383])"
2831,4896,2540277,"array([ 2.47118946, -0.34429501])"
2832,4896,2540826,"array([ 2.62879943, -0.38694943])"
2833,4896,2541122,"array([ 2.85277677, -0.68058654])"
2834,4896,2541288,"array([ 2.47913339, -0.68505   ])"
2835,4896,2542154,"array([ 2.69027416, -0.29166773])"
2836,4896,2543030,"array([ 2.84468442, -0.6285905 ])"
2837,4896,2539846,"array([ 2.30719282, -0.42130643])"
2838,4896,2541241,"array([ 2.74791762, -0.5922844 ])"
2839,4896,2539858,"array([ 2.25575935, -0.64046144])"
2840,4896,2539864,"array([ 2.93004007, -0.5540822 ])"
2841,4896,2539865,"array([ 2.43730459, -0.85660161])"
2842,4896,2540027,"array([ 3.18173386, -0.61255585])"
2843,4896,2540471,"array([ 2.87757939, -0.52345473])"
2844,4896,2541141,"array([ 2.96474006, -0.55883352])"
2845,4896,2539873,"array([ 2.93129964, -0.88360536])"
2846,4896,2539955,"array([ 2.20062919, -0.59560969])"
2847,4896,2540136,"array([ 2.39311228, -0.61389275])"
2848,4896,2540906,"array([ 2.47738533, -0.54289114])"
2849,4896,2542531,"array([ 2.61377643, -0.34343389])"
2850,4896,2539884,"array([ 2.24973642, -0.79934153])"
2851,4896,2540274,"array([ 2.55441982, -0.84569213])"
2852,4896,2541452,"array([ 2.52429122, -0.3745833 ])"
2853,4896,2539910,"array([ 2.63297122, -0.27535919])"
2854,4896,2543210,"array([ 2.79245801, -0.30788386])"
2855,4896,2539918,"array([ 2.42090196, -1.14647008])"
2856,4896,3361452,"array([ 2.29696593, -1.36728979])"
2857,4896,2542161,"array([ 3.03355003, -0.48511806])"
2858,4896,2540667,"array([ 2.53500988, -0.5809327 ])"
2859,4896,2541495,"array([ 2.44652249, -0.47860603])"
2860,4896,2542625,"array([ 2.76630163, -0.50609398])"
2861,4896,2542662,"array([ 2.6972349 , -0.35762805])"
2862,4896,2542865,"array([ 2.57888114, -0.38597153])"
2863,4896,2542995,"array([ 2.46080396, -0.41224689])"
2864,4896,2543677,"array([ 2.63567221, -0.37361207])"
2865,4896,2541812,"array([ 2.70400114, -0.40874968])"
2866,4896,2539941,"array([ 2.44796279, -0.35553654])"
2867,4896,2539943,"array([ 2.6525619 , -1.00889036])"
2868,4896,2540530,"array([ 2.55287215, -0.46108319])"
2869,4896,2542750,"array([ 2.44816569, -0.88391225])"
2870,4896,2543505,"array([ 2.35742314, -0.49492324])"
2871,4896,2542139,"array([ 3.02198063, -0.9087687 ])"
2872,4896,2539963,"array([ 3.02698004, -0.64436611])"
2873,4896,2541171,"array([ 3.2884911 , -0.67174201])"
2874,4896,2543441,"array([ 2.97598478, -0.71192728])"
2875,4896,2539964,"array([ 2.46688898, -0.44276449])"
2876,4896,2539966,"array([ 2.96408859, -0.7740365 ])"
2877,4896,2539969,"array([ 3.20892255, -0.94380028])"
2878,4896,2539975,"array([ 3.09391456, -0.04631318])"
2879,4896,2539977,"array([ 3.10139781, -0.45627755])"
2880,4896,2539989,"array([ 2.52084906, -0.95343593])"
2881,4896,2540440,"array([ 3.01083771, -0.87913932])"
2882,4896,2539996,"array([ 3.16129609, -0.68799661])"
2883,4896,2542510,"array([ 3.09429665, -0.75852109])"
2884,4896,2540002,"array([ 3.21989067, -0.72108685])"
2885,4896,2540847,"array([ 2.94048869, -0.68061217])"
2886,4896,2542423,"array([ 2.47328189, -0.63690358])"
2887,4896,2541199,"array([ 3.04967912, -0.79203652])"
2888,4896,2541727,"array([ 3.09829448, -0.65271938])"
2889,4896,2541740,"array([ 2.93669342, -0.964831  ])"
2890,4896,2542219,"array([ 2.87125079, -0.86051357])"
2891,4896,2541386,"array([ 2.73062767, -0.91829112])"
2892,4896,2542907,"array([ 3.05457284, -0.74757798])"
2893,4896,2542914,"array([ 3.00572903, -0.57530487])"
2894,4896,2543040,"array([ 3.02919073, -0.6726918 ])"
2895,4896,2543347,"array([ 3.04158865, -0.76227837])"
2896,4896,2540039,"array([ 2.24286589, -0.53453201])"
2897,4896,2540045,"array([ 2.71269084, -0.35432056])"
2898,4896,2540047,"array([ 2.96141025, -0.79942617])"
2899,4896,2541366,"array([ 2.42346672, -0.44238651])"
2900,4896,2542367,"array([ 2.97403183, -0.50803741])"
2901,4896,2542567,"array([ 2.89346383, -0.67498017])"
2902,4896,2543579,"array([ 2.49591515, -0.74002706])"
2903,4896,2541604,"array([ 3.04645048, -0.63151428])"
2904,4896,2543253,"array([ 2.65992979, -0.47024393])"
2905,4896,2540069,"array([ 2.69769051, -0.95972752])"
2906,4896,2540080,"array([ 2.25833265, -0.70383067])"
2907,4896,2540084,"array([ 2.9882527 , -0.69348526])"
2908,4896,2541078,"array([ 2.54239097, -0.84098662])"
2909,4896,2541315,"array([ 2.45361784, -0.63005597])"
2910,4896,2543199,"array([ 3.0338639 , -0.46751065])"
2911,4896,2540104,"array([ 2.74003862, -0.85001661])"
2912,4896,2542144,"array([ 2.81752023, -0.46790897])"
2913,4896,2541687,"array([ 2.40495533, -0.40719984])"
2914,4896,2542830,"array([ 2.43966829, -0.67567153])"
2915,4896,2542569,"array([ 2.70745415, -0.42960297])"
2916,4896,2540753,"array([ 2.87867694, -0.90171919])"
2917,4896,2540129,"array([ 3.14422992, -0.53233242])"
2918,4896,2541316,"array([ 2.43089739, -0.59858788])"
2919,4896,2543402,"array([ 2.8906224 , -0.58351251])"
2920,4896,2540135,"array([ 3.40212809, -0.47288519])"
2921,4896,2541268,"array([ 3.01377763, -0.64899905])"
2922,4896,2540145,"array([ 2.81417409, -0.25832991])"
2923,4896,2540147,"array([ 2.29393681, -0.64130725])"
2924,4896,2541953,"array([ 2.70837182, -0.37447822])"
2925,4896,2543676,"array([ 2.53939561, -0.38170177])"
2926,4896,2540156,"array([ 3.12062727, -1.17948787])"
2927,4896,2541065,"array([ 2.74576443, -0.3900753 ])"
2928,4896,2542858,"array([ 3.10941227, -0.4029027 ])"
2929,4896,2540215,"array([ 3.13888346, -0.19802788])"
2930,4896,2540426,"array([ 2.98327411, -0.40007409])"
2931,4896,2540359,"array([ 2.43917597, -0.59058693])"
2932,4896,2542096,"array([ 2.78201471, -0.37999266])"
2933,4896,2543128,"array([ 2.54519712, -0.44758298])"
2934,4896,2542552,"array([ 2.88877668, -0.340558  ])"
2935,4896,2542655,"array([ 2.88332158, -0.51242723])"
2936,4896,2540588,"array([ 2.90355835, -0.49632029])"
2937,4896,2542388,"array([ 2.98196391, -0.57561432])"
2938,4896,2543198,"array([ 2.68973183, -0.8431892 ])"
2939,4896,14218174,"array([ 2.89805847, -0.27575152])"
2940,4896,2541324,"array([ 3.05813894, -0.41478923])"
2941,4896,2540257,"array([ 3.2457754 , -0.49270667])"
2942,4896,2540292,"array([ 2.78804219, -0.72676625])"
2943,4896,2543031,"array([ 2.95216836, -0.63298617])"
2944,4896,2540505,"array([ 2.95566336, -0.12140294])"
2945,4896,2540316,"array([ 2.88395152, -0.86585973])"
2946,4896,2541211,"array([ 2.75244886, -0.85737325])"
2947,4896,2540853,"array([ 2.83905415, -0.72650197])"
2948,4896,2542539,"array([ 3.12637957, -0.70450825])"
2949,4896,2540332,"array([ 2.34182069, -0.40854874])"
2950,4896,2542810,"array([ 2.99473415, -0.48286126])"
2951,4896,2541608,"array([ 2.51395527, -0.54262412])"
2952,4896,2540861,"array([ 3.17720532, -0.47960903])"
2953,4896,2542697,"array([ 3.10887682, -0.58584625])"
2954,4896,2541854,"array([ 2.58934503, -0.29263728])"
2955,4896,2543047,"array([ 2.79059906, -0.25521529])"
2956,4896,5802937,"array([ 2.77015109, -0.15047922])"
2957,4896,3361433,"array([ 2.86074485, -0.68794976])"
2958,4896,2540562,"array([ 3.11704449, -0.44170263])"
2959,4896,2542383,"array([ 3.07789106, -0.37852999])"
2960,4896,2540362,"array([ 3.36642328, -0.72871667])"
2961,4896,2540375,"array([ 2.74247617, -0.44694044])"
2962,4896,2540381,"array([ 2.85529675, -0.44835754])"
2963,4896,2542205,"array([ 2.6373284, -0.3183246])"
2964,4896,2540389,"array([ 2.71373197, -0.47523115])"
2965,4896,2542233,"array([ 2.44752429, -0.39475395])"
2966,4896,2540672,"array([ 3.05704592, -0.03257025])"
2967,4896,2540404,"array([ 3.17862685, -0.51273357])"
2968,4896,2540705,"array([ 2.68264274, -0.31823927])"
2969,4896,2540417,"array([ 2.6836758 , -0.91442787])"
2970,4896,2541276,"array([ 3.16994586, -0.22232108])"
2971,4896,2542985,"array([ 2.28557065, -0.75068904])"
2972,4896,2540472,"array([ 2.98936376, -0.26338059])"
2973,4896,2542230,"array([ 2.44595995, -0.81246563])"
2974,4896,2540485,"array([ 2.59693064, -0.32007834])"
2975,4896,2540486,"array([ 2.33153044, -0.4781855 ])"
2976,4896,2540487,"array([ 3.25105386, -0.90518526])"
2977,4896,2541667,"array([ 3.08297547, -0.57482414])"
2978,4896,2542488,"array([ 3.19512537, -0.42197614])"
2979,4896,2540495,"array([ 3.17956606, -0.76376094])"
2980,4896,2541260,"array([ 2.47444733, -0.64674501])"
2981,4896,2541419,"array([ 2.66394456, -0.34509917])"
2982,4896,2542958,"array([ 2.35691194, -0.55825508])"
2983,4896,2540520,"array([ 2.60387003, -0.1652978 ])"
2984,4896,2540526,"array([ 2.97922585, -0.0372853 ])"
2985,4896,2540527,"array([ 2.36472946, -0.77686954])"
2986,4896,2541574,"array([ 2.66128913, -0.32428662])"
2987,4896,2542312,"array([ 2.95138446, -0.57981273])"
2988,4896,2540552,"array([ 3.06696992, -0.89740934])"
2989,4896,2542034,"array([ 2.55893079, -0.45020989])"
2990,4896,2542928,"array([ 2.4717101 , -0.51691277])"
2991,4896,2542934,"array([ 2.34487393, -0.64513595])"
2992,4896,2543261,"array([ 2.28904162, -0.71672816])"
2993,4896,2540578,"array([ 3.01090301, -1.41993856])"
2994,4896,2541881,"array([ 2.9051674 , -1.16229339])"
2995,4896,2541247,"array([ 3.01361987, -0.44824697])"
2996,4896,2540587,"array([ 2.41384122, -0.45811541])"
2997,4896,2542188,"array([ 2.52261983, -0.31081051])"
2998,4896,2541212,"array([ 2.68478283, -0.89869748])"
2999,4896,2542859,"array([ 2.61854427, -0.31931655])"
3000,4896,2540609,"array([ 2.67892966, -0.3559455 ])"
3001,4896,2540671,"array([ 2.85291355, -0.88511168])"
3002,4896,2541347,"array([ 3.07407317, -0.25573656])"
3003,4896,2541474,"array([ 3.05829374, -0.43343039])"
3004,4896,2540644,"array([ 3.22285962, -0.9119506 ])"
3005,4896,2542211,"array([ 3.50898275, -0.40192021])"
3006,4896,2540656,"array([ 2.84506749, -0.38230023])"
3007,4896,2540666,"array([ 2.27060153, -0.67594761])"
3008,4896,2541381,"array([ 2.35302546, -0.73093271])"
3009,4896,2541921,"array([ 2.72710796, -0.99409703])"
3010,4896,2542185,"array([ 2.87934057, -0.72983732])"
3011,4896,2542941,"array([ 2.65521079, -0.94337053])"
3012,4896,3361535,"array([ 3.00599554, -0.62579843])"
3013,4896,2541978,"array([ 2.8541504 , -0.84640207])"
3014,4896,2542644,"array([ 2.51062858, -0.44573097])"
3015,4896,2543057,"array([ 2.41927492, -0.51412296])"
3016,4896,2543348,"array([ 3.01086628, -0.69365357])"
3017,4896,2543479,"array([ 2.50011846, -0.41372763])"
3018,4896,2543660,"array([ 2.51937821, -0.43555673])"
3019,4896,2541972,"array([ 2.89000429, -0.77199407])"
3020,4896,2543611,"array([ 2.49398762, -0.32138276])"
3021,4896,2540954,"array([ 3.01725551, -0.47649966])"
3022,4896,2541840,"array([ 3.01626956, -0.61785508])"
3023,4896,2540827,"array([ 2.68835869, -0.19186679])"
3024,4896,2540731,"array([ 3.06061512, -0.28891834])"
3025,4896,2541350,"array([ 3.21502624, -0.13299862])"
3026,4896,2543389,"array([ 2.45486662, -0.48778797])"
3027,4896,2540843,"array([ 2.3772947 , -0.41409375])"
3028,4896,2541638,"array([ 2.47048392, -0.48262309])"
3029,4896,2542753,"array([ 2.4836165 , -0.81323905])"
3030,4896,2542755,"array([ 2.4912461 , -0.82513775])"
3031,4896,2543116,"array([ 2.4827082 , -0.77798921])"
3032,4896,2543213,"array([ 2.46721848, -0.91511166])"
3033,4896,2540755,"array([ 2.34810719, -0.38075792])"
3034,4896,2540763,"array([ 2.69868755, -0.99207904])"
3035,4896,2543645,"array([ 2.70980429, -0.77439531])"
3036,4896,2540948,"array([ 3.05209374, -0.71546393])"
3037,4896,2540768,"array([ 2.90321763, -0.37214361])"
3038,4896,2540771,"array([ 3.17486978, -0.85219956])"
3039,4896,2541469,"array([ 2.91717035, -0.93438966])"
3040,4896,2541568,"array([ 2.79302723, -0.88615322])"
3041,4896,2541787,"array([ 2.493245  , -0.43278708])"
3042,4896,2542411,"array([ 2.36419145, -0.57988731])"
3043,4896,2543014,"array([ 2.5529446 , -0.98953245])"
3044,4896,2543655,"array([ 2.66321774, -0.92419819])"
3045,4896,3361262,"array([ 2.30804735, -0.56988131])"
3046,4896,2540794,"array([ 3.4573188 , -0.90784326])"
3047,4896,2540962,"array([ 2.68838827, -0.43643206])"
3048,4896,2540981,"array([ 2.95584712, -0.67582266])"
3049,4896,2541688,"array([ 2.82629721, -0.35661957])"
3050,4896,2542631,"array([ 2.52511139, -0.35610819])"
3051,4896,2543310,"array([ 2.96654502, -0.62669618])"
3052,4896,2542996,"array([ 2.32181157, -0.6979852 ])"
3053,4896,2540848,"array([ 2.95653451, -1.14270586])"
3054,4896,2543556,"array([ 3.0682217 , -1.17162319])"
3055,4896,2541945,"array([ 2.84365504, -0.9023083 ])"
3056,4896,2540884,"array([ 2.91299796, -0.32647021])"
3057,4896,2540908,"array([ 2.34479912, -0.75803476])"
3058,4896,2540912,"array([ 3.07295205, -0.61469869])"
3059,4896,2541546,"array([ 2.31117542, -0.67467459])"
3060,4896,2541557,"array([ 2.16073357, -0.3476624 ])"
3061,4896,2540943,"array([ 2.43655401, -0.76798035])"
3062,4896,2541859,"array([ 3.23255709, -0.31714705])"
3063,4896,2540980,"array([ 3.26156206, -0.46155846])"
3064,4896,2540984,"array([ 3.10171699, -0.92421305])"
3065,4896,2543019,"array([ 2.49421716, -0.38581961])"
3066,4896,2541000,"array([ 3.44953683, -0.4743084 ])"
3067,4896,2541008,"array([ 2.43357382, -0.25994562])"
3068,4896,2541018,"array([ 2.92650285, -0.60685797])"
3069,4896,2541019,"array([ 2.48993656, -0.7697367 ])"
3070,4896,2541024,"array([ 2.37612317, -0.35403008])"
3071,4896,2541030,"array([ 3.12800509, -0.83260439])"
3072,4896,2541042,"array([ 2.38674497, -0.73357871])"
3073,4896,2541162,"array([ 2.25565847, -0.50728898])"
3074,4896,2541439,"array([ 2.69539964, -0.85231568])"
3075,4896,2541510,"array([ 2.29710962, -0.66231225])"
3076,4896,2541985,"array([ 2.41350802, -0.71850029])"
3077,4896,2542006,"array([ 2.43255316, -0.42640792])"
3078,4896,2542324,"array([ 2.46427827, -0.395183  ])"
3079,4896,2543194,"array([ 2.22058497, -0.68514158])"
3080,4896,2543401,"array([ 2.22554267, -0.57504236])"
3081,4896,2543659,"array([ 2.4233408 , -0.61132515])"
3082,4896,2542414,"array([ 2.78633009, -0.42227494])"
3083,4896,2541072,"array([ 2.57097341, -0.21156558])"
3084,4896,2543045,"array([ 2.54794898, -0.26750007])"
3085,4896,2541097,"array([ 2.8069763 , -0.13707336])"
3086,4896,2541099,"array([ 2.70606608, -0.14997535])"
3087,4896,2541136,"array([ 2.92236915, -0.48291671])"
3088,4896,2541586,"array([ 2.40526936, -0.90264196])"
3089,4896,2542020,"array([ 2.32913965, -0.58396386])"
3090,4896,2542987,"array([ 2.61567901, -0.98443613])"
3091,4896,2543365,"array([ 2.28583659, -0.81583628])"
3092,4896,2543528,"array([ 2.23912693, -0.74227284])"
3093,4896,3361171,"array([ 2.31577062, -0.61587563])"
3094,4896,2541154,"array([ 2.61088208, -0.36644596])"
3095,4896,2542606,"array([ 2.40373907, -0.56100112])"
3096,4896,2541157,"array([ 3.07253321, -0.72864417])"
3097,4896,2542493,"array([ 2.98276011, -0.87446688])"
3098,4896,2542922,"array([ 2.99260383, -0.73031962])"
3099,4896,2543235,"array([ 2.92047716, -0.45578687])"
3100,4896,2541215,"array([ 2.27882896, -0.49763094])"
3101,4896,2541632,"array([ 2.30315969, -0.6954529 ])"
3102,4896,2541674,"array([ 2.31894906, -0.71973826])"
3103,4896,2542093,"array([ 2.56375902, -0.96153963])"
3104,4896,2542722,"array([ 2.75791887, -0.41573276])"
3105,4896,2542762,"array([ 2.33907293, -0.68877331])"
3106,4896,2542802,"array([ 2.42016755, -0.84293933])"
3107,4896,2543361,"array([ 2.75316153, -0.86946529])"
3108,4896,2543521,"array([ 2.79737155, -0.79478871])"
3109,4896,2541255,"array([ 2.93362795, -0.90143419])"
3110,4896,2543550,"array([ 2.48199349, -0.36383179])"
3111,4896,2542876,"array([ 2.37034137, -0.59745105])"
3112,4896,2541299,"array([ 2.54472852, -0.22217648])"
3113,4896,2541768,"array([ 3.00730803, -0.8954438 ])"
3114,4896,2541368,"array([ 3.26569893, -0.28781294])"
3115,4896,2541581,"array([ 2.51158123, -1.16984129])"
3116,4896,2541406,"array([ 2.47461123, -0.85302483])"
3117,4896,2542713,"array([ 2.76054062, -0.93862118])"
3118,4896,2541434,"array([ 2.85177409, -0.96226836])"
3119,4896,2541445,"array([ 2.8213879, -0.9965231])"
3120,4896,2542393,"array([ 2.87975386, -0.79050117])"
3121,4896,2542236,"array([ 2.47509574, -0.82195987])"
3122,4896,9407016,"array([ 2.50113617, -0.2479919 ])"
3123,4896,2543367,"array([ 2.45549091, -0.75381255])"
3124,4896,2542114,"array([ 2.39992718, -0.47670019])"
3125,4896,2541514,"array([ 3.03589195, -0.84720172])"
3126,4896,3361552,"array([ 2.34931643, -0.52704969])"
3127,4896,2542991,"array([ 2.3784387 , -0.85330869])"
3128,4896,2542901,"array([ 2.69234086, -0.93177523])"
3129,4896,2543132,"array([ 2.99105288, -0.71712801])"
3130,4896,2542280,"array([ 2.59324261, -0.3638727 ])"
3131,4896,2541591,"array([ 3.0507856 , -0.91573628])"
3132,4896,2542045,"array([ 3.23240197, -0.44859864])"
3133,4896,2542301,"array([ 2.86120459, -0.345637  ])"
3134,4896,3361450,"array([ 3.21272356, -0.58803911])"
3135,4896,3361474,"array([ 3.21203178, -0.61067166])"
3136,4896,2543678,"array([ 2.83606101, -0.93458725])"
3137,4896,2541939,"array([ 2.33633994, -0.78172408])"
3138,4896,2542595,"array([ 2.48196948, -0.40799258])"
3139,4896,2542523,"array([ 2.82843475, -0.8908448 ])"
3140,4896,2542548,"array([ 2.96870685, -0.69728992])"
3141,4896,2543039,"array([ 2.63708375, -0.13507386])"
3142,4896,2543239,"array([ 2.43086515, -0.69417629])"
3143,4896,2541655,"array([ 2.7411921 , -0.20199995])"
3144,4896,2541660,"array([ 2.65408186, -1.1059427 ])"
3145,4896,2541706,"array([ 3.18832494, -0.66726787])"
3146,4896,2543671,"array([ 3.30564124, -0.65221174])"
3147,4896,2542259,"array([ 3.07978579, -0.87663631])"
3148,4896,5802955,"array([ 3.15186779, -0.96846484])"
3149,4896,2542041,"array([ 3.24189148, -0.98723501])"
3150,4896,2542053,"array([ 2.44533738, -0.83329794])"
3151,4896,3361477,"array([ 2.47084156, -0.73694338])"
3152,4896,2541810,"array([ 2.56072464, -0.14372102])"
3153,4896,2541827,"array([ 2.46735753, -0.10041691])"
3154,4896,2542350,"array([ 2.57796845, -0.26464856])"
3155,4896,2541873,"array([ 2.77705974, -0.078635  ])"
3156,4896,2543467,"array([ 2.33046132, -0.42495201])"
3157,4896,2541917,"array([0.46395842, 1.35022395])"
3158,4896,2542264,"array([0.50303308, 1.38184154])"
3159,4896,2541970,"array([ 2.76626218, -1.00623976])"
3160,4896,2542340,"array([ 2.32399628, -0.39349583])"
3161,4896,2543068,"array([ 2.29001122, -0.47838735])"
3162,4896,2542002,"array([ 2.39641763, -0.30196841])"
3163,4896,2542030,"array([ 2.64428707, -0.98809684])"
3164,4896,2542979,"array([ 2.92873053, -0.82854977])"
3165,4896,2542067,"array([ 2.81291909, -0.36903954])"
3166,4896,2542108,"array([ 3.24235279, -0.8776358 ])"
3167,4896,2542148,"array([ 3.25961295, -0.52484037])"
3168,4896,2542157,"array([ 2.81630104, -0.87477775])"
3169,4896,2543042,"array([ 3.20475448, -0.75580818])"
3170,4896,2542174,"array([2.92569019, 2.29781481])"
3171,4896,3361454,"array([2.94752546, 2.34177929])"
3172,4896,2542202,"array([ 2.37906484, -0.81441557])"
3173,4896,2542256,"array([ 2.54286066, -0.34594576])"
3174,4896,3361514,"array([ 3.12140617, -0.94507109])"
3175,4896,2542292,"array([ 2.245949  , -0.65753754])"
3176,4896,2542323,"array([ 2.29912449, -0.38462895])"
3177,4896,2542354,"array([ 2.50095831, -0.21659912])"
3178,4896,2542370,"array([ 2.22386316, -0.66473516])"
3179,4896,2543519,"array([ 2.3115496 , -0.73946752])"
3180,4896,2543143,"array([ 3.03296694, -0.88694165])"
3181,4896,2542454,"array([ 2.68088132, -0.97910096])"
3182,4896,2542504,"array([ 2.26257034, -0.7531917 ])"
3183,4896,2543675,"array([ 2.99552223, -0.74544615])"
3184,4896,2543256,"array([ 2.84144254, -1.17384631])"
3185,4896,2543355,"array([ 3.26029085, -0.57875779])"
3186,4896,2542634,"array([ 3.4513062 , -1.02742845])"
3187,4896,2543607,"array([ 3.28193072, -0.94318009])"
3188,4896,2542681,"array([ 2.42396516, -0.49919274])"
3189,4896,2543309,"array([ 2.5836898 , -0.19223319])"
3190,4896,2543340,"array([ 2.47702599, -0.22082252])"
3191,4896,2543541,"array([ 2.44995136, -0.23796716])"
3192,4896,2543605,"array([ 2.47373654, -0.24748715])"
3193,4896,2543468,"array([ 2.73303466, -0.30749161])"
3194,4896,3361214,"array([ 2.87166091, -0.96959836])"
3195,4896,2542768,"array([ 2.03427571, -1.02916104])"
3196,4896,2543546,"array([ 3.02603032, -0.80116209])"
3197,4896,2542807,"array([ 3.02271775, -1.03010951])"
3198,4896,2542844,"array([ 3.18755778, -0.35769072])"
3199,4896,2542870,"array([ 2.65735137, -1.41685947])"
3200,4896,2543581,"array([ 2.66855615, -1.20291607])"
3201,4896,2543552,"array([ 2.53366855, -0.28983777])"
3202,4896,2543170,"array([ 2.91480031, -0.97980418])"
3203,4896,2543203,"array([ 2.24849311, -0.61966963])"
3204,4896,3361180,"array([ 3.18311694, -0.39885763])"
3205,4896,2543251,"array([ 3.23685467, -0.94849028])"
3206,4896,2543625,"array([ 2.21899439, -1.50767727])"
3207,4896,3361099,"array([ 3.38208605, -0.60449097])"
3208,4896,3361257,"array([ 3.37875336, -0.57247713])"
3209,4896,14217659,"array([ 3.15278283, -0.74527765])"
3210,4896,14217792,"array([ 2.34223925, -0.86917445])"
3211,4896,14218114,"array([ 2.61271192, -0.25930419])"
3212,4896,14218195,"array([4.02063027, 2.03737265])"
3213,4896,3361379,"array([3.98205529, 2.00447368])"
3214,4896,2539091,"array([ 2.34911389, -1.07571201])"
3215,4896,2538697,"array([ 2.44701212, -1.06053254])"
3216,4896,2538725,"array([ 2.6964774 , -1.04362308])"
3217,4896,3361121,"array([ 2.90287169, -1.23111775])"
3218,4896,2538740,"array([ 2.90404057, -0.86871789])"
3219,4896,2538748,"array([ 2.64136649, -1.02461154])"
3220,4896,2542586,"array([ 2.45329457, -1.20180062])"
3221,4896,2543470,"array([ 3.04241683, -0.81017873])"
3222,4896,2538908,"array([ 2.64278273, -1.04130715])"
3223,4896,2538932,"array([ 2.78287358, -1.00347474])"
3224,4896,2538968,"array([ 2.59749378, -1.03228334])"
3225,4896,2538978,"array([ 2.74730454, -0.99572658])"
3226,4896,2538992,"array([ 3.15158692, -0.36239451])"
3227,4896,2538998,"array([ 2.62219592, -1.01575794])"
3228,4896,2539612,"array([ 3.18056246, -1.06020299])"
3229,4896,2542818,"array([ 3.21338403, -1.03649814])"
3230,4896,2539016,"array([ 3.17773159, -0.58739056])"
3231,4896,2539040,"array([ 2.48705687, -0.98207948])"
3232,4896,2539070,"array([ 2.48377803, -1.13832949])"
3233,4896,2539078,"array([ 2.60475925, -1.01914475])"
3234,4896,2541233,"array([ 2.68204871, -1.00134726])"
3235,4896,2539122,"array([ 2.75271005, -0.2353093 ])"
3236,4896,2542961,"array([ 2.92858926, -0.67103938])"
3237,4896,2539132,"array([ 2.68618306, -1.11497328])"
3238,4896,2539150,"array([ 2.41415742, -1.00653431])"
3239,4896,2539177,"array([ 2.51511361, -1.10560896])"
3240,4896,2539297,"array([ 2.3564951 , -1.04236122])"
3241,4896,2539393,"array([ 2.30172051, -0.96045424])"
3242,4896,2539416,"array([ 2.36283619, -1.01857741])"
3243,4896,2539459,"array([ 2.55694238, -0.92773013])"
3244,4896,2539464,"array([ 2.74208503, -1.0460366 ])"
3245,4896,2539541,"array([ 2.57698159, -1.15498864])"
3246,4896,2539557,"array([ 2.59833748, -1.11525321])"
3247,4896,2539695,"array([ 2.41642348, -1.02944284])"
3248,4896,2539699,"array([ 2.54532641, -1.10451845])"
3249,4896,2539718,"array([ 2.45706448, -1.12390937])"
3250,4896,2539720,"array([ 2.52361581, -1.01173212])"
3251,4896,2539739,"array([ 2.78229637, -0.93583476])"
3252,4896,2539756,"array([ 2.54732871, -1.12405664])"
3253,4896,2539839,"array([ 2.47617553, -0.89819963])"
3254,4896,2539859,"array([ 2.32540363, -0.97042835])"
3255,4896,2539861,"array([ 2.4310232 , -1.11120349])"
3256,4896,2539883,"array([ 2.39924788, -0.99617786])"
3257,4896,2539894,"array([ 2.31971481, -0.94426101])"
3258,4896,2539899,"array([ 2.45180186, -1.02482379])"
3259,4896,2539902,"array([ 2.45140127, -1.10122341])"
3260,4896,2539934,"array([ 2.71640715, -1.05593091])"
3261,4896,2539979,"array([ 2.73381939, -0.98004926])"
3262,4896,2539982,"array([ 2.61533385, -1.06147357])"
3263,4896,2539986,"array([ 2.55052113, -1.020893  ])"
3264,4896,2540028,"array([ 2.69475091, -1.06272553])"
3265,4896,2540075,"array([ 2.49783948, -0.99984547])"
3266,4896,2540078,"array([ 2.59061555, -1.00824492])"
3267,4896,2540132,"array([ 2.38149945, -0.98161546])"
3268,4896,2540155,"array([ 2.39551037, -1.04794934])"
3269,4896,2540203,"array([ 2.53341855, -1.14411914])"
3270,4896,2540280,"array([ 2.40610686, -1.06968118])"
3271,4896,2540287,"array([ 2.29789104, -0.92883985])"
3272,4896,2540299,"array([ 2.66566483, -0.99759946])"
3273,4896,2540321,"array([ 2.5974362 , -1.06919222])"
3274,4896,2540358,"array([ 2.59858518, -1.15931716])"
3275,4896,2540465,"array([ 2.41622051, -1.05016089])"
3276,4896,2540502,"array([ 2.66582067, -1.02461708])"
3277,4896,2540525,"array([ 2.56912602, -1.02471084])"
3278,4896,2540547,"array([ 2.60007795, -0.97048105])"
3279,4896,2540553,"array([ 2.44236825, -1.08163024])"
3280,4896,2540570,"array([ 2.88938154, -1.01598663])"
3281,4896,2540575,"array([ 2.48577338, -1.08011549])"
3282,4896,2540613,"array([ 2.50759737, -1.08684385])"
3283,4896,2540662,"array([ 2.36179149, -0.609175  ])"
3284,4896,2540724,"array([ 2.57993042, -1.03443069])"
3285,4896,2540729,"array([ 2.91492096, -0.95949569])"
3286,4896,2540750,"array([ 2.31371155, -0.98807719])"
3287,4896,2540754,"array([ 2.56920815, -1.12645005])"
3288,4896,2540791,"array([ 2.47798133, -1.11764234])"
3289,4896,2540877,"array([ 2.62047397, -1.03567571])"
3290,4896,2540991,"array([ 2.47890498, -1.04158354])"
3291,4896,2541010,"array([ 2.32676304, -1.00620217])"
3292,4896,2541025,"array([ 2.56401986, -1.04824975])"
3293,4896,2541068,"array([ 2.4007065 , -0.83629838])"
3294,4896,2541083,"array([ 2.5269039 , -1.12131903])"
3295,4896,2541113,"array([ 2.51795396, -1.03025515])"
3296,4896,2541132,"array([ 2.51279811, -1.06912127])"
3297,4896,2541218,"array([ 2.68466136, -1.03033641])"
3298,4896,2541282,"array([ 2.90255943, -0.8200639 ])"
3299,4896,2541364,"array([ 2.36525065, -0.99124175])"
3300,4896,2541394,"array([ 2.49326125, -1.10090826])"
3301,4896,2541494,"array([ 2.67748859, -1.05400956])"
3302,4896,2541564,"array([ 2.6267088 , -1.14248633])"
3303,4896,2541618,"array([ 2.346554  , -0.97915973])"
3304,4896,2541690,"array([ 2.33914699, -1.02696138])"
3305,4896,2541698,"array([ 2.7696169 , -0.97715492])"
3306,4896,2541730,"array([ 2.53159056, -0.99416961])"
3307,4896,2541764,"array([ 2.78984908, -0.97311118])"
3308,4896,2541803,"array([ 2.79926754, -0.92504992])"
3309,4896,2541829,"array([ 2.38188387, -1.0078998 ])"
3310,4896,2541877,"array([ 2.53540042, -1.02955795])"
3311,4896,2541995,"array([ 2.46208331, -1.07953628])"
3312,4896,2542089,"array([ 2.37535043, -1.055525  ])"
3313,4896,2542130,"array([ 2.56644706, -1.10553767])"
3314,4896,2542271,"array([ 2.88868861, -0.88696273])"
3315,4896,2542320,"array([ 2.4710063 , -1.06186287])"
3316,4896,2542434,"array([ 2.50399733, -1.01648085])"
3317,4896,2542447,"array([ 2.34759548, -1.00338754])"
3318,4896,2542451,"array([ 2.5560095 , -1.14428004])"
3319,4896,2542456,"array([ 2.50063693, -1.12239676])"
3320,4896,2542508,"array([ 2.40210739, -1.09420162])"
3321,4896,2542538,"array([ 2.43274304, -1.01445401])"
3322,4896,2542626,"array([ 2.39716889, -1.02315315])"
3323,4896,2542751,"array([ 2.54647769, -1.00391528])"
3324,4896,2542777,"array([ 2.85955515, -0.91583119])"
3325,4896,2542835,"array([ 2.42725054, -1.06630034])"
3326,4896,2543012,"array([ 2.4226448 , -1.09027775])"
3327,4896,2543050,"array([ 2.58816806, -1.13420278])"
3328,4896,2543092,"array([ 2.55101003, -1.04008054])"
3329,4896,2543247,"array([ 2.57462815, -1.06276061])"
3330,4896,2543305,"array([ 2.58682784, -1.05112908])"
3331,4896,2543369,"array([ 2.65304658, -1.05611603])"
3332,4896,2543431,"array([ 2.66485846, -1.04173431])"
3333,4896,2543485,"array([ 2.49248635, -1.05917618])"
3334,4896,2543566,"array([ 2.64011764, -1.06838473])"
3335,4896,2543612,"array([ 2.38545116, -1.07577873])"
3336,4896,3361178,"array([ 2.43545689, -1.04049741])"
3337,4896,3361179,"array([ 2.51034154, -1.14043175])"
3338,4896,3361383,"array([ 2.51169064, -0.98610198])"
3339,4896,3361388,"array([ 2.3785646 , -1.03332616])"
3340,4896,3361399,"array([ 2.62880973, -1.05089842])"
3341,4896,3361409,"array([ 2.35579148, -0.94162035])"
3342,4896,3361468,"array([ 2.52941417, -1.08988796])"
3343,4896,3361480,"array([ 2.4580413 , -1.04397345])"
3344,4896,3361540,"array([ 2.47094976, -1.096917  ])"
3345,4896,5802845,"array([ 2.36623971, -0.963644  ])"
3346,4896,5802920,"array([ 2.56801535, -1.00693818])"
3347,4896,2539811,"array([ 2.81276293, -1.05085053])"
3348,4896,2539140,"array([ 2.81110491, -1.02545743])"
3349,4896,2539187,"array([ 3.0618596 , -0.59917672])"
3350,4896,2539225,"array([ 3.23238088, -0.63849741])"
3351,4896,2539333,"array([ 2.75279221, -1.15360175])"
3352,4896,2539374,"array([ 2.76945387, -0.21647523])"
3353,4896,2542375,"array([ 3.00993983, -0.96385904])"
3354,4896,2539432,"array([ 2.79746199, -0.2153688 ])"
3355,4896,2542328,"array([ 3.13000008, -1.05280529])"
3356,4896,2541714,"array([ 2.47309944, -0.99954165])"
3357,4896,2539698,"array([ 2.81518613, -0.94988551])"
3358,4896,2541446,"array([ 2.68946737, -0.26685895])"
3359,4896,2543344,"array([ 3.22011521, -0.81668549])"
3360,4896,2543200,"array([ 2.20972507, -0.79709872])"
3361,4896,2539585,"array([ 2.96388755, -0.30813941])"
3362,4896,2539620,"array([ 2.76614116, -0.31599433])"
3363,4896,2541691,"array([ 2.81098216, -0.91002119])"
3364,4896,2541302,"array([ 2.06324677, -0.22928604])"
3365,4896,2541888,"array([ 3.16892996, -0.78960466])"
3366,4896,2539672,"array([ 3.11485023, -0.42073538])"
3367,4896,2539678,"array([ 2.65019746, -1.13925014])"
3368,4896,2539786,"array([-0.3016617 , -0.68236599])"
3369,4896,2541016,"array([-0.30618946, -0.73251919])"
3370,4896,2539844,"array([ 2.61389128, -0.30131384])"
3371,4896,2539860,"array([ 2.6863387 , -0.96061385])"
3372,4896,2539872,"array([ 2.76598671, -1.03573291])"
3373,4896,2540178,"array([ 2.97174367, -1.09315316])"
3374,4896,2539921,"array([ 2.5867256 , -1.09829061])"
3375,4896,2539967,"array([ 2.8779678 , -0.20530534])"
3376,4896,2539973,"array([ 3.116583  , -0.90468551])"
3377,4896,2539983,"array([ 3.09237179, -0.54986461])"
3378,4896,2542054,"array([ 3.02990833, -0.68802148])"
3379,4896,2539985,"array([ 3.05431111, -0.98496255])"
3380,4896,2540046,"array([ 3.13448215, -0.33663927])"
3381,4896,2541984,"array([ 3.28346559, -0.71149362])"
3382,4896,2540055,"array([ 2.89050621, -0.97353957])"
3383,4896,2540063,"array([ 3.04807517, -0.32492627])"
3384,4896,2540081,"array([ 2.82662434, -0.21182355])"
3385,4896,2541307,"array([ 3.03469264, -0.82557779])"
3386,4896,2540142,"array([ 3.21655453, -0.37015832])"
3387,4896,2540175,"array([ 2.69888637, -1.17759327])"
3388,4896,2540206,"array([ 2.80098176, -1.00879259])"
3389,4896,2540227,"array([ 2.65216166, -1.16444084])"
3390,4896,2540228,"array([ 3.20730083, -0.49051912])"
3391,4896,2540240,"array([ 3.19617077, -0.98782404])"
3392,4896,2540252,"array([ 2.60595343, -0.21070517])"
3393,4896,2540273,"array([ 2.73003755, -1.01368242])"
3394,4896,2540282,"array([ 2.71608834, -1.03621333])"
3395,4896,2542368,"array([ 2.90756589, -0.88751014])"
3396,4896,2542584,"array([ 2.25373824, -0.86182188])"
3397,4896,2542225,"array([ 2.90715629, -0.92251068])"
3398,4896,2541914,"array([ 3.02518568, -0.30177659])"
3399,4896,2540431,"array([ 3.12882313, -0.36076565])"
3400,4896,2542276,"array([ 2.45274463, -0.28003332])"
3401,4896,2540439,"array([ 5.66589308, -1.04254004])"
3402,4896,2540996,"array([ 5.68311904, -0.99470586])"
3403,4896,2541262,"array([ 3.13738872, -0.45662758])"
3404,4896,2541402,"array([ 3.07231657, -0.35434382])"
3405,4896,2541625,"array([ 3.05019317, -0.34580863])"
3406,4896,2543084,"array([ 2.92649359, -0.57394104])"
3407,4896,2540550,"array([ 3.10933185, -0.34366883])"
3408,4896,2540559,"array([ 2.94141892, -0.42658493])"
3409,4896,2541305,"array([ 3.04121229, -1.05537856])"
3410,4896,3361413,"array([ 2.32645583, -0.21686527])"
3411,4896,2540700,"array([ 3.37183282, -0.6984698 ])"
3412,4896,2541073,"array([ 3.15105844, -0.38417159])"
3413,4896,2542670,"array([ 3.10973937, -0.3210293 ])"
3414,4896,2542937,"array([ 3.12676877, -0.28739414])"
3415,4896,2542800,"array([ 2.72234684, -1.09666883])"
3416,4896,2540746,"array([ 3.00260695, -1.07056035])"
3417,4896,2540778,"array([ 2.71666946, -0.0869536 ])"
3418,4896,2540941,"array([ 2.40758488, -0.38373043])"
3419,4896,2541206,"array([ 2.34754463, -0.47001073])"
3420,4896,2542850,"array([ 2.2930563 , -0.61453796])"
3421,4896,2543585,"array([ 2.55213938, -1.22550154])"
3422,4896,2541076,"array([ 2.74105958, -1.17376016])"
3423,4896,2541079,"array([ 2.19534395, -0.75103988])"
3424,4896,2541108,"array([ 2.67083812, -1.14453095])"
3425,4896,2541161,"array([ 2.7368692 , -1.03077616])"
3426,4896,2541170,"array([ 2.77565424, -1.14664847])"
3427,4896,2541369,"array([ 2.69733125, -1.01467954])"
3428,4896,2541180,"array([ 2.79788143, -1.15432744])"
3429,4896,2541210,"array([ 2.81021927, -0.23329912])"
3430,4896,2542078,"array([ 3.18768425, -1.22077453])"
3431,4896,2541467,"array([ 2.84193754, -0.25570521])"
3432,4896,2541606,"array([ 3.05013981, -1.11618706])"
3433,4896,3361503,"array([ 2.43096159, -0.33730802])"
3434,4896,3361527,"array([ 2.61168873, -0.96166249])"
3435,4896,2541765,"array([ 3.13301118, -0.9962879 ])"
3436,4896,2541878,"array([ 2.63062978, -1.16634721])"
3437,4896,2541887,"array([ 3.15264706, -0.40945619])"
3438,4896,2541901,"array([ 2.69120339, -1.13599833])"
3439,4896,2541934,"array([-0.00482646,  0.62643227])"
3440,4896,2542599,"array([-0.02849154,  0.58182816])"
3441,4896,2541942,"array([ 2.829921  , -0.09134061])"
3442,4896,2543037,"array([2.86358491, 0.10655539])"
3443,4896,2541950,"array([ 2.36066589, -0.21249773])"
3444,4896,2542429,"array([ 3.00037499, -0.6782481 ])"
3445,4896,2542564,"array([ 2.87925798, -0.84795672])"
3446,4896,2542061,"array([ 2.84491119, -0.98757909])"
3447,4896,3361266,"array([ 2.39904252, -0.96796882])"
3448,4896,2542132,"array([ 2.73251942, -1.14795164])"
3449,4896,2542152,"array([ 2.50126647, -0.3507097 ])"
3450,4896,2542218,"array([ 2.71213927, -1.14245604])"
3451,4896,2542307,"array([ 3.00409982, -0.70773758])"
3452,4896,2542343,"array([ 2.5513487 , -1.08346991])"
3453,4896,2542533,"array([ 2.67404296, -1.16919008])"
3454,4896,2542590,"array([ 2.71878363, -1.16727596])"
3455,4896,2542629,"array([ 2.82713411, -1.09658368])"
3456,4896,2542661,"array([ 2.61078346, -1.13650219])"
3457,4896,2543025,"array([ 2.77364412, -1.16834946])"
3458,4896,2543217,"array([ 2.63150805, -1.12221966])"
3459,4896,3361483,"array([ 2.6933635 , -1.15683084])"
3460,4896,2543166,"array([ 2.73623885, -1.33867927])"
3461,4896,2542889,"array([ 2.8640814 , -0.25535978])"
3462,4896,2543354,"array([ 2.77185199, -0.35759262])"
3463,4896,2543491,"array([ 2.83270556, -0.23720576])"
3464,4896,2543534,"array([ 2.87579134, -0.27104438])"
3465,4896,2543535,"array([ 2.85179951, -0.22444793])"
3466,4896,3361502,"array([ 2.92118055, -0.25911854])"
3467,4896,3361519,"array([ 2.87328843, -0.23656884])"
3468,4896,2542885,"array([ 3.07668394, -0.92600439])"
3469,4896,2543054,"array([5.48289591, 0.43596815])"
3470,4896,2543462,"array([ 2.7450804, -0.0712884])"
3471,4896,9406966,"array([ 2.90299175, -0.23005674])"
3472,4896,14218023,"array([ 2.78508036, -0.18930169])"
3473,4896,2541949,"array([ 2.62723517, -0.19336902])"
3474,4896,3361566,"array([ 2.64883075, -0.20534552])"
3475,4896,2539942,"array([ 2.74368444, -0.32771489])"
3476,4896,2539357,"array([ 2.5223497 , -0.33615148])"
3477,4896,2540542,"array([ 2.87045812, -1.17979123])"
3478,4896,2540869,"array([ 2.27528821, -0.45647253])"
3479,4896,2541487,"array([ 2.24309551, -0.4914833 ])"
3480,4896,2542426,"array([ 2.28698788, -0.4119551 ])"
3481,4896,2541219,"array([ 2.25847273, -0.46846734])"
3482,4896,2542663,"array([ 2.22514194, -0.61324862])"
3483,4896,2541477,"array([ 2.36693018, -0.3280753 ])"
3484,4896,2540864,"array([ 2.26889785, -0.43490397])"
3485,4896,2539361,"array([ 2.33873725, -0.35601013])"
3486,4896,2540006,"array([ 2.34497814, -0.54260435])"
3487,4896,2540611,"array([ 2.27372298, -0.77964919])"
3488,4896,2538988,"array([ 2.23588269, -0.59483611])"
3489,4896,2542263,"array([ 2.25205418, -0.72078379])"
3490,4896,2542872,"array([ 2.74511394, -1.08289042])"
3491,4896,2542841,"array([ 2.72299564, -1.12186209])"
3492,4896,2542852,"array([ 2.73878515, -1.10344547])"
3493,4896,2542364,"array([ 2.89390614, -1.10790112])"
3494,4896,2542389,"array([ 2.9468202, -1.0435847])"
3495,4896,2542512,"array([ 2.84124567, -1.11010572])"
3496,4896,2543440,"array([ 2.90783947, -1.06138582])"
3497,4896,2543442,"array([ 2.45231991, -0.99335672])"
3498,4896,2543404,"array([ 2.79055748, -1.10130714])"
3499,4896,2543395,"array([ 2.8785645 , -0.92420679])"
3500,4896,2542579,"array([ 2.85480926, -1.07956292])"
3501,4896,2543169,"array([ 2.80317804, -1.12492876])"
3502,4896,2543158,"array([ 2.85430658, -1.0980808 ])"
3503,4896,2543274,"array([ 2.86959229, -1.03920179])"
3504,4896,2542954,"array([ 2.80795711, -1.09656533])"
3505,4896,2541644,"array([ 2.81987987, -1.07689314])"
3506,4896,2541915,"array([ 2.78636867, -1.06459381])"
3507,4896,2540163,"array([ 2.74370179, -1.12687523])"
3508,4896,2539061,"array([ 2.69078125, -1.09582007])"
3509,4896,2539099,"array([ 2.92665091, -1.07787273])"
3510,4896,2542269,"array([ 2.88569542, -1.05839047])"
3511,4896,2541838,"array([ 2.96714938, -1.03355676])"
3512,4896,2542476,"array([ 3.00953256, -0.46749916])"
3513,4896,2541712,"array([ 2.84159375, -1.06994722])"
3514,4896,3361531,"array([ 2.9327743 , -1.00192997])"
3515,4896,2543099,"array([ 2.66860646, -1.11862176])"
3516,4896,2543532,"array([ 2.87415357, -1.10233802])"
3517,4896,2543022,"array([ 2.92888775, -1.05705383])"
3518,4896,14218018,"array([ 2.83006475, -1.05671584])"
3519,4896,2542633,"array([ 2.81994398, -1.13770229])"
3520,4896,2539905,"array([ 2.62843492, -1.10200303])"
3521,4896,2540181,"array([ 2.72591349, -0.33124684])"
3522,4896,5802781,"array([ 2.75550588, -1.1081604 ])"
3523,4896,2540769,"array([ 2.84846693, -1.04474071])"
3524,4896,2540275,"array([ 2.79927973, -1.07830713])"
3525,4896,2541354,"array([ 2.8428007 , -1.13064645])"
3526,4896,2538788,"array([ 2.86500205, -1.06103243])"
3527,4896,2538888,"array([ 2.89857892, -0.99234949])"
3528,4896,2538989,"array([ 2.91068765, -1.09366369])"
3529,4896,2538764,"array([ 2.89512177, -1.07950636])"
3530,4896,2539266,"array([ 2.70982093, -1.08527147])"
3531,4896,2539116,"array([ 2.86493007, -1.12195769])"
3532,4896,2538887,"array([ 2.94311544, -1.02327694])"
3533,4896,2538995,"array([ 2.89365936, -1.03960175])"
3534,4896,2539553,"array([ 2.70744996, -1.11206825])"
3535,4896,2538864,"array([ 2.76532592, -1.12736923])"
3536,4896,2539446,"array([ 2.87483724, -1.08083496])"
3537,4896,2539223,"array([ 2.78437025, -1.12290805])"
3538,4896,2538693,"array([ 2.77504234, -1.08472472])"
3539,4896,2538996,"array([ 2.81986643, -1.11519998])"
3540,4896,2539544,"array([ 2.77182954, -1.10235822])"
3541,4896,2541974,"array([ 2.28155364, -0.26336631])"
3542,4896,2543647,"array([ 2.30569495, -0.24132464])"
3543,4896,2542912,"array([ 2.94044033, -0.92250254])"
3544,4896,2543293,"array([ 3.12195699, -0.75426335])"
3545,4896,2539801,"array([ 3.10259132, -0.80296375])"
3546,4896,2538918,"array([ 3.09965426, -0.8296287 ])"
3547,4896,2540137,"array([ 3.03289693, -0.97138938])"
3548,4896,2540518,"array([ 3.00916095, -0.9940678 ])"
3549,4896,2539153,"array([ 3.0497402 , -0.94763697])"
3550,4896,2542325,"array([ 2.73666415, -0.17480955])"
3551,4896,2543265,"array([ 3.25938919, -0.76461445])"
3552,4896,2539469,"array([ 2.66376317, -0.18497793])"
3553,4896,2541582,"array([ 2.6352619 , -0.24418987])"
3554,4896,2540571,"array([ 2.16579398, -0.50012767])"
3555,4896,2541202,"array([ 3.28353259, -0.59853274])"
3556,4896,2540205,"array([ 2.86140353, -0.15163701])"
3557,4896,2541526,"array([2.92122827, 0.05059086])"
3558,4896,2543225,"array([ 3.03420157, -0.40477432])"
3559,4896,2539798,"array([ 3.08732929, -0.50665292])"
3560,4896,2542534,"array([ 2.95592406, -1.06523323])"
3561,4896,2541821,"array([ 2.21498826, -0.88342346])"
3562,4896,2539144,"array([ 2.90649238, -0.29890344])"
