# index, gene, tax_id, _pos
0,6239,172712,"array([6.62377848, 9.12161127])"
1,7227,40384,"array([6.49602729, 8.43025079])"
2,6239,173956,"array([6.69075702, 9.57017129])"
3,7227,40682,"array([6.44095993, 8.77901647])"
4,6239,171647,"array([ 6.4745779 , 10.05681521])"
5,9606,23624,"array([ 5.78450172, 10.49330346])"
6,6239,171765,"array([ 7.40601442, 10.11641229])"
7,9606,7329,"array([ 8.17665488, 10.67099702])"
8,6239,171849,"array([6.27296614, 9.91107612])"
9,9606,2033,"array([5.45936859, 9.78101418])"
10,6239,172597,"array([ 6.48794584, 10.29296856])"
11,9606,3690,"array([ 5.98154004, 10.92583558])"
12,6239,172610,"array([6.86338415, 9.95649273])"
13,9606,5310,"array([7.04762507, 9.3340883 ])"
14,6239,172890,"array([6.46341243, 9.52399918])"
15,9606,10217,"array([5.81407491, 9.37341657])"
16,6239,173149,"array([6.94753599, 9.94023665])"
17,9606,8312,"array([6.51193525, 9.16649842])"
18,6239,173287,"array([6.67005525, 9.6566263 ])"
19,9606,2932,"array([6.3683777 , 9.12472224])"
20,6239,174004,"array([ 7.70243323, 10.14690792])"
21,9606,23141,"array([ 8.20646543, 10.14532807])"
22,6239,174150,"array([ 6.50484425, 10.67365784])"
23,9606,3064,"array([ 6.08103815, 11.33423572])"
24,6239,175071,"array([7.28495852, 9.68096862])"
25,9606,91368,"array([7.74433406, 8.99519986])"
26,6239,175217,"array([ 6.55856953, 10.55629092])"
27,9606,815,"array([ 6.31941912, 11.33528349])"
28,9606,10116,"array([ 6.20128138, 11.26179651])"
29,6239,175532,"array([ 5.77528405, 10.2162657 ])"
30,9606,5829,"array([5.53080657, 9.74552201])"
31,9606,7316,"array([ 6.00464341, 10.41937279])"
32,6239,175545,"array([6.70296639, 9.76974302])"
33,9606,6464,"array([6.24335031, 9.03544538])"
34,6239,175643,"array([7.31433665, 9.44159799])"
35,9606,598,"array([7.6711147 , 8.89055768])"
36,9606,834,"array([7.73324064, 9.19672275])"
37,9606,841,"array([7.80876012, 8.82990308])"
38,6239,175716,"array([ 7.15638883, 10.06611867])"
39,6239,175717,"array([7.21262728, 9.85832994])"
40,9606,554313,"array([ 6.79779241, 10.69103082])"
41,6239,175781,"array([ 6.2199613 , 10.08760926])"
42,9606,1616,"array([ 5.42709321, 10.39720336])"
43,6239,175852,"array([ 6.87383827, 10.12525766])"
44,9606,3837,"array([7.22645342, 9.46367414])"
45,6239,175909,"array([7.77002267, 9.9795021 ])"
46,9606,4152,"array([ 8.63163137, 10.02003912])"
47,9606,7529,"array([8.62926145, 9.97671758])"
48,9606,8668,"array([8.60277202, 9.90593632])"
49,9606,54751,"array([8.64561116, 9.93560288])"
50,6239,176330,"array([ 7.56008856, 10.15293517])"
51,6239,176380,"array([6.77673371, 9.63159674])"
52,9606,1385,"array([6.62252112, 8.8080615 ])"
53,6239,176443,"array([14.50491353,  2.7156205 ])"
54,9606,4124,"array([14.45241142,  2.6118671 ])"
55,6239,176454,"array([ 5.90615607, 11.77789217])"
56,9606,3382,"array([ 5.67473864, 12.20337775])"
57,6239,176481,"array([6.31298055, 9.33278989])"
58,9606,22879,"array([5.88013276, 8.95523391])"
59,9606,84315,"array([5.70398823, 8.83268466])"
60,6239,176507,"array([6.94603623, 8.87609003])"
61,9606,7323,"array([7.01245124, 8.19980748])"
62,6239,176525,"array([6.27068024, 9.52381575])"
63,9606,7072,"array([5.6123995 , 9.03569299])"
64,6239,176548,"array([ 6.17969496, 10.04474648])"
65,6239,176574,"array([ 5.75788739, 10.84816199])"
66,9606,51586,"array([ 5.23721836, 11.21092323])"
67,6239,177335,"array([ 6.67037821, 10.22958171])"
68,9606,8453,"array([ 6.4601732 , 10.89599749])"
69,6239,177460,"array([ 6.74292189, 10.73020939])"
70,9606,3725,"array([ 6.56261105, 11.49587422])"
71,6239,177734,"array([ 6.36730402, 10.44655745])"
72,9606,9647,"array([ 5.81395499, 11.01715856])"
73,6239,177942,"array([6.01997076, 9.87537329])"
74,6239,178079,"array([ 6.33358508, 10.14577329])"
75,9606,5879,"array([ 5.58756602, 10.494516  ])"
76,6239,178250,"array([6.65256294, 9.96680133])"
77,9606,891,"array([ 5.91182875, 10.33752161])"
78,6239,178272,"array([7.34731237, 9.84402534])"
79,9606,8738,"array([7.97303801, 9.22437932])"
80,9606,8996,"array([8.08944209, 9.36570147])"
81,9606,9994,"array([8.05828154, 9.34217945])"
82,6239,178458,"array([7.48373152, 9.69427671])"
83,9606,998,"array([8.15979687, 9.14173572])"
84,9606,29941,"array([8.13719631, 9.1853817 ])"
85,6239,179125,"array([ 8.71368043, 10.43719891])"
86,9606,1513,"array([ 9.26577725, 10.47993075])"
87,9606,1514,"array([ 9.28729561, 10.561584  ])"
88,9606,1515,"array([ 9.22013026, 10.56146058])"
89,6239,179441,"array([7.85854266, 9.81847275])"
90,9606,8290,"array([9.13314421, 8.94767258])"
91,6239,179535,"array([ 6.94573168, 10.39687285])"
92,9606,2934,"array([ 7.07843277, 11.30765682])"
93,6239,179554,"array([ 5.81291455, 10.21487606])"
94,9606,7415,"array([ 5.09018506, 10.3296966 ])"
95,6239,179598,"array([7.13866136, 9.73113077])"
96,9606,3516,"array([7.66862871, 8.97989641])"
97,9606,4851,"array([7.20654898, 8.89578371])"
98,6239,180359,"array([6.16356307, 9.75067312])"
99,9606,6921,"array([5.39514191, 9.49709567])"
100,9606,6923,"array([5.49244878, 9.28721271])"
101,9606,7428,"array([5.45817173, 9.32061993])"
102,6239,180637,"array([ 6.58754671, 10.19148753])"
103,6239,181244,"array([7.19400183, 8.99899551])"
104,9606,387,"array([7.4987648 , 8.37425441])"
105,6239,181255,"array([6.37220899, 9.47893384])"
106,9606,8500,"array([5.73074678, 9.01592161])"
107,6239,181263,"array([5.66162383, 9.98848531])"
108,9606,5468,"array([4.99124708, 9.84027613])"
109,6239,186547,"array([6.07402501, 9.38931827])"
110,6239,186869,"array([6.47415669, 9.68330512])"
111,6239,190775,"array([ 6.76874558, 10.43586459])"
112,6239,191317,"array([13.16220668, 18.81125877])"
113,9606,9991,"array([13.27094142, 18.83521932])"
114,6239,191736,"array([7.49735057, 9.95248055])"
115,9606,3612,"array([8.41712022, 9.73609412])"
116,9606,51194,"array([8.31734537, 9.53388187])"
117,9606,79711,"array([8.34363903, 9.57730187])"
118,6239,191743,"array([ 6.80364618, 10.13355164])"
119,9606,1386,"array([ 6.12155253, 10.57539398])"
120,6239,3565776,"array([7.36281035, 9.27625283])"
121,6239,3565820,"array([ 6.54361479, 10.4986261 ])"
122,9606,7334,"array([ 6.09561393, 11.1356136 ])"
123,6239,176968,"array([6.26588859, 9.62096567])"
124,9606,25,"array([5.58146486, 9.14501993])"
125,9606,9564,"array([5.62931788, 9.13551018])"
126,6239,177111,"array([6.79639127, 9.46765843])"
127,9606,5058,"array([6.67325761, 8.70421736])"
128,6239,177362,"array([7.62678172, 9.26414862])"
129,9606,10367,"array([8.10144844, 8.71036236])"
130,9606,8370,"array([7.79849168, 9.20591605])"
131,6239,177345,"array([7.15206381, 8.49778136])"
132,9606,29062,"array([7.25802811, 7.88791763])"
133,9606,124997,"array([7.32488957, 7.88509748])"
134,6239,172122,"array([7.44404121, 8.09406508])"
135,10090,21821,"array([7.49934583, 7.70543543])"
136,10090,12361,"array([ 5.97169709, 10.9640005 ])"
137,6239,172981,"array([6.92468074, 9.97685847])"
138,10090,22631,"array([6.80610068, 9.09813339])"
139,10090,70799,"array([6.08122575, 9.00780217])"
140,6239,174535,"array([6.83471617, 9.79187226])"
141,10090,26413,"array([6.78194968, 8.9195035 ])"
142,6239,175223,"array([8.16155821, 8.86198587])"
143,10090,212541,"array([8.58456604, 8.46296053])"
144,6239,179878,"array([6.45477764, 9.97160684])"
145,10090,18132,"array([5.61351691, 9.91317087])"
146,6239,180942,"array([5.39495637, 9.23724391])"
147,10090,17187,"array([4.8393152 , 9.03948908])"
148,6239,181055,"array([6.68452816, 9.76472968])"
149,10090,20662,"array([6.36128932, 9.00338537])"
150,10090,54601,"array([4.97875087, 9.98899163])"
151,10090,56458,"array([4.99983338, 9.89253104])"
152,10090,56484,"array([ 4.9704083, 10.0540691])"
153,6239,182970,"array([7.37015309, 8.04738588])"
154,6239,175962,"array([6.50463885, 9.46170689])"
155,10090,19361,"array([6.13478594, 8.76112067])"
156,6239,171594,"array([6.3362771 , 8.50522069])"
157,6239,172703,"array([6.47543207, 9.09422814])"
158,6239,171599,"array([ 6.24738539, 10.30645047])"
159,6239,175441,"array([7.04657867, 9.93677994])"
160,6239,176016,"array([ 6.77519954, 10.35930185])"
161,6239,177138,"array([ 6.47325549, 10.09451516])"
162,6239,179718,"array([ 5.69379843, 10.42381242])"
163,6239,171601,"array([ 7.11747805, 10.28033921])"
164,6239,174233,"array([ 7.30261626, 10.19357023])"
165,6239,180969,"array([ 7.19885782, 10.95508859])"
166,6239,171602,"array([ 7.05550624, 10.25938651])"
167,6239,172842,"array([ 6.53949236, 10.45686115])"
168,6239,172977,"array([ 7.06453187, 10.24280877])"
169,6239,174317,"array([ 6.39659923, 10.0787882 ])"
170,6239,178311,"array([ 6.67722194, 10.04599253])"
171,6239,178465,"array([ 6.76356772, 10.09388853])"
172,6239,178942,"array([ 6.55234492, 10.09379311])"
173,6239,179709,"array([6.75976743, 9.77381259])"
174,6239,180419,"array([ 6.77450988, 10.1310294 ])"
175,6239,181524,"array([ 6.70445856, 10.48685496])"
176,6239,184201,"array([6.62341052, 9.8679479 ])"
177,6239,187728,"array([ 6.77456099, 10.1533834 ])"
178,6239,187779,"array([ 6.73610641, 10.39905114])"
179,6239,171604,"array([ 5.65938396, 11.76502316])"
180,6239,176074,"array([ 5.96390645, 11.24942129])"
181,6239,171607,"array([ 6.85911329, 10.3741785 ])"
182,6239,175195,"array([6.44461009, 9.95528945])"
183,6239,176023,"array([ 7.31577917, 10.05823819])"
184,6239,171610,"array([ 5.32118864, 10.54191838])"
185,6239,173028,"array([ 6.07225135, 10.32039035])"
186,6239,171617,"array([6.13765233, 9.73663639])"
187,6239,172470,"array([6.12337335, 9.79350586])"
188,6239,177706,"array([6.33574869, 9.95745539])"
189,6239,180982,"array([ 6.85373938, 10.04763829])"
190,6239,182915,"array([6.17790265, 9.8230145 ])"
191,6239,3565199,"array([6.43134906, 9.98680964])"
192,6239,171619,"array([ 6.57057116, 10.09075831])"
193,6239,177244,"array([7.06912658, 9.70582469])"
194,6239,177533,"array([ 6.84960876, 10.17321596])"
195,6239,180245,"array([ 6.37453454, 10.48966308])"
196,6239,185264,"array([ 7.06271335, 10.81153734])"
197,6239,186308,"array([5.82554768, 9.68582679])"
198,6239,171621,"array([7.12757909, 9.89978902])"
199,6239,179945,"array([ 6.9963707 , 10.01292158])"
200,6239,171622,"array([ 7.52534503, 10.42862733])"
201,6239,173015,"array([ 6.50823927, 10.16231775])"
202,6239,171624,"array([5.2406568 , 9.45217022])"
203,6239,176449,"array([5.91494894, 9.75870686])"
204,6239,171627,"array([ 6.78184631, 10.38101104])"
205,6239,172338,"array([ 6.67748834, 10.14338369])"
206,6239,181400,"array([6.74555648, 9.72898285])"
207,6239,171630,"array([6.71311846, 9.67017047])"
208,6239,176617,"array([6.19857834, 9.77381767])"
209,6239,177703,"array([ 6.75386818, 10.27705704])"
210,6239,171635,"array([ 6.67161021, 10.82992482])"
211,6239,175462,"array([ 6.79563392, 10.1820152 ])"
212,6239,176793,"array([ 6.94061435, 10.21847383])"
213,6239,171636,"array([ 7.0081591, 10.6193959])"
214,6239,178107,"array([ 6.52786393, 10.17702476])"
215,6239,171641,"array([ 5.12787995, 10.52820517])"
216,6239,178416,"array([ 5.80552199, 10.34570305])"
217,6239,171646,"array([ 6.98495492, 10.11009439])"
218,6239,173330,"array([7.62310955, 9.8433553 ])"
219,6239,174090,"array([ 7.164682  , 10.23517974])"
220,6239,175682,"array([6.28846882, 9.67761969])"
221,6239,177425,"array([ 7.26296885, 10.04536536])"
222,6239,177531,"array([6.56434317, 9.48587404])"
223,6239,181727,"array([6.88905353, 9.8029954 ])"
224,6239,182104,"array([ 6.15312033, 10.43088674])"
225,6239,183874,"array([ 6.79739129, 10.01590021])"
226,6239,3564919,"array([7.09742316, 9.39162354])"
227,6239,171888,"array([ 6.83826281, 10.00889207])"
228,6239,171942,"array([6.36754354, 9.85178598])"
229,6239,172129,"array([ 6.58306823, 10.30971478])"
230,6239,172878,"array([6.65947501, 9.76653187])"
231,6239,173518,"array([6.81338281, 9.99598604])"
232,6239,173836,"array([6.42573383, 9.49524056])"
233,6239,173846,"array([ 6.9906151 , 10.78316149])"
234,6239,173872,"array([ 6.22798902, 10.02406595])"
235,6239,173953,"array([6.43854294, 9.90884329])"
236,6239,174230,"array([6.44320405, 9.71282792])"
237,6239,174477,"array([7.00943506, 9.54884952])"
238,6239,174847,"array([6.78165638, 9.49849207])"
239,6239,175035,"array([ 5.66560531, 10.26111954])"
240,6239,175597,"array([6.90966014, 9.57217119])"
241,6239,175985,"array([ 7.33198951, 10.4854049 ])"
242,6239,176126,"array([ 6.0950847 , 10.45171958])"
243,6239,176201,"array([6.65629993, 9.67833671])"
244,6239,176710,"array([ 6.20059073, 10.17407006])"
245,6239,177643,"array([ 6.2934956 , 10.07237213])"
246,6239,177965,"array([6.53339429, 9.99110024])"
247,6239,177989,"array([ 6.53573917, 10.21803771])"
248,6239,178411,"array([6.51694903, 9.87278871])"
249,6239,178491,"array([6.61804734, 9.93864829])"
250,6239,180186,"array([ 6.21894312, 10.11375758])"
251,6239,180475,"array([ 6.53650221, 10.34051968])"
252,6239,180479,"array([6.4402807 , 9.84858309])"
253,6239,180497,"array([6.58665438, 9.94554901])"
254,6239,180553,"array([6.19876421, 9.58702574])"
255,6239,181251,"array([6.31322707, 9.85376481])"
256,6239,181292,"array([5.87463404, 9.85264857])"
257,6239,181644,"array([6.81324664, 9.91733804])"
258,6239,181679,"array([6.49105755, 9.7049706 ])"
259,6239,184573,"array([ 5.81525526, 10.18481228])"
260,6239,185193,"array([ 6.45458087, 10.07065849])"
261,6239,185757,"array([6.36818442, 9.8981331 ])"
262,6239,191661,"array([6.40977651, 9.66109814])"
263,6239,3565208,"array([ 5.65911903, 10.34065757])"
264,6239,171649,"array([6.25656314, 8.91741451])"
265,6239,171652,"array([ 8.48170114, 10.07441394])"
266,6239,266820,"array([ 7.39949888, 10.13377721])"
267,6239,171670,"array([6.32026994, 9.87489783])"
268,6239,175404,"array([6.49502709, 9.747809  ])"
269,6239,177985,"array([6.20620722, 9.95407067])"
270,6239,178024,"array([6.29464404, 9.81387316])"
271,6239,180756,"array([6.09846956, 9.90320908])"
272,6239,181543,"array([5.98071692, 9.89011325])"
273,6239,183022,"array([ 6.4977496 , 10.09338199])"
274,6239,184429,"array([6.01951732, 9.77932914])"
275,6239,185364,"array([5.95818325, 9.80145058])"
276,6239,188967,"array([6.30096841, 9.96026116])"
277,6239,189435,"array([5.91080538, 9.72585439])"
278,6239,3564936,"array([6.22545098, 9.78049333])"
279,6239,171671,"array([6.85916436, 9.29011764])"
280,6239,191448,"array([6.52615195, 9.65762093])"
281,6239,171672,"array([6.64562771, 9.90552638])"
282,6239,173197,"array([ 6.23965383, 10.05095666])"
283,6239,177860,"array([6.75246339, 9.68891757])"
284,6239,180653,"array([6.95941811, 9.99828087])"
285,6239,189304,"array([ 6.815153  , 10.63662659])"
286,6239,171675,"array([ 6.82727973, 10.19299516])"
287,6239,176210,"array([6.95527763, 9.83412804])"
288,6239,177048,"array([ 6.79953651, 10.19825803])"
289,6239,171676,"array([6.94246253, 8.66647971])"
290,6239,172549,"array([7.04820352, 9.18216922])"
291,6239,183712,"array([6.78038972, 9.28387848])"
292,6239,171678,"array([ 7.41568659, 10.88943806])"
293,6239,181050,"array([ 6.81825439, 10.1168143 ])"
294,6239,171679,"array([5.55282168, 9.93767205])"
295,6239,172789,"array([5.80929873, 9.79500292])"
296,6239,172839,"array([ 6.02880226, 10.10589175])"
297,6239,177938,"array([6.08649794, 9.80226024])"
298,6239,182791,"array([ 5.41511991, 10.13770928])"
299,6239,171683,"array([ 5.97331394, 10.27319633])"
300,6239,3565651,"array([6.43520943, 9.87336603])"
301,6239,171684,"array([ 6.46224015, 10.15646638])"
302,6239,178868,"array([ 6.12603242, 10.00211014])"
303,6239,171689,"array([6.41584569, 9.95494474])"
304,6239,172394,"array([6.07847565, 9.94300895])"
305,6239,172591,"array([6.58082963, 9.91080905])"
306,6239,173007,"array([ 6.72242479, 10.17772338])"
307,6239,173338,"array([ 6.63037907, 10.06204369])"
308,6239,174205,"array([ 6.46017486, 10.26522211])"
309,6239,175443,"array([6.83597911, 9.92081141])"
310,6239,178459,"array([6.04808002, 9.78069382])"
311,6239,178768,"array([6.90250292, 9.74510881])"
312,6239,179624,"array([ 6.58530179, 10.04792102])"
313,6239,180579,"array([ 6.30925741, 10.09883172])"
314,6239,188771,"array([6.10110741, 9.77678929])"
315,6239,3565888,"array([ 7.05143762, 10.02126736])"
316,6239,171692,"array([ 7.10258943, 10.28827729])"
317,6239,172612,"array([6.8406231 , 9.60800813])"
318,6239,176641,"array([ 6.65918297, 10.44593018])"
319,6239,171696,"array([ 7.38140593, 10.06660442])"
320,6239,172391,"array([6.99507228, 9.43765082])"
321,6239,171705,"array([ 6.74632619, 10.18577933])"
322,6239,174707,"array([6.25837902, 9.68923755])"
323,6239,171715,"array([ 6.64902109, 10.10979128])"
324,6239,171787,"array([6.74361435, 9.93885932])"
325,6239,171818,"array([ 6.56488871, 10.38068844])"
326,6239,172297,"array([6.89370154, 9.86037507])"
327,6239,172376,"array([ 7.46894389, 10.20964165])"
328,6239,172433,"array([6.87089882, 9.9765526 ])"
329,6239,172491,"array([ 6.88721904, 10.03351211])"
330,6239,172933,"array([ 7.17711002, 10.01011065])"
331,6239,173038,"array([ 6.15394172, 10.09170982])"
332,6239,173384,"array([ 7.0252737 , 10.22850532])"
333,6239,173973,"array([ 6.82734027, 10.09699246])"
334,6239,174980,"array([6.19154813, 9.90617698])"
335,6239,175112,"array([ 6.78892135, 10.74900772])"
336,6239,175789,"array([6.37891609, 9.76123163])"
337,6239,176220,"array([6.62709424, 9.91999455])"
338,6239,176410,"array([ 7.08211095, 10.31232163])"
339,6239,176628,"array([7.40978833, 9.65957153])"
340,6239,176637,"array([6.51220022, 9.93614962])"
341,6239,177467,"array([6.57045878, 9.86588147])"
342,6239,177539,"array([ 6.66400633, 10.329056  ])"
343,6239,177552,"array([ 6.81425295, 10.827043  ])"
344,6239,179145,"array([6.61517374, 9.61455537])"
345,6239,179312,"array([6.61993442, 9.77505143])"
346,6239,179677,"array([ 6.35826205, 10.16962965])"
347,6239,179795,"array([ 6.97623887, 10.19412315])"
348,6239,180414,"array([ 6.96931198, 10.39609327])"
349,6239,180601,"array([ 7.07368949, 10.32764788])"
350,6239,181182,"array([ 6.72305857, 10.05369129])"
351,6239,181718,"array([6.68011621, 9.5027741 ])"
352,6239,183192,"array([ 6.07016396, 10.0521078 ])"
353,6239,183434,"array([6.37179181, 9.57432279])"
354,6239,183676,"array([ 6.78686679, 10.78216089])"
355,6239,185795,"array([ 5.90949943, 10.42875582])"
356,6239,187585,"array([ 6.8978053 , 10.05480376])"
357,6239,189280,"array([6.04297442, 9.99251272])"
358,6239,190399,"array([ 6.45186212, 10.32296849])"
359,6239,266844,"array([6.31492659, 9.99188039])"
360,6239,171719,"array([ 5.71839999, 10.46126874])"
361,6239,171722,"array([6.52722585, 9.82886386])"
362,6239,171936,"array([6.28360525, 9.57670855])"
363,6239,172064,"array([ 6.59186871, 10.63236995])"
364,6239,172133,"array([5.98525679, 9.21320195])"
365,6239,172233,"array([6.69987783, 9.37712895])"
366,6239,172873,"array([6.99028926, 9.68603714])"
367,6239,172948,"array([6.59645431, 9.92214035])"
368,6239,173277,"array([6.98552868, 9.9643677 ])"
369,6239,173772,"array([6.96985658, 9.8042719 ])"
370,6239,173985,"array([6.56393127, 9.89381756])"
371,6239,174288,"array([6.64021716, 9.76317253])"
372,6239,174299,"array([6.2943994 , 9.36025161])"
373,6239,174770,"array([6.54721656, 9.86645684])"
374,6239,174861,"array([6.83610389, 9.95829177])"
375,6239,174911,"array([ 6.63773758, 10.40355579])"
376,6239,175073,"array([ 6.38862303, 10.39310391])"
377,6239,175118,"array([6.26697732, 9.72190705])"
378,6239,175227,"array([ 6.5207624 , 10.02608467])"
379,6239,175346,"array([6.9589276 , 9.24993094])"
380,6239,175423,"array([6.19884313, 9.52414119])"
381,6239,175670,"array([6.21433507, 9.69479453])"
382,6239,175773,"array([6.5958609 , 9.77316442])"
383,6239,175792,"array([6.41624734, 9.85603865])"
384,6239,175820,"array([ 7.17786189, 10.36189047])"
385,6239,175844,"array([ 6.70735246, 10.0351792 ])"
386,6239,175860,"array([6.18298313, 9.88246854])"
387,6239,176295,"array([6.61595574, 9.84585824])"
388,6239,176378,"array([6.94074157, 9.53557511])"
389,6239,176517,"array([6.30381679, 9.89258745])"
390,6239,176987,"array([6.29889981, 9.49525358])"
391,6239,177463,"array([6.76077437, 9.83654912])"
392,6239,177505,"array([ 6.77497591, 10.17785002])"
393,6239,177577,"array([6.41217395, 9.69557115])"
394,6239,177616,"array([6.83645011, 9.65299181])"
395,6239,177701,"array([6.56074743, 9.91767167])"
396,6239,177921,"array([ 6.79149135, 10.27822134])"
397,6239,177927,"array([ 6.54573864, 10.40919018])"
398,6239,178284,"array([6.4826134 , 9.64914198])"
399,6239,178361,"array([6.52399834, 9.55687812])"
400,6239,178829,"array([6.76146105, 9.61364056])"
401,6239,178887,"array([6.08224508, 9.71407275])"
402,6239,179019,"array([ 6.30482132, 10.24393208])"
403,6239,179114,"array([ 6.51078933, 10.24839401])"
404,6239,179460,"array([ 6.71063779, 10.14941662])"
405,6239,179484,"array([6.89521726, 9.76722472])"
406,6239,179511,"array([6.00814068, 9.90551476])"
407,6239,179612,"array([ 6.40504829, 10.17681535])"
408,6239,180285,"array([6.32605446, 9.72091432])"
409,6239,180324,"array([6.68129144, 9.70925286])"
410,6239,180790,"array([ 6.41412923, 10.23961058])"
411,6239,181340,"array([ 6.75947998, 10.00637583])"
412,6239,181589,"array([ 6.13856374, 10.17399391])"
413,6239,181721,"array([6.40508326, 9.8084337 ])"
414,6239,181722,"array([6.46382978, 9.36612747])"
415,6239,181729,"array([ 6.85444996, 10.01119551])"
416,6239,181767,"array([6.10388657, 9.99093765])"
417,6239,185870,"array([6.54154805, 9.61055729])"
418,6239,187528,"array([ 6.36919007, 10.01617092])"
419,6239,187639,"array([6.57865843, 9.54487161])"
420,6239,190022,"array([6.21494918, 9.43829339])"
421,6239,190025,"array([6.31844679, 9.40958208])"
422,6239,190098,"array([6.56378491, 9.80243587])"
423,6239,190671,"array([6.52556168, 9.5886086 ])"
424,6239,191509,"array([6.4092539 , 9.93265376])"
425,6239,246008,"array([6.35498689, 9.98853089])"
426,6239,266854,"array([ 6.55667437, 10.18516284])"
427,6239,3565590,"array([6.47412471, 9.74853669])"
428,6239,171727,"array([7.65742554, 9.31371713])"
429,6239,178587,"array([ 7.43221634, 10.23292397])"
430,6239,171736,"array([ 6.93018227, 10.64095616])"
431,6239,184441,"array([ 6.31809422, 10.74713001])"
432,6239,171739,"array([ 6.31200066, 10.14246668])"
433,6239,181261,"array([6.43100728, 9.67914048])"
434,6239,171745,"array([ 6.65106831, 10.37675482])"
435,6239,173104,"array([ 6.07909325, 10.7869701 ])"
436,6239,174371,"array([ 7.14437014, 10.2398282 ])"
437,6239,174664,"array([6.39660251, 9.86366289])"
438,6239,175503,"array([ 6.91667485, 10.50474265])"
439,6239,176139,"array([ 6.83683005, 10.28120808])"
440,6239,176228,"array([ 7.19643659, 10.54673552])"
441,6239,176254,"array([ 7.18004223, 10.57296112])"
442,6239,176386,"array([ 6.92514007, 10.82627275])"
443,6239,176504,"array([ 7.32906995, 10.19708392])"
444,6239,181574,"array([ 6.18181751, 10.53198034])"
445,6239,171747,"array([6.25832482, 8.33629198])"
446,6239,171752,"array([ 7.3690722, 10.607579 ])"
447,6239,175058,"array([ 7.56670533, 10.38777033])"
448,6239,171758,"array([6.1202642, 8.4799876])"
449,6239,171762,"array([ 6.30176977, 10.32357672])"
450,6239,174350,"array([7.10079784, 9.80748064])"
451,6239,172679,"array([ 6.90420883, 10.02469565])"
452,6239,172737,"array([ 6.42801501, 10.01210572])"
453,6239,177228,"array([6.62618222, 9.73589437])"
454,6239,177481,"array([ 7.11548035, 10.12729884])"
455,6239,177908,"array([6.64828037, 9.59222018])"
456,6239,181062,"array([ 7.11622614, 10.15989824])"
457,6239,3565767,"array([7.03591962, 9.75831045])"
458,6239,171766,"array([ 7.16716939, 10.1926753 ])"
459,6239,172401,"array([ 7.18769624, 10.28826023])"
460,6239,172943,"array([ 7.06995129, 10.298874  ])"
461,6239,181641,"array([7.32713052, 9.57447066])"
462,6239,171768,"array([ 7.45936373, 10.14511869])"
463,6239,176773,"array([ 6.97926658, 10.06677994])"
464,6239,171770,"array([6.34522521, 9.40835042])"
465,6239,177046,"array([6.75620444, 9.64531092])"
466,6239,187345,"array([5.90888413, 8.77474344])"
467,6239,3565703,"array([6.66998438, 9.97401391])"
468,6239,171774,"array([6.98935509, 9.81161976])"
469,6239,172234,"array([ 6.75884661, 10.16452911])"
470,6239,174663,"array([6.75439269, 9.95457759])"
471,6239,179592,"array([6.80211481, 9.84462196])"
472,6239,171776,"array([ 6.49121785, 10.14390059])"
473,6239,172268,"array([7.05997678, 9.95209926])"
474,6239,173128,"array([ 6.22340023, 10.45284719])"
475,6239,173139,"array([6.47163461, 9.82302018])"
476,6239,173293,"array([6.23634018, 9.80478322])"
477,6239,173365,"array([6.22381282, 9.98353166])"
478,6239,173728,"array([6.53620538, 9.88377797])"
479,6239,174452,"array([6.20727247, 9.92746233])"
480,6239,174464,"array([ 6.60896614, 10.11875538])"
481,6239,174810,"array([ 5.66115764, 10.40346606])"
482,6239,175006,"array([ 6.59517807, 10.32596773])"
483,6239,175867,"array([ 6.21654107, 10.32082331])"
484,6239,176315,"array([ 6.54456975, 10.06538224])"
485,6239,178904,"array([ 6.48617128, 10.1683207 ])"
486,6239,180257,"array([6.49947772, 9.54524491])"
487,6239,180521,"array([ 6.28694398, 10.03317748])"
488,6239,180906,"array([ 6.13200714, 10.45283766])"
489,6239,181800,"array([ 6.58326571, 10.43045399])"
490,6239,183981,"array([5.96005511, 9.96425207])"
491,6239,189730,"array([ 6.32152554, 10.03148765])"
492,6239,3896760,"array([ 6.13531372, 10.05343845])"
493,6239,171778,"array([ 7.05203376, 10.67379745])"
494,6239,171783,"array([ 6.66882853, 10.96487058])"
495,6239,174964,"array([ 7.02122548, 10.12773063])"
496,6239,171786,"array([6.62798294, 9.70258232])"
497,6239,172886,"array([6.88500876, 9.54267259])"
498,6239,175750,"array([7.02858902, 9.79707381])"
499,6239,176536,"array([6.72162579, 9.81061169])"
500,6239,177655,"array([6.58567032, 9.69229699])"
501,6239,178117,"array([6.93810633, 9.7351108 ])"
502,6239,179202,"array([6.79517297, 9.92815534])"
503,6239,173955,"array([ 6.39775257, 10.32231691])"
504,6239,176172,"array([ 6.44202268, 10.14167476])"
505,6239,171788,"array([ 7.187433  , 10.31545396])"
506,6239,174238,"array([7.38174485, 9.84767549])"
507,6239,174347,"array([ 7.9224646 , 10.21893319])"
508,6239,174560,"array([ 7.15169438, 10.45363173])"
509,6239,176891,"array([ 7.21331361, 10.25879317])"
510,6239,177697,"array([ 6.64075848, 10.32749552])"
511,6239,177761,"array([ 7.03687821, 10.99873122])"
512,6239,177856,"array([ 7.34724067, 10.25014589])"
513,6239,179597,"array([ 6.56239081, 10.16091494])"
514,6239,179999,"array([ 7.34046287, 10.17021569])"
515,6239,180741,"array([ 8.08186871, 10.21253172])"
516,6239,185291,"array([ 7.98277937, 10.7626273 ])"
517,6239,171792,"array([ 7.26505811, 10.05927155])"
518,6239,182275,"array([8.17273355, 9.96820626])"
519,6239,171793,"array([ 7.0685428 , 10.04984578])"
520,6239,174151,"array([ 7.11922007, 10.56825075])"
521,6239,176385,"array([ 7.29456025, 10.2870897 ])"
522,6239,171794,"array([ 6.39394893, 10.73821597])"
523,6239,178943,"array([ 6.89805738, 10.13767204])"
524,6239,171799,"array([ 6.91665037, 11.05678409])"
525,6239,171986,"array([ 7.47145868, 10.44314345])"
526,6239,176516,"array([ 7.31806488, 10.21427044])"
527,6239,179566,"array([ 6.43412992, 11.05117263])"
528,6239,180594,"array([ 6.73476314, 11.77236115])"
529,6239,185179,"array([ 6.34262415, 10.1869405 ])"
530,6239,185729,"array([ 7.41148957, 11.39775976])"
531,6239,185809,"array([ 6.91072855, 11.81618977])"
532,6239,189628,"array([ 6.7965875 , 11.78789258])"
533,6239,171800,"array([ 7.37923924, 10.24776424])"
534,6239,175355,"array([ 6.76722627, 10.19620728])"
535,6239,171802,"array([6.45823289, 8.88123449])"
536,6239,175849,"array([6.64550408, 9.65105225])"
537,6239,171804,"array([6.55158455, 9.56722602])"
538,6239,173325,"array([5.79538129, 9.25810255])"
539,6239,174269,"array([6.55740112, 9.70215587])"
540,6239,174309,"array([7.06777306, 9.89415305])"
541,6239,174392,"array([ 6.26867863, 10.07029772])"
542,6239,174624,"array([6.90784892, 9.94203181])"
543,6239,176208,"array([5.98075788, 8.99374178])"
544,6239,176813,"array([6.93502059, 9.81637123])"
545,6239,182892,"array([7.1426007 , 9.77733357])"
546,6239,183911,"array([7.42739532, 9.91212268])"
547,6239,189234,"array([6.20339546, 8.99363209])"
548,6239,171806,"array([ 5.56405252, 10.73204324])"
549,6239,183651,"array([ 6.28402315, 10.30254233])"
550,6239,175024,"array([ 6.25463005, 10.44107866])"
551,6239,171819,"array([ 7.28462478, 10.20307219])"
552,6239,24104386,"array([ 7.24696528, 10.2348804 ])"
553,6239,171829,"array([ 6.8953037 , 10.25198931])"
554,6239,176143,"array([6.74466263, 9.76443065])"
555,6239,171832,"array([ 5.82141304, 11.13196984])"
556,6239,174473,"array([ 6.26508511, 10.54434713])"
557,6239,171834,"array([7.29684174, 9.80133305])"
558,6239,176668,"array([7.3405155, 9.8693536])"
559,6239,177730,"array([7.45754915, 9.46133725])"
560,6239,177731,"array([7.33431962, 9.01640818])"
561,6239,179817,"array([6.26889628, 9.85140935])"
562,6239,179902,"array([ 6.86071508, 10.29196693])"
563,6239,171835,"array([ 7.62309609, 10.40786378])"
564,6239,174475,"array([ 7.19460558, 10.23728414])"
565,6239,175783,"array([ 7.2421317 , 10.19725904])"
566,6239,171838,"array([6.59652504, 9.57912742])"
567,6239,171840,"array([6.92727453, 8.9909077 ])"
568,6239,171842,"array([7.3522395 , 9.49068057])"
569,6239,174284,"array([6.85308721, 9.72190171])"
570,6239,171844,"array([6.23574839, 8.98688367])"
571,6239,172398,"array([ 6.13234151, 10.08010542])"
572,6239,172536,"array([6.47448859, 9.88247641])"
573,6239,172859,"array([6.59228959, 9.60813738])"
574,6239,173319,"array([6.94109685, 9.99629977])"
575,6239,173656,"array([ 7.05936769, 10.31167847])"
576,6239,173716,"array([5.9559332 , 9.91340355])"
577,6239,174174,"array([6.45470735, 9.88694105])"
578,6239,174533,"array([6.03525233, 9.80745882])"
579,6239,174721,"array([6.2398097 , 9.61359317])"
580,6239,175546,"array([ 6.13679989, 10.1159087 ])"
581,6239,175802,"array([6.54375265, 9.8427157 ])"
582,6239,176068,"array([ 5.96525699, 10.02425587])"
583,6239,176093,"array([5.46910845, 9.66090851])"
584,6239,176314,"array([ 6.57841712, 10.00512835])"
585,6239,176549,"array([5.42736638, 9.95210857])"
586,6239,176808,"array([6.38606377, 9.79142452])"
587,6239,177350,"array([5.88096512, 9.82884744])"
588,6239,177905,"array([ 6.79897192, 10.09425006])"
589,6239,178113,"array([7.01522195, 9.7460166 ])"
590,6239,178845,"array([6.16601193, 9.79197126])"
591,6239,178953,"array([5.91142627, 9.96141175])"
592,6239,179654,"array([6.79845367, 9.5199259 ])"
593,6239,179716,"array([ 6.24292638, 10.56739554])"
594,6239,179959,"array([ 6.76837619, 10.23399976])"
595,6239,180233,"array([6.13363417, 9.85387161])"
596,6239,180727,"array([6.07211021, 9.77817215])"
597,6239,182719,"array([6.0714944 , 9.84805635])"
598,6239,182722,"array([6.49247601, 9.34274842])"
599,6239,182861,"array([5.87295972, 9.76937043])"
600,6239,183539,"array([ 5.62321608, 10.0347938 ])"
601,6239,185575,"array([ 5.44266736, 10.17271695])"
602,6239,190678,"array([6.04871312, 9.92370769])"
603,6239,191143,"array([ 6.09492041, 10.1570524 ])"
604,6239,191617,"array([5.87983049, 9.63889544])"
605,6239,191624,"array([ 6.35746307, 10.06726384])"
606,6239,266819,"array([6.77599618, 9.96319543])"
607,6239,266822,"array([7.11179511, 9.99928714])"
608,6239,171853,"array([ 7.10594935, 10.23138737])"
609,6239,176503,"array([ 7.0129021 , 10.04737908])"
610,6239,182136,"array([ 6.79824161, 10.11979064])"
611,6239,171856,"array([7.28826748, 9.41911597])"
612,6239,183417,"array([ 7.1513971 , 10.08849888])"
613,6239,189346,"array([6.97084468, 9.68142349])"
614,6239,171857,"array([7.1515955 , 9.97819154])"
615,6239,180221,"array([ 6.31233509, 10.19559412])"
616,6239,171858,"array([ 6.03319692, 11.93239788])"
617,6239,179361,"array([ 6.23363466, 11.35698958])"
618,6239,171859,"array([6.35767522, 8.39931254])"
619,6239,171860,"array([ 7.14666922, 10.04964509])"
620,6239,173329,"array([6.77409477, 9.92022631])"
621,6239,174531,"array([ 6.86981101, 10.33585698])"
622,6239,176766,"array([ 7.66934774, 10.07046091])"
623,6239,177779,"array([7.11642665, 9.95114961])"
624,6239,178001,"array([7.2336038 , 9.49776169])"
625,6239,171866,"array([ 7.22374226, 10.6126947 ])"
626,6239,172773,"array([ 7.73749947, 10.60351034])"
627,6239,172775,"array([ 7.51189992, 10.403666  ])"
628,6239,177351,"array([ 7.72767964, 10.67746167])"
629,6239,179938,"array([ 6.35052472, 10.55772545])"
630,6239,171867,"array([7.10755772, 9.58255136])"
631,6239,174256,"array([6.78427554, 9.78278228])"
632,6239,177473,"array([7.08557095, 9.63618095])"
633,6239,178556,"array([6.99661778, 9.13257424])"
634,6239,180901,"array([ 7.07739881, 10.17478127])"
635,6239,181698,"array([ 6.91860226, 10.13032161])"
636,6239,190617,"array([7.29759598, 9.36807365])"
637,6239,171872,"array([7.16594964, 9.60710555])"
638,6239,177436,"array([ 6.57545033, 10.35533402])"
639,6239,181082,"array([7.66015741, 9.67660274])"
640,6239,171877,"array([6.85024535, 9.88289878])"
641,6239,182124,"array([ 6.41006031, 10.0023991 ])"
642,6239,171878,"array([6.27637365, 8.81710914])"
643,6239,171880,"array([ 6.12024263, 10.24714626])"
644,6239,175890,"array([ 6.6206005 , 10.32110613])"
645,6239,178064,"array([ 6.4904455 , 10.07116806])"
646,6239,178305,"array([6.23575218, 9.91346277])"
647,6239,171884,"array([6.02226858, 9.49791655])"
648,6239,175817,"array([6.23661674, 9.87666654])"
649,6239,171886,"array([ 7.72472215, 10.06957316])"
650,6239,178728,"array([ 7.90997446, 10.18514705])"
651,6239,171954,"array([ 6.5926124 , 10.03175093])"
652,6239,172278,"array([6.96975238, 9.94210919])"
653,6239,172682,"array([ 6.73260445, 10.15697169])"
654,6239,172687,"array([6.95849228, 9.89465099])"
655,6239,172691,"array([ 6.33581768, 10.24563913])"
656,6239,172760,"array([ 6.89419052, 10.01260977])"
657,6239,172768,"array([6.88006528, 9.71601951])"
658,6239,174504,"array([ 6.41808469, 10.0653102 ])"
659,6239,174836,"array([ 6.69656553, 10.05906658])"
660,6239,175851,"array([ 7.01314278, 10.00770954])"
661,6239,176289,"array([6.86165781, 9.59631894])"
662,6239,176434,"array([6.81573704, 9.96854944])"
663,6239,176966,"array([ 6.90990429, 10.10663512])"
664,6239,177398,"array([6.91856394, 9.59474457])"
665,6239,177617,"array([6.90434507, 9.90274523])"
666,6239,177836,"array([ 6.69782139, 10.24327772])"
667,6239,178151,"array([6.66717338, 9.59278198])"
668,6239,178289,"array([ 6.71903852, 10.0061709 ])"
669,6239,178451,"array([6.61853161, 9.95474144])"
670,6239,179585,"array([ 6.23612864, 10.23205418])"
671,6239,180576,"array([ 6.81439325, 10.28373389])"
672,6239,180819,"array([ 7.24971863, 10.3429121 ])"
673,6239,182619,"array([7.12079738, 9.78782771])"
674,6239,189590,"array([6.82990175, 9.81657197])"
675,6239,171890,"array([7.45425917, 9.2560235 ])"
676,6239,172408,"array([ 7.33880588, 10.27141979])"
677,6239,186111,"array([7.88987581, 8.62970206])"
678,6239,190661,"array([7.36221837, 9.463456  ])"
679,6239,171891,"array([6.59852767, 9.65813348])"
680,6239,175526,"array([ 6.42813714, 10.21174133])"
681,6239,176084,"array([6.63791379, 9.94924936])"
682,6239,171896,"array([ 7.06321238, 10.21239637])"
683,6239,173407,"array([6.72957209, 9.91896213])"
684,6239,178156,"array([7.33442081, 9.82699705])"
685,6239,171897,"array([ 7.30146969, 10.23073857])"
686,6239,172978,"array([ 7.05658137, 10.09784187])"
687,6239,171900,"array([ 5.55812321, 10.83184356])"
688,6239,180481,"array([ 6.19459318, 10.37648509])"
689,6239,171904,"array([5.70823692, 7.31137779])"
690,6239,177290,"array([5.87597356, 7.69969825])"
691,6239,171906,"array([6.7035504 , 9.74005468])"
692,6239,171907,"array([6.80274199, 9.94668687])"
693,6239,172461,"array([ 6.62400719, 10.001325  ])"
694,6239,172698,"array([6.91540037, 9.67542298])"
695,6239,173313,"array([6.45786037, 8.95671323])"
696,6239,173986,"array([6.60006762, 9.79622308])"
697,6239,174874,"array([6.63121991, 9.41275508])"
698,6239,175764,"array([6.82475101, 9.84908611])"
699,6239,176170,"array([6.5412538 , 9.78656479])"
700,6239,176855,"array([6.88850824, 9.96718932])"
701,6239,177602,"array([6.7350112 , 9.51328681])"
702,6239,178218,"array([6.49383799, 9.43803122])"
703,6239,178324,"array([6.61327117, 9.33653384])"
704,6239,179645,"array([ 7.11622954, 10.3754133 ])"
705,6239,180931,"array([7.12962466, 9.59264668])"
706,6239,181044,"array([ 6.86908146, 10.30783052])"
707,6239,181153,"array([6.72794185, 9.94562366])"
708,6239,185685,"array([6.61251004, 9.29757866])"
709,6239,191443,"array([6.40848935, 9.29514394])"
710,6239,259475,"array([6.27792913, 9.24324311])"
711,6239,180357,"array([6.29209559, 9.86389442])"
712,6239,171912,"array([ 6.21542685, 10.26069529])"
713,6239,175815,"array([6.61779161, 9.5209624 ])"
714,6239,171914,"array([7.68312923, 9.71263876])"
715,6239,171938,"array([7.62150235, 9.78103153])"
716,6239,171917,"array([7.47078165, 9.75824597])"
717,6239,172045,"array([7.63205756, 9.44950376])"
718,6239,172061,"array([ 7.10025713, 10.54243347])"
719,6239,178381,"array([ 7.33289219, 10.13691437])"
720,6239,187933,"array([6.66334178, 9.85714677])"
721,6239,171923,"array([ 7.18868701, 10.13512328])"
722,6239,178322,"array([6.89328126, 9.68778064])"
723,6239,178602,"array([7.04169416, 9.73554094])"
724,6239,3565977,"array([ 6.45205095, 10.54262308])"
725,6239,171925,"array([ 7.49383584, 10.52307293])"
726,6239,171927,"array([7.15487147, 9.53598891])"
727,6239,171964,"array([6.9503392 , 9.63552166])"
728,6239,172970,"array([7.18869039, 9.56641888])"
729,6239,175097,"array([7.07504626, 9.3304421 ])"
730,6239,175273,"array([7.21861094, 9.22909246])"
731,6239,175813,"array([6.79477454, 9.87980415])"
732,6239,176164,"array([7.12847118, 9.66995733])"
733,6239,177873,"array([7.03095969, 9.77887821])"
734,6239,178669,"array([7.02185341, 9.52605519])"
735,6239,266885,"array([7.24038935, 9.14396309])"
736,6239,24104812,"array([7.15130723, 9.48172335])"
737,6239,171928,"array([8.47233302, 9.60697262])"
738,6239,186113,"array([7.65094281, 9.91901941])"
739,6239,171933,"array([6.65581551, 9.22251691])"
740,6239,171934,"array([ 6.88387173, 10.31630979])"
741,6239,174105,"array([6.53540842, 9.92482699])"
742,6239,178771,"array([ 6.41549464, 10.86691268])"
743,6239,179138,"array([ 6.67722758, 10.47655991])"
744,6239,179417,"array([ 6.33216247, 10.99458832])"
745,6239,179791,"array([ 6.3408981 , 10.40774804])"
746,6239,180052,"array([ 7.06492476, 10.8586426 ])"
747,6239,171935,"array([7.12931078, 9.85439938])"
748,6239,173894,"array([6.64509771, 9.78760301])"
749,6239,185634,"array([6.68797788, 9.93682158])"
750,6239,171939,"array([6.82607435, 9.25909972])"
751,6239,173074,"array([7.32653247, 9.37319385])"
752,6239,173512,"array([7.17199234, 9.92816644])"
753,6239,176137,"array([6.78520239, 8.50938067])"
754,6239,176608,"array([6.39541623, 9.44413453])"
755,6239,180724,"array([7.03730861, 9.95179031])"
756,6239,171941,"array([ 7.3204301 , 10.58583297])"
757,6239,176866,"array([ 6.83080512, 10.1354043 ])"
758,6239,180577,"array([ 6.51754191, 10.14010806])"
759,6239,181501,"array([6.61026117, 9.87920199])"
760,6239,171944,"array([ 6.98074612, 10.42586079])"
761,6239,171945,"array([ 5.95575523, 11.45119081])"
762,6239,186189,"array([ 6.31199164, 10.82785848])"
763,6239,171947,"array([5.90373851, 8.81444814])"
764,6239,171949,"array([ 7.16888109, 10.2730871 ])"
765,6239,171950,"array([8.6194408 , 9.35740622])"
766,6239,176736,"array([7.98271088, 9.67552997])"
767,6239,171952,"array([6.67542427, 9.73754419])"
768,6239,172078,"array([ 6.56916344, 10.02589523])"
769,6239,180492,"array([ 6.50660531, 10.03754485])"
770,6239,190302,"array([6.39511013, 9.63942542])"
771,6239,171953,"array([ 6.70915298, 10.37984685])"
772,6239,177170,"array([ 6.96536801, 10.54528231])"
773,6239,172728,"array([ 7.10251567, 10.14315785])"
774,6239,176927,"array([ 6.99265473, 10.04269158])"
775,6239,178612,"array([ 7.07376684, 10.13910777])"
776,6239,183807,"array([5.52393783, 9.83394374])"
777,6239,3565440,"array([ 6.95560999, 10.08869945])"
778,6239,171956,"array([ 6.6645056 , 10.72547796])"
779,6239,177255,"array([ 6.36733599, 11.25679344])"
780,6239,171958,"array([ 6.17782052, 10.27710035])"
781,6239,187105,"array([ 6.34268313, 10.38518548])"
782,6239,171959,"array([5.57660297, 9.9208041 ])"
783,6239,171962,"array([7.19200232, 9.28290908])"
784,6239,172468,"array([6.99033019, 9.73212086])"
785,6239,171965,"array([ 7.56199895, 10.11039493])"
786,6239,178935,"array([8.13874965, 9.85686263])"
787,6239,171968,"array([7.6953931 , 9.82350277])"
788,6239,176313,"array([ 7.5991617 , 10.29832328])"
789,6239,182160,"array([7.43891042, 9.3442116 ])"
790,6239,183000,"array([8.04888319, 9.38344399])"
791,6239,171970,"array([7.11655132, 9.81070274])"
792,6239,178487,"array([7.43233364, 9.60860997])"
793,6239,179524,"array([ 7.48963688, 10.18555665])"
794,6239,171973,"array([6.37375822, 8.74828974])"
795,6239,171977,"array([6.48631361, 9.40963493])"
796,6239,175685,"array([6.82277942, 9.67414136])"
797,6239,171978,"array([6.8859113 , 9.78090317])"
798,6239,173742,"array([6.5821016 , 9.81176004])"
799,6239,182257,"array([6.96774253, 9.13499076])"
800,6239,4926960,"array([6.63257189, 9.83819978])"
801,6239,171980,"array([ 6.2105589 , 10.28917267])"
802,6239,171981,"array([6.33433838, 8.85645287])"
803,6239,176715,"array([6.63922998, 9.31685879])"
804,6239,181771,"array([6.59247891, 9.42167962])"
805,6239,171985,"array([7.17270543, 9.8515383 ])"
806,6239,172399,"array([6.43387184, 9.60427467])"
807,6239,176179,"array([7.02784473, 9.90208225])"
808,6239,176328,"array([ 6.67698754, 10.16537596])"
809,6239,171987,"array([6.00498548, 9.44350414])"
810,6239,178068,"array([6.49764753, 9.86618086])"
811,6239,171988,"array([6.84920838, 9.48852843])"
812,6239,176422,"array([6.65880756, 9.12629019])"
813,6239,177698,"array([6.48959293, 9.51642598])"
814,6239,178619,"array([6.79921774, 8.84477748])"
815,6239,181344,"array([6.73534649, 9.5383228 ])"
816,6239,171990,"array([6.87086716, 9.73681148])"
817,6239,174666,"array([6.69190045, 9.90189019])"
818,6239,175233,"array([ 7.46763052, 10.2390512 ])"
819,6239,175384,"array([ 6.87330055, 10.0580472 ])"
820,6239,175726,"array([6.44601706, 9.76234605])"
821,6239,176954,"array([6.39225969, 9.88372234])"
822,6239,180183,"array([6.85098387, 9.93736529])"
823,6239,181944,"array([6.60671799, 9.39462524])"
824,6239,182953,"array([6.22010261, 9.8403024 ])"
825,6239,186085,"array([ 6.45729903, 10.03801767])"
826,6239,191686,"array([7.13545835, 8.93658571])"
827,6239,171995,"array([ 6.9777474 , 10.72339831])"
828,6239,172174,"array([ 7.04960833, 10.16376927])"
829,6239,172225,"array([ 6.73754949, 10.24968755])"
830,6239,173873,"array([ 7.07592235, 10.37005593])"
831,6239,176121,"array([ 7.32650486, 10.3510638 ])"
832,6239,171998,"array([7.60836857, 9.45672293])"
833,6239,174438,"array([ 7.63336184, 10.21701863])"
834,6239,179829,"array([7.04286713, 9.05559763])"
835,6239,172007,"array([6.52329797, 9.44057756])"
836,6239,172008,"array([7.52382364, 9.5332377 ])"
837,6239,177794,"array([7.32006909, 8.84624647])"
838,6239,172009,"array([ 7.16273044, 10.1204822 ])"
839,6239,173744,"array([ 7.02186162, 10.10694598])"
840,6239,174318,"array([ 7.03857285, 10.03382292])"
841,6239,174715,"array([ 7.14879326, 10.10894279])"
842,6239,172016,"array([6.45984302, 8.48562828])"
843,6239,174275,"array([6.65389871, 9.15699952])"
844,6239,172018,"array([7.10545582, 9.5049728 ])"
845,6239,172020,"array([5.9366151 , 9.74643773])"
846,6239,172021,"array([ 6.49164866, 10.63334742])"
847,6239,172023,"array([ 8.52849547, 11.1512161 ])"
848,6239,184611,"array([ 7.98559727, 10.71115461])"
849,6239,172024,"array([7.19418765, 9.85905727])"
850,6239,173121,"array([6.53093525, 9.90434525])"
851,6239,172025,"array([7.99423873, 8.70370694])"
852,6239,180598,"array([7.89750512, 9.20475581])"
853,6239,172028,"array([ 7.35374441, 10.32201212])"
854,6239,172029,"array([ 6.75557868, 10.8397428 ])"
855,6239,172032,"array([5.77473068, 9.43113233])"
856,6239,172033,"array([ 5.82230549, 10.74126062])"
857,6239,178870,"array([ 6.44407287, 10.22780683])"
858,6239,172034,"array([ 7.0390767 , 10.27031868])"
859,6239,177797,"array([ 6.51356472, 10.35846142])"
860,6239,172036,"array([6.27911942, 9.55064974])"
861,6239,177899,"array([5.63332534, 9.08559871])"
862,6239,183994,"array([ 5.97341244, 10.06846133])"
863,6239,172037,"array([ 7.45634087, 10.09504059])"
864,6239,172051,"array([6.93276226, 8.13155334])"
865,6239,172053,"array([ 5.87993127, 10.64503921])"
866,6239,172054,"array([6.70148561, 9.79678064])"
867,6239,172059,"array([6.12117232, 9.40398046])"
868,6239,178357,"array([6.42552902, 9.72799101])"
869,6239,172060,"array([ 6.42035891, 10.75399865])"
870,6239,176957,"array([6.85653946, 9.9914004 ])"
871,6239,174401,"array([ 6.54026337, 10.24272386])"
872,6239,174478,"array([7.13720763, 9.94232595])"
873,6239,174863,"array([ 7.0511278 , 10.62267806])"
874,6239,176640,"array([ 6.16846998, 10.15708112])"
875,6239,177493,"array([7.4877315 , 9.77882685])"
876,6239,178033,"array([ 7.46291256, 10.95449534])"
877,6239,178398,"array([ 7.00880126, 10.46754446])"
878,6239,178703,"array([ 7.11620722, 11.39878943])"
879,6239,179431,"array([ 6.38533273, 10.88682977])"
880,6239,179756,"array([ 7.23678178, 11.34723256])"
881,6239,180612,"array([ 7.23673622, 10.22032952])"
882,6239,181631,"array([ 7.31587535, 11.372181  ])"
883,6239,182325,"array([ 6.96014134, 10.67334832])"
884,6239,182480,"array([7.70101796, 9.95196211])"
885,6239,182905,"array([ 7.20638875, 11.3697491 ])"
886,6239,183343,"array([ 7.07300335, 11.39163421])"
887,6239,183365,"array([ 7.0999153 , 11.35738617])"
888,6239,183552,"array([ 6.96247696, 11.40534421])"
889,6239,183942,"array([ 6.27062267, 10.89029251])"
890,6239,183990,"array([ 6.92873427, 11.36096191])"
891,6239,184411,"array([ 7.26973573, 11.577854  ])"
892,6239,186980,"array([ 7.92213793, 11.00074585])"
893,6239,187449,"array([ 6.65443014, 11.12514669])"
894,6239,188838,"array([ 7.27000864, 11.37000505])"
895,6239,190103,"array([ 6.97312491, 11.35459932])"
896,6239,190370,"array([ 6.99887017, 11.38630387])"
897,6239,190914,"array([ 6.30534813, 10.60722569])"
898,6239,191464,"array([ 7.39193803, 11.35628564])"
899,6239,191559,"array([ 7.20017792, 11.40709278])"
900,6239,191713,"array([ 6.26478802, 10.01516125])"
901,6239,191847,"array([ 7.16454273, 11.37436463])"
902,6239,172062,"array([ 7.0428673 , 10.29875708])"
903,6239,180263,"array([ 7.04235886, 10.50541294])"
904,6239,180313,"array([ 6.55416931, 10.13522541])"
905,6239,180431,"array([6.97399161, 9.87838369])"
906,6239,181662,"array([ 6.67725164, 10.24906953])"
907,6239,181663,"array([6.43368591, 9.9325228 ])"
908,6239,172065,"array([ 6.62873508, 11.05369605])"
909,6239,172066,"array([6.09283114, 8.78005455])"
910,6239,172072,"array([ 6.16001124, 10.99227083])"
911,6239,172074,"array([ 7.06001419, 10.17978282])"
912,6239,173151,"array([ 6.41888918, 10.42423092])"
913,6239,174267,"array([7.1316696 , 9.97359141])"
914,6239,176733,"array([7.47421823, 9.9515901 ])"
915,6239,178914,"array([ 6.65630385, 10.65752013])"
916,6239,187826,"array([ 7.39523737, 10.48496705])"
917,6239,189785,"array([6.86946489, 9.0791868 ])"
918,6239,172076,"array([6.97263046, 9.97716046])"
919,6239,174055,"array([ 6.76972155, 10.68971502])"
920,6239,175203,"array([6.17496092, 9.96944151])"
921,6239,175253,"array([ 6.57723048, 10.14017411])"
922,6239,175361,"array([ 6.7579179 , 10.38253349])"
923,6239,175484,"array([6.23804366, 9.70677283])"
924,6239,176059,"array([ 7.27293673, 10.44652485])"
925,6239,176200,"array([6.58361883, 9.75502465])"
926,6239,176923,"array([ 6.34146175, 10.27300721])"
927,6239,177342,"array([ 6.7520022 , 10.14442577])"
928,6239,177482,"array([ 6.78145499, 10.07986926])"
929,6239,177527,"array([ 6.50944291, 10.56126528])"
930,6239,177580,"array([ 6.66535783, 10.19154548])"
931,6239,177818,"array([ 6.54692464, 10.03879812])"
932,6239,179022,"array([6.95858175, 9.86317547])"
933,6239,180352,"array([6.82553679, 9.58802804])"
934,6239,180757,"array([6.35212948, 9.3764353 ])"
935,6239,180767,"array([7.00027004, 9.91782655])"
936,6239,180799,"array([ 5.99946875, 10.63320067])"
937,6239,181148,"array([ 6.78021922, 10.10501268])"
938,6239,190251,"array([7.18090128, 9.52346221])"
939,6239,266837,"array([6.24683227, 9.81757454])"
940,6239,3564794,"array([ 5.80006571, 10.29841641])"
941,6239,172079,"array([ 6.52273652, 10.08729389])"
942,6239,172081,"array([7.68938687, 9.54378453])"
943,6239,189724,"array([6.76192184, 9.72806272])"
944,6239,172082,"array([ 6.33192776, 11.03066772])"
945,6239,172090,"array([6.4828615 , 9.85038555])"
946,6239,176506,"array([ 6.7927068 , 10.21934218])"
947,6239,178007,"array([6.74123361, 9.62684449])"
948,6239,172091,"array([ 5.86097571, 10.53117678])"
949,6239,172092,"array([7.00166252, 9.71009635])"
950,6239,174081,"array([7.36575547, 9.70306117])"
951,6239,182759,"array([ 6.23924248, 10.2683204 ])"
952,6239,183165,"array([6.62690455, 9.06317672])"
953,6239,190455,"array([7.1567045 , 9.12380419])"
954,6239,172093,"array([5.89714517, 9.12259737])"
955,6239,172097,"array([8.42556219, 9.90843412])"
956,6239,175007,"array([7.9810885 , 9.83782115])"
957,6239,181848,"array([9.0522454 , 9.82782982])"
958,6239,172099,"array([7.56803244, 9.50055819])"
959,6239,259571,"array([7.27241103, 9.2317905 ])"
960,6239,172100,"array([6.6684913 , 9.91024673])"
961,6239,172628,"array([6.34451921, 9.74356325])"
962,6239,172103,"array([6.56440468, 9.73892137])"
963,6239,172105,"array([6.29357553, 8.62415219])"
964,6239,178269,"array([6.2015464 , 8.50849974])"
965,6239,181246,"array([6.34629123, 8.46299932])"
966,6239,181475,"array([6.25192999, 8.5410741 ])"
967,6239,172118,"array([ 7.301553  , 10.56630507])"
968,6239,175572,"array([ 7.21605671, 10.42451593])"
969,6239,179520,"array([ 7.33172819, 10.24031232])"
970,6239,181510,"array([ 7.74730677, 10.07525553])"
971,6239,183635,"array([ 7.99008982, 11.17287536])"
972,6239,185103,"array([7.27031168, 9.75908356])"
973,6239,188423,"array([ 7.30607742, 11.40897562])"
974,6239,189459,"array([ 7.83107499, 11.32933602])"
975,6239,172123,"array([ 6.19696283, 11.01375795])"
976,6239,175096,"array([ 6.70594467, 10.68219918])"
977,6239,177657,"array([ 6.7050936 , 10.81900187])"
978,6239,187460,"array([ 5.76600634, 11.54765006])"
979,6239,172127,"array([6.87085896, 9.91432916])"
980,6239,176397,"array([5.94691458, 9.4543146 ])"
981,6239,180127,"array([6.99732557, 9.85174423])"
982,6239,181124,"array([ 7.0516273 , 10.23062408])"
983,6239,181329,"array([ 6.95382209, 10.23443858])"
984,6239,186823,"array([ 6.61099494, 10.14118398])"
985,6239,172128,"array([6.1878747 , 8.42342186])"
986,6239,172291,"array([ 6.51490243, 10.62683842])"
987,6239,175138,"array([ 7.12287156, 10.14097458])"
988,6239,176756,"array([ 7.03971416, 10.55050407])"
989,6239,180264,"array([ 6.65241896, 10.05952549])"
990,6239,181058,"array([6.38876659, 9.92942717])"
991,6239,172130,"array([ 7.2041922 , 10.75011726])"
992,6239,172134,"array([ 7.14264457, 10.13480695])"
993,6239,176161,"array([6.8904896 , 9.98961357])"
994,6239,177749,"array([6.42027826, 9.89016259])"
995,6239,172138,"array([7.85455568, 9.85312828])"
996,6239,172657,"array([6.97669289, 9.74368151])"
997,6239,172139,"array([ 6.97740464, 10.12762595])"
998,6239,172141,"array([7.36995289, 9.18777924])"
999,6239,173920,"array([6.89802103, 9.62817393])"
1000,6239,174706,"array([7.63109907, 8.52640898])"
1001,6239,175501,"array([7.13316252, 9.92103353])"
1002,6239,175638,"array([ 6.77750171, 10.02920579])"
1003,6239,178814,"array([7.65180307, 9.61128059])"
1004,6239,181278,"array([7.65676361, 8.49297592])"
1005,6239,184904,"array([7.72567334, 8.5173092 ])"
1006,6239,192063,"array([7.61207576, 8.4636651 ])"
1007,6239,266874,"array([7.78772198, 9.07639756])"
1008,6239,172145,"array([ 7.14662245, 10.65237233])"
1009,6239,174747,"array([ 7.46096379, 10.85171428])"
1010,6239,181348,"array([7.04479157, 9.9158998 ])"
1011,6239,172147,"array([ 6.61444363, 10.63132948])"
1012,6239,174032,"array([ 6.29443399, 10.57912189])"
1013,6239,180278,"array([ 6.49825043, 10.98960098])"
1014,6239,172150,"array([5.94609053, 8.24658702])"
1015,6239,24105310,"array([5.55306974, 7.62526631])"
1016,6239,172155,"array([6.7821673 , 9.83419328])"
1017,6239,172162,"array([6.04562242, 9.71597148])"
1018,6239,172917,"array([6.23778848, 9.66977925])"
1019,6239,174202,"array([6.19037169, 9.85272191])"
1020,6239,175776,"array([6.10650922, 9.86997083])"
1021,6239,177249,"array([6.24011315, 9.76649854])"
1022,6239,179183,"array([6.35074825, 9.80277874])"
1023,6239,180217,"array([5.97787761, 9.85502434])"
1024,6239,181012,"array([6.00863669, 9.75540041])"
1025,6239,181271,"array([6.21254243, 9.80210123])"
1026,6239,181907,"array([6.0025584 , 9.80337126])"
1027,6239,183226,"array([6.11176824, 9.93600358])"
1028,6239,185022,"array([6.16122581, 9.84260321])"
1029,6239,186179,"array([6.1533564 , 9.81520973])"
1030,6239,187178,"array([5.97326707, 9.56455651])"
1031,6239,187492,"array([5.59134158, 9.48441009])"
1032,6239,190264,"array([5.95856046, 9.76720333])"
1033,6239,172164,"array([ 6.82040226, 10.92857769])"
1034,6239,172169,"array([ 6.68309028, 10.50329547])"
1035,6239,172685,"array([ 6.13378453, 10.49072686])"
1036,6239,176453,"array([7.24173914, 9.7694289 ])"
1037,6239,177736,"array([ 6.71485583, 10.26557004])"
1038,6239,178494,"array([ 6.8912117, 10.6707849])"
1039,6239,180947,"array([ 7.25910893, 10.36697421])"
1040,6239,183040,"array([6.88628965, 9.65891735])"
1041,6239,172175,"array([6.52598955, 9.10958801])"
1042,6239,3565059,"array([6.88544933, 9.89649104])"
1043,6239,172181,"array([ 7.38668933, 10.56443165])"
1044,6239,178962,"array([ 7.3489947 , 10.54815326])"
1045,6239,172186,"array([7.56292274, 9.26087594])"
1046,6239,172637,"array([7.51621621, 8.79135255])"
1047,6239,179493,"array([ 6.94549565, 10.04450816])"
1048,6239,172191,"array([7.1903077, 9.7461655])"
1049,6239,181166,"array([7.64288245, 9.19608018])"
1050,6239,172192,"array([ 6.31687586, 10.29553481])"
1051,6239,172277,"array([ 6.5372857 , 10.35937988])"
1052,6239,172766,"array([6.75282426, 9.91642439])"
1053,6239,175080,"array([ 5.61245878, 10.73632944])"
1054,6239,175133,"array([6.71508083, 9.88314196])"
1055,6239,176576,"array([ 6.57847957, 10.17173744])"
1056,6239,178186,"array([6.60391049, 9.71485795])"
1057,6239,178989,"array([6.60404103, 9.82647569])"
1058,6239,182658,"array([ 5.77893003, 10.13484441])"
1059,6239,3564810,"array([6.3404969 , 9.92923054])"
1060,6239,172193,"array([ 6.41420714, 10.57388661])"
1061,6239,172915,"array([ 6.1463382 , 11.11050944])"
1062,6239,174994,"array([ 6.67633529, 10.75419943])"
1063,6239,176830,"array([ 6.71531862, 10.56717456])"
1064,6239,177629,"array([ 7.1626085 , 10.30423253])"
1065,6239,179981,"array([ 6.64059894, 10.19874716])"
1066,6239,189522,"array([ 6.28750562, 10.17721236])"
1067,6239,172195,"array([ 7.24750112, 10.27541501])"
1068,6239,175770,"array([ 7.88301009, 10.68188804])"
1069,6239,177987,"array([6.85226353, 9.90271377])"
1070,6239,179256,"array([6.7965843 , 9.96533043])"
1071,6239,172196,"array([ 6.38777803, 10.41667746])"
1072,6239,172201,"array([ 7.12363619, 10.2201971 ])"
1073,6239,172204,"array([ 6.87702006, 10.4917122 ])"
1074,6239,191456,"array([ 6.69492141, 10.84873765])"
1075,6239,172209,"array([6.75742012, 8.0630378 ])"
1076,6239,176743,"array([6.87454852, 8.72579583])"
1077,6239,172210,"array([ 6.51175874, 10.18804073])"
1078,6239,172213,"array([6.86052127, 9.44765824])"
1079,6239,173086,"array([ 7.11385674, 10.17834929])"
1080,6239,173826,"array([6.57244609, 8.70612178])"
1081,6239,174226,"array([7.35359316, 9.12555225])"
1082,6239,180181,"array([6.79128224, 9.72434628])"
1083,6239,13184661,"array([6.7931909 , 8.67551143])"
1084,6239,24104726,"array([6.73897524, 8.69702086])"
1085,6239,172214,"array([ 5.86891118, 10.44947557])"
1086,6239,174393,"array([ 5.20350009, 10.72280671])"
1087,6239,179297,"array([ 5.23892775, 10.77363155])"
1088,6239,172215,"array([ 6.65214055, 10.00151889])"
1089,6239,174739,"array([ 6.35008645, 10.11690362])"
1090,6239,172216,"array([ 7.16719899, 10.50756335])"
1091,6239,177442,"array([ 6.99915322, 10.2713733 ])"
1092,6239,172218,"array([ 8.14939507, 10.17370396])"
1093,6239,172219,"array([ 7.10115833, 10.0160502 ])"
1094,6239,176613,"array([ 6.8392572 , 10.30230638])"
1095,6239,175730,"array([ 6.21847107, 10.06182744])"
1096,6239,176409,"array([ 6.73312878, 10.03272006])"
1097,6239,177098,"array([ 6.32934104, 10.63431982])"
1098,6239,177373,"array([ 6.9149382 , 10.07150383])"
1099,6239,178074,"array([6.40695087, 9.90707779])"
1100,6239,172589,"array([ 6.51726088, 10.06094849])"
1101,6239,172648,"array([7.40433915, 9.80404915])"
1102,6239,173870,"array([ 6.23520533, 10.18171239])"
1103,6239,174330,"array([ 7.21207151, 10.13246116])"
1104,6239,174957,"array([ 6.38734543, 10.62067826])"
1105,6239,175094,"array([6.62663048, 9.89877614])"
1106,6239,176211,"array([7.03378594, 9.97634799])"
1107,6239,176445,"array([6.65106496, 9.69811643])"
1108,6239,176623,"array([6.96265469, 9.65035312])"
1109,6239,180581,"array([ 6.92684879, 10.14916488])"
1110,6239,172236,"array([6.34671934, 9.83453506])"
1111,6239,172893,"array([6.27312815, 9.82436125])"
1112,6239,179505,"array([5.84691675, 9.91617299])"
1113,6239,180522,"array([6.17799205, 9.77268369])"
1114,6239,181450,"array([ 6.36285989, 10.41943982])"
1115,6239,185237,"array([5.98552365, 9.98816432])"
1116,6239,185853,"array([6.16507355, 9.91509854])"
1117,6239,172238,"array([ 7.22680673, 10.123293  ])"
1118,6239,259584,"array([ 7.39624379, 10.60872532])"
1119,6239,24104302,"array([6.62227228, 9.79801843])"
1120,6239,172243,"array([6.0582033 , 9.56026952])"
1121,6239,172245,"array([7.09548145, 9.88320692])"
1122,6239,172414,"array([ 7.30064247, 10.24460853])"
1123,6239,174951,"array([6.63308321, 9.6790284 ])"
1124,6239,172247,"array([6.36749227, 9.16387057])"
1125,6239,172435,"array([6.3267553 , 9.75530062])"
1126,6239,172946,"array([6.81292063, 8.87857095])"
1127,6239,175870,"array([6.70906188, 9.61246672])"
1128,6239,176377,"array([6.15608327, 9.03415748])"
1129,6239,178397,"array([5.88156837, 8.69653438])"
1130,6239,179473,"array([6.07888145, 8.9321652 ])"
1131,6239,179611,"array([6.4435181 , 9.27150426])"
1132,6239,180059,"array([5.87125783, 8.76407835])"
1133,6239,180608,"array([6.76821876, 9.21160046])"
1134,6239,181018,"array([6.30645843, 9.43292276])"
1135,6239,181891,"array([6.82183894, 9.21243435])"
1136,6239,182578,"array([6.99132526, 9.26094107])"
1137,6239,187425,"array([5.95173681, 8.94404849])"
1138,6239,191090,"array([5.74862708, 8.80143549])"
1139,6239,172249,"array([6.9232095 , 9.75328978])"
1140,6239,172802,"array([ 7.29722059, 10.10645823])"
1141,6239,173347,"array([ 7.3570605 , 10.21583765])"
1142,6239,175986,"array([6.77281004, 9.70440482])"
1143,6239,176256,"array([6.92092221, 9.64116881])"
1144,6239,176393,"array([6.74294487, 9.589094  ])"
1145,6239,178280,"array([6.78372127, 9.65695059])"
1146,6239,172250,"array([ 7.12536925, 10.62170133])"
1147,6239,172251,"array([6.14975044, 9.95662104])"
1148,6239,172373,"array([ 6.90377457, 10.31244709])"
1149,6239,172415,"array([6.21119203, 9.74552387])"
1150,6239,173271,"array([6.21934071, 9.54454364])"
1151,6239,175649,"array([ 6.59649262, 10.15632279])"
1152,6239,177480,"array([ 5.54687916, 10.42598152])"
1153,6239,177658,"array([ 6.46939699, 10.40108808])"
1154,6239,178821,"array([6.16325701, 9.86450749])"
1155,6239,179333,"array([6.33090253, 9.47075923])"
1156,6239,180827,"array([ 6.56176055, 10.29875407])"
1157,6239,187486,"array([ 5.33837321, 10.06135462])"
1158,6239,188781,"array([ 6.11924047, 10.38148519])"
1159,6239,189722,"array([ 5.36824924, 10.16236848])"
1160,6239,189849,"array([6.00938654, 9.36864099])"
1161,6239,190148,"array([6.13281811, 9.46236492])"
1162,6239,172253,"array([ 6.35102833, 10.87132909])"
1163,6239,172255,"array([ 6.04868113, 10.02599934])"
1164,6239,183795,"array([6.0840485 , 9.30803012])"
1165,6239,190741,"array([ 6.32907943, 10.50897791])"
1166,6239,172258,"array([ 7.19655684, 10.18068528])"
1167,6239,172907,"array([ 7.64945197, 10.15460381])"
1168,6239,172259,"array([ 7.27707163, 10.07168256])"
1169,6239,173794,"array([6.99306534, 9.34193428])"
1170,6239,179049,"array([6.85017639, 9.81616716])"
1171,6239,179353,"array([7.19765298, 9.90005179])"
1172,6239,184980,"array([ 7.6956632 , 10.90736806])"
1173,6239,188736,"array([7.81609654, 9.61919422])"
1174,6239,172263,"array([ 6.8847202 , 10.29223718])"
1175,6239,179439,"array([ 6.42137339, 10.32893264])"
1176,6239,189457,"array([ 6.325385  , 10.32630592])"
1177,6239,172264,"array([7.10296728, 9.77630652])"
1178,6239,172755,"array([ 7.06812001, 10.07628219])"
1179,6239,174576,"array([7.14943891, 9.43637699])"
1180,6239,175840,"array([ 6.94295444, 10.02439802])"
1181,6239,178892,"array([7.5204848 , 9.42293362])"
1182,6239,179480,"array([7.4751268 , 8.95914971])"
1183,6239,180188,"array([6.32794745, 9.66885507])"
1184,6239,181899,"array([6.60761043, 9.44685832])"
1185,6239,187175,"array([8.00907388, 9.83965203])"
1186,6239,189773,"array([6.54917675, 9.35008924])"
1187,6239,190293,"array([ 7.86566976, 10.33433717])"
1188,6239,172267,"array([ 8.94453539, 10.70496054])"
1189,6239,175722,"array([ 8.37999787, 10.44439498])"
1190,6239,173818,"array([ 7.28426869, 10.26492692])"
1191,6239,176369,"array([6.98441206, 9.50343227])"
1192,6239,180718,"array([ 7.40981438, 10.06671032])"
1193,6239,180896,"array([7.73637547, 9.77398993])"
1194,6239,172269,"array([6.97597749, 8.57380714])"
1195,6239,179347,"array([7.10407242, 7.80587405])"
1196,6239,172274,"array([ 6.39403672, 10.22275625])"
1197,6239,176061,"array([ 7.3860144 , 10.08681021])"
1198,6239,172276,"array([5.75612801, 9.2521471 ])"
1199,6239,172646,"array([ 6.02205488, 10.6043556 ])"
1200,6239,172776,"array([ 6.15843442, 10.22317058])"
1201,6239,173968,"array([ 7.40491809, 10.26192294])"
1202,6239,174416,"array([6.45483421, 9.49305157])"
1203,6239,174683,"array([ 6.49443917, 10.87244512])"
1204,6239,175001,"array([ 7.11687806, 10.44764862])"
1205,6239,175008,"array([ 7.32194752, 10.3115678 ])"
1206,6239,175414,"array([ 7.14262783, 10.68809344])"
1207,6239,175416,"array([ 6.37174491, 10.08504922])"
1208,6239,175513,"array([ 6.07011158, 11.01749468])"
1209,6239,175977,"array([5.92136827, 9.57001065])"
1210,6239,176007,"array([ 7.1116242 , 10.32156363])"
1211,6239,176048,"array([ 6.1252557 , 10.28390905])"
1212,6239,176340,"array([ 6.09690762, 10.26536229])"
1213,6239,176795,"array([ 6.4525275 , 10.35063585])"
1214,6239,177011,"array([ 6.82393858, 10.37793222])"
1215,6239,177287,"array([ 7.23643733, 10.43242171])"
1216,6239,177774,"array([ 5.9753531 , 10.61216711])"
1217,6239,178362,"array([7.4280819 , 9.94127097])"
1218,6239,178801,"array([ 6.26318332, 10.041126  ])"
1219,6239,179027,"array([ 6.6199311 , 10.28348888])"
1220,6239,179115,"array([ 7.44217461, 10.56703306])"
1221,6239,179675,"array([6.36582959, 9.91769826])"
1222,6239,179739,"array([ 7.21230075, 10.36919348])"
1223,6239,180044,"array([ 7.19714162, 10.37964272])"
1224,6239,181354,"array([ 6.09023609, 10.48293596])"
1225,6239,182401,"array([ 6.7395004, 10.7064991])"
1226,6239,182807,"array([ 5.90279188, 10.46253882])"
1227,6239,183312,"array([6.19252296, 9.6421235 ])"
1228,6239,183932,"array([ 6.0871809 , 11.07372937])"
1229,6239,184388,"array([6.13427131, 9.82902719])"
1230,6239,185718,"array([6.28872534, 9.98180712])"
1231,6239,187261,"array([ 5.86709274, 10.48813448])"
1232,6239,187685,"array([ 5.85975064, 10.60279682])"
1233,6239,190968,"array([ 7.07186853, 10.94501625])"
1234,6239,191403,"array([ 6.14372848, 10.78924993])"
1235,6239,3565230,"array([ 6.03203426, 11.00426036])"
1236,6239,176834,"array([ 6.95687848, 10.0635723 ])"
1237,6239,177236,"array([7.11399768, 9.97704152])"
1238,6239,180168,"array([6.91168766, 9.80098483])"
1239,6239,172281,"array([ 6.4545309 , 10.42908834])"
1240,6239,179498,"array([ 6.43391885, 10.11060734])"
1241,6239,172283,"array([ 6.78945932, 10.4531734 ])"
1242,6239,177374,"array([ 7.13109719, 10.18053146])"
1243,6239,172284,"array([ 7.17241903, 10.75531895])"
1244,6239,172287,"array([5.95390068, 9.22460113])"
1245,6239,172288,"array([ 6.73449782, 10.60698709])"
1246,6239,176639,"array([6.74702187, 9.99243579])"
1247,6239,181248,"array([ 6.8163    , 10.46479895])"
1248,6239,175827,"array([ 7.2404881, 10.3910885])"
1249,6239,176087,"array([6.81622348, 9.38748436])"
1250,6239,177038,"array([ 7.05769809, 10.19854745])"
1251,6239,172298,"array([ 5.39977585, 10.47352528])"
1252,6239,172301,"array([ 7.49314483, 10.58673816])"
1253,6239,175338,"array([ 7.25325694, 10.29245704])"
1254,6239,172302,"array([ 7.46716256, 10.1846626 ])"
1255,6239,172303,"array([7.21998854, 9.41036875])"
1256,6239,172941,"array([7.66706293, 9.16973766])"
1257,6239,178507,"array([ 7.11248907, 10.08489579])"
1258,6239,172304,"array([ 9.73797185, 19.78404616])"
1259,6239,259316,"array([ 9.63208611, 19.81923719])"
1260,6239,172308,"array([ 6.380517  , 10.20332585])"
1261,6239,176128,"array([ 6.4611621 , 10.12528334])"
1262,6239,178353,"array([ 5.47732331, 10.63515168])"
1263,6239,179941,"array([ 6.96977527, 10.04838987])"
1264,6239,172309,"array([ 7.12987978, 10.86646356])"
1265,6239,177704,"array([ 6.98406766, 10.25652535])"
1266,6239,172310,"array([ 7.05736481, 10.35776181])"
1267,6239,172311,"array([ 7.01673053, 10.31990877])"
1268,6239,174351,"array([ 6.93239484, 10.44013782])"
1269,6239,176094,"array([ 7.19552575, 10.07656606])"
1270,6239,176348,"array([6.83396489, 9.98686292])"
1271,6239,172312,"array([6.20561775, 9.31737317])"
1272,6239,185013,"array([6.38307198, 9.38716107])"
1273,6239,172316,"array([ 7.14926781, 11.62744892])"
1274,6239,172319,"array([ 6.10155066, 10.07401342])"
1275,6239,174399,"array([6.13898189, 9.92784668])"
1276,6239,175240,"array([ 6.11655193, 10.02761134])"
1277,6239,176702,"array([ 6.94695093, 10.3237772 ])"
1278,6239,177099,"array([6.02912878, 9.65268888])"
1279,6239,178998,"array([5.80654701, 9.84512039])"
1280,6239,179922,"array([6.55125651, 9.97407917])"
1281,6239,181576,"array([5.82615944, 9.76718544])"
1282,6239,183204,"array([ 5.59637076, 10.05040012])"
1283,6239,7040166,"array([ 5.51548603, 10.10161854])"
1284,6239,172326,"array([ 6.95211847, 10.15740232])"
1285,6239,179691,"array([ 7.29164966, 10.3599174 ])"
1286,6239,172327,"array([5.9828132 , 8.82976318])"
1287,6239,172329,"array([ 7.2023509 , 10.11682885])"
1288,6239,173440,"array([7.04056273, 9.80861985])"
1289,6239,188455,"array([7.4320654, 9.837064 ])"
1290,6239,190421,"array([ 6.48579763, 10.43953483])"
1291,6239,172330,"array([ 7.0504454 , 10.00012746])"
1292,6239,172771,"array([6.37450383, 9.61489094])"
1293,6239,172881,"array([6.88659047, 9.92543213])"
1294,6239,173952,"array([ 7.14667136, 10.49418567])"
1295,6239,176667,"array([ 6.62259807, 10.09810276])"
1296,6239,179656,"array([ 7.65472485, 10.3717415 ])"
1297,6239,183250,"array([7.55147526, 9.65155732])"
1298,6239,188703,"array([6.4383069 , 9.82404164])"
1299,6239,172333,"array([6.63037819, 8.55372195])"
1300,6239,172335,"array([ 7.07710779, 10.43765074])"
1301,6239,172342,"array([6.7885233 , 9.75693838])"
1302,6239,172374,"array([6.4386272 , 9.56213818])"
1303,6239,175018,"array([ 6.85615705, 10.1279115 ])"
1304,6239,175837,"array([6.90136802, 9.84294356])"
1305,6239,178260,"array([7.21223314, 9.77503492])"
1306,6239,172344,"array([6.91950843, 8.46940789])"
1307,6239,179413,"array([6.84954187, 9.22160363])"
1308,6239,172346,"array([6.28850057, 9.14067201])"
1309,6239,181043,"array([6.75891265, 9.80364225])"
1310,6239,172350,"array([6.89019796, 9.82557214])"
1311,6239,176359,"array([ 7.00662117, 10.1725182 ])"
1312,6239,172353,"array([ 6.31686031, 10.70261929])"
1313,6239,172355,"array([ 7.2919353, 11.1210228])"
1314,6239,185408,"array([ 7.14370284, 11.07011586])"
1315,6239,172358,"array([ 6.99703112, 10.18931424])"
1316,6239,175205,"array([ 7.06895942, 10.50710567])"
1317,6239,175502,"array([ 6.51097338, 10.28432994])"
1318,6239,182817,"array([ 6.41474128, 10.15891581])"
1319,6239,3565993,"array([ 6.47357768, 10.49272403])"
1320,6239,172361,"array([ 7.02389262, 10.71424767])"
1321,6239,172363,"array([ 6.84888011, 10.32902583])"
1322,6239,172366,"array([ 7.84232829, 10.97235397])"
1323,6239,181445,"array([ 7.46875841, 10.99699892])"
1324,6239,172370,"array([7.06604083, 9.36241162])"
1325,6239,176361,"array([7.27362498, 9.66170601])"
1326,6239,172371,"array([7.63247786, 8.94502567])"
1327,6239,172372,"array([7.01803336, 9.82269321])"
1328,6239,182229,"array([ 6.75039498, 10.51182062])"
1329,6239,177057,"array([ 6.9147359, 10.0456895])"
1330,6239,188034,"array([ 7.17489643, 10.650317  ])"
1331,6239,172733,"array([6.60982799, 9.75122541])"
1332,6239,174698,"array([6.46222186, 9.58219944])"
1333,6239,176268,"array([ 6.86189115, 10.03282645])"
1334,6239,188506,"array([6.3445781 , 9.14665482])"
1335,6239,172375,"array([7.63041039, 8.76422679])"
1336,6239,173954,"array([6.93512022, 9.46125179])"
1337,6239,172381,"array([7.8540801 , 9.72806039])"
1338,6239,172382,"array([ 7.22224974, 11.0130251 ])"
1339,6239,172390,"array([ 7.34968518, 10.43904202])"
1340,6239,173053,"array([ 6.56220109, 10.11365335])"
1341,6239,176185,"array([ 7.37885488, 10.52102919])"
1342,6239,177435,"array([6.44741871, 9.11330917])"
1343,6239,172561,"array([ 6.77630611, 10.26409638])"
1344,6239,172858,"array([ 7.03404416, 10.17195726])"
1345,6239,173441,"array([5.67702557, 9.76776628])"
1346,6239,173541,"array([ 5.29361789, 10.03127096])"
1347,6239,174552,"array([6.0382348 , 9.84849108])"
1348,6239,175149,"array([6.10582628, 9.26652353])"
1349,6239,176521,"array([6.34274379, 9.69821359])"
1350,6239,177016,"array([6.52292833, 9.84924733])"
1351,6239,177590,"array([5.48733189, 9.74849992])"
1352,6239,179083,"array([5.26775619, 9.84364194])"
1353,6239,179160,"array([6.92732112, 9.95662358])"
1354,6239,179603,"array([ 5.6392122 , 10.37026345])"
1355,6239,179877,"array([5.58798313, 9.67192911])"
1356,6239,180663,"array([ 6.00984332, 10.35154306])"
1357,6239,181312,"array([ 6.23690846, 10.41360089])"
1358,6239,181581,"array([ 6.39071348, 10.15253894])"
1359,6239,181588,"array([6.38565731, 9.81720048])"
1360,6239,182489,"array([5.74533585, 9.7507737 ])"
1361,6239,182874,"array([5.29453942, 9.92975966])"
1362,6239,183973,"array([5.71468164, 9.57723561])"
1363,6239,184687,"array([5.48853597, 9.81024097])"
1364,6239,186874,"array([ 5.25684791, 10.05812537])"
1365,6239,188733,"array([ 5.78900934, 10.0722741 ])"
1366,6239,191508,"array([ 5.90589732, 10.29909898])"
1367,6239,191614,"array([5.60361262, 9.76030269])"
1368,6239,191618,"array([5.24753772, 9.94217327])"
1369,6239,266828,"array([5.23363366, 9.89189112])"
1370,6239,266926,"array([5.2820342, 9.8894296])"
1371,6239,267057,"array([5.92663335, 9.8568555 ])"
1372,6239,172395,"array([6.87453532, 9.99954726])"
1373,6239,172397,"array([ 7.01633703, 10.07132608])"
1374,6239,192091,"array([7.18211769, 9.81839611])"
1375,6239,172458,"array([5.66166586, 9.27550664])"
1376,6239,174261,"array([5.82950992, 9.03448201])"
1377,6239,176152,"array([6.36320609, 9.68072492])"
1378,6239,172400,"array([5.60301537, 9.71386589])"
1379,6239,178732,"array([7.02948916, 9.99842775])"
1380,6239,3565011,"array([ 7.02700789, 10.02382435])"
1381,6239,172402,"array([6.82476585, 9.71533657])"
1382,6239,172404,"array([6.29533212, 8.57262361])"
1383,6239,181179,"array([6.51631906, 9.21941436])"
1384,6239,172405,"array([ 6.83788039, 10.23992783])"
1385,6239,260016,"array([ 6.05430921, 10.12320391])"
1386,6239,176718,"array([ 7.171354  , 10.31898395])"
1387,6239,192056,"array([6.94291088, 9.87321938])"
1388,6239,3564855,"array([ 7.36872368, 10.90284282])"
1389,6239,172412,"array([7.2725801 , 9.85857291])"
1390,6239,183098,"array([ 6.87672314, 10.38664691])"
1391,6239,178169,"array([ 7.20721358, 10.33590618])"
1392,6239,181047,"array([5.69598099, 9.90898334])"
1393,6239,188467,"array([5.76865864, 9.04956876])"
1394,6239,172419,"array([6.4378127 , 9.30770468])"
1395,6239,172422,"array([ 6.61366997, 10.17547618])"
1396,6239,172423,"array([ 6.79008389, 10.82188832])"
1397,6239,172424,"array([ 5.77137167, 10.44054545])"
1398,6239,172426,"array([5.45705827, 9.72481294])"
1399,6239,172429,"array([ 6.12150107, 10.70195325])"
1400,6239,175734,"array([ 6.42032901, 10.02875868])"
1401,6239,172431,"array([8.41038121, 9.67472782])"
1402,6239,185670,"array([5.85273865, 9.51671639])"
1403,6239,172434,"array([ 6.69862494, 10.165507  ])"
1404,6239,176187,"array([6.57018457, 9.67445699])"
1405,6239,176466,"array([ 7.27374172, 10.42522275])"
1406,6239,176742,"array([ 7.00815295, 10.49306714])"
1407,6239,176798,"array([6.52025622, 9.68245055])"
1408,6239,187635,"array([6.99308382, 9.53344979])"
1409,6239,190457,"array([ 6.6816996 , 10.37538888])"
1410,6239,3565069,"array([ 7.03841157, 10.87841849])"
1411,6239,173847,"array([6.53730095, 9.80709766])"
1412,6239,174121,"array([6.5685579 , 9.77803433])"
1413,6239,175474,"array([ 6.87822226, 10.01945232])"
1414,6239,180833,"array([6.07969111, 9.7564967 ])"
1415,6239,184110,"array([5.51687275, 9.46464699])"
1416,6239,185006,"array([5.55905893, 9.46092595])"
1417,6239,186226,"array([ 6.14637139, 10.13971275])"
1418,6239,191621,"array([5.9698683 , 9.69006358])"
1419,6239,191706,"array([5.84202874, 9.79271992])"
1420,6239,172437,"array([ 6.74868202, 10.35665164])"
1421,6239,172440,"array([8.46122732, 9.69553189])"
1422,6239,172444,"array([7.34350199, 9.77437048])"
1423,6239,172524,"array([6.84787631, 9.97269552])"
1424,6239,174315,"array([7.54900356, 9.77721458])"
1425,6239,172450,"array([6.3855171 , 9.73736955])"
1426,6239,180311,"array([6.70278829, 9.40864899])"
1427,6239,172452,"array([7.14904787, 9.66283289])"
1428,6239,173288,"array([6.58421527, 9.88633951])"
1429,6239,172455,"array([6.70715176, 9.44970165])"
1430,6239,173296,"array([6.42845115, 9.77685481])"
1431,6239,174447,"array([5.90674959, 9.34347778])"
1432,6239,176372,"array([5.7292777 , 9.48340568])"
1433,6239,177045,"array([5.35720699, 9.38711153])"
1434,6239,181069,"array([5.64745689, 9.17682608])"
1435,6239,182758,"array([5.17659741, 8.85558567])"
1436,6239,182980,"array([5.17065636, 9.04376785])"
1437,6239,183212,"array([5.75975968, 9.47118554])"
1438,6239,183427,"array([5.06696692, 8.99072601])"
1439,6239,183457,"array([5.85251163, 9.55852392])"
1440,6239,185980,"array([5.04164177, 9.07003143])"
1441,6239,186449,"array([5.11493914, 8.88605834])"
1442,6239,188539,"array([5.10880154, 8.95130785])"
1443,6239,191402,"array([5.16864548, 8.932024  ])"
1444,6239,191703,"array([5.44925978, 9.4082556 ])"
1445,6239,172460,"array([6.12971522, 9.75986962])"
1446,6239,174763,"array([6.13318247, 9.697425  ])"
1447,6239,175098,"array([6.5139231 , 9.80875184])"
1448,6239,175918,"array([6.01443192, 9.98168367])"
1449,6239,176308,"array([6.11983795, 9.90203626])"
1450,6239,176944,"array([6.28717782, 9.78262137])"
1451,6239,189728,"array([6.11194783, 9.81729613])"
1452,6239,172462,"array([7.0813353 , 9.08219389])"
1453,6239,172505,"array([7.3100898 , 9.52227225])"
1454,6239,176322,"array([6.90624002, 9.92148537])"
1455,6239,172465,"array([ 6.67888871, 10.5293424 ])"
1456,6239,172466,"array([ 7.63738366, 10.35212099])"
1457,6239,172467,"array([ 6.83177326, 10.08168093])"
1458,6239,176083,"array([ 6.7755992 , 10.04760572])"
1459,6239,172844,"array([6.08625187, 9.82372548])"
1460,6239,173348,"array([6.25885385, 9.79494054])"
1461,6239,173641,"array([6.10788436, 9.75091364])"
1462,6239,174333,"array([6.87178708, 9.88339678])"
1463,6239,175832,"array([6.53285138, 9.76787346])"
1464,6239,176632,"array([6.39197989, 9.83855823])"
1465,6239,176678,"array([5.98294026, 9.72426346])"
1466,6239,177476,"array([5.73433947, 9.82741667])"
1467,6239,177601,"array([6.31397999, 9.92820315])"
1468,6239,178933,"array([6.05031295, 9.96542169])"
1469,6239,179096,"array([6.3518098 , 9.76750811])"
1470,6239,179365,"array([6.1605842, 9.6878837])"
1471,6239,180575,"array([6.22926326, 9.93714545])"
1472,6239,180671,"array([6.20937286, 9.89016389])"
1473,6239,181231,"array([6.04802122, 9.87431689])"
1474,6239,181520,"array([6.32375695, 9.90464135])"
1475,6239,184756,"array([6.35766997, 9.65746621])"
1476,6239,184793,"array([ 5.89402023, 10.06850252])"
1477,6239,187900,"array([6.05833656, 9.6925258 ])"
1478,6239,188451,"array([6.0277025 , 9.94241546])"
1479,6239,189120,"array([5.60733901, 9.60843857])"
1480,6239,191363,"array([6.12854441, 9.87638441])"
1481,6239,191620,"array([5.94168189, 9.66947838])"
1482,6239,191623,"array([6.10222603, 9.62014685])"
1483,6239,192081,"array([6.10612442, 9.84406081])"
1484,6239,3565634,"array([6.30941524, 9.55093732])"
1485,6239,172471,"array([ 7.49541464, 10.13399006])"
1486,6239,172473,"array([6.641898 , 9.2802512])"
1487,6239,176347,"array([6.74782259, 8.95729821])"
1488,6239,172474,"array([7.22824951, 9.75549616])"
1489,6239,176013,"array([7.33424268, 9.66502169])"
1490,6239,172476,"array([ 7.23590205, 10.29498166])"
1491,6239,176286,"array([ 6.72606781, 10.07949843])"
1492,6239,176656,"array([6.38610294, 9.99645335])"
1493,6239,179488,"array([ 7.52897773, 10.15049224])"
1494,6239,182936,"array([ 6.65093749, 10.03500933])"
1495,6239,183914,"array([7.15043339, 9.63180646])"
1496,6239,172481,"array([ 5.0502628 , 10.13384284])"
1497,6239,191631,"array([ 5.76513465, 10.09548474])"
1498,6239,172488,"array([7.23756216, 9.57709088])"
1499,6239,172489,"array([ 5.92970991, 10.21017068])"
1500,6239,176301,"array([7.28099617, 9.87224756])"
1501,6239,179033,"array([6.64347948, 9.81505654])"
1502,6239,172493,"array([ 4.8253567 , 10.98026342])"
1503,6239,173336,"array([ 4.88462234, 11.02212707])"
1504,6239,176204,"array([ 5.36588996, 10.72570322])"
1505,6239,172496,"array([6.99411143, 8.69377022])"
1506,6239,173449,"array([6.96473735, 9.57266031])"
1507,6239,172499,"array([7.21299179, 9.29816574])"
1508,6239,172501,"array([6.554953  , 7.93678166])"
1509,6239,191347,"array([6.68630453, 8.57543977])"
1510,6239,172502,"array([5.48748468, 9.02169506])"
1511,6239,173502,"array([6.70338598, 9.82255775])"
1512,6239,173603,"array([7.92800398, 9.5342887 ])"
1513,6239,176015,"array([ 7.22795202, 10.34070551])"
1514,6239,178026,"array([7.50038635, 9.47603754])"
1515,6239,180801,"array([ 6.67637278, 10.06363921])"
1516,6239,185479,"array([7.32825452, 9.41674494])"
1517,6239,172507,"array([6.36851968, 9.87565781])"
1518,6239,176992,"array([6.08765678, 9.55940619])"
1519,6239,176993,"array([6.1025477 , 9.69160606])"
1520,6239,180532,"array([6.00504616, 9.62991907])"
1521,6239,190458,"array([6.01610829, 9.82995266])"
1522,6239,172515,"array([ 6.87488012, 10.19991676])"
1523,6239,172939,"array([ 7.34935534, 10.34150533])"
1524,6239,172993,"array([ 6.26167556, 10.50549874])"
1525,6239,174690,"array([ 7.14071482, 10.0200019 ])"
1526,6239,178583,"array([ 7.41299404, 10.02832128])"
1527,6239,172518,"array([7.64682791, 9.69909887])"
1528,6239,172523,"array([7.37401519, 9.43956028])"
1529,6239,172546,"array([7.31116561, 9.9995911 ])"
1530,6239,175707,"array([ 6.7898322 , 10.51887303])"
1531,6239,172528,"array([6.83282557, 9.55997628])"
1532,6239,179601,"array([6.85133455, 9.70220182])"
1533,6239,172532,"array([ 7.07884857, 10.03458505])"
1534,6239,174259,"array([ 7.41371267, 10.5463417 ])"
1535,6239,174926,"array([ 6.60811599, 10.76638421])"
1536,6239,175772,"array([ 7.28349876, 10.15221753])"
1537,6239,177619,"array([ 7.34209395, 10.15443796])"
1538,6239,179522,"array([ 7.13638656, 10.03755465])"
1539,6239,179823,"array([6.47956906, 9.48028408])"
1540,6239,180397,"array([ 6.4672443 , 10.29137878])"
1541,6239,182792,"array([ 6.53492132, 10.73539494])"
1542,6239,185862,"array([ 6.33006208, 10.43582276])"
1543,6239,186882,"array([8.20313543, 9.06618172])"
1544,6239,188180,"array([6.86902437, 9.12689975])"
1545,6239,190715,"array([7.13075133, 9.11649414])"
1546,6239,24104866,"array([ 7.38564913, 10.58644142])"
1547,6239,172533,"array([6.4645972 , 8.80225631])"
1548,6239,176450,"array([5.92958484, 9.70168354])"
1549,6239,172539,"array([ 6.97630816, 10.2124251 ])"
1550,6239,176716,"array([7.58488156, 9.85313659])"
1551,6239,172540,"array([6.74469764, 8.42373759])"
1552,6239,172542,"array([7.13361149, 9.64096182])"
1553,6239,172545,"array([ 6.84230525, 10.72608429])"
1554,6239,176138,"array([ 7.29047418, 10.12237975])"
1555,6239,176868,"array([7.43977903, 9.71949299])"
1556,6239,177029,"array([7.69061791, 9.79752553])"
1557,6239,172667,"array([6.66741869, 9.06566959])"
1558,6239,173896,"array([7.40870272, 9.55705185])"
1559,6239,176140,"array([7.23818312, 8.4288171 ])"
1560,6239,176530,"array([6.72881951, 8.86764348])"
1561,6239,178389,"array([6.4358538, 9.1755958])"
1562,6239,178435,"array([7.84206884, 9.23445826])"
1563,6239,178547,"array([6.69304453, 9.84148341])"
1564,6239,180251,"array([6.9311762 , 9.92016586])"
1565,6239,180638,"array([7.44108288, 8.54599981])"
1566,6239,181013,"array([7.18546942, 8.4262586 ])"
1567,6239,184463,"array([6.87407885, 8.92447646])"
1568,6239,186649,"array([7.31354353, 8.4937422 ])"
1569,6239,172552,"array([5.1807331 , 9.94512247])"
1570,6239,177839,"array([5.98383843, 9.92906591])"
1571,6239,172554,"array([6.52649545, 9.36910655])"
1572,6239,175933,"array([5.92393419, 8.73740575])"
1573,6239,176934,"array([6.17198963, 8.68796578])"
1574,6239,172556,"array([ 7.13750963, 10.43638719])"
1575,6239,172558,"array([ 6.10845496, 10.18326317])"
1576,6239,172562,"array([ 7.0193531 , 10.14620127])"
1577,6239,173373,"array([ 6.62202229, 10.20239532])"
1578,6239,172575,"array([6.21770263, 9.22049657])"
1579,6239,172577,"array([6.45203665, 9.74342784])"
1580,6239,172581,"array([ 7.41433048, 10.34549235])"
1581,6239,172582,"array([7.40540215, 9.94896721])"
1582,6239,172817,"array([6.7258328 , 9.69982544])"
1583,6239,177978,"array([ 6.83919304, 10.06189133])"
1584,6239,184284,"array([ 6.26711374, 10.41342306])"
1585,6239,174771,"array([ 6.57460025, 10.20973392])"
1586,6239,175036,"array([ 5.92103743, 10.02264388])"
1587,6239,178944,"array([6.43231204, 9.65110159])"
1588,6239,181515,"array([6.53440743, 9.3127974 ])"
1589,6239,172592,"array([6.34698522, 9.57953917])"
1590,6239,185991,"array([6.54053656, 9.38995131])"
1591,6239,189695,"array([6.13117764, 9.96977891])"
1592,6239,172594,"array([ 7.03487754, 10.38251195])"
1593,6239,180468,"array([ 6.53873735, 10.43307041])"
1594,6239,172895,"array([ 6.93106177, 10.11643865])"
1595,6239,174210,"array([6.61556406, 9.98306223])"
1596,6239,174331,"array([ 6.11886132, 10.62843707])"
1597,6239,174337,"array([ 6.20900762, 10.00708738])"
1598,6239,174407,"array([ 5.80657777, 10.93272526])"
1599,6239,174431,"array([ 7.37195036, 10.2018974 ])"
1600,6239,174884,"array([ 6.07789054, 10.71167561])"
1601,6239,175371,"array([ 7.2743178 , 10.13804098])"
1602,6239,175623,"array([ 5.87865637, 10.88420274])"
1603,6239,176001,"array([ 7.44320936, 10.05912648])"
1604,6239,176327,"array([ 5.62715283, 10.67373468])"
1605,6239,176774,"array([ 5.76376691, 10.98303356])"
1606,6239,176869,"array([6.69459015, 9.59221083])"
1607,6239,177317,"array([ 6.29322653, 10.55021688])"
1608,6239,177695,"array([ 6.22710055, 10.54129521])"
1609,6239,178279,"array([ 7.13053986, 10.29335562])"
1610,6239,178753,"array([6.24037515, 9.84565751])"
1611,6239,178895,"array([6.89701153, 9.59871869])"
1612,6239,179215,"array([ 5.80383232, 10.77607416])"
1613,6239,179298,"array([ 6.36883448, 10.28233457])"
1614,6239,179302,"array([ 6.94018674, 10.29453274])"
1615,6239,179373,"array([ 6.03179726, 10.06048524])"
1616,6239,179386,"array([ 6.02151369, 10.96021607])"
1617,6239,179461,"array([6.72491374, 9.83304726])"
1618,6239,179676,"array([ 6.87618375, 10.26573901])"
1619,6239,179965,"array([7.06675143, 9.99019017])"
1620,6239,180111,"array([ 6.84517286, 10.25879106])"
1621,6239,180442,"array([ 6.60074112, 10.95685863])"
1622,6239,181010,"array([ 6.62697307, 10.74194266])"
1623,6239,181759,"array([6.77553972, 9.591332  ])"
1624,6239,182010,"array([ 6.09450444, 10.51948312])"
1625,6239,182302,"array([ 5.80068506, 10.81239594])"
1626,6239,190001,"array([ 5.90080008, 10.85436107])"
1627,6239,190089,"array([ 5.90725822, 10.92051945])"
1628,6239,3565051,"array([ 6.35109556, 10.03972418])"
1629,6239,172604,"array([6.4676921 , 9.94922748])"
1630,6239,173404,"array([ 6.7909463, 10.3048616])"
1631,6239,174551,"array([ 6.59610088, 10.09619653])"
1632,6239,176844,"array([6.63745999, 9.98544155])"
1633,6239,178541,"array([6.43919553, 9.34329183])"
1634,6239,190607,"array([ 7.20537107, 10.721367  ])"
1635,6239,172609,"array([7.0845901 , 9.75578893])"
1636,6239,174927,"array([7.56992967, 9.99499932])"
1637,6239,174956,"array([7.07883581, 9.6113466 ])"
1638,6239,176040,"array([ 7.05700986, 10.45528407])"
1639,6239,177687,"array([6.69344416, 9.68058187])"
1640,6239,183957,"array([7.30584868, 9.76230066])"
1641,6239,172655,"array([ 7.29860851, 10.02464314])"
1642,6239,178424,"array([6.4923188 , 9.59695701])"
1643,6239,172611,"array([6.83887906, 9.73599203])"
1644,6239,178054,"array([7.2119868 , 9.73979012])"
1645,6239,180765,"array([ 6.79480514, 10.1592415 ])"
1646,6239,181034,"array([7.38497294, 9.96341605])"
1647,6239,173270,"array([6.82040131, 8.77274611])"
1648,6239,175703,"array([7.01698032, 9.8629239 ])"
1649,6239,178342,"array([ 7.08152461, 10.19732905])"
1650,6239,191797,"array([7.07437833, 8.83816731])"
1651,6239,172616,"array([6.76244706, 9.30277689])"
1652,6239,172617,"array([ 7.08530304, 10.29167266])"
1653,6239,175604,"array([ 6.54090081, 10.11583869])"
1654,6239,172625,"array([ 6.18364176, 10.82121811])"
1655,6239,172626,"array([ 6.61431808, 10.39427295])"
1656,6239,174240,"array([ 6.28637773, 10.0034993 ])"
1657,6239,175708,"array([ 6.19722008, 11.12401271])"
1658,6239,187537,"array([ 7.32323245, 10.72885153])"
1659,6239,178392,"array([5.98501647, 9.75250849])"
1660,6239,180738,"array([ 6.42258087, 10.0870445 ])"
1661,6239,181457,"array([6.03907833, 9.75458724])"
1662,6239,187642,"array([5.68594492, 9.23438393])"
1663,6239,188843,"array([5.90865855, 9.65906289])"
1664,6239,172633,"array([6.41044412, 9.53147602])"
1665,6239,172636,"array([6.36289543, 8.81697336])"
1666,6239,177962,"array([7.09331581, 9.36213164])"
1667,6239,172638,"array([6.78045816, 9.68227501])"
1668,6239,172640,"array([6.17835   , 9.61400666])"
1669,6239,179819,"array([5.77528527, 9.64811285])"
1670,6239,181002,"array([6.37198152, 9.42176889])"
1671,6239,172647,"array([6.68298163, 9.24293471])"
1672,6239,176116,"array([6.86597605, 9.46956461])"
1673,6239,176932,"array([7.15179895, 9.79535707])"
1674,6239,172653,"array([ 6.81130244, 10.30451692])"
1675,6239,179020,"array([ 7.19693684, 10.52124824])"
1676,6239,175598,"array([ 7.45033323, 10.29819239])"
1677,6239,179421,"array([ 6.73491505, 10.64080341])"
1678,6239,181528,"array([ 7.54722433, 10.186774  ])"
1679,6239,175535,"array([ 7.35767236, 10.17838975])"
1680,6239,177604,"array([6.80371744, 9.89806386])"
1681,6239,177710,"array([6.49446086, 9.81274762])"
1682,6239,183917,"array([ 6.72062507, 10.3259799 ])"
1683,6239,172661,"array([ 7.14227826, 11.18652477])"
1684,6239,173260,"array([ 7.21088141, 10.16918714])"
1685,6239,173462,"array([ 7.31278228, 11.85722241])"
1686,6239,173592,"array([ 7.22616695, 11.85652862])"
1687,6239,176003,"array([ 7.16616553, 11.87730862])"
1688,6239,176168,"array([ 6.70009825, 10.00619562])"
1689,6239,179499,"array([ 7.17871063, 11.72118742])"
1690,6239,172663,"array([6.41669283, 8.95781232])"
1691,6239,176233,"array([6.64404444, 9.46748113])"
1692,6239,173724,"array([6.54632385, 8.34160787])"
1693,6239,178534,"array([6.58005744, 8.37913622])"
1694,6239,180102,"array([7.0728956 , 9.00433187])"
1695,6239,181807,"array([6.70382615, 9.05241159])"
1696,6239,183545,"array([6.11886838, 9.3377001 ])"
1697,6239,3564835,"array([7.02525266, 9.07832233])"
1698,6239,172670,"array([6.40539035, 9.72400773])"
1699,6239,172673,"array([ 7.55930206, 10.03737741])"
1700,6239,182643,"array([7.38383151, 9.51739678])"
1701,6239,172674,"array([ 6.92875445, 10.20556157])"
1702,6239,173168,"array([ 7.04310076, 10.08479281])"
1703,6239,174864,"array([6.71210115, 9.96335596])"
1704,6239,175853,"array([6.80251836, 9.55907776])"
1705,6239,176816,"array([6.78236313, 9.80849595])"
1706,6239,179151,"array([ 6.23938889, 10.33997804])"
1707,6239,24104882,"array([6.913792  , 9.88869984])"
1708,6239,172675,"array([6.56134582, 9.29619049])"
1709,6239,172676,"array([ 6.65095198, 10.30157046])"
1710,6239,178893,"array([ 6.64230212, 10.84273653])"
1711,6239,172678,"array([ 7.45079363, 10.74812126])"
1712,6239,172942,"array([ 7.04254277, 10.14743613])"
1713,6239,173726,"array([6.30232248, 9.46622532])"
1714,6239,174089,"array([ 6.25467984, 10.10938985])"
1715,6239,176047,"array([6.75705201, 9.5465813 ])"
1716,6239,177914,"array([6.97049309, 9.32573362])"
1717,6239,178450,"array([ 6.20535257, 10.03923387])"
1718,6239,180432,"array([6.8262016 , 9.47009395])"
1719,6239,181191,"array([ 6.62774113, 10.12423758])"
1720,6239,185932,"array([6.56938406, 9.37601321])"
1721,6239,266842,"array([ 6.97551004, 10.00365467])"
1722,6239,172681,"array([ 5.51250727, 10.2253459 ])"
1723,6239,172684,"array([ 6.60965166, 10.87066895])"
1724,6239,176349,"array([ 6.55394135, 10.20905195])"
1725,6239,174322,"array([ 6.97673053, 10.08907764])"
1726,6239,174571,"array([ 7.0544133, 10.0613511])"
1727,6239,174657,"array([6.50861344, 9.65168857])"
1728,6239,174731,"array([ 6.26554473, 10.46722721])"
1729,6239,174848,"array([6.79143672, 9.60888538])"
1730,6239,175275,"array([7.21064367, 9.92227481])"
1731,6239,175634,"array([ 6.70306068, 10.18938001])"
1732,6239,176097,"array([ 7.19511884, 10.34972519])"
1733,6239,176501,"array([7.18904305, 9.98876529])"
1734,6239,176605,"array([ 6.75682331, 10.25696449])"
1735,6239,177678,"array([ 7.27938181, 10.01525588])"
1736,6239,177685,"array([6.95780578, 9.59250365])"
1737,6239,177824,"array([ 7.26286356, 10.46571243])"
1738,6239,178101,"array([7.04619093, 9.52274774])"
1739,6239,178961,"array([7.03810664, 9.71047551])"
1740,6239,179802,"array([6.96076737, 9.70560517])"
1741,6239,180645,"array([6.91575387, 9.39539106])"
1742,6239,182058,"array([ 6.92960535, 10.06029232])"
1743,6239,182195,"array([6.97147701, 9.02234037])"
1744,6239,184204,"array([6.40940168, 9.26371823])"
1745,6239,185146,"array([ 6.8436848 , 10.45495746])"
1746,6239,189017,"array([7.01312812, 9.76683358])"
1747,6239,266830,"array([6.80561246, 9.58131275])"
1748,6239,172689,"array([6.41079515, 9.0362994 ])"
1749,6239,175877,"array([ 7.01068188, 10.03004163])"
1750,6239,179423,"array([ 6.44931915, 10.00191863])"
1751,6239,172692,"array([7.34434134, 9.98324674])"
1752,6239,172693,"array([ 7.09070838, 10.21916762])"
1753,6239,176902,"array([ 6.46753831, 10.78040732])"
1754,6239,179162,"array([ 6.86692758, 10.10772281])"
1755,6239,3564957,"array([6.89923085, 9.72483062])"
1756,6239,172694,"array([ 6.47521935, 11.24313486])"
1757,6239,172695,"array([ 1.88396302, 19.74586072])"
1758,6239,176510,"array([ 1.8072486 , 19.66491733])"
1759,6239,176024,"array([7.22971834, 9.63340335])"
1760,6239,176401,"array([6.69465456, 9.32232954])"
1761,6239,181489,"array([6.46552823, 9.45358375])"
1762,6239,172699,"array([6.15322906, 9.89513238])"
1763,6239,181621,"array([6.54611873, 9.93996802])"
1764,6239,187516,"array([ 5.80557138, 10.09667883])"
1765,6239,188732,"array([5.6793345 , 9.71183222])"
1766,6239,172711,"array([6.18117265, 9.70110152])"
1767,6239,172730,"array([6.3944825 , 8.47692032])"
1768,6239,172803,"array([7.1526904 , 9.74664638])"
1769,6239,173309,"array([ 7.16220979, 10.17124466])"
1770,6239,173355,"array([6.47762338, 9.27055657])"
1771,6239,173484,"array([6.17047428, 8.59176725])"
1772,6239,173548,"array([6.07172856, 8.39545152])"
1773,6239,173659,"array([5.86607871, 9.03461938])"
1774,6239,174017,"array([6.55343565, 9.99439666])"
1775,6239,174180,"array([6.98481843, 9.79292034])"
1776,6239,174413,"array([5.84787731, 8.63110725])"
1777,6239,174467,"array([7.00660978, 9.57611746])"
1778,6239,174509,"array([6.27743644, 8.42174073])"
1779,6239,174525,"array([5.86017667, 8.57713782])"
1780,6239,174597,"array([6.53687186, 9.72857262])"
1781,6239,174807,"array([7.17488308, 9.89872274])"
1782,6239,175236,"array([7.05872322, 9.87618871])"
1783,6239,175457,"array([6.89671572, 9.4256078 ])"
1784,6239,175608,"array([7.24682782, 9.44941104])"
1785,6239,175683,"array([6.74374095, 9.23316135])"
1786,6239,175693,"array([7.31053317, 9.97018383])"
1787,6239,175795,"array([6.38820811, 9.6900384 ])"
1788,6239,175956,"array([7.08594722, 9.66889469])"
1789,6239,176053,"array([7.37255891, 9.75257811])"
1790,6239,176076,"array([6.00661351, 8.5048407 ])"
1791,6239,176110,"array([6.02880366, 8.63355311])"
1792,6239,176154,"array([6.27110614, 8.99084388])"
1793,6239,176534,"array([6.89422769, 9.37408075])"
1794,6239,176626,"array([ 7.13141154, 10.05494796])"
1795,6239,176653,"array([7.00295946, 9.22766175])"
1796,6239,176789,"array([6.15580344, 8.45450689])"
1797,6239,177003,"array([7.03490243, 9.45902666])"
1798,6239,177529,"array([5.77500383, 9.1290218 ])"
1799,6239,177726,"array([6.2892027 , 8.50925015])"
1800,6239,177822,"array([6.10675463, 8.42987532])"
1801,6239,177842,"array([6.15604083, 8.88247262])"
1802,6239,177934,"array([ 6.86867864, 10.07965211])"
1803,6239,177943,"array([ 6.3267416 , 10.07525874])"
1804,6239,177951,"array([6.29655706, 8.46555039])"
1805,6239,177963,"array([7.00644231, 9.36165718])"
1806,6239,178008,"array([6.32140286, 8.42627944])"
1807,6239,178020,"array([7.23775565, 9.88971185])"
1808,6239,178168,"array([6.15185735, 8.35734197])"
1809,6239,178184,"array([ 6.62905327, 10.15234627])"
1810,6239,178244,"array([6.70110431, 9.29375267])"
1811,6239,178337,"array([7.0479353 , 9.25835464])"
1812,6239,178508,"array([6.18828208, 8.38095391])"
1813,6239,178599,"array([7.06377812, 9.67686756])"
1814,6239,178855,"array([6.35042052, 9.04803328])"
1815,6239,178934,"array([5.95496827, 8.58753833])"
1816,6239,179119,"array([6.44326488, 8.9945812 ])"
1817,6239,179204,"array([5.91173996, 8.45585462])"
1818,6239,179436,"array([6.70363295, 9.34948401])"
1819,6239,179594,"array([6.02320574, 8.55726998])"
1820,6239,179662,"array([5.9719148 , 8.63507285])"
1821,6239,179701,"array([6.49940284, 8.96188246])"
1822,6239,179888,"array([5.98307017, 8.54294733])"
1823,6239,180169,"array([6.2091622 , 8.55576856])"
1824,6239,180306,"array([6.96091154, 9.50515484])"
1825,6239,180396,"array([ 6.33964299, 10.09229769])"
1826,6239,180780,"array([6.97110793, 9.28638264])"
1827,6239,180866,"array([7.05493514, 9.60384542])"
1828,6239,180990,"array([6.72804167, 9.60309713])"
1829,6239,181032,"array([6.7711094 , 9.10367365])"
1830,6239,181175,"array([7.10607286, 9.73916166])"
1831,6239,181206,"array([6.05026116, 8.43577422])"
1832,6239,181370,"array([ 7.39731477, 10.0373333 ])"
1833,6239,181415,"array([5.88344443, 8.52380842])"
1834,6239,181578,"array([6.65876552, 9.63810966])"
1835,6239,181620,"array([6.87707219, 9.2368708 ])"
1836,6239,181943,"array([6.12508037, 8.5886115 ])"
1837,6239,182569,"array([5.92364151, 8.49998259])"
1838,6239,183033,"array([6.05404183, 8.58518679])"
1839,6239,183224,"array([6.1591707 , 8.49709139])"
1840,6239,183252,"array([6.12279766, 9.30272839])"
1841,6239,183371,"array([6.09059893, 8.56011005])"
1842,6239,183855,"array([6.03920687, 8.35543784])"
1843,6239,183897,"array([5.89365319, 8.61845987])"
1844,6239,184765,"array([6.0911217, 8.5117784])"
1845,6239,184829,"array([5.94349131, 8.54016038])"
1846,6239,184850,"array([6.07323805, 9.2270761 ])"
1847,6239,184973,"array([6.30655288, 8.33231367])"
1848,6239,185021,"array([6.01835848, 8.40469632])"
1849,6239,185123,"array([6.60533115, 9.10080028])"
1850,6239,185909,"array([5.9269948 , 8.64157299])"
1851,6239,186083,"array([6.00197349, 8.59708113])"
1852,6239,186108,"array([6.84991354, 8.75317412])"
1853,6239,186287,"array([6.32098923, 8.3767784 ])"
1854,6239,186468,"array([6.47636872, 8.37477605])"
1855,6239,186716,"array([6.09234718, 9.41132363])"
1856,6239,187087,"array([6.70672593, 9.9366731 ])"
1857,6239,188110,"array([6.38550165, 8.42972992])"
1858,6239,188232,"array([6.20283266, 8.46247194])"
1859,6239,189052,"array([6.25156386, 8.45705709])"
1860,6239,189098,"array([6.12697074, 8.53348141])"
1861,6239,189108,"array([6.00413856, 8.45507846])"
1862,6239,189298,"array([6.35050938, 8.33769946])"
1863,6239,189705,"array([6.72538251, 9.27432794])"
1864,6239,190328,"array([6.39490991, 8.37640675])"
1865,6239,190433,"array([6.21209803, 8.33716381])"
1866,6239,190689,"array([5.95867336, 8.43343705])"
1867,6239,190759,"array([6.2787724 , 8.37808945])"
1868,6239,190792,"array([6.43313082, 8.43533951])"
1869,6239,190954,"array([6.80990609, 9.65238544])"
1870,6239,191395,"array([6.23412342, 8.37649491])"
1871,6239,191600,"array([5.96708861, 8.48503452])"
1872,6239,191774,"array([5.91188675, 8.57263446])"
1873,6239,259415,"array([6.08778923, 8.33874126])"
1874,6239,259448,"array([6.64485442, 8.39446116])"
1875,6239,259726,"array([6.3941704 , 8.33128141])"
1876,6239,259826,"array([6.04252618, 8.48269624])"
1877,6239,266825,"array([6.28496653, 9.41023378])"
1878,6239,266878,"array([7.17775143, 9.87610504])"
1879,6239,3564797,"array([6.17620306, 8.31219358])"
1880,6239,3565046,"array([6.05312714, 8.52946936])"
1881,6239,3565368,"array([6.08075342, 8.46325822])"
1882,6239,172704,"array([6.38480706, 9.66652971])"
1883,6239,176479,"array([ 6.88657597, 10.07124886])"
1884,6239,176444,"array([6.52877051, 9.27818943])"
1885,6239,176721,"array([6.60002979, 8.60605138])"
1886,6239,177719,"array([6.5977716 , 8.56228893])"
1887,6239,178857,"array([6.53961523, 8.412023  ])"
1888,6239,172716,"array([5.79450462, 9.31255837])"
1889,6239,172718,"array([7.6856966 , 9.77754987])"
1890,6239,180449,"array([7.67899312, 8.9327821 ])"
1891,6239,181494,"array([7.65623584, 9.98386654])"
1892,6239,181591,"array([ 7.69651033, 10.51447187])"
1893,6239,172720,"array([ 5.44294333, 10.23260741])"
1894,6239,181177,"array([ 6.24689602, 10.0823928 ])"
1895,6239,172724,"array([6.31949989, 8.82200948])"
1896,6239,174789,"array([6.70909046, 9.5063058 ])"
1897,6239,172726,"array([7.76162222, 9.82968031])"
1898,6239,179236,"array([ 8.26746755, 10.15605812])"
1899,6239,172743,"array([ 7.20543904, 10.21816027])"
1900,6239,174802,"array([ 7.30875103, 10.45177032])"
1901,6239,175948,"array([ 7.04558139, 10.79256765])"
1902,6239,180515,"array([ 7.38688753, 10.85075317])"
1903,6239,180657,"array([ 7.85219011, 10.20026615])"
1904,6239,181426,"array([7.41735177, 9.81809727])"
1905,6239,191516,"array([ 6.39895171, 10.59705685])"
1906,6239,173023,"array([6.78453096, 9.89902539])"
1907,6239,175612,"array([6.10554335, 9.9573371 ])"
1908,6239,184092,"array([6.20077479, 9.0427039 ])"
1909,6239,172761,"array([6.77611836, 9.73973862])"
1910,6239,172910,"array([ 7.28205549, 10.40344786])"
1911,6239,173079,"array([5.62056442, 9.95937728])"
1912,6239,173521,"array([6.63894206, 9.43499078])"
1913,6239,173713,"array([ 6.42402005, 10.52939286])"
1914,6239,173808,"array([ 6.68903541, 10.08231354])"
1915,6239,173860,"array([ 5.53262748, 10.03146596])"
1916,6239,174026,"array([6.19939476, 9.46522549])"
1917,6239,174727,"array([6.95951589, 9.73309593])"
1918,6239,174966,"array([ 6.03249909, 10.86800035])"
1919,6239,175464,"array([6.46038746, 9.78699824])"
1920,6239,175631,"array([6.17155171, 9.51618582])"
1921,6239,175721,"array([ 6.06700655, 10.64416848])"
1922,6239,176123,"array([ 6.75373903, 10.62031924])"
1923,6239,176470,"array([5.931085  , 9.50834102])"
1924,6239,176523,"array([ 7.54186935, 10.25992548])"
1925,6239,177197,"array([ 6.62100931, 10.46324759])"
1926,6239,177486,"array([ 6.66536442, 10.35473685])"
1927,6239,177560,"array([7.06757915, 9.6530194 ])"
1928,6239,177810,"array([ 5.66902205, 10.30755322])"
1929,6239,178439,"array([ 6.6459849 , 10.46711319])"
1930,6239,179061,"array([ 6.52097723, 10.65586156])"
1931,6239,179143,"array([ 5.65868781, 10.21956767])"
1932,6239,179358,"array([ 6.84233919, 10.03326223])"
1933,6239,180374,"array([ 6.51710049, 10.79812151])"
1934,6239,180606,"array([ 5.66192977, 10.15273044])"
1935,6239,180770,"array([ 5.69154141, 10.38270665])"
1936,6239,181371,"array([6.45283536, 9.68440594])"
1937,6239,181547,"array([6.12279489, 9.58344924])"
1938,6239,182678,"array([ 6.20564315, 10.22875118])"
1939,6239,186775,"array([6.28662919, 9.20772284])"
1940,6239,189368,"array([ 5.75317541, 10.47491727])"
1941,6239,190727,"array([ 5.61693588, 10.32247307])"
1942,6239,191282,"array([ 5.65882914, 10.11946628])"
1943,6239,172741,"array([7.32467778, 9.13355112])"
1944,6239,177661,"array([ 7.49020377, 10.82952405])"
1945,6239,177662,"array([ 6.44464096, 10.08892388])"
1946,6239,172744,"array([ 6.92627308, 10.46451882])"
1947,6239,176272,"array([ 6.73598414, 11.2461691 ])"
1948,6239,177984,"array([ 7.15328043, 10.79264536])"
1949,6239,172746,"array([ 6.63073372, 10.02996167])"
1950,6239,175209,"array([6.26070012, 9.29266557])"
1951,6239,178159,"array([ 6.67721713, 10.42800514])"
1952,6239,178614,"array([ 6.6740322 , 10.79190706])"
1953,6239,178871,"array([6.24907744, 9.99636373])"
1954,6239,172751,"array([ 8.3168898, 10.8897308])"
1955,6239,178132,"array([ 7.61150382, 10.32755877])"
1956,6239,172754,"array([11.82311472,  1.00038211])"
1957,6239,175020,"array([7.51944339, 9.87193504])"
1958,6239,180463,"array([6.89553698, 8.98221894])"
1959,6239,172757,"array([ 7.38679485, 10.0065419 ])"
1960,6239,172759,"array([ 7.2576564 , 10.58000538])"
1961,6239,177254,"array([ 7.0045357 , 10.13293452])"
1962,6239,178210,"array([7.07005897, 9.52643528])"
1963,6239,187076,"array([ 6.79918296, 10.03261046])"
1964,6239,187262,"array([ 6.36734917, 10.24588308])"
1965,6239,174091,"array([7.10737436, 9.66554497])"
1966,6239,174785,"array([ 7.42552631, 10.42275985])"
1967,6239,178150,"array([7.43112358, 9.447665  ])"
1968,6239,175800,"array([6.71438312, 9.86000838])"
1969,6239,177431,"array([7.40481578, 9.1922789 ])"
1970,6239,180326,"array([ 7.1652363 , 10.02302845])"
1971,6239,172769,"array([5.80415749, 9.4102137 ])"
1972,6239,174530,"array([5.09724136, 9.04938499])"
1973,6239,172770,"array([5.93406001, 9.78096745])"
1974,6239,175955,"array([6.62016248, 9.81740583])"
1975,6239,174506,"array([6.32293087, 9.50466178])"
1976,6239,180674,"array([6.33384044, 9.78838382])"
1977,6239,173165,"array([ 8.18175428, 10.92801198])"
1978,6239,173822,"array([ 7.79507024, 10.29939198])"
1979,6239,174766,"array([ 8.09896993, 10.38821289])"
1980,6239,180321,"array([ 7.76547351, 10.44752349])"
1981,6239,182399,"array([ 8.14710448, 10.89304063])"
1982,6239,184085,"array([ 8.33027706, 11.1233505 ])"
1983,6239,188148,"array([ 7.02927629, 10.66335075])"
1984,6239,259498,"array([ 8.1663052 , 10.86066582])"
1985,6239,259768,"array([ 7.04748884, 10.60316236])"
1986,6239,175541,"array([7.14234246, 9.50952243])"
1987,6239,175667,"array([ 7.03119514, 11.16336554])"
1988,6239,175972,"array([ 7.21693133, 10.18594749])"
1989,6239,178065,"array([ 7.76162419, 10.18826005])"
1990,6239,179045,"array([7.0512224 , 9.57427659])"
1991,6239,181956,"array([ 8.22074217, 10.96921315])"
1992,6239,183082,"array([ 7.91177371, 10.89675234])"
1993,6239,189636,"array([ 8.25149547, 10.93084464])"
1994,6239,172777,"array([ 7.3029134 , 10.13753415])"
1995,6239,172779,"array([ 5.67656041, 10.60789188])"
1996,6239,190865,"array([ 6.36917202, 10.14381   ])"
1997,6239,172783,"array([6.83706763, 9.7633097 ])"
1998,6239,172784,"array([6.54290354, 9.54205612])"
1999,6239,172788,"array([6.45847676, 9.60295693])"
2000,6239,172889,"array([5.97564615, 9.59960026])"
2001,6239,174066,"array([6.06915181, 9.9178354 ])"
2002,6239,180751,"array([5.88233543, 9.8005279 ])"
2003,6239,185534,"array([5.74930446, 9.78869213])"
2004,6239,191619,"array([5.54730381, 9.51285759])"
2005,6239,172790,"array([ 5.87464777, 10.11725996])"
2006,6239,179051,"array([6.72898389, 9.97422368])"
2007,6239,172794,"array([7.24620606, 9.08095092])"
2008,6239,172799,"array([7.21177212, 9.61304   ])"
2009,6239,172801,"array([7.13722365, 8.87508467])"
2010,6239,185727,"array([7.23571514, 9.60241523])"
2011,6239,176458,"array([6.80345141, 9.63315858])"
2012,6239,178788,"array([6.73475315, 9.8931584 ])"
2013,6239,172805,"array([ 7.17904856, 10.23976867])"
2014,6239,182949,"array([7.12530249, 9.41423011])"
2015,6239,172807,"array([6.23713172, 9.7336235 ])"
2016,6239,182458,"array([6.05137071, 9.63430441])"
2017,6239,172808,"array([7.98352938, 8.75983297])"
2018,6239,172815,"array([ 7.14513303, 10.16783793])"
2019,6239,173558,"array([6.57014421, 9.95726356])"
2020,6239,175946,"array([6.72875827, 9.64755048])"
2021,6239,180534,"array([ 7.303358 , 10.3099072])"
2022,6239,181324,"array([7.42009272, 9.67827572])"
2023,6239,186725,"array([6.61618677, 8.88295057])"
2024,6239,188067,"array([6.45728546, 9.39647486])"
2025,6239,172822,"array([ 7.0517222 , 11.14027071])"
2026,6239,172825,"array([ 7.81498467, 10.00528344])"
2027,6239,179486,"array([7.19398513, 9.84138986])"
2028,6239,172826,"array([7.04935645, 9.89322132])"
2029,6239,173311,"array([7.17917063, 9.42637649])"
2030,6239,172829,"array([6.074113  , 9.15489537])"
2031,6239,172831,"array([ 7.05253645, 10.52770996])"
2032,6239,178043,"array([ 6.87757549, 11.24792724])"
2033,6239,172832,"array([ 7.41079364, 10.08530107])"
2034,6239,173561,"array([ 8.16922861, 10.56668542])"
2035,6239,172836,"array([5.9426186 , 9.63473089])"
2036,6239,172838,"array([6.02974759, 8.90405626])"
2037,6239,174512,"array([ 5.85888635, 10.1882828 ])"
2038,6239,175485,"array([5.93198653, 9.8887479 ])"
2039,6239,177618,"array([6.17842269, 9.93778442])"
2040,6239,177724,"array([ 5.22592164, 10.29582716])"
2041,6239,178696,"array([ 6.05184841, 10.2409674 ])"
2042,6239,179769,"array([ 5.83550634, 10.83036088])"
2043,6239,180265,"array([6.03822862, 9.34557591])"
2044,6239,181408,"array([ 6.08902534, 10.38077469])"
2045,6239,181491,"array([5.6096294 , 9.86761847])"
2046,6239,182276,"array([ 5.9979417 , 10.05712348])"
2047,6239,182697,"array([ 5.21372676, 10.24209378])"
2048,6239,183304,"array([ 5.32802494, 10.29529941])"
2049,6239,183768,"array([ 5.31160678, 10.24455459])"
2050,6239,184003,"array([ 5.83385178, 10.42683208])"
2051,6239,184255,"array([ 5.26307821, 10.25108105])"
2052,6239,184443,"array([ 5.25550505, 10.15163443])"
2053,6239,185483,"array([ 5.58273705, 10.2168601 ])"
2054,6239,185603,"array([ 5.2764226, 10.2031718])"
2055,6239,186925,"array([5.90805001, 9.82916136])"
2056,6239,187867,"array([ 5.27876018, 10.29771097])"
2057,6239,189663,"array([ 5.22580395, 10.19474572])"
2058,6239,189825,"array([ 5.31612522, 10.39127442])"
2059,6239,190310,"array([5.88772439, 9.94453564])"
2060,6239,191329,"array([ 5.73988622, 10.63943644])"
2061,6239,191409,"array([5.68758476, 9.99378647])"
2062,6239,191496,"array([ 6.16521586, 10.63935676])"
2063,6239,191500,"array([ 5.30777902, 10.34246994])"
2064,6239,191721,"array([ 5.249016  , 10.34013966])"
2065,6239,191722,"array([6.14611743, 9.78371427])"
2066,6239,191727,"array([ 5.26442337, 10.38649459])"
2067,6239,191732,"array([5.89920548, 9.87395752])"
2068,6239,172840,"array([5.91577765, 9.62619778])"
2069,6239,173105,"array([5.09419486, 9.62280035])"
2070,6239,179860,"array([5.40376165, 9.42832462])"
2071,6239,172841,"array([6.82176939, 8.81201335])"
2072,6239,179059,"array([ 6.10700393, 10.87493596])"
2073,6239,181374,"array([ 6.89726366, 10.53146954])"
2074,6239,181556,"array([ 6.99561952, 10.35441004])"
2075,6239,183403,"array([ 6.95442772, 10.11004187])"
2076,6239,175487,"array([6.17716635, 9.73211984])"
2077,6239,177551,"array([6.15702035, 9.71551219])"
2078,6239,172847,"array([7.19427371, 7.86911247])"
2079,6239,172849,"array([7.64008643, 9.2347865 ])"
2080,6239,186213,"array([7.16932457, 9.39980908])"
2081,6239,172851,"array([8.39954315, 8.32221677])"
2082,6239,176231,"array([8.04170889, 8.7736676 ])"
2083,6239,172854,"array([ 6.68241877, 10.34029488])"
2084,6239,178005,"array([6.74417587, 9.82010241])"
2085,6239,172856,"array([ 6.18822586, 10.59294452])"
2086,6239,172857,"array([ 6.76152525, 10.5555044 ])"
2087,6239,175879,"array([ 7.07994128, 10.25507828])"
2088,6239,176344,"array([6.88438561, 9.44620669])"
2089,6239,266853,"array([ 7.35679776, 10.13770639])"
2090,6239,174159,"array([ 6.93447336, 10.23973671])"
2091,6239,176130,"array([7.12686772, 9.48866017])"
2092,6239,176223,"array([6.02262814, 9.10954046])"
2093,6239,176224,"array([6.93525341, 9.66097683])"
2094,6239,177461,"array([7.06134822, 9.81186037])"
2095,6239,181432,"array([ 6.32614348, 10.16793683])"
2096,6239,172864,"array([ 6.61255521, 10.55250176])"
2097,6239,179259,"array([ 6.55973815, 10.85668135])"
2098,6239,172868,"array([7.72847328, 9.74359409])"
2099,6239,175702,"array([8.41539769, 9.78324296])"
2100,6239,172870,"array([6.34505709, 9.89250058])"
2101,6239,175922,"array([ 6.81880606, 10.06579853])"
2102,6239,172872,"array([ 7.46935004, 10.6874808 ])"
2103,6239,179629,"array([6.64667984, 9.87095516])"
2104,6239,174436,"array([7.36013344, 9.92622903])"
2105,6239,177101,"array([7.66709838, 9.94337222])"
2106,6239,178515,"array([6.22463063, 9.34371981])"
2107,6239,185410,"array([ 6.81259105, 10.21411074])"
2108,6239,172882,"array([7.52378034, 9.60991274])"
2109,6239,172884,"array([ 7.21008336, 10.7861885 ])"
2110,6239,176629,"array([ 6.89915019, 10.69263874])"
2111,6239,179743,"array([6.07663783, 9.67004926])"
2112,6239,177229,"array([6.2355744 , 9.96384289])"
2113,6239,176597,"array([ 5.95061183, 10.18389501])"
2114,6239,181020,"array([6.21368087, 9.86225229])"
2115,6239,190493,"array([5.77512205, 9.80851512])"
2116,6239,172896,"array([ 6.8018205, 10.0539928])"
2117,6239,181267,"array([6.37950881, 9.97494919])"
2118,6239,172901,"array([ 7.12529303, 10.33335848])"
2119,6239,174515,"array([6.82491854, 9.93960641])"
2120,6239,177511,"array([ 7.25884543, 11.18910486])"
2121,6239,175079,"array([ 7.54624872, 10.37356855])"
2122,6239,176729,"array([ 7.95526128, 10.14906435])"
2123,6239,179971,"array([ 7.12449162, 10.07694335])"
2124,6239,175556,"array([6.94015867, 9.75875159])"
2125,6239,172914,"array([5.82476405, 9.60707174])"
2126,6239,176018,"array([ 6.16563908, 11.08451917])"
2127,6239,181817,"array([ 6.49506598, 10.7437197 ])"
2128,6239,172918,"array([7.56599729, 9.86948043])"
2129,6239,172920,"array([ 7.08581987, 10.00027619])"
2130,6239,175551,"array([ 6.94210681, 10.13818756])"
2131,6239,176358,"array([ 7.37208701, 10.39117916])"
2132,6239,179737,"array([6.75958623, 9.42467162])"
2133,6239,259434,"array([6.89578228, 9.51558988])"
2134,6239,172921,"array([ 7.09669027, 10.26377528])"
2135,6239,172923,"array([15.42643995,  4.07662847])"
2136,6239,184535,"array([15.50437919,  4.15581407])"
2137,6239,172924,"array([7.53451087, 9.31054334])"
2138,6239,172926,"array([6.62953   , 9.56684282])"
2139,6239,175277,"array([6.50499715, 9.95538329])"
2140,6239,177315,"array([6.82894977, 9.35978994])"
2141,6239,179786,"array([6.2561458 , 8.85755339])"
2142,6239,189782,"array([6.34917173, 8.61843293])"
2143,6239,189791,"array([ 6.39558   , 10.02169689])"
2144,6239,172928,"array([ 6.84720294, 10.68524772])"
2145,6239,172929,"array([ 7.99421235, 10.07204184])"
2146,6239,173162,"array([7.76445136, 9.64733117])"
2147,6239,174554,"array([ 7.42045514, 10.25039399])"
2148,6239,181613,"array([ 8.76752328, 10.12931623])"
2149,6239,172930,"array([5.3560082, 9.6724699])"
2150,6239,172938,"array([ 7.50372319, 11.72733144])"
2151,6239,173509,"array([ 7.28520027, 10.98860656])"
2152,6239,173134,"array([ 7.17487132, 10.13370168])"
2153,6239,188189,"array([ 6.48462291, 10.36054187])"
2154,6239,189033,"array([ 7.42233604, 11.58659488])"
2155,6239,172944,"array([ 7.13907808, 10.27172411])"
2156,6239,176495,"array([7.20426083, 9.54391167])"
2157,6239,174192,"array([6.57041186, 9.93080559])"
2158,6239,175022,"array([6.76046377, 9.89738965])"
2159,6239,175868,"array([ 7.17508231, 10.29782835])"
2160,6239,175912,"array([6.66686732, 9.93332461])"
2161,6239,177406,"array([ 6.28770091, 10.20075891])"
2162,6239,177732,"array([6.43240028, 9.41920361])"
2163,6239,180690,"array([6.87133768, 9.86157454])"
2164,6239,189157,"array([6.30773037, 9.69442499])"
2165,6239,190486,"array([6.4885457 , 9.90309418])"
2166,6239,3565393,"array([6.38917781, 9.24638757])"
2167,6239,172949,"array([6.75866865, 9.9729321 ])"
2168,6239,188582,"array([ 6.6148308 , 10.04696586])"
2169,6239,190336,"array([6.78075175, 9.44413561])"
2170,6239,3564865,"array([6.28273423, 9.75329059])"
2171,6239,172954,"array([ 7.50664584, 10.31705723])"
2172,6239,172957,"array([6.98441389, 9.56386783])"
2173,6239,172958,"array([ 6.38253254, 10.04880094])"
2174,6239,174314,"array([6.25655985, 9.8885031 ])"
2175,6239,175819,"array([ 7.11272642, 10.03559305])"
2176,6239,175823,"array([6.7098383 , 9.91128427])"
2177,6239,172959,"array([ 7.1639161 , 10.09532198])"
2178,6239,173489,"array([ 6.78856953, 10.66144658])"
2179,6239,180864,"array([ 7.26497913, 10.1616365 ])"
2180,6239,172976,"array([5.58613877, 9.82484855])"
2181,6239,173232,"array([ 7.23470987, 10.45224916])"
2182,6239,173389,"array([ 7.78915991, 10.35706235])"
2183,6239,175796,"array([ 7.15982041, 10.25519734])"
2184,6239,175801,"array([7.32844896, 9.97132871])"
2185,6239,175925,"array([ 7.09644241, 10.04344869])"
2186,6239,176071,"array([ 7.12632081, 10.24419999])"
2187,6239,176399,"array([7.21963945, 9.84258768])"
2188,6239,177591,"array([ 7.00982876, 10.55692873])"
2189,6239,178221,"array([ 6.80017812, 10.42755168])"
2190,6239,179569,"array([6.82943384, 9.899495  ])"
2191,6239,179787,"array([ 6.89666811, 11.15838549])"
2192,6239,180748,"array([ 7.159291  , 10.39069574])"
2193,6239,181004,"array([ 6.81838417, 10.01508987])"
2194,6239,181610,"array([7.73554265, 9.51864984])"
2195,6239,187217,"array([ 7.86304947, 10.09272713])"
2196,6239,188854,"array([ 7.00505308, 11.17923322])"
2197,6239,177924,"array([7.20662763, 9.58583177])"
2198,6239,178121,"array([6.11089275, 9.72119285])"
2199,6239,179424,"array([ 6.70263116, 10.35455136])"
2200,6239,181697,"array([7.0667459 , 9.85115661])"
2201,6239,190015,"array([6.32387639, 9.97101015])"
2202,6239,172988,"array([5.60812235, 8.23448782])"
2203,6239,187017,"array([5.97550074, 8.69500489])"
2204,6239,172989,"array([6.77466062, 9.24010772])"
2205,6239,172992,"array([5.50943204, 9.39857235])"
2206,6239,172999,"array([7.36325114, 9.8553001 ])"
2207,6239,173004,"array([ 6.49064853, 10.95555461])"
2208,6239,173005,"array([6.18841785, 9.55363751])"
2209,6239,174458,"array([6.53090428, 9.95665131])"
2210,6239,176499,"array([ 7.24131239, 10.03580055])"
2211,6239,177161,"array([6.99956376, 9.83211482])"
2212,6239,184715,"array([ 6.03889337, 10.43056213])"
2213,6239,173014,"array([ 6.20569321, 10.1359216 ])"
2214,6239,175829,"array([ 5.95100148, 10.3409689 ])"
2215,6239,179996,"array([ 5.78063026, 10.63100783])"
2216,6239,185258,"array([ 6.42754188, 10.92894898])"
2217,6239,173016,"array([5.87140021, 9.73553603])"
2218,6239,173019,"array([ 6.51328985, 10.39723184])"
2219,6239,173020,"array([ 5.56951013, 10.25491552])"
2220,6239,176822,"array([ 6.16771239, 10.18068571])"
2221,6239,179063,"array([ 7.22555798, 10.02608871])"
2222,6239,173033,"array([ 8.32157805, 10.10521552])"
2223,6239,179746,"array([ 5.55612814, 10.0578084 ])"
2224,6239,181029,"array([6.34690509, 9.55087607])"
2225,6239,173039,"array([5.39800792, 9.11869363])"
2226,6239,179751,"array([6.00660217, 9.55290685])"
2227,6239,173044,"array([5.59603772, 9.27305233])"
2228,6239,173191,"array([ 6.16949306, 10.06933337])"
2229,6239,175126,"array([ 6.85210493, 10.09024871])"
2230,6239,181284,"array([6.64701635, 9.92751133])"
2231,6239,185826,"array([5.83523484, 9.86145283])"
2232,6239,188802,"array([ 6.60029519, 10.29869372])"
2233,6239,173054,"array([ 5.80854212, 10.6472377 ])"
2234,6239,173058,"array([ 7.52983554, 10.03598854])"
2235,6239,174914,"array([8.46565454, 9.93859663])"
2236,6239,24104675,"array([ 7.51572529, 10.17251667])"
2237,6239,173064,"array([ 6.63577374, 10.34841143])"
2238,6239,184363,"array([ 6.50575784, 11.17722134])"
2239,6239,173065,"array([7.64199848, 9.55715048])"
2240,6239,173067,"array([7.87900671, 9.84554498])"
2241,6239,173069,"array([ 7.3731018 , 10.66392794])"
2242,6239,173369,"array([ 7.34638543, 10.47704423])"
2243,6239,173070,"array([ 6.96173006, 10.02431308])"
2244,6239,175636,"array([ 5.7830244 , 10.17396701])"
2245,6239,173071,"array([ 7.29760509, 10.00676944])"
2246,6239,173073,"array([ 6.91962882, 10.54326886])"
2247,6239,175472,"array([7.43421034, 9.69839042])"
2248,6239,183220,"array([7.90728233, 8.79024   ])"
2249,6239,173077,"array([5.8578479 , 9.87636772])"
2250,6239,188731,"array([ 5.88760697, 10.02353181])"
2251,6239,173099,"array([8.65005722, 9.88814245])"
2252,6239,173100,"array([7.84452043, 7.76927217])"
2253,6239,177141,"array([7.66276454, 8.27356992])"
2254,6239,190930,"array([ 5.93869341, 10.87675692])"
2255,6239,173116,"array([ 5.93981768, 10.40065045])"
2256,6239,185201,"array([ 5.269416  , 10.65931683])"
2257,6239,173120,"array([ 7.61396396, 10.36918147])"
2258,6239,175150,"array([6.36481443, 9.52065067])"
2259,6239,175376,"array([ 6.71533498, 10.12387374])"
2260,6239,175924,"array([5.94399202, 9.99183388])"
2261,6239,178764,"array([6.32470447, 9.81844331])"
2262,6239,190011,"array([5.78490409, 9.57958038])"
2263,6239,173123,"array([-2.82421375, 14.54631442])"
2264,6239,173654,"array([-2.92790216, 14.48615375])"
2265,6239,173124,"array([6.76427333, 9.37447455])"
2266,6239,174901,"array([7.09365522, 9.92629373])"
2267,6239,173125,"array([4.88208284, 9.69527671])"
2268,6239,188227,"array([5.52588462, 9.87385088])"
2269,6239,173133,"array([ 6.99102009, 10.59928969])"
2270,6239,174744,"array([6.95341824, 9.96026399])"
2271,6239,24104671,"array([ 7.08958335, 10.63951769])"
2272,6239,173137,"array([ 6.75474285, 10.04305134])"
2273,6239,173301,"array([ 6.59847576, 10.23559868])"
2274,6239,173435,"array([6.45200721, 9.9292347 ])"
2275,6239,173914,"array([7.1142285 , 9.75769241])"
2276,6239,174778,"array([ 6.69005372, 10.02499638])"
2277,6239,175207,"array([ 6.66710521, 10.01829851])"
2278,6239,176951,"array([ 6.78105091, 10.00810735])"
2279,6239,177750,"array([6.36273565, 9.3335573 ])"
2280,6239,181076,"array([6.15877832, 9.45432918])"
2281,6239,3565610,"array([ 6.50760297, 10.42214565])"
2282,6239,173138,"array([6.39857574, 9.09146758])"
2283,6239,173945,"array([6.78969557, 9.39584312])"
2284,6239,179171,"array([ 7.22434652, 10.19805051])"
2285,6239,173141,"array([7.54946185, 9.35607809])"
2286,6239,173144,"array([ 5.99541459, 10.08775159])"
2287,6239,173147,"array([ 7.33769127, 10.76053052])"
2288,6239,174974,"array([7.48059725, 9.32173505])"
2289,6239,178139,"array([6.81129281, 9.73457932])"
2290,6239,182377,"array([ 6.35971534, 10.6288805 ])"
2291,6239,176755,"array([ 6.99556707, 10.28927069])"
2292,6239,178536,"array([6.99595806, 9.95016793])"
2293,6239,179310,"array([ 5.7616784 , 10.39797182])"
2294,6239,180393,"array([ 6.97151805, 10.45918801])"
2295,6239,185875,"array([6.94257429, 9.84706872])"
2296,6239,191761,"array([ 5.73290319, 11.38718266])"
2297,6239,173152,"array([8.79983694, 6.7398427 ])"
2298,6239,185814,"array([8.6447649 , 7.02100187])"
2299,6239,173153,"array([6.6955062 , 9.53067799])"
2300,6239,173158,"array([ 7.05128745, 10.1273414 ])"
2301,6239,173167,"array([7.40522359, 9.9927674 ])"
2302,6239,174353,"array([ 7.78585103, 10.90714958])"
2303,6239,173858,"array([ 7.00099642, 10.1559196 ])"
2304,6239,173169,"array([ 7.19572732, 10.27873261])"
2305,6239,173171,"array([7.7572977 , 9.89619944])"
2306,6239,175836,"array([7.43353409, 9.57068308])"
2307,6239,173174,"array([ 5.59422589, 10.28337943])"
2308,6239,173175,"array([7.44769309, 9.67103282])"
2309,6239,173693,"array([6.88263482, 9.18246035])"
2310,6239,181823,"array([7.68995819, 9.47594769])"
2311,6239,173177,"array([ 7.84699577, 10.8698886 ])"
2312,6239,173187,"array([6.17651355, 9.42996611])"
2313,6239,174574,"array([5.35972785, 9.77640968])"
2314,6239,176373,"array([ 6.89270154, 10.11887064])"
2315,6239,178047,"array([6.35804122, 8.66023401])"
2316,6239,186145,"array([5.92277385, 9.92359526])"
2317,6239,173192,"array([6.27097548, 9.49652073])"
2318,6239,177808,"array([6.81235286, 9.75399161])"
2319,6239,173193,"array([ 6.94913157, 11.0673154 ])"
2320,6239,175628,"array([ 7.10382078, 10.20859085])"
2321,6239,173194,"array([8.01047947, 8.82760943])"
2322,6239,173196,"array([6.74566427, 9.87173824])"
2323,6239,174050,"array([7.19289218, 9.9477007 ])"
2324,6239,178867,"array([7.19195606, 9.92320601])"
2325,6239,175426,"array([6.81468507, 9.49452277])"
2326,6239,181195,"array([ 6.86906288, 10.43092264])"
2327,6239,183866,"array([ 5.40427739, 10.00081102])"
2328,6239,173203,"array([ 6.83565377, 10.21665134])"
2329,6239,173204,"array([7.3247423 , 9.93037334])"
2330,6239,173205,"array([7.29591146, 9.98222397])"
2331,6239,173213,"array([6.62312453, 9.50022312])"
2332,6239,173214,"array([ 6.49875678, 10.26606115])"
2333,6239,179192,"array([ 5.92270237, 10.08502018])"
2334,6239,186214,"array([6.4696164 , 9.91919955])"
2335,6239,173217,"array([6.17056536, 7.75656916])"
2336,6239,174234,"array([6.34691625, 8.28162811])"
2337,6239,173218,"array([ 5.95457461, 10.04582401])"
2338,6239,174409,"array([ 6.40765267, 10.29232187])"
2339,6239,173223,"array([16.73766754, 13.68029846])"
2340,6239,175943,"array([16.71867356, 13.78827817])"
2341,6239,173226,"array([ 6.81482127, 10.14924293])"
2342,6239,173227,"array([ 7.00663453, 10.65105264])"
2343,6239,173229,"array([6.51263303, 9.52345294])"
2344,6239,173231,"array([7.19227407, 9.62205956])"
2345,6239,173233,"array([ 7.03065649, 10.63911215])"
2346,6239,179976,"array([ 7.55547138, 10.60611454])"
2347,6239,173234,"array([6.26792351, 9.37598495])"
2348,6239,173237,"array([ 7.57006561, 10.07481199])"
2349,6239,173243,"array([5.63906705, 9.48745843])"
2350,6239,173244,"array([6.38271537, 9.95369679])"
2351,6239,173926,"array([6.42587806, 9.24335088])"
2352,6239,174710,"array([6.77962583, 9.56615865])"
2353,6239,179321,"array([7.02908759, 9.55654007])"
2354,6239,181657,"array([ 5.73434077, 10.33270414])"
2355,6239,187899,"array([ 6.54950483, 10.65223134])"
2356,6239,173248,"array([6.03203044, 9.16774599])"
2357,6239,173252,"array([6.08272506, 9.05133062])"
2358,6239,181790,"array([6.25347216, 9.34806289])"
2359,6239,173255,"array([5.35293934, 9.07226261])"
2360,6239,173256,"array([5.87993018, 9.99971544])"
2361,6239,173257,"array([7.03109695, 9.84583481])"
2362,6239,173431,"array([ 8.25259999, 10.68791012])"
2363,6239,180760,"array([ 6.89931538, 10.34415639])"
2364,6239,173262,"array([17.29638838,  7.30128273])"
2365,6239,189191,"array([17.23988252,  7.20546372])"
2366,6239,173269,"array([7.96057888, 9.69593998])"
2367,6239,173273,"array([ 6.76299455, 10.80370254])"
2368,6239,173276,"array([6.67528828, 9.78594599])"
2369,6239,173503,"array([ 5.99741596, 10.14826946])"
2370,6239,174111,"array([6.61550501, 8.93106184])"
2371,6239,175915,"array([ 7.37389137, 10.18238531])"
2372,6239,177503,"array([ 7.11476881, 10.19678635])"
2373,6239,177609,"array([7.37283856, 9.97918718])"
2374,6239,179032,"array([ 6.79052665, 10.47786136])"
2375,6239,179389,"array([ 6.55656025, 10.2665207 ])"
2376,6239,179429,"array([7.40445064, 9.78368445])"
2377,6239,179672,"array([ 6.61258928, 10.25808194])"
2378,6239,179693,"array([6.31428888, 9.18023817])"
2379,6239,179849,"array([ 7.31751784, 10.33579075])"
2380,6239,183426,"array([6.05230847, 9.19743724])"
2381,6239,185868,"array([6.16587053, 9.11272687])"
2382,6239,190226,"array([7.61841741, 9.643405  ])"
2383,6239,245998,"array([ 6.64204605, 10.08263903])"
2384,6239,173599,"array([6.15100434, 9.98789393])"
2385,6239,173748,"array([6.50086526, 9.68214969])"
2386,6239,174358,"array([5.88878604, 9.39189177])"
2387,6239,175038,"array([ 6.85031587, 10.41257193])"
2388,6239,175952,"array([ 6.62127829, 10.22659031])"
2389,6239,177096,"array([ 6.17103266, 10.00071449])"
2390,6239,177788,"array([ 6.61363168, 10.07926137])"
2391,6239,177948,"array([6.29821299, 9.38513312])"
2392,6239,180485,"array([6.89473762, 9.94745596])"
2393,6239,181022,"array([ 6.04355419, 10.08651329])"
2394,6239,182262,"array([6.32660209, 9.36445223])"
2395,6239,183193,"array([6.00490984, 9.58463549])"
2396,6239,186478,"array([ 6.40923029, 10.10909083])"
2397,6239,191125,"array([6.36124137, 9.95563378])"
2398,6239,173773,"array([ 6.59740065, 10.20876582])"
2399,6239,173943,"array([5.86019539, 9.94536581])"
2400,6239,174647,"array([5.98009522, 9.65765879])"
2401,6239,174672,"array([7.24687777, 9.73636582])"
2402,6239,174960,"array([5.95503798, 9.7203526 ])"
2403,6239,175442,"array([ 6.14984221, 10.25830348])"
2404,6239,175542,"array([6.1359868 , 9.60660862])"
2405,6239,175695,"array([6.67861049, 9.99557618])"
2406,6239,176050,"array([5.65789119, 9.73610591])"
2407,6239,176091,"array([6.08134482, 9.63888568])"
2408,6239,176326,"array([5.48498742, 9.43762838])"
2409,6239,177079,"array([5.41315819, 9.69516881])"
2410,6239,177280,"array([5.71793758, 9.76948948])"
2411,6239,177636,"array([7.07838131, 9.77745464])"
2412,6239,178042,"array([ 6.40344431, 10.0467626 ])"
2413,6239,178060,"array([6.97919463, 9.85148946])"
2414,6239,178087,"array([5.43236215, 9.60594806])"
2415,6239,178265,"array([5.71853271, 9.86682193])"
2416,6239,178354,"array([ 6.58535607, 10.11589274])"
2417,6239,178724,"array([5.46784234, 9.53942863])"
2418,6239,178901,"array([ 6.54162568, 10.01871259])"
2419,6239,178919,"array([5.65472459, 9.82714116])"
2420,6239,178987,"array([ 6.42946814, 10.30784323])"
2421,6239,179034,"array([ 7.12980527, 10.4029444 ])"
2422,6239,179087,"array([5.38237312, 9.81177979])"
2423,6239,179679,"array([6.24244812, 9.31223424])"
2424,6239,180050,"array([6.56832361, 8.97736115])"
2425,6239,180549,"array([5.88750491, 9.49078362])"
2426,6239,180552,"array([5.54869629, 9.37545936])"
2427,6239,180597,"array([ 6.99202609, 10.54121145])"
2428,6239,180659,"array([6.21065329, 9.50010181])"
2429,6239,180681,"array([6.29558981, 9.93000216])"
2430,6239,181502,"array([ 6.86058628, 10.2198315 ])"
2431,6239,181627,"array([5.70916846, 9.72860767])"
2432,6239,182001,"array([5.42903113, 9.65225517])"
2433,6239,183219,"array([5.87418712, 9.67372144])"
2434,6239,183748,"array([6.03456146, 9.57409031])"
2435,6239,189295,"array([5.48435212, 9.6281369 ])"
2436,6239,190110,"array([ 6.34082711, 10.21037383])"
2437,6239,190799,"array([5.53973747, 9.42445345])"
2438,6239,191026,"array([6.41739349, 9.83008541])"
2439,6239,191622,"array([5.55852739, 9.30362507])"
2440,6239,191821,"array([5.58022869, 9.33736027])"
2441,6239,259340,"array([6.48985433, 9.7880901 ])"
2442,6239,174005,"array([5.9689077 , 9.62797538])"
2443,6239,178629,"array([ 6.74085756, 10.10161445])"
2444,6239,180952,"array([6.26065098, 9.74526971])"
2445,6239,184042,"array([6.58855937, 9.16516056])"
2446,6239,187916,"array([ 6.32146544, 10.48419945])"
2447,6239,175831,"array([ 6.69815769, 10.10042839])"
2448,6239,179808,"array([ 6.571962  , 10.07062467])"
2449,6239,173306,"array([7.71859856, 9.61891541])"
2450,6239,175413,"array([ 7.13217941, 10.20576108])"
2451,6239,173310,"array([ 6.68790011, 10.27652713])"
2452,6239,187434,"array([6.74124926, 9.74666977])"
2453,6239,173316,"array([6.47320993, 9.62377812])"
2454,6239,174097,"array([6.25333283, 9.59134962])"
2455,6239,175327,"array([5.90856825, 9.03092559])"
2456,6239,175580,"array([5.91925001, 9.0853021 ])"
2457,6239,175671,"array([7.22663315, 9.65603113])"
2458,6239,177615,"array([6.12774437, 9.00582401])"
2459,6239,178865,"array([5.864807  , 9.13776256])"
2460,6239,181123,"array([7.51023792, 9.58039213])"
2461,6239,181752,"array([ 6.56972398, 10.44768224])"
2462,6239,174823,"array([ 6.8206087 , 10.17404448])"
2463,6239,174825,"array([7.26431588, 9.81214271])"
2464,6239,175089,"array([6.56368033, 9.83030178])"
2465,6239,175538,"array([ 7.42777843, 10.06919948])"
2466,6239,175848,"array([ 6.51383165, 10.11424479])"
2467,6239,177242,"array([ 7.33910654, 10.69462665])"
2468,6239,179912,"array([7.16939026, 9.99261401])"
2469,6239,181293,"array([6.805287  , 9.80306575])"
2470,6239,173321,"array([ 6.26174584, 10.59092911])"
2471,6239,180820,"array([ 5.72344469, 11.09764161])"
2472,6239,173323,"array([ 6.98141105, 10.02811269])"
2473,6239,178197,"array([7.05760865, 9.45588964])"
2474,6239,184922,"array([ 7.23845967, 10.65326243])"
2475,6239,173327,"array([ 6.50000763, 10.5079001 ])"
2476,6239,188577,"array([6.68416073, 9.61815423])"
2477,6239,3565594,"array([ 6.11085655, 10.13257611])"
2478,6239,173332,"array([ 5.6325814 , 10.07800877])"
2479,6239,173334,"array([ 6.97663486, 10.2310807 ])"
2480,6239,179789,"array([6.83553803, 9.53770905])"
2481,6239,173340,"array([ 7.28100342, 10.57892737])"
2482,6239,173345,"array([6.75312982, 9.2692615 ])"
2483,6239,174402,"array([6.72597162, 9.3924454 ])"
2484,6239,174822,"array([ 6.7468506 , 10.47357451])"
2485,6239,176814,"array([ 6.88978323, 10.21378626])"
2486,6239,177073,"array([6.97325843, 9.91450809])"
2487,6239,181990,"array([ 8.33948468, 10.47133687])"
2488,6239,173353,"array([7.54675755, 9.39861869])"
2489,6239,177190,"array([7.2604286 , 9.83300274])"
2490,6239,188311,"array([7.56831694, 9.19227186])"
2491,6239,3565572,"array([7.5211205, 9.1634117])"
2492,6239,173360,"array([ 6.91794439, 10.00064514])"
2493,6239,174659,"array([6.83769866, 9.86665556])"
2494,6239,180667,"array([6.84837438, 9.36994128])"
2495,6239,173364,"array([7.27624445, 9.32284869])"
2496,6239,174595,"array([6.68169085, 9.43259451])"
2497,6239,188016,"array([ 5.38581892, 10.05140548])"
2498,6239,173366,"array([5.51392913, 9.65820741])"
2499,6239,180040,"array([ 7.50700867, 10.72890579])"
2500,6239,173372,"array([ 7.17113498, 10.4825326 ])"
2501,6239,173374,"array([ 7.80834426, 10.34875682])"
2502,6239,181158,"array([ 8.54541519, 10.66823043])"
2503,6239,173382,"array([7.80692066, 9.12958591])"
2504,6239,173383,"array([6.73251895, 9.67463084])"
2505,6239,175975,"array([ 6.95051396, 10.27591633])"
2506,6239,173385,"array([6.06059723, 9.74098895])"
2507,6239,190925,"array([6.14320436, 9.52953449])"
2508,6239,173388,"array([ 7.00046417, 11.57247451])"
2509,6239,173391,"array([6.90697772, 7.50415266])"
2510,6239,173754,"array([6.90117403, 8.00793912])"
2511,6239,173392,"array([6.77494564, 9.53111139])"
2512,6239,177458,"array([7.11420196, 9.93027694])"
2513,6239,173396,"array([5.69891052, 8.97999846])"
2514,6239,173398,"array([5.68003998, 8.78220661])"
2515,6239,173399,"array([ 5.86409168, 10.06900066])"
2516,6239,173401,"array([6.23036288, 9.47440539])"
2517,6239,173944,"array([7.28604851, 9.93751793])"
2518,6239,174699,"array([ 7.17862552, 10.34599057])"
2519,6239,175070,"array([ 7.2052489 , 10.32238115])"
2520,6239,175790,"array([ 6.68666561, 10.57582739])"
2521,6239,176284,"array([7.4050851 , 9.96766967])"
2522,6239,176955,"array([ 6.6931998 , 10.21661943])"
2523,6239,177108,"array([7.08133935, 9.81473792])"
2524,6239,177880,"array([ 7.3689032 , 10.33557939])"
2525,6239,178812,"array([ 6.64882306, 10.903269  ])"
2526,6239,179069,"array([7.01598492, 9.96182731])"
2527,6239,179388,"array([6.98792256, 9.89584536])"
2528,6239,179428,"array([ 7.43720902, 10.21336542])"
2529,6239,180027,"array([ 7.39056946, 10.44303563])"
2530,6239,186873,"array([ 6.30881022, 11.06976618])"
2531,6239,189167,"array([ 6.31227361, 10.3756683 ])"
2532,6239,259996,"array([ 6.19704859, 10.62133227])"
2533,6239,173408,"array([ 6.13071167, 10.20859622])"
2534,6239,173410,"array([6.27385689, 8.21093252])"
2535,6239,189994,"array([6.54355525, 8.80269049])"
2536,6239,191457,"array([6.2384189 , 8.60792335])"
2537,6239,173416,"array([ 7.18302605, 10.19322593])"
2538,6239,173421,"array([ 5.83730147, 11.06332286])"
2539,6239,173422,"array([ 6.31083347, 10.01242959])"
2540,6239,174786,"array([ 7.09013888, 10.11249722])"
2541,6239,173428,"array([7.85058237, 9.52843351])"
2542,6239,180568,"array([7.43128311, 9.65063993])"
2543,6239,179841,"array([ 8.78283399, 10.99795927])"
2544,6239,173434,"array([5.85110468, 9.69550016])"
2545,6239,175152,"array([6.3775899 , 9.29190815])"
2546,6239,176511,"array([6.83412038, 9.63171482])"
2547,6239,173436,"array([7.56724084, 9.92621089])"
2548,6239,173437,"array([ 7.01736763, 10.34174355])"
2549,6239,173552,"array([6.80513413, 9.13612375])"
2550,6239,174268,"array([ 7.32522424, 10.09017014])"
2551,6239,174364,"array([7.01069518, 9.93934605])"
2552,6239,174826,"array([ 6.45106478, 10.20135228])"
2553,6239,178147,"array([6.50528628, 9.89270725])"
2554,6239,186227,"array([6.79684354, 9.31613306])"
2555,6239,187835,"array([6.4130864 , 9.75283307])"
2556,6239,188864,"array([7.53629176, 9.1051142 ])"
2557,6239,190028,"array([7.32542008, 9.94812273])"
2558,6239,3565234,"array([6.75784576, 9.50443438])"
2559,6239,173444,"array([6.31694071, 9.06649751])"
2560,6239,175021,"array([ 6.38926918, 10.54922357])"
2561,6239,178078,"array([7.20715874, 9.82163936])"
2562,6239,178183,"array([7.3168566 , 9.72340379])"
2563,6239,179616,"array([7.14143102, 9.87191165])"
2564,6239,186971,"array([6.95328451, 8.75207002])"
2565,6239,188178,"array([6.84349568, 9.09974933])"
2566,6239,188228,"array([7.01481316, 8.79237469])"
2567,6239,192080,"array([6.96226181, 8.79450208])"
2568,6239,24105291,"array([7.18056699, 9.45254902])"
2569,6239,173454,"array([ 8.22179592, 11.41768057])"
2570,6239,181289,"array([ 7.80825175, 10.8635637 ])"
2571,6239,173458,"array([6.4830969 , 8.83794555])"
2572,6239,173459,"array([ 7.41926067, 10.04879177])"
2573,6239,173468,"array([7.3004839 , 9.95359161])"
2574,6239,173476,"array([ 8.70292963, 10.09081547])"
2575,6239,177422,"array([ 7.88765473, 10.06695131])"
2576,6239,173480,"array([6.61005776, 9.24051099])"
2577,6239,173482,"array([ 7.94439459, 11.28619647])"
2578,6239,174800,"array([ 7.43903974, 10.54874751])"
2579,6239,184534,"array([ 6.50024051, 11.395898  ])"
2580,6239,173496,"array([6.65138254, 9.72050739])"
2581,6239,173497,"array([7.70549601, 9.63922428])"
2582,6239,173498,"array([7.28828619, 9.55780876])"
2583,6239,173505,"array([5.64365028, 9.42731191])"
2584,6239,173511,"array([ 7.89802568, 11.22562641])"
2585,6239,180213,"array([ 8.26532139, 11.86604399])"
2586,6239,173513,"array([6.72138072, 9.75907988])"
2587,6239,177157,"array([6.4608036 , 9.84338879])"
2588,6239,179237,"array([6.62400462, 9.37109377])"
2589,6239,180781,"array([ 7.11320741, 10.05670223])"
2590,6239,180985,"array([6.53508312, 9.70467628])"
2591,6239,173517,"array([6.08446499, 8.70700924])"
2592,6239,173539,"array([ 8.09632393, 11.06686076])"
2593,6239,173571,"array([ 7.84516634, 10.3942722 ])"
2594,6239,173574,"array([ 7.48487989, 10.97918287])"
2595,6239,180750,"array([ 7.83661593, 11.64861539])"
2596,6239,184390,"array([ 7.88167667, 11.61491528])"
2597,6239,185156,"array([ 6.35726095, 10.22042202])"
2598,6239,186404,"array([ 7.78119153, 11.65399599])"
2599,6239,173579,"array([7.6309901 , 9.76430581])"
2600,6239,173580,"array([ 6.43054775, 11.32600478])"
2601,6239,185682,"array([ 6.51345181, 10.69779064])"
2602,6239,173587,"array([ 6.02211288, 10.51817722])"
2603,6239,173589,"array([5.71023116, 9.16159199])"
2604,6239,173590,"array([7.24962272, 9.01652193])"
2605,6239,173591,"array([ 5.80229513, 10.38500167])"
2606,6239,173595,"array([7.67789062, 9.85192364])"
2607,6239,173601,"array([7.39079717, 9.41312256])"
2608,6239,173611,"array([ 6.704355  , 10.97677731])"
2609,6239,178447,"array([ 7.0281707 , 10.53008524])"
2610,6239,173615,"array([6.98613645, 8.98860841])"
2611,6239,173621,"array([ 6.20329401, 11.70944968])"
2612,6239,173624,"array([ 5.64756674, 10.77158773])"
2613,6239,173626,"array([5.10808748, 9.74563585])"
2614,6239,173632,"array([ 6.57528472, 10.65539362])"
2615,6239,173637,"array([6.30132217, 9.64559324])"
2616,6239,175858,"array([6.34006583, 9.85420358])"
2617,6239,173651,"array([ 5.44788854, 10.2994194 ])"
2618,6239,173652,"array([6.45737254, 9.65723745])"
2619,6239,173653,"array([5.98581622, 9.47292744])"
2620,6239,177250,"array([5.88061393, 9.70530574])"
2621,6239,189035,"array([-3.01451701, 14.40759904])"
2622,6239,173668,"array([7.21992587, 9.87873878])"
2623,6239,174006,"array([7.05618219, 9.83587858])"
2624,6239,173678,"array([6.88886836, 8.81859246])"
2625,6239,174029,"array([6.64464069, 9.50425103])"
2626,6239,173681,"array([ 6.25151651, 10.37808137])"
2627,6239,181121,"array([ 6.37135598, 10.7148689 ])"
2628,6239,181892,"array([ 6.81743625, 10.60313569])"
2629,6239,173682,"array([6.12206548, 8.96329657])"
2630,6239,181180,"array([5.63416995, 8.48285714])"
2631,6239,173688,"array([ 7.31098677, 11.0103288 ])"
2632,6239,173690,"array([7.06717008, 9.12381233])"
2633,6239,173768,"array([7.28505851, 9.75877162])"
2634,6239,173695,"array([ 6.39363895, 11.06049815])"
2635,6239,173700,"array([5.98151513, 9.25618815])"
2636,6239,173707,"array([ 6.07954518, 10.61171713])"
2637,6239,176196,"array([ 7.15476604, 10.14953111])"
2638,6239,173714,"array([8.58048256, 9.78609397])"
2639,6239,177423,"array([8.15557478, 9.57616821])"
2640,6239,173939,"array([6.05151828, 9.83317925])"
2641,6239,180672,"array([6.04337208, 9.30834507])"
2642,6239,173788,"array([6.0897138, 9.4904571])"
2643,6239,174395,"array([ 7.23865249, 10.56569816])"
2644,6239,175099,"array([6.11712102, 9.48216017])"
2645,6239,175238,"array([ 6.25690744, 10.24468074])"
2646,6239,179472,"array([6.27740837, 9.88467887])"
2647,6239,173740,"array([6.10385476, 9.52353292])"
2648,6239,175297,"array([6.20463306, 9.82636846])"
2649,6239,176802,"array([6.7455847 , 9.79277312])"
2650,6239,181783,"array([6.64476314, 8.99615117])"
2651,6239,173746,"array([7.45912147, 8.48739979])"
2652,6239,174941,"array([7.19145146, 8.55085787])"
2653,6239,181690,"array([7.19124738, 9.1681219 ])"
2654,6239,185800,"array([7.69977069, 8.4783633 ])"
2655,6239,173747,"array([7.04533944, 8.16035046])"
2656,6239,173750,"array([ 6.82345123, 10.31972493])"
2657,6239,175900,"array([ 6.95403663, 10.42361776])"
2658,6239,173753,"array([6.81807112, 9.82915599])"
2659,6239,178897,"array([6.97772106, 7.5236788 ])"
2660,6239,173755,"array([5.1549258 , 9.48401161])"
2661,6239,173758,"array([ 5.98072552, 10.38845768])"
2662,6239,173765,"array([5.85678777, 9.59723734])"
2663,6239,176162,"array([6.31671073, 9.29587103])"
2664,6239,176360,"array([5.82936217, 9.82241127])"
2665,6239,176655,"array([5.99781444, 9.67688786])"
2666,6239,178454,"array([6.10679927, 9.65833143])"
2667,6239,181529,"array([5.54123461, 9.58394967])"
2668,6239,188502,"array([5.12743525, 9.39210659])"
2669,6239,173767,"array([7.32233884, 9.91058095])"
2670,6239,175270,"array([6.95368057, 9.91846535])"
2671,6239,177182,"array([ 7.51892121, 10.52225884])"
2672,6239,175162,"array([ 6.90193214, 10.08768316])"
2673,6239,174586,"array([7.06021372, 9.79409641])"
2674,6239,174643,"array([6.67274772, 9.45903706])"
2675,6239,177226,"array([6.48283149, 9.96521361])"
2676,6239,178985,"array([6.22754008, 9.57138953])"
2677,6239,176614,"array([ 6.74278646, 10.08144101])"
2678,6239,173777,"array([ 7.95654698, 10.77484378])"
2679,6239,173780,"array([5.6188909 , 9.64652458])"
2680,6239,173783,"array([ 6.72663755, 10.35248883])"
2681,6239,177318,"array([6.50936046, 9.49233585])"
2682,6239,173793,"array([ 7.44899711, 10.58670037])"
2683,6239,179824,"array([ 7.01787721, 10.36452892])"
2684,6239,173795,"array([ 5.53831865, 11.57187808])"
2685,6239,173807,"array([ 7.15018575, 10.2010661 ])"
2686,6239,174398,"array([6.61730538, 9.47167987])"
2687,6239,178084,"array([7.25682007, 9.85345539])"
2688,6239,178535,"array([ 6.11460726, 10.54657776])"
2689,6239,179352,"array([6.88156882, 9.58431488])"
2690,6239,179749,"array([7.28601833, 9.78602215])"
2691,6239,181686,"array([ 6.15444061, 10.75845634])"
2692,6239,173809,"array([ 7.22047399, 10.39590536])"
2693,6239,173810,"array([ 6.12607849, 10.66440965])"
2694,6239,176067,"array([8.04631139, 9.7056843 ])"
2695,6239,173830,"array([6.46409716, 9.23586186])"
2696,6239,173835,"array([ 5.68840833, 10.56842512])"
2697,6239,173837,"array([ 5.83035805, 10.68766843])"
2698,6239,173840,"array([6.59103112, 9.97252353])"
2699,6239,191199,"array([ 6.7079344 , 10.41401844])"
2700,6239,173842,"array([ 7.38353574, 10.36536197])"
2701,6239,173969,"array([ 7.09810167, 11.65417193])"
2702,6239,174582,"array([ 7.01383229, 10.25869463])"
2703,6239,174660,"array([ 6.76851185, 11.61801343])"
2704,6239,174720,"array([ 7.52344099, 10.96521108])"
2705,6239,174797,"array([ 6.71742544, 11.12181472])"
2706,6239,174832,"array([ 6.7231346, 11.5831044])"
2707,6239,174939,"array([ 6.85397928, 11.27926934])"
2708,6239,175401,"array([ 6.76265332, 10.4131273 ])"
2709,6239,175473,"array([ 6.94676856, 11.74086416])"
2710,6239,175494,"array([ 6.95663603, 11.56568247])"
2711,6239,175505,"array([ 6.98284327, 10.47758922])"
2712,6239,176570,"array([ 6.85260241, 11.59600873])"
2713,6239,176711,"array([ 6.98007713, 11.65831718])"
2714,6239,176942,"array([ 6.92664193, 11.65424652])"
2715,6239,177372,"array([ 7.5038306, 10.630757 ])"
2716,6239,177646,"array([ 6.85054657, 11.49948893])"
2717,6239,178014,"array([7.40757257, 9.9258835 ])"
2718,6239,178304,"array([ 7.20392419, 11.29815649])"
2719,6239,178331,"array([ 7.47910138, 10.71992701])"
2720,6239,178533,"array([ 6.64429523, 11.18033272])"
2721,6239,178647,"array([ 6.46600389, 11.04075359])"
2722,6239,178798,"array([ 7.61163774, 10.92838769])"
2723,6239,178856,"array([ 7.02992362, 11.63101621])"
2724,6239,178860,"array([ 6.7715131 , 11.15187123])"
2725,6239,179090,"array([ 7.68187794, 10.70458243])"
2726,6239,179217,"array([ 6.6646815 , 10.20924733])"
2727,6239,179291,"array([ 7.01165529, 11.26553082])"
2728,6239,179636,"array([ 6.98247561, 11.6145645 ])"
2729,6239,180235,"array([ 6.56783555, 10.89180616])"
2730,6239,180269,"array([ 6.70588628, 11.53165615])"
2731,6239,180366,"array([ 7.00766663, 11.74982357])"
2732,6239,180616,"array([ 7.42639357, 10.19228875])"
2733,6239,180617,"array([ 7.55691934, 10.52497338])"
2734,6239,180769,"array([ 6.93081938, 10.41611872])"
2735,6239,180854,"array([ 7.82716746, 10.54976862])"
2736,6239,180878,"array([ 7.02631377, 10.15830963])"
2737,6239,180885,"array([ 7.29137258, 10.84985897])"
2738,6239,181019,"array([ 7.1746638 , 10.52533528])"
2739,6239,181141,"array([ 6.88485803, 11.35446964])"
2740,6239,181282,"array([ 6.35461898, 10.59353551])"
2741,6239,181365,"array([ 7.07422193, 10.39080354])"
2742,6239,181382,"array([ 7.0790937, 11.7457654])"
2743,6239,182676,"array([ 7.08392136, 11.61124476])"
2744,6239,182812,"array([ 7.28524613, 10.49043156])"
2745,6239,182977,"array([ 6.89379852, 11.59878564])"
2746,6239,182978,"array([ 6.91315024, 11.56016292])"
2747,6239,183129,"array([ 7.18942863, 10.99614968])"
2748,6239,183344,"array([ 6.30898291, 10.90851127])"
2749,6239,184058,"array([ 6.7454193, 11.4849744])"
2750,6239,184495,"array([ 7.08203417, 11.56046564])"
2751,6239,185571,"array([ 7.03346909, 11.29812387])"
2752,6239,185859,"array([ 6.9352154 , 11.51692642])"
2753,6239,186065,"array([ 6.35046792, 10.52873854])"
2754,6239,186337,"array([ 6.82821914, 11.21115714])"
2755,6239,186727,"array([ 6.76872384, 11.57050256])"
2756,6239,187390,"array([ 7.07021253, 11.27717126])"
2757,6239,187594,"array([ 6.34756898, 10.69181776])"
2758,6239,187825,"array([ 6.41636789, 10.82304114])"
2759,6239,187851,"array([ 6.79604696, 11.48997566])"
2760,6239,188027,"array([ 6.87557083, 11.64407433])"
2761,6239,188133,"array([ 6.51049895, 10.83721737])"
2762,6239,188641,"array([ 6.81140341, 11.58394301])"
2763,6239,188774,"array([ 7.03060211, 11.53934091])"
2764,6239,188815,"array([ 7.12737228, 11.58500148])"
2765,6239,188922,"array([ 6.98123757, 11.52472771])"
2766,6239,189292,"array([ 7.0438333 , 11.58658386])"
2767,6239,189689,"array([6.95673139, 9.55178006])"
2768,6239,189988,"array([ 6.82124463, 11.63354563])"
2769,6239,190529,"array([ 6.80772087, 11.53327234])"
2770,6239,190962,"array([ 6.75769385, 11.52826473])"
2771,6239,191335,"array([ 6.88939121, 11.52361809])"
2772,6239,191473,"array([ 6.87987339, 11.05503019])"
2773,6239,191566,"array([ 6.9360695 , 11.61077954])"
2774,6239,181253,"array([6.4073433 , 9.61832007])"
2775,6239,3564807,"array([7.28018226, 9.82315265])"
2776,6239,173850,"array([6.36760417, 9.81555774])"
2777,6239,173851,"array([5.67517674, 9.46412032])"
2778,6239,173863,"array([ 6.79260085, 10.24483862])"
2779,6239,174203,"array([7.23434039, 9.92710624])"
2780,6239,173867,"array([ 6.59380945, 11.03881903])"
2781,6239,175574,"array([ 6.56476949, 10.67791395])"
2782,6239,173869,"array([ 6.61101821, 10.01722926])"
2783,6239,174260,"array([6.90440721, 9.26770096])"
2784,6239,176806,"array([ 6.73336678, 10.37434262])"
2785,6239,173871,"array([5.95063108, 9.06411981])"
2786,6239,266859,"array([6.70853356, 9.55290162])"
2787,6239,173879,"array([ 5.38654062, 10.21833643])"
2788,6239,173886,"array([5.88890712, 7.83125333])"
2789,6239,184365,"array([6.1285438 , 8.31114733])"
2790,6239,173891,"array([ 4.18580422, -0.41940476])"
2791,6239,189467,"array([ 4.25870706, -0.50415549])"
2792,6239,173907,"array([ 6.43630234, 10.04666026])"
2793,6239,174346,"array([ 7.09494154, 10.09493628])"
2794,6239,174693,"array([ 6.2728095 , 10.27525132])"
2795,6239,175719,"array([6.13545531, 9.13911924])"
2796,6239,177614,"array([6.17529599, 9.07426088])"
2797,6239,178166,"array([ 6.42352732, 10.26377039])"
2798,6239,178725,"array([ 7.63341253, 10.10218368])"
2799,6239,178937,"array([7.26694017, 9.44834454])"
2800,6239,179329,"array([ 6.53592607, 10.19355726])"
2801,6239,180079,"array([7.40889482, 9.51786203])"
2802,6239,181498,"array([6.9428138, 9.6805765])"
2803,6239,186044,"array([7.07344705, 9.54901477])"
2804,6239,187757,"array([6.86663788, 9.32326462])"
2805,6239,188710,"array([ 6.6926745 , 10.31747638])"
2806,6239,190137,"array([6.22723262, 9.39563181])"
2807,6239,190317,"array([ 7.24832697, 10.0962819 ])"
2808,6239,191283,"array([5.91960315, 9.47101478])"
2809,6239,3565904,"array([5.7499085 , 9.58253709])"
2810,6239,173904,"array([ 6.26532427, 10.33112991])"
2811,6239,177610,"array([6.68413096, 9.80728232])"
2812,6239,173908,"array([ 6.37624421, 11.45213833])"
2813,6239,180367,"array([6.75104479, 9.39910852])"
2814,6239,173915,"array([7.33855271, 9.79341896])"
2815,6239,173917,"array([ 6.41396025, 11.22253485])"
2816,6239,180810,"array([ 6.51864271, 10.60037988])"
2817,6239,175117,"array([6.63593183, 9.53746116])"
2818,6239,173922,"array([ 8.11138915, 10.21135157])"
2819,6239,173930,"array([ 7.63383662, 10.24027018])"
2820,6239,173932,"array([ 5.45875735, 10.70986981])"
2821,6239,173937,"array([6.49745715, 8.5107745 ])"
2822,6239,183737,"array([6.63143558, 9.19723975])"
2823,6239,180698,"array([6.24423318, 9.43641791])"
2824,6239,181523,"array([5.6690445 , 9.79663279])"
2825,6239,182717,"array([5.83139301, 9.73617489])"
2826,6239,173941,"array([5.8196636 , 9.53338238])"
2827,6239,180652,"array([ 7.5905924, 10.2422378])"
2828,6239,175901,"array([ 7.21023524, 10.23408392])"
2829,6239,178502,"array([6.8235735 , 8.71733386])"
2830,6239,177180,"array([ 6.54086677, 10.6946626 ])"
2831,6239,178181,"array([ 7.74695845, 10.34148541])"
2832,6239,3565860,"array([ 7.17649391, 10.78150825])"
2833,6239,180603,"array([ 6.65440756, 10.13112746])"
2834,6239,181490,"array([6.80438715, 9.78635649])"
2835,6239,178208,"array([7.2243227 , 8.92489192])"
2836,6239,178783,"array([7.44603781, 9.89900849])"
2837,6239,178938,"array([6.89499646, 9.05902298])"
2838,6239,179583,"array([ 6.56969965, 10.3317834 ])"
2839,6239,175714,"array([ 7.28027707, 10.38350518])"
2840,6239,178116,"array([6.39405181, 8.7899329 ])"
2841,6239,180167,"array([7.00796775, 9.78451917])"
2842,6239,173958,"array([6.65474915, 8.61109605])"
2843,6239,173962,"array([6.33741017, 8.77082245])"
2844,6239,173967,"array([7.08564349, 9.73017916])"
2845,6239,175585,"array([6.98965789, 8.84735923])"
2846,6239,174838,"array([6.81493962, 9.87132764])"
2847,6239,180228,"array([6.94909502, 9.80322288])"
2848,6239,185681,"array([ 6.64049522, 10.53757771])"
2849,6239,189733,"array([6.27484323, 9.94824835])"
2850,6239,173976,"array([ 6.9541214 , 10.20406681])"
2851,6239,174002,"array([ 7.42063742, 10.65188862])"
2852,6239,176657,"array([7.01084677, 9.63024223])"
2853,6239,191716,"array([ 7.07653643, 10.61551096])"
2854,6239,173979,"array([6.97442935, 9.82989453])"
2855,6239,173981,"array([5.45923331, 9.82700476])"
2856,6239,179150,"array([6.94881504, 9.97692096])"
2857,6239,181163,"array([6.83341938, 9.69001369])"
2858,6239,183279,"array([6.45976179, 9.4271258 ])"
2859,6239,173987,"array([ 6.63426356, 10.56880093])"
2860,6239,180510,"array([6.40777174, 9.97578293])"
2861,6239,173989,"array([ 5.59668263, 10.08341284])"
2862,6239,173991,"array([ 7.29891525, 11.33746141])"
2863,6239,173998,"array([ 6.00812154, 10.27232033])"
2864,6239,176900,"array([ 5.33958603, 10.63887974])"
2865,6239,174000,"array([ 6.90413782, 10.19262745])"
2866,6239,176911,"array([ 8.01427422, 10.31122279])"
2867,6239,174016,"array([ 6.57146967, 10.24284581])"
2868,6239,176310,"array([ 6.90251689, 10.37299447])"
2869,6239,174021,"array([6.31819118, 9.13493465])"
2870,6239,174027,"array([5.39574124, 9.87151233])"
2871,6239,174034,"array([ 7.13334367, 10.11475977])"
2872,6239,188742,"array([6.39231609, 9.59352393])"
2873,6239,174038,"array([ 7.74091912, 10.20223938])"
2874,6239,175950,"array([ 8.66985732, 10.33279297])"
2875,6239,174040,"array([ 7.27359255, 10.33545345])"
2876,6239,174041,"array([7.51333801, 9.22140853])"
2877,6239,184533,"array([7.32219486, 8.44676697])"
2878,6239,174048,"array([ 6.30979361, 10.27256864])"
2879,6239,174049,"array([ 6.2358078 , 11.03227808])"
2880,6239,174913,"array([6.75758892, 9.18094673])"
2881,6239,176205,"array([ 6.82553173, 10.51332164])"
2882,6239,181719,"array([ 7.10152389, 10.0687156 ])"
2883,6239,190777,"array([ 6.25275684, 10.13792264])"
2884,6239,174051,"array([ 6.49550532, 10.9093186 ])"
2885,6239,174052,"array([ 6.67817947, 10.62792689])"
2886,6239,174053,"array([6.86435869, 8.21326774])"
2887,6239,174058,"array([ 6.93706318, 10.60300347])"
2888,6239,174059,"array([ 7.34088895, 10.0615037 ])"
2889,6239,176096,"array([5.9073427 , 9.78839027])"
2890,6239,177931,"array([5.221138  , 9.98873532])"
2891,6239,184287,"array([5.70033958, 9.83442319])"
2892,6239,185047,"array([5.98004049, 9.82221374])"
2893,6239,187502,"array([ 6.91523282, 10.17947727])"
2894,6239,191717,"array([6.06310103, 9.80673652])"
2895,6239,174067,"array([ 6.95486345, 10.77284929])"
2896,6239,185099,"array([ 6.8484426, 11.5488459])"
2897,6239,174072,"array([7.28153521, 9.98811159])"
2898,6239,174074,"array([ 7.0039505 , 11.03640666])"
2899,6239,174076,"array([ 6.39481303, 10.35210367])"
2900,6239,178336,"array([ 7.2901685, 10.7121139])"
2901,6239,178952,"array([7.29639187, 9.08614382])"
2902,6239,174083,"array([ 5.92333894, 10.97013106])"
2903,6239,174357,"array([ 4.98454089, 11.83242073])"
2904,6239,176113,"array([ 5.67722661, 11.46035822])"
2905,6239,177146,"array([ 6.96420639, 10.29430612])"
2906,6239,178072,"array([ 5.96394684, 11.12550026])"
2907,6239,178882,"array([ 5.48059767, 11.4002065 ])"
2908,6239,185208,"array([ 5.58560793, 11.5007272 ])"
2909,6239,185463,"array([ 5.42386292, 11.42897693])"
2910,6239,185998,"array([ 5.96951194, 10.46779709])"
2911,6239,186367,"array([ 6.03566518, 10.39479303])"
2912,6239,186494,"array([ 5.48040608, 11.47148712])"
2913,6239,187569,"array([ 5.53846502, 11.46278425])"
2914,6239,187622,"array([ 5.41618741, 11.36595317])"
2915,6239,191149,"array([ 5.56185311, 10.62938695])"
2916,6239,175904,"array([ 7.30189071, 10.08696951])"
2917,6239,176239,"array([ 7.71933346, 10.0331887 ])"
2918,6239,178104,"array([ 6.5020688 , 10.20770575])"
2919,6239,174095,"array([ 6.47962459, 10.83790786])"
2920,6239,179071,"array([ 6.24445882, 11.58918033])"
2921,6239,174182,"array([ 6.74270541, 10.57875766])"
2922,6239,174900,"array([ 6.48355434, 10.33932798])"
2923,6239,176430,"array([6.81981737, 9.77345928])"
2924,6239,176526,"array([ 6.64716988, 10.62820256])"
2925,6239,176651,"array([ 6.27807915, 10.37958769])"
2926,6239,177573,"array([ 6.71982707, 10.19791204])"
2927,6239,178408,"array([ 7.17060286, 10.2191936 ])"
2928,6239,179403,"array([6.58171605, 9.72395857])"
2929,6239,179541,"array([ 7.18052795, 10.11255765])"
2930,6239,180473,"array([6.47159432, 9.98883922])"
2931,6239,180680,"array([5.93456326, 9.35393604])"
2932,6239,188738,"array([ 5.91317308, 10.10984079])"
2933,6239,190447,"array([6.47028598, 9.55530025])"
2934,6239,174107,"array([ 7.59357662, 10.90258757])"
2935,6239,174118,"array([ 7.39418513, 12.20994828])"
2936,6239,174575,"array([ 7.28688355, 11.64093656])"
2937,6239,174124,"array([7.71254284, 9.85678763])"
2938,6239,174130,"array([8.12069427, 9.95417768])"
2939,6239,177455,"array([ 7.17581184, 10.06815912])"
2940,6239,174136,"array([ 6.47375221, 10.18930973])"
2941,6239,174137,"array([ 6.59483596, 10.07119923])"
2942,6239,174140,"array([ 7.57862256, 10.03405237])"
2943,6239,174141,"array([ 7.43688208, 10.5320711 ])"
2944,6239,174144,"array([6.84621775, 9.84433395])"
2945,6239,175230,"array([7.45654272, 9.56453994])"
2946,6239,174148,"array([5.35534919, 9.54525917])"
2947,6239,174171,"array([ 6.03330291, 11.27684684])"
2948,6239,175983,"array([ 6.48800424, 10.11721415])"
2949,6239,174841,"array([ 7.09460378, 10.35466471])"
2950,6239,259646,"array([ 7.6196527 , 10.87067394])"
2951,6239,174152,"array([ 5.59515158, 10.16291986])"
2952,6239,174153,"array([ 7.31162621, 10.10418539])"
2953,6239,174154,"array([ 6.54718054, 11.13829695])"
2954,6239,174155,"array([ 7.25889813, 10.0793985 ])"
2955,6239,174283,"array([7.05459398, 9.47915352])"
2956,6239,174161,"array([ 7.37908324, 10.13988084])"
2957,6239,174165,"array([ 7.17666568, 10.72257949])"
2958,6239,174173,"array([6.72935644, 9.16951714])"
2959,6239,174176,"array([6.36578681, 9.73034327])"
2960,6239,179699,"array([6.87669535, 9.56464956])"
2961,6239,174177,"array([6.74817079, 8.6511603 ])"
2962,6239,174181,"array([7.28626367, 9.50591001])"
2963,6239,174186,"array([ 5.74007758, 10.18786066])"
2964,6239,174484,"array([6.51266183, 9.77726105])"
2965,6239,176236,"array([6.68559924, 9.85819106])"
2966,6239,176638,"array([7.10501748, 9.44279541])"
2967,6239,174193,"array([7.78058339, 9.72217237])"
2968,6239,177988,"array([7.6040082 , 9.74985316])"
2969,6239,174194,"array([5.20163821, 9.61397253])"
2970,6239,174197,"array([ 6.99481159, 10.70360675])"
2971,6239,175749,"array([ 7.38370327, 11.16044661])"
2972,6239,176625,"array([ 7.06514082, 10.15698871])"
2973,6239,174198,"array([7.17296773, 9.64303857])"
2974,6239,174225,"array([6.23972133, 9.64456242])"
2975,6239,182317,"array([5.93921382, 9.60386711])"
2976,6239,174600,"array([ 5.91080695, 10.23830843])"
2977,6239,177693,"array([ 7.2007123 , 10.44698978])"
2978,6239,179040,"array([7.11791161, 9.8795576 ])"
2979,6239,174207,"array([7.24826189, 9.95258377])"
2980,6239,174215,"array([ 7.65463602, 10.29371802])"
2981,6239,174218,"array([ 7.14349389, 11.01389315])"
2982,6239,184258,"array([ 7.2525356 , 11.75958621])"
2983,6239,179503,"array([6.1925357 , 8.88127644])"
2984,6239,180771,"array([ 6.74823901, 10.22616433])"
2985,6239,174232,"array([6.97449455, 9.46940615])"
2986,6239,174236,"array([6.6938279 , 8.98545115])"
2987,6239,174239,"array([ 6.15475978, 10.29700837])"
2988,6239,181755,"array([6.51811966, 9.97145145])"
2989,6239,174878,"array([ 6.17593979, 10.10883114])"
2990,6239,179462,"array([6.65886762, 9.52924484])"
2991,6239,174243,"array([6.91283258, 8.95265234])"
2992,6239,174244,"array([ 6.43878378, 10.56793313])"
2993,6239,174247,"array([ 5.99164288, 10.23358831])"
2994,6239,174253,"array([ 4.85265616, 11.10813151])"
2995,6239,188160,"array([ 5.32446069, 10.80257502])"
2996,6239,174254,"array([6.97092605, 9.52961826])"
2997,6239,174255,"array([ 6.42978218, 10.45031797])"
2998,6239,192054,"array([ 5.70627208, 10.32533047])"
2999,6239,174265,"array([16.84263709,  6.56248061])"
3000,6239,259490,"array([16.79690376,  6.67414188])"
3001,6239,176248,"array([8.04033736, 9.97837336])"
3002,6239,177929,"array([ 6.57135293, 10.75638701])"
3003,6239,181917,"array([7.41782444, 8.9594738 ])"
3004,6239,175765,"array([ 7.43402363, 10.03517038])"
3005,6239,174272,"array([6.77421681, 8.72229774])"
3006,6239,175577,"array([6.63381099, 8.07712682])"
3007,6239,176002,"array([6.91143536, 9.82180804])"
3008,6239,174279,"array([ 6.98998742, 10.37796486])"
3009,6239,175547,"array([ 6.94633268, 10.34392393])"
3010,6239,174280,"array([6.33721182, 8.72556512])"
3011,6239,174282,"array([7.90152953, 8.69507062])"
3012,6239,177462,"array([7.3106585 , 9.48781075])"
3013,6239,187005,"array([6.99540186, 9.30605743])"
3014,6239,174285,"array([5.09323963, 9.90601781])"
3015,6239,177239,"array([4.54908644, 9.89007661])"
3016,6239,174907,"array([7.02784714, 9.60345889])"
3017,6239,174289,"array([7.25084828, 9.75259061])"
3018,6239,175895,"array([7.04331356, 9.86036055])"
3019,6239,174292,"array([7.19995273, 9.32895055])"
3020,6239,174293,"array([6.24138515, 8.78692321])"
3021,6239,174295,"array([6.85696484, 9.77939695])"
3022,6239,177752,"array([ 6.58911538, 10.26320147])"
3023,6239,180049,"array([6.56655798, 9.59710796])"
3024,6239,174308,"array([ 8.08556912, 10.43611489])"
3025,6239,176141,"array([7.02733474, 9.01166025])"
3026,6239,177253,"array([7.06918981, 9.27609514])"
3027,6239,3565635,"array([6.7338895 , 9.33939964])"
3028,6239,174311,"array([ 7.22670035, 10.23732472])"
3029,6239,178692,"array([ 7.68609693, 10.77716679])"
3030,6239,174312,"array([ 6.27581623, 10.10069724])"
3031,6239,175629,"array([6.31474517, 9.57640985])"
3032,6239,177203,"array([ 7.0442089 , 10.32236745])"
3033,6239,174313,"array([ 6.77240958, 10.30350642])"
3034,6239,190298,"array([6.83704784, 9.32634717])"
3035,6239,174894,"array([ 6.3692356 , 10.18739341])"
3036,6239,174915,"array([ 5.80044695, 10.2580769 ])"
3037,6239,175049,"array([ 6.05279262, 10.48106751])"
3038,6239,175319,"array([ 6.08025312, 10.19978426])"
3039,6239,176054,"array([6.92695318, 9.87844974])"
3040,6239,176591,"array([ 6.26618292, 10.71332361])"
3041,6239,176959,"array([ 5.49160902, 10.2085178 ])"
3042,6239,177130,"array([ 6.46950095, 10.67326037])"
3043,6239,177896,"array([ 5.62749406, 10.49384981])"
3044,6239,178081,"array([ 6.73053172, 10.54519886])"
3045,6239,178164,"array([7.13930483, 9.69196362])"
3046,6239,178345,"array([6.66701385, 9.88426128])"
3047,6239,178401,"array([6.87478753, 9.76043356])"
3048,6239,179807,"array([ 5.71794376, 10.59851828])"
3049,6239,179974,"array([ 5.73425703, 10.56296434])"
3050,6239,180400,"array([7.07860366, 9.58629941])"
3051,6239,180927,"array([ 6.08182029, 10.1133425 ])"
3052,6239,181229,"array([5.77627144, 9.84278849])"
3053,6239,181316,"array([ 6.83680874, 10.15572267])"
3054,6239,181362,"array([ 6.27839482, 10.96055918])"
3055,6239,181775,"array([ 7.3233765 , 10.26093994])"
3056,6239,182888,"array([ 5.66074818, 10.48679493])"
3057,6239,184199,"array([ 6.18066068, 10.20465333])"
3058,6239,188538,"array([7.03343643, 9.62760289])"
3059,6239,189645,"array([ 5.56739455, 10.31270582])"
3060,6239,189647,"array([ 5.61262582, 10.20888564])"
3061,6239,189840,"array([ 5.59993727, 10.36835078])"
3062,6239,191472,"array([ 5.93919288, 10.44154145])"
3063,6239,191697,"array([6.76930418, 9.47280443])"
3064,6239,266900,"array([6.51029536, 9.71903781])"
3065,6239,13181457,"array([ 5.86603973, 10.2846296 ])"
3066,6239,175976,"array([ 6.82337412, 10.43933247])"
3067,6239,174321,"array([6.18837225, 9.17164658])"
3068,6239,174323,"array([6.59688061, 9.48758404])"
3069,6239,178912,"array([6.25108957, 8.74467023])"
3070,6239,174326,"array([ 7.02549259, 10.44991049])"
3071,6239,174328,"array([6.44140756, 9.46775082])"
3072,6239,174329,"array([ 7.60908825, 10.26077662])"
3073,6239,174421,"array([7.10011775, 9.94453148])"
3074,6239,174332,"array([7.28339837, 9.88887977])"
3075,6239,174334,"array([8.38706562, 9.71543105])"
3076,6239,174336,"array([8.05822324, 8.62340257])"
3077,6239,174339,"array([6.0085882 , 8.79311987])"
3078,6239,174342,"array([ 7.76810462, 10.3901608 ])"
3079,6239,180957,"array([ 7.10197212, 10.61647677])"
3080,6239,3565201,"array([ 7.17878167, 10.38538639])"
3081,6239,189437,"array([ 8.14140904, 11.49630425])"
3082,6239,189049,"array([5.32567009, 8.93739023])"
3083,6239,174365,"array([5.90714313, 9.16206379])"
3084,6239,174369,"array([5.573868  , 9.73214111])"
3085,6239,174376,"array([ 5.90943987, 10.26514325])"
3086,6239,174422,"array([ 6.72241142, 10.46215875])"
3087,6239,180627,"array([ 5.24376027, 10.57165328])"
3088,6239,174387,"array([ 6.86841426, 10.54604059])"
3089,6239,174881,"array([ 6.71312255, 10.21874752])"
3090,6239,180053,"array([ 6.03642252, 10.26984445])"
3091,6239,183903,"array([ 5.41283416, 10.25708339])"
3092,6239,184992,"array([ 5.47219935, 10.37729169])"
3093,6239,187392,"array([ 5.80086968, 10.00861548])"
3094,6239,191741,"array([ 6.23766677, 10.7209064 ])"
3095,6239,176646,"array([ 7.65450775, 10.47677615])"
3096,6239,175581,"array([6.01295679, 9.72061486])"
3097,6239,179935,"array([5.32739139, 9.86276234])"
3098,6239,3565972,"array([ 5.51702055, 10.40712228])"
3099,6239,178482,"array([ 6.69446153, 10.61083358])"
3100,6239,180503,"array([ 5.8980775 , 10.80034727])"
3101,6239,184270,"array([ 6.40650866, 10.37494779])"
3102,6239,188408,"array([ 6.13974266, 10.35967353])"
3103,6239,191105,"array([ 5.86951168, 10.73245099])"
3104,6239,179091,"array([7.23349535, 9.35341059])"
3105,6239,174490,"array([ 6.44762452, 10.50199963])"
3106,6239,177107,"array([6.82725305, 9.01935371])"
3107,6239,179803,"array([ 6.48246065, 10.21143985])"
3108,6239,188869,"array([6.91181432, 8.7500771 ])"
3109,6239,190032,"array([6.04100186, 8.82394174])"
3110,6239,174419,"array([5.71922729, 9.21515817])"
3111,6239,174423,"array([ 7.4878862 , 10.36199496])"
3112,6239,174424,"array([6.64375236, 9.35106352])"
3113,6239,174427,"array([7.96627616, 9.58011396])"
3114,6239,174430,"array([6.92304569, 9.83747826])"
3115,6239,174443,"array([ 7.11756422, 10.26526692])"
3116,6239,174444,"array([ 5.98110744, 10.87537401])"
3117,6239,174451,"array([ 7.1670273 , 11.08438873])"
3118,6239,176660,"array([ 7.14918621, 10.88514034])"
3119,6239,176364,"array([6.60391628, 9.90198651])"
3120,6239,178409,"array([6.6178198 , 9.65633246])"
3121,6239,179599,"array([6.07823995, 9.97208005])"
3122,6239,174453,"array([ 5.5748818 , 10.13267249])"
3123,6239,174456,"array([6.91344401, 9.69880298])"
3124,6239,176031,"array([6.58878243, 9.02070601])"
3125,6239,176260,"array([ 6.03336622, 10.36682479])"
3126,6239,174460,"array([7.52495381, 9.69009223])"
3127,6239,174461,"array([6.02775925, 9.69707839])"
3128,6239,174462,"array([6.80566292, 9.68098996])"
3129,6239,175753,"array([ 6.44350629, 10.69225309])"
3130,6239,180907,"array([ 6.06276581, 10.45058151])"
3131,6239,185248,"array([ 6.38865978, 10.2540215 ])"
3132,6239,177821,"array([ 6.5117445 , 11.01360769])"
3133,6239,176740,"array([7.26336183, 9.99978343])"
3134,6239,177637,"array([ 7.68592008, 10.74082428])"
3135,6239,178125,"array([7.24716093, 9.69484904])"
3136,6239,178230,"array([ 6.64379776, 10.78064531])"
3137,6239,181265,"array([ 7.1041796, 10.4024874])"
3138,6239,174487,"array([ 5.91139233, 11.03353383])"
3139,6239,174598,"array([ 7.19814666, 10.57707429])"
3140,6239,182139,"array([ 6.71951007, 10.51541642])"
3141,6239,174491,"array([ 7.8354472 , 11.41749223])"
3142,6239,174493,"array([7.59216884, 9.92705176])"
3143,6239,175686,"array([ 7.01956313, 10.21433991])"
3144,6239,176274,"array([ 6.36692172, 10.37121749])"
3145,6239,185460,"array([ 5.72587478, 10.42634793])"
3146,6239,180987,"array([7.13850407, 9.83163767])"
3147,6239,182356,"array([5.72390693, 8.93559207])"
3148,6239,174514,"array([ 7.15522127, 10.58444169])"
3149,6239,176595,"array([ 7.26090571, 10.48881367])"
3150,6239,178638,"array([7.30265643, 9.8553492 ])"
3151,6239,174518,"array([6.7421228 , 9.36745334])"
3152,6239,174520,"array([7.63780581, 9.28933486])"
3153,6239,179705,"array([4.65605809, 8.81474929])"
3154,6239,183844,"array([6.97769609, 9.6634196 ])"
3155,6239,190780,"array([ 6.5320643 , 11.10187113])"
3156,6239,177340,"array([6.15192697, 9.63474355])"
3157,6239,184597,"array([5.80791628, 9.71350501])"
3158,6239,190204,"array([5.87388427, 9.90656191])"
3159,6239,174540,"array([6.33177669, 9.44319859])"
3160,6239,174547,"array([7.67950926, 9.59505433])"
3161,6239,174548,"array([ 7.39835327, 10.50460443])"
3162,6239,188474,"array([6.00333617, 9.85576801])"
3163,6239,191629,"array([5.95422697, 9.85872916])"
3164,6239,174555,"array([ 6.72061389, 10.10644557])"
3165,6239,174557,"array([ 7.21116434, 10.00337464])"
3166,6239,176451,"array([ 6.95333973, 10.62407551])"
3167,6239,180895,"array([ 7.11601321, 10.53263924])"
3168,6239,184984,"array([6.83270798, 9.44413959])"
3169,6239,191385,"array([7.99643416, 9.45274242])"
3170,6239,3565504,"array([ 7.33043318, 10.29644679])"
3171,6239,178745,"array([ 6.81832391, 10.79445711])"
3172,6239,174566,"array([ 6.79108044, 10.54390469])"
3173,6239,174567,"array([6.07502058, 9.52311716])"
3174,6239,174568,"array([6.19760938, 8.93714633])"
3175,6239,174569,"array([ 6.50590359, 10.01040028])"
3176,6239,175548,"array([ 6.32897593, 10.12157108])"
3177,6239,179782,"array([6.70259811, 9.20419926])"
3178,6239,177966,"array([4.76573184, 9.61609408])"
3179,6239,179681,"array([ 6.18714546, 10.01846038])"
3180,6239,186298,"array([ 5.47048281, 10.33388819])"
3181,6239,187422,"array([4.7452882 , 9.69936521])"
3182,6239,174577,"array([5.42619956, 9.26519191])"
3183,6239,177144,"array([4.90001001, 8.99825876])"
3184,6239,174578,"array([ 7.25303599, 10.13440553])"
3185,6239,174579,"array([ 7.77151284, 10.28757199])"
3186,6239,174588,"array([8.03677017, 9.86951405])"
3187,6239,174589,"array([ 6.45316198, 11.36724325])"
3188,6239,180392,"array([ 6.73072944, 10.82196417])"
3189,6239,174590,"array([7.30725395, 9.93006804])"
3190,6239,3565407,"array([7.20934418, 9.94096003])"
3191,6239,174596,"array([ 6.9908415 , 10.39821506])"
3192,6239,174601,"array([6.9401738 , 9.22254267])"
3193,6239,174603,"array([ 7.19957332, 10.09952267])"
3194,6239,174609,"array([ 6.18302437, 10.24544247])"
3195,6239,174662,"array([ 5.79366287, 10.52871182])"
3196,6239,174612,"array([7.06144867, 9.753152  ])"
3197,6239,177295,"array([ 7.09168766, 10.38199988])"
3198,6239,180630,"array([ 7.37306092, 10.04446348])"
3199,6239,187515,"array([6.58629459, 8.89216445])"
3200,6239,174614,"array([5.31626715, 9.74948515])"
3201,6239,181403,"array([5.62132356, 9.68406274])"
3202,6239,174620,"array([ 7.81564149, 10.40387072])"
3203,6239,190054,"array([ 8.50270835, 10.80416921])"
3204,6239,174622,"array([7.16914618, 9.29109206])"
3205,6239,177540,"array([ 7.31762356, 10.28283641])"
3206,6239,179435,"array([6.54428214, 9.13702251])"
3207,6239,179555,"array([ 6.59163628, 10.6864546 ])"
3208,6239,174634,"array([7.6071525 , 9.36797288])"
3209,6239,174637,"array([ 6.46910415, 10.64817488])"
3210,6239,174638,"array([7.10076124, 9.30782238])"
3211,6239,176588,"array([7.23874946, 9.83238652])"
3212,6239,177329,"array([6.93740258, 9.60705818])"
3213,6239,177356,"array([6.66873306, 9.83483954])"
3214,6239,178102,"array([6.57258123, 9.33024263])"
3215,6239,178232,"array([7.7121157, 9.0795081])"
3216,6239,178316,"array([7.28355277, 8.53432145])"
3217,6239,179274,"array([ 7.20931422, 10.06854744])"
3218,6239,175720,"array([6.6584069, 9.4272445])"
3219,6239,186063,"array([6.38085799, 8.70440794])"
3220,6239,190096,"array([7.5557799 , 9.97909193])"
3221,6239,175700,"array([6.32565568, 9.63856342])"
3222,6239,174649,"array([7.94218215, 9.06369   ])"
3223,6239,175475,"array([7.19863012, 9.39999383])"
3224,6239,174652,"array([ 6.43266008, 10.66247197])"
3225,6239,177160,"array([ 6.65967228, 10.93180397])"
3226,6239,174654,"array([17.8332487 ,  8.50280193])"
3227,6239,179620,"array([17.92434073,  8.43824005])"
3228,6239,176374,"array([ 6.92127472, 10.29157454])"
3229,6239,178848,"array([6.83270063, 9.50748759])"
3230,6239,179141,"array([6.11336792, 8.922343  ])"
3231,6239,182761,"array([6.14870806, 8.931218  ])"
3232,6239,186237,"array([6.4590368 , 8.91827113])"
3233,6239,3565475,"array([6.46241926, 8.65583552])"
3234,6239,174658,"array([6.8056536 , 9.44510888])"
3235,6239,180001,"array([6.7096695 , 8.63123605])"
3236,6239,174661,"array([6.79290874, 9.26211808])"
3237,6239,178061,"array([ 6.72667645, 10.28267392])"
3238,6239,185096,"array([6.05813853, 9.48220374])"
3239,6239,176146,"array([ 7.08874514, 10.23799803])"
3240,6239,188728,"array([5.69610443, 9.38109772])"
3241,6239,177894,"array([ 6.32012863, 10.22415837])"
3242,6239,174669,"array([7.21439011, 9.49654426])"
3243,6239,175492,"array([7.38952447, 9.16478716])"
3244,6239,175603,"array([6.99668299, 9.48189236])"
3245,6239,174673,"array([7.08685236, 9.85491837])"
3246,6239,177497,"array([7.29564205, 9.71695183])"
3247,6239,174674,"array([ 6.60790288, 10.42024073])"
3248,6239,174677,"array([ 5.94995621, 10.2361644 ])"
3249,6239,174680,"array([7.37320878, 9.91448539])"
3250,6239,174681,"array([ 7.53739578, 10.4440236 ])"
3251,6239,176786,"array([7.23666225, 9.78891965])"
3252,6239,174685,"array([6.98298342, 9.41417247])"
3253,6239,189616,"array([6.40909659, 9.1183852 ])"
3254,6239,174686,"array([ 7.79385404, 10.14687247])"
3255,6239,174687,"array([7.36915024, 9.33705503])"
3256,6239,174689,"array([ 6.32940317, 10.59518223])"
3257,6239,174692,"array([6.70151407, 9.47927962])"
3258,6239,174697,"array([ 6.67253317, 10.59982847])"
3259,6239,179884,"array([ 7.0048121 , 10.73292159])"
3260,6239,175710,"array([7.28757241, 9.63178196])"
3261,6239,174702,"array([ 6.71864878, 10.24174623])"
3262,6239,174705,"array([5.50060956, 9.57436322])"
3263,6239,178165,"array([6.13224107, 9.09370696])"
3264,6239,174709,"array([ 6.98400671, 10.62705721])"
3265,6239,174712,"array([5.3812635 , 9.29255077])"
3266,6239,174717,"array([ 7.32946372, 10.78242084])"
3267,6239,174718,"array([6.7612293 , 8.76879226])"
3268,6239,189977,"array([5.74104122, 9.69380414])"
3269,6239,174725,"array([7.15041306, 9.38672156])"
3270,6239,183199,"array([7.62923603, 9.11387609])"
3271,6239,174726,"array([7.35768401, 9.72153094])"
3272,6239,175433,"array([7.58169575, 9.79239123])"
3273,6239,178777,"array([ 6.97095281, 10.34500747])"
3274,6239,180317,"array([7.30241292, 9.73968166])"
3275,6239,174732,"array([16.46878988,  4.84743807])"
3276,6239,190929,"array([16.44578235,  4.9563974 ])"
3277,6239,179778,"array([ 5.9772929 , 10.34848769])"
3278,6239,180241,"array([6.5045353 , 9.83475042])"
3279,6239,353378,"array([5.57949953, 9.99328322])"
3280,6239,174741,"array([6.97626298, 8.33410731])"
3281,6239,174743,"array([ 7.15697767, 10.56515033])"
3282,6239,181758,"array([ 7.08129993, 10.15888721])"
3283,6239,174768,"array([ 6.99555201, 10.08648876])"
3284,6239,175339,"array([ 7.66157489, 10.4475568 ])"
3285,6239,176051,"array([7.25276936, 9.62191703])"
3286,6239,184910,"array([ 6.58311276, 10.78517223])"
3287,6239,174745,"array([8.03049547, 8.55462681])"
3288,6239,176022,"array([7.65511496, 9.13458615])"
3289,6239,174746,"array([ 6.28169906, 10.81064205])"
3290,6239,174751,"array([5.89785685, 9.43570946])"
3291,6239,179747,"array([5.27683069, 9.01536338])"
3292,6239,174757,"array([ 7.71904876, 10.48777965])"
3293,6239,181025,"array([6.37707482, 9.54633845])"
3294,6239,181714,"array([5.59254381, 9.53681528])"
3295,6239,184210,"array([5.70697279, 9.66080391])"
3296,6239,189204,"array([5.40035581, 9.38055846])"
3297,6239,174764,"array([ 6.97645845, 10.27334398])"
3298,6239,176103,"array([7.24482426, 9.80797849])"
3299,6239,174772,"array([7.64216781, 9.01943775])"
3300,6239,174773,"array([6.94449866, 9.38031656])"
3301,6239,177994,"array([ 6.14723143, 10.02137155])"
3302,6239,178067,"array([ 6.92433094, 10.39118115])"
3303,6239,174779,"array([ 6.92344298, 10.3392774 ])"
3304,6239,179338,"array([ 6.7601578 , 10.02674478])"
3305,6239,176872,"array([ 7.8108786, 10.5303449])"
3306,6239,176952,"array([ 8.11924235, 11.03148283])"
3307,6239,177413,"array([ 6.94271139, 10.18277133])"
3308,6239,3564805,"array([ 8.1096826 , 10.05886375])"
3309,6239,175611,"array([6.31988145, 8.9840718 ])"
3310,6239,177267,"array([6.17923609, 9.48128799])"
3311,6239,177748,"array([6.22741678, 8.88949126])"
3312,6239,178303,"array([7.52558737, 9.64214889])"
3313,6239,178402,"array([ 7.01248643, 10.38980445])"
3314,6239,179225,"array([ 6.81996537, 10.0351963 ])"
3315,6239,180413,"array([ 6.70563502, 10.08121824])"
3316,6239,181955,"array([6.55163222, 8.67166954])"
3317,6239,260216,"array([6.74001286, 9.061077  ])"
3318,6239,174790,"array([ 7.09610921, 10.78263915])"
3319,6239,175601,"array([ 7.07829818, 10.34560992])"
3320,6239,180865,"array([ 7.12813034, 11.12672476])"
3321,6239,174795,"array([7.63745564, 9.95307603])"
3322,6239,174798,"array([ 7.36390655, 10.36450029])"
3323,6239,174801,"array([6.34870054, 9.28478916])"
3324,6239,174803,"array([7.44850673, 9.53810682])"
3325,6239,174812,"array([5.20474971, 9.49733114])"
3326,6239,174815,"array([ 6.34814943, 10.30470618])"
3327,6239,180845,"array([ 6.29307061, 10.11779765])"
3328,6239,174819,"array([ 5.94014719, 10.60823273])"
3329,6239,178201,"array([7.19274558, 9.21536423])"
3330,6239,175993,"array([ 6.3357066 , 10.35571968])"
3331,6239,174830,"array([ 5.77495701, 11.05178286])"
3332,6239,174833,"array([ 6.13233236, 11.37055208])"
3333,6239,174834,"array([6.81189703, 9.53835955])"
3334,6239,174835,"array([6.82347921, 8.29920614])"
3335,6239,174837,"array([4.61101751, 0.30001484])"
3336,6239,179671,"array([7.02641015, 9.58013686])"
3337,6239,174840,"array([7.09626095, 9.4224123 ])"
3338,6239,183176,"array([7.17548264, 8.85909329])"
3339,6239,187152,"array([ 6.3699062 , 10.34336316])"
3340,6239,189703,"array([6.73283226, 8.79522891])"
3341,6239,174852,"array([6.10058135, 9.1236827 ])"
3342,6239,178956,"array([7.34572372, 9.39581334])"
3343,6239,178738,"array([ 6.79336864, 10.61814908])"
3344,6239,181209,"array([7.22843465, 9.81500732])"
3345,6239,174865,"array([ 5.91121629, 10.70348079])"
3346,6239,174866,"array([ 6.60543805, 10.60887267])"
3347,6239,174873,"array([6.05938209, 9.36230243])"
3348,6239,176189,"array([6.35959484, 9.63669395])"
3349,6239,174875,"array([6.65513676, 8.88482663])"
3350,6239,179736,"array([6.31072011, 9.26197117])"
3351,6239,174979,"array([6.72662921, 9.48501901])"
3352,6239,174892,"array([ 5.32525163, 10.17318645])"
3353,6239,174896,"array([ 5.67361459, 10.71968492])"
3354,6239,174908,"array([7.89933912, 9.51879322])"
3355,6239,177251,"array([7.5159127 , 9.96784091])"
3356,6239,174909,"array([7.21688131, 9.79599119])"
3357,6239,174924,"array([6.91473007, 9.86229596])"
3358,6239,177600,"array([7.10622779, 9.62461822])"
3359,6239,180119,"array([7.109341  , 9.60533697])"
3360,6239,180644,"array([7.50797729, 9.62834276])"
3361,6239,180955,"array([8.4587112 , 9.84601433])"
3362,6239,174931,"array([ 6.54189673, 11.32038344])"
3363,6239,175905,"array([ 6.82886154, 10.48618883])"
3364,6239,174932,"array([7.27601135, 9.72733321])"
3365,6239,176762,"array([ 7.44123275, 10.40964656])"
3366,6239,174933,"array([6.29989121, 8.78514151])"
3367,6239,174935,"array([6.56818399, 8.23990606])"
3368,6239,174942,"array([ 7.62149053, 10.48572081])"
3369,6239,183851,"array([7.80753549, 9.87635546])"
3370,6239,3565712,"array([6.94704426, 9.42664937])"
3371,6239,174953,"array([ 5.38013096, 10.42589189])"
3372,6239,174955,"array([6.50374253, 9.9898454 ])"
3373,6239,174958,"array([ 7.30336917, 10.82945623])"
3374,6239,174959,"array([ 7.33332759, 10.50637885])"
3375,6239,177441,"array([5.24747012, 9.5098804 ])"
3376,6239,180504,"array([5.68830427, 9.4959882 ])"
3377,6239,174962,"array([ 5.93888898, 10.26700833])"
3378,6239,175466,"array([6.6141556 , 9.27071108])"
3379,6239,176278,"array([7.15962731, 9.24864988])"
3380,6239,176376,"array([7.07886144, 9.88033486])"
3381,6239,177217,"array([7.38413347, 9.8001181 ])"
3382,6239,178863,"array([ 6.6079431 , 10.90840867])"
3383,6239,180343,"array([ 7.1447622 , 10.18517043])"
3384,6239,181480,"array([6.91626272, 9.77380513])"
3385,6239,183859,"array([6.73121174, 9.30569361])"
3386,6239,184221,"array([ 7.8306489 , 10.28312756])"
3387,6239,174971,"array([5.52263293, 9.5429484 ])"
3388,6239,174976,"array([6.57336778, 9.06699284])"
3389,6239,174978,"array([ 7.14772629, 10.52947695])"
3390,6239,174983,"array([5.2245242 , 9.76502161])"
3391,6239,174988,"array([6.03100205, 9.46694838])"
3392,6239,174993,"array([7.42985766, 9.98249042])"
3393,6239,180961,"array([7.34568023, 9.22363351])"
3394,6239,174999,"array([7.10727686, 8.89991053])"
3395,6239,176840,"array([7.54766093, 9.42663572])"
3396,6239,176072,"array([ 7.5303276 , 10.19903722])"
3397,6239,179968,"array([8.73538234, 9.6758243 ])"
3398,6239,181716,"array([7.13441787, 9.22773626])"
3399,6239,175010,"array([5.34957781, 9.89983934])"
3400,6239,3565845,"array([4.73448604, 9.84842176])"
3401,6239,175012,"array([ 7.29016942, 10.51535484])"
3402,6239,175015,"array([7.26820309, 9.58040104])"
3403,6239,176136,"array([ 7.21866192, 10.506863  ])"
3404,6239,190193,"array([ 6.32051656, 10.86260388])"
3405,6239,176863,"array([ 7.35309621, 10.29890578])"
3406,6239,179642,"array([7.8284424 , 9.47257623])"
3407,6239,177336,"array([7.22766045, 9.71842679])"
3408,6239,175054,"array([7.20877487, 9.02522465])"
3409,6239,175056,"array([7.52472328, 9.7129363 ])"
3410,6239,191710,"array([7.45503408, 8.85994107])"
3411,6239,175067,"array([ 7.49255889, 11.22319375])"
3412,6239,176807,"array([ 7.51950105, 10.84884466])"
3413,6239,180028,"array([ 7.40229894, 10.46575258])"
3414,6239,187613,"array([8.02426676, 9.16386037])"
3415,6239,175081,"array([ 7.18163663, 10.05189704])"
3416,6239,175084,"array([7.60511841, 9.48163879])"
3417,6239,176659,"array([8.22258289, 8.97501713])"
3418,6239,177753,"array([ 7.12201101, 10.0123628 ])"
3419,6239,175086,"array([7.33395368, 9.50881797])"
3420,6239,175465,"array([6.11218751, 9.16500436])"
3421,6239,259839,"array([ 7.17972121, 10.08634745])"
3422,6239,175090,"array([5.90374826, 8.859423  ])"
3423,6239,179017,"array([ 7.31733575, 10.17713641])"
3424,6239,175100,"array([6.86858104, 9.34977438])"
3425,6239,175107,"array([ 7.36641914, 10.53908487])"
3426,6239,175109,"array([5.85176012, 9.29102451])"
3427,6239,175113,"array([ 6.67084573, 10.39428856])"
3428,6239,175121,"array([ 6.70501253, 10.6372867 ])"
3429,6239,176519,"array([ 6.98396862, 10.50260959])"
3430,6239,175129,"array([ 6.65353884, 10.56568962])"
3431,6239,175959,"array([7.03624711, 9.35815061])"
3432,6239,178873,"array([ 7.41577396, 10.13857602])"
3433,6239,185508,"array([7.25282698, 9.67404787])"
3434,6239,188776,"array([ 6.03929908, 10.30777654])"
3435,6239,3565584,"array([6.03739031, 9.39243143])"
3436,6239,175140,"array([6.38271108, 9.02915156])"
3437,6239,175142,"array([5.38812446, 9.74990051])"
3438,6239,175921,"array([7.02733843, 9.15909018])"
3439,6239,190894,"array([ 6.37450834, 10.57555553])"
3440,6239,175167,"array([ 5.84290361, 10.38855581])"
3441,6239,175168,"array([5.8935868 , 9.55393522])"
3442,6239,175172,"array([ 6.65582084, 10.41543855])"
3443,6239,175175,"array([ 6.88379407, 10.23114966])"
3444,6239,175504,"array([6.72731081, 9.78816923])"
3445,6239,176848,"array([7.05702869, 9.77321424])"
3446,6239,179972,"array([ 6.73699884, 10.13600401])"
3447,6239,175178,"array([ 5.80297494, 10.57455139])"
3448,6239,175184,"array([4.97220807, 9.58116581])"
3449,6239,175342,"array([ 5.70065496, 10.14548762])"
3450,6239,175391,"array([ 6.45838712, 10.37546176])"
3451,6239,175430,"array([ 5.97244599, 10.1353451 ])"
3452,6239,175697,"array([6.00164294, 9.33406449])"
3453,6239,175878,"array([ 6.89706708, 10.15922745])"
3454,6239,175964,"array([6.69690059, 9.8819758 ])"
3455,6239,176045,"array([ 6.53609095, 10.29349968])"
3456,6239,176095,"array([ 6.12402251, 10.41418399])"
3457,6239,176463,"array([6.58653813, 9.63290948])"
3458,6239,176782,"array([ 5.69507691, 10.10679431])"
3459,6239,177102,"array([6.66327085, 9.81198477])"
3460,6239,177343,"array([6.77160472, 9.87880969])"
3461,6239,177566,"array([7.15209762, 9.84546664])"
3462,6239,177956,"array([7.0104376, 9.8858154])"
3463,6239,178082,"array([6.54588522, 9.04808509])"
3464,6239,178157,"array([7.35929502, 9.68153007])"
3465,6239,179368,"array([6.8567783 , 9.16001809])"
3466,6239,179631,"array([7.14050285, 8.55961817])"
3467,6239,179874,"array([6.4520482, 9.6348817])"
3468,6239,179942,"array([ 7.45584102, 10.16939209])"
3469,6239,180455,"array([ 5.66056086, 10.18635321])"
3470,6239,180596,"array([7.05217081, 9.97732618])"
3471,6239,180873,"array([7.05177978, 9.50070036])"
3472,6239,180929,"array([6.40276633, 9.4765327 ])"
3473,6239,181190,"array([6.40800387, 9.40265158])"
3474,6239,181234,"array([6.14929936, 9.34924089])"
3475,6239,181279,"array([ 7.05363992, 10.28365922])"
3476,6239,181709,"array([6.16949425, 9.65771178])"
3477,6239,181711,"array([7.20709096, 9.96549592])"
3478,6239,181733,"array([6.14928756, 9.41929881])"
3479,6239,182240,"array([ 6.38076574, 10.30802821])"
3480,6239,182945,"array([5.79011437, 9.92066327])"
3481,6239,183007,"array([ 5.62960126, 10.13048564])"
3482,6239,184419,"array([5.38938701, 9.93140777])"
3483,6239,184733,"array([ 5.69877477, 10.18041921])"
3484,6239,184911,"array([ 5.6670695 , 10.08280071])"
3485,6239,184917,"array([5.72540041, 9.52450253])"
3486,6239,185520,"array([5.54664478, 9.99288724])"
3487,6239,185981,"array([5.65728862, 9.68267306])"
3488,6239,186278,"array([5.84494744, 9.40277852])"
3489,6239,187026,"array([5.63559174, 9.78501972])"
3490,6239,187148,"array([5.71459473, 9.92656558])"
3491,6239,187441,"array([ 5.60479259, 10.11330744])"
3492,6239,187657,"array([ 6.41969152, 10.71314321])"
3493,6239,188340,"array([5.84649813, 9.97921207])"
3494,6239,188348,"array([ 5.97976647, 10.20877571])"
3495,6239,188549,"array([ 5.64386488, 10.01200072])"
3496,6239,189203,"array([ 5.69534344, 10.21614001])"
3497,6239,189448,"array([5.64276785, 9.93069628])"
3498,6239,191134,"array([5.63797566, 9.87961314])"
3499,6239,191318,"array([5.66728737, 9.64752676])"
3500,6239,191538,"array([ 6.65154756, 10.49003071])"
3501,6239,3565805,"array([6.72076286, 9.72735999])"
3502,6239,175196,"array([ 5.78572973, 12.45667333])"
3503,6239,178841,"array([ 5.96242902, 12.04072262])"
3504,6239,175201,"array([8.17862695, 9.44259143])"
3505,6239,175202,"array([ 4.79648007, 10.0385084 ])"
3506,6239,179111,"array([ 5.4273461 , 10.03337919])"
3507,6239,175204,"array([6.85444237, 9.24988684])"
3508,6239,176206,"array([ 7.23268554, 10.95052504])"
3509,6239,178997,"array([ 7.0229732 , 10.30104903])"
3510,6239,180740,"array([ 7.51389961, 11.34298946])"
3511,6239,181079,"array([ 7.58484491, 10.78375365])"
3512,6239,181378,"array([6.87086417, 9.68972424])"
3513,6239,175206,"array([7.2625258 , 9.78070618])"
3514,6239,175210,"array([7.02285514, 8.53090685])"
3515,6239,175212,"array([ 7.07712612, 10.09637487])"
3516,6239,176539,"array([ 6.015555  , 11.22741706])"
3517,6239,184261,"array([ 6.15802205, 10.33325489])"
3518,6239,175221,"array([8.23786793, 9.70995266])"
3519,6239,175226,"array([5.62122213, 9.57426271])"
3520,6239,175315,"array([ 7.32212176, 10.3818842 ])"
3521,6239,175373,"array([6.70747107, 9.69858217])"
3522,6239,176089,"array([ 7.03934515, 10.3555516 ])"
3523,6239,176538,"array([5.74733597, 9.97646637])"
3524,6239,177058,"array([ 5.76441914, 10.28571449])"
3525,6239,177195,"array([ 5.77370611, 10.3243338 ])"
3526,6239,177904,"array([ 5.91347679, 10.17483754])"
3527,6239,178211,"array([6.408549  , 9.78383942])"
3528,6239,178592,"array([ 5.69869539, 10.03063454])"
3529,6239,179263,"array([6.58701578, 9.3091417 ])"
3530,6239,179326,"array([ 6.07558859, 10.14139771])"
3531,6239,179663,"array([ 5.9346284, 10.5725061])"
3532,6239,179796,"array([7.1694931, 9.9506391])"
3533,6239,180535,"array([ 7.15954021, 10.35011691])"
3534,6239,181059,"array([6.91406934, 9.32912364])"
3535,6239,181499,"array([ 5.73886613, 10.22291827])"
3536,6239,181518,"array([6.5281604 , 9.50730234])"
3537,6239,182077,"array([ 6.28938072, 10.34827084])"
3538,6239,182143,"array([ 5.73214147, 10.11720888])"
3539,6239,182422,"array([5.70819506, 9.8058425 ])"
3540,6239,184406,"array([ 5.83059895, 10.46826403])"
3541,6239,185121,"array([ 5.46569944, 10.07092107])"
3542,6239,185268,"array([ 5.9988904 , 10.71885628])"
3543,6239,186148,"array([ 5.75548911, 10.25276059])"
3544,6239,188064,"array([5.74323298, 9.62883457])"
3545,6239,188701,"array([ 6.91761219, 10.65934764])"
3546,6239,189307,"array([5.70618324, 9.69748234])"
3547,6239,191167,"array([ 6.64465924, 10.17733601])"
3548,6239,259724,"array([ 6.50905535, 10.31377385])"
3549,6239,188265,"array([8.02851703, 8.92798696])"
3550,6239,175231,"array([7.5532861 , 9.73448892])"
3551,6239,175244,"array([ 7.91072502, 10.38181895])"
3552,6239,175245,"array([ 5.87533781, 10.42016712])"
3553,6239,175249,"array([ 6.83017129, 10.90152302])"
3554,6239,175250,"array([ 6.47861596, 11.2922484 ])"
3555,6239,176004,"array([ 6.69093745, 10.45809101])"
3556,6239,175251,"array([8.46725646, 9.64933889])"
3557,6239,175252,"array([ 7.27325814, 10.35183492])"
3558,6239,175254,"array([ 5.65101552, 10.63646941])"
3559,6239,175255,"array([6.6719081 , 9.33753059])"
3560,6239,176561,"array([ 7.58358954, 10.40740138])"
3561,6239,178489,"array([7.1197889 , 9.83636329])"
3562,6239,176105,"array([6.47400271, 9.7203728 ])"
3563,6239,175284,"array([ 7.4195577 , 10.77763725])"
3564,6239,175299,"array([ 5.98576278, 10.58054338])"
3565,6239,175308,"array([5.31005763, 9.11914444])"
3566,6239,178295,"array([ 7.67369388, 10.03662821])"
3567,6239,175316,"array([ 7.26131453, 10.02530047])"
3568,6239,175335,"array([ 5.55019582, 10.16933286])"
3569,6239,175353,"array([ 7.09472336, 10.12919137])"
3570,6239,175696,"array([7.12161097, 9.4619046 ])"
3571,6239,176144,"array([6.64434617, 9.24926821])"
3572,6239,176719,"array([ 7.67814876, 10.13435716])"
3573,6239,188443,"array([ 6.21447931, 10.87707822])"
3574,6239,182474,"array([6.58613262, 9.83760946])"
3575,6239,175367,"array([ 7.41607668, 10.21382905])"
3576,6239,180242,"array([ 6.24084947, 10.9201482 ])"
3577,6239,175378,"array([7.75511985, 9.46076372])"
3578,6239,180406,"array([8.3115842 , 9.13925772])"
3579,6239,175381,"array([7.95381226, 8.99838378])"
3580,6239,184768,"array([8.07831933, 8.20571622])"
3581,6239,175393,"array([6.92931901, 9.93476614])"
3582,6239,175587,"array([6.49229985, 9.92532246])"
3583,6239,175407,"array([6.5877224 , 8.80398737])"
3584,6239,175410,"array([6.87383274, 9.27060198])"
3585,6239,175421,"array([7.16480634, 8.82039286])"
3586,6239,180872,"array([7.03581036, 9.8283771 ])"
3587,6239,183930,"array([7.2763476 , 8.17282635])"
3588,6239,175422,"array([ 6.78326389, 10.97380254])"
3589,6239,175428,"array([ 5.99904754, 10.31362445])"
3590,6239,175434,"array([ 7.2337325 , 10.10697947])"
3591,6239,175439,"array([ 5.97551984, 10.82062015])"
3592,6239,175440,"array([ 6.76385345, 10.07214303])"
3593,6239,180909,"array([ 5.42974193, 10.60224391])"
3594,6239,185872,"array([ 7.58030577, 10.20676532])"
3595,6239,191526,"array([6.47623067, 9.76842037])"
3596,6239,175444,"array([8.25620753, 9.11686526])"
3597,6239,175578,"array([7.61727088, 9.62442726])"
3598,6239,175445,"array([ 6.48411806, 10.54509968])"
3599,6239,175448,"array([ 6.08632951, 10.96944473])"
3600,6239,175449,"array([7.52392566, 9.94778937])"
3601,6239,175451,"array([ 6.82431215, 10.69814952])"
3602,6239,175454,"array([ 5.69304619, 10.28331712])"
3603,6239,175455,"array([ 7.19325933, 10.15624156])"
3604,6239,176854,"array([6.96447581, 8.62090459])"
3605,6239,175461,"array([7.19961523, 9.88303824])"
3606,6239,176661,"array([ 7.02037597, 10.08568339])"
3607,6239,178988,"array([ 7.14195946, 10.07811661])"
3608,6239,190243,"array([ 7.64039725, 10.78811103])"
3609,6239,175467,"array([ 6.62820739, 10.51443057])"
3610,6239,181150,"array([ 6.89321259, 12.28632169])"
3611,6239,181111,"array([7.14364323, 9.56187562])"
3612,6239,353487,"array([5.90222854, 9.69081826])"
3613,6239,175489,"array([7.08372033, 8.49991211])"
3614,6239,175498,"array([7.42260848, 9.74791745])"
3615,6239,175499,"array([7.01227994, 9.29035182])"
3616,6239,177837,"array([6.66773155, 9.02623117])"
3617,6239,178006,"array([7.1021351 , 9.83491614])"
3618,6239,177185,"array([8.00197772, 9.69612245])"
3619,6239,176913,"array([ 5.87715004, 11.0742429 ])"
3620,6239,178288,"array([7.45205255, 9.94844352])"
3621,6239,178620,"array([7.0821557 , 9.95781656])"
3622,6239,181447,"array([6.58498827, 9.46292696])"
3623,6239,186133,"array([ 5.89705958, 10.50582346])"
3624,6239,189846,"array([ 5.87203531, 10.82901373])"
3625,6239,182681,"array([6.33797654, 9.09565918])"
3626,6239,175506,"array([17.63301196,  9.43052216])"
3627,6239,175519,"array([7.2372431 , 9.86860144])"
3628,6239,175521,"array([7.36284553, 9.3071012 ])"
3629,6239,175525,"array([ 6.89787046, 10.62687981])"
3630,6239,175533,"array([ 6.72268245, 10.44014292])"
3631,6239,175534,"array([6.77425401, 9.94205401])"
3632,6239,175571,"array([6.98854036, 9.87220855])"
3633,6239,177381,"array([5.8517489 , 9.64871644])"
3634,6239,178516,"array([6.26636097, 9.08497609])"
3635,6239,179596,"array([6.44229726, 9.53188296])"
3636,6239,181368,"array([ 6.2861753 , 10.22489664])"
3637,6239,181999,"array([7.44241088, 8.97977143])"
3638,6239,187070,"array([6.32282698, 9.0265338 ])"
3639,6239,3565338,"array([ 6.5913282 , 10.39087485])"
3640,6239,175550,"array([ 6.62175374, 10.3701106 ])"
3641,6239,176546,"array([7.82149486, 9.95668853])"
3642,6239,181713,"array([7.5829705, 9.2334277])"
3643,6239,175583,"array([ 7.18223134, 10.17225275])"
3644,6239,175584,"array([ 7.13546118, 10.22571301])"
3645,6239,175586,"array([7.44948006, 9.64149283])"
3646,6239,175588,"array([7.46862327, 9.98320124])"
3647,6239,177882,"array([ 8.20287006, 10.33585541])"
3648,6239,177937,"array([ 7.60327936, 10.34617348])"
3649,6239,180069,"array([ 7.73942836, 10.04518492])"
3650,6239,180622,"array([7.2118963 , 9.19365623])"
3651,6239,175590,"array([7.52581477, 9.47927008])"
3652,6239,175595,"array([ 7.74695142, 10.22811636])"
3653,6239,185214,"array([7.78594182, 9.35201369])"
3654,6239,175599,"array([6.28819003, 9.60310094])"
3655,6239,179641,"array([ 7.07435667, 10.22354241])"
3656,6239,180902,"array([ 6.00387822, 10.45695589])"
3657,6239,180058,"array([5.56642817, 9.76782232])"
3658,6239,175618,"array([ 7.98520678, 10.62937627])"
3659,6239,176011,"array([ 7.27217924, 10.18278386])"
3660,6239,180844,"array([ 6.88062516, 10.60734718])"
3661,6239,189639,"array([ 8.11775531, 10.02083131])"
3662,6239,175630,"array([ 6.19107557, 10.4500897 ])"
3663,6239,175980,"array([5.68843866, 9.60062577])"
3664,6239,176565,"array([ 4.95186991, 10.31945848])"
3665,6239,177489,"array([ 5.03509503, 10.26924093])"
3666,6239,191467,"array([ 5.09548494, 10.42711823])"
3667,6239,259671,"array([ 5.0809407 , 10.25224221])"
3668,6239,175637,"array([ 5.970066  , 10.30966252])"
3669,6239,175659,"array([ 7.27161034, 10.11796729])"
3670,6239,176052,"array([ 7.21939487, 10.65600082])"
3671,6239,176749,"array([ 7.12033223, 10.42261416])"
3672,6239,176989,"array([ 6.38128211, 10.80754736])"
3673,6239,178306,"array([ 5.92009337, 10.53059168])"
3674,6239,179198,"array([7.40773804, 9.48500704])"
3675,6239,179339,"array([ 6.86443465, 10.25387606])"
3676,6239,179437,"array([ 7.34462142, 10.36906154])"
3677,6239,179850,"array([7.38872468, 9.99129376])"
3678,6239,181319,"array([7.04897569, 9.69386555])"
3679,6239,182929,"array([7.30239176, 9.64678337])"
3680,6239,185726,"array([6.78284307, 9.15932063])"
3681,6239,185741,"array([ 6.63434659, 10.68336886])"
3682,6239,187817,"array([6.99511914, 9.64136828])"
3683,6239,188040,"array([6.28582823, 9.28223375])"
3684,6239,189606,"array([6.94743784, 9.10242808])"
3685,6239,179943,"array([7.6517141 , 8.85715564])"
3686,6239,178840,"array([ 6.84490465, 10.85793105])"
3687,6239,175653,"array([6.19532276, 9.97846023])"
3688,6239,175654,"array([ 7.32709968, 10.45600766])"
3689,6239,175658,"array([ 7.59485965, 10.22146049])"
3690,6239,175660,"array([7.29987377, 9.90058212])"
3691,6239,175665,"array([7.3154855 , 9.59852873])"
3692,6239,176237,"array([6.6977263 , 9.72356731])"
3693,6239,182454,"array([5.48605726, 9.35405914])"
3694,6239,175677,"array([ 8.13526298, 10.36039422])"
3695,6239,175681,"array([6.70072179, 8.82999129])"
3696,6239,176734,"array([ 6.10743719, 10.1037672 ])"
3697,6239,175684,"array([ 6.75479414, 11.31059836])"
3698,6239,176440,"array([7.45529272, 9.845134  ])"
3699,6239,179209,"array([ 6.93182426, 10.16576435])"
3700,6239,179810,"array([ 7.23202718, 10.25040439])"
3701,6239,180759,"array([6.40446999, 9.32524367])"
3702,6239,184421,"array([6.86087942, 8.79928705])"
3703,6239,186696,"array([7.0216049, 8.8373994])"
3704,6239,191528,"array([ 7.13569861, 10.46446377])"
3705,6239,180692,"array([ 7.29096812, 10.32385865])"
3706,6239,175691,"array([ 7.34730391, 10.5224173 ])"
3707,6239,179469,"array([ 7.55508247, 10.08944562])"
3708,6239,181664,"array([6.57674932, 9.25895197])"
3709,6239,175698,"array([6.31185126, 9.52419973])"
3710,6239,175699,"array([ 7.63062295, 10.73140079])"
3711,6239,175701,"array([ 7.56760723, 10.68954949])"
3712,6239,175712,"array([6.90645645, 9.23459263])"
3713,6239,3564942,"array([ 8.06113019, 10.09224387])"
3714,6239,176649,"array([7.89485336, 9.99937346])"
3715,6239,175724,"array([8.39526584, 9.82352888])"
3716,6239,187053,"array([5.82468336, 9.57001822])"
3717,6239,175731,"array([6.89476603, 8.16594974])"
3718,6239,176922,"array([6.50534249, 9.61813542])"
3719,6239,185346,"array([ 5.83871875, 10.24652718])"
3720,6239,191380,"array([ 5.90328842, 10.13936597])"
3721,6239,175735,"array([ 4.93591509, 10.83308387])"
3722,6239,175738,"array([7.67077772, 9.36879146])"
3723,6239,176039,"array([7.91085334, 8.87015904])"
3724,6239,176041,"array([7.33639125, 9.29734199])"
3725,6239,178603,"array([8.18951084, 8.81938949])"
3726,6239,177454,"array([7.10427069, 8.93698068])"
3727,6239,179526,"array([6.73630059, 9.85306058])"
3728,6239,175757,"array([ 6.11401089, 11.03821111])"
3729,6239,175768,"array([ 7.09871207, 10.18891745])"
3730,6239,175774,"array([ 8.65004625, 10.87047291])"
3731,6239,179304,"array([ 8.01217725, 10.52415611])"
3732,6239,175778,"array([5.583819  , 9.18463181])"
3733,6239,184162,"array([5.27435258, 9.78100384])"
3734,6239,177715,"array([ 6.39633501, 10.27597056])"
3735,6239,179673,"array([7.79765699, 9.97376812])"
3736,6239,179924,"array([ 8.12416695, 10.45182392])"
3737,6239,182050,"array([8.09634734, 9.93622888])"
3738,6239,182122,"array([ 8.15350075, 10.0695884 ])"
3739,6239,187912,"array([ 7.9923456 , 10.83118157])"
3740,6239,259585,"array([ 6.96178193, 11.03218092])"
3741,6239,4927018,"array([ 6.54375131, 10.31523277])"
3742,6239,175785,"array([ 5.41307332, 11.28180386])"
3743,6239,175786,"array([ 7.2352173 , 10.14926698])"
3744,6239,175788,"array([ 5.29179333, 10.44484623])"
3745,6239,175902,"array([ 4.64151849, 10.70740984])"
3746,6239,178779,"array([ 5.86827062, 10.56518295])"
3747,6239,185721,"array([ 4.76494982, 10.6323683 ])"
3748,6239,186005,"array([ 4.73519456, 10.54883752])"
3749,6239,177114,"array([6.24171984, 9.51508287])"
3750,6239,178616,"array([5.97291586, 9.35896778])"
3751,6239,176783,"array([7.85464502, 9.61958425])"
3752,6239,175798,"array([6.48573639, 8.56721712])"
3753,6239,185982,"array([ 5.99818458, 10.0163299 ])"
3754,6239,175804,"array([7.31900534, 9.79739612])"
3755,6239,175811,"array([5.4947155 , 8.85863602])"
3756,6239,180795,"array([ 7.10619913, 10.47754027])"
3757,6239,177153,"array([6.29227294, 8.74702796])"
3758,6239,177366,"array([7.11281909, 9.71237089])"
3759,6239,177583,"array([ 7.26976494, 10.28029104])"
3760,6239,177820,"array([6.18886635, 8.83924348])"
3761,6239,177895,"array([ 7.19435614, 10.01710195])"
3762,6239,178971,"array([6.1501696 , 9.27104567])"
3763,6239,179073,"array([7.12353653, 9.38284216])"
3764,6239,180818,"array([7.37736954, 9.72442909])"
3765,6239,181503,"array([6.16085633, 9.58801737])"
3766,6239,183817,"array([6.87706859, 8.53004721])"
3767,6239,178685,"array([5.50150734, 9.88862356])"
3768,6239,181705,"array([5.51765019, 9.92600781])"
3769,6239,175822,"array([ 7.37406228, 10.50057189])"
3770,6239,175982,"array([7.5149023 , 9.82580409])"
3771,6239,178235,"array([ 6.62533245, 10.49077879])"
3772,6239,175826,"array([ 5.95646525, 10.72514087])"
3773,6239,180725,"array([ 7.48083921, 11.10739946])"
3774,6239,183352,"array([ 6.67024707, 10.57737624])"
3775,6239,180539,"array([6.54810133, 9.6627506 ])"
3776,6239,183453,"array([6.92659639, 9.12556903])"
3777,6239,177815,"array([ 6.93525982, 10.51917674])"
3778,6239,182850,"array([ 6.50366781, 10.76987142])"
3779,6239,175842,"array([7.26094284, 9.5059838 ])"
3780,6239,175843,"array([ 6.39598511, 20.45058536])"
3781,6239,176227,"array([ 6.4353821 , 20.34626428])"
3782,6239,175845,"array([ 6.94343859, 11.22317688])"
3783,6239,189707,"array([ 6.74677103, 11.87234368])"
3784,6239,181544,"array([ 6.63229503, 10.71935513])"
3785,6239,176438,"array([7.34115747, 9.69463676])"
3786,6239,181712,"array([7.04505256, 9.41051727])"
3787,6239,185693,"array([6.41710757, 8.81972417])"
3788,6239,175855,"array([7.0730426, 8.3044081])"
3789,6239,175861,"array([7.44922489, 9.88307577])"
3790,6239,175864,"array([7.73367597, 9.11991563])"
3791,6239,180555,"array([ 7.930294  , 10.87194638])"
3792,6239,175871,"array([ 6.15412787, 11.47803422])"
3793,6239,180519,"array([ 5.98710651, 11.01517504])"
3794,6239,191428,"array([ 5.87855488, 11.99221138])"
3795,6239,175872,"array([ 7.18736179, 10.61119766])"
3796,6239,176815,"array([ 6.57459856, 10.27997149])"
3797,6239,179154,"array([ 7.15270014, 10.3196906 ])"
3798,6239,180880,"array([ 7.170642  , 10.15431847])"
3799,6239,176512,"array([7.08830277, 9.90593769])"
3800,6239,182756,"array([7.2576873 , 9.59979126])"
3801,6239,175886,"array([ 7.34086461, 10.08179278])"
3802,6239,180789,"array([ 6.20371398, 11.06306557])"
3803,6239,183841,"array([7.6671426 , 9.82507299])"
3804,6239,189062,"array([6.92600877, 9.36312471])"
3805,6239,176131,"array([ 6.73450398, 10.30847755])"
3806,6239,177243,"array([ 7.45373773, 10.07616539])"
3807,6239,177447,"array([ 6.78204511, 11.27868036])"
3808,6239,179533,"array([ 6.87973491, 10.44866348])"
3809,6239,181416,"array([ 7.12540533, 10.97485364])"
3810,6239,24104384,"array([ 7.03477415, 10.41547636])"
3811,6239,188663,"array([ 6.05652197, 10.16544802])"
3812,6239,175908,"array([7.31618932, 9.82104466])"
3813,6239,187003,"array([7.04231639, 9.29894843])"
3814,6239,178155,"array([8.58531746, 9.83640599])"
3815,6239,179998,"array([ 7.23261864, 10.32218904])"
3816,6239,182635,"array([8.08335587, 9.90327355])"
3817,6239,185249,"array([7.24414824, 9.42385593])"
3818,6239,185656,"array([7.13911792, 8.41090485])"
3819,6239,176006,"array([ 7.15704811, 10.28742986])"
3820,6239,176707,"array([ 7.53009883, 10.05649173])"
3821,6239,177352,"array([7.18436163, 9.5975266 ])"
3822,6239,177440,"array([ 6.7346513 , 10.21483684])"
3823,6239,178581,"array([ 6.26638886, 10.75300043])"
3824,6239,179891,"array([ 6.1784673 , 10.35261607])"
3825,6239,181307,"array([7.09431078, 9.70668113])"
3826,6239,183700,"array([ 6.29719154, 10.77412068])"
3827,6239,184273,"array([ 6.92104691, 10.70343035])"
3828,6239,186300,"array([ 6.15523377, 10.67347085])"
3829,6239,189642,"array([ 6.25728269, 10.78336387])"
3830,6239,3565237,"array([6.62215786, 9.58859143])"
3831,6239,175938,"array([ 7.79200676, 10.18341826])"
3832,6239,175940,"array([7.01780377, 9.98750274])"
3833,6239,179742,"array([6.24535703, 9.13959913])"
3834,6239,191608,"array([6.59561225, 9.86133561])"
3835,6239,3565996,"array([7.17214595, 9.6729182 ])"
3836,6239,175966,"array([ 7.00056373, 10.31364664])"
3837,6239,180623,"array([ 6.4861087 , 10.38595581])"
3838,6239,175967,"array([5.04642564, 6.75881955])"
3839,6239,188252,"array([5.26648007, 7.13466702])"
3840,6239,175970,"array([ 5.50745249, 10.67790261])"
3841,6239,175971,"array([ 6.98622683, 10.14398435])"
3842,6239,175973,"array([6.35815369, 8.96959044])"
3843,6239,178259,"array([ 6.80067193, 10.36474353])"
3844,6239,179967,"array([ 6.60256422, 10.44710852])"
3845,6239,187182,"array([ 6.691446  , 11.34045532])"
3846,6239,179272,"array([6.58041787, 9.51030946])"
3847,6239,184681,"array([5.29513786, 9.06600989])"
3848,6239,186592,"array([5.23168163, 9.30778251])"
3849,6239,188608,"array([5.24614053, 9.21348255])"
3850,6239,266650,"array([ 7.95342871, 10.17403241])"
3851,6239,178437,"array([ 7.7102901, 11.3180324])"
3852,6239,185789,"array([6.749903  , 8.83521166])"
3853,6239,190576,"array([6.41816856, 8.92500682])"
3854,6239,175987,"array([7.52913376, 8.99963571])"
3855,6239,178778,"array([7.29996215, 9.83670742])"
3856,6239,175991,"array([ 6.85395243, 10.50907794])"
3857,6239,183865,"array([ 6.64546129, 10.5999815 ])"
3858,6239,175995,"array([ 7.39615767, 10.66975832])"
3859,6239,176000,"array([6.87533644, 9.94104363])"
3860,6239,178298,"array([ 7.10658682, 11.25274363])"
3861,6239,179506,"array([ 7.58535989, 11.20253375])"
3862,6239,181299,"array([ 6.8884329 , 10.80393348])"
3863,6239,190976,"array([ 6.09406386, 10.33933127])"
3864,6239,176331,"array([ 6.43316404, 10.60189838])"
3865,6239,176812,"array([6.81472439, 9.61233015])"
3866,6239,176060,"array([7.16268436, 9.58019815])"
3867,6239,179495,"array([ 8.30162356, 10.03694752])"
3868,6239,180986,"array([ 7.35186336, 10.39052068])"
3869,6239,181504,"array([ 7.23299626, 10.17931047])"
3870,6239,182018,"array([ 8.22122341, 10.51433299])"
3871,6239,188957,"array([ 8.23518555, 10.34936768])"
3872,6239,191813,"array([ 8.21502725, 10.46029052])"
3873,6239,179549,"array([ 5.17383345, 10.03965562])"
3874,6239,179822,"array([ 5.16622124, 10.09548386])"
3875,6239,179553,"array([ 6.41901632, 10.62905596])"
3876,6239,183775,"array([ 7.41384917, 11.14606735])"
3877,6239,176946,"array([ 6.92585765, 10.02749695])"
3878,6239,184253,"array([ 5.58040437, 11.72019027])"
3879,6239,182158,"array([6.49498765, 9.37426838])"
3880,6239,188290,"array([ 5.44423761, 10.77702315])"
3881,6239,176099,"array([7.62699547, 9.41425303])"
3882,6239,176100,"array([ 7.70262104, 10.0555798 ])"
3883,6239,186800,"array([ 7.23164884, 10.58591148])"
3884,6239,176101,"array([7.61741096, 8.25635518])"
3885,6239,177865,"array([6.76395115, 9.04325305])"
3886,6239,179639,"array([7.34678579, 9.93638679])"
3887,6239,176106,"array([ 5.63925831, 10.83126601])"
3888,6239,176109,"array([ 6.84390516, 10.39286984])"
3889,6239,176115,"array([ 6.85474778, 10.15390479])"
3890,6239,179684,"array([6.67095699, 9.3020954 ])"
3891,6239,176117,"array([7.23107874, 9.10672879])"
3892,6239,176120,"array([ 7.13846504, 10.25688666])"
3893,6239,176765,"array([ 5.68224373, 10.52157262])"
3894,6239,177926,"array([ 7.39882528, 10.23889715])"
3895,6239,179627,"array([ 7.2850917 , 10.17179284])"
3896,6239,180980,"array([ 7.09759325, 10.45026529])"
3897,6239,176133,"array([7.17859279, 9.70926336])"
3898,6239,176134,"array([ 7.87711088, 10.51279906])"
3899,6239,182626,"array([ 8.55574642, 10.86011758])"
3900,6239,188540,"array([ 7.1240178 , 10.90589779])"
3901,6239,179393,"array([7.17665931, 9.55086594])"
3902,6239,176195,"array([ 7.28375673, 10.29667431])"
3903,6239,178098,"array([6.45772574, 9.15171965])"
3904,6239,176145,"array([6.17129491, 9.24677607])"
3905,6239,176147,"array([ 7.06297275, 10.48336709])"
3906,6239,176148,"array([ 7.36668412, 10.27953273])"
3907,6239,177778,"array([ 8.05330777, 11.00760651])"
3908,6239,176149,"array([7.60824391, 9.30216757])"
3909,6239,176150,"array([6.8620619 , 9.39203488])"
3910,6239,177040,"array([6.65101176, 8.84113741])"
3911,6239,176153,"array([ 7.20789576, 10.0307081 ])"
3912,6239,176157,"array([ 5.51293689, 10.06074395])"
3913,6239,176159,"array([6.81179604, 9.34378066])"
3914,6239,184746,"array([6.49681521, 9.57152663])"
3915,6239,184115,"array([7.57542994, 9.35957803])"
3916,6239,191159,"array([6.07594183, 9.88181257])"
3917,6239,177992,"array([ 7.76829238, 10.2133227 ])"
3918,6239,178711,"array([7.75955688, 9.84877104])"
3919,6239,179047,"array([6.40714253, 9.36250299])"
3920,6239,181577,"array([6.75661206, 9.66685769])"
3921,6239,181788,"array([7.53647111, 9.19512771])"
3922,6239,182067,"array([7.45142351, 9.28572395])"
3923,6239,3565259,"array([7.08600173, 9.19179258])"
3924,6239,176180,"array([ 6.92639929, 10.09486284])"
3925,6239,176395,"array([7.32808061, 9.74491668])"
3926,6239,188432,"array([ 7.7857407 , 11.31381222])"
3927,6239,189133,"array([ 7.95365917, 11.20054293])"
3928,6239,176186,"array([16.6537609 , 12.81272308])"
3929,6239,176188,"array([5.69965635, 8.46590773])"
3930,6239,176190,"array([ 6.68340261, 10.19037958])"
3931,6239,183310,"array([6.07303911, 9.995098  ])"
3932,6239,176198,"array([7.40253917, 9.62512968])"
3933,6239,176381,"array([ 5.6336109, 10.9508196])"
3934,6239,176207,"array([ 6.73523221, 10.01119536])"
3935,6239,181546,"array([5.87221342, 9.06840672])"
3936,6239,190979,"array([ 7.1227001 , 10.71514793])"
3937,6239,180486,"array([ 7.29063052, 10.05341446])"
3938,6239,176221,"array([ 6.8315726 , 11.34641495])"
3939,6239,178028,"array([ 7.35741847, 10.45978216])"
3940,6239,176226,"array([ 6.45228376, 10.86513327])"
3941,6239,179948,"array([ 6.85580907, 10.59170434])"
3942,6239,176229,"array([ 6.56944396, 10.58643734])"
3943,6239,177789,"array([ 6.80577041, 10.49441005])"
3944,6239,179862,"array([ 6.21235124, 11.3072646 ])"
3945,6239,177647,"array([6.90955617, 9.54544285])"
3946,6239,3565871,"array([6.66145829, 8.79716217])"
3947,6239,176245,"array([6.57750368, 9.56678407])"
3948,6239,184395,"array([5.87046919, 9.23810448])"
3949,6239,176252,"array([ 7.47865787, 11.07471271])"
3950,6239,181626,"array([ 7.18298929, 11.32903666])"
3951,6239,177298,"array([ 7.45088161, 11.3818559 ])"
3952,6239,179846,"array([ 7.8034371 , 10.77098231])"
3953,6239,176263,"array([5.76724619, 9.51217874])"
3954,6239,176266,"array([7.15224781, 8.96458203])"
3955,6239,176760,"array([ 6.80027674, 10.85631056])"
3956,6239,178296,"array([6.69220939, 9.96655833])"
3957,6239,179224,"array([ 6.64193178, 10.28096028])"
3958,6239,176275,"array([6.72286224, 9.42364005])"
3959,6239,176279,"array([5.72990682, 8.87568804])"
3960,6239,176280,"array([ 6.67816157, 10.11875686])"
3961,6239,176281,"array([ 7.42313156, 10.3093702 ])"
3962,6239,176282,"array([7.06282391, 9.63219128])"
3963,6239,176939,"array([7.62795446, 9.33267156])"
3964,6239,178755,"array([7.57206634, 8.93153971])"
3965,6239,181772,"array([ 7.42937305, 10.47978151])"
3966,6239,176758,"array([7.08244548, 9.83415987])"
3967,6239,179788,"array([ 6.28081183, 10.85206865])"
3968,6239,176287,"array([ 6.91302667, 10.90492183])"
3969,6239,176293,"array([6.30144189, 8.11737988])"
3970,6239,177504,"array([7.15329263, 9.35569632])"
3971,6239,181476,"array([6.75584395, 9.57052789])"
3972,6239,179024,"array([7.91661183, 9.6984333 ])"
3973,6239,176304,"array([6.86899783, 8.06448637])"
3974,6239,176307,"array([ 6.04000323, 11.05506676])"
3975,6239,176312,"array([ 7.29443387, 10.07366403])"
3976,6239,176320,"array([7.13671861, 9.80894648])"
3977,6239,181331,"array([ 7.56414921, 10.27577072])"
3978,6239,176323,"array([ 6.96029332, 10.59971213])"
3979,6239,179275,"array([ 6.0481547 , 10.74664521])"
3980,6239,176334,"array([7.36400261, 9.81519031])"
3981,6239,179394,"array([6.97892165, 9.06708072])"
3982,6239,180478,"array([6.60577848, 8.68606228])"
3983,6239,185357,"array([6.80821816, 8.63906406])"
3984,6239,190338,"array([6.66900261, 8.6539967 ])"
3985,6239,176345,"array([7.26009438, 9.97046139])"
3986,6239,183473,"array([7.86233485, 9.101894  ])"
3987,6239,3564968,"array([6.96875921, 9.44311066])"
3988,6239,176366,"array([6.70294333, 8.67530324])"
3989,6239,181007,"array([7.16783887, 9.97273318])"
3990,6239,187080,"array([ 6.53111553, 10.96639295])"
3991,6239,176784,"array([6.80236965, 9.98398057])"
3992,6239,176383,"array([ 6.95259632, 10.37251296])"
3993,6239,188851,"array([ 8.37212006, 10.57292736])"
3994,6239,176390,"array([ 6.97194386, 10.32411122])"
3995,6239,176391,"array([6.9050607 , 9.65672796])"
3996,6239,176468,"array([6.37081618, 9.70349817])"
3997,6239,180297,"array([5.39053452, 8.97413281])"
3998,6239,185407,"array([6.73641102, 9.13043104])"
3999,6239,189289,"array([5.40224045, 9.0311934 ])"
4000,6239,181390,"array([6.78913235, 8.45895542])"
4001,6239,190956,"array([6.54070609, 8.57499931])"
4002,6239,176402,"array([7.93727669, 9.49660575])"
4003,6239,176407,"array([8.88206027, 8.86799642])"
4004,6239,178505,"array([8.23646735, 9.24406895])"
4005,6239,187013,"array([9.27963597, 8.62819978])"
4006,6239,176421,"array([ 5.5963433 , 10.56996012])"
4007,6239,176424,"array([ 6.18010911, 10.88827818])"
4008,6239,176426,"array([ 6.31614604, 10.05107458])"
4009,6239,176433,"array([ 6.38313965, 11.01424775])"
4010,6239,176435,"array([7.13197135, 8.31479447])"
4011,6239,189640,"array([7.22543523, 7.74246537])"
4012,6239,177735,"array([ 7.33231291, 10.01082672])"
4013,6239,176439,"array([7.62520923, 9.60024701])"
4014,6239,176544,"array([7.88649709, 9.91133013])"
4015,6239,176442,"array([7.57454011, 8.25548536])"
4016,6239,191876,"array([7.37068003, 8.87815188])"
4017,6239,180014,"array([6.8143629 , 9.28313114])"
4018,6239,176446,"array([ 6.07616668, 10.55855039])"
4019,6239,177453,"array([5.10992555, 9.69473556])"
4020,6239,177543,"array([5.26045201, 9.38668305])"
4021,6239,179257,"array([5.61152696, 9.99185376])"
4022,6239,179457,"array([5.20621054, 9.56267286])"
4023,6239,180459,"array([5.18459832, 9.4450887 ])"
4024,6239,181197,"array([5.39062726, 9.60330946])"
4025,6239,181530,"array([5.18340095, 9.67087004])"
4026,6239,181606,"array([5.16700093, 9.53496946])"
4027,6239,182172,"array([5.16374929, 9.72235197])"
4028,6239,182467,"array([5.44221812, 9.51409325])"
4029,6239,184991,"array([5.55195746, 9.65787192])"
4030,6239,187062,"array([5.71081232, 9.62905062])"
4031,6239,188142,"array([5.15671084, 9.61307301])"
4032,6239,189442,"array([5.21657699, 9.4062356 ])"
4033,6239,191615,"array([5.41333105, 9.55990008])"
4034,6239,191728,"array([5.15253883, 9.7767307 ])"
4035,6239,259368,"array([6.42017022, 9.58743178])"
4036,6239,353455,"array([5.13726504, 9.65819013])"
4037,6239,259619,"array([5.06181837, 9.43718097])"
4038,6239,176703,"array([6.92703572, 9.71992974])"
4039,6239,177720,"array([7.44930713, 9.04578201])"
4040,6239,189992,"array([7.50494165, 9.31923462])"
4041,6239,191757,"array([ 6.19068164, 11.43077618])"
4042,6239,176464,"array([7.13801363, 9.99522085])"
4043,6239,176709,"array([ 7.33296375, 11.22594867])"
4044,6239,176471,"array([ 7.28153105, 10.2180416 ])"
4045,6239,176483,"array([ 6.00016055, 10.11187729])"
4046,6239,176488,"array([7.32471191, 9.85159164])"
4047,6239,176490,"array([ 6.28840369, 10.14462156])"
4048,6239,176491,"array([ 7.02915339, 10.90832976])"
4049,6239,176502,"array([-2.64208126,  3.56824769])"
4050,6239,178080,"array([-2.74061858,  3.50088362])"
4051,6239,178083,"array([ 7.1986348 , 10.20237292])"
4052,6239,179013,"array([ 6.81674733, 10.56272851])"
4053,6239,179296,"array([7.54321306, 9.67598277])"
4054,6239,182650,"array([6.2535629, 9.5546866])"
4055,6239,176925,"array([ 7.30497711, 10.15125325])"
4056,6239,177545,"array([6.66090329, 8.25037993])"
4057,6239,178418,"array([7.00771006, 8.61514017])"
4058,6239,178532,"array([7.11357402, 8.22461768])"
4059,6239,178837,"array([6.67839997, 9.39907323])"
4060,6239,179124,"array([7.49373397, 8.309449  ])"
4061,6239,179127,"array([7.25312994, 9.21070737])"
4062,6239,179375,"array([7.26892122, 9.64106793])"
4063,6239,179851,"array([6.91770783, 8.22028326])"
4064,6239,180783,"array([7.1477684 , 9.32547073])"
4065,6239,181328,"array([7.0999021, 8.1688472])"
4066,6239,181351,"array([6.95584715, 8.18047498])"
4067,6239,182864,"array([6.97405511, 8.23418883])"
4068,6239,184751,"array([6.52570193, 8.73040693])"
4069,6239,186039,"array([6.77758255, 8.16953572])"
4070,6239,187184,"array([6.81054283, 8.20744841])"
4071,6239,187199,"array([7.05849684, 8.2228078 ])"
4072,6239,189674,"array([6.99180019, 8.13727035])"
4073,6239,189961,"array([6.84119221, 8.15193031])"
4074,6239,191525,"array([7.23303133, 9.1786604 ])"
4075,6239,259801,"array([6.44085111, 9.21366717])"
4076,6239,3565074,"array([6.54103019, 9.4723097 ])"
4077,6239,177843,"array([6.48030392, 8.99107904])"
4078,6239,178057,"array([6.97990859, 9.62275651])"
4079,6239,187532,"array([6.79069479, 9.36768492])"
4080,6239,177338,"array([5.76200312, 9.72248478])"
4081,6239,179303,"array([5.96415093, 9.52934143])"
4082,6239,180185,"array([ 6.74918884, 10.96044567])"
4083,6239,176533,"array([7.35793382, 9.15331664])"
4084,6239,187273,"array([8.68506459, 9.80304149])"
4085,6239,179485,"array([5.94460746, 9.94512266])"
4086,6239,176552,"array([6.50077642, 9.29191127])"
4087,6239,176560,"array([6.98553733, 9.92921199])"
4088,6239,177758,"array([ 8.20428831, 11.05118277])"
4089,6239,176566,"array([ 5.89042042, 11.13408871])"
4090,6239,179177,"array([ 6.88148556, 10.74513995])"
4091,6239,176594,"array([5.32827507, 9.43130135])"
4092,6239,176606,"array([6.22601298, 9.27850139])"
4093,6239,177485,"array([5.77946259, 8.897924  ])"
4094,6239,178734,"array([6.04471413, 8.76289237])"
4095,6239,179726,"array([5.75179223, 8.975201  ])"
4096,6239,179997,"array([5.78988644, 8.99431255])"
4097,6239,181065,"array([7.3071593 , 9.62204002])"
4098,6239,182781,"array([5.84804124, 8.97605787])"
4099,6239,183356,"array([5.78618369, 8.85917095])"
4100,6239,184079,"array([6.07013841, 8.87728287])"
4101,6239,184560,"array([5.81849561, 8.91831057])"
4102,6239,184848,"array([6.40062675, 9.20460275])"
4103,6239,185635,"array([5.89187382, 8.90160243])"
4104,6239,185933,"array([5.70768131, 9.05133174])"
4105,6239,186190,"array([5.83758587, 8.87255554])"
4106,6239,187692,"array([5.77434419, 8.93823305])"
4107,6239,187810,"array([5.99143868, 8.75998887])"
4108,6239,188172,"array([5.84452913, 8.80111278])"
4109,6239,188522,"array([5.94437144, 8.84523755])"
4110,6239,188722,"array([7.07412161, 8.77559983])"
4111,6239,189117,"array([5.85532878, 8.91253569])"
4112,6239,189281,"array([6.86449849, 9.63385831])"
4113,6239,189563,"array([5.95187415, 8.79715595])"
4114,6239,189914,"array([5.92979742, 8.89324023])"
4115,6239,190509,"array([5.81339662, 8.96038197])"
4116,6239,191921,"array([5.81728575, 8.8313434 ])"
4117,6239,180505,"array([5.61157909, 9.45493457])"
4118,6239,189731,"array([5.35479709, 9.71074605])"
4119,6239,176620,"array([ 6.82045442, 10.66087619])"
4120,6239,259546,"array([7.39225127, 9.71136514])"
4121,6239,177007,"array([ 6.87855281, 10.94970217])"
4122,6239,189959,"array([6.55919502, 9.52168985])"
4123,6239,177202,"array([ 7.27909924, 10.55469838])"
4124,6239,181640,"array([ 6.2251652 , 10.15293488])"
4125,6239,176694,"array([ 5.42766935, 10.51312671])"
4126,6239,180325,"array([6.59394619, 9.99365593])"
4127,6239,183218,"array([7.14486469, 9.41371412])"
4128,6239,184916,"array([6.88701151, 8.8619683 ])"
4129,6239,3565555,"array([7.51287242, 9.12166856])"
4130,6239,176662,"array([ 7.15357635, 10.2155187 ])"
4131,6239,176666,"array([7.0665483 , 9.21311022])"
4132,6239,178970,"array([ 6.88229695, 10.17597918])"
4133,6239,176674,"array([ 5.91978838, 10.65754146])"
4134,6239,176679,"array([6.47277055, 9.32928803])"
4135,6239,176697,"array([ 6.93506212, 10.08062302])"
4136,6239,178852,"array([ 6.4542229 , 10.17697193])"
4137,6239,176704,"array([ 7.50908963, 10.49468502])"
4138,6239,189588,"array([ 5.38107889, 10.36878068])"
4139,6239,181268,"array([6.45507867, 8.60371913])"
4140,6239,184613,"array([8.63045809, 9.65266102])"
4141,6239,185456,"array([ 7.4028523 , 11.20453964])"
4142,6239,176724,"array([6.9522731 , 9.48125921])"
4143,6239,176732,"array([ 6.61696929, 11.28592226])"
4144,6239,182360,"array([8.3359134, 9.9231891])"
4145,6239,177331,"array([ 5.60947307, 10.53634335])"
4146,6239,176874,"array([7.68294872, 9.65686979])"
4147,6239,179427,"array([6.90076723, 9.20734719])"
4148,6239,181030,"array([7.2177253 , 9.56190765])"
4149,6239,266648,"array([6.70807364, 8.08030274])"
4150,6239,176750,"array([6.94114464, 9.5130016 ])"
4151,6239,188816,"array([7.09311146, 8.74871017])"
4152,6239,178926,"array([ 6.49142627, 10.58502807])"
4153,6239,188812,"array([ 5.29750852, 11.41437018])"
4154,6239,179416,"array([ 7.61712952, 10.05808071])"
4155,6239,179587,"array([8.26493798, 9.32066721])"
4156,6239,181230,"array([7.96388574, 9.11502583])"
4157,6239,178320,"array([6.60568223, 9.55664802])"
4158,6239,179670,"array([7.223854  , 9.90811681])"
4159,6239,176788,"array([7.48306173, 9.96578594])"
4160,6239,179513,"array([ 7.46400558, 10.35912972])"
4161,6239,179534,"array([7.1440394 , 9.95524759])"
4162,6239,176794,"array([7.27506883, 9.90403087])"
4163,6239,176796,"array([ 7.07109909, 10.01315894])"
4164,6239,180125,"array([7.24149992, 9.91119203])"
4165,6239,181321,"array([ 6.25677095, 10.21151952])"
4166,6239,179956,"array([6.02774804, 9.61270121])"
4167,6239,181624,"array([5.65148231, 9.3872602 ])"
4168,6239,185405,"array([5.6845135, 9.3365408])"
4169,6239,188671,"array([5.75632703, 9.29320906])"
4170,6239,260026,"array([5.68348125, 9.41539901])"
4171,6239,6418874,"array([5.52735446, 9.25566239])"
4172,6239,178373,"array([ 6.15901768, 11.03399717])"
4173,6239,176817,"array([6.29792114, 9.72174625])"
4174,6239,180211,"array([ 5.5497076 , 10.21758357])"
4175,6239,180933,"array([ 5.6262671 , 10.17280358])"
4176,6239,181743,"array([ 5.73026984, 10.38684916])"
4177,6239,191389,"array([ 6.04942494, 10.19509973])"
4178,6239,176829,"array([7.30775232, 9.17422746])"
4179,6239,176832,"array([6.54008644, 8.88815403])"
4180,6239,179946,"array([7.39029252, 9.22282304])"
4181,6239,176841,"array([7.77566814, 8.65212132])"
4182,6239,179201,"array([7.36451376, 8.99576333])"
4183,6239,176851,"array([ 6.77173842, 10.60417363])"
4184,6239,176857,"array([ 7.63533182, 10.2789402 ])"
4185,6239,176858,"array([ 7.14511134, 10.35637105])"
4186,6239,176877,"array([5.15638337, 9.89015615])"
4187,6239,176883,"array([ 6.04954382, 10.66968162])"
4188,6239,176885,"array([6.79463344, 9.42127106])"
4189,6239,178191,"array([6.56442254, 9.62538516])"
4190,6239,176914,"array([7.17686621, 9.35910074])"
4191,6239,176918,"array([ 6.36936709, 10.11823978])"
4192,6239,176921,"array([ 6.59520756, 10.36832046])"
4193,6239,176928,"array([ 7.26508761, 10.22281673])"
4194,6239,191563,"array([ 7.49464517, 10.33692577])"
4195,6239,176933,"array([ 6.92337091, 10.319378  ])"
4196,6239,176941,"array([7.31516362, 8.58124939])"
4197,6239,176950,"array([7.78766435, 9.03226195])"
4198,6239,3565921,"array([6.28589085, 9.32348822])"
4199,6239,181084,"array([ 6.68271429, 10.29925508])"
4200,6239,186045,"array([5.93316154, 9.42070873])"
4201,6239,176969,"array([5.23339048, 9.7166877 ])"
4202,6239,176971,"array([6.27875213, 9.44802449])"
4203,6239,176981,"array([6.89795738, 9.87890822])"
4204,6239,177002,"array([8.40984003, 9.31091182])"
4205,6239,185896,"array([ 5.93515703, 10.49043938])"
4206,6239,177021,"array([ 7.22342009, 10.83693206])"
4207,6239,179053,"array([ 6.96981535, 10.15104774])"
4208,6239,179695,"array([6.00101917, 9.95240498])"
4209,6239,181567,"array([ 6.92587629, 10.77643539])"
4210,6239,177070,"array([7.78247821, 9.66139301])"
4211,6239,177095,"array([7.19860326, 9.66244133])"
4212,6239,179779,"array([7.19498273, 9.80940535])"
4213,6239,190704,"array([7.0076162 , 8.03503726])"
4214,6239,3565509,"array([6.52230931, 9.01026149])"
4215,6239,177118,"array([5.37118713, 9.97085117])"
4216,6239,177119,"array([7.0220349 , 8.47915829])"
4217,6239,183940,"array([ 5.6357307 , 10.24516828])"
4218,6239,177972,"array([7.90918676, 7.80984284])"
4219,6239,183946,"array([7.43100957, 9.16579629])"
4220,6239,189466,"array([5.66460815, 9.52312912])"
4221,6239,177906,"array([ 7.36534428, 10.41354502])"
4222,6239,186960,"array([7.61841307, 9.14950734])"
4223,6239,177162,"array([7.76779354, 8.48256733])"
4224,6239,177168,"array([7.32095462, 9.34710201])"
4225,6239,185118,"array([ 6.76738224, 11.36932665])"
4226,6239,191419,"array([ 7.70446408, 11.13170978])"
4227,6239,184873,"array([ 6.15222051, 10.61177736])"
4228,6239,3565577,"array([ 6.85808989, 10.8904302 ])"
4229,6239,177223,"array([5.91980507, 9.53765632])"
4230,6239,177232,"array([ 7.98304567, 11.69246134])"
4231,6239,180074,"array([ 7.58100785, 10.94039593])"
4232,6239,177235,"array([ 7.72421188, 10.09761598])"
4233,6239,177940,"array([7.73611811, 9.70113898])"
4234,6239,177419,"array([7.09528558, 9.96931544])"
4235,6239,3564838,"array([7.67477734, 9.75332908])"
4236,6239,177248,"array([5.51249456, 9.78069336])"
4237,6239,3565279,"array([5.49519955, 9.50083991])"
4238,6239,178701,"array([ 6.08105427, 11.79338358])"
4239,6239,179863,"array([ 6.96805694, 10.74415836])"
4240,6239,181946,"array([ 6.17860614, 11.87834937])"
4241,6239,183454,"array([ 6.1644796 , 11.81285857])"
4242,6239,185609,"array([ 6.10999689, 11.85280729])"
4243,6239,177279,"array([16.38669955, 14.95271303])"
4244,6239,179060,"array([16.27907174, 14.9070633 ])"
4245,6239,177283,"array([7.19940819, 9.71747648])"
4246,6239,177286,"array([ 6.16263231, 10.46283066])"
4247,6239,177319,"array([ 6.66150822, 10.08345512])"
4248,6239,177321,"array([ 7.26580164, 10.10313939])"
4249,6239,180065,"array([7.82487555, 9.05103163])"
4250,6239,177611,"array([ 5.95028912, 10.11242689])"
4251,6239,179476,"array([ 7.98231525, 10.16756999])"
4252,6239,179607,"array([ 6.41742103, 11.00791287])"
4253,6239,185650,"array([ 6.27713423, 10.92767684])"
4254,6239,189975,"array([5.13317116, 9.57544516])"
4255,6239,177354,"array([7.68798972, 9.90337962])"
4256,6239,177355,"array([7.87225819, 9.74912418])"
4257,6239,177359,"array([ 6.93970081, 10.55332624])"
4258,6239,177365,"array([ 7.2037066 , 10.30360242])"
4259,6239,190395,"array([6.88960913, 9.10218503])"
4260,6239,177389,"array([ 7.9874802 , 10.32391488])"
4261,6239,177405,"array([7.72537123, 9.03521418])"
4262,6239,187417,"array([ 6.15729221, 10.3865211 ])"
4263,6239,177415,"array([6.91360117, 9.47487884])"
4264,6239,177420,"array([6.02723046, 9.25842885])"
4265,6239,177492,"array([7.92712005, 9.84039556])"
4266,6239,177528,"array([ 7.2908143 , 10.46211071])"
4267,6239,177846,"array([7.50447867, 9.69258914])"
4268,6239,177923,"array([7.07548448, 9.40206075])"
4269,6239,178387,"array([7.21450141, 9.98015452])"
4270,6239,178471,"array([7.71803824, 9.79529703])"
4271,6239,178670,"array([ 7.22723866, 10.04774126])"
4272,6239,178811,"array([7.9453443 , 9.94930219])"
4273,6239,179425,"array([ 7.4432951 , 10.25282697])"
4274,6239,179711,"array([ 7.66889966, 10.50064928])"
4275,6239,179811,"array([ 7.05211698, 10.57494973])"
4276,6239,181170,"array([7.09413419, 9.7896986 ])"
4277,6239,183104,"array([7.85557861, 9.97229293])"
4278,6239,184719,"array([ 7.19831157, 10.66230607])"
4279,6239,186137,"array([7.94855183, 9.92147717])"
4280,6239,190707,"array([ 7.34883002, 10.58824118])"
4281,6239,259329,"array([ 6.99067655, 10.44664187])"
4282,6239,177427,"array([7.33770579, 9.47248985])"
4283,6239,177429,"array([13.99254997,  2.11012242])"
4284,6239,187543,"array([13.87675395,  2.09737164])"
4285,6239,187804,"array([14.1109764 ,  2.11941594])"
4286,6239,180735,"array([7.83407403, 8.51592263])"
4287,6239,180852,"array([7.91186161, 9.03445249])"
4288,6239,182211,"array([7.80342842, 8.5940283 ])"
4289,6239,183755,"array([7.56660415, 8.54800159])"
4290,6239,185827,"array([7.699457  , 8.55560324])"
4291,6239,186563,"array([7.88076056, 8.54342119])"
4292,6239,186872,"array([7.78855399, 8.53271918])"
4293,6239,190381,"array([7.84583979, 8.57927702])"
4294,6239,191687,"array([7.91972906, 8.58233761])"
4295,6239,192006,"array([7.75815748, 8.56589259])"
4296,6239,188872,"array([7.12955242, 9.71264456])"
4297,6239,177445,"array([7.76431055, 9.42259208])"
4298,6239,177456,"array([ 7.28400422, 10.03555996])"
4299,6239,177457,"array([7.41221721, 9.69856544])"
4300,6239,182022,"array([7.57424493, 9.39331304])"
4301,6239,184218,"array([7.5041912, 9.0305251])"
4302,6239,185623,"array([6.59162776, 8.74086067])"
4303,6239,180631,"array([ 7.45772141, 10.46136389])"
4304,6239,177510,"array([ 6.82546138, 11.70882155])"
4305,6239,179800,"array([ 6.96482607, 10.93180818])"
4306,6239,177519,"array([ 6.8597458 , 10.56760269])"
4307,6239,177888,"array([ 7.41877134, 10.5940078 ])"
4308,6239,177524,"array([7.3265497 , 9.99333929])"
4309,6239,180300,"array([7.87261443, 9.28527605])"
4310,6239,177530,"array([7.57198575, 9.74173531])"
4311,6239,183261,"array([ 6.35434907, 10.95509743])"
4312,6239,180331,"array([ 6.05237798, 10.60685686])"
4313,6239,177553,"array([6.11234161, 9.22732753])"
4314,6239,177557,"array([ 7.77924171, 10.02477643])"
4315,6239,181291,"array([6.82686752, 9.41460548])"
4316,6239,177562,"array([ 7.81482394, 10.62253563])"
4317,6239,177570,"array([5.42532471, 8.9321066 ])"
4318,6239,179574,"array([4.98422367, 8.61355927])"
4319,6239,177572,"array([ 6.53045453, 10.51854698])"
4320,6239,184134,"array([ 6.04133238, 11.12067096])"
4321,6239,177772,"array([ 5.90527065, 10.56361094])"
4322,6239,183181,"array([ 6.06679432, 10.27872602])"
4323,6239,183558,"array([ 5.47153559, 10.02288276])"
4324,6239,180350,"array([6.64411186, 8.76271261])"
4325,6239,187968,"array([6.77886548, 9.07443378])"
4326,6239,177603,"array([8.04733807, 8.37466436])"
4327,6239,187645,"array([ 7.04128652, 10.11148274])"
4328,6239,189676,"array([ 5.93975419, 10.30186753])"
4329,6239,177606,"array([ 7.29951804, 10.20792373])"
4330,6239,185003,"array([6.83484749, 9.2990747 ])"
4331,6239,180713,"array([6.94755883, 9.77976745])"
4332,6239,191544,"array([7.15682077, 9.21025477])"
4333,6239,180582,"array([ 7.86960922, 10.18163369])"
4334,6239,187106,"array([ 7.47465639, 11.13771802])"
4335,6239,177632,"array([7.43986596, 9.81703175])"
4336,6239,177848,"array([ 6.53237255, 11.61764436])"
4337,6239,187337,"array([ 7.07623088, 10.83652999])"
4338,6239,182601,"array([ 5.99606127, 11.06730032])"
4339,6239,187465,"array([ 6.69226822, 10.91600214])"
4340,6239,177674,"array([ 6.51426115, 10.45210793])"
4341,6239,177682,"array([ 6.90965991, 10.73345447])"
4342,6239,181861,"array([6.7467999 , 9.47744049])"
4343,6239,177694,"array([ 6.1754955 , 10.56456984])"
4344,6239,179492,"array([ 5.83749034, 10.98320622])"
4345,6239,183523,"array([ 6.12284534, 10.98291816])"
4346,6239,180550,"array([6.41331077, 8.63543845])"
4347,6239,180814,"array([5.9235309 , 8.97535292])"
4348,6239,184285,"array([6.11369955, 8.86497105])"
4349,6239,185285,"array([6.07984469, 8.83347918])"
4350,6239,185680,"array([5.98228626, 8.92103508])"
4351,6239,186917,"array([6.02967306, 8.86448658])"
4352,6239,187353,"array([6.18313537, 8.77397237])"
4353,6239,187529,"array([5.98628537, 8.88215841])"
4354,6239,188173,"array([5.80687702, 9.0658367 ])"
4355,6239,259704,"array([6.70418769, 9.02018897])"
4356,6239,178325,"array([6.98570792, 9.59799461])"
4357,6239,178610,"array([5.815225 , 9.4942805])"
4358,6239,178632,"array([5.91402035, 9.99143177])"
4359,6239,180084,"array([ 5.84044975, 10.31438811])"
4360,6239,180291,"array([ 7.07417085, 10.5553341 ])"
4361,6239,181260,"array([5.86484966, 9.44141004])"
4362,6239,181513,"array([6.01591173, 9.29239319])"
4363,6239,182672,"array([6.19934154, 9.67676611])"
4364,6239,182968,"array([ 5.76289475, 10.0491123 ])"
4365,6239,183935,"array([5.97586652, 9.30341171])"
4366,6239,184272,"array([6.19183018, 9.20217728])"
4367,6239,184366,"array([6.69250751, 9.65909835])"
4368,6239,185257,"array([5.78846698, 9.54392259])"
4369,6239,190093,"array([ 6.61938125, 10.66078656])"
4370,6239,178090,"array([ 5.48846271, 10.13948037])"
4371,6239,179117,"array([6.60878287, 9.67697271])"
4372,6239,177709,"array([7.08915333, 9.48239134])"
4373,6239,177717,"array([ 7.7110358 , 10.00757838])"
4374,6239,178483,"array([7.36414576, 9.96672524])"
4375,6239,178831,"array([ 7.00448625, 10.1129987 ])"
4376,6239,177743,"array([6.84153786, 8.97932864])"
4377,6239,190400,"array([7.23670196, 8.5209212 ])"
4378,6239,181091,"array([5.82135514, 9.94039227])"
4379,6239,177764,"array([ 6.08384211, 10.75708164])"
4380,6239,179685,"array([ 7.58814845, 10.63225027])"
4381,6239,177950,"array([7.63717714, 8.1944014 ])"
4382,6239,179384,"array([7.70116009, 9.18314469])"
4383,6239,179573,"array([7.58561907, 8.19488244])"
4384,6239,179856,"array([7.52229292, 8.20637249])"
4385,6239,180205,"array([7.6891364, 8.2240808])"
4386,6239,181441,"array([7.48842313, 8.1543689 ])"
4387,6239,181763,"array([7.54821319, 8.15536251])"
4388,6239,182273,"array([7.74172065, 8.26683094])"
4389,6239,182577,"array([8.00968337, 9.00478361])"
4390,6239,183663,"array([7.12759897, 9.35494698])"
4391,6239,185141,"array([7.44293628, 8.19053265])"
4392,6239,188097,"array([7.71334816, 8.30997207])"
4393,6239,191965,"array([7.03620137, 8.58197618])"
4394,6239,179010,"array([6.67636084, 9.95519183])"
4395,6239,177798,"array([ 7.65767867, 12.11418338])"
4396,6239,177800,"array([ 6.20919627, 10.91702744])"
4397,6239,189693,"array([ 5.83134292, 11.48559243])"
4398,6239,191170,"array([ 6.32005177, 10.55113792])"
4399,6239,177806,"array([5.0606207 , 9.33141527])"
4400,6239,177816,"array([ 6.20567534, 10.42427525])"
4401,6239,177826,"array([8.16778158, 9.21858937])"
4402,6239,181250,"array([7.26145126, 9.92014001])"
4403,6239,181398,"array([8.79602539, 8.78417314])"
4404,6239,177835,"array([ 5.79354141, 10.41545986])"
4405,6239,177855,"array([ 7.29617088, 10.43307699])"
4406,6239,177858,"array([ 5.26116621, 10.00242244])"
4407,6239,177859,"array([ 7.30281962, 10.26791943])"
4408,6239,180605,"array([7.31915713, 9.31928968])"
4409,6239,181994,"array([6.41101772, 8.98487417])"
4410,6239,187054,"array([6.99674583, 8.76085895])"
4411,6239,180697,"array([6.61801777, 8.28646592])"
4412,6239,181796,"array([6.61176605, 8.33528665])"
4413,6239,184684,"array([6.66099413, 8.33071699])"
4414,6239,177874,"array([ 6.5960486 , 10.50773754])"
4415,6239,177876,"array([6.40353493, 9.55818254])"
4416,6239,183836,"array([ 7.85490698, 10.36071403])"
4417,6239,177886,"array([7.4280129 , 9.96290995])"
4418,6239,177889,"array([7.30084019, 9.05381916])"
4419,6239,177890,"array([5.64071867, 8.73909846])"
4420,6239,181372,"array([5.08025186, 8.21584836])"
4421,6239,181227,"array([ 6.90387627, 10.27430271])"
4422,6239,184295,"array([7.86996918, 9.14880771])"
4423,6239,177913,"array([13.19417027,  1.71951287])"
4424,6239,185679,"array([7.43987886, 9.11750465])"
4425,6239,185898,"array([6.85404925, 8.57617531])"
4426,6239,190999,"array([6.97723366, 8.52977449])"
4427,6239,3565075,"array([7.47531238, 9.12254722])"
4428,6239,24104262,"array([6.51307029, 9.04508084])"
4429,6239,177915,"array([ 6.72843174, 10.68325069])"
4430,6239,178624,"array([ 6.45202908, 11.10742385])"
4431,6239,188527,"array([ 6.37887532, 11.09974139])"
4432,6239,179733,"array([5.35021761, 9.49033214])"
4433,6239,186116,"array([5.42769573, 9.74222372])"
4434,6239,192051,"array([6.76075586, 9.32627541])"
4435,6239,3565014,"array([6.2016628 , 9.71844616])"
4436,6239,185686,"array([5.88896099, 9.5203174 ])"
4437,6239,180574,"array([5.67640331, 9.85374162])"
4438,6239,177953,"array([ 6.30936085, 11.19886955])"
4439,6239,185404,"array([7.41996675, 8.84481409])"
4440,6239,177967,"array([5.71937889, 9.44596759])"
4441,6239,177969,"array([ 7.73213937, 10.79538401])"
4442,6239,184952,"array([ 8.24103895, 11.33109745])"
4443,6239,177983,"array([6.4449618 , 9.03161812])"
4444,6239,180047,"array([7.6007034, 9.9053891])"
4445,6239,183959,"array([6.50278749, 9.07784399])"
4446,6239,180013,"array([7.1067995 , 9.27689942])"
4447,6239,179440,"array([7.16366473, 9.81160347])"
4448,6239,178012,"array([ 7.14287748, 10.30204943])"
4449,6239,178929,"array([7.95300713, 9.82494937])"
4450,6239,178022,"array([ 5.83800199, 10.10378413])"
4451,6239,179537,"array([7.19679879, 9.64055091])"
4452,6239,181364,"array([ 7.65154951, 10.03946902])"
4453,6239,189189,"array([7.84483339, 8.77381761])"
4454,6239,178029,"array([ 6.72798655, 10.78698019])"
4455,6239,183747,"array([ 6.22388455, 10.60138374])"
4456,6239,183938,"array([6.07370911, 8.08319295])"
4457,6239,178050,"array([ 6.91164928, 10.96081384])"
4458,6239,186223,"array([ 6.32348269, 10.7923364 ])"
4459,6239,178053,"array([7.28651549, 9.96736874])"
4460,6239,180686,"array([7.35220197, 8.84238637])"
4461,6239,181132,"array([ 5.8159135 , 10.13299197])"
4462,6239,188247,"array([6.06047791, 9.59804163])"
4463,6239,182190,"array([ 5.64763325, 11.65010998])"
4464,6239,178666,"array([5.81133029, 9.63238455])"
4465,6239,191719,"array([5.72307997, 9.99082597])"
4466,6239,178077,"array([7.80030918, 9.29059055])"
4467,6239,179434,"array([8.34464001, 8.82449707])"
4468,6239,183510,"array([5.6304589 , 9.73041432])"
4469,6239,191128,"array([6.43084871, 8.30484869])"
4470,6239,180611,"array([ 5.66606834, 10.44505145])"
4471,6239,179409,"array([7.27351234, 9.37951288])"
4472,6239,179958,"array([ 7.20039994, 10.05188569])"
4473,6239,180989,"array([ 5.76745166, 10.54657794])"
4474,6239,184213,"array([ 5.73184822, 10.29971054])"
4475,6239,187556,"array([ 5.78201677, 10.67447506])"
4476,6239,189623,"array([ 5.94233084, 10.79234794])"
4477,6239,266835,"array([ 7.02656776, 10.48582109])"
4478,6239,3565833,"array([ 5.77219095, 10.59480708])"
4479,6239,182035,"array([6.91658329, 8.90166615])"
4480,6239,189170,"array([7.10459645, 9.22312387])"
4481,6239,178118,"array([17.46346343, 12.03238897])"
4482,6239,178122,"array([ 7.82342825, 10.47799824])"
4483,6239,178131,"array([ 5.99723991, 11.30782139])"
4484,6239,178835,"array([7.97772059, 8.86755285])"
4485,6239,179738,"array([ 7.93317528, 10.02651925])"
4486,6239,178160,"array([ 7.85042745, 10.71446494])"
4487,6239,178167,"array([ 6.71791095, 11.00431866])"
4488,6239,184865,"array([ 7.13477685, 11.2715852 ])"
4489,6239,178172,"array([6.45009649, 8.8448248 ])"
4490,6239,178174,"array([15.97297397,  5.28984973])"
4491,6239,178188,"array([ 7.13718293, 10.34000429])"
4492,6239,178192,"array([6.72892161, 8.97779913])"
4493,6239,178207,"array([ 7.1183399, 10.5028304])"
4494,6239,178216,"array([6.55639871, 9.01234067])"
4495,6239,178224,"array([5.78072843, 9.68153825])"
4496,6239,178229,"array([ 6.63915411, 10.86982903])"
4497,6239,178257,"array([ 5.47756678, 10.10266527])"
4498,6239,186392,"array([7.30163504, 9.30248375])"
4499,6239,190961,"array([7.93731896, 9.24922852])"
4500,6239,190006,"array([8.01233041, 9.21410868])"
4501,6239,178291,"array([7.83220059, 9.89923021])"
4502,6239,178293,"array([ 6.84153815, 10.61508231])"
4503,6239,178294,"array([ 6.7064174 , 10.74030323])"
4504,6239,188557,"array([ 7.63777519, 10.62743684])"
4505,6239,178297,"array([ 7.27908229, 10.24357723])"
4506,6239,178972,"array([8.12035822, 9.74252253])"
4507,6239,178300,"array([ 7.78548645, 10.61281559])"
4508,6239,182629,"array([ 5.29953133, 10.89311135])"
4509,6239,178307,"array([ 8.03588571, 10.97756694])"
4510,6239,178386,"array([ 6.96161283, 10.50528012])"
4511,6239,178407,"array([7.39662956, 9.90824809])"
4512,6239,179516,"array([ 6.34672712, 10.47145062])"
4513,6239,180302,"array([ 6.51439934, 10.33235129])"
4514,6239,180520,"array([ 7.00170113, 10.21473996])"
4515,6239,180634,"array([ 6.86818853, 10.6966239 ])"
4516,6239,180918,"array([ 7.50030059, 10.56061405])"
4517,6239,181478,"array([7.25328512, 9.71667874])"
4518,6239,181688,"array([7.41507562, 9.36693969])"
4519,6239,182237,"array([ 6.01043123, 10.54749301])"
4520,6239,187889,"array([ 6.25196424, 10.82637854])"
4521,6239,187927,"array([7.25405502, 9.31013331])"
4522,6239,188083,"array([6.26887047, 9.65236725])"
4523,6239,188946,"array([ 6.08703919, 10.67196733])"
4524,6239,189231,"array([ 6.70172169, 10.77299342])"
4525,6239,189799,"array([6.70748438, 9.24305306])"
4526,6239,190331,"array([ 6.0176579 , 10.20575931])"
4527,6239,178338,"array([5.77522994, 9.6182714 ])"
4528,6239,178363,"array([ 7.08487095, 10.07790024])"
4529,6239,178364,"array([7.25590788, 9.34083771])"
4530,6239,178365,"array([ 7.43355567, 10.331477  ])"
4531,6239,183602,"array([ 7.54788733, 11.2399866 ])"
4532,6239,178377,"array([ 6.3724362 , 10.91937005])"
4533,6239,183618,"array([6.97616973, 9.2225176 ])"
4534,6239,178404,"array([ 7.2378224 , 10.07648487])"
4535,6239,180223,"array([6.18696367, 9.79668355])"
4536,6239,180811,"array([5.75371108, 9.85839654])"
4537,6239,186594,"array([5.98039499, 9.17170932])"
4538,6239,179988,"array([ 5.7317299 , 10.02556752])"
4539,6239,24104964,"array([5.79782738, 9.46056612])"
4540,6239,178698,"array([ 5.17851195, 10.640853  ])"
4541,6239,188497,"array([ 5.97621382, 10.5480259 ])"
4542,6239,191126,"array([ 5.14563286, 10.58835079])"
4543,6239,178423,"array([8.30266843, 8.63951947])"
4544,6239,178425,"array([7.44228252, 8.61174951])"
4545,6239,178426,"array([ 7.3301195 , 10.65968099])"
4546,6239,178442,"array([ 7.14675985, 10.75661651])"
4547,6239,183097,"array([ 7.85634944, 10.75120212])"
4548,6239,178452,"array([7.11470741, 9.68679934])"
4549,6239,191174,"array([7.17354446, 9.1940717 ])"
4550,6239,178455,"array([5.41438612, 8.63705218])"
4551,6239,182494,"array([5.82338805, 8.53580281])"
4552,6239,179809,"array([6.33673703, 9.31850001])"
4553,6239,180702,"array([5.46656512, 9.5864229 ])"
4554,6239,178478,"array([5.24660334, 9.13801453])"
4555,6239,178479,"array([ 8.39759517, 11.74882849])"
4556,6239,183155,"array([ 8.01854331, 11.29591392])"
4557,6239,178486,"array([ 5.76379544, 10.35948813])"
4558,6239,180695,"array([ 6.20307519, 10.50962688])"
4559,6239,186638,"array([ 6.22556121, 10.36574439])"
4560,6239,178514,"array([5.26180304, 9.60590077])"
4561,6239,178542,"array([7.33922777, 9.91089902])"
4562,6239,182393,"array([ 6.09703362, 10.42139032])"
4563,6239,182739,"array([6.27191336, 9.17301551])"
4564,6239,186442,"array([6.36909402, 9.07942178])"
4565,6239,179447,"array([ 7.83989644, 10.22554467])"
4566,6239,188350,"array([ 8.12148631, 10.9199835 ])"
4567,6239,266843,"array([ 8.30153436, 10.66923633])"
4568,6239,178615,"array([ 7.47142823, 10.30102268])"
4569,6239,178631,"array([6.40209921, 9.17136399])"
4570,6239,178640,"array([ 7.33552732, 10.32827062])"
4571,6239,178659,"array([ 7.40896677, 10.19864108])"
4572,6239,178660,"array([ 7.52884925, 10.59843231])"
4573,6239,179289,"array([ 7.5849994 , 10.16968535])"
4574,6239,178689,"array([ 5.68498223, 11.04998851])"
4575,6239,178964,"array([ 8.09701947, 11.40765248])"
4576,6239,178695,"array([ 6.89160658, 11.73553375])"
4577,6239,185299,"array([ 6.99055743, 10.96088931])"
4578,6239,178709,"array([ 7.47485038, 10.52671115])"
4579,6239,178714,"array([ 7.53960093, 10.74193985])"
4580,6239,178721,"array([6.8371475 , 8.50290607])"
4581,6239,190187,"array([ 7.04290673, 10.69699216])"
4582,6239,190586,"array([ 7.88808623, 10.4102881 ])"
4583,6239,190860,"array([7.71472446, 9.71513244])"
4584,6239,191701,"array([ 7.47523273, 10.38740576])"
4585,6239,181571,"array([ 6.55971155, 11.38549924])"
4586,6239,178751,"array([6.69561329, 8.42062109])"
4587,6239,178756,"array([ 6.42638202, 11.13225833])"
4588,6239,178759,"array([6.2072877 , 8.73243858])"
4589,6239,178806,"array([ 5.08246441, 10.93443557])"
4590,6239,180499,"array([ 4.62292785, 11.12049915])"
4591,6239,178820,"array([ 8.32779076, 11.78100569])"
4592,6239,185740,"array([6.13480987, 9.65523517])"
4593,6239,180010,"array([6.99364467, 9.75583646])"
4594,6239,178836,"array([7.92665003, 9.12831832])"
4595,6239,186299,"array([ 6.67247007, 11.64476364])"
4596,6239,178844,"array([ 7.47333103, 10.41200525])"
4597,6239,179001,"array([5.74495715, 9.66449835])"
4598,6239,184803,"array([5.51221562, 9.69988396])"
4599,6239,178846,"array([ 6.41064689, 10.19863242])"
4600,6239,178850,"array([ 5.75517666, 10.71400775])"
4601,6239,178915,"array([7.02208628, 9.92708606])"
4602,6239,182894,"array([ 5.50915191, 10.59328908])"
4603,6239,184329,"array([ 5.30054444, 10.09973084])"
4604,6239,185147,"array([ 5.33537481, 10.12394432])"
4605,6239,179211,"array([6.93623403, 9.89885875])"
4606,6239,179273,"array([ 5.94356792, 10.91153076])"
4607,6239,181167,"array([ 5.93279959, 10.83414322])"
4608,6239,3565400,"array([6.78345412, 9.02224341])"
4609,6239,178898,"array([5.62267622, 9.52224173])"
4610,6239,178903,"array([6.94610254, 8.92664004])"
4611,6239,178924,"array([ 7.45871433, 10.70780433])"
4612,6239,178927,"array([ 7.28423135, 11.03319968])"
4613,6239,178928,"array([ 5.7071611 , 10.65630594])"
4614,6239,180938,"array([8.3654936 , 9.53605656])"
4615,6239,178930,"array([ 5.67017163, 10.68060233])"
4616,6239,178940,"array([ 6.50811074, 11.71315313])"
4617,6239,183891,"array([ 6.36272924, 12.22658804])"
4618,6239,179637,"array([ 7.2352852 , 10.35333951])"
4619,6239,183123,"array([ 5.94462024, 10.68078955])"
4620,6239,182286,"array([6.70220836, 9.63581436])"
4621,6239,178954,"array([ 5.90165741, 10.76685938])"
4622,6239,178958,"array([ 6.57619989, 10.49265522])"
4623,6239,178967,"array([ 7.72807564, 11.50716421])"
4624,6239,178981,"array([ 6.60622546, 10.3452377 ])"
4625,6239,178992,"array([7.9549961 , 9.88988572])"
4626,6239,179003,"array([ 8.22088733, 10.07197   ])"
4627,6239,179165,"array([ 7.53542221, 10.24089214])"
4628,6239,180897,"array([ 7.38313709, 10.46723902])"
4629,6239,179025,"array([ 7.54788192, 10.21246832])"
4630,6239,190499,"array([ 6.43931797, 10.79422122])"
4631,6239,179028,"array([ 7.25343535, 10.30840866])"
4632,6239,179041,"array([ 7.39522084, 10.31031666])"
4633,6239,183355,"array([6.66541148, 9.48177821])"
4634,6239,179055,"array([ 5.97223394, 11.90117417])"
4635,6239,24104124,"array([16.16587614, 14.87568571])"
4636,6239,179062,"array([ 8.31620192, 10.55209219])"
4637,6239,179070,"array([ 6.81668776, 10.23624443])"
4638,6239,179084,"array([5.11913418, 9.83013452])"
4639,6239,186343,"array([4.57224524, 9.75290596])"
4640,6239,189381,"array([6.36456489, 8.93471396])"
4641,6239,179118,"array([6.21718653, 9.65272894])"
4642,6239,179120,"array([7.28988357, 8.87619446])"
4643,6239,179133,"array([6.73360631, 8.32984616])"
4644,6239,179155,"array([8.52847326, 9.76746244])"
4645,6239,181386,"array([ 7.27797864, 11.09036412])"
4646,6239,259649,"array([ 6.65208138, 11.49656052])"
4647,6239,179200,"array([ 5.87964303, 10.96246306])"
4648,6239,180730,"array([ 6.06859015, 10.36012542])"
4649,6239,182029,"array([6.49438293, 9.13534856])"
4650,6239,179212,"array([5.27828654, 9.69866855])"
4651,6239,179230,"array([ 5.54150353, 10.37840715])"
4652,6239,179240,"array([ 6.48210289, 10.31658795])"
4653,6239,179245,"array([ 5.70438681, 10.84422401])"
4654,6239,179254,"array([5.88383013, 9.58002889])"
4655,6239,181481,"array([7.18371098, 8.94602827])"
4656,6239,179300,"array([2.71639144, 0.42214588])"
4657,6239,179323,"array([ 7.68197599, 11.52672373])"
4658,6239,179324,"array([6.57286339, 8.50545081])"
4659,6239,179331,"array([7.8978197 , 9.58878476])"
4660,6239,183656,"array([8.31352381, 9.48403369])"
4661,6239,179340,"array([7.48521481, 9.92071075])"
4662,6239,179344,"array([6.34656469, 9.60382161])"
4663,6239,179345,"array([ 6.54053985, 10.83412619])"
4664,6239,179346,"array([7.15936294, 9.45697475])"
4665,6239,179356,"array([ 6.55925951, 11.1708639 ])"
4666,6239,179360,"array([ 7.48779336, 10.02635877])"
4667,6239,181102,"array([7.45731535, 9.31315565])"
4668,6239,179362,"array([ 4.79770386, 10.39345245])"
4669,6239,181405,"array([ 5.40842366, 10.30138143])"
4670,6239,179364,"array([ 5.85356305, 11.32155574])"
4671,6239,179404,"array([ 8.39915506, 11.09394829])"
4672,6239,179405,"array([ 7.79947202, 10.59217963])"
4673,6239,179408,"array([5.98849876, 9.5089262 ])"
4674,6239,189664,"array([7.64317103, 8.66695194])"
4675,6239,182252,"array([ 6.02599062, 11.60175787])"
4676,6239,180100,"array([ 6.84178729, 10.11274667])"
4677,6239,182319,"array([ 7.7752641 , 10.83656009])"
4678,6239,179944,"array([ 6.55681974, 10.47747508])"
4679,6239,183777,"array([ 5.93858131, 11.00526062])"
4680,6239,186142,"array([ 5.74717272, 10.80997529])"
4681,6239,186143,"array([ 5.83141749, 10.88955603])"
4682,6239,188694,"array([ 5.83654045, 10.57182109])"
4683,6239,188757,"array([ 5.84999972, 10.92877196])"
4684,6239,190560,"array([ 6.27990911, 10.25202675])"
4685,6239,179445,"array([ 6.85392212, 10.3528564 ])"
4686,6239,179449,"array([7.22215552, 9.05716543])"
4687,6239,179876,"array([6.93605517, 9.56912171])"
4688,6239,179467,"array([ 6.89340344, 10.39751049])"
4689,6239,185807,"array([ 6.57134339, 11.20918088])"
4690,6239,181006,"array([6.86745579, 9.65797091])"
4691,6239,185541,"array([5.47887041, 9.94065678])"
4692,6239,181162,"array([ 8.75046667, 10.31306784])"
4693,6239,191360,"array([ 8.76122067, 10.2343618 ])"
4694,6239,187679,"array([6.7441471 , 8.92954151])"
4695,6239,179678,"array([ 7.0790177 , 10.46291188])"
4696,6239,185810,"array([ 8.46625922, 10.31895835])"
4697,6239,181599,"array([5.32775651, 9.81429397])"
4698,6239,179557,"array([5.87328989, 9.32335398])"
4699,6239,179591,"array([5.47530774, 9.87085205])"
4700,6239,179593,"array([7.43749548, 9.22629731])"
4701,6239,181280,"array([7.15602709, 9.86603028])"
4702,6239,189614,"array([5.72950133, 9.10874605])"
4703,6239,191627,"array([ 7.6311195 , 10.38489358])"
4704,6239,179608,"array([ 7.95962417, 10.7101243 ])"
4705,6239,179610,"array([ 6.25983209, 10.6233231 ])"
4706,6239,181563,"array([ 7.26978486, 10.20315134])"
4707,6239,179647,"array([8.19093428, 9.74072543])"
4708,6239,179649,"array([6.65188848, 7.96897037])"
4709,6239,183792,"array([6.73790897, 8.89870433])"
4710,6239,188927,"array([6.57255898, 7.47902269])"
4711,6239,188941,"array([6.6946884, 7.4934727])"
4712,6239,179853,"array([5.79133251, 8.70342224])"
4713,6239,179666,"array([7.2911922, 7.9704414])"
4714,6239,191342,"array([7.17967928, 7.56670445])"
4715,6239,260266,"array([7.43130445, 8.35815662])"
4716,6239,188246,"array([6.19425476, 9.28562836])"
4717,6239,180429,"array([ 5.66370661, 10.04421579])"
4718,6239,179970,"array([ 5.71342263, 10.70225473])"
4719,6239,181360,"array([ 5.63290641, 10.59017877])"
4720,6239,182543,"array([ 5.50675503, 10.47434616])"
4721,6239,179680,"array([7.55907858, 9.15430307])"
4722,6239,179683,"array([7.92032958, 9.4198553 ])"
4723,6239,184472,"array([8.49988481, 9.01771209])"
4724,6239,179703,"array([ 7.92639476, 10.11469729])"
4725,6239,181060,"array([8.09347458, 9.81983059])"
4726,6239,179704,"array([ 6.54565487, 10.58535298])"
4727,6239,180883,"array([ 7.08205601, 10.65980923])"
4728,6239,180342,"array([6.57341278, 8.93581221])"
4729,6239,180456,"array([6.79741225, 9.22231982])"
4730,6239,181424,"array([7.19547016, 9.10272214])"
4731,6239,182816,"array([6.42723547, 9.0695753 ])"
4732,6239,184257,"array([6.08295344, 9.33629108])"
4733,6239,184487,"array([6.65332361, 8.93128347])"
4734,6239,185409,"array([6.68821075, 8.94673925])"
4735,6239,186549,"array([6.53759314, 8.93464609])"
4736,6239,188904,"array([6.48093364, 9.02257223])"
4737,6239,191093,"array([ 5.92455086, 10.05074734])"
4738,6239,184341,"array([ 5.64955073, 11.00735536])"
4739,6239,179725,"array([ 8.00858781, 10.65565852])"
4740,6239,179734,"array([ 6.81809992, 10.96119574])"
4741,6239,260097,"array([ 7.87935862, 11.10144692])"
4742,6239,179748,"array([ 6.77582008, 10.21685764])"
4743,6239,184497,"array([5.36247443, 9.17031331])"
4744,6239,179770,"array([7.00716523, 9.80664874])"
4745,6239,179775,"array([ 7.51708903, 12.15480738])"
4746,6239,24104220,"array([ 7.25035062, 10.01067766])"
4747,6239,179781,"array([ 6.85040691, 10.96116344])"
4748,6239,179793,"array([5.3247352 , 9.58021779])"
4749,6239,179799,"array([ 6.24811643, 10.86835199])"
4750,6239,182498,"array([5.4160458, 9.8335288])"
4751,6239,185881,"array([5.41973501, 9.78744327])"
4752,6239,187966,"array([5.45177457, 9.97672913])"
4753,6239,180423,"array([ 7.66064909, 10.72973477])"
4754,6239,181666,"array([ 7.77735317, 10.5238558 ])"
4755,6239,191426,"array([7.57820107, 9.58750238])"
4756,6239,179826,"array([ 5.53244009, 10.13323363])"
4757,6239,179842,"array([7.33400708, 8.92277312])"
4758,6239,179854,"array([5.43774309, 9.87450269])"
4759,6239,179866,"array([ 7.17022774, 10.67134657])"
4760,6239,179880,"array([ 8.16448208, 11.75023661])"
4761,6239,184451,"array([ 7.8256148 , 11.24168559])"
4762,6239,179881,"array([ 6.30592261, 10.40939006])"
4763,6239,184174,"array([ 6.32504006, 10.93658465])"
4764,6239,185138,"array([ 6.63782606, 11.0978418 ])"
4765,6239,190120,"array([ 5.87461844, 11.18190351])"
4766,6239,185542,"array([7.70353501, 9.88030252])"
4767,6239,180430,"array([ 6.91183777, 10.2471093 ])"
4768,6239,179949,"array([8.50287637, 9.2200078 ])"
4769,6239,184389,"array([9.07435982, 9.07075056])"
4770,6239,181131,"array([ 6.9779705 , 10.89377649])"
4771,6239,180038,"array([ 7.86291543, 10.54724743])"
4772,6239,181393,"array([7.2710493 , 8.92421953])"
4773,6239,184954,"array([4.9130824 , 9.77855747])"
4774,6239,180062,"array([6.90035038, 8.40090113])"
4775,6239,180070,"array([5.64521986, 7.77306415])"
4776,6239,187518,"array([5.93427409, 8.16281   ])"
4777,6239,180072,"array([ 6.92008816, 10.87216854])"
4778,6239,180073,"array([ 7.02074267, 10.28367141])"
4779,6239,180086,"array([2.20348629, 0.67607923])"
4780,6239,180133,"array([6.51733088, 9.74667441])"
4781,6239,180149,"array([6.67490081, 9.2706398 ])"
4782,6239,185213,"array([6.85550037, 8.84356159])"
4783,6239,180171,"array([ 5.69905955, 10.35404972])"
4784,6239,180209,"array([8.11192864, 9.77963981])"
4785,6239,186536,"array([ 8.49873269, 12.26052381])"
4786,6239,182836,"array([ 5.60360083, 10.62927496])"
4787,6239,183156,"array([ 5.48708954, 10.42923517])"
4788,6239,183179,"array([ 5.58149729, 10.67712555])"
4789,6239,184075,"array([ 5.49344673, 10.51564126])"
4790,6239,185730,"array([ 6.59500823, 10.82241038])"
4791,6239,187662,"array([ 5.55983639, 10.59269339])"
4792,6239,188459,"array([ 5.4959242 , 10.55450388])"
4793,6239,188514,"array([ 5.5510574 , 10.51719394])"
4794,6239,189617,"array([6.03285985, 9.90102669])"
4795,6239,191731,"array([ 5.54325377, 10.55501105])"
4796,6239,180224,"array([ 8.07628478, 10.50548052])"
4797,6239,185632,"array([ 6.73427104, 10.75650511])"
4798,6239,180283,"array([6.9122855 , 8.56150917])"
4799,6239,180299,"array([ 6.46722761, 10.93427587])"
4800,6239,185036,"array([6.29164551, 8.96444523])"
4801,6239,180398,"array([ 7.13421941, 10.15553426])"
4802,6239,180404,"array([7.01320176, 9.41246024])"
4803,6239,180450,"array([ 7.63917153, 11.38933366])"
4804,6239,180465,"array([6.27690457, 7.83631704])"
4805,6239,181484,"array([6.43613502, 8.39192164])"
4806,6239,24105311,"array([ 5.80022916, 10.45423761])"
4807,6239,182349,"array([ 6.67887181, 10.88045739])"
4808,6239,183366,"array([ 5.38149834, 10.10300019])"
4809,6239,180514,"array([7.8858153 , 9.77608816])"
4810,6239,180778,"array([5.29799742, 9.33625832])"
4811,6239,181561,"array([ 8.40404225, 11.35868759])"
4812,6239,180566,"array([7.38269278, 9.93558871])"
4813,6239,181723,"array([4.86380215, 9.91757155])"
4814,6239,180591,"array([ 6.86897729, 11.43885669])"
4815,6239,182766,"array([8.36067503, 8.70420622])"
4816,6239,185050,"array([8.41140265, 8.7645314 ])"
4817,6239,180609,"array([5.5358251, 9.0558468])"
4818,6239,180661,"array([6.03842485, 8.71043203])"
4819,6239,183200,"array([ 7.76614324, 10.05675562])"
4820,6239,2565705,"array([6.20812165, 9.37134209])"
4821,6239,180708,"array([ 6.68499239, 10.70580783])"
4822,6239,187855,"array([ 7.77403437, 11.76473661])"
4823,6239,189878,"array([5.5277209 , 9.62317188])"
4824,6239,181343,"array([7.33004683, 9.89088746])"
4825,6239,180768,"array([7.51298784, 9.06603949])"
4826,6239,189470,"array([ 6.46353876, 10.4545926 ])"
4827,6239,266969,"array([ 7.65081601, 10.18515412])"
4828,6239,180823,"array([5.65507935, 9.5674438 ])"
4829,6239,185873,"array([ 6.21750475, 10.39202609])"
4830,6239,181661,"array([ 6.98223267, 10.8641943 ])"
4831,6239,182593,"array([ 7.51030245, 10.99752966])"
4832,6239,180904,"array([ 5.71076277, 10.24920761])"
4833,6239,180914,"array([7.15288424, 9.93565082])"
4834,6239,188971,"array([ 8.16490063, 11.26694085])"
4835,6239,180932,"array([ 6.87595125, 10.15328317])"
4836,6239,180949,"array([7.45731613, 9.15479805])"
4837,6239,183243,"array([6.85745922, 9.19436952])"
4838,6239,180950,"array([ 7.66894752, 10.09345274])"
4839,6239,180954,"array([ 5.47327918, 10.91646808])"
4840,6239,182047,"array([ 6.18529035, 10.31210418])"
4841,6239,183583,"array([7.59103377, 9.56596103])"
4842,6239,3565745,"array([6.55353197, 9.42299376])"
4843,6239,187504,"array([5.68617005, 8.90283494])"
4844,6239,181249,"array([5.57397559, 9.62466761])"
4845,6239,181027,"array([ 6.10686694, 11.19025904])"
4846,6239,183975,"array([6.45816281, 8.73168466])"
4847,6239,189162,"array([ 7.12121523, 10.64332046])"
4848,6239,181053,"array([7.19110524, 9.69544538])"
4849,6239,181057,"array([ 7.16747977, 10.9049363 ])"
4850,6239,181486,"array([ 7.32334344, 11.69515078])"
4851,6239,181573,"array([6.94049918, 9.33740564])"
4852,6239,259800,"array([7.46793978, 9.82827626])"
4853,6239,181961,"array([8.16302212, 8.67560212])"
4854,6239,186197,"array([7.8405333 , 9.28795164])"
4855,6239,189950,"array([8.11636836, 8.63567576])"
4856,6239,181172,"array([ 6.19116941, 10.74309229])"
4857,6239,182940,"array([ 5.44938826, 10.442946  ])"
4858,6239,183189,"array([5.78009185, 9.9669664 ])"
4859,6239,189458,"array([5.78594098, 9.74788457])"
4860,6239,191124,"array([ 5.42466256, 10.34377409])"
4861,6239,189006,"array([6.38852064, 8.53590343])"
4862,6239,181603,"array([6.96317957, 9.35531823])"
4863,6239,184879,"array([ 6.63101939, 11.24763334])"
4864,6239,185673,"array([ 6.53807015, 11.24105016])"
4865,6239,188554,"array([ 6.91719035, 11.25401178])"
4866,6239,2565699,"array([ 6.50467313, 11.21394412])"
4867,6239,3896896,"array([6.30788586, 9.79368722])"
4868,6239,181218,"array([5.83835082, 9.20893909])"
4869,6239,181309,"array([ 6.42060067, 11.18635843])"
4870,6239,259389,"array([ 7.35710866, 10.03486659])"
4871,6239,181315,"array([ 6.02468134, 10.23583805])"
4872,6239,259335,"array([6.54317608, 9.25537878])"
4873,6239,190159,"array([7.99388263, 9.05758039])"
4874,6239,188360,"array([6.90516701, 9.0226526 ])"
4875,6239,181356,"array([7.41157303, 9.04192303])"
4876,6239,188090,"array([ 6.80314441, 11.04896796])"
4877,6239,181380,"array([ 7.10275116, 10.42832234])"
4878,6239,184827,"array([7.45173095, 9.97094901])"
4879,6239,184968,"array([6.29758473, 9.09694074])"
4880,6239,185821,"array([ 6.07418948, 10.23236094])"
4881,6239,186840,"array([7.29059161, 9.58955834])"
4882,6239,188401,"array([6.2454127 , 9.10694288])"
4883,6239,3565561,"array([6.6865012 , 8.90730039])"
4884,6239,181414,"array([6.69250809, 9.09192481])"
4885,6239,184438,"array([6.21234503, 9.14818723])"
4886,6239,181448,"array([5.68711149, 9.11652935])"
4887,6239,181462,"array([ 8.44228221, 10.47383261])"
4888,6239,187256,"array([ 9.03590724, 10.60319441])"
4889,6239,181492,"array([6.81736111, 8.950839  ])"
4890,6239,181522,"array([7.18564221, 9.25042189])"
4891,6239,181526,"array([5.4769926 , 9.19037039])"
4892,6239,184307,"array([5.44122125, 8.57090429])"
4893,6239,181562,"array([6.61288941, 9.03877571])"
4894,6239,181988,"array([6.52921564, 8.29411362])"
4895,6239,181566,"array([7.56722601, 8.97066139])"
4896,6239,181593,"array([ 6.84793435, 10.4817424 ])"
4897,6239,181594,"array([5.57351777, 9.86424922])"
4898,6239,181618,"array([6.41678351, 9.44619136])"
4899,6239,187902,"array([ 5.76489885, 10.01020708])"
4900,6239,181669,"array([ 6.43626117, 10.48327882])"
4901,6239,181695,"array([6.15839089, 9.55863502])"
4902,6239,181699,"array([7.06102328, 9.72792363])"
4903,6239,181702,"array([5.79085357, 9.22051419])"
4904,6239,189970,"array([4.85966391, 9.85634973])"
4905,6239,181754,"array([5.96190915, 8.73050532])"
4906,6239,3565022,"array([6.89463544, 9.14242324])"
4907,6239,181724,"array([ 6.83256693, 10.35843887])"
4908,6239,185326,"array([ 7.43412837, 10.98195357])"
4909,6239,184878,"array([6.79113427, 8.78940503])"
4910,6239,181801,"array([ 6.12144668, 10.75562489])"
4911,6239,181849,"array([ 4.86220919, 11.43941587])"
4912,6239,191454,"array([ 5.25555231, 11.14508631])"
4913,6239,182055,"array([ 5.55603978, 11.38803838])"
4914,6239,184647,"array([ 5.168106  , 11.87687392])"
4915,6239,185709,"array([ 7.34388905, 10.60556937])"
4916,6239,187749,"array([ 6.47704928, 10.70549524])"
4917,6239,187751,"array([ 6.29613522, 10.51962095])"
4918,6239,182179,"array([5.50948424, 8.97698785])"
4919,6239,182247,"array([5.27876416, 9.26530916])"
4920,6239,182254,"array([7.40970131, 9.08882779])"
4921,6239,182322,"array([6.31267682, 9.61280651])"
4922,6239,182371,"array([5.78942798, 9.88263607])"
4923,6239,182415,"array([ 6.61439658, 11.54466806])"
4924,6239,182611,"array([5.34613633, 9.32190124])"
4925,6239,189736,"array([5.54893855, 8.07450675])"
4926,6239,182579,"array([8.44705455, 9.57842249])"
4927,6239,182613,"array([ 8.26253263, 10.21493123])"
4928,6239,182623,"array([5.50105693, 9.99583462])"
4929,6239,182641,"array([5.11626498, 9.98341458])"
4930,6239,182671,"array([6.38610353, 8.11155002])"
4931,6239,182679,"array([ 7.55367239, 11.54443698])"
4932,6239,182760,"array([ 5.35975327, 10.90748133])"
4933,6239,182891,"array([5.69162109, 9.54646491])"
4934,6239,183203,"array([5.24261804, 9.66071912])"
4935,6239,183245,"array([5.5539966 , 9.69990398])"
4936,6239,183280,"array([5.30972005, 9.1965531 ])"
4937,6239,183292,"array([ 7.71651224, 11.37062377])"
4938,6239,183353,"array([6.17987748, 9.35057498])"
4939,6239,183519,"array([ 5.53729171, 10.26857858])"
4940,6239,183546,"array([7.38666295, 8.97254625])"
4941,6239,183555,"array([6.80089254, 8.40639583])"
4942,6239,183572,"array([7.18617032, 7.20171351])"
4943,6239,260219,"array([7.11868015, 7.47723202])"
4944,6239,183625,"array([ 6.71263533, 10.87794246])"
4945,6239,183628,"array([7.21318925, 9.43594509])"
4946,6239,188480,"array([6.72953512, 8.51831208])"
4947,6239,186170,"array([6.86732453, 8.4619494 ])"
4948,6239,183757,"array([8.44025137, 9.5232732 ])"
4949,6239,189877,"array([4.86080427, 9.74860463])"
4950,6239,183812,"array([ 5.69229485, 10.06200524])"
4951,6239,183821,"array([6.95088812, 8.37535638])"
4952,6239,185773,"array([7.18343358, 8.67078166])"
4953,6239,184043,"array([ 5.92475942, 11.18161674])"
4954,6239,184093,"array([7.49806394, 9.86747241])"
4955,6239,184117,"array([ 6.77240261, 11.11044354])"
4956,6239,266817,"array([6.21413496, 9.60715415])"
4957,6239,3565411,"array([6.13123878, 9.19245187])"
4958,6239,184215,"array([8.69270792, 8.66768068])"
4959,6239,184256,"array([8.29244483, 7.77641781])"
4960,6239,184265,"array([6.90419613, 8.35175585])"
4961,6239,184286,"array([5.8207907 , 9.90171565])"
4962,6239,184347,"array([6.92816521, 8.30988522])"
4963,6239,186625,"array([5.30247031, 9.51772095])"
4964,6239,187454,"array([5.2750079 , 9.56291844])"
4965,6239,190441,"array([5.28808002, 9.64335232])"
4966,6239,190512,"array([5.21339461, 9.81198584])"
4967,6239,189483,"array([ 4.94705933, 12.20998879])"
4968,6239,24104792,"array([8.36541474, 7.82114078])"
4969,6239,184891,"array([7.02284782, 8.36223122])"
4970,6239,184905,"array([ 7.64360376, 11.48485356])"
4971,6239,184946,"array([8.63184703, 8.61878306])"
4972,6239,184988,"array([ 6.86691898, 10.81691406])"
4973,6239,184995,"array([ 5.94967248, 11.40087994])"
4974,6239,185205,"array([ 6.24692739, 10.64286379])"
4975,6239,185278,"array([6.55698295, 9.09212358])"
4976,6239,185374,"array([ 6.46721117, 10.01617615])"
4977,6239,185412,"array([5.65090414, 8.9380666 ])"
4978,6239,185478,"array([6.70744603, 8.19436179])"
4979,6239,185516,"array([5.65162323, 9.60903356])"
4980,6239,185530,"array([6.70543411, 8.37025608])"
4981,6239,185600,"array([ 6.24927753, 11.08985686])"
4982,6239,3565039,"array([5.15667704, 9.34671337])"
4983,6239,186110,"array([6.64350219, 8.96596509])"
4984,6239,3565913,"array([6.4315361 , 8.56483356])"
4985,6239,185715,"array([5.73384808, 9.41089942])"
4986,6239,185719,"array([ 3.63261196, -0.55508292])"
4987,6239,187970,"array([ 3.57335454, -0.45720851])"
4988,6239,188370,"array([5.72345077, 9.2922263 ])"
4989,6239,188640,"array([5.51437647, 9.96051197])"
4990,6239,189995,"array([ 7.6071381, 10.1714815])"
4991,6239,190265,"array([5.81814255, 9.29301085])"
4992,6239,3565193,"array([5.55346482, 9.89055673])"
4993,6239,24104900,"array([ 5.60301382, 10.24954119])"
4994,6239,185926,"array([5.94228347, 9.14667885])"
4995,6239,185979,"array([ 5.02864631, 10.18734918])"
4996,6239,190213,"array([6.2174777 , 8.68133436])"
4997,6239,190314,"array([5.93222395, 9.27889901])"
4998,6239,191132,"array([ 7.7794542 , 10.07917323])"
4999,6239,24104420,"array([ 8.08781032, 10.02939827])"
5000,6239,24104698,"array([ 5.26569436, 10.83857289])"
5001,6239,186139,"array([ 8.29502181, 10.28078202])"
5002,6239,186156,"array([ 1.86413154, 18.9841744 ])"
5003,6239,188362,"array([ 1.97402849, 18.96396717])"
5004,6239,191680,"array([ 6.53761174, 10.15127526])"
5005,6239,186407,"array([6.85908968, 8.34797821])"
5006,6239,186416,"array([14.67895437, 17.04157375])"
5007,6239,186708,"array([ 5.72822528, 10.50261178])"
5008,6239,186792,"array([5.71852215, 7.72726585])"
5009,6239,187317,"array([8.70562995, 8.74048031])"
5010,6239,187508,"array([8.63506956, 8.69418542])"
5011,6239,186954,"array([ 5.21991542, 10.51941112])"
5012,6239,186979,"array([ 7.75735231, 10.03431107])"
5013,6239,187120,"array([ 8.00405667, 10.49134956])"
5014,6239,187133,"array([ 5.05421637, 10.0760548 ])"
5015,6239,187229,"array([5.59394006, 8.80483273])"
5016,6239,187446,"array([6.87416566, 8.30041367])"
5017,6239,187450,"array([ 6.06636429, 11.176267  ])"
5018,6239,189734,"array([6.21804211, 8.20965068])"
5019,6239,266916,"array([ 5.65065305, 10.54292651])"
5020,6239,188825,"array([ 7.5990734 , 11.50746605])"
5021,6239,189455,"array([ 7.6933318 , 11.46980595])"
5022,6239,189469,"array([ 7.7282519 , 11.43789742])"
5023,6239,191103,"array([ 7.63739823, 11.54147423])"
5024,6239,191704,"array([ 7.5845035 , 10.10266444])"
5025,6239,266829,"array([ 7.79057807, 11.44248081])"
5026,6239,3565124,"array([ 7.77018345, 11.48271629])"
5027,6239,187602,"array([6.81613487, 8.36196763])"
5028,6239,187608,"array([10.83167696,  0.57657966])"
5029,6239,187677,"array([ 5.33794712, 10.01037801])"
5030,6239,187814,"array([5.89271736, 9.21320226])"
5031,6239,187932,"array([5.89119326, 9.29039307])"
5032,6239,188371,"array([8.16411363, 9.66154689])"
5033,6239,266646,"array([6.55966222, 8.7724784 ])"
5034,6239,188683,"array([ 6.59525182, 10.46894915])"
5035,6239,188783,"array([ 6.03341367, 10.14290017])"
5036,6239,188863,"array([6.76805321, 8.28493175])"
5037,6239,188876,"array([6.10384012, 9.44122474])"
5038,6239,191115,"array([ 8.556115  , 11.67581582])"
5039,6239,189214,"array([ 7.58937588, 12.14392755])"
5040,6239,189126,"array([ 8.38532369, 10.8821534 ])"
5041,6239,189192,"array([16.75776247,  7.42197186])"
5042,6239,3565148,"array([ 5.67835539, 10.80423093])"
5043,6239,190592,"array([6.75802357, 8.3775604 ])"
5044,6239,189796,"array([11.24738698,  0.89949398])"
5045,6239,189839,"array([ 6.01360719, 10.82624134])"
5046,6239,3565275,"array([5.56243624, 8.98904459])"
5047,6239,24104282,"array([5.54625991, 8.93838449])"
5048,6239,190444,"array([ 5.84636121, 10.02487108])"
5049,6239,190948,"array([ 5.92644761, 10.74382783])"
5050,6239,191220,"array([7.22117776, 9.26302208])"
5051,6239,191230,"array([8.07223886, 9.52173866])"
5052,6239,191355,"array([5.44501415, 9.9185023 ])"
5053,6239,191666,"array([5.59910279, 9.79638309])"
5054,6239,3564844,"array([ 6.01890422, 10.03521481])"
5055,6239,191735,"array([6.62889394, 8.66483044])"
5056,6239,259963,"array([ 7.03265697, 10.81956769])"
5057,6239,191768,"array([ 6.48575625, 10.00384668])"
5058,6239,24105312,"array([7.11072068, 8.36556283])"
5059,6239,260136,"array([ 8.98245843, 19.98511567])"
5060,6239,2565700,"array([ 6.02472769, 11.16475288])"
5061,6239,4363023,"array([6.54656686, 9.74918372])"
5062,6239,6418592,"array([ 5.85178411, 20.20788689])"
5063,6239,13180223,"array([ 7.30942129, 11.29094342])"
5064,6239,13181455,"array([ 7.75811528, 11.03109577])"
5065,6239,13183306,"array([6.22444369, 9.07532557])"
5066,6239,13184341,"array([ 8.16891878, 10.45374204])"
5067,6239,180435,"array([ 7.31862734, 10.22992869])"
5068,6239,13187162,"array([ 7.30425698, 11.08216767])"
5069,6239,13187664,"array([ 7.29432912, 11.46098572])"
5070,6239,13188172,"array([ 7.26119162, 10.24639355])"
5071,6239,13219875,"array([ 8.09675713, 10.53288857])"
5072,6239,13221387,"array([ 7.23471561, 10.67933904])"
5073,6239,176183,"array([ 7.13322867, 10.51556585])"
5074,6239,171591,"array([ 7.09731825, 20.53431776])"
5075,6239,188491,"array([ 7.19998733, 20.57761079])"
5076,6239,171592,"array([ 6.00348298, 10.75780722])"
5077,6239,173992,"array([ 7.55417668, 10.42548053])"
5078,6239,174175,"array([ 7.63138471, 10.15056365])"
5079,6239,177621,"array([ 7.29850966, 10.34337861])"
5080,6239,178959,"array([ 6.46448351, 11.16918259])"
5081,6239,171608,"array([ 8.17294814, 10.27535963])"
5082,6239,174305,"array([ 7.69259395, 10.4399833 ])"
5083,6239,182313,"array([ 8.84759324, 10.48330684])"
5084,6239,192065,"array([ 8.87229852, 10.36032998])"
5085,6239,171609,"array([ 8.27117266, 10.49461074])"
5086,6239,171997,"array([ 7.09749001, 10.16120387])"
5087,6239,178199,"array([ 7.47478263, 10.00836108])"
5088,6239,171623,"array([ 7.74509945, 10.42782249])"
5089,6239,171628,"array([ 7.88470652, 10.1050584 ])"
5090,6239,171638,"array([ 7.8900225 , 10.86433024])"
5091,6239,171639,"array([ 6.93902946, 10.99076937])"
5092,6239,171642,"array([7.61738223, 9.89254359])"
5093,6239,171643,"array([7.60791246, 9.95278107])"
5094,6239,171644,"array([7.74760704, 9.79880558])"
5095,6239,177483,"array([7.43378111, 9.99917289])"
5096,6239,171650,"array([7.99781702, 9.75318861])"
5097,6239,172027,"array([9.04630408, 9.96160248])"
5098,6239,171654,"array([7.08254986, 9.50546973])"
5099,6239,171801,"array([6.86728498, 9.84502495])"
5100,6239,171661,"array([ 8.33030764, 10.32752677])"
5101,6239,172041,"array([7.16272046, 9.88736984])"
5102,6239,176318,"array([6.79083965, 9.85557554])"
5103,6239,171685,"array([ 7.57460626, 10.47254016])"
5104,6239,171691,"array([7.48719639, 8.66485189])"
5105,6239,172418,"array([ 7.58576909, 10.86426415])"
5106,6239,177397,"array([ 7.69965329, 10.1243617 ])"
5107,6239,179371,"array([8.10392761, 9.85728491])"
5108,6239,171697,"array([7.4140634 , 9.72141173])"
5109,6239,171707,"array([ 7.7597599 , 10.59183062])"
5110,6239,171710,"array([ 7.79815261, 10.4207114 ])"
5111,6239,171711,"array([7.79079607, 9.84576976])"
5112,6239,171712,"array([6.83243027, 9.17174293])"
5113,6239,184245,"array([6.81135844, 8.00596567])"
5114,6239,175092,"array([6.19592037, 9.40854632])"
5115,6239,176296,"array([6.06594928, 9.26784161])"
5116,6239,177334,"array([6.93072386, 9.02844504])"
5117,6239,187885,"array([ 7.21773841, 10.15412014])"
5118,6239,171723,"array([ 7.63391383, 11.25168542])"
5119,6239,175101,"array([7.49549369, 8.86637721])"
5120,6239,177078,"array([7.68948156, 8.76261756])"
5121,6239,171735,"array([ 6.41878131, 10.9763069 ])"
5122,6239,180717,"array([ 6.38030115, 10.9804632 ])"
5123,6239,171737,"array([ 7.64139761, 10.12949254])"
5124,6239,177725,"array([7.52709867, 9.85539386])"
5125,6239,171738,"array([ 7.86168575, 10.15273344])"
5126,6239,171743,"array([ 7.42354506, 10.39651603])"
5127,6239,171750,"array([ 7.12303136, 10.35700056])"
5128,6239,171751,"array([7.21887853, 9.70055244])"
5129,6239,171753,"array([-3.38604843,  7.22605062])"
5130,6239,175341,"array([-3.28040303,  7.26113424])"
5131,6239,171756,"array([ 7.10891297, 10.84939068])"
5132,6239,171767,"array([ 7.21023675, 10.27395242])"
5133,6239,175066,"array([7.24762013, 9.98361872])"
5134,6239,171769,"array([ 7.45360362, 10.11886919])"
5135,6239,171775,"array([ 7.55725833, 10.32517692])"
5136,6239,171798,"array([7.1059578 , 9.86237021])"
5137,6239,177520,"array([7.17456477, 9.73262978])"
5138,6239,177587,"array([ 6.99789471, 10.06099938])"
5139,6239,176635,"array([ 7.08421593, 10.061956  ])"
5140,6239,180673,"array([ 6.84862839, 11.8119258 ])"
5141,6239,179242,"array([6.73294811, 9.20002986])"
5142,6239,171809,"array([ 7.13105054, 10.09542372])"
5143,6239,171810,"array([ 7.40952642, 10.96478767])"
5144,6239,171812,"array([ 7.16202547, 11.29120511])"
5145,6239,180203,"array([ 5.60013029, 10.80687564])"
5146,6239,171821,"array([ 7.46974256, 10.28167911])"
5147,6239,172411,"array([6.2913941 , 9.02301256])"
5148,6239,174982,"array([6.12623428, 8.71546849])"
5149,6239,171846,"array([ 7.99453537, 10.43025868])"
5150,6239,171850,"array([7.51121603, 9.72632667])"
5151,6239,171852,"array([ 6.19741092, 10.08245763])"
5152,6239,174695,"array([ 7.15766877, 10.333837  ])"
5153,6239,171854,"array([ 7.30583342, 10.47772761])"
5154,6239,171865,"array([ 7.31140206, 10.36432259])"
5155,6239,171868,"array([7.58342769, 9.07633336])"
5156,6239,173085,"array([7.86179349, 9.93855519])"
5157,6239,171876,"array([ 7.38534833, 10.78753107])"
5158,6239,171882,"array([7.51051971, 9.78254808])"
5159,6239,171885,"array([ 6.03565205, 10.70767015])"
5160,6239,171894,"array([ 7.17875554, 11.45355021])"
5161,6239,171895,"array([-1.34778712,  3.84474112])"
5162,6239,172863,"array([-1.32629946,  3.95366715])"
5163,6239,179995,"array([7.06902572, 9.43224841])"
5164,6239,171901,"array([ 7.36002208, 10.23379541])"
5165,6239,179442,"array([ 7.48814545, 10.21694231])"
5166,6239,171905,"array([-3.00415189, 11.49735343])"
5167,6239,171911,"array([6.10251991, 9.08426931])"
5168,6239,171915,"array([7.35660636, 9.65404736])"
5169,6239,176316,"array([8.08887235, 9.23818331])"
5170,6239,180536,"array([7.86029767, 9.34219354])"
5171,6239,181174,"array([7.91552776, 9.7540722 ])"
5172,6239,3565889,"array([7.83435727, 9.50177344])"
5173,6239,171922,"array([7.3286727 , 9.63615431])"
5174,6239,171924,"array([ 7.47748478, 10.46611486])"
5175,6239,171926,"array([ 7.83553292, 10.3450431 ])"
5176,6239,171932,"array([ 7.34422746, 11.26121931])"
5177,6239,176672,"array([ 7.21750668, 10.09721597])"
5178,6239,179343,"array([7.74869309, 9.93318262])"
5179,6239,171943,"array([ 7.80098526, 10.49494527])"
5180,6239,180416,"array([ 6.20800939, 11.19297985])"
5181,6239,171957,"array([ 7.60377884, 10.11699399])"
5182,6239,171960,"array([ 6.79565291, 10.90411833])"
5183,6239,171963,"array([ 8.13558559, 10.24037544])"
5184,6239,171972,"array([ 5.98543851, 10.49454231])"
5185,6239,171975,"array([ 7.05263309, 10.04573114])"
5186,6239,171979,"array([ 6.83828721, 10.81890895])"
5187,6239,180402,"array([6.03538592, 8.22031917])"
5188,6239,171996,"array([7.51882167, 9.75195961])"
5189,6239,172005,"array([ 7.4617793 , 10.81387941])"
5190,6239,172116,"array([7.02640312, 9.68004194])"
5191,6239,172156,"array([ 6.82321348, 10.40999561])"
5192,6239,172454,"array([7.28588742, 9.34896789])"
5193,6239,172563,"array([ 6.91323914, 10.80357313])"
5194,6239,172697,"array([ 7.16259087, 10.03975856])"
5195,6239,172742,"array([ 7.84200516, 10.10709789])"
5196,6239,173091,"array([ 6.76396713, 11.04312502])"
5197,6239,173221,"array([ 6.57884604, 10.54032786])"
5198,6239,173414,"array([7.58493891, 9.88786798])"
5199,6239,173797,"array([7.58668109, 9.98080046])"
5200,6239,173963,"array([ 6.69350396, 10.66048135])"
5201,6239,174246,"array([ 6.77883103, 11.01270897])"
5202,6239,174428,"array([ 7.58012633, 10.12603654])"
5203,6239,174440,"array([ 6.80986921, 10.72760163])"
5204,6239,174470,"array([ 6.77599494, 10.87174589])"
5205,6239,174670,"array([ 6.92574353, 10.75139677])"
5206,6239,174806,"array([7.34760331, 9.62356494])"
5207,6239,174849,"array([ 7.00190786, 10.84457007])"
5208,6239,174868,"array([ 7.42368298, 10.63030335])"
5209,6239,174912,"array([ 7.84585087, 10.31199147])"
5210,6239,175040,"array([ 6.75369619, 10.66036985])"
5211,6239,175242,"array([ 7.72592315, 10.16722368])"
5212,6239,175248,"array([ 7.6970225 , 10.27047865])"
5213,6239,175281,"array([7.62859056, 9.73959627])"
5214,6239,175429,"array([ 7.36419145, 10.10123616])"
5215,6239,175524,"array([ 7.31524131, 10.55216248])"
5216,6239,175573,"array([ 7.24943457, 10.1712974 ])"
5217,6239,175591,"array([7.83632637, 9.8054016 ])"
5218,6239,175656,"array([ 6.87264749, 10.52197443])"
5219,6239,175668,"array([7.4601685 , 9.91568944])"
5220,6239,175873,"array([ 7.5303421, 10.2793656])"
5221,6239,175928,"array([ 6.82848699, 11.08159971])"
5222,6239,176108,"array([ 6.88067729, 10.36345308])"
5223,6239,176341,"array([ 7.52552216, 10.22206072])"
5224,6239,176559,"array([6.90980635, 9.97934602])"
5225,6239,176568,"array([7.48209802, 9.8510888 ])"
5226,6239,176569,"array([ 7.23186913, 10.00912739])"
5227,6239,176698,"array([7.28625749, 9.91792779])"
5228,6239,177027,"array([7.27444158, 9.95557227])"
5229,6239,177084,"array([ 6.89101689, 10.42553955])"
5230,6239,177211,"array([7.70462181, 9.4136529 ])"
5231,6239,177281,"array([7.39205495, 9.68644006])"
5232,6239,177495,"array([ 7.31164287, 10.80213665])"
5233,6239,177804,"array([ 7.65623072, 10.90283661])"
5234,6239,177875,"array([ 6.97210875, 10.80488366])"
5235,6239,178013,"array([7.5898355 , 9.81460631])"
5236,6239,178015,"array([7.23041797, 9.99327108])"
5237,6239,178146,"array([ 7.33588402, 10.62885517])"
5238,6239,178330,"array([7.49036825, 9.5008443 ])"
5239,6239,179029,"array([ 7.15461319, 10.72457416])"
5240,6239,179116,"array([ 7.0861583 , 11.12420306])"
5241,6239,179286,"array([7.39699879, 9.83335307])"
5242,6239,179288,"array([7.40423469, 9.35345796])"
5243,6239,179538,"array([ 6.96285124, 10.18099781])"
5244,6239,179712,"array([ 7.16569545, 10.63034292])"
5245,6239,179872,"array([ 7.18964309, 10.46213918])"
5246,6239,180081,"array([ 7.56502473, 10.71983301])"
5247,6239,180232,"array([ 7.09583553, 10.51518813])"
5248,6239,180422,"array([ 7.13505123, 10.31860304])"
5249,6239,180525,"array([7.54531003, 9.45839918])"
5250,6239,180650,"array([ 7.9314822 , 10.24560865])"
5251,6239,180992,"array([7.55003143, 9.80785658])"
5252,6239,181003,"array([7.56665362, 9.84301876])"
5253,6239,181444,"array([7.38031599, 9.89982281])"
5254,6239,181611,"array([ 7.38477635, 10.11639331])"
5255,6239,184951,"array([ 7.35821377, 10.78388576])"
5256,6239,188387,"array([7.42173762, 9.86992625])"
5257,6239,190256,"array([ 7.13538665, 10.5495554 ])"
5258,6239,3564762,"array([7.58484404, 9.53778102])"
5259,6239,3565337,"array([6.76536719, 9.85685122])"
5260,6239,3565862,"array([ 7.42378154, 10.27312272])"
5261,6239,4363079,"array([ 7.59139394, 10.96650406])"
5262,6239,172004,"array([ 7.56436527, 10.79488078])"
5263,6239,172010,"array([ 6.98015467, 10.17022239])"
5264,6239,172013,"array([7.42452996, 9.89208314])"
5265,6239,181471,"array([ 6.24748525, 11.24132073])"
5266,6239,189029,"array([ 6.08722166, 11.28409632])"
5267,6239,172026,"array([6.242826  , 8.49772275])"
5268,6239,175620,"array([8.79315288, 9.78992644])"
5269,6239,172030,"array([ 7.63000066, 10.53377427])"
5270,6239,172044,"array([ 7.10308909, 10.33929498])"
5271,6239,172046,"array([ 6.1611521 , 10.92424209])"
5272,6239,172047,"array([6.50137546, 8.87205837])"
5273,6239,178222,"array([ 6.57299892, 11.06461564])"
5274,6239,172068,"array([ 6.72473402, 11.03407554])"
5275,6239,172070,"array([ 7.30788018, 10.12090003])"
5276,6239,172071,"array([ 7.5072717 , 10.43080535])"
5277,6239,173811,"array([7.45810603, 9.80738457])"
5278,6239,181473,"array([7.18994199, 9.78839167])"
5279,6239,172077,"array([ 6.97472411, 11.4516821 ])"
5280,6239,172083,"array([8.25209894, 9.50380478])"
5281,6239,172088,"array([6.57107469, 9.12827003])"
5282,6239,172089,"array([ 6.97893759, 11.0076915 ])"
5283,6239,175555,"array([7.19253836, 9.49100229])"
5284,6239,178818,"array([6.86102366, 9.53131776])"
5285,6239,172104,"array([7.42214059, 9.30949332])"
5286,6239,187592,"array([6.61948821, 9.16356054])"
5287,6239,172110,"array([7.23107519, 9.96612955])"
5288,6239,172114,"array([ 7.71815429, 10.6166883 ])"
5289,6239,174102,"array([7.35674651, 8.59074684])"
5290,6239,172137,"array([ 7.37350421, 10.63355248])"
5291,6239,174762,"array([7.2960845 , 9.11508634])"
5292,6239,172143,"array([ 7.19105973, 10.85213698])"
5293,6239,179669,"array([ 7.49808742, 10.60716993])"
5294,6239,172146,"array([6.77645592, 9.98832042])"
5295,6239,172148,"array([6.04524233, 8.94608721])"
5296,6239,172149,"array([ 6.55707531, 10.52622991])"
5297,6239,184259,"array([5.9814663 , 8.38480964])"
5298,6239,172152,"array([7.50324625, 9.80699942])"
5299,6239,172157,"array([9.33392353, 9.74929964])"
5300,6239,172158,"array([5.44649982, 9.14227911])"
5301,6239,172159,"array([ 6.01677125, 10.90864258])"
5302,6239,190192,"array([5.98800668, 9.78638094])"
5303,6239,172167,"array([7.51259503, 9.51210859])"
5304,6239,177770,"array([8.09158684, 8.97992921])"
5305,6239,3565035,"array([8.14026565, 8.98827006])"
5306,6239,172170,"array([ 6.9299817 , 11.12137311])"
5307,6239,172172,"array([7.48711766, 9.53222194])"
5308,6239,180744,"array([ 7.00796799, 10.88511826])"
5309,6239,172177,"array([ 7.04866586, 11.07002071])"
5310,6239,172179,"array([6.24310654, 9.1771028 ])"
5311,6239,172180,"array([6.96314667, 9.6133004 ])"
5312,6239,172182,"array([ 7.56485186, 10.22116685])"
5313,6239,172184,"array([ 6.97579852, 11.16030481])"
5314,6239,172199,"array([ 7.09831082, 11.44996368])"
5315,6239,175549,"array([7.35726303, 9.89873319])"
5316,6239,172207,"array([6.20300917, 9.10740926])"
5317,6239,172208,"array([7.59214981, 9.61422297])"
5318,6239,172211,"array([ 7.44707271, 10.1920497 ])"
5319,6239,172212,"array([7.55616547, 8.70768054])"
5320,6239,176631,"array([7.47776361, 9.37862053])"
5321,6239,172221,"array([7.35705226, 9.99011542])"
5322,6239,172223,"array([ 7.24301168, 10.6286926 ])"
5323,6239,172224,"array([ 7.62729155, 10.30434457])"
5324,6239,172706,"array([6.51081619, 8.77722634])"
5325,6239,181066,"array([7.11495946, 9.33269204])"
5326,6239,190602,"array([5.93013484, 9.3865069 ])"
5327,6239,3565419,"array([7.1248118 , 9.19603038])"
5328,6239,173281,"array([6.51932897, 9.33389663])"
5329,6239,172241,"array([ 6.41944104, 11.49884692])"
5330,6239,172242,"array([ 7.735559  , 10.91123636])"
5331,6239,172244,"array([6.47136  , 9.2973535])"
5332,6239,173931,"array([7.00202678, 9.1610467 ])"
5333,6239,181472,"array([7.21477444, 8.97012611])"
5334,6239,172463,"array([7.37059253, 9.94898137])"
5335,6239,172512,"array([ 7.13097835, 10.79692758])"
5336,6239,172584,"array([ 7.32162071, 10.15499049])"
5337,6239,172585,"array([ 7.09290149, 11.49504743])"
5338,6239,172816,"array([ 7.66467811, 10.87014035])"
5339,6239,172860,"array([ 7.43535134, 10.94268548])"
5340,6239,172979,"array([ 7.86832591, 10.12894729])"
5341,6239,172984,"array([ 7.01493038, 10.19578031])"
5342,6239,173006,"array([ 7.33608277, 10.95556715])"
5343,6239,173341,"array([ 7.58644674, 10.28374582])"
5344,6239,173432,"array([ 7.3101292 , 10.91331666])"
5345,6239,173625,"array([ 7.31256699, 10.41450314])"
5346,6239,173735,"array([ 7.17621571, 11.49664604])"
5347,6239,173764,"array([7.33985329, 9.59606782])"
5348,6239,174373,"array([ 7.27908615, 10.78613667])"
5349,6239,174374,"array([ 7.3332459 , 10.88799882])"
5350,6239,174543,"array([ 7.46995153, 10.06784591])"
5351,6239,174606,"array([ 7.52977932, 10.40738119])"
5352,6239,175025,"array([ 7.39136466, 10.90638926])"
5353,6239,175028,"array([ 6.92244774, 10.62059049])"
5354,6239,175030,"array([ 7.28291719, 10.81584586])"
5355,6239,175031,"array([ 7.19324646, 11.22861032])"
5356,6239,175034,"array([ 7.25029078, 10.97856193])"
5357,6239,175614,"array([ 7.53101055, 10.32161707])"
5358,6239,175621,"array([ 6.98267607, 10.304767  ])"
5359,6239,175666,"array([ 7.77546464, 10.41813338])"
5360,6239,175818,"array([ 6.97147605, 10.37028377])"
5361,6239,175989,"array([ 7.04295387, 10.47448628])"
5362,6239,176335,"array([ 7.07713299, 10.68816955])"
5363,6239,176554,"array([ 7.30056617, 10.77291517])"
5364,6239,176991,"array([ 6.35132082, 10.33212304])"
5365,6239,177196,"array([ 7.0021343 , 10.51644135])"
5366,6239,177521,"array([ 7.19983934, 11.03252312])"
5367,6239,177538,"array([ 7.55806529, 10.96290037])"
5368,6239,177628,"array([ 7.07366467, 11.2139042 ])"
5369,6239,178048,"array([ 7.2756093 , 10.87009577])"
5370,6239,178056,"array([ 7.02102022, 10.97109929])"
5371,6239,178088,"array([ 7.40890095, 10.70295119])"
5372,6239,178089,"array([ 7.25501873, 10.32644883])"
5373,6239,178143,"array([7.18438769, 9.96471193])"
5374,6239,178463,"array([ 6.88654115, 10.56443122])"
5375,6239,178623,"array([ 7.45727485, 10.52725149])"
5376,6239,179140,"array([ 7.16846731, 10.54562718])"
5377,6239,179261,"array([ 7.21749153, 10.98092266])"
5378,6239,179265,"array([ 6.941922  , 10.94702052])"
5379,6239,179724,"array([ 7.62046038, 10.12443044])"
5380,6239,180017,"array([ 7.59624212, 10.04650947])"
5381,6239,180109,"array([ 7.53928012, 10.99756763])"
5382,6239,180376,"array([ 7.25382845, 11.49757383])"
5383,6239,181789,"array([ 7.34133454, 10.41490908])"
5384,6239,181803,"array([ 7.40401449, 10.93485524])"
5385,6239,181821,"array([ 7.09112672, 10.75171162])"
5386,6239,183288,"array([ 6.37332096, 10.76175916])"
5387,6239,183500,"array([ 7.00693677, 11.07348985])"
5388,6239,184112,"array([ 7.29930097, 10.95377627])"
5389,6239,184113,"array([ 7.10101776, 11.18897402])"
5390,6239,184200,"array([ 7.18254213, 11.19545889])"
5391,6239,184804,"array([ 7.0114995 , 11.00890484])"
5392,6239,186250,"array([ 7.15321403, 11.21805176])"
5393,6239,186325,"array([ 7.11663864, 11.21811649])"
5394,6239,186671,"array([ 7.36350972, 10.94340754])"
5395,6239,187907,"array([ 7.21639788, 11.46352798])"
5396,6239,191668,"array([ 7.2267185 , 11.21672519])"
5397,6239,191669,"array([ 7.31642339, 10.98115276])"
5398,6239,191672,"array([ 7.02623226, 11.21530222])"
5399,6239,191673,"array([ 7.22212759, 11.17908999])"
5400,6239,191676,"array([ 7.11841598, 11.00372235])"
5401,6239,191678,"array([ 7.15625066, 10.96966677])"
5402,6239,246024,"array([ 7.51305014, 11.08612134])"
5403,6239,259655,"array([ 6.63257616, 10.4362405 ])"
5404,6239,3564893,"array([ 7.05303492, 11.48068698])"
5405,6239,172347,"array([ 6.71166492, 10.30276294])"
5406,6239,188445,"array([6.42707327, 9.38084443])"
5407,6239,172252,"array([ 7.44486684, 10.63894561])"
5408,6239,172261,"array([ 7.7407022 , 10.76268263])"
5409,6239,172586,"array([7.27017089, 9.07595321])"
5410,6239,175704,"array([7.24613225, 9.39162318])"
5411,6239,176379,"array([7.66056014, 9.78215526])"
5412,6239,172273,"array([ 6.77966684, 10.71814621])"
5413,6239,172275,"array([ 6.66461644, 10.26887359])"
5414,6239,175185,"array([ 7.30119863, 10.39324609])"
5415,6239,176049,"array([ 6.10284343, 10.22176198])"
5416,6239,190802,"array([ 6.2392983 , 11.13786323])"
5417,6239,172280,"array([7.44803634, 9.37442466])"
5418,6239,174827,"array([8.0858473 , 9.11948275])"
5419,6239,172282,"array([ 7.30400076, 10.74073869])"
5420,6239,179079,"array([ 6.1604994 , 11.33052182])"
5421,6239,172296,"array([7.4141944 , 9.84689883])"
5422,6239,180646,"array([ 7.47846213, 10.09072476])"
5423,6239,172300,"array([ 6.66161958, 10.68941521])"
5424,6239,172313,"array([ 7.17806689, 10.25862213])"
5425,6239,172322,"array([ 7.7193913 , 10.19312301])"
5426,6239,172325,"array([7.38765302, 8.91939977])"
5427,6239,172340,"array([ 6.61802385, 11.14323595])"
5428,6239,172348,"array([ 7.14932637, 10.41023273])"
5429,6239,172351,"array([7.56342101, 9.79303306])"
5430,6239,172360,"array([ 6.30877449, 11.43147221])"
5431,6239,172368,"array([ 7.46041796, 11.29611606])"
5432,6239,172378,"array([ 8.05404733, 10.53012989])"
5433,6239,172389,"array([5.45963175, 8.08749682])"
5434,6239,180826,"array([5.71556238, 8.55488905])"
5435,6239,181101,"array([5.46631075, 8.16565663])"
5436,6239,181728,"array([5.71974817, 8.26757624])"
5437,6239,187297,"array([5.34344839, 7.84338987])"
5438,6239,172392,"array([7.87568738, 9.9871708 ])"
5439,6239,172393,"array([ 8.06774379, 10.26644824])"
5440,6239,179100,"array([ 8.51571422, 10.30221536])"
5441,6239,180162,"array([ 8.04892041, 10.43418293])"
5442,6239,174544,"array([5.30347482, 9.97207987])"
5443,6239,186741,"array([4.94373241, 9.89018681])"
5444,6239,172396,"array([7.81826249, 8.96457885])"
5445,6239,172483,"array([7.43426976, 9.39761557])"
5446,6239,185001,"array([5.76178076, 9.08773746])"
5447,6239,172406,"array([7.44053918, 9.86175657])"
5448,6239,172409,"array([ 7.71669475, 10.21657995])"
5449,6239,172410,"array([7.23874762, 9.55157273])"
5450,6239,172413,"array([ 7.92651795, 10.5234326 ])"
5451,6239,175596,"array([ 7.87588476, 10.96833361])"
5452,6239,172420,"array([ 7.88871564, 10.20025233])"
5453,6239,172427,"array([ 7.89904103, 10.32226364])"
5454,6239,172438,"array([ 7.39099423, 10.10257735])"
5455,6239,172442,"array([ 6.99370745, 10.57194605])"
5456,6239,172443,"array([ 7.49272021, 10.8915683 ])"
5457,6239,177112,"array([ 6.53088145, 10.26650659])"
5458,6239,181194,"array([6.74667164, 9.70954727])"
5459,6239,174463,"array([ 6.92794359, 10.26613392])"
5460,6239,179855,"array([ 7.05536841, 10.34049814])"
5461,6239,177546,"array([7.15920871, 9.72075776])"
5462,6239,181404,"array([ 7.33424603, 10.04536445])"
5463,6239,181776,"array([ 7.57668475, 10.32991421])"
5464,6239,178996,"array([6.65522284, 9.56498808])"
5465,6239,174320,"array([7.61593489, 9.54885291])"
5466,6239,177625,"array([7.78705963, 9.77963354])"
5467,6239,178419,"array([ 7.26878543, 10.26322666])"
5468,6239,172482,"array([ 6.92986699, 11.02524141])"
5469,6239,172729,"array([7.4585438 , 8.89827374])"
5470,6239,172823,"array([7.03354819, 9.43233255])"
5471,6239,179707,"array([7.7779771 , 8.98020717])"
5472,6239,172497,"array([6.85274169, 9.67371343])"
5473,6239,181950,"array([6.76978137, 8.86882644])"
5474,6239,172498,"array([6.75875811, 7.43540701])"
5475,6239,172659,"array([6.89380484, 7.40220349])"
5476,6239,175446,"array([6.82947876, 7.42095487])"
5477,6239,177849,"array([6.7888487 , 7.56855166])"
5478,6239,178509,"array([6.69290502, 7.01861742])"
5479,6239,190181,"array([6.91235922, 7.71064874])"
5480,6239,3565514,"array([6.84568249, 7.54622429])"
5481,6239,172504,"array([7.47679309, 9.89877942])"
5482,6239,175775,"array([7.77596672, 8.88669829])"
5483,6239,176415,"array([7.92725746, 8.92953844])"
5484,6239,179189,"array([7.81525972, 8.89233783])"
5485,6239,180122,"array([7.73554216, 9.82354147])"
5486,6239,186130,"array([7.8429147 , 8.85622013])"
5487,6239,186467,"array([7.8891087, 8.8997258])"
5488,6239,186816,"array([7.74856278, 8.85656976])"
5489,6239,172508,"array([ 6.7152686 , 10.58994547])"
5490,6239,172509,"array([7.4955679 , 9.98349792])"
5491,6239,172511,"array([ 6.79339873, 10.33823906])"
5492,6239,172514,"array([7.8275862 , 9.72350725])"
5493,6239,172516,"array([ 8.19483369, 10.48333031])"
5494,6239,172520,"array([ 6.81677417, 10.26097515])"
5495,6239,172521,"array([7.34724118, 9.33451493])"
5496,6239,176509,"array([7.24344983, 9.52490828])"
5497,6239,178196,"array([7.2286782 , 9.32154432])"
5498,6239,172529,"array([ 7.96181306, 10.23787511])"
5499,6239,174166,"array([ 7.27294022, 10.31498965])"
5500,6239,175171,"array([ 7.51722931, 10.09639158])"
5501,6239,176216,"array([ 7.0321684 , 10.24851661])"
5502,6239,177392,"array([ 7.22195483, 10.07891158])"
5503,6239,177626,"array([ 7.4010593 , 10.22216413])"
5504,6239,172535,"array([ 7.46281466, 10.49934983])"
5505,6239,172538,"array([ 6.94375857, 10.727041  ])"
5506,6239,182375,"array([7.31274348, 8.95824256])"
5507,6239,172553,"array([7.31933522, 8.35508255])"
5508,6239,172574,"array([7.89474822, 9.47918001])"
5509,6239,172595,"array([ 7.13048516, 10.47980567])"
5510,6239,172596,"array([ 7.17146751, 11.25380816])"
5511,6239,172603,"array([ 7.79742436, 10.32494591])"
5512,6239,172613,"array([ 7.44484358, 11.21695482])"
5513,6239,172614,"array([7.93576142, 9.5892982 ])"
5514,6239,172615,"array([ 6.75434397, 10.12100834])"
5515,6239,172621,"array([7.57907559, 9.47484186])"
5516,6239,175607,"array([5.63378492, 9.30562707])"
5517,6239,172631,"array([7.924716  , 9.90482968])"
5518,6239,172632,"array([ 7.36449292, 10.56921735])"
5519,6239,172635,"array([ 7.44151418, 11.26606977])"
5520,6239,172639,"array([ 7.39318491, 10.05235837])"
5521,6239,172641,"array([6.9094985, 8.7883421])"
5522,6239,172643,"array([ 7.47810114, 10.33918583])"
5523,6239,172644,"array([6.56125384, 8.01589517])"
5524,6239,175388,"array([6.94876212, 8.02126098])"
5525,6239,172651,"array([ 6.74656183, 10.06247091])"
5526,6239,353452,"array([6.92103081, 7.77867619])"
5527,6239,172660,"array([ 7.61975815, 10.44754179])"
5528,6239,24104925,"array([ 7.26353851, 11.90244403])"
5529,6239,172664,"array([7.41008428, 9.24165334])"
5530,6239,172665,"array([8.35870543, 9.35270272])"
5531,6239,190424,"array([7.59677302, 9.77554426])"
5532,6239,172668,"array([8.22035858, 9.47370792])"
5533,6239,183095,"array([ 6.85495502, 11.14988642])"
5534,6239,174872,"array([ 6.60213694, 10.53129989])"
5535,6239,172680,"array([ 7.19044499, 10.03382288])"
5536,6239,172735,"array([6.87927416, 9.61504892])"
5537,6239,172686,"array([ 6.6589116 , 11.29976202])"
5538,6239,180304,"array([6.35573217, 9.49756427])"
5539,6239,180761,"array([5.82634004, 9.2459656 ])"
5540,6239,172690,"array([8.06285563, 9.15440213])"
5541,6239,178267,"array([6.16804404, 8.54560982])"
5542,6239,179698,"array([6.11340986, 8.38072148])"
5543,6239,188415,"array([5.75889604, 9.33083228])"
5544,6239,3565402,"array([6.14597296, 8.40905187])"
5545,6239,3565967,"array([ 6.38949334, 10.11958746])"
5546,6239,172705,"array([8.31892573, 9.61578205])"
5547,6239,172713,"array([ 6.3523348, 10.7866245])"
5548,6239,172715,"array([ 7.41793951, 10.16104679])"
5549,6239,172725,"array([8.17227312, 9.91435902])"
5550,6239,181422,"array([7.74003517, 9.91500938])"
5551,6239,172727,"array([ 8.2632273 , 10.81878606])"
5552,6239,172732,"array([4.37705474, 9.94435835])"
5553,6239,175337,"array([6.6675962 , 9.19185029])"
5554,6239,179794,"array([6.53439935, 8.97227407])"
5555,6239,172734,"array([ 7.50400342, 10.15371272])"
5556,6239,172736,"array([7.3862969 , 9.77116015])"
5557,6239,3565095,"array([5.62319688, 9.8360928 ])"
5558,6239,177990,"array([ 6.95623953, 10.48221133])"
5559,6239,172748,"array([8.37507172, 9.78764572])"
5560,6239,175311,"array([ 6.52927928, 10.86894954])"
5561,6239,172756,"array([7.3950132 , 9.59675002])"
5562,6239,174195,"array([7.21762456, 9.52492813])"
5563,6239,174385,"array([ 7.59710075, 10.02211691])"
5564,6239,174396,"array([ 6.84350563, 10.53639956])"
5565,6239,174417,"array([ 7.52012518, 10.07473969])"
5566,6239,174433,"array([6.55793454, 9.16922309])"
5567,6239,174546,"array([6.67691822, 9.68062767])"
5568,6239,174947,"array([6.38088321, 9.3555304 ])"
5569,6239,175669,"array([6.96062859, 9.76387573])"
5570,6239,176609,"array([7.48083457, 9.58269467])"
5571,6239,177437,"array([ 6.96682761, 10.57253645])"
5572,6239,178432,"array([6.80230683, 9.70208124])"
5573,6239,181388,"array([ 6.30093681, 10.6600012 ])"
5574,6239,172764,"array([ 7.34896218, 10.67321131])"
5575,6239,175961,"array([ 8.09529024, 10.8405239 ])"
5576,6239,180187,"array([ 7.10110966, 10.88761656])"
5577,6239,180320,"array([ 8.06922659, 10.85156402])"
5578,6239,190970,"array([ 8.00129557, 10.9588666 ])"
5579,6239,353392,"array([ 8.08698525, 10.88908905])"
5580,6239,174587,"array([ 8.3416065 , 10.77411968])"
5581,6239,172778,"array([7.34863918, 9.44110338])"
5582,6239,177142,"array([7.60594346, 8.65170346])"
5583,6239,173339,"array([7.30487372, 9.6996818 ])"
5584,6239,189726,"array([7.24879322, 9.47787406])"
5585,6239,259457,"array([6.46913489, 9.05770246])"
5586,6239,172800,"array([7.40035174, 9.32756073])"
5587,6239,175944,"array([ 7.63962557, 10.43362295])"
5588,6239,177514,"array([ 7.97757006, 10.13441962])"
5589,6239,181421,"array([ 6.87141881, 10.47016279])"
5590,6239,3565008,"array([ 7.64094591, 10.08117103])"
5591,6239,172804,"array([ 6.76570893, 10.4940135 ])"
5592,6239,172812,"array([ 7.65799606, 10.00994053])"
5593,6239,172813,"array([ 6.86817819, 10.99105837])"
5594,6239,172814,"array([ 7.09228612, 10.81056162])"
5595,6239,172818,"array([ 7.23430115, 10.37189709])"
5596,6239,180701,"array([ 8.01684073, 10.80104738])"
5597,6239,172820,"array([7.27851896, 9.29169275])"
5598,6239,172827,"array([ 8.00436248, 10.27533988])"
5599,6239,172837,"array([ 7.53027771, 10.7154699 ])"
5600,6239,187612,"array([6.25731009, 9.40680473])"
5601,6239,177282,"array([7.52889171, 9.77009088])"
5602,6239,172867,"array([8.53219413, 9.41366148])"
5603,6239,174793,"array([7.82685635, 9.83083805])"
5604,6239,180000,"array([7.75380343, 9.48493201])"
5605,6239,172883,"array([ 7.53942204, 10.09929045])"
5606,6239,172885,"array([ 7.90961615, 10.0882636 ])"
5607,6239,172888,"array([6.77239823, 7.91288411])"
5608,6239,175910,"array([6.81963482, 8.55581992])"
5609,6239,172904,"array([ 7.47326843, 10.12887306])"
5610,6239,173072,"array([ 7.4944341 , 10.47871257])"
5611,6239,176465,"array([ 7.43661888, 10.10646531])"
5612,6239,178173,"array([ 7.10665037, 10.24698929])"
5613,6239,172922,"array([ 8.26345452, 10.29542964])"
5614,6239,172925,"array([6.28952928, 8.92023289])"
5615,6239,181442,"array([5.75786729, 9.93421347])"
5616,6239,172965,"array([7.90293333, 9.84804059])"
5617,6239,172966,"array([7.47949523, 9.88320657])"
5618,6239,172967,"array([ 7.42082404, 11.04486132])"
5619,6239,172968,"array([ 7.38921858, 10.33578395])"
5620,6239,172969,"array([ 7.36100225, 10.05731957])"
5621,6239,174862,"array([ 6.95322416, 10.12699314])"
5622,6239,173357,"array([ 7.49426825, 10.38348852])"
5623,6239,173457,"array([7.62773448, 9.91392361])"
5624,6239,174829,"array([ 7.21818209, 10.87089898])"
5625,6239,178823,"array([7.67536095, 9.96720336])"
5626,6239,179243,"array([ 6.962096  , 10.64607617])"
5627,6239,179572,"array([ 6.73019996, 10.49168893])"
5628,6239,182284,"array([ 6.96058984, 10.70117036])"
5629,6239,172991,"array([7.57669248, 9.30151291])"
5630,6239,172996,"array([ 7.56223599, 10.48728133])"
5631,6239,176821,"array([ 6.17409029, 10.13276894])"
5632,6239,173042,"array([7.11066651, 8.59631367])"
5633,6239,173076,"array([ 7.76157529, 10.2466772 ])"
5634,6239,173078,"array([ 6.74782484, 10.33026731])"
5635,6239,173122,"array([6.66207643, 9.61772325])"
5636,6239,175610,"array([ 6.53551501, 10.38106224])"
5637,6239,174809,"array([6.85202293, 9.42038433])"
5638,6239,175605,"array([ 7.54928309, 10.12637026])"
5639,6239,174526,"array([ 7.39713849, 10.38618018])"
5640,6239,177024,"array([ 6.17298659, 10.70023163])"
5641,6239,173146,"array([7.96804228, 9.53050276])"
5642,6239,174216,"array([ 7.12256611, 10.82576594])"
5643,6239,176246,"array([ 7.26066429, 10.67436799])"
5644,6239,176924,"array([7.33951399, 9.717572  ])"
5645,6239,178138,"array([ 6.74856182, 10.99417321])"
5646,6239,180338,"array([7.01397184, 9.50554505])"
5647,6239,181108,"array([7.45478551, 9.99706623])"
5648,6239,190611,"array([ 7.34360058, 10.09931853])"
5649,6239,173160,"array([ 7.40182332, 10.35873399])"
5650,6239,173161,"array([ 7.38420293, 10.41471779])"
5651,6239,173163,"array([7.80950377, 9.93447377])"
5652,6239,184167,"array([8.45312509, 9.26995662])"
5653,6239,173180,"array([7.74388282, 9.35635339])"
5654,6239,173181,"array([ 8.35173545, 10.85433941])"
5655,6239,173182,"array([7.5962567 , 9.51235202])"
5656,6239,173188,"array([7.02679041, 9.4840892 ])"
5657,6239,173198,"array([7.26395127, 9.40352779])"
5658,6239,173200,"array([ 6.56557903, 11.5728937 ])"
5659,6239,173201,"array([ 7.03965795, 11.03982367])"
5660,6239,173202,"array([ 5.89080494, 11.39347786])"
5661,6239,173216,"array([ 7.25007279, 10.4175541 ])"
5662,6239,173220,"array([ 7.44143586, 10.66037678])"
5663,6239,173222,"array([ 7.97393957, 10.35245512])"
5664,6239,173224,"array([ 7.50526098, 10.27501561])"
5665,6239,173225,"array([ 6.99711492, 10.23685881])"
5666,6239,173235,"array([ 7.11781867, 10.30503751])"
5667,6239,173238,"array([7.37846754, 9.3694808 ])"
5668,6239,173278,"array([ 7.52913523, 10.63263682])"
5669,6239,173279,"array([ 7.43581162, 10.02003605])"
5670,6239,173282,"array([6.53558712, 8.62637966])"
5671,6239,181259,"array([6.30437347, 8.00843014])"
5672,6239,181658,"array([6.38385381, 7.96829293])"
5673,6239,173298,"array([ 7.55945232, 10.76148406])"
5674,6239,173299,"array([4.29999309, 9.88593964])"
5675,6239,175728,"array([3.89528143, 9.88917594])"
5676,6239,173303,"array([8.3113706 , 9.82155573])"
5677,6239,173304,"array([7.00218426, 9.66675024])"
5678,6239,173308,"array([ 8.24932731, 10.58659003])"
5679,6239,173314,"array([7.69287372, 9.57419044])"
5680,6239,173326,"array([ 7.58631325, 11.02850391])"
5681,6239,173337,"array([6.23891289, 8.94831721])"
5682,6239,173859,"array([ 6.28923517, 10.43721525])"
5683,6239,173342,"array([ 7.21492052, 10.29495792])"
5684,6239,173349,"array([ 7.27263867, 10.72695028])"
5685,6239,173351,"array([16.19308521, 13.97219998])"
5686,6239,246019,"array([16.16685891, 14.08059026])"
5687,6239,173354,"array([6.30371929, 9.83432245])"
5688,6239,173362,"array([8.12538287, 9.61891955])"
5689,6239,173367,"array([ 8.08884717, 10.16485161])"
5690,6239,173368,"array([7.71364916, 9.83514541])"
5691,6239,3565955,"array([5.84495518, 9.47669245])"
5692,6239,173390,"array([ 8.20985191, 10.17695568])"
5693,6239,173394,"array([7.54830789, 9.86148466])"
5694,6239,189521,"array([5.23801009, 8.41952427])"
5695,6239,173415,"array([7.86948895, 9.202569  ])"
5696,6239,173418,"array([ 7.42487576, 10.51920815])"
5697,6239,173419,"array([ 4.77684299, 12.80018491])"
5698,6239,183753,"array([ 4.93948559, 12.49893463])"
5699,6239,188157,"array([ 4.70572702, 12.75033102])"
5700,6239,173443,"array([ 7.92863344, 10.55255696])"
5701,6239,173451,"array([ 7.23537161, 11.03838602])"
5702,6239,173460,"array([ 6.19160412, 10.95029911])"
5703,6239,173461,"array([7.34816014, 9.95838321])"
5704,6239,173466,"array([ 6.95749824, 10.25769671])"
5705,6239,173500,"array([7.28848052, 9.14994911])"
5706,6239,173510,"array([7.10897793, 9.90354851])"
5707,6239,173520,"array([ 7.56797939, 10.55840138])"
5708,6239,173524,"array([ 7.90422546, 10.61193181])"
5709,6239,173536,"array([ 7.69429294, 10.03015055])"
5710,6239,173564,"array([ 7.76722909, 10.35619047])"
5711,6239,175723,"array([ 8.06570973, 10.00739193])"
5712,6239,173581,"array([ 7.34607941, 10.19287969])"
5713,6239,173602,"array([ 7.81444439, 10.18356938])"
5714,6239,173631,"array([ 7.85185423, 10.67447655])"
5715,6239,173648,"array([ 5.83489239, 10.06154459])"
5716,6239,173657,"array([ 8.28780237, 10.44301044])"
5717,6239,173701,"array([7.47073264, 8.24859765])"
5718,6239,187320,"array([6.13921303, 9.49937827])"
5719,6239,173736,"array([ 7.13770283, 10.93814702])"
5720,6239,173762,"array([7.68683532, 9.33802577])"
5721,6239,173763,"array([ 6.94860828, 10.86562354])"
5722,6239,173778,"array([ 7.30839335, 10.52296649])"
5723,6239,173779,"array([ 7.68247723, 10.61757062])"
5724,6239,173785,"array([6.89593987, 9.34578377])"
5725,6239,176882,"array([7.30463833, 9.22742331])"
5726,6239,177140,"array([7.37245797, 8.78626359])"
5727,6239,177949,"array([7.07223223, 8.54958582])"
5728,6239,181093,"array([7.4795401 , 9.27174196])"
5729,6239,184508,"array([6.89092217, 8.597586  ])"
5730,6239,173805,"array([ 6.92697864, 10.3678876 ])"
5731,6239,173812,"array([7.94951967, 9.64622841])"
5732,6239,173819,"array([ 7.59255846, 11.17217552])"
5733,6239,173820,"array([ 7.47324911, 10.57356333])"
5734,6239,173824,"array([ 8.10535746, 10.48441383])"
5735,6239,173825,"array([8.30015323, 9.87009488])"
5736,6239,173828,"array([6.50592719, 8.69114156])"
5737,6239,175981,"array([ 6.79953439, 10.58497493])"
5738,6239,173841,"array([ 7.66510886, 10.22596749])"
5739,6239,173843,"array([ 7.36733595, 10.4801306 ])"
5740,6239,173848,"array([ 7.46740781, 10.65496822])"
5741,6239,173852,"array([7.01622018, 9.38973276])"
5742,6239,173864,"array([ 7.2009675 , 11.09281999])"
5743,6239,173868,"array([ 6.94796092, 10.89846873])"
5744,6239,173882,"array([ 8.11734741, 10.6321484 ])"
5745,6239,176455,"array([ 6.4835731, 10.034754 ])"
5746,6239,176647,"array([6.16255814, 9.37872301])"
5747,6239,180088,"array([6.85011011, 9.57125316])"
5748,6239,180752,"array([6.40761356, 8.85012137])"
5749,6239,185415,"array([6.31622214, 9.22078538])"
5750,6239,188216,"array([6.72250464, 9.57711029])"
5751,6239,173911,"array([ 7.4231266 , 10.46560407])"
5752,6239,177807,"array([7.72692513, 9.3894548 ])"
5753,6239,185690,"array([ 6.7622489 , 10.76034614])"
5754,6239,173927,"array([ 7.58704881, 10.0627344 ])"
5755,6239,173929,"array([-9.61516511e-05,  2.03642695e+00])"
5756,6239,180002,"array([-0.06581077,  1.93724185])"
5757,6239,178376,"array([ 5.05203789, 11.02307278])"
5758,6239,188767,"array([ 4.97104072, 11.01761481])"
5759,6239,173947,"array([ 7.59098079, 10.71918359])"
5760,6239,178405,"array([ 6.61952191, 10.5868253 ])"
5761,6239,173957,"array([ 6.68576049, 11.15790764])"
5762,6239,173959,"array([7.39164104, 7.47976398])"
5763,6239,173961,"array([ 7.2830776 , 10.90325628])"
5764,6239,173964,"array([ 7.93915445, 11.06035036])"
5765,6239,173971,"array([7.35126872, 9.36327514])"
5766,6239,173978,"array([6.69712146, 8.74787291])"
5767,6239,182314,"array([ 5.82949321, 10.28022636])"
5768,6239,175272,"array([ 6.43874786, 10.28669344])"
5769,6239,266836,"array([7.24574406, 9.64883899])"
5770,6239,173990,"array([7.74661919, 9.54683401])"
5771,6239,173994,"array([ 7.84194843, 10.63887756])"
5772,6239,174044,"array([5.95885457, 9.49097487])"
5773,6239,179058,"array([5.32614382, 9.25682841])"
5774,6239,174008,"array([ 7.90388175, 11.06910755])"
5775,6239,174018,"array([ 7.20413364, 10.47963662])"
5776,6239,174019,"array([ 6.85267672, 10.1932647 ])"
5777,6239,181110,"array([ 6.64646855, 10.23028824])"
5778,6239,174022,"array([ 8.33588926, 10.1784955 ])"
5779,6239,174033,"array([ 7.9809319 , 10.37998204])"
5780,6239,179184,"array([ 6.44998011, 10.62576919])"
5781,6239,176849,"array([ 5.74372505, 10.15088036])"
5782,6239,179068,"array([5.50645746, 9.13305654])"
5783,6239,180996,"array([7.14317747, 9.27538637])"
5784,6239,178645,"array([ 7.21660772, 11.52223283])"
5785,6239,174379,"array([ 7.18693998, 10.33011768])"
5786,6239,179936,"array([ 7.49413845, 10.44843564])"
5787,6239,174096,"array([ 7.87001627, 10.44013086])"
5788,6239,180401,"array([7.38849057, 8.15007098])"
5789,6239,180585,"array([7.36280408, 8.1104743 ])"
5790,6239,181715,"array([7.38191113, 8.28330629])"
5791,6239,185183,"array([7.43106217, 8.28445013])"
5792,6239,186607,"array([7.31525459, 8.12998459])"
5793,6239,189055,"array([7.53855575, 8.84532919])"
5794,6239,3565899,"array([7.28748231, 8.08352691])"
5795,6239,174103,"array([ 7.02305069, 10.57767692])"
5796,6239,174112,"array([7.00791745, 9.90363111])"
5797,6239,174116,"array([7.72337436, 9.56387986])"
5798,6239,174120,"array([6.50959994, 9.2505342 ])"
5799,6239,179387,"array([6.13064126, 8.65193571])"
5800,6239,181595,"array([6.04361189, 9.5245633 ])"
5801,6239,174126,"array([7.94255689, 9.67358199])"
5802,6239,174127,"array([ 8.03329396, 10.27901184])"
5803,6239,174128,"array([ 7.43146638, 10.08643989])"
5804,6239,174132,"array([7.45637103, 9.08313995])"
5805,6239,174149,"array([ 7.3537761, 10.718893 ])"
5806,6239,174158,"array([ 5.89766447, 10.3814245 ])"
5807,6239,174164,"array([7.74326167, 9.58119041])"
5808,6239,174168,"array([ 7.79369835, 10.38350901])"
5809,6239,174179,"array([ 7.21581297, 10.92567407])"
5810,6239,174185,"array([ 7.7119123 , 10.76442002])"
5811,6239,174187,"array([6.93257846, 8.83329881])"
5812,6239,174189,"array([ 7.9061633 , 10.29340032])"
5813,6239,174191,"array([8.15029974, 9.4951848 ])"
5814,6239,175675,"array([ 7.15710858, 11.03907093])"
5815,6239,184953,"array([ 7.11672728, 10.73993851])"
5816,6239,174208,"array([7.46407381, 9.51753344])"
5817,6239,174209,"array([ 7.550518  , 10.85610293])"
5818,6239,174223,"array([ 7.34730131, 11.29855326])"
5819,6239,174231,"array([7.15653247, 9.91436193])"
5820,6239,174278,"array([8.17413699, 9.86519882])"
5821,6239,174316,"array([ 7.7309722 , 10.36041611])"
5822,6239,174340,"array([ 7.84986189, 10.5740832 ])"
5823,6239,174434,"array([ 7.19280843, 10.50037038])"
5824,6239,174534,"array([ 7.74262055, 10.40548213])"
5825,6239,174572,"array([ 7.53263138, 10.01458385])"
5826,6239,174645,"array([ 7.48650822, 10.24275878])"
5827,6239,174996,"array([ 7.52067055, 10.66418144])"
5828,6239,175029,"array([ 7.09025065, 10.49675669])"
5829,6239,175189,"array([ 7.37553173, 10.02460922])"
5830,6239,175235,"array([ 7.22822183, 10.27517658])"
5831,6239,175268,"array([7.48653625, 9.71782272])"
5832,6239,175488,"array([7.70549597, 9.9710681 ])"
5833,6239,175680,"array([ 7.36523118, 10.26217217])"
5834,6239,175906,"array([ 7.37998325, 10.22177324])"
5835,6239,175960,"array([ 7.54175584, 10.07415145])"
5836,6239,176028,"array([ 7.68285465, 10.254443  ])"
5837,6239,176088,"array([ 8.14672684, 10.42128974])"
5838,6239,176563,"array([ 7.1000219, 10.3119844])"
5839,6239,176771,"array([7.28620181, 9.84512953])"
5840,6239,176797,"array([ 7.76421456, 10.32107271])"
5841,6239,177103,"array([ 7.59074285, 10.56369617])"
5842,6239,177212,"array([7.08444377, 9.98222483])"
5843,6239,177622,"array([ 7.53146153, 10.77386591])"
5844,6239,177723,"array([ 7.9774189 , 10.09099319])"
5845,6239,177740,"array([ 7.72220399, 10.46542002])"
5846,6239,177952,"array([ 7.60418875, 10.4232593 ])"
5847,6239,178016,"array([ 7.61865247, 10.08309145])"
5848,6239,178415,"array([ 7.50795472, 10.21134328])"
5849,6239,178468,"array([ 7.42663244, 10.91412849])"
5850,6239,178667,"array([ 7.33117579, 10.39863799])"
5851,6239,178740,"array([7.38517713, 9.88104025])"
5852,6239,178916,"array([ 7.1713603 , 10.69736478])"
5853,6239,179497,"array([ 7.56917177, 10.36535956])"
5854,6239,179897,"array([ 7.48079675, 10.14525994])"
5855,6239,180039,"array([ 7.51635425, 10.46825721])"
5856,6239,180721,"array([7.53088813, 9.5661573 ])"
5857,6239,180983,"array([ 7.68955059, 10.10895183])"
5858,6239,181031,"array([ 7.40617941, 10.41539256])"
5859,6239,181144,"array([ 7.25232695, 10.716834  ])"
5860,6239,181168,"array([ 7.38699241, 10.54134686])"
5861,6239,181402,"array([ 7.76561861, 10.49252045])"
5862,6239,181651,"array([ 7.71291093, 10.25756274])"
5863,6239,182923,"array([ 7.78889654, 10.12276376])"
5864,6239,183194,"array([ 8.00569142, 10.15588388])"
5865,6239,183349,"array([ 7.28256467, 10.68404918])"
5866,6239,185498,"array([ 8.00516897, 10.86454908])"
5867,6239,185555,"array([ 7.75924613, 10.73589549])"
5868,6239,186230,"array([ 7.67927288, 11.051285  ])"
5869,6239,186272,"array([ 7.34262052, 10.92129187])"
5870,6239,188226,"array([7.40704698, 9.88900531])"
5871,6239,189921,"array([ 7.9554661 , 10.89644398])"
5872,6239,190203,"array([ 7.36374979, 10.11930175])"
5873,6239,191030,"array([ 7.65034804, 10.69919309])"
5874,6239,191667,"array([ 7.24001769, 10.52069   ])"
5875,6239,24104475,"array([ 7.87362957, 10.59864484])"
5876,6239,259386,"array([ 7.74554992, 10.50743479])"
5877,6239,266653,"array([ 7.55841375, 10.05733681])"
5878,6239,353396,"array([ 7.60299195, 10.4696297 ])"
5879,6239,6418594,"array([ 7.73402423, 10.968406  ])"
5880,6239,174235,"array([ 7.95904156, 10.10960895])"
5881,6239,187901,"array([6.93900155, 8.51106211])"
5882,6239,174237,"array([7.44269387, 9.50552377])"
5883,6239,174242,"array([ 6.86841251, 10.63082207])"
5884,6239,174245,"array([ 7.5212441 , 10.91149827])"
5885,6239,174266,"array([ 6.91153729, 10.22130163])"
5886,6239,174274,"array([ 6.69688656, 10.43426657])"
5887,6239,180011,"array([8.85830722, 9.73113271])"
5888,6239,176303,"array([ 5.48670978, 10.17724534])"
5889,6239,174286,"array([7.38239103, 9.61437456])"
5890,6239,174290,"array([ 7.51513387, 10.13000111])"
5891,6239,174300,"array([8.2024188 , 9.66932145])"
5892,6239,174307,"array([7.11975436, 9.56054034])"
5893,6239,174310,"array([7.88584266, 9.7091857 ])"
5894,6239,189194,"array([6.00982824, 8.95132094])"
5895,6239,174325,"array([7.30685716, 8.91964019])"
5896,6239,174327,"array([6.77932667, 8.60132505])"
5897,6239,174343,"array([ 5.39568602, 11.83208802])"
5898,6239,183012,"array([ 5.29305116, 11.99820289])"
5899,6239,174352,"array([8.06530299, 9.84126641])"
5900,6239,174366,"array([ 7.90158273, 11.13263337])"
5901,6239,174367,"array([ 7.07837884, 10.27194393])"
5902,6239,174370,"array([7.78341362, 9.25037028])"
5903,6239,174375,"array([7.23225596, 9.67691398])"
5904,6239,174381,"array([ 7.71657137, 10.86120192])"
5905,6239,178135,"array([6.99376209, 9.98139508])"
5906,6239,174408,"array([ 7.65444355, 11.07302541])"
5907,6239,174410,"array([8.20682305, 9.93120564])"
5908,6239,174414,"array([ 7.46549548, 10.59938987])"
5909,6239,174418,"array([ 6.43688458, 10.39924624])"
5910,6239,174432,"array([ 7.95358694, 10.62242281])"
5911,6239,174437,"array([ 7.34506034, 10.02356595])"
5912,6239,174449,"array([6.91523997, 9.50139281])"
5913,6239,174450,"array([7.43744331, 9.92945965])"
5914,6239,174469,"array([ 6.93462399, 11.17809045])"
5915,6239,174472,"array([ 8.33254073, 10.28626633])"
5916,6239,177870,"array([ 6.02906542, 10.7810579 ])"
5917,6239,180958,"array([ 5.77182726, 11.11049884])"
5918,6239,174480,"array([ 7.49797555, 10.67839668])"
5919,6239,174481,"array([7.04480423, 9.65978297])"
5920,6239,174482,"array([ 7.43715238, 10.16346528])"
5921,6239,174494,"array([7.54237001, 9.96586586])"
5922,6239,174496,"array([6.26679513, 9.05542577])"
5923,6239,174501,"array([ 8.19585078, 10.70742753])"
5924,6239,174507,"array([ 8.19685629, 10.53730227])"
5925,6239,174516,"array([7.30867413, 9.46294085])"
5926,6239,174528,"array([ 8.33594172, 10.42039982])"
5927,6239,174538,"array([ 7.31664677, 10.86352938])"
5928,6239,174542,"array([ 8.19700709, 10.80080891])"
5929,6239,182726,"array([ 7.32305091, 10.02892147])"
5930,6239,174553,"array([7.82838098, 9.98499821])"
5931,6239,179783,"array([7.06394062, 9.91336902])"
5932,6239,174585,"array([ 5.81787863, 10.60934873])"
5933,6239,179475,"array([8.1637451 , 9.82013247])"
5934,6239,174591,"array([5.97350871, 9.4331994 ])"
5935,6239,176338,"array([ 7.21332705, 10.46092404])"
5936,6239,174608,"array([8.3058355, 9.903123 ])"
5937,6239,174613,"array([ 7.32754354, 11.03783728])"
5938,6239,3565222,"array([7.37960282, 9.66804247])"
5939,6239,174646,"array([ 8.03109174, 10.1088415 ])"
5940,6239,175471,"array([6.97861958, 8.91982192])"
5941,6239,176300,"array([ 6.04293418, 10.33640067])"
5942,6239,176960,"array([6.0859969 , 9.19270634])"
5943,6239,180446,"array([6.83479216, 9.1361892 ])"
5944,6239,185842,"array([ 6.43368893, 10.16429585])"
5945,6239,191707,"array([ 5.83718329, 10.16217484])"
5946,6239,174665,"array([ 7.73212129, 10.32067892])"
5947,6239,174675,"array([7.56178575, 9.33156003])"
5948,6239,176688,"array([ 7.36313408, 10.00521455])"
5949,6239,180917,"array([ 7.54078327, 10.51458891])"
5950,6239,174694,"array([ 8.47353592, 10.57676454])"
5951,6239,176518,"array([ 9.02718985, 10.80584564])"
5952,6239,174696,"array([ 7.47962201, 10.16449456])"
5953,6239,174728,"array([8.97152352, 9.33585082])"
5954,6239,183941,"array([8.40953058, 9.56718819])"
5955,6239,174734,"array([ 7.59644992, 10.0871037 ])"
5956,6239,177017,"array([ 7.41652465, 10.37307488])"
5957,6239,174748,"array([7.09309834, 9.56206627])"
5958,6239,174758,"array([ 7.7556096 , 10.65484735])"
5959,6239,174765,"array([7.1076482 , 9.13712724])"
5960,6239,174781,"array([7.6473907 , 9.80346802])"
5961,6239,174782,"array([6.30506763, 9.75160848])"
5962,6239,174788,"array([6.92782789, 9.62226451])"
5963,6239,174792,"array([ 7.39435108, 10.15577038])"
5964,6239,174799,"array([7.86197209, 9.78486354])"
5965,6239,174805,"array([ 7.25940509, 10.50969853])"
5966,6239,174808,"array([ 6.78190001, 10.40867983])"
5967,6239,174818,"array([7.18449741, 9.13984137])"
5968,6239,174821,"array([ 7.71464111, 10.54106009])"
5969,6239,174839,"array([6.92608444, 9.7893572 ])"
5970,6239,174844,"array([ 7.41367502, 10.44169067])"
5971,6239,174858,"array([ 8.01365586, 10.00507902])"
5972,6239,177438,"array([ 7.77141492, 11.39454247])"
5973,6239,174871,"array([ 8.07318285, 10.4636293 ])"
5974,6239,174902,"array([ 7.6090514 , 10.99809376])"
5975,6239,174929,"array([ 8.40852324, 10.03073679])"
5976,6239,174934,"array([ 7.51496817, 10.25754653])"
5977,6239,174963,"array([ 7.70018419, 10.16753137])"
5978,6239,175951,"array([ 7.2063015 , 10.59862884])"
5979,6239,178333,"array([ 7.25624167, 10.76958646])"
5980,6239,178382,"array([ 7.61495477, 10.56735922])"
5981,6239,180418,"array([ 6.89060378, 10.77317356])"
5982,6239,180428,"array([7.36215502, 9.55870702])"
5983,6239,183674,"array([ 6.64797391, 11.00007178])"
5984,6239,185330,"array([5.7937431 , 8.18405162])"
5985,6239,174986,"array([6.36122353, 9.45072834])"
5986,6239,174991,"array([ 7.78292729, 10.46687896])"
5987,6239,174992,"array([ 7.41271633, 10.10475073])"
5988,6239,175004,"array([ 7.73033679, 11.10743488])"
5989,6239,177391,"array([7.86528776, 9.69379542])"
5990,6239,175026,"array([ 7.55936655, 10.65453791])"
5991,6239,175027,"array([ 7.44085281, 11.44629125])"
5992,6239,175032,"array([ 7.48884747, 11.47093744])"
5993,6239,175033,"array([ 7.56915838, 10.9941988 ])"
5994,6239,175043,"array([7.97464973, 9.99698973])"
5995,6239,175047,"array([ 8.01662679, 10.41530631])"
5996,6239,175059,"array([7.462589  , 9.71881988])"
5997,6239,180315,"array([7.15959477, 9.82924976])"
5998,6239,175062,"array([ 4.98356071, 11.19524123])"
5999,6239,176368,"array([7.01959363, 9.6956676 ])"
6000,6239,176589,"array([ 7.06086705, 10.64777414])"
6001,6239,177979,"array([7.61221377, 9.58306564])"
6002,6239,178979,"array([ 7.25107165, 10.54588511])"
6003,6239,179229,"array([ 7.69619725, 10.22515233])"
6004,6239,179287,"array([7.31089939, 9.78130858])"
6005,6239,181136,"array([8.03130982, 9.45099196])"
6006,6239,175069,"array([ 7.46296927, 10.26295654])"
6007,6239,175085,"array([ 7.3097787 , 10.50083188])"
6008,6239,175999,"array([ 5.87992576, 10.32281115])"
6009,6239,178380,"array([ 6.52060402, 10.54108963])"
6010,6239,179628,"array([ 5.98041529, 10.17791885])"
6011,6239,175093,"array([ 8.26934275, 10.38628779])"
6012,6239,175102,"array([ 6.40784403, 10.50521839])"
6013,6239,175104,"array([ 7.34857273, 11.01970065])"
6014,6239,175105,"array([ 7.28030989, 10.09134642])"
6015,6239,175125,"array([8.00787829, 9.9766014 ])"
6016,6239,177793,"array([8.24024886, 9.94435992])"
6017,6239,180557,"array([ 8.27001231, 10.03513712])"
6018,6239,175130,"array([ 8.24387117, 10.04945591])"
6019,6239,178217,"array([6.3955266 , 9.50859387])"
6020,6239,175141,"array([ 7.13629416, 10.38325382])"
6021,6239,175145,"array([ 7.55602709, 10.45658369])"
6022,6239,175148,"array([ 6.71303433, 10.71476148])"
6023,6239,175159,"array([ 7.16444219, 10.85873718])"
6024,6239,175166,"array([ 7.51264159, 10.37222601])"
6025,6239,175170,"array([ 8.23858477, 10.26789545])"
6026,6239,175174,"array([7.72670254, 9.9450601 ])"
6027,6239,181537,"array([ 7.98220415, 11.07835579])"
6028,6239,175190,"array([ 7.1202407 , 10.77074914])"
6029,6239,175191,"array([ 6.90621065, 10.47854406])"
6030,6239,175192,"array([7.20008015, 9.6794501 ])"
6031,6239,175228,"array([ 7.75159023, 10.56339915])"
6032,6239,175243,"array([7.58303116, 9.94938651])"
6033,6239,175247,"array([ 7.30680181, 10.0359547 ])"
6034,6239,181495,"array([6.84864716, 8.63775945])"
6035,6239,175286,"array([7.97564019, 9.96055125])"
6036,6239,176943,"array([7.91799183, 9.31294233])"
6037,6239,177181,"array([7.73856095, 9.16111635])"
6038,6239,178025,"array([ 7.45456001, 10.3899714 ])"
6039,6239,178597,"array([ 7.55522127, 10.40611488])"
6040,6239,179370,"array([ 6.89348389, 10.50348459])"
6041,6239,179652,"array([ 7.11262091, 10.10521727])"
6042,6239,180327,"array([ 7.87288418, 10.38565099])"
6043,6239,180974,"array([7.40153381, 9.86770199])"
6044,6239,181318,"array([ 7.84736773, 10.00595524])"
6045,6239,181406,"array([7.57244184, 9.11346868])"
6046,6239,185532,"array([ 6.9607837 , 10.83504946])"
6047,6239,186377,"array([7.68893875, 9.39223918])"
6048,6239,188429,"array([7.49508817, 9.09284768])"
6049,6239,188968,"array([7.7714152 , 9.18177039])"
6050,6239,259626,"array([ 6.90559814, 10.4543639 ])"
6051,6239,3565691,"array([8.06768554, 9.9312483 ])"
6052,6239,175285,"array([ 7.34243856, 11.0607386 ])"
6053,6239,175300,"array([ 7.55419112, 11.03468501])"
6054,6239,175303,"array([-3.46922197, 12.14512286])"
6055,6239,188509,"array([-3.36340882, 12.11113187])"
6056,6239,175305,"array([ 8.24015245, 10.40126116])"
6057,6239,175307,"array([ 7.65047588, 10.39719444])"
6058,6239,175326,"array([8.06342016, 9.30626503])"
6059,6239,175331,"array([ 6.84981849, 11.11434188])"
6060,6239,175344,"array([ 7.94358273, 10.66428954])"
6061,6239,175356,"array([ 7.19034151, 10.88185629])"
6062,6239,175359,"array([ 6.90029051, 11.02590399])"
6063,6239,175368,"array([8.24842906, 9.97439067])"
6064,6239,175372,"array([ 6.0176    , 10.48636651])"
6065,6239,175382,"array([ 8.17031757, 10.3465486 ])"
6066,6239,175387,"array([7.74359038, 9.63228691])"
6067,6239,178268,"array([7.09632796, 8.69285534])"
6068,6239,175395,"array([7.54940027, 9.48755671])"
6069,6239,175397,"array([ 7.4522427 , 10.03970856])"
6070,6239,175398,"array([ 7.64564521, 10.05974684])"
6071,6239,175400,"array([ 7.67565082, 10.33316194])"
6072,6239,175403,"array([ 7.77167595, 10.11069411])"
6073,6239,175417,"array([8.31373501, 9.9656279 ])"
6074,6239,175419,"array([7.5886637 , 9.68365208])"
6075,6239,177596,"array([8.26231887, 9.1787208 ])"
6076,6239,175431,"array([ 7.18547303, 10.8048523 ])"
6077,6239,175432,"array([ 6.99957761, 10.81853239])"
6078,6239,175438,"array([7.71935395, 9.45743623])"
6079,6239,175460,"array([ 7.17433363, 10.94011817])"
6080,6239,175463,"array([ 5.03853097, 10.53531748])"
6081,6239,188624,"array([8.01156402, 9.1059334 ])"
6082,6239,175481,"array([ 7.01181792, 10.6867877 ])"
6083,6239,180176,"array([7.12224656, 9.24790876])"
6084,6239,175495,"array([ 7.36084139, 10.84236178])"
6085,6239,175497,"array([7.65334955, 9.87061906])"
6086,6239,181539,"array([ 6.42790918, 10.36521391])"
6087,6239,175508,"array([ 7.62620211, 10.68502927])"
6088,6239,175514,"array([ 7.91221274, 10.44059225])"
6089,6239,175531,"array([ 7.31079696, 10.67730025])"
6090,6239,176362,"array([7.52122266, 9.93069619])"
6091,6239,177054,"array([ 8.25263051, 10.459104  ])"
6092,6239,178469,"array([ 6.97166364, 10.52715903])"
6093,6239,175543,"array([ 7.22197969, 11.06938449])"
6094,6239,175544,"array([7.46274429, 9.68884076])"
6095,6239,186796,"array([6.65800425, 9.09434623])"
6096,6239,187399,"array([6.1717672 , 9.14419548])"
6097,6239,175557,"array([ 7.97599489, 10.40808682])"
6098,6239,175561,"array([7.34451155, 9.81081562])"
6099,6239,175576,"array([ 5.84954667, 10.21696663])"
6100,6239,175600,"array([ 6.48750228, 10.47353364])"
6101,6239,175602,"array([5.7556561 , 9.54962363])"
6102,6239,175613,"array([7.60201867, 9.83746624])"
6103,6239,175622,"array([ 8.59175597, 10.21789071])"
6104,6239,185452,"array([ 6.28896471, 10.73271398])"
6105,6239,175642,"array([ 6.86154593, 11.02688124])"
6106,6239,177648,"array([7.81019217, 9.56755379])"
6107,6239,186855,"array([7.47966471, 9.55611985])"
6108,6239,189112,"array([7.61822003, 9.93572795])"
6109,6239,175650,"array([7.17180919, 9.75698164])"
6110,6239,175661,"array([ 7.8433314 , 10.77916084])"
6111,6239,179054,"array([ 6.99590847, 11.87423003])"
6112,6239,179412,"array([ 7.07431482, 11.86216427])"
6113,6239,175678,"array([ 6.41427725, 11.59299652])"
6114,6239,175706,"array([ 6.95329953, 11.09807086])"
6115,6239,175709,"array([ 7.35264116, 10.74019478])"
6116,6239,259333,"array([7.68101269, 9.87982465])"
6117,6239,175718,"array([7.27500334, 9.70168385])"
6118,6239,24104625,"array([6.88425367, 9.49163513])"
6119,6239,175727,"array([ 7.32915296, 10.43108159])"
6120,6239,175736,"array([ 7.69798394, 10.88196868])"
6121,6239,175739,"array([ 5.33521751, 20.57642651])"
6122,6239,176175,"array([ 5.25224681, 20.50277204])"
6123,6239,175742,"array([ 6.28641761, 10.69112862])"
6124,6239,175751,"array([7.49839178, 9.60608159])"
6125,6239,175752,"array([ 7.15709692, 11.11397365])"
6126,6239,175755,"array([7.90552178, 9.16352324])"
6127,6239,175766,"array([7.84549183, 9.5622031 ])"
6128,6239,175771,"array([7.54814099, 9.94049445])"
6129,6239,175862,"array([ 7.50734421, 10.23591806])"
6130,6239,175968,"array([7.46420989, 9.86533207])"
6131,6239,177722,"array([ 8.27603148, 10.87142617])"
6132,6239,178700,"array([ 8.03163018, 10.62887323])"
6133,6239,179496,"array([ 7.8470101 , 10.25228349])"
6134,6239,179947,"array([ 7.64312045, 10.20386436])"
6135,6239,180461,"array([ 7.36934081, 11.05900545])"
6136,6239,185704,"array([7.72966052, 9.98150586])"
6137,6239,259341,"array([7.75348217, 9.95850324])"
6138,6239,3565010,"array([7.53974889, 9.991398  ])"
6139,6239,175793,"array([6.92111247, 9.3008492 ])"
6140,6239,175806,"array([ 7.97323095, 10.66688862])"
6141,6239,175821,"array([7.53735579, 9.59332725])"
6142,6239,175834,"array([ 7.09942894, 10.69865059])"
6143,6239,3565846,"array([7.17072364, 9.5012874 ])"
6144,6239,175847,"array([ 7.75132031, 10.27033337])"
6145,6239,175863,"array([ 8.06279653, 10.18922675])"
6146,6239,190051,"array([ 7.45511453, 10.0194122 ])"
6147,6239,175875,"array([ 7.51632808, 10.79766856])"
6148,6239,175881,"array([ 8.05436994, 10.8961427 ])"
6149,6239,183384,"array([ 7.92891278, 10.83474659])"
6150,6239,175903,"array([ 7.81433453, 10.21590952])"
6151,6239,176926,"array([6.89250577, 9.29905233])"
6152,6239,175914,"array([7.58170896, 9.71681197])"
6153,6239,175916,"array([7.52096397, 9.99477764])"
6154,6239,175919,"array([ 6.26709312, 10.15979963])"
6155,6239,175934,"array([6.32908354, 8.89770679])"
6156,6239,175936,"array([ 7.4132146, 10.2929417])"
6157,6239,179552,"array([7.10585556, 9.5296999 ])"
6158,6239,177417,"array([ 7.95693772, 10.20801523])"
6159,6239,180959,"array([ 9.52586032, 10.48128906])"
6160,6239,176642,"array([7.22156007, 8.86255759])"
6161,6239,179804,"array([7.20700427, 8.82760147])"
6162,6239,179991,"array([ 7.57587821, 10.14578033])"
6163,6239,180218,"array([7.2526997, 8.8799898])"
6164,6239,180613,"array([ 7.17358451, 10.41283397])"
6165,6239,190814,"array([7.35335633, 9.74447556])"
6166,6239,178321,"array([6.67336983, 9.36436317])"
6167,6239,180180,"array([ 6.80345268, 10.39642278])"
6168,6239,180371,"array([ 7.45585353, 10.22572184])"
6169,6239,180655,"array([ 6.40831478, 10.7871678 ])"
6170,6239,180791,"array([7.62951915, 9.97610714])"
6171,6239,181455,"array([ 7.24450474, 10.47274556])"
6172,6239,190485,"array([ 7.65045772, 10.26574927])"
6173,6239,175974,"array([ 7.87439842, 10.30741759])"
6174,6239,176251,"array([ 7.90844451, 11.18781845])"
6175,6239,190579,"array([7.41549873, 9.58946849])"
6176,6239,176005,"array([ 7.61378674, 10.51148828])"
6177,6239,176019,"array([7.60350865, 9.73008695])"
6178,6239,176027,"array([ 8.01559387, 10.18757036])"
6179,6239,3565057,"array([7.07585594, 8.88479604])"
6180,6239,177522,"array([ 7.35007627, 11.52250732])"
6181,6239,178049,"array([ 7.26333822, 11.00834802])"
6182,6239,178055,"array([6.66039798, 9.74504908])"
6183,6239,178066,"array([ 7.40305705, 11.46044778])"
6184,6239,179233,"array([ 7.60119781, 11.42411413])"
6185,6239,179260,"array([ 7.39218045, 11.54707105])"
6186,6239,179262,"array([ 7.45348278, 11.49024197])"
6187,6239,179264,"array([ 7.5614992 , 11.40937482])"
6188,6239,179266,"array([ 7.34751058, 11.57140167])"
6189,6239,179267,"array([ 7.56860272, 11.46373474])"
6190,6239,179341,"array([ 7.52201947, 11.5020589 ])"
6191,6239,180651,"array([ 7.29605531, 10.54115303])"
6192,6239,181247,"array([ 7.47587969, 11.42730012])"
6193,6239,182532,"array([ 7.48176159, 11.53473821])"
6194,6239,185332,"array([ 7.43385815, 11.52847957])"
6195,6239,186251,"array([ 7.30132095, 11.54221047])"
6196,6239,186326,"array([ 7.52792043, 11.45065027])"
6197,6239,186670,"array([ 7.22200811, 10.81029384])"
6198,6239,188792,"array([ 7.16274974, 10.43007865])"
6199,6239,191670,"array([ 7.35676995, 11.47709491])"
6200,6239,191671,"array([ 7.47851157, 10.74732848])"
6201,6239,191675,"array([ 7.5147982, 11.4055637])"
6202,6239,191677,"array([ 7.19111797, 11.54869721])"
6203,6239,191679,"array([ 7.39654891, 11.49983432])"
6204,6239,191681,"array([ 7.19000185, 10.8290565 ])"
6205,6239,266847,"array([ 7.18654728, 10.2164944 ])"
6206,6239,3565291,"array([7.62111282, 9.08140296])"
6207,6239,176077,"array([ 7.60159518, 10.39154061])"
6208,6239,176086,"array([ 7.69888461, 10.80362525])"
6209,6239,180345,"array([ 7.41580263, 10.49480196])"
6210,6239,176194,"array([ 8.223805  , 10.42693208])"
6211,6239,177471,"array([ 7.84397637, 10.45632341])"
6212,6239,176102,"array([ 7.59082693, 10.36940821])"
6213,6239,183627,"array([ 6.70156925, 10.53656216])"
6214,6239,176111,"array([ 7.37300599, 11.09498412])"
6215,6239,176112,"array([7.42843678, 9.47816134])"
6216,6239,176114,"array([ 7.30097007, 10.17480435])"
6217,6239,176118,"array([ 7.56359155, 10.24689312])"
6218,6239,176122,"array([ 7.33025469, 10.53732037])"
6219,6239,176125,"array([ 6.75386761, 10.53473748])"
6220,6239,187485,"array([ 5.96193815, 10.76515933])"
6221,6239,187988,"array([ 5.80101851, 10.70514519])"
6222,6239,190559,"array([5.67239871, 9.95684436])"
6223,6239,180048,"array([7.26976517, 8.98152143])"
6224,6239,177426,"array([ 8.05986122, 10.65502643])"
6225,6239,186149,"array([ 7.75460355, 10.88958235])"
6226,6239,3564922,"array([ 7.85049883, 10.83331226])"
6227,6239,176155,"array([5.78452801, 8.34584075])"
6228,6239,176163,"array([7.55987464, 9.56037679])"
6229,6239,176178,"array([7.59263061, 9.64579679])"
6230,6239,176556,"array([ 7.78213598, 10.66561032])"
6231,6239,177106,"array([ 7.41035416, 10.32312881])"
6232,6239,178071,"array([7.59619583, 9.70019938])"
6233,6239,178092,"array([ 7.35827937, 10.50786898])"
6234,6239,186056,"array([ 7.01792419, 11.34133637])"
6235,6239,3565570,"array([ 7.43627541, 10.72077393])"
6236,6239,181989,"array([7.75940015, 9.70949648])"
6237,6239,179801,"array([ 4.86939453, 10.93257339])"
6238,6239,3564873,"array([ 4.81216981, 10.88694172])"
6239,6239,176215,"array([ 7.2455479 , 10.79624293])"
6240,6239,176232,"array([ 8.0022624 , 10.11372436])"
6241,6239,176240,"array([ 7.8263845 , 10.37506196])"
6242,6239,176257,"array([ 7.57034838, 10.30104533])"
6243,6239,176261,"array([ 7.37182403, 10.43448959])"
6244,6239,176267,"array([ 7.24754803, 11.09197372])"
6245,6239,176269,"array([8.36555795, 9.84502012])"
6246,6239,182115,"array([7.33031896, 8.87821495])"
6247,6239,176283,"array([ 7.68502951, 10.20736269])"
6248,6239,176285,"array([ 7.39227594, 10.19273626])"
6249,6239,176292,"array([ 7.61993512, 10.7089125 ])"
6250,6239,185831,"array([5.50963231, 8.78375758])"
6251,6239,176297,"array([-0.877147  ,  3.10552592])"
6252,6239,176305,"array([7.0724235, 8.9449428])"
6253,6239,176317,"array([ 7.07382725, 11.04980263])"
6254,6239,180571,"array([ 5.23027691, 10.45598554])"
6255,6239,176343,"array([6.98355906, 9.70842577])"
6256,6239,176353,"array([ 7.64019337, 10.5946376 ])"
6257,6239,179410,"array([ 5.15746641, 11.31086847])"
6258,6239,176398,"array([ 7.56324435, 10.34849898])"
6259,6239,176404,"array([ 7.69904453, 11.19572856])"
6260,6239,176416,"array([ 7.29240372, 10.62954019])"
6261,6239,176419,"array([7.00591526, 9.60211285])"
6262,6239,176432,"array([13.12377783, 17.90394835])"
6263,6239,183765,"array([13.04892281, 17.98830142])"
6264,6239,180356,"array([ 6.23246445, 10.67506648])"
6265,6239,186447,"array([7.05705085, 8.09611928])"
6266,6239,176437,"array([ 7.36003221, 10.08179739])"
6267,6239,180271,"array([7.87298456, 9.04861076])"
6268,6239,176448,"array([ 7.30691997, 10.70003662])"
6269,6239,178681,"array([5.42976063, 9.35226624])"
6270,6239,176462,"array([ 7.71842046, 10.28338053])"
6271,6239,178495,"array([ 7.47498473, 11.33689455])"
6272,6239,191762,"array([ 7.94610827, 10.57721419])"
6273,6239,176477,"array([ 7.69187585, 10.55008356])"
6274,6239,176531,"array([ 7.56882785, 10.18763778])"
6275,6239,176622,"array([ 7.50290639, 10.06388102])"
6276,6239,176828,"array([ 7.69383268, 10.18483566])"
6277,6239,176842,"array([ 7.39736551, 10.62845817])"
6278,6239,176870,"array([ 7.59203468, 10.19171641])"
6279,6239,176975,"array([ 7.22704342, 10.30910598])"
6280,6239,177097,"array([ 7.2585158 , 10.39784299])"
6281,6239,177358,"array([7.82573207, 9.85275986])"
6282,6239,177432,"array([ 7.84627259, 11.03156112])"
6283,6239,177474,"array([ 6.81364901, 10.34067923])"
6284,6239,177534,"array([ 8.00481364, 11.10766379])"
6285,6239,177595,"array([ 7.5085362 , 10.18996311])"
6286,6239,177775,"array([ 7.26834704, 10.52915306])"
6287,6239,177783,"array([ 7.88682151, 10.90530523])"
6288,6239,177841,"array([ 7.0704969 , 10.11702451])"
6289,6239,177891,"array([ 7.5417448 , 10.34957024])"
6290,6239,177897,"array([ 7.44066046, 10.43927389])"
6291,6239,178044,"array([ 7.82027076, 10.24724509])"
6292,6239,178414,"array([ 7.15429911, 10.61186498])"
6293,6239,178538,"array([ 7.19660528, 10.25951278])"
6294,6239,178633,"array([ 8.10428021, 10.98094524])"
6295,6239,178713,"array([ 7.65201748, 10.32024709])"
6296,6239,178828,"array([ 7.22040479, 10.55325557])"
6297,6239,178830,"array([ 7.33698536, 10.56618358])"
6298,6239,178881,"array([ 7.10830179, 10.59024786])"
6299,6239,179077,"array([ 7.07015375, 10.53610789])"
6300,6239,179153,"array([ 7.1561449, 10.3712943])"
6301,6239,179168,"array([ 7.40362315, 10.57398458])"
6302,6239,179567,"array([ 7.41203679, 10.00931076])"
6303,6239,179674,"array([ 7.64177786, 10.57023678])"
6304,6239,179774,"array([6.87315297, 9.82267213])"
6305,6239,180287,"array([7.02256567, 9.20488092])"
6306,6239,180979,"array([ 7.7624996 , 10.78039679])"
6307,6239,181017,"array([ 7.10845849, 10.66529152])"
6308,6239,181052,"array([ 7.38349247, 10.82357995])"
6309,6239,181119,"array([ 7.66074538, 10.41949035])"
6310,6239,181187,"array([ 7.9454105 , 10.41624162])"
6311,6239,181216,"array([ 7.37595622, 10.75274697])"
6312,6239,181317,"array([ 7.54971517, 10.28238928])"
6313,6239,181358,"array([ 7.06478698, 10.77367967])"
6314,6239,181464,"array([7.73127628, 9.87741599])"
6315,6239,181514,"array([ 7.87518727, 10.62841105])"
6316,6239,181558,"array([ 7.90430351, 10.4951573 ])"
6317,6239,181570,"array([ 7.57659564, 10.01072381])"
6318,6239,181682,"array([7.45240232, 9.7389796 ])"
6319,6239,181708,"array([ 7.24794584, 10.8522668 ])"
6320,6239,181786,"array([ 7.49417838, 10.29569172])"
6321,6239,182331,"array([ 8.00682556, 10.7401315 ])"
6322,6239,183834,"array([ 7.74421541, 10.62862683])"
6323,6239,186169,"array([7.24459043, 9.28578111])"
6324,6239,186178,"array([ 8.11072002, 10.76927331])"
6325,6239,186318,"array([ 7.82431797, 10.89624407])"
6326,6239,187093,"array([ 7.72904324, 11.00634442])"
6327,6239,187463,"array([ 6.29034582, 10.48671365])"
6328,6239,187630,"array([ 7.83029652, 10.13097986])"
6329,6239,187743,"array([ 7.82084989, 10.70586505])"
6330,6239,188262,"array([ 7.90579659, 10.57243444])"
6331,6239,188466,"array([ 7.21576406, 10.8977751 ])"
6332,6239,189240,"array([7.32858685, 9.54831902])"
6333,6239,189267,"array([ 7.48178706, 10.31665325])"
6334,6239,190379,"array([ 7.67068408, 10.8069338 ])"
6335,6239,190636,"array([ 7.80535445, 10.95856916])"
6336,6239,190941,"array([7.40367485, 9.75659219])"
6337,6239,191287,"array([ 8.09733211, 10.69248298])"
6338,6239,191304,"array([ 8.09650726, 10.65895559])"
6339,6239,24104817,"array([ 8.06404535, 10.69603848])"
6340,6239,24104971,"array([ 8.01414517, 10.69799527])"
6341,6239,266824,"array([ 7.36471082, 10.15686387])"
6342,6239,3564970,"array([ 7.37559066, 10.30306027])"
6343,6239,3565030,"array([ 7.88148619, 10.93919956])"
6344,6239,3565081,"array([ 7.53297883, 10.11767022])"
6345,6239,3565829,"array([ 7.57558694, 10.83232214])"
6346,6239,3565865,"array([ 8.30336663, 10.16871336])"
6347,6239,7040157,"array([ 7.36030732, 10.69407667])"
6348,6239,176472,"array([6.78697232, 8.99475783])"
6349,6239,176485,"array([ 7.96729513, 10.04551892])"
6350,6239,176487,"array([ 8.16797739, 10.12402753])"
6351,6239,176493,"array([6.56058466, 8.85148974])"
6352,6239,177838,"array([ 8.18440919, 10.4269938 ])"
6353,6239,176520,"array([ 8.32843631, 10.38309918])"
6354,6239,176540,"array([ 5.68036831, 11.21702425])"
6355,6239,176562,"array([6.09344954, 9.58764539])"
6356,6239,178170,"array([ 7.24213146, 10.05925833])"
6357,6239,176583,"array([ 5.83574929, 10.34990331])"
6358,6239,176584,"array([7.50404432, 9.84141798])"
6359,6239,176587,"array([6.56294875, 9.22944569])"
6360,6239,176604,"array([ 6.91325609, 10.56667746])"
6361,6239,24104987,"array([ 6.5287947 , 10.90264149])"
6362,6239,176611,"array([ 7.95706927, 10.29952068])"
6363,6239,176615,"array([7.54467425, 9.0738426 ])"
6364,6239,177316,"array([ 6.33295052, 10.67115742])"
6365,6239,181410,"array([7.30517144, 9.57175127])"
6366,6239,3565174,"array([ 5.89200623, 10.20061299])"
6367,6239,183241,"array([ 7.22264572, 10.21451115])"
6368,6239,185707,"array([ 6.849717  , 10.66031167])"
6369,6239,176673,"array([ 8.34716602, 10.24973526])"
6370,6239,176675,"array([ 7.01520152, 11.12696671])"
6371,6239,176684,"array([ 7.83994369, 11.09061984])"
6372,6239,176686,"array([7.75223182, 9.06769488])"
6373,6239,185204,"array([7.35899923, 8.94064039])"
6374,6239,176713,"array([7.76228782, 9.3887843 ])"
6375,6239,176727,"array([ 7.95851422, 10.98194806])"
6376,6239,176748,"array([ 7.00862448, 10.41832524])"
6377,6239,176754,"array([ 7.03214532, 10.05743641])"
6378,6239,176772,"array([7.56450958, 9.89285127])"
6379,6239,176799,"array([ 5.54194667, 10.46680209])"
6380,6239,176801,"array([7.80763386, 9.70122923])"
6381,6239,176803,"array([6.26072162, 8.28514797])"
6382,6239,4927064,"array([ 6.398232  , 10.94280104])"
6383,6239,3565320,"array([5.69566314, 9.28398691])"
6384,6239,176811,"array([ 7.67714186, 10.00383516])"
6385,6239,176826,"array([ 7.22805414, 11.11781928])"
6386,6239,176827,"array([ 7.10664364, 10.94650399])"
6387,6239,176836,"array([ 8.21277512, 10.29756819])"
6388,6239,176839,"array([7.91763087, 9.56437439])"
6389,6239,176852,"array([ 7.63878934, 10.01477478])"
6390,6239,178374,"array([ 6.88528861, 10.71871924])"
6391,6239,176888,"array([ 7.38101287, 11.30082453])"
6392,6239,176903,"array([ 8.22556621, 10.61268067])"
6393,6239,176908,"array([7.70830789, 9.684195  ])"
6394,6239,176929,"array([ 7.50792149, 10.9457051 ])"
6395,6239,176931,"array([ 7.07289233, 10.58854155])"
6396,6239,176947,"array([8.15504462, 9.62063124])"
6397,6239,176953,"array([ 7.95598903, 10.50512272])"
6398,6239,176958,"array([7.2258813 , 9.37628977])"
6399,6239,176978,"array([ 7.03400914, 10.19201312])"
6400,6239,176979,"array([ 7.70228357, 10.32639412])"
6401,6239,182278,"array([ 6.27117914, 11.28305113])"
6402,6239,177028,"array([7.26160647, 9.87779993])"
6403,6239,177032,"array([7.30990386, 8.99232604])"
6404,6239,177043,"array([8.31852265, 9.74145074])"
6405,6239,177051,"array([ 7.97484198, 10.47350369])"
6406,6239,177056,"array([ 7.46771185, 10.04029511])"
6407,6239,177059,"array([ 7.28347233, 10.60883688])"
6408,6239,177061,"array([ 7.45424252, 10.90541958])"
6409,6239,177065,"array([7.80610627, 9.59619471])"
6410,6239,177072,"array([ 7.84783347, 10.06188528])"
6411,6239,178383,"array([7.02574223, 9.65238298])"
6412,6239,177086,"array([ 7.78471975, 10.56987415])"
6413,6239,177089,"array([ 7.61975322, 10.6559216 ])"
6414,6239,177117,"array([ 6.15485998, 11.17879761])"
6415,6239,177506,"array([ 5.80784589, 11.71138186])"
6416,6239,177128,"array([ 6.75295604, 10.30610294])"
6417,6239,177152,"array([ 8.22071549, 10.1120262 ])"
6418,6239,177169,"array([15.12280885, 16.35279962])"
6419,6239,186321,"array([15.02378097, 16.30214859])"
6420,6239,177200,"array([ 8.33974819, 10.01208762])"
6421,6239,177204,"array([7.99692465, 9.2541405 ])"
6422,6239,177224,"array([ 6.93378199, 10.48696979])"
6423,6239,177227,"array([ 8.19340309, 10.39321598])"
6424,6239,177238,"array([8.27999303, 9.54045972])"
6425,6239,181557,"array([5.52796166, 9.33467473])"
6426,6239,182217,"array([ 6.24650835, 11.85959807])"
6427,6239,177292,"array([ 7.71425654, 10.44233462])"
6428,6239,177293,"array([ 7.9269522 , 10.60474778])"
6429,6239,178679,"array([ 7.38235281, 10.16816492])"
6430,6239,177325,"array([7.3300143 , 9.76214294])"
6431,6239,191628,"array([6.93184436, 8.60711283])"
6432,6239,177586,"array([ 6.28802432, 11.11083429])"
6433,6239,180626,"array([7.16676112, 7.92442191])"
6434,6239,3565037,"array([7.06298977, 8.01562811])"
6435,6239,177367,"array([ 7.74019851, 10.29632859])"
6436,6239,177369,"array([ 7.59311082, 10.45257784])"
6437,6239,177390,"array([ 7.64582602, 10.66538336])"
6438,6239,177599,"array([ 7.11201059, 11.0529239 ])"
6439,6239,177738,"array([ 7.45764803, 10.48137789])"
6440,6239,177786,"array([ 7.49399603, 10.00357016])"
6441,6239,177879,"array([7.61697504, 9.69116628])"
6442,6239,177998,"array([ 7.82170053, 10.80740389])"
6443,6239,178096,"array([7.398198  , 9.73728797])"
6444,6239,178141,"array([ 7.82859108, 10.07567432])"
6445,6239,178178,"array([ 7.33110798, 11.09209978])"
6446,6239,178544,"array([7.32184233, 9.87426402])"
6447,6239,178658,"array([7.91230946, 9.79518637])"
6448,6239,178686,"array([ 6.95524796, 10.45035645])"
6449,6239,178733,"array([ 7.23452315, 10.73664769])"
6450,6239,178834,"array([ 7.67319823, 10.27926248])"
6451,6239,178839,"array([ 6.87194411, 11.08727957])"
6452,6239,178847,"array([7.28872247, 9.44184218])"
6453,6239,179064,"array([ 6.48653614, 10.80453019])"
6454,6239,179193,"array([7.08900546, 9.68648737])"
6455,6239,179400,"array([ 7.95388684, 10.37909781])"
6456,6239,179415,"array([ 6.83571425, 11.00129955])"
6457,6239,179500,"array([ 7.58498843, 10.60295329])"
6458,6239,179521,"array([ 7.0085865 , 10.43764974])"
6459,6239,179686,"array([ 7.04236218, 10.44268015])"
6460,6239,179690,"array([ 7.54363695, 10.1661551 ])"
6461,6239,180240,"array([ 6.88931995, 10.87876888])"
6462,6239,180258,"array([ 7.64530999, 10.93594691])"
6463,6239,180307,"array([ 7.61561739, 10.28491587])"
6464,6239,180344,"array([ 7.53894738, 10.47561539])"
6465,6239,180569,"array([ 7.87939052, 10.72419976])"
6466,6239,180578,"array([ 7.40519667, 11.017218  ])"
6467,6239,181283,"array([ 6.76260049, 10.45603872])"
6468,6239,181295,"array([ 7.65642675, 10.54952081])"
6469,6239,181545,"array([ 7.24992586, 10.20728636])"
6470,6239,181649,"array([6.60102364, 9.53196847])"
6471,6239,182456,"array([7.40387766, 9.44930289])"
6472,6239,182509,"array([ 6.98022891, 11.05641089])"
6473,6239,184545,"array([ 7.91470892, 10.65476203])"
6474,6239,185323,"array([ 7.24872501, 10.26087024])"
6475,6239,185962,"array([ 6.91276868, 11.08959477])"
6476,6239,187060,"array([ 6.97853432, 11.12488596])"
6477,6239,187433,"array([ 7.22713971, 10.76614617])"
6478,6239,187904,"array([ 7.69526456, 11.07986592])"
6479,6239,188992,"array([ 8.05922853, 10.30186049])"
6480,6239,189667,"array([7.42617121, 9.62928003])"
6481,6239,190269,"array([ 6.4672992 , 10.23436134])"
6482,6239,190501,"array([ 7.42315229, 10.68459063])"
6483,6239,190786,"array([ 7.74844596, 10.46769922])"
6484,6239,24104659,"array([ 7.80285477, 10.27553417])"
6485,6239,259374,"array([ 6.59202555, 10.57271774])"
6486,6239,259570,"array([ 7.06614116, 11.10212918])"
6487,6239,259582,"array([7.39153824, 9.26438329])"
6488,6239,260106,"array([ 6.89282555, 11.11743588])"
6489,6239,266823,"array([7.16900434, 9.77927615])"
6490,6239,3564830,"array([ 7.90264167, 10.70262388])"
6491,6239,3564910,"array([ 7.39052558, 10.27892145])"
6492,6239,3564941,"array([ 7.83895767, 10.17887229])"
6493,6239,3565141,"array([7.66454189, 9.48926213])"
6494,6239,3565441,"array([ 7.80859243, 10.10623856])"
6495,6239,3565442,"array([7.14505443, 9.89664996])"
6496,6239,3565732,"array([7.68349676, 9.68928279])"
6497,6239,3565801,"array([ 7.51905781, 10.33558054])"
6498,6239,6418727,"array([7.60095054, 9.33821725])"
6499,6239,6418789,"array([ 6.98586582, 11.09485011])"
6500,6239,177377,"array([ 8.26849763, 10.54256465])"
6501,6239,177378,"array([ 7.93018363, 10.76715945])"
6502,6239,177386,"array([ 7.68265423, 10.4689296 ])"
6503,6239,177393,"array([7.64887756, 9.74900275])"
6504,6239,177400,"array([7.26570391, 8.66828598])"
6505,6239,182694,"array([7.4444898 , 8.01343356])"
6506,6239,184757,"array([7.50750162, 8.03510584])"
6507,6239,177407,"array([7.62801187, 9.81768914])"
6508,6239,177416,"array([5.94778149, 9.31317314])"
6509,6239,177464,"array([ 6.69667407, 10.13513114])"
6510,6239,177469,"array([7.65958614, 9.4145691 ])"
6511,6239,177571,"array([ 7.81526556, 10.03176607])"
6512,6239,177576,"array([ 7.72890719, 10.24384762])"
6513,6239,177651,"array([8.34404288, 9.81863731])"
6514,6239,177928,"array([ 7.49235648, 10.65307215])"
6515,6239,177999,"array([7.76662977, 9.51638234])"
6516,6239,178255,"array([7.66563032, 9.26088436])"
6517,6239,178285,"array([7.9815979 , 9.31701843])"
6518,6239,178334,"array([ 7.92244601, 10.14506209])"
6519,6239,178351,"array([8.21193517, 9.51777942])"
6520,6239,178391,"array([ 8.41170794, 10.36382294])"
6521,6239,178446,"array([8.27490109, 9.74479201])"
6522,6239,178872,"array([ 7.43961128, 10.45793127])"
6523,6239,178945,"array([8.07263509, 9.60221348])"
6524,6239,179095,"array([ 7.4578294 , 10.42526611])"
6525,6239,179482,"array([ 7.93310329, 10.28240392])"
6526,6239,179904,"array([ 8.36625178, 10.27983547])"
6527,6239,180022,"array([7.51366851, 9.66402589])"
6528,6239,180290,"array([7.36270251, 9.87530021])"
6529,6239,180573,"array([8.07541144, 9.97713981])"
6530,6239,180583,"array([7.43878546, 9.79576094])"
6531,6239,180723,"array([8.29076801, 9.58504075])"
6532,6239,180993,"array([8.1479686 , 9.46056809])"
6533,6239,180994,"array([ 7.41045105, 10.7295927 ])"
6534,6239,181046,"array([ 8.07491132, 10.05364714])"
6535,6239,181064,"array([ 7.50636074, 10.03826867])"
6536,6239,181238,"array([ 7.80026485, 10.0578495 ])"
6537,6239,181281,"array([7.77366013, 9.58268624])"
6538,6239,181463,"array([8.40942982, 9.98759624])"
6539,6239,181633,"array([ 8.00848008, 10.37476915])"
6540,6239,181673,"array([8.19701299, 9.58022624])"
6541,6239,182043,"array([8.29596875, 9.77313205])"
6542,6239,182127,"array([8.22809041, 9.55182937])"
6543,6239,182893,"array([ 8.04554227, 10.22238324])"
6544,6239,183615,"array([7.75902674, 9.2240493 ])"
6545,6239,184743,"array([ 7.58374663, 10.53486853])"
6546,6239,184767,"array([7.69971218, 9.92829508])"
6547,6239,185668,"array([ 8.23973675, 10.48580651])"
6548,6239,186344,"array([8.01963738, 9.72872538])"
6549,6239,187809,"array([ 7.944558  , 10.00518759])"
6550,6239,189675,"array([ 7.70949075, 10.38237656])"
6551,6239,190461,"array([8.370611  , 9.92203651])"
6552,6239,190551,"array([ 7.5782713 , 10.43056663])"
6553,6239,190888,"array([8.05479012, 9.95529386])"
6554,6239,191344,"array([ 6.86006167, 10.75408623])"
6555,6239,191345,"array([8.27889341, 9.61944435])"
6556,6239,191634,"array([ 7.08106366, 10.41453441])"
6557,6239,191700,"array([ 7.69028611, 10.48914596])"
6558,6239,259559,"array([ 7.44376351, 10.27861172])"
6559,6239,259608,"array([7.63487098, 9.49393625])"
6560,6239,259617,"array([7.66127853, 9.72203488])"
6561,6239,353420,"array([7.71924561, 9.32071533])"
6562,6239,3565257,"array([ 7.85514734, 10.27866565])"
6563,6239,3565578,"array([7.49768971, 9.75910715])"
6564,6239,4363098,"array([ 8.28197745, 10.18838688])"
6565,6239,177494,"array([7.24834124, 8.29492629])"
6566,6239,180458,"array([7.1000515 , 8.97307442])"
6567,6239,177509,"array([ 8.23930834, 10.31823186])"
6568,6239,177513,"array([ 6.14545142, 10.85761202])"
6569,6239,177532,"array([5.97179658, 9.39720435])"
6570,6239,177536,"array([ 7.84997345, 11.12368825])"
6571,6239,177541,"array([ 7.47272446, 11.19430048])"
6572,6239,179052,"array([6.9409897 , 9.06133875])"
6573,6239,177547,"array([8.33523532, 9.30910938])"
6574,6239,177561,"array([7.35890127, 9.60515822])"
6575,6239,179235,"array([4.93482684, 8.67009965])"
6576,6239,3565200,"array([5.02256363, 8.56007074])"
6577,6239,177574,"array([13.50847327, 18.31556379])"
6578,6239,183513,"array([13.62391411, 18.32382643])"
6579,6239,177582,"array([ 7.73837514, 11.14561961])"
6580,6239,181635,"array([ 6.02721602, 11.70013931])"
6581,6239,177594,"array([5.86953543, 8.84396142])"
6582,6239,177597,"array([8.41403861, 9.86047292])"
6583,6239,177613,"array([ 7.84035627, 10.60113267])"
6584,6239,181210,"array([8.19667438, 9.84296388])"
6585,6239,181605,"array([ 7.42129475, 10.56576462])"
6586,6239,177630,"array([6.37278359, 8.8623281 ])"
6587,6239,177642,"array([ 8.07857705, 10.3273397 ])"
6588,6239,177654,"array([ 6.22217386, 10.20293241])"
6589,6239,177668,"array([ 7.71408363, 11.25659008])"
6590,6239,177673,"array([7.78241773, 9.90877307])"
6591,6239,177680,"array([8.2797279 , 9.81397015])"
6592,6239,3565447,"array([6.08134207, 8.62078131])"
6593,6239,177716,"array([ 6.33516247, 11.47306057])"
6594,6239,188421,"array([ 6.49974646, 11.13220847])"
6595,6239,177737,"array([6.96277912, 8.71143452])"
6596,6239,177747,"array([ 8.13386331, 10.50055688])"
6597,6239,177751,"array([ 7.98562589, 10.51446057])"
6598,6239,177760,"array([ 7.05024665, 10.72945517])"
6599,6239,177777,"array([ 8.2790089 , 10.61268087])"
6600,6239,177787,"array([ 7.81821965, 10.15564611])"
6601,6239,177792,"array([ 6.54347537, 10.62974642])"
6602,6239,177795,"array([7.94561096, 9.73085268])"
6603,6239,177814,"array([ 8.27415165, 10.25360173])"
6604,6239,177827,"array([ 5.87335791, 10.3574604 ])"
6605,6239,177830,"array([ 5.80702221, 10.04044098])"
6606,6239,185876,"array([7.38923292, 9.46891621])"
6607,6239,177861,"array([ 7.25898474, 10.92305485])"
6608,6239,177878,"array([ 7.7005642, 10.6779972])"
6609,6239,177887,"array([8.16302243, 9.40500295])"
6610,6239,259720,"array([5.39237232, 8.78085516])"
6611,6239,177892,"array([6.37358434, 8.89931661])"
6612,6239,177902,"array([8.26918352, 9.91391484])"
6613,6239,183210,"array([ 7.76704784, 11.25874103])"
6614,6239,177930,"array([ 7.05217134, 11.24006337])"
6615,6239,177933,"array([6.91614301, 8.70422262])"
6616,6239,186801,"array([ 5.56172473, 10.34891307])"
6617,6239,177971,"array([ 7.65889685, 10.34745464])"
6618,6239,177973,"array([8.27459536, 9.85305443])"
6619,6239,177980,"array([ 7.81009035, 11.1900049 ])"
6620,6239,178000,"array([7.27103865, 8.60080905])"
6621,6239,184211,"array([7.56709379, 9.0481139 ])"
6622,6239,178027,"array([ 8.45760796, 10.43119695])"
6623,6239,178031,"array([ 6.90625491, 10.93307649])"
6624,6239,178037,"array([ 7.78711937, 10.74401417])"
6625,6239,178046,"array([ 7.61457766, 10.23653266])"
6626,6239,179833,"array([7.75229247, 9.60820167])"
6627,6239,190601,"array([7.86029085, 9.65454121])"
6628,6239,190808,"array([ 7.25678512, 10.60816418])"
6629,6239,178073,"array([5.89909456, 9.90537901])"
6630,6239,178086,"array([ 7.16912075, 10.45727949])"
6631,6239,178103,"array([7.49432256, 9.42650266])"
6632,6239,181274,"array([ 5.69620248, 10.48210227])"
6633,6239,178130,"array([ 7.40885489, 10.17589962])"
6634,6239,178140,"array([ 7.16398565, 10.9975908 ])"
6635,6239,178145,"array([ 8.26256861, 10.00608543])"
6636,6239,178148,"array([ 8.09647265, 10.35382763])"
6637,6239,178153,"array([7.30051903, 9.26474594])"
6638,6239,178158,"array([ 7.95972069, 10.80590746])"
6639,6239,178176,"array([ 7.61583997, 10.78925263])"
6640,6239,178185,"array([ 7.38638689, 10.9827749 ])"
6641,6239,178187,"array([ 8.14810925, 10.59827207])"
6642,6239,24104769,"array([6.85494449, 9.75305207])"
6643,6239,178193,"array([8.13009558, 9.42916173])"
6644,6239,178524,"array([7.7166384 , 9.66084447])"
6645,6239,179474,"array([8.34715567, 9.71485109])"
6646,6239,180940,"array([ 7.77947403, 10.00131434])"
6647,6239,181138,"array([8.00156329, 9.88783181])"
6648,6239,181587,"array([ 7.90730351, 10.34424937])"
6649,6239,181596,"array([8.43100146, 9.95640348])"
6650,6239,183779,"array([ 8.31800448, 10.44769483])"
6651,6239,188008,"array([8.1861597 , 9.54117128])"
6652,6239,24104280,"array([8.3144393 , 9.70083623])"
6653,6239,178214,"array([ 8.01365932, 10.34852208])"
6654,6239,178219,"array([ 7.65073868, 11.03170234])"
6655,6239,178231,"array([ 6.60519739, 11.00477805])"
6656,6239,178248,"array([7.96667536, 9.44684716])"
6657,6239,178258,"array([ 5.92940288, 10.36697879])"
6658,6239,179105,"array([ 5.87322344, 10.24246618])"
6659,6239,179313,"array([ 5.95979502, 10.51536296])"
6660,6239,180391,"array([ 5.88729915, 10.68269442])"
6661,6239,180802,"array([6.00521248, 9.41006817])"
6662,6239,181532,"array([5.89123423, 9.60612729])"
6663,6239,185331,"array([5.81412544, 9.9790674 ])"
6664,6239,186807,"array([6.24731129, 9.22518475])"
6665,6239,190915,"array([ 5.87403923, 10.15875978])"
6666,6239,179247,"array([ 7.73160138, 10.38511348])"
6667,6239,180861,"array([8.10269651, 9.53515281])"
6668,6239,180997,"array([7.70408277, 9.76500734])"
6669,6239,181413,"array([7.94587368, 9.1626536 ])"
6670,6239,184190,"array([7.94171446, 9.20406531])"
6671,6239,186714,"array([8.01076539, 9.28779692])"
6672,6239,178277,"array([ 7.24589655, 10.88588598])"
6673,6239,178335,"array([ 7.72011188, 10.93980354])"
6674,6239,178348,"array([8.19586385, 9.25163649])"
6675,6239,178352,"array([ 7.20013593, 10.40326934])"
6676,6239,178360,"array([7.48861738, 9.82705096])"
6677,6239,178960,"array([ 7.76077756, 10.14604235])"
6678,6239,179246,"array([7.6866812 , 9.43726401])"
6679,6239,180101,"array([ 8.2974585 , 10.12949487])"
6680,6239,180126,"array([8.04646741, 9.2741882 ])"
6681,6239,180279,"array([ 7.63127679, 10.33165497])"
6682,6239,180529,"array([8.327012  , 9.65904882])"
6683,6239,180935,"array([7.65611564, 9.89326341])"
6684,6239,181226,"array([7.51026056, 9.45275262])"
6685,6239,181308,"array([ 8.24368843, 10.17067951])"
6686,6239,181639,"array([ 7.91644404, 10.4128178 ])"
6687,6239,183722,"array([8.51101291, 9.9205009 ])"
6688,6239,185134,"array([8.11513818, 9.39421699])"
6689,6239,185194,"array([8.18655066, 9.488436  ])"
6690,6239,185688,"array([8.29112142, 9.65357916])"
6691,6239,186279,"array([ 8.37969535, 10.2284584 ])"
6692,6239,189252,"array([7.97177486, 9.48274937])"
6693,6239,191177,"array([ 7.76476588, 10.80881164])"
6694,6239,3564874,"array([ 7.51834617, 10.29999513])"
6695,6239,178388,"array([ 7.01448786, 10.79340816])"
6696,6239,6418867,"array([ 6.69826311, 11.47264462])"
6697,6239,181882,"array([5.76115716, 9.89154646])"
6698,6239,179163,"array([ 7.82256112, 10.3218949 ])"
6699,6239,180452,"array([8.08646671, 9.06872469])"
6700,6239,178460,"array([7.14229053, 9.61025687])"
6701,6239,178484,"array([8.18254133, 9.62912329])"
6702,6239,178498,"array([13.74219648, 18.33250823])"
6703,6239,178499,"array([ 8.30732513, 10.48608799])"
6704,6239,178504,"array([ 7.02759767, 10.60542253])"
6705,6239,178511,"array([ 8.30530473, 10.31096421])"
6706,6239,178513,"array([7.74318207, 9.67353778])"
6707,6239,178523,"array([ 8.30632479, 10.35700508])"
6708,6239,178540,"array([ 7.03226115, 10.76610296])"
6709,6239,178548,"array([ 7.99375841, 10.99763311])"
6710,6239,178561,"array([7.22626952, 8.48092405])"
6711,6239,178564,"array([ 7.82079588, 10.73470586])"
6712,6239,178712,"array([ 6.42860547, 11.45671891])"
6713,6239,179571,"array([ 6.46717644, 11.53380884])"
6714,6239,179758,"array([ 6.28345573, 11.48577129])"
6715,6239,181099,"array([ 6.47971606, 11.58100134])"
6716,6239,181335,"array([ 7.0628336 , 10.96890731])"
6717,6239,181384,"array([ 6.51265198, 11.5064415 ])"
6718,6239,182925,"array([ 6.52224932, 11.55171881])"
6719,6239,183640,"array([ 6.42074302, 11.54640968])"
6720,6239,184301,"array([ 6.32600295, 11.52454069])"
6721,6239,186755,"array([ 6.52344549, 11.27678178])"
6722,6239,187833,"array([ 6.25076929, 11.45072292])"
6723,6239,188457,"array([ 6.37322193, 11.50807578])"
6724,6239,188633,"array([ 6.36788906, 11.56135089])"
6725,6239,191463,"array([ 6.89744656, 10.99073088])"
6726,6239,260102,"array([ 6.46937283, 11.48357365])"
6727,6239,3565796,"array([ 6.46093299, 11.62853151])"
6728,6239,178854,"array([7.53350323, 9.7436339 ])"
6729,6239,187669,"array([ 8.28996497, 10.58106903])"
6730,6239,191523,"array([ 8.36371388, 10.10594606])"
6731,6239,3565150,"array([ 7.47038353, 10.87918978])"
6732,6239,3896741,"array([ 8.33929987, 10.80706881])"
6733,6239,178710,"array([ 7.47116104, 10.55017634])"
6734,6239,178716,"array([7.32518989, 9.27413515])"
6735,6239,178735,"array([ 7.31461906, 10.07379865])"
6736,6239,178743,"array([ 5.71143954, 10.94141184])"
6737,6239,178746,"array([8.09561051, 9.58265371])"
6738,6239,178747,"array([ 6.90092466, 10.59019527])"
6739,6239,178772,"array([7.57423292, 9.8242895 ])"
6740,6239,178785,"array([ 7.76832341, 11.16991307])"
6741,6239,178787,"array([ 8.03978099, 10.8150305 ])"
6742,6239,178804,"array([ 7.67308553, 10.57261954])"
6743,6239,178805,"array([7.85411206, 9.41289185])"
6744,6239,180415,"array([ 4.66580691, 11.19960012])"
6745,6239,178817,"array([6.52095861, 8.83640574])"
6746,6239,3565545,"array([5.57066598, 9.56791493])"
6747,6239,179026,"array([ 7.7751222, 10.1655571])"
6748,6239,180944,"array([7.81929369, 9.25581664])"
6749,6239,188652,"array([5.38733164, 9.66448095])"
6750,6239,178878,"array([ 8.13487375, 10.08886755])"
6751,6239,178918,"array([ 7.06730061, 10.99995618])"
6752,6239,178931,"array([ 8.2156542 , 10.03331195])"
6753,6239,178955,"array([ 8.11013964, 10.4159586 ])"
6754,6239,178966,"array([ 7.59728966, 10.68415736])"
6755,6239,178975,"array([ 7.86629616, 11.16145328])"
6756,6239,178976,"array([ 6.55833689, -0.61660471])"
6757,6239,189345,"array([ 6.4646098 , -0.67668937])"
6758,6239,184271,"array([ 8.91889561, 10.03624878])"
6759,6239,181488,"array([7.46318786, 9.6205924 ])"
6760,6239,186391,"array([5.80726859, 9.6607301 ])"
6761,6239,179036,"array([ 8.15574861, 10.63775793])"
6762,6239,179056,"array([ 7.58001741, 10.74541191])"
6763,6239,179076,"array([-0.51746038, 16.85089328])"
6764,6239,181222,"array([-0.42625337, 16.91705884])"
6765,6239,179080,"array([7.43979323, 9.76123304])"
6766,6239,179106,"array([ 7.04319094, 10.20962458])"
6767,6239,179142,"array([7.97071673, 9.86119157])"
6768,6239,179159,"array([ 7.73326453, 11.21819384])"
6769,6239,181073,"array([ 7.60849204, 10.59273206])"
6770,6239,181516,"array([ 7.70736171, 10.72064168])"
6771,6239,183622,"array([ 6.39967187, 10.45484433])"
6772,6239,186100,"array([8.10717097, 9.9921257 ])"
6773,6239,186277,"array([7.93234391, 9.62101416])"
6774,6239,188138,"array([ 7.45266031, 11.0448127 ])"
6775,6239,4927045,"array([ 7.65791952, 10.63282451])"
6776,6239,179188,"array([ 7.60327847, 11.24464703])"
6777,6239,179195,"array([ 7.98798695, 10.02336393])"
6778,6239,179196,"array([ 7.58982362, 10.31870219])"
6779,6239,179218,"array([ 8.2426683 , 10.54773801])"
6780,6239,179231,"array([8.14547507, 9.36134739])"
6781,6239,179244,"array([ 7.74771721, 10.53639749])"
6782,6239,179306,"array([ 6.25900517, 11.54386345])"
6783,6239,179292,"array([7.16074903, 9.69384207])"
6784,6239,179309,"array([ 7.62861727, 11.17282845])"
6785,6239,179319,"array([ 9.90806345, 10.63432376])"
6786,6239,179328,"array([7.1947087 , 9.76344671])"
6787,6239,179337,"array([ 8.20594411, 10.25370137])"
6788,6239,192067,"array([7.17980775, 7.33456874])"
6789,6239,179348,"array([ 8.32965466, 10.21286338])"
6790,6239,179349,"array([8.15716271, 9.75087318])"
6791,6239,179350,"array([8.28194904, 9.9445048 ])"
6792,6239,190169,"array([ 5.90467107, 11.87253371])"
6793,6239,179366,"array([ 7.61218955, 11.10837523])"
6794,6239,179391,"array([ 7.51610379, 11.0250289 ])"
6795,6239,179398,"array([ 8.33845877, 10.04451044])"
6796,6239,6418750,"array([ 5.76200477, 10.75752844])"
6797,6239,179459,"array([7.83500857, 9.9309678 ])"
6798,6239,179471,"array([ 8.1254502, 10.5311554])"
6799,6239,179477,"array([ 7.64154096, 10.82004869])"
6800,6239,179478,"array([ 7.93896053, 10.08747481])"
6801,6239,179489,"array([ 5.98411089, 10.69079396])"
6802,6239,179509,"array([ 7.77851357, 11.09685127])"
6803,6239,179510,"array([ 8.26772359, 10.07382783])"
6804,6239,179529,"array([7.37144951, 9.58287988])"
6805,6239,179548,"array([8.16534842, 9.71873994])"
6806,6239,179551,"array([ 7.6818478 , 10.41195376])"
6807,6239,179578,"array([ 8.14937211, 10.77801177])"
6808,6239,3565232,"array([ 5.9005884 , 10.61363751])"
6809,6239,188022,"array([7.41822758, 8.89541009])"
6810,6239,189115,"array([7.60393982, 9.0219032 ])"
6811,6239,180421,"array([7.17354667, 8.1375014 ])"
6812,6239,179632,"array([7.73114477, 9.43100921])"
6813,6239,179638,"array([ 7.96826668, 10.26581194])"
6814,6239,179655,"array([ 7.86766013, 11.06297984])"
6815,6239,179660,"array([ 7.77243946, 10.63876428])"
6816,6239,184883,"array([7.78426987, 8.18722804])"
6817,6239,180009,"array([7.37895158, 8.7374248 ])"
6818,6239,181341,"array([7.33705696, 8.75838561])"
6819,6239,179714,"array([7.05096817, 9.5473744 ])"
6820,6239,179741,"array([ 7.5086118 , 10.35216181])"
6821,6239,179771,"array([ 7.50382421, 11.16459976])"
6822,6239,179785,"array([ 8.03390081, 10.75994753])"
6823,6239,179806,"array([ 9.94070177, 10.55601414])"
6824,6239,179861,"array([ 8.03755852, 10.72193187])"
6825,6239,179875,"array([6.96477218, 9.39619673])"
6826,6239,186939,"array([7.13114792, 9.15943794])"
6827,6239,180441,"array([ 5.56173654, 10.0960338 ])"
6828,6239,179879,"array([ 6.90076445, 11.20923886])"
6829,6239,179905,"array([ 7.34893514, 10.81202668])"
6830,6239,179915,"array([ 8.25373617, 10.63830696])"
6831,6239,179963,"array([7.60655576, 9.97747433])"
6832,6239,3565873,"array([7.52278118, 9.25578833])"
6833,6239,181701,"array([7.51817018, 8.52730127])"
6834,6239,180056,"array([8.13239696, 9.82483708])"
6835,6239,180121,"array([17.04854372, 10.62889384])"
6836,6239,180156,"array([ 5.18019475, 10.15984776])"
6837,6239,180160,"array([8.72521757, 9.62032847])"
6838,6239,180207,"array([ 7.84953539, 10.03389388])"
6839,6239,187416,"array([5.85323653, 9.35613487])"
6840,6239,180246,"array([7.26107398, 9.54914779])"
6841,6239,180255,"array([ 7.30461573, 11.21504953])"
6842,6239,180256,"array([ 7.52784484, 10.38755008])"
6843,6239,180277,"array([ 7.9415572 , 10.73937306])"
6844,6239,180289,"array([7.73596678, 9.2649928 ])"
6845,6239,180301,"array([ 7.41864155, 11.23670132])"
6846,6239,180303,"array([ 8.22070712, 10.37589225])"
6847,6239,180309,"array([ 8.19591839, 10.58674403])"
6848,6239,180318,"array([ 7.68289095, 11.11064855])"
6849,6239,180351,"array([ 7.67093326, 10.83718607])"
6850,6239,180409,"array([ 8.37309486, 10.17463322])"
6851,6239,180420,"array([ 7.12395119, 12.29239931])"
6852,6239,180984,"array([8.08419127, 9.7968332 ])"
6853,6239,182076,"array([ 7.61772339, 10.84308115])"
6854,6239,187121,"array([ 8.13297403, 10.83015062])"
6855,6239,189646,"array([ 7.86783261, 11.00525727])"
6856,6239,180447,"array([7.83276674, 9.68594485])"
6857,6239,184450,"array([6.62215887, 8.49464765])"
6858,6239,180460,"array([7.39228971, 9.57228744])"
6859,6239,189330,"array([5.93286301, 9.81421749])"
6860,6239,24105309,"array([ 5.64071747, 10.28663318])"
6861,6239,181650,"array([ 6.21724523, 10.64509925])"
6862,6239,180533,"array([8.14681485, 9.68958727])"
6863,6239,183433,"array([ 8.15515708, 10.54317473])"
6864,6239,181443,"array([6.49093164, 8.74289696])"
6865,6239,180561,"array([8.23489299, 9.90847728])"
6866,6239,180587,"array([6.60892296, 8.44844832])"
6867,6239,182684,"array([6.473906  , 8.32639889])"
6868,6239,190386,"array([6.37791241, 8.02595285])"
6869,6239,180589,"array([ 7.73085014, 11.17614044])"
6870,6239,180595,"array([7.15675907, 9.16285992])"
6871,6239,180615,"array([ 8.00279237, 10.04695883])"
6872,6239,180628,"array([7.50636624, 9.39408962])"
6873,6239,189116,"array([ 7.98498774, 10.19733998])"
6874,6239,180662,"array([ 7.71390843, 10.41520689])"
6875,6239,180689,"array([ 7.90067787, 10.83695737])"
6876,6239,180707,"array([6.63146095, 8.72663166])"
6877,6239,180710,"array([ 7.81038529, 11.11143064])"
6878,6239,189869,"array([7.69584863, 9.26314034])"
6879,6239,180728,"array([ 7.86708796, 10.65029244])"
6880,6239,182942,"array([ 8.51775632, 10.54874212])"
6881,6239,180746,"array([ 8.04118926, 10.84430829])"
6882,6239,182944,"array([6.29833775, 8.27689985])"
6883,6239,180755,"array([6.11894888, 9.36681572])"
6884,6239,180758,"array([ 7.80215748, 11.04154096])"
6885,6239,180843,"array([7.3821401 , 9.49509115])"
6886,6239,180923,"array([7.54965392, 9.2314864 ])"
6887,6239,187086,"array([ 6.94411464, 10.804463  ])"
6888,6239,180808,"array([ 7.60517437, 10.53945589])"
6889,6239,180863,"array([ 7.56092301, 11.27441575])"
6890,6239,180912,"array([7.75143085, 9.87121771])"
6891,6239,180915,"array([ 7.5092652 , 10.69860537])"
6892,6239,180956,"array([7.46654929, 9.93290683])"
6893,6239,180972,"array([ 7.67924462, 10.30658872])"
6894,6239,181026,"array([7.4976951 , 9.89768688])"
6895,6239,181139,"array([ 7.72017346, 10.58482859])"
6896,6239,181201,"array([ 7.51461108, 11.25335001])"
6897,6239,181208,"array([ 7.49721479, 11.28516535])"
6898,6239,181327,"array([ 7.6235305 , 11.20933271])"
6899,6239,181459,"array([ 7.93127573, 11.10408852])"
6900,6239,181470,"array([ 7.561506  , 10.63039981])"
6901,6239,181531,"array([ 7.71208063, 10.82704992])"
6902,6239,181607,"array([ 7.21796123, 11.26304632])"
6903,6239,181617,"array([ 6.89275207, 10.10219291])"
6904,6239,181646,"array([ 7.42762439, 10.12092669])"
6905,6239,181704,"array([6.866221  , 9.79837205])"
6906,6239,182353,"array([ 7.47012835, 11.25048229])"
6907,6239,182462,"array([ 7.65679695, 11.21695445])"
6908,6239,182492,"array([ 7.37756459, 11.24553825])"
6909,6239,182638,"array([ 7.68724984, 10.93685519])"
6910,6239,183055,"array([ 7.66376805, 11.18068431])"
6911,6239,183761,"array([ 7.61470255, 11.13964792])"
6912,6239,184239,"array([ 7.59624857, 10.81997931])"
6913,6239,184461,"array([ 7.53287712, 11.29529608])"
6914,6239,184781,"array([ 7.57478942, 11.23216792])"
6915,6239,184845,"array([ 7.66439637, 10.97478926])"
6916,6239,185375,"array([ 7.26759978, 11.29053528])"
6917,6239,185504,"array([ 7.25806869, 11.25604728])"
6918,6239,186196,"array([ 7.63879386, 11.29166709])"
6919,6239,186346,"array([ 7.59736334, 11.2855362 ])"
6920,6239,186584,"array([ 7.40036917, 11.27108061])"
6921,6239,186608,"array([ 7.98104084, 11.03635475])"
6922,6239,186927,"array([ 6.90950006, 10.41527592])"
6923,6239,186951,"array([8.04321333, 9.77057191])"
6924,6239,187008,"array([ 7.73923677, 11.07908247])"
6925,6239,187157,"array([ 7.65374257, 11.14642398])"
6926,6239,187292,"array([ 7.83115746, 11.15818238])"
6927,6239,187786,"array([ 7.79795568, 11.14750728])"
6928,6239,187934,"array([ 7.43154142, 10.8665498 ])"
6929,6239,188217,"array([ 7.3730544, 11.2055649])"
6930,6239,188590,"array([ 7.53692655, 11.15153077])"
6931,6239,189580,"array([ 8.01335259, 10.21478419])"
6932,6239,189843,"array([ 7.77389757, 11.06724622])"
6933,6239,189927,"array([ 7.76749001, 11.12877059])"
6934,6239,190311,"array([ 7.78606436, 10.71380303])"
6935,6239,190397,"array([ 7.36188806, 10.97071225])"
6936,6239,190656,"array([ 8.03195723, 10.94186229])"
6937,6239,191209,"array([ 7.51101229, 11.19753893])"
6938,6239,191432,"array([ 7.06086963, 11.43056672])"
6939,6239,259519,"array([ 7.48757291, 10.26378499])"
6940,6239,259604,"array([ 7.42249095, 11.30731794])"
6941,6239,259652,"array([ 7.68789015, 11.16033534])"
6942,6239,259727,"array([ 7.05584892, 10.42311791])"
6943,6239,260040,"array([ 7.7859897 , 10.22637452])"
6944,6239,266832,"array([ 7.30234129, 11.25673506])"
6945,6239,266858,"array([ 7.49412937, 10.41580748])"
6946,6239,353416,"array([ 7.64997712, 11.11277081])"
6947,6239,3565088,"array([ 7.77118771, 11.20808203])"
6948,6239,3565243,"array([ 7.67165008, 11.26749833])"
6949,6239,4927009,"array([ 7.41591928, 10.83410826])"
6950,6239,6418761,"array([ 7.72413881, 10.1272042 ])"
6951,6239,180832,"array([ 7.94521397, 10.45834929])"
6952,6239,180859,"array([ 7.93182663, 10.70556087])"
6953,6239,180862,"array([ 7.62403421, 10.03567521])"
6954,6239,191997,"array([ 9.94527407, 10.47128396])"
6955,6239,6418830,"array([5.29647663, 9.4620553 ])"
6956,6239,181039,"array([6.98745078, 9.38056662])"
6957,6239,181070,"array([8.13864498, 8.79286839])"
6958,6239,181086,"array([ 8.08938439, 10.13209016])"
6959,6239,181096,"array([ 8.3025134 , 10.07419127])"
6960,6239,181143,"array([8.07352037, 8.52090442])"
6961,6239,184091,"array([6.73969472, 9.01947438])"
6962,6239,181169,"array([ 7.66426679, 10.59716014])"
6963,6239,181171,"array([ 8.36239464, 10.36997275])"
6964,6239,181178,"array([ 7.09538052, 11.02396589])"
6965,6239,181183,"array([ 1.59746608, 18.5499039 ])"
6966,6239,181202,"array([ 8.24511163, 10.13621604])"
6967,6239,181205,"array([ 8.36031737, 10.33590268])"
6968,6239,181223,"array([ 7.85091152, 10.42063162])"
6969,6239,181232,"array([ 8.00885326, 10.45774986])"
6970,6239,3565861,"array([5.7805315, 9.1748614])"
6971,6239,181272,"array([ 8.20080441, 10.64441577])"
6972,6239,181285,"array([ 8.27059558, 10.35648439])"
6973,6239,24104681,"array([6.73905064, 8.5923323 ])"
6974,6239,181311,"array([ 7.67261505, 10.16331536])"
6975,6239,181333,"array([ 8.11832209, 10.71781791])"
6976,6239,181347,"array([6.29257493, 8.8807502 ])"
6977,6239,181350,"array([ 8.28491289, 10.105722  ])"
6978,6239,181355,"array([ 8.29400626, 10.22021054])"
6979,6239,181369,"array([ 5.67673008, 10.89200969])"
6980,6239,189743,"array([9.16767609, 8.50345098])"
6981,6239,181411,"array([ 8.0925297 , 10.08740629])"
6982,6239,181417,"array([ 7.55385258, 10.01655108])"
6983,6239,181431,"array([ 7.88440457, 10.3616911 ])"
6984,6239,181608,"array([6.18807938, 8.12409669])"
6985,6239,186785,"array([ 6.27673459, 11.17161268])"
6986,6239,191242,"array([ 5.75860976, 10.93523463])"
6987,6239,181456,"array([ 8.31249235, 10.24947535])"
6988,6239,181497,"array([ 7.89997075, 10.5320879 ])"
6989,6239,181845,"array([ 7.25978371, 10.8241419 ])"
6990,6239,187723,"array([ 8.06938586, 10.55742491])"
6991,6239,191461,"array([7.58651711, 9.76107256])"
6992,6239,4926894,"array([ 7.6611274 , 10.76082335])"
6993,6239,181506,"array([ 7.88160616, 10.27414591])"
6994,6239,181572,"array([ 7.95092853, 10.33461562])"
6995,6239,184260,"array([6.32272801, 8.93620256])"
6996,6239,185802,"array([6.17444229, 8.96408388])"
6997,6239,189142,"array([6.59552629, 8.84382444])"
6998,6239,189783,"array([6.52282521, 9.40726351])"
6999,6239,190100,"array([6.17527893, 9.00712573])"
7000,6239,24104970,"array([ 6.51680459, 10.22626633])"
7001,6239,3896724,"array([6.12164906, 9.04333103])"
7002,6239,181597,"array([ 8.26398955, 10.4238802 ])"
7003,6239,181612,"array([ 8.22367804, 10.66623436])"
7004,6239,181671,"array([ 8.29915223, 10.40404104])"
7005,6239,181706,"array([ 8.94927968, 20.47579744])"
7006,6239,181707,"array([7.9644858 , 9.41273946])"
7007,6239,181741,"array([ 6.87141792, 10.92061152])"
7008,6239,181773,"array([ 6.75055895, 10.93007189])"
7009,6239,190330,"array([7.99673715, 9.9367342 ])"
7010,6239,190806,"array([7.50977436, 9.35573261])"
7011,6239,24104403,"array([7.77840328, 9.80752857])"
7012,6239,259738,"array([ 7.70878113, 10.34928765])"
7013,6239,3565706,"array([7.1094224 , 9.64801745])"
7014,6239,181736,"array([ 8.33344462, 10.13881593])"
7015,6239,181748,"array([ 8.27879264, 10.3255233 ])"
7016,6239,181778,"array([ 7.87273299, 10.24337071])"
7017,6239,181791,"array([ 7.44539264, 11.01245838])"
7018,6239,182256,"array([ 7.81581987, 10.92770888])"
7019,6239,182479,"array([ 5.51557976, 10.30633088])"
7020,6239,182525,"array([5.76415827, 9.3840547 ])"
7021,6239,182633,"array([8.02946444, 9.49125498])"
7022,6239,183065,"array([ 8.24315017, 10.24088279])"
7023,6239,183400,"array([7.77930918, 9.68880229])"
7024,6239,183591,"array([ 7.85217342, 10.9279105 ])"
7025,6239,183744,"array([8.17195989, 9.77574712])"
7026,6239,184051,"array([5.94290081, 9.0202804 ])"
7027,6239,184064,"array([6.88086315, 7.94159514])"
7028,6239,184080,"array([7.61113641, 7.84517795])"
7029,6239,184886,"array([ 7.33659783, 10.2152971 ])"
7030,6239,185063,"array([-3.13844661,  9.61887935])"
7031,6239,185112,"array([ 8.298132  , 10.51986994])"
7032,6239,185967,"array([5.55137459, 9.80941603])"
7033,6239,186222,"array([-0.50532865, 17.42173183])"
7034,6239,186637,"array([5.58531745, 8.75422493])"
7035,6239,187453,"array([ 7.93426203, 10.4838491 ])"
7036,6239,187511,"array([6.78352283, 8.33379574])"
7037,6239,3565681,"array([ 5.1003463 , 10.18036084])"
7038,6239,187570,"array([ 8.09505057, 10.7420077 ])"
7039,6239,259373,"array([6.86997386, 9.03591699])"
7040,6239,189382,"array([6.29928596, 8.66182535])"
7041,6239,188472,"array([6.26035133, 8.6792789 ])"
7042,6239,188513,"array([7.85825148, 9.47489471])"
7043,6239,188574,"array([7.59097571, 9.17089254])"
7044,6239,188603,"array([ 8.36851109, 10.4033123 ])"
7045,6239,188772,"array([8.21234084, 9.77204722])"
7046,6239,188795,"array([7.74234878, 9.30180009])"
7047,6239,189026,"array([ 8.22476416, 10.00315157])"
7048,6239,189173,"array([ 8.34234265, 10.51629463])"
7049,6239,189475,"array([8.54876269, 9.88554858])"
7050,6239,189903,"array([10.37901681, 19.98498235])"
7051,6239,24104421,"array([10.43276952, 19.88850333])"
7052,6239,190958,"array([6.88570865, 7.23030447])"
7053,6239,190926,"array([ 8.39771957, 10.08484785])"
7054,6239,191290,"array([ 6.38489554, 10.52174901])"
7055,6239,191435,"array([5.20003504, 9.26450149])"
7056,6239,191515,"array([7.38441138, 9.54347998])"
7057,6239,191625,"array([7.7312196 , 8.62199337])"
7058,6239,192086,"array([ 8.37272818, 10.06321761])"
7059,6239,259544,"array([8.21087701, 9.62478061])"
7060,6239,3564988,"array([8.21075109, 9.97082694])"
7061,6239,3565050,"array([ 7.9672484 , 10.43749988])"
7062,6239,3565176,"array([8.24975731, 9.77897879])"
7063,6239,3565206,"array([7.45559317, 9.77782779])"
7064,6239,3565680,"array([ 7.20659282, 10.68887147])"
7065,6239,3565843,"array([7.60962184, 9.66868806])"
7066,6239,3565947,"array([7.95871832, 9.76124488])"
7067,6239,3896802,"array([8.22001959, 9.80647257])"
7068,6239,3896880,"array([8.21209057, 9.87858409])"
7069,6239,3896897,"array([ 8.21782055, 10.56614574])"
7070,6239,4362999,"array([8.28181807, 9.97957743])"
7071,6239,6418581,"array([ 7.61003251, 10.7477514 ])"
7072,6239,184798,"array([7.39667799, 9.1336549 ])"
7073,6239,188131,"array([7.47408501, 8.99941788])"
7074,6239,175754,"array([ 7.61462604, 10.19822377])"
7075,6239,178251,"array([ 7.46452198, 10.77182862])"
7076,6239,173328,"array([7.0728906 , 9.30205797])"
7077,6239,177711,"array([ 8.28279104, 10.71903959])"
7078,6239,176567,"array([ 6.58243283, 10.7338666 ])"
7079,6239,190505,"array([17.14764082,  8.17400029])"
7080,6239,189692,"array([17.05097542,  8.22935136])"
7081,6239,175306,"array([ 8.07147842, 11.26434385])"
7082,6239,182490,"array([6.97866864, 9.7672647 ])"
7083,6239,13192056,"array([7.47936222, 8.43364041])"
7084,6239,191101,"array([ 7.15684702, 10.00799189])"
7085,6239,175824,"array([ 6.87404664, 10.6527358 ])"
7086,6239,171893,"array([ 6.52827839, 10.93195044])"
7087,6239,191863,"array([ 7.40527936, 10.52358837])"
7088,6239,190223,"array([ 7.45055663, 10.33776509])"
7089,6239,187470,"array([8.25656383, 9.05183122])"
7090,6239,187705,"array([8.00294199, 9.53253976])"
7091,6239,173118,"array([ 6.65639144, 10.51851221])"
7092,6239,176497,"array([ 7.31614905, 10.616502  ])"
7093,6239,174737,"array([7.76896946, 9.12780775])"
7094,6239,189514,"array([8.23117975, 9.83904412])"
7095,6239,189040,"array([ 7.41151111, 11.89155947])"
7096,6239,3565063,"array([ 7.27179807, 11.22248531])"
7097,6239,172477,"array([7.61396474, 8.90343587])"
7098,6239,180403,"array([8.75133751, 9.36926459])"
7099,6239,174012,"array([8.07510716, 9.65917199])"
7100,6239,172232,"array([ 7.54260961, 10.53960884])"
7101,6239,192089,"array([7.52953076, 8.87475448])"
7102,6239,175186,"array([ 7.68055456, 10.38852377])"
7103,6239,179330,"array([ 7.54020036, 10.56201799])"
7104,6239,174701,"array([ 7.69674967, 10.5884478 ])"
7105,6239,176837,"array([7.80651085, 9.81297669])"
7106,6239,171892,"array([ 7.58556916, 10.2618971 ])"
7107,6239,185281,"array([ 7.52445179, 10.57629442])"
7108,6239,178009,"array([7.85697596, 9.90776761])"
7109,6239,179316,"array([ 8.50081888, 10.26384805])"
7110,6239,178403,"array([8.24530734, 9.87032499])"
7111,6239,353391,"array([7.0185781 , 9.25554238])"
7112,6239,188555,"array([7.14112749, 9.0557625 ])"
7113,6239,173142,"array([7.64966811, 9.46935565])"
7114,6239,173575,"array([7.77465528, 8.82814025])"
7115,6239,179035,"array([ 7.5455758 , 10.30441505])"
7116,6239,173022,"array([ 8.18661933, 10.06940656])"
7117,6239,176056,"array([ 8.44616665, 10.01618008])"
7118,6239,174580,"array([ 9.23638875, 11.02999317])"
7119,6239,186892,"array([ 8.77207554, 10.83457358])"
7120,6239,181689,"array([ 7.5279419 , 10.49581911])"
7121,6239,187128,"array([6.91977638, 7.83907294])"
7122,6239,172486,"array([7.55994318, 9.59824745])"
7123,6239,176825,"array([8.14906299, 9.88397627])"
7124,6239,172203,"array([7.30166765, 9.53752673])"
7125,6239,187769,"array([7.13411463, 9.53503747])"
7126,6239,187869,"array([ 6.17662032, 10.40809554])"
7127,6239,3564800,"array([8.48759907, 9.76478819])"
7128,6239,180919,"array([8.05456132, 9.7425853 ])"
7129,6239,182123,"array([7.51063881, 9.55264439])"
7130,6239,4927039,"array([6.78567599, 8.9593116 ])"
7131,6239,179178,"array([7.52197932, 9.89928477])"
7132,6239,172354,"array([ 6.81183054, 11.31014669])"
7133,6239,186010,"array([ 6.68247628, 11.9639533 ])"
7134,6239,171951,"array([ 7.50238324, 10.54272587])"
7135,6239,181726,"array([ 7.44896236, 10.68319437])"
7136,6239,259512,"array([5.65500965, 8.9896377 ])"
7137,6239,184866,"array([5.64622474, 8.82838597])"
7138,6239,13191153,"array([7.9082765 , 9.92045121])"
7139,6239,171590,"array([ 8.44111321, 10.126631  ])"
7140,6239,171763,"array([7.54461539, 9.83054722])"
7141,6239,174711,"array([ 8.56932705, 10.92363765])"
7142,6239,175672,"array([ 7.34349812, 10.11639406])"
7143,6239,177451,"array([ 7.90056558, 10.02955812])"
7144,6239,7040158,"array([ 7.5776949 , 10.51260689])"
7145,6239,179728,"array([ 7.70168533, 10.08585116])"
7146,6239,181423,"array([7.67377789, 9.62256578])"
7147,6239,180928,"array([ 7.48325092, 10.49988348])"
7148,6239,171889,"array([ 7.43716364, 10.35573981])"
7149,6239,190090,"array([7.04723355, 9.38566287])"
7150,6239,4363020,"array([ 5.62984044, 10.45402015])"
7151,6239,174184,"array([ 7.56751421, 10.89068022])"
7152,6239,3564786,"array([ 7.63946253, 10.50600367])"
7153,6239,190547,"array([ 6.82143296, 11.44629245])"
7154,6239,184602,"array([ 8.4253915 , -0.49952326])"
7155,6239,3564949,"array([ 8.51649178, -0.43848695])"
7156,6239,175530,"array([7.64738137, 9.57865474])"
7157,6239,175828,"array([ 8.37019379, 10.13717326])"
7158,6239,3896881,"array([ 9.02069794, 10.1943642 ])"
7159,6239,179857,"array([7.60999915, 9.80445934])"
7160,6239,176063,"array([7.55803749, 9.76178763])"
7161,6239,179821,"array([ 7.43721979, 10.1389109 ])"
7162,6239,187512,"array([ 5.93680026, 11.70406934])"
7163,6239,177123,"array([ 6.30769601, 11.25203548])"
7164,6239,173876,"array([7.93397819, 9.77607502])"
7165,6239,184198,"array([7.20328572, 9.46555796])"
7166,6239,3565814,"array([ 7.27811932, 10.75367034])"
7167,6239,181306,"array([6.95942691, 9.17320931])"
7168,6239,173916,"array([ 7.91968273, 10.05225468])"
7169,6239,176043,"array([ 7.6800138, 10.64981  ])"
7170,6239,177939,"array([ 6.73859404, 11.09880151])"
7171,6239,187304,"array([ 8.02886677, 10.38785553])"
7172,6239,176082,"array([ 8.2106741 , 10.84570109])"
7173,6239,191288,"array([ 5.88643398, 11.25460211])"
7174,6239,171656,"array([ 5.92741029, 11.30043173])"
7175,6239,177981,"array([ 6.82472416, 11.16075955])"
7176,6239,180385,"array([7.44022253, 8.41078345])"
7177,6239,172513,"array([ 7.48544604, 10.04897806])"
7178,6239,174291,"array([7.83541499, 9.63948194])"
7179,6239,173206,"array([ 4.69273518, -0.23677257])"
7180,6239,190823,"array([ 4.60614072, -0.16576985])"
7181,6239,189201,"array([7.34906834, 9.19638879])"
7182,6239,188569,"array([-2.42028703, 13.99888042])"
7183,6239,173614,"array([-2.41888648, 13.88823771])"
7184,6239,174968,"array([ 7.61657639, 10.01569767])"
7185,6239,174080,"array([ 7.75291771, 10.99827496])"
7186,6239,182512,"array([7.56930739, 9.66457956])"
7187,6239,191004,"array([ 7.79447961, 10.79321827])"
7188,6239,177403,"array([ 7.2344795 , 10.70756884])"
7189,6239,180410,"array([6.7395264 , 9.45027593])"
7190,6239,188434,"array([8.34133366, 9.39926767])"
7191,6239,181860,"array([ 7.8056799 , 10.08354484])"
7192,6239,185736,"array([7.53615124, 9.91356716])"
7193,6239,182747,"array([7.79658126, 8.3552871 ])"
7194,6239,13220270,"array([7.54062723, 9.89015769])"
7195,6239,183324,"array([7.77726688, 9.75194451])"
7196,6239,178052,"array([ 6.56820272, 10.41170954])"
7197,6239,171704,"array([ 7.481318  , 10.62950517])"
7198,6239,180988,"array([7.01858604, 9.72367196])"
7199,6239,190469,"array([8.31193976, 8.76842786])"
7200,6239,179446,"array([ 7.3246824, 10.1191852])"
7201,6239,176202,"array([7.98016421, 9.17951117])"
7202,6239,190079,"array([8.2747857 , 8.89334206])"
7203,6239,176055,"array([ 7.04979023, 10.39966767])"
7204,6239,179270,"array([8.35627531, 9.19304662])"
7205,6239,188661,"array([7.76907406, 9.54367382])"
7206,6239,174655,"array([7.6903087 , 9.50799204])"
7207,6239,175350,"array([6.34768321, 9.19019156])"
7208,6239,181094,"array([ 8.51601314, 10.60165499])"
7209,6239,179790,"array([ 7.35166635, 10.639237  ])"
7210,6239,182293,"array([8.68799075, 9.43845446])"
7211,6239,192074,"array([15.4588182 ,  3.42019718])"
7212,6239,188585,"array([15.37946841,  3.49748785])"
7213,6239,182261,"array([7.89769705, 9.27203273])"
7214,6239,187813,"array([ 8.7872325 , 10.68395836])"
7215,6239,180531,"array([ 7.44994661, 10.3187638 ])"
7216,6239,174816,"array([7.29352849, 8.81803256])"
7217,6239,174380,"array([7.58073572, 9.00353598])"
7218,6239,3564894,"array([8.3946543 , 9.49681394])"
7219,6239,190800,"array([8.05264672, 9.8953399 ])"
7220,6239,174965,"array([7.08461237, 9.458783  ])"
7221,6239,173555,"array([7.23516833, 9.94360817])"
7222,6239,184981,"array([ 7.61104552, 10.6243805 ])"
7223,6239,173710,"array([6.73980075, 9.08958339])"
7224,6239,176895,"array([7.20762408, 8.60392824])"
7225,6239,191642,"array([7.37006159, 7.9664499 ])"
7226,6239,188394,"array([7.18523317, 9.07027302])"
7227,6239,186386,"array([7.35176876, 8.21775366])"
7228,6239,182703,"array([-3.93731506, 10.80998222])"
7229,6239,188023,"array([-4.0197429 , 10.73541372])"
7230,6239,173751,"array([7.84568306, 8.65513299])"
7231,6239,173294,"array([7.27597476, 9.53315991])"
7232,6239,173335,"array([7.68407205, 8.81038281])"
7233,6239,175173,"array([ 6.52522433, 11.0685613 ])"
7234,6239,181097,"array([ 7.86942627, 10.81486115])"
7235,6239,3565253,"array([7.42438271, 9.77604719])"
7236,6239,178503,"array([ 7.55146675, 10.58554324])"
7237,6239,178002,"array([7.67352309, 9.92176979])"
7238,6239,175161,"array([7.94431208, 9.97482739])"
7239,6239,176241,"array([7.78496136, 8.75469224])"
7240,6239,180019,"array([7.56187747, 8.47862014])"
7241,6239,177192,"array([6.65454294, 9.38439352])"
7242,6239,178154,"array([7.10725027, 8.99990664])"
7243,6239,181842,"array([4.56521644, 9.2859645 ])"
7244,6239,191326,"array([ 7.51137527, 10.01846162])"
7245,6239,189288,"array([ 4.45594021, 10.61040676])"
7246,6239,191597,"array([ 4.93046635, 10.4664069 ])"
7247,6239,178784,"array([7.94765732, 8.83423412])"
7248,6239,185259,"array([ 7.63107504, 10.76284365])"
7249,6239,188113,"array([ 6.4590191 , 10.99701331])"
7250,6239,3564868,"array([7.66329785, 9.44695987])"
7251,6239,173331,"array([ 6.12566165, 11.23954904])"
7252,6239,183223,"array([8.48540251, 9.9852772 ])"
7253,6239,175917,"array([7.01668577, 9.33056452])"
7254,6239,184267,"array([8.03947668, 9.64009793])"
7255,6239,171645,"array([ 7.38221683, 10.69247161])"
7256,6239,179757,"array([ 7.43663081, 10.50123142])"
7257,6239,179395,"array([7.7474709 , 9.73321631])"
7258,6239,179721,"array([ 6.80653078, 11.11495781])"
7259,6239,176671,"array([ 7.53894973, 10.65420411])"
7260,6239,185913,"array([6.80865085, 9.04890451])"
7261,6239,178194,"array([7.54387093, 9.02705742])"
7262,6239,177708,"array([ 5.42423703, 11.20748501])"
7263,6239,186168,"array([ 5.02873313, 11.53278972])"
7264,6239,177968,"array([ 7.31066042, 10.64455044])"
7265,6239,189185,"array([ 6.76241677, 10.90316586])"
7266,6239,185803,"array([6.52642036, 8.47822356])"
7267,6239,175246,"array([6.59160982, 9.21257033])"
7268,6239,175994,"array([ 7.73893347, 10.01036552])"
7269,6239,172357,"array([7.60819345, 9.86617324])"
7270,6239,171887,"array([8.07543258, 9.86935744])"
7271,6239,171920,"array([ 7.51558427, 10.87489227])"
7272,6239,187312,"array([5.9752842 , 9.10955232])"
7273,6239,176627,"array([5.54517581, 8.5975027 ])"
7274,6239,190600,"array([ 6.73182677, 10.90445102])"
7275,6239,183139,"array([8.24971212, 9.81782686])"
7276,6239,177233,"array([7.88424209, 9.94962248])"
7277,6239,172719,"array([7.53762737, 9.51861909])"
7278,6239,174977,"array([7.07268913, 9.93606932])"
7279,6239,13190517,"array([7.55105768, 9.70856054])"
7280,6239,175807,"array([ 7.00637905, 12.29775188])"
7281,6239,175662,"array([6.91183005, 9.45197327])"
7282,6239,179909,"array([ 5.28012752, 10.71702782])"
7283,6239,175825,"array([ 5.62204939, 10.41960621])"
7284,6239,181041,"array([7.68894451, 8.69427763])"
7285,6239,180208,"array([7.21203524, 9.13528574])"
7286,6239,172153,"array([7.30229841, 9.8782974 ])"
7287,6239,183162,"array([-3.25251447, 13.73099593])"
7288,6239,176389,"array([-3.20225935, 13.63189053])"
7289,6239,172975,"array([6.61083563, 9.00295101])"
7290,6239,173910,"array([7.47424232, 9.79843453])"
7291,6239,173448,"array([ 7.70194007, 10.63589337])"
7292,6239,266652,"array([ 6.48628925, 10.24773159])"
7293,6239,186797,"array([ 6.3910526 , 10.84342634])"
7294,6239,173439,"array([7.24790265, 9.2523607 ])"
7295,6239,174087,"array([9.41649164, 0.28924308])"
7296,6239,177499,"array([9.31954101, 0.22236108])"
7297,6239,188830,"array([ 7.5550634, 11.1738996])"
7298,6239,178874,"array([ 7.26811675, 10.63478072])"
7299,6239,178385,"array([ 6.17085676, 11.22421739])"
7300,6239,187770,"array([ 7.90083527, 10.46035102])"
7301,6239,171714,"array([ 5.85160882, 10.77892519])"
7302,6239,178115,"array([8.4845277 , 8.51921514])"
7303,6239,172866,"array([ 7.00611725, 10.75757838])"
7304,6239,175078,"array([7.0650867 , 9.15960462])"
7305,6239,4363123,"array([7.33325676, 9.17342346])"
7306,6239,173300,"array([7.78945456, 9.45255144])"
7307,6239,191315,"array([7.66281944, 9.52232688])"
7308,6239,180797,"array([7.3925926 , 9.29679336])"
7309,6239,177241,"array([7.88975282, 9.67426753])"
7310,6239,177341,"array([7.56583292, 9.62635494])"
7311,6239,186376,"array([7.84097025, 9.87823903])"
7312,6239,176691,"array([ 6.83952262, 11.05215066])"
7313,6239,185912,"array([7.94430754, 9.33537277])"
7314,6239,182856,"array([7.82109911, 9.39012867])"
7315,6239,177498,"array([7.46688294, 9.4860788 ])"
7316,6239,174471,"array([7.43497241, 9.01448126])"
7317,6239,175469,"array([7.99885023, 9.80989786])"
7318,6239,180981,"array([7.8823232, 8.941815 ])"
7319,6239,174630,"array([7.52496139, 9.80377031])"
7320,6239,189096,"array([ 7.87902534, 10.04251501])"
7321,6239,172015,"array([7.09092214, 9.11117774])"
7322,6239,181160,"array([ 6.22471796, 10.83430861])"
7323,6239,176396,"array([7.12796449, 8.63348229])"
7324,6239,191383,"array([6.92453874, 9.42677065])"
7325,6239,3896749,"array([7.03684205, 8.94625244])"
7326,6239,172432,"array([ 7.22751395, 10.4873114 ])"
7327,6239,189905,"array([7.38841299, 9.64849005])"
7328,6239,3565580,"array([ 5.82775738, 10.51342503])"
7329,6239,173013,"array([ 7.67025528, 10.18738454])"
7330,6239,174611,"array([ 6.30648849, 10.46196604])"
7331,6239,187278,"array([ 6.56130159, 10.71756799])"
7332,6239,178815,"array([7.91753725, 9.64919205])"
7333,6239,178525,"array([ 8.05737912, 10.47987989])"
7334,6239,174036,"array([ 7.54394166, 10.81405505])"
7335,6239,172752,"array([7.56324348, 9.95467428])"
7336,6239,187598,"array([8.19280057, 7.43219656])"
7337,6239,173371,"array([8.00706911, 7.82592898])"
7338,6239,3565191,"array([6.86358564, 8.95281334])"
7339,6239,179895,"array([6.97481641, 9.19635416])"
7340,6239,181852,"array([7.74948018, 7.23088201])"
7341,6239,187377,"array([7.66968738, 7.20832344])"
7342,6239,179831,"array([8.65462915, 8.99981962])"
7343,6239,179197,"array([ 7.69360031, 10.97445789])"
7344,6239,3565295,"array([ 7.40678659, 10.80605159])"
7345,6239,179014,"array([-0.60235896, 17.36567809])"
7346,6239,191195,"array([ 6.35711117, 11.20916579])"
7347,6239,180092,"array([7.96414935, 9.28112056])"
7348,6239,187841,"array([7.26847895, 8.36526615])"
7349,6239,174760,"array([8.57504077, 9.69403046])"
7350,6239,176299,"array([7.72130205, 9.48193982])"
7351,6239,4363082,"array([16.38908053,  5.74239784])"
7352,6239,184575,"array([16.49913939,  5.72667055])"
7353,6239,180175,"array([5.95400814, 9.54771716])"
7354,6239,171784,"array([ 7.07367655, 10.88396311])"
7355,6239,184760,"array([ 7.48147735, 11.03515993])"
7356,6239,174631,"array([7.55311442, 9.9100994 ])"
7357,6239,178070,"array([7.53705842, 9.37370829])"
7358,6239,172098,"array([ 6.51611111, 10.48458529])"
7359,6239,183469,"array([ 7.42922512, 10.75226426])"
7360,6239,182875,"array([7.06785217, 9.04420696])"
7361,6239,13198072,"array([8.13828967, 8.41871358])"
7362,6239,176945,"array([7.85394409, 8.90467267])"
7363,6239,177231,"array([ 7.50178595, 10.11197652])"
7364,6239,180545,"array([ 6.07284617, 10.85243225])"
7365,6239,190732,"array([ 5.94963366, 11.07367319])"
7366,6239,174188,"array([7.65188696, 9.64577735])"
7367,6239,186947,"array([8.09262483, 9.73030332])"
7368,6239,173775,"array([ 7.51616052, 10.82212858])"
7369,6239,179161,"array([ 7.92780652, 10.17302259])"
7370,6239,187056,"array([5.81810728, 9.13680421])"
7371,6239,180282,"array([6.02530318, 8.99299915])"
7372,6239,181428,"array([8.21359394, 9.20568106])"
7373,6239,175913,"array([7.97975209, 9.72388231])"
7374,6239,175552,"array([7.13154507, 9.75436306])"
7375,6239,183430,"array([8.17676642, 9.10004472])"
7376,6239,189028,"array([8.00115702, 9.37403094])"
7377,6239,181038,"array([8.23227387, 9.59486599])"
7378,6239,182266,"array([ 8.27398516, 11.09061445])"
7379,6239,3896777,"array([ 8.7077567, 11.4653231])"
7380,6239,190219,"array([7.10193438, 9.16911141])"
7381,6239,189528,"array([ 7.6036605 , 10.14628435])"
7382,6239,183571,"array([7.51699057, 8.96661786])"
7383,6239,175377,"array([ 7.06919605, 10.74812511])"
7384,6239,260017,"array([6.95796883, 8.96571977])"
7385,6239,185794,"array([5.74979549, 9.19345908])"
7386,6239,180464,"array([7.35625111, 9.5293225 ])"
7387,6239,180243,"array([7.59188468, 9.27132955])"
7388,6239,181586,"array([ 8.52199875, 10.36833301])"
7389,6239,188596,"array([8.30138498, 9.33956504])"
7390,6239,184902,"array([ 7.3073688, 11.1792917])"
7391,6239,180434,"array([7.45522601, 8.80797273])"
7392,6239,181215,"array([7.56321619, 9.52795137])"
7393,6239,183993,"array([ 8.85753741, 10.18878015])"
7394,6239,191277,"array([ 8.14166913, 10.13191411])"
7395,6239,174842,"array([ 8.14828147, 10.02914309])"
7396,6239,173031,"array([8.45508653, 9.78453485])"
7397,6239,174476,"array([6.863946  , 9.51029104])"
7398,6239,3565458,"array([6.9137869 , 9.16730366])"
7399,6239,182621,"array([ 8.02773809, 11.05717579])"
7400,6239,175645,"array([7.69231452, 9.73533296])"
7401,6239,266861,"array([ 6.71253839, 10.94310951])"
7402,6239,181656,"array([ 8.31603612, 10.62543377])"
7403,6239,180776,"array([ 8.57613791, 10.33644147])"
7404,6239,191491,"array([7.73315841, 8.71897772])"
7405,6239,174109,"array([7.50367471, 9.28487931])"
7406,6239,175517,"array([ 7.2190369 , 10.52853527])"
7407,6239,172506,"array([ 7.33429167, 10.84694345])"
7408,6239,185438,"array([7.42652722, 9.54171577])"
7409,6239,175874,"array([ 7.53249044, 10.68564175])"
7410,6239,174997,"array([8.21092655, 9.39417894])"
7411,6239,173129,"array([6.06587237, 9.10264182])"
7412,6239,173346,"array([7.62624723, 9.71556947])"
7413,6239,6418853,"array([8.55469796, 8.60617189])"
7414,6239,182780,"array([8.1489521 , 9.04499163])"
7415,6239,183413,"array([7.49132612, 9.15243561])"
7416,6239,179307,"array([ 7.0555681 , 10.91782539])"
7417,6239,179490,"array([ 7.63192869, 10.46434778])"
7418,6239,182546,"array([7.58186676, 8.60585411])"
7419,6239,3565117,"array([7.23493316, 8.76785758])"
7420,6239,259500,"array([ 7.49921341, 10.08434224])"
7421,6239,182538,"array([5.43178477, 9.47185714])"
7422,6239,183483,"array([-2.72496452, 13.07996025])"
7423,6239,187132,"array([-2.73404523, 13.18903122])"
7424,6239,179752,"array([ 6.08454919, 10.02364876])"
7425,6239,259380,"array([ 8.04806681, 10.05966862])"
7426,6239,176999,"array([ 6.63565603, 10.25864846])"
7427,6239,178585,"array([7.46774201, 9.39988438])"
7428,6239,181192,"array([6.59062441, 9.35471975])"
7429,6239,184622,"array([7.75072071, 9.99199608])"
7430,6239,187700,"array([ 7.37868638, 11.01826684])"
7431,6239,171833,"array([8.1421453, 9.7899172])"
7432,6239,171755,"array([7.71388871, 9.59356037])"
7433,6239,187600,"array([7.04064364, 9.2291737 ])"
7434,6239,173655,"array([7.47356548, 9.60406207])"
7435,6239,190039,"array([17.12220045, 13.22763416])"
7436,6239,178171,"array([17.07702453, 13.12611507])"
7437,6239,6418827,"array([16.04112483, 16.43501173])"
7438,6239,180543,"array([16.15088975, 16.4566413 ])"
7439,6239,176555,"array([ 8.19090068, 11.01112918])"
7440,6239,181902,"array([7.51540581, 8.27359417])"
7441,6239,176473,"array([7.48641861, 9.66172135])"
7442,6239,173001,"array([ 6.80242811, 10.07709389])"
7443,6239,3565794,"array([ 6.34156521, 10.90151952])"
7444,6239,178346,"array([ 7.65933784, 10.24502279])"
7445,6239,185352,"array([ 7.54495807, 11.62119118])"
7446,6239,186604,"array([ 7.31375912, 11.50456224])"
7447,6239,178282,"array([7.47958698, 9.05164279])"
7448,6239,4363063,"array([7.88233536, 8.44745143])"
7449,6239,3565170,"array([7.4832222 , 9.64135193])"
7450,6239,189497,"array([6.97712539, 7.9342544 ])"
7451,6239,3896822,"array([ 7.2329159 , 11.57762164])"
7452,6239,185684,"array([7.60936818, 8.85879632])"
7453,6239,172936,"array([8.56291385, 9.45433568])"
7454,6239,190078,"array([7.86768346, 9.49981223])"
7455,6239,182997,"array([ 6.93477013, 10.67956153])"
7456,6239,185944,"array([ 6.67776155, 11.06393141])"
7457,6239,172963,"array([6.67561592, 8.53594541])"
7458,6239,260224,"array([6.41876108, 8.74621885])"
7459,6239,13187936,"array([ 8.2521221 , 10.10160937])"
7460,6239,175592,"array([ 8.94142952, 10.13406523])"
7461,6239,187430,"array([6.69667654, 8.78716523])"
7462,6239,179720,"array([ 8.41460916, 10.63008149])"
7463,6239,189376,"array([ 8.98048398, 10.88525275])"
7464,6239,173285,"array([-3.18765045, 12.66302845])"
7465,6239,179057,"array([-3.22432465, 12.76931734])"
7466,6239,181638,"array([6.70484896, 9.98761978])"
7467,6239,176259,"array([ 7.45858018, 10.6207249 ])"
7468,6239,173143,"array([7.03215245, 9.87736987])"
7469,6239,173084,"array([7.26345288, 9.17782066])"
7470,6239,4363088,"array([6.141905  , 9.23069935])"
7471,6239,181297,"array([ 8.41333891, 10.41546476])"
7472,6239,13190936,"array([ 8.44888393, 10.18342933])"
7473,6239,177925,"array([ 8.09659717, 10.60472813])"
7474,6239,173092,"array([8.34599977, 9.07116721])"
7475,6239,179543,"array([7.24967016, 8.95098325])"
7476,6239,177627,"array([6.8514767 , 8.40367454])"
7477,6239,191654,"array([7.67022042, 9.5606317 ])"
7478,6239,186194,"array([7.59787341, 7.73546377])"
7479,6239,183158,"array([8.34764686, 9.89358709])"
7480,6239,173895,"array([ 6.4742874 , 10.61607388])"
7481,6239,259393,"array([7.97211131, 9.62633539])"
7482,6239,183240,"array([7.98433571, 9.34685218])"
7483,6239,176388,"array([7.00240905, 8.94399489])"
7484,6239,6418702,"array([8.24546421, 8.30400094])"
7485,6239,183741,"array([ 9.07283572, 10.31485386])"
7486,6239,175220,"array([ 8.45855324, 10.2257236 ])"
7487,6239,6418647,"array([ 6.60180912, 10.71288754])"
7488,6239,172321,"array([8.10692952, 9.32623349])"
7489,6239,192083,"array([16.91961803,  6.33110873])"
7490,6239,180753,"array([16.88236094,  6.4455812 ])"
7491,6239,190610,"array([ 7.71343271, 11.60873386])"
7492,6239,180874,"array([ 7.48530505, 10.79645629])"
7493,6239,186366,"array([ 6.24699268, 11.94841886])"
7494,6239,173988,"array([ 6.38831857, 11.33050383])"
7495,6239,185336,"array([ 7.87585749, 10.56227387])"
7496,6239,181745,"array([17.05197112,  8.11725449])"
7497,6239,181691,"array([ 7.72400307, 10.65077421])"
7498,6239,176020,"array([7.68312811, 8.42817484])"
7499,6239,13190284,"array([8.20429746, 8.2399237 ])"
7500,6239,180590,"array([7.88419299, 8.75265897])"
7501,6239,176752,"array([ 6.83252049, 10.57673713])"
7502,6239,182446,"array([5.90785451, 9.2501327 ])"
7503,6239,3564851,"array([ 7.66038092, 10.11627171])"
7504,6239,188680,"array([ 6.58187703, 11.141051  ])"
7505,6239,3564822,"array([13.99980731, 17.79155906])"
7506,6239,187920,"array([13.89736347, 17.74787395])"
7507,6239,177220,"array([8.63278893, 9.12027726])"
7508,6239,3565931,"array([8.05838208, 9.42499464])"
7509,6239,191415,"array([ 6.23610196, 10.50613534])"
7510,6239,182011,"array([ 8.11856444, 10.56882753])"
7511,6239,179920,"array([7.39459378, 9.01266762])"
7512,6239,180946,"array([ 8.37693681, 10.48464549])"
7513,6239,171831,"array([7.81014047, 9.90557485])"
7514,6239,180164,"array([ 6.08997288, 10.90383679])"
7515,6239,182648,"array([7.42300852, 9.42391762])"
7516,6239,185222,"array([ 8.13654315, 10.33354185])"
7517,6239,185535,"array([ 6.38498076, 12.34602003])"
7518,6239,178225,"array([ 6.50561117, 11.83462648])"
7519,6239,181692,"array([ 7.32596102, 12.14965758])"
7520,6239,184997,"array([ 7.19348918, 10.42847975])"
7521,6239,177866,"array([ 7.82272351, 10.67036027])"
7522,6239,178344,"array([ 6.98736051, 10.67049911])"
7523,6239,177918,"array([7.10017146, 9.04178876])"
7524,6239,173322,"array([8.57906212, 9.24519846])"
7525,6239,171744,"array([7.54394048, 9.27789172])"
7526,6239,174928,"array([ 7.36731416, 10.87371299])"
7527,6239,175329,"array([ 5.4865826 , 10.82732504])"
7528,6239,179772,"array([7.76634907, 9.32477456])"
7529,6239,259414,"array([7.87744757, 9.42532908])"
7530,6239,183187,"array([ 7.55653164, 11.11698633])"
7531,6239,173946,"array([ 7.20249355, 10.63093968])"
7532,6239,180231,"array([7.42460433, 9.2758919 ])"
7533,6239,187448,"array([6.94706492, 9.15021271])"
7534,6239,173254,"array([-2.65318784,  6.31161817])"
7535,6239,190838,"array([-2.67543255,  6.42045752])"
7536,6239,179784,"array([7.69652877, 9.1191127 ])"
7537,6239,181647,"array([ 6.12012043, 10.8424596 ])"
7538,6239,178574,"array([8.22324681, 9.43130579])"
7539,6239,179383,"array([ 7.8542687 , 10.48986206])"
7540,6239,182876,"array([ 7.81593388, 10.57658993])"
7541,6239,180018,"array([ 6.86944543, 10.84659488])"
7542,6239,181449,"array([ 6.10561437, 10.04864442])"
7543,6239,177266,"array([ 8.40651376, 10.68125314])"
7544,6239,180871,"array([7.2532123 , 9.89777228])"
7545,6239,183326,"array([ 6.37260296, 10.66436879])"
7546,6239,175023,"array([5.13421661, 9.30768834])"
7547,6239,174700,"array([8.3046067, 9.4132552])"
7548,6239,6418718,"array([7.99936153, 9.57104808])"
7549,6239,176761,"array([ 6.65289065, 10.8117769 ])"
7550,6239,178372,"array([8.15422815, 9.27454509])"
7551,6239,174368,"array([7.02565369, 9.12695284])"
7552,6239,3565469,"array([7.6298904 , 9.87361944])"
7553,6239,172656,"array([8.82645734, 8.18272376])"
7554,6239,175647,"array([7.78611775, 9.94697065])"
7555,6239,177306,"array([7.42463399, 7.6785821 ])"
7556,6239,173352,"array([7.1577982 , 8.78700374])"
7557,6239,176508,"array([7.52041285, 8.6353645 ])"
7558,6239,190615,"array([5.41874772, 9.18894498])"
7559,6239,4363033,"array([ 8.55576169, 10.1860954 ])"
7560,6239,189966,"array([6.85716407, 9.00532298])"
7561,6239,184969,"array([ 7.40005409, 11.07223374])"
7562,6239,173207,"array([ 6.77862935, 10.63763439])"
7563,6239,174519,"array([ 7.71672593, 10.51593945])"
7564,6239,188081,"array([6.44139687, 9.80503517])"
7565,6239,177246,"array([7.08102853, 9.24746515])"
7566,6239,174691,"array([ 9.10070442, 10.82159999])"
7567,6239,13191306,"array([ 7.82938676, 10.43760994])"
7568,6239,179103,"array([7.00983749, 9.45781597])"
7569,6239,3565757,"array([5.34306334, 8.65907677])"
7570,6239,183273,"array([5.2977452, 8.7023668])"
7571,6239,179634,"array([8.2294409 , 9.28984758])"
7572,6239,184107,"array([1.67644195, 1.35296952])"
7573,6239,173507,"array([1.64556489, 1.46053983])"
7574,6239,176092,"array([7.99090883, 9.60803183])"
7575,6239,13181077,"array([-1.98810126, 15.20416635])"
7576,6239,174143,"array([-2.07280137, 15.27552107])"
7577,6239,189032,"array([ 8.26175136, 10.77987396])"
7578,6239,185594,"array([5.72196583, 8.69816246])"
7579,6239,188435,"array([ 8.02233399, 10.24247544])"
7580,6239,182917,"array([ 8.06324471, 11.63906938])"
7581,6239,181822,"array([-3.54331248,  9.96189176])"
7582,6239,176603,"array([-3.65364128,  9.94761004])"
7583,6239,191484,"array([7.48125631, 9.35136471])"
7584,6239,181225,"array([8.05704904, 9.02897101])"
7585,6239,183857,"array([ 8.77175307, 11.24563904])"
7586,6239,185500,"array([8.19148772, 9.16562418])"
7587,6239,179617,"array([ 8.03290217, 10.56406581])"
7588,6239,191072,"array([ 7.66998028, 10.67290715])"
7589,6239,173919,"array([ 7.59771142, 11.33491202])"
7590,6239,3565705,"array([ 8.44326265, 10.71182604])"
7591,6239,176321,"array([ 7.78595084, 10.54557769])"
7592,6239,177681,"array([7.74031884, 8.80942147])"
7593,6239,174642,"array([6.26134012, 9.97120182])"
7594,6239,181128,"array([7.04588921, 9.10542238])"
7595,6239,3565952,"array([7.57903463, 8.09407963])"
7596,6239,172568,"array([6.92816455, 9.25535793])"
7597,6239,192021,"array([ 7.81598102, 10.83778711])"
7598,6239,174998,"array([ 7.74638453, 10.10535538])"
7599,6239,182288,"array([5.41184687, 8.34845302])"
7600,6239,175791,"array([ 6.46767567, 10.75168827])"
7601,6239,3565912,"array([ 4.63863405, 10.13440233])"
7602,6239,180978,"array([ 5.22371478, 10.10257639])"
7603,6239,179468,"array([7.57034447, 8.89293627])"
7604,6239,183118,"array([6.62657112, 9.63245356])"
7605,6239,6418836,"array([8.09183483, 8.88448474])"
7606,6239,177018,"array([ 7.44099286, 10.37746509])"
7607,6239,174011,"array([7.36727239, 9.63396611])"
7608,6239,175218,"array([ 8.10997345, 10.31220928])"
7609,6239,191784,"array([7.87037121, 8.80762261])"
7610,6239,190922,"array([ 5.71153997, 10.53445344])"
7611,6239,191537,"array([ 5.39143372, 10.56932436])"
7612,6239,174163,"array([ 8.87195981, 10.42190162])"
7613,6239,173610,"array([ 8.30698989, 10.75690852])"
7614,6239,176658,"array([7.7177646, 9.9021811])"
7615,6239,173948,"array([8.98752299, 9.43287115])"
7616,6239,176457,"array([8.41328588, 9.6348433 ])"
7617,6239,178413,"array([5.80931422, 9.34133411])"
7618,6239,189226,"array([7.26783425, 9.93841301])"
7619,6239,172593,"array([ 7.7418572 , 10.13416679])"
7620,6239,182987,"array([8.13984196, 9.98709549])"
7621,6239,187211,"array([ 7.80594798, 11.27860877])"
7622,6239,3564920,"array([7.88061895, 9.36455621])"
7623,6239,180785,"array([7.25057225, 8.79623369])"
7624,6239,191164,"array([8.49725197, 8.70035634])"
7625,6239,182037,"array([8.54063024, 8.75375268])"
7626,6239,183461,"array([ 7.33700316, 11.12573111])"
7627,6239,173566,"array([7.95934972, 8.23490203])"
7628,6239,173424,"array([8.09746496, 9.50013946])"
7629,6239,180749,"array([8.71315053, 9.19949009])"
7630,6239,190805,"array([ 6.10829644, 11.48618352])"
7631,6239,173999,"array([ 8.51135312, 10.21659646])"
7632,6239,171700,"array([ 6.57080879, 10.9280066 ])"
7633,6239,175741,"array([ 6.46302388, 10.5776759 ])"
7634,6239,179130,"array([ 7.43716557, 10.61054501])"
7635,6239,177707,"array([7.56291789, 9.69267183])"
7636,6239,174135,"array([7.89531444, 9.73096253])"
7637,6239,13223232,"array([7.11983404, 9.08287372])"
7638,6239,6418742,"array([7.55485098, 8.80617797])"
7639,6239,182191,"array([8.00117076, 8.1389716 ])"
7640,6239,178791,"array([8.10032143, 7.98886789])"
7641,6239,7040191,"array([ 7.18791996, 11.12568662])"
7642,6239,186832,"array([ 9.28611534, 10.33390884])"
7643,6239,181568,"array([ 9.83034677, 10.43914913])"
7644,6239,190268,"array([7.6107756 , 9.99805354])"
7645,6239,188576,"array([ 6.90489757, 10.84664002])"
7646,6239,175565,"array([ 8.61236175, 10.06985357])"
7647,6239,175767,"array([7.83451188, 9.75833408])"
7648,6239,174869,"array([8.18430398, 9.79882648])"
7649,6239,191968,"array([ 7.62296169, 10.89922934])"
7650,6239,182568,"array([8.04885796, 9.23456529])"
7651,6239,190649,"array([6.92899835, 9.19026657])"
7652,6239,177624,"array([7.79970643, 9.47889877])"
7653,6239,191200,"array([6.77354761, 9.34285739])"
7654,6239,189546,"array([ 6.8546802, 10.7747224])"
7655,6239,178457,"array([ 5.43706347, 10.87720859])"
7656,6239,179502,"array([ 7.70788986, 10.30266594])"
7657,6239,173280,"array([ 7.89235477, 10.15687324])"
7658,6239,191222,"array([7.01892466, 8.87564225])"
7659,6239,175123,"array([ 7.50449058, 10.76411973])"
7660,6239,172833,"array([ 8.93299289, 10.93716716])"
7661,6239,173312,"array([ 6.76334496, 11.97541722])"
7662,6239,179932,"array([ 7.62896207, 10.17395345])"
7663,6239,185878,"array([ 6.04448071, 10.566984  ])"
7664,6239,176044,"array([8.64754084, 9.29505162])"
7665,6239,180804,"array([ 7.80609896, 10.44949528])"
7666,6239,181339,"array([ 5.34391979, 10.57995998])"
7667,6239,189911,"array([5.82777243, 9.43488624])"
7668,6239,175050,"array([ 7.1169354 , 11.09445863])"
7669,6239,174777,"array([7.87564454, 9.56963789])"
7670,6239,174713,"array([ 8.19804026, 10.21897292])"
7671,6239,179418,"array([8.0669658 , 9.47920529])"
7672,6239,190057,"array([ 5.57716413, 10.45965949])"
7673,6239,3565593,"array([7.71789007, 7.77654715])"
7674,6239,189165,"array([7.1658162 , 8.91014065])"
7675,6239,183109,"array([ 6.4528638 , 10.96356046])"
7676,6239,172430,"array([ 7.74903812, 10.1687612 ])"
7677,6239,178091,"array([7.88944507, 9.64122599])"
7678,6239,190020,"array([ 5.48861642, 10.26839453])"
7679,6239,179074,"array([ 9.40437546, 10.22354303])"
7680,6239,182164,"array([10.02012525, 10.21886676])"
7681,6239,190261,"array([7.27182783, 9.26064179])"
7682,6239,181427,"array([7.6395728 , 9.53083479])"
7683,6239,173827,"array([8.17429798, 8.94333727])"
7684,6239,174653,"array([6.16805071, 9.3075061 ])"
7685,6239,180925,"array([6.56695639, 9.40198302])"
7686,6239,183350,"array([5.64308931, 9.23407793])"
7687,6239,181363,"array([ 7.74802175, 10.69980185])"
7688,6239,186477,"array([5.82865575, 9.16303154])"
7689,6239,175947,"array([ 7.9971107, 10.553864 ])"
7690,6239,176580,"array([ 6.5477166 , 11.93785817])"
7691,6239,179458,"array([8.11846308, 9.14777953])"
7692,6239,3565738,"array([ 7.54127215, 11.20536723])"
7693,6239,184901,"array([7.67967371, 9.21619538])"
7694,6239,185480,"array([ 8.44269863, 10.99229614])"
7695,6239,181439,"array([7.25399301, 8.83463387])"
7696,6239,189386,"array([7.63339355, 8.37577069])"
7697,6239,185900,"array([ 6.43032549, 10.89563124])"
7698,6239,3565613,"array([ 7.27916746, 10.65873548])"
7699,6239,184416,"array([ 4.91849219, 10.5944499 ])"
7700,6239,174023,"array([ 6.74360646, 10.86344168])"
7701,6239,177276,"array([ 6.59480034, 11.64308969])"
7702,6239,191769,"array([ 6.96537023, 10.97291926])"
7703,6239,259685,"array([ 6.26355599, 10.67255212])"
7704,6239,177491,"array([7.63442399, 9.66852253])"
7705,6239,176298,"array([8.70475068, 9.53279721])"
7706,6239,173671,"array([8.67650735, 9.35539365])"
7707,6239,185734,"array([6.96256679, 8.43293082])"
7708,6239,179113,"array([ 8.54407116, 11.41561901])"
7709,6239,188828,"array([ 6.34980251, 10.82948083])"
7710,6239,180641,"array([7.37219165, 9.78166763])"
7711,6239,187239,"array([ 9.2428494 , 10.10539482])"
7712,6239,174062,"array([ 8.65651008, 10.12165031])"
7713,6239,183395,"array([-2.71022992,  5.4651876 ])"
7714,6239,177744,"array([-2.60441588,  5.50281201])"
7715,6239,189425,"array([7.61394637, 9.18567181])"
7716,6239,175343,"array([8.90582154, 9.76328634])"
7717,6239,175748,"array([7.65291374, 9.84290928])"
7718,6239,179621,"array([ 7.57876647, 11.14153522])"
7719,6239,182350,"array([ 6.28995125, 10.62932228])"
7720,6239,181830,"array([ 9.81048606, 20.44659241])"
7721,6239,188111,"array([ 9.71250715, 20.39191337])"
7722,6239,4926976,"array([ 8.04409333, 10.1667338 ])"
7723,6239,175857,"array([6.26125993, 9.46733982])"
7724,6239,3564813,"array([ 7.05389775, 11.35279114])"
7725,6239,186444,"array([ 8.64143089, 10.60049194])"
7726,6239,180195,"array([ 8.66136913, 10.53353772])"
7727,6239,184367,"array([ 6.70039677, 11.42230629])"
7728,6239,190355,"array([5.26118478, 8.82495019])"
7729,6239,189263,"array([7.67333199, 8.06589491])"
7730,6239,184659,"array([ 6.56107446, 10.99220095])"
7731,6239,184772,"array([10.20131195, 10.51968174])"
7732,6239,178045,"array([7.70674092, 9.52796784])"
7733,6239,3565624,"array([13.98676456, 17.68104336])"
7734,6239,184565,"array([7.58328332, 8.79549141])"
7735,6239,353430,"array([3.80870791, 0.60044696])"
7736,6239,177686,"array([3.92011342, 0.61865978])"
7737,6239,178252,"array([6.36110244, 7.70908137])"
7738,6239,184595,"array([6.49585935, 8.23388818])"
7739,6239,179075,"array([7.37446846, 9.10521837])"
7740,6239,177324,"array([8.0934542 , 9.63419701])"
7741,6239,182576,"array([ 5.50077493, 11.29429528])"
7742,6239,191423,"array([ 5.13553262, 11.65171696])"
7743,6239,188695,"array([ 7.59503261, 11.57329977])"
7744,6239,174594,"array([7.8216195 , 9.78770692])"
7745,6239,181625,"array([ 5.1306197 , 10.27674887])"
7746,6239,177593,"array([6.94426052, 9.28966705])"
7747,6239,178488,"array([9.01690514, 9.52252459])"
7748,6239,179729,"array([0.79849535, 1.59723631])"
7749,6239,178773,"array([0.71983345, 1.67286185])"
7750,6239,181036,"array([7.48688186, 9.73818431])"
7751,6239,180772,"array([6.56871436, 9.44609395])"
7752,6239,178795,"array([ 6.77949842, 10.57063576])"
7753,6239,175945,"array([ 8.66675818, 10.72198108])"
7754,6239,185993,"array([ 5.42514451, 10.08220479])"
7755,6239,178203,"array([6.26237932, 9.93501815])"
7756,6239,175074,"array([ 6.9204196 , 11.40541532])"
7757,6239,189022,"array([ 7.40414014, 10.75159102])"
7758,6239,177490,"array([ 6.05805327, 10.81567398])"
7759,6239,3565354,"array([ 5.57223487, 10.02124673])"
7760,6239,179336,"array([ 5.15139848, 10.4040619 ])"
7761,6239,190949,"array([ 8.39711613, 11.65994672])"
7762,6239,190574,"array([ 8.01380513, 11.21544352])"
7763,6239,191327,"array([5.99226893, 9.14271763])"
7764,6239,174678,"array([6.02531386, 9.22262911])"
7765,6239,183978,"array([7.0281161 , 7.42953992])"
7766,6239,3896779,"array([ 8.11546365, 10.10665939])"
7767,6239,6418604,"array([ 7.15963724, 11.4176761 ])"
7768,6239,181288,"array([ 7.03462385, 10.9406384 ])"
7769,6239,184015,"array([7.80884257, 9.76392979])"
7770,6239,188666,"array([6.56442161, 9.19947786])"
7771,6239,178021,"array([7.70449239, 9.36052057])"
7772,6239,180705,"array([7.59465728, 9.12472099])"
7773,6239,184675,"array([ 6.60621268, 11.42841945])"
7774,6239,179419,"array([7.00732688, 9.04544137])"
7775,6239,180253,"array([8.12032529, 9.71240121])"
7776,6239,184577,"array([8.26954983, 9.71267259])"
7777,6239,181298,"array([ 8.5311534 , 10.07120029])"
7778,6239,190267,"array([7.17272273, 8.58946762])"
7779,6239,181437,"array([8.46651174, 9.37258579])"
7780,6239,190688,"array([8.93484204, 9.05206547])"
7781,6239,188384,"array([7.58112434, 8.84357407])"
7782,6239,178263,"array([7.04665231, 8.98038978])"
7783,6239,176905,"array([7.81510127, 8.41881241])"
7784,6239,185746,"array([ 6.36654698, 11.39332413])"
7785,6239,186441,"array([7.79551799, 9.50830375])"
7786,6239,174527,"array([ 8.56191487, 10.03271546])"
7787,6239,266923,"array([ 8.3641149 , 10.20358434])"
7788,6239,174362,"array([ 7.91055692, 10.7457535 ])"
7789,6239,191152,"array([ 6.28935539, 11.7185809 ])"
7790,6239,187092,"array([7.79072429, 9.38617779])"
7791,6239,181212,"array([8.37239737, 8.93735721])"
7792,6239,184628,"array([8.58748721, 9.04445208])"
7793,6239,186162,"array([9.03258045, 8.75738028])"
7794,6239,179228,"array([ 6.99768379, 10.93569649])"
7795,6239,187266,"array([ 8.16804016, 11.10753223])"
7796,6239,182625,"array([ 8.21125181, 10.73934748])"
7797,6239,173467,"array([ 6.14802158, 10.53066696])"
7798,6239,177853,"array([ 8.30823874, 10.0044499 ])"
7799,6239,177869,"array([ 7.06353246, 11.17740332])"
7800,6239,184431,"array([7.30933953, 9.40061336])"
7801,6239,176687,"array([7.43357956, 8.93257896])"
7802,6239,188882,"array([8.2917754 , 9.37434276])"
7803,6239,171791,"array([7.78298606, 9.88231224])"
7804,6239,174676,"array([8.21491982, 9.72499426])"
7805,6239,172226,"array([ 8.05989135, 10.36495909])"
7806,6239,175310,"array([7.42893036, 9.19341869])"
7807,6239,183902,"array([7.31171079, 9.6670607 ])"
7808,6239,176132,"array([ 8.53545511, 11.04575795])"
7809,6239,186157,"array([5.52920165, 9.20404763])"
7810,6239,171780,"array([ 5.77067572, 11.4581391 ])"
7811,6239,179776,"array([ 5.77163035, 11.94664301])"
7812,6239,187409,"array([7.00148356, 8.41071522])"
7813,6239,183035,"array([7.48724207, 9.23740954])"
7814,6239,180719,"array([ 7.18297061, 11.95536574])"
7815,6239,186922,"array([ 6.35069159, 11.07534539])"
7816,6239,175452,"array([7.91397678, 9.45472659])"
7817,6239,184914,"array([ 8.85700554, 11.13634253])"
7818,6239,177607,"array([ 7.68469955, 10.36487765])"
7819,6239,190740,"array([ 6.34074071, 10.01438619])"
7820,6239,177919,"array([ 6.42629857, 11.4015205 ])"
7821,6239,185731,"array([8.04111717, 8.85937   ])"
7822,6239,172190,"array([7.81734317, 9.16575415])"
7823,6239,183952,"array([5.616069  , 8.88650949])"
7824,6239,179392,"array([7.55609811, 8.6514078 ])"
7825,6239,171666,"array([7.88291405, 7.99096182])"
7826,6239,190993,"array([ 6.91093566, 11.4679639 ])"
7827,6239,180572,"array([ 8.75975841, 10.52735829])"
7828,6239,181161,"array([ 5.36984062, 10.83035861])"
7829,6239,178253,"array([ 7.74580336, 10.84524031])"
7830,6239,179210,"array([8.50068657, 9.70480837])"
7831,6239,179768,"array([ 7.56454307, 11.34972664])"
7832,6239,177314,"array([ 7.44115588, 11.09837761])"
7833,6239,178803,"array([4.81121072, 9.20763446])"
7834,6239,182805,"array([4.37582156, 9.0491245 ])"
7835,6239,13191578,"array([6.07297402, 9.45059675])"
7836,6239,181353,"array([ 8.03323498, 10.14134761])"
7837,6239,172472,"array([ 7.89848532, 11.36047905])"
7838,6239,173157,"array([7.75991022, 9.77424122])"
7839,6239,172559,"array([16.99351945, 11.55262327])"
7840,6239,176078,"array([16.99173625, 11.43982186])"
7841,6239,3565940,"array([8.57555348, 7.95616403])"
7842,6239,178003,"array([7.20039627, 9.36122905])"
7843,6239,13180284,"array([7.62826059, 8.98285779])"
7844,6239,179190,"array([7.68880095, 9.98729208])"
7845,6239,184646,"array([ 7.22963511, 12.4620042 ])"
7846,6239,3565478,"array([6.03269443, 9.07618759])"
7847,6239,179564,"array([ 7.87598178, 10.78539495])"
7848,6239,180369,"array([ 6.95047924, 11.31869229])"
7849,6239,182983,"array([ 5.84376719, 10.65339358])"
7850,6239,188956,"array([-3.55523088, 11.47932972])"
7851,6239,177364,"array([-3.61725937, 11.57395104])"
7852,6239,172345,"array([ 7.11113495, 11.15110759])"
7853,6239,176403,"array([ 7.12414358, 10.6848482 ])"
7854,6239,174584,"array([-4.29892161, 10.19431554])"
7855,6239,173823,"array([-4.37101324, 10.27974259])"
7856,6239,182742,"array([5.346133  , 8.37411084])"
7857,6239,183398,"array([8.74865865, 8.88255102])"
7858,6239,172830,"array([ 7.94587818, 10.06122814])"
7859,6239,179023,"array([ 6.28185182, 11.3260474 ])"
7860,6239,174753,"array([7.47178226, 9.19046358])"
7861,6239,174562,"array([7.88693067, 9.61571295])"
7862,6239,190237,"array([ 7.02770577, 11.40394242])"
7863,6239,177852,"array([ 7.9286133 , 10.31386882])"
7864,6239,176997,"array([7.91640289, 9.9877144 ])"
7865,6239,190605,"array([8.22872691, 9.35013782])"
7866,6239,172067,"array([7.22566134, 8.13762025])"
7867,6239,191055,"array([7.11503065, 8.81618976])"
7868,6239,174621,"array([ 7.54022623, 10.88824115])"
7869,6239,175760,"array([7.5986946 , 8.71975139])"
7870,6239,171761,"array([7.60738761, 9.22003407])"
7871,6239,4927056,"array([ 6.78494239, 10.93692291])"
7872,6239,188915,"array([ 7.89856276, 10.12904995])"
7873,6239,184457,"array([ 5.33547545, 11.07513068])"
7874,6239,185376,"array([ 6.10430688, 11.41865492])"
7875,6239,189114,"array([8.24377256, 8.83563002])"
7876,6239,172320,"array([ 7.84498887, 11.55248051])"
7877,6239,182228,"array([ 7.13453243, 10.59651897])"
7878,6239,172598,"array([5.60362908, 9.37201607])"
7879,6239,177537,"array([ 7.09520949, 10.56936853])"
7880,6239,184098,"array([ 6.51888568, 12.28276003])"
7881,6239,182248,"array([ 6.59978763, 11.75524924])"
7882,6239,180516,"array([7.81678573, 9.6626252 ])"
7883,6239,177833,"array([ 5.98017154, 11.16309105])"
7884,6239,173356,"array([9.14757663, 9.42004852])"
7885,6239,190183,"array([8.53560807, 9.54459601])"
7886,6239,179818,"array([ 9.18387177, 10.79673578])"
7887,6239,179868,"array([ 4.38675107, 20.35922558])"
7888,6239,186340,"array([ 4.41668733, 20.46452567])"
7889,6239,180200,"array([5.48605313, 9.07187532])"
7890,6239,180115,"array([5.63355335, 9.34612625])"
7891,6239,177339,"array([7.6345851, 8.5899719])"
7892,6239,4363077,"array([ 6.41599342, 10.13623374])"
7893,6239,180796,"array([ 6.94148762, 10.57737396])"
7894,6239,178730,"array([5.7876322 , 9.77201477])"
7895,6239,186791,"array([5.57107239, 9.0883127 ])"
7896,6239,186641,"array([5.57411902, 9.96769044])"
7897,6239,179494,"array([ 6.58919425, 10.85086567])"
7898,6239,182114,"array([7.89806952, 9.09500519])"
7899,6239,185970,"array([6.60991394, 7.66533369])"
7900,6239,182815,"array([7.64841223, 8.3302023 ])"
7901,6239,178739,"array([ 8.30930919, 10.98191626])"
7902,6239,187058,"array([ 6.66862759, 11.03307413])"
7903,6239,181911,"array([4.98397201, 8.95041562])"
7904,6239,189110,"array([-3.13946404,  6.07555803])"
7905,6239,172526,"array([-3.16195977,  6.19398291])"
7906,6239,260110,"array([8.5536596 , 9.93828486])"
7907,6239,179239,"array([ 7.1544446 , 10.82755886])"
7908,6239,179766,"array([ 7.19614303, 11.16364393])"
7909,6239,191088,"array([ 6.04729316, 11.38668377])"
7910,6239,184360,"array([ 8.06716544, 11.09768369])"
7911,6239,175998,"array([7.07474574, 8.81161923])"
7912,6239,176682,"array([ 6.65795196, 11.58359457])"
7913,6239,173923,"array([ 6.42347287, 11.09124348])"
7914,6239,186918,"array([7.93670491, 8.74719721])"
7915,6239,181273,"array([ 7.58506207, 11.81960915])"
7916,6239,182981,"array([6.137472  , 8.01893086])"
7917,6239,182487,"array([ 5.87864249, 11.60740475])"
7918,6239,3565529,"array([7.05071099, 7.84241651])"
7919,6239,188325,"array([8.19136776, 9.34129502])"
7920,6239,176158,"array([ 7.34371798, 11.15650918])"
7921,6239,172367,"array([ 6.39906626, 10.65889038])"
7922,6239,174070,"array([ 6.3546493 , 11.74370628])"
7923,6239,180399,"array([ 6.62685012, 11.35608452])"
7924,6239,185622,"array([ 3.05970499, 19.74474894])"
7925,6239,173604,"array([ 2.94935113, 19.70668824])"
7926,6239,178896,"array([ 6.5845626 , 11.31439391])"
7927,6239,190408,"array([8.04434871, 9.81246188])"
7928,6239,182398,"array([ 9.13392838, 10.06743909])"
7929,6239,191311,"array([ 5.90039766, -0.30344389])"
7930,6239,171625,"array([ 5.96087164, -0.39701407])"
7931,6239,178010,"array([ 8.00977417, 10.60284814])"
7932,6239,176012,"array([ 6.98549369, 11.20222815])"
7933,6239,183605,"array([-2.24870769,  6.46322162])"
7934,6239,190700,"array([-2.21927337,  6.35653453])"
7935,6239,189836,"array([8.8490549 , 9.14737818])"
7936,6239,172700,"array([5.76388813, 8.63820151])"
7937,6239,179481,"array([ 7.84299643, 10.51489809])"
7938,6239,186828,"array([8.09838189, 9.27423032])"
7939,6239,191178,"array([8.69724723, 8.9678865 ])"
7940,6239,189706,"array([7.23504361, 8.22932378])"
7941,6239,176890,"array([8.09318051, 9.44319123])"
7942,6239,181277,"array([7.93761649, 8.64376582])"
7943,6239,180123,"array([8.08544401, 7.5749744 ])"
7944,6239,175088,"array([ 8.10216211, 11.20144374])"
7945,6239,187568,"array([ 7.52256685, 11.89551235])"
7946,6239,175606,"array([ 6.401422  , 10.69392503])"
7947,6239,183428,"array([ 5.8129957 , 11.18555352])"
7948,6239,174224,"array([ 8.34019598, 10.59777722])"
7949,6239,188418,"array([ 4.82332984, 20.02647465])"
7950,6239,187041,"array([ 4.92429839, 19.98083976])"
7951,6239,185464,"array([ 2.37356264, 19.39892146])"
7952,6239,190769,"array([ 2.41399797, 19.5020761 ])"
7953,6239,171659,"array([7.36223267, 8.47009443])"
7954,6239,180015,"array([7.37898182, 9.06692862])"
7955,6239,6418638,"array([15.92001754,  4.63103449])"
7956,6239,178370,"array([15.93442217,  4.52207989])"
7957,6239,177074,"array([ 5.71966294, 10.76831127])"
7958,6239,189215,"array([ 5.0999766 , 11.18837117])"
7959,6239,3564966,"array([ 6.12591889, 10.91803763])"
7960,6239,176652,"array([ 8.06251814, 10.40027929])"
7961,6239,173703,"array([ 8.65267136, 10.47056444])"
7962,6239,13188264,"array([ 6.33681968, 11.29389592])"
7963,6239,179015,"array([8.12410433, 9.64813624])"
7964,6239,178299,"array([7.9066314 , 9.23522534])"
7965,6239,176427,"array([7.82408592, 8.99901111])"
7966,6239,182753,"array([6.23240189, 8.41837137])"
7967,6239,172317,"array([5.87337272, 7.98340721])"
7968,6239,176230,"array([11.11678882, -0.46057716])"
7969,6239,183883,"array([11.20987507, -0.52151578])"
7970,6239,185220,"array([0.07459702, 2.13676246])"
7971,6239,175039,"array([0.1497762 , 2.22982753])"
7972,6239,188475,"array([ 6.73913468, 10.42156529])"
7973,6239,178551,"array([7.82037944, 9.09702845])"
7974,6239,187815,"array([8.04807609, 9.09120346])"
7975,6239,191422,"array([5.10585835, 9.50480701])"
7976,6239,260090,"array([ 8.63974441, 11.33167538])"
7977,6239,175405,"array([-0.80773384,  2.40871641])"
7978,6239,183617,"array([-0.7046161 ,  2.46161923])"
7979,6239,191645,"array([9.01335217, 9.06123666])"
7980,6239,190099,"array([9.30540747, 8.98663884])"
7981,6239,4363029,"array([ 6.78230067, 11.07694826])"
7982,6239,189149,"array([ 4.80809894, 10.76570613])"
7983,6239,181103,"array([7.98211731, 9.7805514 ])"
7984,6239,187766,"array([8.33603848, 8.89420651])"
7985,6239,173650,"array([ 8.27034015, 11.02849015])"
7986,6239,176769,"array([8.12136098, 9.91929065])"
7987,6239,176181,"array([7.76857727, 9.28879329])"
7988,6239,4363084,"array([7.5127379 , 8.71138468])"
7989,6239,172073,"array([4.98606812, 9.45166764])"
7990,6239,182382,"array([ 6.82073531, 10.87521287])"
7991,6239,180272,"array([ 5.3263312 , 10.47936697])"
7992,6239,186191,"array([ 7.42237093, 11.74206729])"
7993,6239,179126,"array([8.8717874 , 9.85211075])"
7994,6239,185241,"array([7.76672407, 9.93244058])"
7995,6239,181931,"array([9.12022563, 9.56649245])"
7996,6239,174024,"array([8.51881541, 9.65569621])"
7997,6239,184373,"array([7.85696695, 8.2064532 ])"
7998,6239,173717,"array([ 6.11072122, 11.61145407])"
7999,6239,171593,"array([5.29991445, 8.78256109])"
8000,6239,172142,"array([6.34819908, 8.56391143])"
8001,6239,173501,"array([8.76556388, 9.73400859])"
8002,6239,177659,"array([8.72974148, 9.97667322])"
8003,6239,191771,"array([8.49535834, 9.10533225])"
8004,6239,175261,"array([7.3380137 , 9.09216989])"
8005,6239,178501,"array([6.67628597, 9.54979141])"
8006,6239,171682,"array([ 9.10401786, 10.47442269])"
8007,6239,172986,"array([14.0650232 ,  1.50114855])"
8008,6239,175930,"array([14.12287851,  1.40154831])"
8009,6239,172677,"array([7.89185071, 9.81420556])"
8010,6239,192060,"array([7.61666051, 9.52198327])"
8011,6239,182027,"array([ 6.06459676, 11.53268322])"
8012,6239,181023,"array([8.01940287, 9.78744117])"
8013,6239,176460,"array([ 7.79215201, 10.25276774])"
8014,6239,13218078,"array([ 8.38366572, 10.75024752])"
8015,6239,177759,"array([5.81866007, 9.09802565])"
8016,6239,182048,"array([ 8.06162243, 10.12531939])"
8017,6239,3565901,"array([7.84074205, 9.43938928])"
8018,6239,176551,"array([7.37029536, 9.39454516])"
8019,6239,172544,"array([6.07762228, 8.97435001])"
8020,6239,182698,"array([ 7.96069168, 10.54129567])"
8021,6239,183913,"array([14.46616053,  3.43019797])"
8022,6239,177563,"array([14.57908592,  3.41960495])"
8023,6239,181674,"array([ 8.17501175, 10.24534045])"
8024,6239,180853,"array([ 6.72830593, 11.15616909])"
8025,6239,175155,"array([5.13362738, 9.22157651])"
8026,6239,173711,"array([12.29404765,  1.04832555])"
8027,6239,185322,"array([12.34508157,  1.14542   ])"
8028,6239,174252,"array([7.33379968, 9.24751219])"
8029,6239,175369,"array([ 7.48424132, 10.92499104])"
8030,6239,173799,"array([ 8.13412456, 11.35612257])"
8031,6239,190588,"array([8.98905362, 9.12484732])"
8032,6239,259578,"array([8.36530656, 9.62133838])"
8033,6239,182145,"array([11.19745441, 19.63131119])"
8034,6239,173526,"array([11.28835031, 19.55581926])"
8035,6239,182507,"array([ 8.20026536, 11.50577351])"
8036,6239,175091,"array([ 8.1841831 , 10.10242057])"
8037,6239,179910,"array([7.15674995, 9.08993064])"
8038,6239,177475,"array([ 6.44555225, 11.87602691])"
8039,6239,184885,"array([ 7.67367943, 11.77444096])"
8040,6239,191635,"array([ 6.06459281, 10.52769395])"
8041,6239,188978,"array([8.51679536, 9.59273524])"
8042,6239,13215535,"array([ 6.07746992, 10.08332329])"
8043,6239,181399,"array([8.14331367, 9.52993958])"
8044,6239,184982,"array([ 4.03406574, 10.85863878])"
8045,6239,3565028,"array([ 4.43167007, 10.73737735])"
8046,6239,176634,"array([7.91343874, 8.97614019])"
8047,6239,3565105,"array([5.86608066, 9.18499976])"
8048,6239,176302,"array([ 6.01805923, 11.46283184])"
8049,6239,189058,"array([5.78782587, 8.774148  ])"
8050,6239,173450,"array([ 7.97490388, 11.24505992])"
8051,6239,181756,"array([4.94863187, 9.67629783])"
8052,6239,189051,"array([ 8.0408947 , 10.02083488])"
8053,6239,187137,"array([8.12566311, 8.92521077])"
8054,6239,190086,"array([8.25961162, 9.41516602])"
8055,6239,187972,"array([7.6319819 , 9.05363522])"
8056,6239,186307,"array([ 9.34112609, -0.45427643])"
8057,6239,180546,"array([ 9.45103183, -0.46977173])"
8058,6239,185086,"array([ 6.55879095, 10.80761533])"
8059,6239,185319,"array([ 6.98005476, 11.29653172])"
8060,6239,190325,"array([8.65379824, 9.74500798])"
8061,6239,173081,"array([7.45367252, 9.59144683])"
8062,6239,180035,"array([ 7.89283929, 11.28699753])"
8063,6239,180165,"array([7.70205986, 8.85343515])"
8064,6239,177525,"array([ 8.61502988, 10.7568726 ])"
8065,6239,176277,"array([8.39296083, 9.0033225 ])"
8066,6239,176217,"array([ 7.98278613, 10.59019481])"
8067,6239,184685,"array([ 8.41395204, 10.20413877])"
8068,6239,13186571,"array([7.19450626, 8.06810691])"
8069,6239,179527,"array([7.13550092, 8.7617475 ])"
8070,6239,3565273,"array([7.28305927, 9.4767372 ])"
8071,6239,174761,"array([ 0.26323479, 17.64754987])"
8072,6239,175617,"array([ 0.16362687, 17.60046282])"
8073,6239,174990,"array([ 6.17440859, 11.61387498])"
8074,6239,176037,"array([ 6.56701145, 10.62525198])"
8075,6239,182640,"array([8.42830062, 9.16172606])"
8076,6239,176864,"array([8.5159979 , 9.85040062])"
8077,6239,177970,"array([ 6.40561147, 10.47991724])"
8078,6239,185505,"array([8.62657094, 9.8488349 ])"
8079,6239,184473,"array([7.95846883, 9.37993786])"
8080,6239,173617,"array([ 7.51762269, 11.97229634])"
8081,6239,13214951,"array([ 5.32251226, 11.34025149])"
8082,6239,179255,"array([ 7.77166314, 10.86975691])"
8083,6239,180813,"array([11.20400885, 19.04654064])"
8084,6239,3896799,"array([11.18240978, 18.93788001])"
8085,6239,171948,"array([7.65789774, 9.34072567])"
8086,6239,175528,"array([7.82693551, 9.35862596])"
8087,6239,259487,"array([ 8.75915775, 10.04824308])"
8088,6239,191261,"array([ 6.68396547, 11.00384936])"
8089,6239,176514,"array([ 8.7855749 , 10.38979409])"
8090,6239,188358,"array([ 8.06761824, 10.23711575])"
8091,6239,179216,"array([ 6.45297327, 10.72465519])"
8092,6239,180472,"array([7.49893839, 8.82462126])"
8093,6239,259343,"array([ 5.2889434 , 11.28270932])"
8094,6239,173166,"array([ 7.38374351, 10.71944564])"
8095,6239,180664,"array([ 8.10486248, 10.80675936])"
8096,6239,259719,"array([ 7.9811993 , 11.34183512])"
8097,6239,180016,"array([7.1975676 , 8.31406206])"
8098,6239,3565128,"array([ 8.26237353, 11.48022708])"
8099,6239,184206,"array([17.23404481,  8.91134137])"
8100,6239,174426,"array([17.23224966,  9.02330585])"
8101,6239,176486,"array([ 6.57316911, 10.96128959])"
8102,6239,188324,"array([8.59667277, 9.74205826])"
8103,6239,172571,"array([5.71814219, 8.74430383])"
8104,6239,178445,"array([8.27862801, 9.2508184 ])"
8105,6239,175688,"array([ 0.27805726, 18.23957674])"
8106,6239,3565064,"array([ 0.19523921, 18.16234075])"
8107,6239,178941,"array([5.85730003, 9.10245615])"
8108,6239,186544,"array([ 6.19271424, 10.78607931])"
8109,6239,175536,"array([6.20818632, 8.27011304])"
8110,6239,3565842,"array([ 5.98410363, 11.79807695])"
8111,6239,183464,"array([ 9.54812337, 10.9367462 ])"
8112,6239,187164,"array([ 9.52363789, 11.01457998])"
8113,6239,179960,"array([ 6.81844118, 10.54026487])"
8114,6239,186492,"array([ 8.85590089, 10.86771551])"
8115,6239,175351,"array([ 7.43241726, 11.65857299])"
8116,6239,180945,"array([ 6.89075883, 12.00107938])"
8117,6239,184410,"array([ 6.86314334, 12.499683  ])"
8118,6239,184748,"array([ 5.14165244, 10.35045835])"
8119,6239,177819,"array([ 8.48028261, 10.91253863])"
8120,6239,176862,"array([7.81815107, 9.32147312])"
8121,6239,177396,"array([7.67081131, 7.72387871])"
8122,6239,178875,"array([10.05771508, -0.22834349])"
8123,6239,187696,"array([10.06170255, -0.33905306])"
8124,6239,176847,"array([ 7.891754  , 10.22997313])"
8125,6239,182232,"array([5.08314109, 9.56508688])"
8126,6239,172620,"array([8.69559702, 8.84681665])"
8127,6239,177555,"array([ 6.65427669, 10.15815001])"
8128,6239,184788,"array([7.72275263, 8.94484912])"
8129,6239,176165,"array([10.11207077,  0.29354304])"
8130,6239,180426,"array([10.20904069,  0.34856783])"
8131,6239,178595,"array([ 7.47124033, 20.11582645])"
8132,6239,185254,"array([ 7.57602082, 20.08203339])"
8133,6239,182630,"array([7.3944281 , 8.50178442])"
8134,6239,176873,"array([7.83159406, 9.20049078])"
8135,6239,177702,"array([ 7.27531494, 10.94462602])"
8136,6239,183933,"array([ 8.15392024, 10.47364532])"
8137,6239,3565735,"array([7.80811804, 9.53534447])"
8138,6239,178137,"array([ 8.50088434, 10.74941923])"
8139,6239,174899,"array([7.91438493, 9.95621332])"
8140,6239,177120,"array([ 8.38444116, 11.0297632 ])"
8141,6239,185335,"array([ 8.78601226, 10.58438295])"
8142,6239,171919,"array([7.23580632, 9.8523237 ])"
8143,6239,178058,"array([-2.28285719,  4.99881563])"
8144,6239,188219,"array([-2.19113139,  5.06411173])"
8145,6239,189084,"array([9.09441627, 9.44552036])"
8146,6239,187808,"array([7.98879002, 8.45023891])"
8147,6239,183367,"array([7.49178009, 8.92523722])"
8148,6239,177920,"array([ 5.96188052, 10.6518528 ])"
8149,6239,187671,"array([ 6.7428589 , 11.69839639])"
8150,6239,187089,"array([ 7.24300587, 11.41098058])"
8151,6239,188122,"array([4.31660239, 9.79348624])"
8152,6239,182954,"array([5.58739862, 9.40502253])"
8153,6239,174378,"array([ 6.81750273, 10.76164784])"
8154,6239,180096,"array([ 5.73529867, 11.01260889])"
8155,6239,187037,"array([ 7.60035952, 11.62506615])"
8156,6239,176127,"array([8.26780922, 9.68571207])"
8157,6239,3565639,"array([8.8117326 , 9.47309539])"
8158,6239,188175,"array([ 4.76599627, 10.15127712])"
8159,6239,178702,"array([ 8.64320521, 10.36383318])"
8160,6239,173715,"array([ 5.17516194, 10.83673723])"
8161,6239,13191724,"array([ 5.94183091, 10.14254747])"
8162,6239,3896795,"array([ 7.05319039, 11.9415109 ])"
8163,6239,173933,"array([7.72081812, 8.89636423])"
8164,6239,181552,"array([ 5.72772645, 10.8949554 ])"
8165,6239,182069,"array([8.58949538, 9.3060219 ])"
8166,6239,186719,"array([ 8.71799468, 11.08946972])"
8167,6239,186073,"array([ 6.2236533 , 10.80675612])"
8168,6239,181487,"array([6.6913033 , 8.29452048])"
8169,6239,259844,"array([8.41439711, 7.43821269])"
8170,6239,183268,"array([8.48643172, 8.85945069])"
8171,6239,183682,"array([ 6.9738547 , 11.25493348])"
8172,6239,178999,"array([ 8.04567274, 11.14552985])"
8173,6239,174394,"array([8.76206966, 9.56101327])"
8174,6239,3565470,"array([7.95676936, 9.80072358])"
8175,6239,173906,"array([8.00413638, 9.66219586])"
8176,6239,185392,"array([ 7.68560853, 11.23203578])"
8177,6239,190583,"array([ 6.54822478, 11.02590435])"
8178,6239,3565137,"array([8.99492754, 9.59887716])"
8179,6239,179907,"array([ 7.89128617, 11.48913159])"
8180,6239,180893,"array([-2.41852064,  4.27323773])"
8181,6239,192033,"array([-2.39257267,  4.38155211])"
8182,6239,178909,"array([ 8.40624843, 10.56098148])"
8183,6239,173606,"array([7.46602749, 9.21654243])"
8184,6239,175153,"array([7.64074277, 9.38476478])"
8185,6239,186789,"array([ 8.21996091, 10.88185308])"
8186,6239,183862,"array([ 8.42167159, 10.31751146])"
8187,6239,181668,"array([7.38826298, 8.56404915])"
8188,6239,177959,"array([ 7.8287569 , 11.00864609])"
8189,6239,180614,"array([ 6.48039408, 11.94329857])"
8190,6239,184486,"array([10.80048933, 10.22546017])"
8191,6239,187019,"array([10.48594353, 10.22147898])"
8192,6239,187083,"array([6.41956981, 8.88391953])"
8193,6239,182092,"array([6.05129146, 9.03855717])"
8194,6239,180037,"array([7.32446503, 9.68737866])"
8195,6239,181677,"array([5.0002178 , 9.15646694])"
8196,6239,184612,"array([6.04983062, 9.42363242])"
8197,6239,181383,"array([8.40052648, 9.42055067])"
8198,6239,13189638,"array([6.60093942, 8.96950956])"
8199,6239,259580,"array([ 5.29958845, 11.01797837])"
8200,6239,186770,"array([8.13134299, 9.09085353])"
8201,6239,184566,"array([6.90018766, 8.65325217])"
8202,6239,182435,"array([ 5.8059996, 10.8607256])"
8203,6239,173051,"array([7.71430362, 9.23442733])"
8204,6239,191294,"array([7.53553379, 8.92884734])"
8205,6239,187043,"array([ 8.44998416, 10.36538938])"
8206,6239,188238,"array([ 6.71942472, 11.06647146])"
8207,6239,184759,"array([8.93400628, 9.68506054])"
8208,6239,188163,"array([ 5.51313551, 10.77926016])"
8209,6239,188314,"array([ 8.19026132, 11.62704062])"
8210,6239,3564796,"array([ 8.93645391, 11.03348231])"
8211,6239,186669,"array([8.59361204, 8.82022644])"
8212,6239,186588,"array([8.08693197, 9.19334778])"
8213,6239,174521,"array([8.29976071, 9.03739195])"
8214,6239,186176,"array([8.03673521, 9.67676503])"
8215,6239,189649,"array([ 8.15677268, 10.9734666 ])"
8216,6239,171811,"array([ 7.7229859 , 10.55998713])"
8217,6239,181155,"array([ 8.40325634, 11.19941491])"
8218,6239,184564,"array([ 8.79525672, 11.57047378])"
8219,6239,177067,"array([8.16184173, 8.53218986])"
8220,6239,182803,"array([8.82197289, 9.95886844])"
8221,6239,182964,"array([7.02100337, 8.27906045])"
8222,6239,178237,"array([ 8.48235469, 10.67583129])"
8223,6239,183517,"array([ 8.86982326, 11.04673752])"
8224,6239,188382,"array([ 5.05607915, 10.36814287])"
8225,6239,183311,"array([12.94156374,  1.03289112])"
8226,6239,188916,"array([12.89596241,  0.93099512])"
8227,6239,184032,"array([8.95547282, 9.17094244])"
8228,6239,172605,"array([ 5.60537056, 11.58745003])"
8229,6239,176243,"array([ 6.62657307, 10.97663651])"
8230,6239,175083,"array([ 5.42861385, 10.6649603 ])"
8231,6239,184931,"array([5.61133823, 9.21391085])"
8232,6239,172572,"array([ 4.85400331, 10.44386338])"
8233,6239,178039,"array([8.49415016, 9.80371692])"
8234,6239,184187,"array([ 8.69688444, 10.18535629])"
8235,6239,13184485,"array([11.54629764,  0.52816844])"
8236,6239,178621,"array([11.63274091,  0.45514041])"
8237,6239,182017,"array([5.56961586, 8.87271743])"
8238,6239,172108,"array([5.14423166, 8.51382749])"
8239,6239,180607,"array([7.73106074, 8.76241935])"
8240,6239,178421,"array([8.02332181, 9.9139194 ])"
8241,6239,186551,"array([ 8.60127417, 10.58848295])"
8242,6239,187836,"array([ 8.49204433, 10.17248367])"
8243,6239,190029,"array([ 6.50964851, 11.44119294])"
8244,6239,180620,"array([ 4.20648035, 10.72365787])"
8245,6239,187018,"array([ 4.63975211, 10.62632879])"
8246,6239,172439,"array([ 6.16800993, 10.4933061 ])"
8247,6239,181609,"array([ 8.34491418, 10.69973093])"
8248,6239,176029,"array([ 8.24303368, 10.7252154 ])"
8249,6239,3565891,"array([7.64852257, 8.71421786])"
8250,6239,180828,"array([5.66553239, 9.896127  ])"
8251,6239,178434,"array([ 8.65845188, 10.23440715])"
8252,6239,172607,"array([8.25306896, 8.41681508])"
8253,6239,182459,"array([ 7.71969646, 11.68829513])"
8254,6239,177768,"array([ 8.60770867, 10.12651619])"
8255,6239,173156,"array([ 5.006655  , 10.63000898])"
8256,6239,181342,"array([8.35438695, 9.48286292])"
8257,6239,177030,"array([8.57566013, 8.90719751])"
8258,6239,188546,"array([-1.74843085,  4.59938509])"
8259,6239,181236,"array([-1.68010705,  4.51119936])"
8260,6239,189456,"array([ 6.68635719, 11.10740481])"
8261,6239,184522,"array([ 5.8149604 , 11.57483665])"
8262,6239,191564,"array([ 8.50120734, 10.11038003])"
8263,6239,183222,"array([8.1170642 , 9.88558299])"
8264,6239,181088,"array([7.67351655, 9.05048537])"
8265,6239,185473,"array([ 8.18422644, 10.77083332])"
8266,6239,171657,"array([6.16196543, 8.80538955])"
8267,6239,188388,"array([7.60787583, 9.39743806])"
8268,6239,176461,"array([6.9980678 , 9.09825601])"
8269,6239,179382,"array([5.97915808, 7.91659521])"
8270,6239,3565750,"array([17.12835825, 12.4883639 ])"
8271,6239,189618,"array([17.18204113, 12.39286766])"
8272,6239,176498,"array([ 8.11884522, 11.81560103])"
8273,6239,178754,"array([ 7.8565628 , 11.26136625])"
8274,6239,191104,"array([6.00563544, 9.03440982])"
8275,6239,176998,"array([ 8.89623397, 10.28578839])"
8276,6239,179658,"array([ 4.23142009, 10.86422654])"
8277,6239,171662,"array([5.66465965, 9.03554653])"
8278,6239,187888,"array([ 7.43982655, 10.7944155 ])"
8279,6239,179213,"array([ 7.59378101, 10.49830032])"
8280,6239,175676,"array([ 6.107672  , 10.59568415])"
8281,6239,184059,"array([-3.18155803,  6.31832227])"
8282,6239,176753,"array([ 8.53996168, 10.14836026])"
8283,6239,180237,"array([ 6.86522289, 11.18643516])"
8284,6239,188141,"array([ 7.0313694 , 10.84608151])"
8285,6239,183333,"array([ 7.23178184, 11.63552333])"
8286,6239,189453,"array([8.46518508, 9.20958735])"
8287,6239,186752,"array([8.78848872, 8.62114847])"
8288,6239,178040,"array([8.32114383, 8.97419626])"
8289,6239,173680,"array([7.68625896, 9.01030581])"
8290,6239,186009,"array([8.37330163, 9.68276991])"
8291,6239,178182,"array([ 8.80930758, 12.43772187])"
8292,6239,188063,"array([ 8.56637131, 12.1184482 ])"
8293,6239,188117,"array([-3.19720111,  6.43692248])"
8294,6239,179899,"array([ 8.02305307, 10.07234743])"
8295,6239,180021,"array([7.66346665, 9.08725462])"
8296,6239,184177,"array([11.93412529, 19.21013157])"
8297,6239,185038,"array([11.93267035, 19.3213869 ])"
8298,6239,182309,"array([ 4.71977574, 10.21993407])"
8299,6239,175846,"array([ 8.03271151, 10.67465925])"
8300,6239,172522,"array([9.10758412, 9.26035354])"
8301,6239,189244,"array([13.72106172,  2.62643617])"
8302,6239,3565285,"array([13.63568847,  2.55125796])"
8303,6239,174296,"array([4.85254316, 9.30489704])"
8304,6239,173702,"array([6.99757277, 9.1876624 ])"
8305,6239,3565443,"array([5.3444932 , 9.01557783])"
8306,6239,186579,"array([ 6.40564163, 11.27176889])"
8307,6239,190511,"array([ 6.66395085, 11.84137644])"
8308,6239,188966,"array([7.59804072, 7.63542414])"
8309,6239,184047,"array([-1.12371072, 17.87281997])"
8310,6239,172119,"array([-1.02330867, 17.82453328])"
8311,6239,185431,"array([-3.61104246, 10.05051647])"
8312,6239,179688,"array([7.40705433, 9.39076105])"
8313,6239,172780,"array([ 7.20840604, -0.5504919 ])"
8314,6239,173696,"array([ 7.2812874, -0.6342159])"
8315,6239,188269,"array([ 7.63403293, 11.00828254])"
8316,6239,172178,"array([ 6.27155303, 10.99961827])"
8317,6239,173769,"array([7.475186  , 9.44134547])"
8318,6239,174390,"array([ 4.84755916, 10.10039147])"
8319,6239,191069,"array([ 8.43997747, 10.07204106])"
8320,6239,3565525,"array([8.40571579, 8.54967075])"
8321,6239,173075,"array([8.27498321, 9.46089795])"
8322,6239,180518,"array([ 4.85703402, 10.24651656])"
8323,6239,190359,"array([ 8.49255601, 10.4955816 ])"
8324,6239,191497,"array([5.00288577, 8.76693435])"
8325,6239,183101,"array([7.89834949, 9.39798005])"
8326,6239,3565192,"array([ 8.58370524, 10.53082035])"
8327,6239,190259,"array([7.28227847, 9.02234365])"
8328,6239,177383,"array([ 8.28393178, 11.17806988])"
8329,6239,186862,"array([ 8.87156437, 10.71877957])"
8330,6239,188488,"array([ 6.59971851, 11.47415958])"
8331,6239,180372,"array([ 9.3301955 , 11.05854006])"
8332,6239,188606,"array([8.50590125, 7.90304439])"
8333,6239,3565223,"array([ 6.89577811, 11.30866258])"
8334,6239,174776,"array([7.11002609, 8.85376244])"
8335,6239,3565160,"array([9.13060537, 9.88044743])"
8336,6239,173784,"array([5.34514601, 9.62617686])"
8337,6239,187408,"array([8.38739366, 9.12344164])"
8338,6239,174138,"array([8.6155834 , 9.52940683])"
8339,6239,179561,"array([5.98725375, 9.07181904])"
8340,6239,187234,"array([ 5.54505546, 12.33973075])"
8341,6239,174860,"array([7.87303815, 8.99774667])"
8342,6239,189747,"array([6.66767393, 8.49061506])"
8343,6239,3565636,"array([ 3.2248748 , 19.21366534])"
8344,6239,266886,"array([ 3.32800183, 19.25818023])"
8345,6239,4363062,"array([ 8.73581517, 10.68852111])"
8346,6239,192073,"array([ 4.25190288, 10.26529767])"
8347,6239,185196,"array([ 7.88192065, -0.27484469])"
8348,6239,175593,"array([ 7.83283704, -0.37230977])"
8349,6239,176995,"array([ 7.54892134, 10.92730858])"
8350,6239,172257,"array([7.57440948, 9.44752571])"
8351,6239,185098,"array([ 8.94090321, 11.26534361])"
8352,6239,188075,"array([ 9.31831438, 11.51338221])"
8353,6239,191655,"array([ 8.52596044, 11.91072787])"
8354,6239,178810,"array([ 7.36075777, 11.37649607])"
8355,6239,184024,"array([8.00496936, 9.41102246])"
8356,6239,181865,"array([6.12109178, 8.82120134])"
8357,6239,179550,"array([7.45634595, 9.42244357])"
8358,6239,179657,"array([ 7.07894552, 10.71778335])"
8359,6239,266912,"array([ 6.23514588, 10.97100907])"
8360,6239,186723,"array([ 4.71597862, 11.45780719])"
8361,6239,192064,"array([7.85017101, 8.71154492])"
8362,6239,176654,"array([7.38736673, 8.42872958])"
8363,6239,180443,"array([7.06254945, 8.44169403])"
8364,6239,179542,"array([-1.35220795, 16.07729619])"
8365,6239,189876,"array([-1.25438423, 16.02130398])"
8366,6239,176577,"array([8.40699195, 9.36867115])"
8367,6239,353395,"array([ 3.17248835, 19.78267115])"
8368,6239,181409,"array([ 6.10884174, 10.81336066])"
8369,6239,181198,"array([8.06638222, 9.55585678])"
8370,6239,182155,"array([8.59290239, 8.35069796])"
8371,6239,189284,"array([8.21057224, 8.76413888])"
8372,6239,173874,"array([7.30272777, 8.77205256])"
8373,6239,189814,"array([7.85082162, 9.59474685])"
8374,6239,184086,"array([6.1645751 , 9.21472928])"
8375,6239,3565959,"array([ 6.18091463, 10.84922642])"
8376,6239,4363060,"array([ 7.07370619, 12.06588343])"
8377,6239,3565421,"array([15.61292271, 15.8981746 ])"
8378,6239,172163,"array([15.64144126, 15.79024174])"
8379,6239,4926972,"array([8.33458013, 9.26201757])"
8380,6239,6418633,"array([8.64448773, 9.40952894])"
8381,6239,184376,"array([ 7.66107254, 11.43601204])"
8382,6239,173136,"array([ 8.10314053, 10.25039993])"
8383,6239,187223,"array([ 6.33345401, 11.14172573])"
8384,6239,186008,"array([ 8.49436022, 10.99669566])"
8385,6239,178017,"array([8.03860584, 9.52575558])"
8386,6239,178907,"array([8.12969666, 9.24528753])"
8387,6239,353425,"array([7.93931351, 8.3954729 ])"
8388,6239,178290,"array([16.8689375 , 14.45970092])"
8389,6239,189367,"array([16.84707024, 14.3503645 ])"
8390,6239,181302,"array([ 6.23138147, 10.75770505])"
8391,6239,174483,"array([11.10795839, 19.70417505])"
8392,6239,183610,"array([6.34733021, 9.24581742])"
8393,6239,176363,"array([7.88134055, 9.5418265 ])"
8394,6239,186765,"array([6.05129058, 7.87830798])"
8395,6239,180433,"array([5.71334214, 9.96045335])"
8396,6239,186958,"array([ 8.14776556, 11.1546751 ])"
8397,6239,3896740,"array([ 9.03499436, 11.22410267])"
8398,6239,6418611,"array([6.22817121, 8.82310088])"
8399,6239,190224,"array([7.89978063, 9.87565554])"
8400,6239,176197,"array([8.4854727 , 9.88851719])"
8401,6239,186512,"array([8.00246556, 8.96281263])"
8402,6239,175082,"array([ 8.1801365 , 10.03685196])"
8403,6239,189094,"array([ 8.50651872, 10.42675973])"
8404,6239,189922,"array([5.10172035, 7.52469264])"
8405,6239,3565110,"array([ 4.98621843, 10.91935465])"
8406,6239,173427,"array([ 8.42695158, 10.94181312])"
8407,6239,173622,"array([3.91373674, 9.73966023])"
8408,6239,183332,"array([ 6.48931131, 11.09856409])"
8409,6239,179760,"array([13.99102207,  1.59048363])"
8410,6239,182163,"array([ 4.85955193, 10.17690477])"
8411,6239,171726,"array([ 9.18867823, 10.18508361])"
8412,6239,188646,"array([10.88944204, -0.07195704])"
8413,6239,187208,"array([1.08113789e+01, 7.05402164e-03])"
8414,6239,180394,"array([8.25661513, 9.56891041])"
8415,6239,190797,"array([8.36543214, 9.75107507])"
8416,6239,176785,"array([7.87378013, 9.88625537])"
8417,6239,3565251,"array([ 4.09364376, 19.71972166])"
8418,6239,191018,"array([ 4.05322452, 19.82143719])"
8419,6239,175143,"array([ 8.922581 , 10.8109881])"
8420,6239,173771,"array([6.95333558, 7.33517949])"
8421,6239,188303,"array([5.49657958, 8.65947861])"
8422,6239,182061,"array([8.60978631, 9.58454073])"
8423,6239,189686,"array([7.49855366, 9.19082011])"
8424,6239,184000,"array([ 5.82816036, 11.40666467])"
8425,6239,173902,"array([5.64178125, 7.57354551])"
8426,6239,259465,"array([8.83673387, 9.57878217])"
8427,6239,3565515,"array([ 8.85851953, 10.10325042])"
8428,6239,185428,"array([5.90052034, 8.31888875])"
8429,6239,173685,"array([ 8.44045311, 10.53087695])"
8430,6239,178891,"array([6.47405805, 9.18119367])"
8431,6239,189978,"array([7.1349647 , 9.01942338])"
8432,6239,172121,"array([8.72022468, 9.06432486])"
8433,6239,266915,"array([ 5.44315903, 11.55147425])"
8434,6239,191032,"array([4.74700453, 7.97113105])"
8435,6239,172580,"array([-3.42464287,  8.76610475])"
8436,6239,173586,"array([-3.38863474,  8.87107101])"
8437,6239,3564985,"array([ 8.27278736, 11.24652357])"
8438,6239,182407,"array([ 7.66692692, 12.44387991])"
8439,6239,175052,"array([6.82620043, 8.91767784])"
8440,6239,174497,"array([12.55367196, 19.11706259])"
8441,6239,189638,"array([12.51445808, 19.01219502])"
8442,6239,2565697,"array([ 8.49834349, 10.03136724])"
8443,6239,172364,"array([ 7.97628074, 11.43271594])"
8444,6239,182321,"array([7.04307031, 8.90737644])"
8445,6239,176065,"array([8.07405732, 8.93788516])"
8446,6239,172222,"array([ 9.20646221, 11.11204609])"
8447,6239,189764,"array([8.54251956, 9.7114963 ])"
8448,6239,174784,"array([ 7.93102059, 11.57389774])"
8449,6239,180544,"array([7.00938014, 7.79370998])"
8450,6239,181377,"array([ 5.02908734, 10.70603739])"
8451,6239,188963,"array([7.30253759, 8.25525723])"
8452,6239,178200,"array([17.64460174, 11.4202219 ])"
8453,6239,192088,"array([17.53302329, 11.42320823])"
8454,6239,172964,"array([6.82992259, 0.22126847])"
8455,6239,180029,"array([6.8318957 , 0.10980534])"
8456,6239,190706,"array([7.55351825, 8.33478651])"
8457,6239,171595,"array([7.37611042, 8.36697908])"
8458,6239,184557,"array([8.25688717, 8.51705174])"
8459,6239,174264,"array([ 8.57230233, 10.28070106])"
8460,6239,173096,"array([8.8400452 , 9.64608102])"
8461,6239,187283,"array([8.46600943, 8.42922322])"
8462,6239,182959,"array([ 8.99956925, 10.69960895])"
8463,6239,191766,"array([17.2909113 ,  9.98127352])"
8464,6239,190064,"array([17.30759807,  9.87247443])"
8465,6239,182969,"array([6.97968784, 8.88412625])"
8466,6239,4363006,"array([-0.59999554,  2.5168865 ])"
8467,6239,3896883,"array([-3.17824446, 10.717859  ])"
8468,6239,3564934,"array([-3.2593986 , 10.79062731])"
8469,6239,186891,"array([7.18077343, 8.22248473])"
8470,6239,175920,"array([ 5.23998641, 10.93306858])"
8471,6239,188500,"array([ 8.66966579, 10.63365388])"
8472,6239,182922,"array([ 5.93969088, 11.62136839])"
8473,6239,191468,"array([5.72323708, 7.54364133])"
8474,6239,178470,"array([ 8.39825604, 11.26139208])"
8475,6239,184511,"array([ 4.43498408, 10.53039477])"
8476,6239,180118,"array([ 7.04291183, 11.67641354])"
8477,6239,172231,"array([7.98358326, 9.91570422])"
8478,6239,184078,"array([7.80994363, 9.42432968])"
8479,6239,181551,"array([6.41603012, 8.68320028])"
8480,6239,190138,"array([8.01790782, 9.32644908])"
8481,6239,186249,"array([9.22689597, 0.14726962])"
8482,6239,3896821,"array([7.69197388, 8.13302934])"
8483,6239,184293,"array([7.16272147, 8.99220534])"
8484,6239,259589,"array([ 6.26412008, 11.38897199])"
8485,6239,182239,"array([ 6.11027965, 11.98334939])"
8486,6239,186543,"array([8.74358962, 9.469172  ])"
8487,6239,190668,"array([ 6.44047996, 11.28278702])"
8488,6239,259699,"array([7.99230605, 9.50132069])"
8489,6239,180484,"array([ 8.78686073, 11.17351986])"
8490,6239,180236,"array([7.67707716, 8.63766097])"
8491,6239,188615,"array([ 8.59405629, 10.70479886])"
8492,6239,13221552,"array([ 8.70280945, 10.27827897])"
8493,6239,190000,"array([7.78157536, 8.93685828])"
8494,6239,3565793,"array([5.92681068, 9.19677068])"
8495,6239,189769,"array([8.67993637, 9.63683396])"
8496,6239,174922,"array([ 6.15178845, 10.72378072])"
8497,6239,13218291,"array([8.43076079, 8.93502341])"
8498,6239,178441,"array([ 8.45501421, 10.86286328])"
8499,6239,181240,"array([9.43161786, 8.86273356])"
8500,6239,191649,"array([4.89576769, 6.50225278])"
8501,6239,190507,"array([ 1.06703655, 18.65237507])"
8502,6239,3565589,"array([ 0.97891445, 18.58269169])"
8503,6239,187147,"array([7.2870372, 9.1972191])"
8504,6239,189758,"array([ 7.47365494, 10.105987  ])"
8505,6239,174485,"array([ 7.88166732, 20.94765942])"
8506,6239,190092,"array([ 7.88197772, 20.8387085 ])"
8507,6239,184591,"array([ 7.47572634, 11.64053446])"
8508,6239,187214,"array([ 8.57159335, 10.39382925])"
8509,6239,4363002,"array([6.21337274, 9.25353588])"
8510,6239,189013,"array([7.9879617, 8.9236372])"
8511,6239,189610,"array([ 6.44644615, 10.8336395 ])"
8512,6239,13212672,"array([ 8.30284372, 20.30618306])"
8513,6239,186774,"array([ 8.36636373, 20.21487777])"
8514,6239,13190610,"array([-3.27834076,  8.1184173 ])"
8515,6239,180658,"array([-3.3722845 ,  8.05575642])"
8516,6239,175478,"array([5.32295436, 8.44202219])"
8517,6239,353437,"array([6.69082173, 8.86344832])"
8518,6239,353482,"array([8.48669017, 8.13100182])"
8519,6239,189901,"array([17.68084486, 10.62522814])"
8520,6239,174856,"array([17.69978033, 10.50918036])"
8521,6239,181937,"array([ 8.40212455, 11.56300564])"
8522,6239,180425,"array([7.11067361, 8.45671283])"
8523,6239,259695,"array([17.65351412, 10.73940957])"
8524,6239,184558,"array([5.81134709, 8.45356061])"
8525,6239,189750,"array([ 9.28107973, 11.3004479 ])"
8526,6239,173433,"array([4.81176401, 7.90143622])"
8527,6239,36805062,"array([ 6.65913592, 11.39987661])"
8528,6239,190803,"array([6.86412087, 8.68023661])"
8529,6239,182499,"array([5.46794584, 9.69116966])"
8530,6239,36804988,"array([ 7.32809119, 11.4378895 ])"
8531,6239,36805057,"array([ 6.8661432 , 11.39599395])"
8532,6239,36804987,"array([ 7.13639775, 11.46241713])"
8533,6239,36805074,"array([ 7.13634753, 11.51110546])"
8534,6239,36805035,"array([ 7.25556901, 11.45220725])"
8535,6239,36805005,"array([ 7.36625668, 11.42653604])"
8536,6239,36805066,"array([ 7.01762715, 11.45682673])"
8537,6239,266845,"array([ 7.67209686, 10.53034639])"
8538,6239,3564779,"array([ 7.90725797, 10.26122256])"
8539,6239,184750,"array([ 6.66820136, 10.10194741])"
8540,6239,173324,"array([ 5.52345757, 10.88619703])"
8541,6239,188746,"array([ 5.56531953, 10.95030544])"
8542,6239,171615,"array([ 5.57536174, 10.90385487])"
8543,6239,180857,"array([3.78235907, 0.10942216])"
8544,6239,181598,"array([3.89456524, 0.1280137 ])"
8545,6239,171677,"array([ 5.51095747, 10.34575413])"
8546,6239,173940,"array([ 6.57727111, 11.10660421])"
8547,6239,175898,"array([ 7.09234963, 10.91712966])"
8548,6239,175711,"array([ 6.60611998, 11.09376974])"
8549,6239,172479,"array([ 6.8091609 , 11.24143913])"
8550,6239,191044,"array([ 6.71366742, 11.2021554 ])"
8551,6239,181833,"array([ 6.74917314, 11.1902277 ])"
8552,6239,187385,"array([ 6.79005164, 11.18918121])"
8553,6239,178604,"array([ 6.49017515, 11.06823025])"
8554,6239,180654,"array([ 6.6779515 , 11.19760677])"
8555,6239,180508,"array([ 6.76985608, 11.22267199])"
8556,6239,187419,"array([6.53061018, 9.63548661])"
8557,6239,177812,"array([ 7.26537811, 11.05569091])"
8558,6239,173884,"array([ 6.81140999, 11.01569278])"
8559,6239,179411,"array([ 7.03259975, 11.09868402])"
8560,6239,172786,"array([ 6.8488275 , 10.43697949])"
8561,6239,3565992,"array([ 5.72982578, 10.06800493])"
8562,6239,175907,"array([ 7.13613315, 11.34533708])"
8563,6239,173209,"array([-2.65464484,  2.86716368])"
8564,6239,181575,"array([-2.75738107,  2.81122323])"
8565,6239,177470,"array([8.58472893, 9.63832794])"
8566,6239,6418826,"array([8.53533019, 9.49923569])"
8567,6239,182280,"array([8.47960444, 9.42816099])"
8568,6239,179921,"array([8.49164899, 9.4759474 ])"
8569,6239,176780,"array([ 6.70234664, 11.26668133])"
8570,6239,174301,"array([ 6.70951332, 11.30402724])"
8571,6239,179828,"array([ 6.58361474, 11.25667009])"
8572,6239,181373,"array([ 6.6700587 , 11.24616121])"
8573,6239,177294,"array([ 6.61242424, 11.21368715])"
8574,6239,191275,"array([8.0262499 , 9.94663055])"
8575,6239,189926,"array([8.77938309, 9.90515489])"
8576,6239,187085,"array([8.76227248, 9.84169631])"
8577,6239,180868,"array([6.85408795, 8.88870937])"
8578,6239,179962,"array([7.17527322, 9.32268358])"
8579,6239,175527,"array([12.71011281,  1.62239328])"
8580,6239,172995,"array([ 6.05789921, 10.92434752])"
8581,6239,171803,"array([ 8.10163769, 10.28967417])"
8582,6239,176757,"array([ 5.30516773, -0.18608404])"
8583,6239,172602,"array([ 5.29558836, -0.06858127])"
8584,6239,187322,"array([ 5.10547721, 10.66443169])"
8585,6239,172747,"array([ 4.45228485, 10.38189436])"
8586,6239,188896,"array([5.7264191 , 9.35436697])"
8587,6239,3565704,"array([6.56729625, 9.65201238])"
8588,6239,173525,"array([8.02750151, 9.56285824])"
8589,6239,173901,"array([7.80642624, 9.73846527])"
8590,6239,172797,"array([ 8.1864391 , 10.61561998])"
8591,6239,177900,"array([ 8.42814936, 10.26537138])"
8592,6239,189832,"array([ 5.6354581 , 11.30982491])"
8593,6239,183576,"array([ 5.76485378, 11.23722507])"
8594,6239,13210326,"array([ 5.78107703, 11.33670913])"
8595,6239,184188,"array([ 5.6396693 , 11.19438045])"
8596,6239,189684,"array([ 5.54256386, 11.22139554])"
8597,6239,189193,"array([ 5.49968736, 11.01127563])"
8598,6239,259887,"array([ 5.69442169, 11.33499298])"
8599,6239,187025,"array([ 5.72057039, 11.18672212])"
8600,6239,181217,"array([ 5.67243708, 11.15253174])"
8601,6239,191455,"array([ 5.63421632, 11.10816951])"
8602,6239,187540,"array([ 5.50549828, 11.17578031])"
8603,6239,179311,"array([ 5.49205806, 11.06950105])"
8604,6239,189964,"array([ 5.5896025 , 11.26995866])"
8605,6239,174319,"array([ 5.57698652, 11.11876591])"
8606,6239,190365,"array([ 5.73901178, 11.30171203])"
8607,6239,184806,"array([ 5.61122825, 11.15428782])"
8608,6239,353481,"array([ 5.79508601, 11.28188885])"
8609,6239,171785,"array([ 5.44649028, 10.99812934])"
8610,6239,179072,"array([ 5.6411449 , 11.25187286])"
8611,6239,174287,"array([ 5.46840922, 11.12026464])"
8612,6239,192000,"array([ 5.59472809, 11.0666918 ])"
8613,6239,172388,"array([ 5.52243261, 11.12866235])"
8614,6239,189416,"array([ 5.68496681, 11.28314557])"
8615,6239,184665,"array([ 5.44140251, 11.05789638])"
8616,6239,185828,"array([ 5.562831  , 11.17104455])"
8617,6239,179916,"array([ 6.62877281, 10.93234924])"
8618,6239,185054,"array([ 5.54085381, 11.07655062])"
8619,6239,173538,"array([ 5.59747351, 11.21683583])"
8620,6239,173674,"array([ 5.71818209, 11.25093159])"
8621,6239,185339,"array([ 5.5489109 , 11.02595763])"
8622,6239,179546,"array([ 8.04120592, 10.32398846])"
8623,6239,184627,"array([7.50312972, 9.93200888])"
8624,6239,183887,"array([6.83897153, 9.06295697])"
8625,6239,184305,"array([ 6.61869557, 10.80249776])"
8626,6239,175370,"array([ 7.91369551, 10.92835441])"
8627,6239,181792,"array([7.17468996, 8.73984642])"
8628,6239,180375,"array([7.21534605, 8.64854472])"
8629,6239,182390,"array([7.26800854, 8.7484123 ])"
8630,6239,179745,"array([7.02290016, 8.71645627])"
8631,6239,179643,"array([7.15700335, 8.70148555])"
8632,6239,177692,"array([7.44829546, 8.76910949])"
8633,6239,173928,"array([7.52065633, 8.75031158])"
8634,6239,184391,"array([7.30283564, 8.73200407])"
8635,6239,172750,"array([7.3824344 , 8.68511768])"
8636,6239,13215914,"array([7.12553454, 8.72026117])"
8637,6239,184702,"array([7.19776313, 8.71188934])"
8638,6239,175926,"array([7.25177329, 8.63219902])"
8639,6239,185046,"array([7.3021275 , 8.66937949])"
8640,6239,172947,"array([7.34718638, 8.66332367])"
8641,6239,185290,"array([7.31788712, 8.69985806])"
8642,6239,181176,"array([7.56334875, 8.75794304])"
8643,6239,174937,"array([7.41493868, 8.70504352])"
8644,6239,183726,"array([7.3514344 , 8.71227389])"
8645,6239,186996,"array([7.04389342, 8.65626143])"
8646,6239,186969,"array([7.39835844, 8.81095594])"
8647,6239,174073,"array([7.69199711, 9.29849988])"
8648,6239,191956,"array([7.41918121, 8.74048343])"
8649,6239,182600,"array([7.23027266, 8.68652967])"
8650,6239,182194,"array([7.19921794, 8.77137427])"
8651,6239,174820,"array([7.08568191, 8.64797778])"
8652,6239,182231,"array([7.37881398, 8.64006889])"
8653,6239,189143,"array([7.1686537 , 8.63858139])"
8654,6239,190075,"array([7.44956864, 8.68758181])"
8655,6239,190565,"array([7.05865966, 8.69482826])"
8656,6239,175838,"array([7.23223651, 8.72651696])"
8657,6239,179732,"array([7.3354479 , 8.79454834])"
8658,6239,176937,"array([7.40955193, 8.77607954])"
8659,6239,4927037,"array([6.80205607, 9.18941626])"
8660,6239,181085,"array([7.4630486 , 8.72467479])"
8661,6239,3564983,"array([7.37496413, 9.82624427])"
8662,6239,177129,"array([7.27145513, 8.70586426])"
8663,6239,174524,"array([7.59569315, 9.42422984])"
8664,6239,175309,"array([7.1288594 , 8.67356939])"
8665,6239,190701,"array([7.42042505, 8.65669027])"
8666,6239,181157,"array([4.76191135, 9.93951589])"
8667,6239,177975,"array([-2.82798982, 12.2264144 ])"
8668,6239,183626,"array([5.4506194 , 7.86928891])"
8669,6239,185675,"array([ 5.58195188, 10.41143706])"
8670,6239,178877,"array([6.70438028, 7.91395726])"
8671,6239,181337,"array([7.13061163, 9.30288309])"
8672,6239,183041,"array([ 3.29897308, 20.31555298])"
8673,6239,178443,"array([ 3.40527265, 20.2787453 ])"
8674,6239,171797,"array([6.49788613, 8.91839711])"
8675,6239,175520,"array([6.91952307, 9.08876406])"
8676,6239,179539,"array([6.70178724, 9.12976039])"
8677,6239,178866,"array([6.5323966 , 9.19133235])"
8678,6239,177361,"array([6.76319201, 9.13815756])"
8679,6239,187559,"array([ 6.21173415, 10.48074987])"
8680,6239,179123,"array([7.25959026, 9.11877494])"
8681,6239,3896816,"array([ 6.76767927, 10.33788804])"
8682,6239,3565444,"array([6.37399124, 9.22136633])"
8683,6239,188368,"array([7.78227978, 9.61309977])"
8684,6239,189789,"array([ 6.12955154, 10.32857288])"
8685,6239,177964,"array([8.58211513, 9.96826614])"
8686,6239,189815,"array([7.34524128, 9.06182619])"
8687,6239,3565463,"array([-0.9858742 ,  3.08029617])"
8688,6239,172723,"array([-0.9534789 ,  3.18685834])"
8689,6239,174092,"array([8.16702362, 9.30936583])"
8690,6239,181332,"array([ 4.58457846, 11.4267104 ])"
8691,6239,174157,"array([ 8.07158639, 10.62724027])"
8692,6239,172587,"array([ 7.54985014, 11.08454517])"
8693,6239,184918,"array([ 7.58903123, 10.66281608])"
8694,6239,177301,"array([ 8.15639641, 10.38819354])"
8695,6239,173980,"array([ 7.7986458 , 10.68493978])"
8696,6239,174435,"array([ 8.06421855, 10.73477141])"
8697,6239,191292,"array([ 7.76094483, 10.95538668])"
8698,6239,177264,"array([ 7.61402856, 11.03783866])"
8699,6239,176528,"array([ 8.17454524, 10.51060968])"
8700,6239,179515,"array([ 6.94729017, 11.1509687 ])"
8701,6239,191712,"array([ 7.80358841, 10.64465578])"
8702,6239,180800,"array([ 6.15866553, 11.27464979])"
8703,6239,178790,"array([ 5.31678779, -0.30359929])"
8704,6239,175103,"array([1.34153432, 0.84677479])"
8705,6239,175132,"array([1.23856956, 0.80225532])"
8706,6239,175992,"array([ 8.40608321, 10.11508235])"
8707,6239,190351,"array([8.39313394, 9.94510607])"
8708,6239,3564777,"array([8.38593939, 9.88672467])"
8709,6239,171789,"array([7.92724178, 9.87152178])"
8710,6239,188485,"array([8.24869246, 9.6348571 ])"
8711,6239,187253,"array([ 8.38644338, 10.31345109])"
8712,6239,173857,"array([ 8.37500359, 10.01565226])"
8713,6239,177982,"array([ 8.39461823, 10.26099046])"
8714,6239,183613,"array([8.23869405, 9.66817064])"
8715,6239,189510,"array([8.33117215, 9.86257145])"
8716,6239,188730,"array([8.33078375, 9.78403981])"
8717,6239,185379,"array([8.34606425, 9.96204264])"
8718,6239,187481,"array([ 8.34161462, 10.07574046])"
8719,6239,178510,"array([ 8.40994834, 10.15903313])"
8720,6239,178241,"array([8.37319063, 9.97831062])"
8721,6239,3564857,"array([6.94341564, 9.70075709])"
8722,6239,172262,"array([ 7.44319487, 10.83265856])"
8723,6239,24104835,"array([ 7.73072796, 10.72774128])"
8724,6239,177082,"array([ 8.07582402, 10.58345299])"
8725,6239,177954,"array([ 7.63478461, 10.96310802])"
8726,6239,171687,"array([8.15988774, 9.94223055])"
8727,6239,171807,"array([ 7.7685577 , 10.68508395])"
8728,6239,178350,"array([ 7.87904664, 10.47514527])"
8729,6239,175500,"array([ 8.13925489, 10.29767678])"
8730,6239,259654,"array([ 8.0442147 , 10.59483929])"
8731,6239,174303,"array([ 8.1728836, 10.3107504])"
8732,6239,180850,"array([8.04269673, 9.60415036])"
8733,6239,175732,"array([ 7.93300693, 10.36083419])"
8734,6239,177004,"array([ 7.98841104, 10.23916452])"
8735,6239,175540,"array([7.94064293, 9.44291158])"
8736,6239,180884,"array([ 8.17831122, 10.0024735 ])"
8737,6239,174031,"array([ 7.09780559, 10.98140524])"
8738,6239,4363028,"array([8.08917949, 9.69223285])"
8739,6239,172845,"array([6.68575069, 9.15926654])"
8740,6239,175885,"array([8.31562011, 9.2135153 ])"
8741,6239,179420,"array([7.04995901, 8.74060691])"
8742,6239,173786,"array([7.3100657 , 8.63269078])"
8743,6239,175156,"array([7.48202499, 8.76245794])"
8744,6239,176242,"array([ 6.01609591, 10.66934062])"
8745,6239,179834,"array([8.12433076, 9.57713508])"
8746,6239,181555,"array([7.89327131, 9.3289481 ])"
8747,6239,172624,"array([ 7.98445343, 10.29425583])"
8748,6239,181453,"array([ 8.22617381, 10.20491858])"
8749,6239,172937,"array([8.19382067, 9.69777403])"
8750,6239,173912,"array([ 7.97820732, 10.93663921])"
8751,6239,4363132,"array([ 7.99611083, 10.90993199])"
8752,6239,180803,"array([ 7.43551526, 11.12324229])"
8753,6239,177742,"array([ 7.9481588 , 10.93334571])"
8754,6239,173393,"array([ 7.34858283, 11.18549386])"
8755,6239,184864,"array([ 7.91480308, 10.80593256])"
8756,6239,186315,"array([ 7.51213072, 11.05828417])"
8757,6239,174780,"array([ 8.02607224, 10.89110363])"
8758,6239,174943,"array([ 7.70206847, 11.00729009])"
8759,6239,180090,"array([ 7.86043889, 10.89771318])"
8760,6239,180078,"array([ 8.1767488 , 10.18843756])"
8761,6239,172550,"array([ 7.78365862, 10.93808628])"
8762,6239,179241,"array([ 7.42741038, 11.17610299])"
8763,6239,179182,"array([ 8.07147693, 10.93031159])"
8764,6239,174411,"array([ 8.15118623, 10.70767196])"
8765,6239,172709,"array([ 8.14074752, 10.27178008])"
8766,6239,178384,"array([ 7.44637301, 11.07295766])"
8767,6239,186322,"array([ 8.14688425, 10.74404379])"
8768,6239,177773,"array([ 7.92261115, 10.96023865])"
8769,6239,24104657,"array([ 7.96104036, 10.84330112])"
8770,6239,177958,"array([ 7.61898763, 11.07226908])"
8771,6239,259344,"array([ 7.29392894, 11.15251519])"
8772,6239,259481,"array([ 7.37206921, 11.12898627])"
8773,6239,180495,"array([8.07642371, 9.76857464])"
8774,6239,179993,"array([8.01307441, 9.62799094])"
8775,6239,177805,"array([ 7.16884002, 11.15382736])"
8776,6239,183992,"array([ 7.68148716, 11.02154794])"
8777,6239,176893,"array([ 8.06680303, 10.77180173])"
8778,6239,180665,"array([ 7.58395103, 11.07403822])"
8779,6239,180766,"array([ 7.46074095, 11.16250817])"
8780,6239,176764,"array([ 7.95180345, 11.01705062])"
8781,6239,188912,"array([ 7.9016902, 11.0308703])"
8782,6239,175385,"array([6.88518587, 9.40648941])"
8783,6239,177741,"array([ 7.8958142 , 10.99139241])"
8784,6239,191742,"array([ 7.09393304, 11.08270804])"
8785,6239,3564944,"array([ 8.15589757, 10.21616445])"
8786,6239,175570,"array([ 7.4043968, 11.1135592])"
8787,6239,177916,"array([ 7.72551849, 11.04535803])"
8788,6239,173493,"array([ 7.78652025, 11.01002574])"
8789,6239,173471,"array([ 8.13360464, 10.67509076])"
8790,6239,176810,"array([ 8.06773264, 10.8026013 ])"
8791,6239,179039,"array([ 7.52405575, 11.11739548])"
8792,6239,180286,"array([ 7.97452292, 10.8741991 ])"
8793,6239,175375,"array([ 7.81914533, 11.0627705 ])"
8794,6239,178851,"array([ 7.98949087, 10.80074827])"
8795,6239,171836,"array([ 7.80418687, 10.98587271])"
8796,6239,177055,"array([ 8.12697417, 10.16199866])"
8797,6239,176294,"array([ 7.25051102, 11.14541507])"
8798,6239,181616,"array([9.3064558 , 9.64923266])"
8799,6239,190246,"array([9.75095227, 9.66393474])"
8800,6239,180089,"array([9.70416445, 9.57725569])"
8801,6239,180330,"array([9.7783138 , 9.57081024])"
8802,6239,173018,"array([9.72230487, 9.48569662])"
8803,6239,182921,"array([6.52570711, 8.11629042])"
8804,6239,181221,"array([6.4606897 , 8.10063313])"
8805,6239,181104,"array([6.37754288, 8.17196133])"
8806,6239,176708,"array([6.45005536, 8.25993152])"
8807,6239,182924,"array([6.32158462, 8.17162888])"
8808,6239,259401,"array([6.40709435, 7.60185755])"
8809,6239,178606,"array([6.40486449, 8.24034128])"
8810,6239,179832,"array([ 5.96381337, 10.42027606])"
8811,6239,183186,"array([ 6.54526199, 10.7781673 ])"
8812,6239,180848,"array([ 6.47554122, 10.52025868])"
8813,6239,171869,"array([6.48714367, 9.21087899])"
8814,6239,181787,"array([ 6.2125394 , 10.69773711])"
8815,6239,185975,"array([ 6.19445097, 10.6651114 ])"
8816,6239,181737,"array([ 6.10233484, 10.30732347])"
8817,6239,185990,"array([6.12573997, 9.55320531])"
8818,6239,173499,"array([ 6.34519104, 10.73168946])"
8819,6239,178888,"array([ 6.20597623, 10.55950139])"
8820,6239,178531,"array([ 6.01846797, 10.17639506])"
8821,6239,179179,"array([ 6.06878843, 10.41093337])"
8822,6239,177039,"array([ 6.15369296, 10.57680287])"
8823,6239,3565362,"array([ 6.37413755, 11.14685758])"
8824,6239,3565434,"array([ 7.30356716, 10.59640992])"
8825,6239,185654,"array([ 7.77478413, 11.35329469])"
8826,10116,25012,"array([6.81055553, 8.07308341])"
8827,10116,287005,"array([ 6.29453909, 11.02732353])"
8828,10116,29154,"array([ 9.2368317 , 10.64107476])"
8829,10116,362281,"array([ 6.30919117, 11.59868941])"
8830,10116,25122,"array([5.34381423, 8.17006592])"
8831,10116,85421,"array([7.63512623, 8.81387545])"
8832,4932,852309,"array([ 5.94572233, 11.53388213])"
8833,4932,853455,"array([ 5.89289838, 11.50477988])"
8834,4932,855788,"array([ 6.77080593, 11.43132462])"
8835,4932,850727,"array([ 4.59449883, 12.05054754])"
8836,4932,851492,"array([ 4.67621466, 12.17901888])"
8837,4932,852688,"array([ 4.67598826, 12.01383507])"
8838,4932,854598,"array([ 4.64840372, 12.10231339])"
8839,4932,854622,"array([ 4.73348417, 12.13231228])"
8840,4932,854627,"array([ 4.81620608, 12.14750822])"
8841,4932,854695,"array([ 4.60996538, 11.96452437])"
8842,4932,855675,"array([ 4.77096892, 12.21276518])"
8843,4932,856448,"array([ 4.74683197, 12.05762644])"
8844,4932,855892,"array([7.16779012, 9.03691291])"
8845,4932,853488,"array([14.5771771 ,  2.80821355])"
8846,4932,852697,"array([ 7.1830736 , 11.05767192])"
8847,8355,378643,"array([ 8.70136187, 11.22095314])"
8848,8355,399088,"array([ 8.22409641, 12.13870267])"
8849,9606,6239,"array([10.31698511,  8.11315245])"
8850,10090,52563,"array([10.68047857,  7.9538782 ])"
8851,10090,56420,"array([10.58825846,  8.11049777])"
8852,10090,66354,"array([10.50291847,  8.08010738])"
8853,9606,1487,"array([10.68113405,  8.09927011])"
8854,9606,3065,"array([10.31254561,  7.86186456])"
8855,9606,3066,"array([10.54234429,  8.00671285])"
8856,9606,4760,"array([10.49476137,  7.94053667])"
8857,9606,367,"array([10.55553037,  7.89009611])"
8858,9606,6622,"array([10.70351326,  8.02611335])"
8859,9606,7341,"array([10.42333083,  7.90325221])"
8860,9606,8841,"array([10.35499737,  7.95234167])"
8861,9606,9447,"array([10.6551117,  8.1737954])"
8862,9606,23028,"array([10.50409207,  8.17032126])"
8863,9606,51460,"array([10.61916797,  8.03200164])"
8864,9606,64847,"array([10.53986167,  7.78202701])"
8865,9606,84100,"array([10.40868196,  7.83019031])"
8866,9606,140609,"array([10.35350887,  7.77380358])"
8867,9606,149628,"array([10.44168708,  8.01675464])"
8868,9606,163590,"array([10.60312692,  7.82824235])"
8869,9606,10594,"array([10.6533979 ,  7.88351355])"
8870,9606,7706,"array([10.598999  ,  7.95059617])"
8871,9606,25962,"array([10.58061728,  8.21708153])"
8872,9606,7182,"array([10.45665086,  7.76074753])"
8873,9606,8359,"array([10.49138856,  7.84430418])"
