# index, gene, tax_id, _pos
0,7227,37290,"array([5.98533792, 5.67886943])"
1,4896,2540020,"array([6.15940645, 5.28551408])"
2,7227,3771854,"array([5.78476723, 5.22890202])"
3,4896,2541355,"array([6.20835157, 5.11934908])"
4,7227,3772619,"array([5.95669864, 5.50393579])"
5,9606,997,"array([6.9698042, 4.404641 ])"
6,4896,2542393,"array([6.74538078, 4.65764806])"
7,9606,1022,"array([5.45741266, 5.16157529])"
8,4896,2542112,"array([5.80712163, 5.11273926])"
9,9606,1026,"array([5.9824137 , 5.64894696])"
10,9606,1650,"array([7.08694173, 5.15427987])"
11,4896,2541412,"array([6.67751371, 5.134198  ])"
12,9606,1810,"array([5.92879419, 5.62129683])"
13,4896,2540213,"array([6.17364244, 5.26648181])"
14,9606,1978,"array([5.94945131, 4.60505496])"
15,4896,2540719,"array([6.15307697, 4.85314593])"
16,4896,2540992,"array([6.14210529, 4.84377454])"
17,9606,2475,"array([6.24427362, 4.16008057])"
18,4896,2539480,"array([6.30305693, 4.49141517])"
19,9606,2549,"array([5.76025673, 4.24024757])"
20,4896,2540027,"array([5.9047483, 4.4886719])"
21,9606,2782,"array([7.07636371, 4.00994096])"
22,4896,2540666,"array([6.89835818, 4.15299167])"
23,9606,2783,"array([7.01948725, 3.92851259])"
24,9606,2784,"array([7.01366397, 3.98082625])"
25,9606,2786,"array([7.2083027 , 4.18966665])"
26,4896,2539974,"array([7.03441774, 4.36074137])"
27,9606,3009,"array([6.02754206, 4.35823499])"
28,4896,2539869,"array([6.18126982, 4.72939277])"
29,9606,3020,"array([5.69178191, 4.12984669])"
30,4896,2542278,"array([5.88266572, 4.3514193 ])"
31,9606,3021,"array([5.73551808, 4.11585631])"
32,9606,3265,"array([6.16857055, 4.16329135])"
33,4896,2540612,"array([6.22602765, 4.4850178 ])"
34,9606,3612,"array([5.71201441, 5.6272623 ])"
35,4896,2540727,"array([5.97941149, 5.36084614])"
36,9606,3638,"array([7.09334294, 5.23130928])"
37,9606,3838,"array([6.6033595 , 4.56843368])"
38,4896,2540149,"array([6.39685564, 4.96935682])"
39,9606,5111,"array([5.94881269, 5.67338724])"
40,9606,5371,"array([6.365115  , 5.54216517])"
41,4896,2539967,"array([6.43461239, 5.59493309])"
42,4896,2540927,"array([6.54575039, 5.22557233])"
43,4896,2542196,"array([6.06018274, 5.31869192])"
44,4896,2543606,"array([6.57439681, 5.61596108])"
45,9606,5425,"array([5.95031863, 5.6426247 ])"
46,9606,5718,"array([6.92030485, 4.82575003])"
47,4896,2543682,"array([6.52741299, 5.01741991])"
48,9606,5901,"array([5.56284144, 4.90750719])"
49,4896,2541863,"array([5.95496965, 4.96388146])"
50,9606,5902,"array([5.58367593, 4.85691804])"
51,9606,5925,"array([5.67394779, 4.51914164])"
52,4896,2543387,"array([5.96332846, 4.7189471 ])"
53,9606,6182,"array([10.50757374,  5.37693047])"
54,4896,2541472,"array([10.51261677,  5.4626969 ])"
55,9606,6198,"array([6.52972902, 4.46959038])"
56,4896,2540473,"array([6.41516975, 4.71671945])"
57,4896,2540720,"array([6.46819175, 4.7423121 ])"
58,9606,6654,"array([5.72821851, 4.27364274])"
59,9606,7314,"array([6.99575181, 5.57887023])"
60,4896,2541532,"array([6.80761743, 5.32023099])"
61,4896,2543170,"array([6.79107021, 5.51037305])"
62,9606,7316,"array([6.89823712, 4.93352813])"
63,4896,2540481,"array([6.67630489, 4.83112093])"
64,4896,2542606,"array([6.60182799, 5.12405673])"
65,4896,2542667,"array([6.64893309, 4.93108232])"
66,4896,3361477,"array([6.86318343, 5.07948104])"
67,9606,7329,"array([5.79240941, 5.60239146])"
68,9606,7818,"array([10.43702094,  5.43289841])"
69,9606,8290,"array([5.44336139, 5.04568732])"
70,4896,2538711,"array([5.76144501, 5.04625455])"
71,9606,9656,"array([5.3750299, 4.5548617])"
72,4896,3361306,"array([5.6350596 , 4.66949076])"
73,9606,10426,"array([6.30059842, 4.2875698 ])"
74,4896,2540392,"array([6.3660166 , 4.59591208])"
75,4896,2540690,"array([6.3405278 , 4.47766528])"
76,9606,10589,"array([6.48920612, 4.48593816])"
77,4896,2540406,"array([6.3588028 , 4.87576173])"
78,9606,10681,"array([6.96858303, 3.93229566])"
79,9606,10714,"array([5.88881502, 5.62931443])"
80,9606,10818,"array([5.67896308, 4.25972187])"
81,9606,10844,"array([6.33558714, 4.2905698 ])"
82,9606,10987,"array([7.02723604, 4.47819636])"
83,9606,11033,"array([6.65981702, 3.79959064])"
84,4896,2539610,"array([6.62263107, 4.05218254])"
85,9606,11222,"array([10.58584681,  5.42027703])"
86,9606,23397,"array([5.87483383, 4.83102078])"
87,4896,2539668,"array([6.10624254, 4.98132514])"
88,4896,2542226,"array([6.10547648, 5.01488745])"
89,4896,3361036,"array([6.12140766, 4.8076538 ])"
90,9606,28973,"array([10.57668532,  5.51223543])"
91,9606,51141,"array([7.09562126, 5.1935769 ])"
92,9606,51194,"array([5.68195849, 5.59161611])"
93,9606,59345,"array([7.06385023, 3.96122188])"
94,9606,94274,"array([6.61485659, 3.81903296])"
95,9606,183,"array([6.24686217, 4.24027814])"
96,4896,2539123,"array([6.32577204, 4.60426192])"
97,9606,351,"array([6.26338569, 5.73745566])"
98,4896,2540977,"array([6.33879339, 5.30403772])"
99,9606,667,"array([6.61590659, 4.4511982 ])"
100,4896,2542123,"array([6.45763257, 4.76588516])"
101,9606,1017,"array([5.54270116, 4.5137529 ])"
102,4896,2543327,"array([5.81760676, 4.69012401])"
103,9606,10919,"array([5.71945725, 4.72909997])"
104,4896,2542467,"array([6.09195174, 4.95170388])"
105,9606,55629,"array([5.88620434, 4.65620705])"
106,4896,2541033,"array([6.19692827, 4.80067323])"
107,4896,2542503,"array([6.13078043, 4.86002237])"
108,9606,5888,"array([5.70205398, 5.07350854])"
109,4896,2543580,"array([6.11128903, 4.96041859])"
110,9606,7846,"array([6.31248707, 4.46790215])"
111,4896,2539497,"array([6.31249076, 4.89086234])"
112,9606,81,"array([6.21492213, 5.38568993])"
113,4896,2540051,"array([6.38814795, 5.00283408])"
114,9606,983,"array([5.96081725, 4.02235941])"
115,4896,2539197,"array([6.03523051, 4.28599856])"
116,9606,2908,"array([6.43111229, 5.26265867])"
117,4896,2541645,"array([6.19653174, 5.23282663])"
118,4896,2542246,"array([6.36968004, 5.13767847])"
119,4896,2542273,"array([6.59633379, 5.20858823])"
120,4896,2541874,"array([6.3789757 , 5.04428741])"
121,4896,2541508,"array([6.81693091, 5.44089663])"
122,4896,3361412,"array([6.25087037, 5.34015658])"
123,4896,2542090,"array([6.35781795, 5.06303351])"
124,4896,2541615,"array([6.55337256, 5.67251111])"
125,4896,2543203,"array([6.51957587, 5.70826564])"
126,4896,2543080,"array([6.60171935, 5.27663522])"
127,4896,2543631,"array([6.2144524 , 5.23449987])"
128,4896,2543333,"array([6.33679194, 5.16992171])"
129,4896,2539932,"array([6.11936428, 5.38876859])"
130,4896,2539747,"array([6.55470533, 5.72510275])"
131,4896,2540078,"array([6.46366627, 5.18531918])"
132,4896,2540086,"array([6.07179157, 5.17807422])"
133,4896,2539652,"array([6.55892861, 5.18920144])"
134,4896,2540631,"array([6.65183701, 5.34649151])"
135,4896,2540376,"array([6.25259531, 5.28461236])"
136,4896,2540441,"array([6.35926817, 5.22390905])"
137,4896,2541146,"array([6.49633096, 5.20529338])"
138,4896,2541218,"array([6.41936036, 5.14772393])"
139,4896,2538924,"array([6.38524218, 5.34670521])"
140,4896,2539299,"array([6.29356367, 5.0831485 ])"
141,4896,2539389,"array([6.14331532, 5.27973044])"
142,4896,2538811,"array([6.42807206, 5.36283516])"
143,4896,2538821,"array([6.23777972, 5.19399379])"
144,4896,2539181,"array([6.62406272, 5.26612821])"
145,4896,2539509,"array([6.6098113, 5.0788412])"
146,4896,2538973,"array([6.34719808, 5.70548617])"
147,4896,2541450,"array([6.62393087, 5.21348799])"
148,4896,2541348,"array([6.29475435, 5.30019265])"
149,4896,2538902,"array([6.35440992, 5.15864665])"
150,4896,2542714,"array([6.59716043, 5.58393088])"
151,4896,2539007,"array([6.64461555, 5.00976055])"
152,4896,2542031,"array([6.53765069, 5.28270939])"
153,4896,2540900,"array([6.61568121, 5.19071104])"
154,4896,2540899,"array([6.49440539, 5.14337835])"
155,4896,2540729,"array([6.67166745, 5.17818184])"
156,4896,2543087,"array([6.17266917, 5.14063029])"
157,4896,2541386,"array([6.82092341, 4.80701612])"
158,4896,2541526,"array([6.52394187, 5.23851293])"
159,4896,2541927,"array([6.4207042 , 5.18453682])"
160,4896,2539241,"array([6.1894824 , 5.31256176])"
161,4896,2540446,"array([6.32424312, 5.5003768 ])"
162,4896,2539843,"array([6.3705995 , 5.19597395])"
163,4896,2540564,"array([6.49014694, 5.28547058])"
164,4896,2542019,"array([6.42819314, 5.28099196])"
165,4896,2538822,"array([6.55851367, 5.07524209])"
166,4896,2541815,"array([6.50159582, 5.36973705])"
167,4896,2543515,"array([6.44323006, 5.32586812])"
168,4896,2540960,"array([6.55962395, 5.37515842])"
169,4896,2542611,"array([6.7313878 , 4.92678835])"
170,4896,2542556,"array([6.11878603, 5.18495988])"
171,4896,2542481,"array([6.33841257, 5.15192137])"
172,4896,2539468,"array([6.44031352, 5.49489722])"
173,4896,2539261,"array([6.68849938, 4.91982415])"
174,4896,2542744,"array([6.53677943, 5.32379972])"
175,4896,2541698,"array([6.61603215, 5.65791081])"
176,4896,2542078,"array([6.60523488, 5.23844732])"
177,4896,2541972,"array([6.3008876 , 4.98594533])"
178,4896,2542669,"array([6.26739469, 4.92084853])"
179,4896,2543595,"array([6.31388531, 5.1132513 ])"
180,4896,2542639,"array([6.78423125, 5.54084573])"
181,4896,2543344,"array([6.43156696, 5.13371335])"
182,4896,2542583,"array([6.50834048, 5.75053214])"
183,4896,2541383,"array([6.19178676, 5.20549394])"
184,4896,2540930,"array([6.20829664, 5.17535265])"
185,4896,2539048,"array([6.53054932, 5.25626004])"
186,4896,2540159,"array([6.47691223, 5.1456586 ])"
187,4896,2539278,"array([6.46815635, 5.10117177])"
188,4896,3361538,"array([6.65389053, 5.03111622])"
189,4896,2543142,"array([6.25110098, 5.39235199])"
190,4896,2538740,"array([6.45548221, 5.37905883])"
191,4896,3361483,"array([6.37137457, 5.05990503])"
192,4896,2540432,"array([6.45068854, 5.31119019])"
193,4896,2543082,"array([6.48080306, 5.06490842])"
194,4896,2543336,"array([6.51563926, 5.00526857])"
195,4896,2543379,"array([6.66572745, 4.8864941 ])"
196,4896,2539782,"array([6.4545768 , 5.05198755])"
197,4896,2539390,"array([6.2315771 , 5.34321169])"
198,4896,2542204,"array([6.18568423, 5.0808502 ])"
199,4896,2543497,"array([6.26012517, 5.26668742])"
200,4896,2543618,"array([6.22127426, 5.1860992 ])"
201,4896,2540767,"array([6.42287646, 5.02552121])"
202,4896,2541531,"array([6.41890141, 5.1064301 ])"
203,4896,2539727,"array([6.60957965, 5.00901286])"
204,4896,2540479,"array([6.31893042, 5.18214421])"
205,4896,2542869,"array([6.2521122 , 5.19823608])"
206,4896,2541250,"array([6.41424054, 5.70672523])"
207,4896,2540975,"array([6.29786592, 5.13094817])"
208,4896,2542085,"array([6.5486147 , 5.14008331])"
209,4896,2542408,"array([6.52496001, 5.07935878])"
210,4896,2541668,"array([6.20181068, 5.14401711])"
211,4896,2542463,"array([6.14938461, 5.02848782])"
212,4896,2540326,"array([6.54850899, 5.26866944])"
213,4896,2540633,"array([6.55716013, 5.02768066])"
214,4896,2541160,"array([6.46713834, 5.03189163])"
215,4896,2540026,"array([6.69194394, 5.18920633])"
216,4896,2543539,"array([6.39512484, 4.9031368 ])"
217,4896,2539523,"array([6.17515603, 5.06231426])"
218,4896,2541345,"array([6.34676851, 5.38334316])"
219,4896,3361354,"array([6.50720486, 5.23955246])"
220,4896,2540112,"array([6.47823824, 5.08210522])"
221,4896,2542514,"array([6.28680285, 5.31500557])"
222,4896,2542446,"array([6.2592728 , 5.36868312])"
223,4896,2539746,"array([6.53261303, 5.05117123])"
224,4896,2538797,"array([6.29593548, 5.33217195])"
225,4896,2540283,"array([6.53284099, 5.18357382])"
226,4896,2541500,"array([6.53588938, 5.03124411])"
227,4896,2539671,"array([6.50392814, 5.18656673])"
228,4896,2543131,"array([6.28062393, 5.15446799])"
229,4896,2543585,"array([6.38520357, 5.27647299])"
230,4896,2540565,"array([6.1380087 , 5.14407595])"
231,4896,2540461,"array([6.57032285, 5.53040216])"
232,4896,2538743,"array([6.36901416, 5.23643124])"
233,4896,2542139,"array([6.34457116, 5.13772223])"
234,4896,2543504,"array([6.15667614, 5.477492  ])"
235,4896,2539962,"array([6.13779029, 5.45702759])"
236,4896,2541268,"array([6.56226756, 5.14959804])"
237,4896,2539659,"array([6.53005014, 4.9866408 ])"
238,4896,2539538,"array([6.2913706 , 5.04166552])"
239,4896,2542520,"array([6.1414026 , 5.39517813])"
240,4896,2540403,"array([6.30748143, 5.38689681])"
241,4896,2542878,"array([6.47967819, 5.69922226])"
242,4896,2541087,"array([6.24048955, 5.1592857 ])"
243,4896,2541814,"array([6.2544135 , 5.14272899])"
244,4896,2539413,"array([6.30946942, 5.22429701])"
245,4896,2539743,"array([6.29429707, 5.09645606])"
246,4896,2539733,"array([6.1826925 , 5.21766264])"
247,4896,2541579,"array([6.49436459, 5.24682524])"
248,4896,2540273,"array([6.38679133, 5.25971075])"
249,4896,2540778,"array([6.09733576, 5.06465937])"
250,4896,2539972,"array([6.17962031, 5.29697578])"
251,4896,2539764,"array([6.38669612, 5.19559222])"
252,4896,2539093,"array([6.37192143, 4.99866435])"
253,4896,2542497,"array([6.5673274, 5.3406297])"
254,4896,2542664,"array([6.27377917, 5.27758952])"
255,4896,2539834,"array([6.19099537, 5.03722531])"
256,4896,2540269,"array([6.35140941, 5.28348524])"
257,4896,2539645,"array([6.09322397, 5.23211909])"
258,4896,2540431,"array([6.57521317, 5.05921881])"
259,4896,2543178,"array([6.30086347, 5.45371305])"
260,4896,3361514,"array([6.53377334, 5.09322813])"
261,4896,2543265,"array([6.53332021, 4.86285417])"
262,4896,2539459,"array([6.1638357 , 5.45753062])"
263,4896,2543557,"array([6.54226607, 5.34162237])"
264,4896,2539661,"array([6.64195925, 5.15095645])"
265,4896,2539153,"array([6.5935847 , 5.52182507])"
266,4896,2541051,"array([6.68136719, 5.51880357])"
267,4896,2542029,"array([6.39323222, 4.93582131])"
268,4896,2542252,"array([6.35898697, 4.93356594])"
269,4896,2540052,"array([6.47458647, 5.38758572])"
270,4896,2539942,"array([6.34448013, 5.54126559])"
271,4896,2542306,"array([6.26253574, 4.96263594])"
272,4896,2541612,"array([6.43936097, 4.86541915])"
273,4896,2543548,"array([6.1867033 , 5.37575655])"
274,4896,2540795,"array([6.56132774, 5.30525784])"
275,4896,2541591,"array([6.22822356, 5.37039444])"
276,4896,2543553,"array([6.35124146, 5.24637819])"
277,4896,2542425,"array([6.37234347, 5.30850896])"
278,4896,2542006,"array([6.22329509, 5.43101728])"
279,4896,2540358,"array([6.17236706, 5.36789165])"
280,4896,2539013,"array([6.22866867, 5.12282505])"
281,4896,3361377,"array([6.31607953, 5.34153732])"
282,4896,2540870,"array([6.41940035, 5.24218782])"
283,4896,2539178,"array([6.18438158, 5.35591075])"
284,4896,2542093,"array([6.28819909, 5.20403496])"
285,4896,2540950,"array([6.44881586, 5.29341786])"
286,4896,2543021,"array([6.28739421, 5.351453  ])"
287,4896,2543453,"array([6.30339809, 5.35192291])"
288,4896,2541570,"array([6.33061301, 5.36482323])"
289,4896,2539701,"array([6.22032281, 5.27696316])"
290,4896,2540274,"array([6.3609424 , 5.29913383])"
291,4896,2541156,"array([6.269242  , 5.38506146])"
292,4896,2539336,"array([6.3438789 , 5.22908338])"
293,4896,2541130,"array([6.19820341, 5.28401416])"
294,4896,2539548,"array([6.20891472, 5.26588521])"
295,4896,2542265,"array([6.20471158, 5.32332363])"
296,4896,2539308,"array([6.31336096, 5.30770954])"
297,4896,2538715,"array([6.33916448, 5.59152441])"
298,4896,2539277,"array([6.17308073, 5.33019351])"
299,4896,2541344,"array([6.24422348, 5.32305903])"
300,4896,2540682,"array([6.24839247, 5.43342832])"
301,4896,2542782,"array([6.2317522 , 5.39052366])"
302,4896,2543642,"array([6.5966099 , 4.90099209])"
303,4896,2539372,"array([6.3318722, 5.3461118])"
304,4896,2540841,"array([5.96795365, 5.16454684])"
305,4896,2540517,"array([6.30686584, 5.2052486 ])"
306,4896,5802952,"array([6.23564111, 5.27427563])"
307,4896,2543380,"array([6.39806574, 5.01506678])"
308,4896,2539464,"array([6.57636959, 5.48881225])"
309,4896,2543040,"array([6.54231205, 5.15936963])"
310,4896,2538893,"array([6.19886143, 5.34578258])"
311,4896,2543293,"array([6.62226772, 5.4899351 ])"
312,4896,2542561,"array([6.77108138, 5.34165253])"
313,4896,3361259,"array([6.23484136, 5.29085036])"
314,4896,2541737,"array([6.37523306, 5.18342232])"
315,4896,2542904,"array([6.22547653, 5.3066585 ])"
316,4896,2542108,"array([6.28798218, 5.1796421 ])"
317,4896,2540817,"array([6.29754019, 5.16244487])"
318,4896,2538892,"array([6.28340003, 5.47205366])"
319,4896,2542912,"array([6.35581143, 5.26657702])"
320,4896,2543559,"array([6.24801304, 5.11762734])"
321,4896,2541229,"array([6.18205042, 5.44297134])"
322,4896,2540180,"array([6.18938866, 5.33298665])"
323,4896,2540447,"array([6.6839789, 5.295261 ])"
324,4896,2539067,"array([6.27590158, 5.36890981])"
325,4896,2539449,"array([6.61198004, 5.03643102])"
326,4896,2541838,"array([6.14871407, 5.43658138])"
327,4896,2542012,"array([6.37044606, 5.28089285])"
328,4896,2542430,"array([6.31116018, 5.51691455])"
329,4896,2539848,"array([6.14153688, 5.41553509])"
330,4896,2543307,"array([6.46019512, 5.33940015])"
331,4896,2543085,"array([6.21419936, 5.09570707])"
332,4896,2539969,"array([6.39482771, 5.43598188])"
333,4896,2539797,"array([6.36629367, 5.36178621])"
334,4896,2540649,"array([6.42380814, 5.57089746])"
335,4896,2540325,"array([6.4206471 , 5.49964289])"
336,4896,2543486,"array([6.47589947, 5.53333463])"
337,4896,2541712,"array([6.35556264, 5.12962812])"
338,4896,2542870,"array([6.53446499, 5.11175262])"
339,4896,2542553,"array([6.33631084, 5.24918476])"
340,4896,2541491,"array([6.32441765, 5.2737045 ])"
341,4896,2543354,"array([6.22937209, 5.32127859])"
342,4896,2542629,"array([6.30418393, 5.23831258])"
343,4896,2540367,"array([6.26280701, 5.32276528])"
344,4896,2539862,"array([6.58374864, 5.10705888])"
345,4896,2540939,"array([6.57251174, 5.08959313])"
346,4896,2539539,"array([6.47520594, 5.11554   ])"
347,4896,2538897,"array([6.21199814, 5.15722384])"
348,4896,2542545,"array([6.07759946, 5.30652073])"
349,4896,2541077,"array([6.24803903, 5.01814755])"
350,4896,2539943,"array([6.50311714, 5.40653922])"
351,4896,2539285,"array([6.34269103, 5.03421758])"
352,4896,2540439,"array([6.31079496, 4.87026712])"
353,4896,2541242,"array([6.32751351, 4.97420818])"
354,4896,2542338,"array([6.2601832 , 5.47554169])"
355,4896,2542651,"array([6.6127161 , 5.11777786])"
356,4896,2542242,"array([6.38775296, 5.17347237])"
357,4896,2542920,"array([6.44845448, 5.25746558])"
358,4896,2540199,"array([6.32781519, 5.3154639 ])"
359,4896,2542689,"array([6.52163126, 5.12815858])"
360,4896,2540796,"array([6.20061909, 5.25083152])"
361,4896,2539310,"array([6.3000485 , 5.72383453])"
362,4896,2542772,"array([6.11879374, 5.22224633])"
363,4896,2539391,"array([6.49507316, 5.45270838])"
364,4896,2539225,"array([6.37577991, 5.12290671])"
365,4896,2543026,"array([6.33682678, 5.08529236])"
366,4896,2542131,"array([6.51889226, 5.1062514 ])"
367,4896,2541216,"array([6.33587773, 5.01454648])"
368,4896,2540422,"array([6.39959182, 5.54726733])"
369,4896,2543537,"array([6.45552793, 5.19940498])"
370,4896,2538689,"array([6.23293776, 5.13665647])"
371,4896,2538977,"array([6.63305201, 5.1014496 ])"
372,4896,14217452,"array([6.36683305, 5.68561917])"
373,4896,2540547,"array([6.30369488, 5.05612052])"
374,4896,2541984,"array([6.32761877, 5.38432807])"
375,4896,2539295,"array([6.35954398, 5.17798203])"
376,4896,2540526,"array([6.5211785 , 5.06317526])"
377,4896,2540521,"array([6.28065554, 5.4537779 ])"
378,4896,2543455,"array([6.40054902, 5.3043512 ])"
379,4896,2542942,"array([6.24509241, 5.3543899 ])"
380,4896,2539738,"array([6.34786205, 5.48761743])"
381,4896,2539938,"array([6.45121601, 5.09979958])"
382,4896,2543621,"array([6.40234469, 5.16322409])"
383,4896,2540819,"array([6.354109  , 5.10372428])"
384,4896,2542290,"array([6.34092427, 5.20461727])"
385,4896,2540232,"array([6.47335668, 5.16100993])"
386,4896,2541152,"array([6.63643721, 5.35691688])"
387,4896,2542959,"array([6.53473198, 5.37748131])"
388,4896,2543304,"array([6.57416317, 5.03009908])"
389,4896,2538729,"array([6.54296391, 5.39570521])"
390,4896,2542077,"array([6.40232814, 4.86690433])"
391,4896,2539572,"array([6.57285966, 5.0077059 ])"
392,4896,2540550,"array([6.47652912, 5.36183391])"
393,4896,2542084,"array([6.72770407, 5.36694114])"
394,4896,2542138,"array([6.32376009, 5.0610754 ])"
395,4896,2541544,"array([6.58706395, 5.23284595])"
396,4896,2541176,"array([6.08656604, 5.19007574])"
397,4896,2543484,"array([6.09965882, 5.17545848])"
398,4896,2539425,"array([6.29521384, 5.22133696])"
399,4896,2543408,"array([6.48687429, 4.95118094])"
400,4896,2542384,"array([6.48059624, 5.74596667])"
401,4896,2540197,"array([6.59553344, 5.29350084])"
402,4896,2539400,"array([6.53242069, 5.55397652])"
403,4896,2540773,"array([6.07229414, 5.01993448])"
404,4896,2539801,"array([6.60595883, 5.44889503])"
405,4896,2543269,"array([6.55769515, 5.43844289])"
406,4896,2542948,"array([6.30038306, 5.11006266])"
407,4896,2543051,"array([6.49780405, 5.47298105])"
408,4896,2542925,"array([6.50254597, 5.49434699])"
409,4896,2541818,"array([6.50234963, 4.95795271])"
410,4896,2541894,"array([6.4261046 , 5.05858745])"
411,4896,5802965,"array([6.6253534 , 4.98970227])"
412,4896,2542661,"array([6.40185698, 5.18022446])"
413,4896,2543025,"array([6.54706891, 5.06192263])"
414,4896,2542881,"array([6.941685 , 5.0688254])"
415,4896,2542817,"array([6.40717714, 5.2516324 ])"
416,4896,2542895,"array([6.47498301, 5.47495391])"
417,4896,2542875,"array([6.43193128, 5.11301429])"
418,4896,2542868,"array([6.44071653, 5.27493998])"
419,4896,2542854,"array([6.33126173, 5.21365254])"
420,4896,2542823,"array([6.6407199 , 5.69232434])"
421,4896,2541428,"array([6.58183242, 5.39828437])"
422,4896,2541690,"array([6.19544358, 5.18741126])"
423,4896,2542765,"array([6.26011452, 5.41597962])"
424,4896,2542750,"array([6.65658244, 5.38204939])"
425,4896,3361541,"array([6.20132184, 4.9998988 ])"
426,4896,2542303,"array([6.58065487, 5.71375815])"
427,4896,2542327,"array([6.23194265, 5.14970673])"
428,4896,2541706,"array([6.33196262, 5.1858083 ])"
429,4896,2542347,"array([6.47790679, 5.18047711])"
430,4896,2542357,"array([6.53204113, 5.73739884])"
431,4896,2542369,"array([6.14916054, 5.26359914])"
432,4896,2542370,"array([6.2426703 , 5.40996558])"
433,4896,2542396,"array([6.53053978, 4.95194218])"
434,4896,2542383,"array([5.89453394, 5.11774365])"
435,4896,2542538,"array([6.29779717, 5.18906097])"
436,4896,2542115,"array([6.49417802, 5.35373883])"
437,4896,2542564,"array([6.30763577, 5.03771941])"
438,4896,2542134,"array([6.17012748, 5.12152364])"
439,4896,2542572,"array([6.71232908, 5.64265243])"
440,4896,2542456,"array([6.67260292, 5.22607959])"
441,4896,2542483,"array([6.48117244, 5.66773578])"
442,4896,2542465,"array([6.48163109, 5.12812273])"
443,4896,14218174,"array([6.27807409, 5.0304584 ])"
444,4896,2542512,"array([6.48404484, 4.72462603])"
445,4896,2542217,"array([6.15609429, 5.33496281])"
446,4896,2542459,"array([6.52320602, 5.67648741])"
447,4896,2542499,"array([6.54321762, 5.69805744])"
448,4896,2542269,"array([6.33547203, 5.28993234])"
449,4896,2541641,"array([6.50196968, 5.68479997])"
450,4896,2541461,"array([6.11755408, 5.30626555])"
451,4896,2541460,"array([6.49449552, 5.38647194])"
452,4896,2542064,"array([6.32347024, 5.09911372])"
453,4896,2541418,"array([6.575283  , 5.07357402])"
454,4896,2541809,"array([6.39331109, 5.7307931 ])"
455,4896,2541811,"array([6.44362477, 5.34844172])"
456,4896,2542062,"array([6.64155923, 5.24148742])"
457,4896,2542011,"array([6.55607529, 5.00753076])"
458,4896,2541910,"array([6.17829987, 5.04734516])"
459,4896,2541502,"array([6.64498994, 5.48841101])"
460,4896,2541484,"array([6.72601871, 5.22213957])"
461,4896,2541486,"array([6.6694523 , 5.67815951])"
462,4896,2541812,"array([6.57786524, 5.1937225 ])"
463,4896,2541670,"array([6.66324878, 4.8541779 ])"
464,4896,2541651,"array([6.2935214 , 5.37235018])"
465,4896,5802955,"array([6.45255077, 5.2207717 ])"
466,4896,2542670,"array([6.7595395 , 5.11843597])"
467,4896,2542694,"array([6.39857157, 5.28089394])"
468,4896,2542690,"array([6.04982754, 5.24136011])"
469,4896,2541479,"array([6.18384781, 5.01422926])"
470,4896,2542298,"array([6.39625086, 5.377668  ])"
471,4896,2541804,"array([6.34636922, 4.73641135])"
472,4896,2542721,"array([6.6237575 , 5.38962837])"
473,4896,2542480,"array([6.05399594, 5.17863862])"
474,4896,2541914,"array([6.28591467, 5.1434715 ])"
475,4896,2541705,"array([6.37578183, 5.40556954])"
476,4896,2542609,"array([6.65026061, 5.21217116])"
477,4896,2542660,"array([6.65929731, 5.24919887])"
478,4896,2541660,"array([6.57212688, 5.42263403])"
479,4896,2543105,"array([6.55685603, 5.78109456])"
480,4896,2543119,"array([6.56836887, 5.46378544])"
481,4896,3361462,"array([6.45040441, 5.130219  ])"
482,4896,2543041,"array([6.60576667, 5.33612387])"
483,4896,2543207,"array([6.52622717, 5.52679552])"
484,4896,2543686,"array([6.38935438, 5.06337359])"
485,4896,2543181,"array([6.53116408, 5.16842436])"
486,4896,2543448,"array([6.24527722, 5.37764407])"
487,4896,2543460,"array([6.33970398, 4.99903655])"
488,4896,2543626,"array([6.21595076, 5.1346271 ])"
489,4896,2543252,"array([6.88561756, 5.12548382])"
490,4896,2543459,"array([6.36087669, 5.72884708])"
491,4896,2543607,"array([6.6149694, 4.9542437])"
492,4896,2542704,"array([6.42644597, 5.67620892])"
493,4896,2543391,"array([6.48195054, 5.49341559])"
494,4896,2543385,"array([6.92231757, 5.05443779])"
495,4896,2543241,"array([6.33255202, 5.45532706])"
496,4896,2541530,"array([6.26486117, 5.08515604])"
497,4896,2541505,"array([6.22947976, 5.09475999])"
498,4896,2542247,"array([6.5216682 , 5.32940632])"
499,4896,3361544,"array([6.6063865 , 5.67988776])"
500,4896,2541553,"array([6.45707142, 5.68237355])"
501,4896,2542663,"array([6.18105002, 5.18210244])"
502,4896,2543412,"array([6.4292764 , 5.04161614])"
503,4896,2543298,"array([6.32204961, 5.04779527])"
504,4896,2543283,"array([6.69532713, 5.30523203])"
505,4896,2541767,"array([6.70001533, 5.14327575])"
506,4896,2541978,"array([6.56906776, 5.20714561])"
507,4896,2543153,"array([6.42307979, 5.22556478])"
508,4896,2543403,"array([6.44020864, 5.70219365])"
509,4896,2543475,"array([6.36676272, 5.32876831])"
510,4896,2542017,"array([6.22904268, 5.10944915])"
511,4896,2543337,"array([6.31284644, 5.1291058 ])"
512,4896,2543325,"array([6.55251941, 5.24148396])"
513,4896,2543311,"array([6.60622753, 5.70360303])"
514,4896,2543296,"array([6.19973813, 5.10017774])"
515,4896,2542976,"array([6.40591988, 5.19708659])"
516,4896,2542917,"array([6.58461726, 5.12584431])"
517,4896,2542848,"array([6.40511352, 5.22143447])"
518,4896,2542594,"array([6.75550567, 5.05977198])"
519,4896,2542498,"array([6.58676671, 5.25204657])"
520,4896,2542371,"array([6.68840163, 5.65268063])"
521,4896,2542573,"array([6.65923942, 5.52012266])"
522,4896,2542079,"array([6.7353563, 5.2481453])"
523,4896,2543227,"array([6.22340645, 4.98383609])"
524,4896,2542267,"array([6.73470434, 5.18209401])"
525,4896,2540049,"array([6.69894542, 5.2683336 ])"
526,4896,2540063,"array([6.40088788, 5.50991712])"
527,4896,2540053,"array([6.49164941, 5.07489458])"
528,4896,2539815,"array([6.57117257, 5.24896696])"
529,4896,2540109,"array([6.5766688 , 5.29122875])"
530,4896,2539704,"array([6.37921376, 5.52187867])"
531,4896,2539978,"array([6.54539717, 5.53471893])"
532,4896,2540082,"array([6.65858722, 5.64720517])"
533,4896,2539812,"array([6.24772655, 5.08370157])"
534,4896,2539798,"array([6.42725917, 5.31518533])"
535,4896,2539692,"array([6.51268763, 5.35700733])"
536,4896,2539794,"array([6.15968693, 5.08901487])"
537,4896,2539863,"array([6.34703548, 5.1837927 ])"
538,4896,2539758,"array([6.40069538, 5.68299219])"
539,4896,2539625,"array([6.67575906, 5.26455938])"
540,4896,2539928,"array([6.3976771 , 5.09434052])"
541,4896,2540744,"array([6.63391174, 5.08560726])"
542,4896,2539643,"array([6.27993923, 5.41163778])"
543,4896,2540039,"array([6.7515049 , 5.16322474])"
544,4896,2539864,"array([6.43095834, 4.88339794])"
545,4896,2540135,"array([6.20011023, 5.416192  ])"
546,4896,2540050,"array([6.39104109, 5.41632516])"
547,4896,3361210,"array([6.52831749, 4.92152381])"
548,4896,2540075,"array([6.45906172, 5.4937667 ])"
549,4896,2539879,"array([6.38321746, 5.38672601])"
550,4896,2539687,"array([6.39640904, 5.07548013])"
551,4896,2539780,"array([6.21652493, 5.21600406])"
552,4896,2540046,"array([6.53178437, 5.14412215])"
553,4896,2539616,"array([6.45073075, 5.02477194])"
554,4896,2540806,"array([6.58338309, 5.37961552])"
555,4896,2540731,"array([6.60515621, 5.25705697])"
556,4896,3361295,"array([6.36259938, 5.38984589])"
557,4896,2540648,"array([6.41766911, 5.34757456])"
558,4896,2540602,"array([6.17508371, 4.93756594])"
559,4896,2540541,"array([6.15243946, 5.2993894 ])"
560,4896,2540567,"array([6.51028189, 5.11867083])"
561,4896,2540455,"array([6.47564065, 5.31981285])"
562,4896,2540616,"array([6.46963159, 5.30485902])"
563,4896,2540613,"array([6.7237619 , 5.38977407])"
564,4896,2540771,"array([6.75269947, 5.00074366])"
565,4896,2540635,"array([6.67784999, 4.94230195])"
566,4896,2540587,"array([6.54235246, 4.84273992])"
567,4896,2540387,"array([6.48020046, 5.43050219])"
568,4896,2540582,"array([6.51925046, 4.9415323 ])"
569,4896,2540287,"array([6.52256746, 5.59115246])"
570,4896,2540533,"array([6.6844567 , 5.11913827])"
571,4896,2540409,"array([6.17313572, 5.17129699])"
572,4896,2540357,"array([6.52835974, 5.35463637])"
573,4896,2540315,"array([6.53750674, 4.96775406])"
574,4896,2540360,"array([6.46356403, 5.71950092])"
575,4896,2540344,"array([6.50444902, 5.52412928])"
576,4896,2540475,"array([6.05560691, 5.02269354])"
577,4896,3361269,"array([6.67385096, 5.09167572])"
578,4896,2540327,"array([6.43681069, 5.14809736])"
579,4896,2540222,"array([6.77251742, 5.30127391])"
580,4896,2540254,"array([6.920836  , 5.08074771])"
581,4896,2541026,"array([6.69168666, 5.33744619])"
582,4896,2540959,"array([6.59364545, 5.06849888])"
583,4896,2540971,"array([6.41536691, 5.20784659])"
584,4896,2541003,"array([6.59440002, 5.42581558])"
585,4896,2541034,"array([6.68507122, 5.21187655])"
586,4896,2540644,"array([6.429794  , 5.40718372])"
587,4896,2541050,"array([6.46104932, 5.41608561])"
588,4896,2540849,"array([6.54892062, 5.45608862])"
589,4896,2540857,"array([6.64008519, 5.66589759])"
590,4896,2540868,"array([6.57264918, 5.13875665])"
591,4896,2540878,"array([6.62525473, 5.30384437])"
592,4896,2540889,"array([6.71141749, 5.42375063])"
593,4896,2541060,"array([6.38929964, 5.14897185])"
594,4896,2540910,"array([6.33567441, 5.10879982])"
595,4896,2540883,"array([6.39401549, 5.32701701])"
596,4896,2540794,"array([6.5821561 , 5.21688852])"
597,4896,2541070,"array([6.50081515, 4.99997895])"
598,4896,2541117,"array([6.4223623 , 4.99100522])"
599,4896,2541115,"array([6.6738277 , 5.24364228])"
600,4896,2541144,"array([6.43487997, 5.52142417])"
601,4896,2541162,"array([6.5373469 , 5.23586507])"
602,4896,2541131,"array([6.58421815, 5.14456252])"
603,4896,2541217,"array([6.64283129, 5.18845685])"
604,4896,2541245,"array([6.54276078, 5.19933006])"
605,4896,2541273,"array([6.55323236, 5.1743936 ])"
606,4896,2540211,"array([6.23157205, 4.95896904])"
607,4896,2540210,"array([6.51278451, 5.25974827])"
608,4896,2541280,"array([6.27740507, 5.11085986])"
609,4896,2541329,"array([6.69524272, 5.49727222])"
610,4896,2541300,"array([6.38369151, 5.46000627])"
611,4896,2541350,"array([6.41816298, 4.96077978])"
612,4896,2541368,"array([6.08364288, 4.96498169])"
613,4896,2541362,"array([6.18632357, 4.91137066])"
614,4896,2541296,"array([6.28740071, 5.26708309])"
615,4896,2541373,"array([6.51262056, 4.92359977])"
616,4896,2539222,"array([6.4737243 , 5.24687424])"
617,4896,2539154,"array([6.4403936, 4.9829263])"
618,4896,2539108,"array([6.71742928, 5.27747183])"
619,4896,2538717,"array([6.27018113, 5.30740507])"
620,4896,2539240,"array([6.66996867, 5.27978158])"
621,4896,2538906,"array([6.12437824, 5.28195618])"
622,4896,2538753,"array([6.654211 , 5.1745855])"
623,4896,2539148,"array([6.63498834, 5.28266849])"
624,4896,2538877,"array([6.34887296, 5.40504166])"
625,4896,2538734,"array([6.27703634, 5.09386208])"
626,4896,2538788,"array([6.62242393, 5.24333218])"
627,4896,2539183,"array([6.4345735 , 5.72853816])"
628,4896,2538881,"array([6.06186678, 4.99780401])"
629,4896,2539269,"array([6.68027551, 5.16530412])"
630,4896,2539137,"array([6.30575578, 5.02004726])"
631,4896,2538713,"array([6.5533376 , 5.25622114])"
632,4896,2539189,"array([6.48378014, 5.10069705])"
633,4896,2538772,"array([6.7685396 , 5.07661603])"
634,4896,2539186,"array([6.30688578, 5.14951913])"
635,4896,2539253,"array([6.55611454, 5.20998714])"
636,4896,2539267,"array([6.65226761, 5.13677165])"
637,4896,2538976,"array([6.57159421, 5.69064481])"
638,4896,2539331,"array([6.43849452, 5.22945916])"
639,4896,2538766,"array([6.51972474, 5.50422731])"
640,4896,2538791,"array([6.3983813 , 5.48919467])"
641,4896,2538768,"array([6.50159171, 5.15601162])"
642,4896,2538739,"array([6.58204015, 5.6665421 ])"
643,4896,2539338,"array([6.50543651, 5.33580565])"
644,4896,2538862,"array([6.45151143, 5.56599505])"
645,4896,2539490,"array([6.70813572, 5.18685213])"
646,4896,2539489,"array([6.64498843, 5.54074012])"
647,4896,2538859,"array([6.28835246, 4.94376658])"
648,4896,2539020,"array([6.18090663, 5.54656581])"
649,4896,2539499,"array([6.08086761, 4.99727643])"
650,4896,2539147,"array([6.534239  , 5.42322802])"
651,4896,2539401,"array([6.59286877, 5.16472681])"
652,4896,2538827,"array([6.51806357, 5.21816146])"
653,4896,2539474,"array([6.62749818, 5.1719454 ])"
654,4896,2539534,"array([6.54673601, 5.58280053])"
655,4896,2539452,"array([6.63057092, 5.12108944])"
656,4896,2539439,"array([6.45363546, 5.7506472 ])"
657,4896,3361134,"array([6.71923688, 5.05000579])"
658,4896,2539109,"array([6.25126073, 5.21479145])"
659,4896,2539418,"array([6.49650909, 5.72004141])"
660,4896,2539592,"array([6.38834268, 5.22507738])"
661,4896,2539002,"array([6.38328994, 5.02746495])"
662,4896,2539171,"array([6.59260599, 5.087343  ])"
663,4896,2539601,"array([6.68459621, 5.14737846])"
664,4896,2539526,"array([6.38256505, 5.70665926])"
665,4896,2539569,"array([6.44631651, 5.42564763])"
666,9606,6996,"array([5.98248543, 5.52532496])"
667,4896,2541746,"array([6.14606873, 5.24562065])"
668,4896,2542558,"array([6.04395678, 5.50919036])"
669,4896,2543544,"array([6.07000264, 5.25318742])"
670,10090,13435,"array([5.79769103, 4.75224207])"
671,4896,2541220,"array([6.05239212, 4.88095331])"
672,10090,18747,"array([6.16865736, 4.43935922])"
673,4896,2541806,"array([6.30037901, 4.79699831])"
674,10090,20166,"array([6.47640361, 4.4577459 ])"
675,10090,224105,"array([6.95607761, 4.77505236])"
676,4896,2543027,"array([6.58644676, 4.8508483 ])"
677,10090,233908,"array([5.62367984, 4.33972257])"
678,10090,327826,"array([5.64398415, 4.2920928 ])"
679,10116,64462,"array([6.53017002, 4.37163295])"
680,4896,2540650,"array([6.4432787, 4.6578295])"
681,10116,64547,"array([7.18591415, 5.13390561])"
682,10116,314906,"array([6.62403188, 4.64420953])"
683,4932,850358,"array([6.01714297, 4.23102759])"
684,4896,2541153,"array([6.15662441, 4.57226338])"
685,4932,850620,"array([5.62996489, 4.22322813])"
686,4896,2541947,"array([5.47323527, 4.0611151 ])"
687,4932,851000,"array([6.89556549, 4.28006318])"
688,4896,2541311,"array([6.66752924, 4.54353667])"
689,4932,851190,"array([6.39599281, 4.15355577])"
690,4896,2541726,"array([6.49271248, 4.55231901])"
691,4932,851337,"array([6.46635402, 4.57136671])"
692,4896,2540887,"array([6.13285671, 4.69855345])"
693,4932,851396,"array([6.22114434, 4.35951607])"
694,4896,2542474,"array([6.30000143, 4.73746872])"
695,4932,851415,"array([5.71738188, 4.23459341])"
696,4932,851495,"array([5.82011357, 5.62911964])"
697,4932,851680,"array([6.2425205 , 4.34036104])"
698,4932,851810,"array([5.44956422, 4.87903032])"
699,4896,2540620,"array([5.78877671, 4.87664611])"
700,4932,851928,"array([6.2084572 , 4.30936652])"
701,4896,2539527,"array([6.28419229, 4.68035591])"
702,4932,852284,"array([5.48175963, 4.7532138 ])"
703,4932,852288,"array([6.45235444, 4.12263445])"
704,4896,2541402,"array([6.49006297, 4.52522777])"
705,4932,852295,"array([5.43232304, 4.834066  ])"
706,4932,852457,"array([5.69334561, 4.29931062])"
707,4932,852499,"array([5.98138462, 4.69828455])"
708,4896,2542337,"array([6.4122761 , 4.74866655])"
709,4896,2543407,"array([5.87697859, 4.9907411 ])"
710,4932,852611,"array([6.24602393, 4.39629473])"
711,4896,2540880,"array([6.31438859, 4.76902233])"
712,4932,852665,"array([5.4692202 , 4.83827962])"
713,4932,852990,"array([5.77827877, 4.2047611 ])"
714,4932,853041,"array([5.76049757, 5.58073106])"
715,4932,853500,"array([6.01518898, 5.65455731])"
716,4932,853682,"array([5.73196608, 5.02375455])"
717,4896,2540324,"array([6.16136871, 5.04076777])"
718,4932,853946,"array([6.23886865, 5.88366109])"
719,4896,2542255,"array([6.28156815, 5.53102905])"
720,4932,853956,"array([5.7721843, 5.2023911])"
721,4932,853966,"array([5.66505969, 4.33132794])"
722,4932,854025,"array([10.46425444,  5.55076625])"
723,4896,2539814,"array([10.38802113,  5.57534721])"
724,4896,2541478,"array([10.47691225,  5.62982103])"
725,4932,854119,"array([6.79027503, 5.77763728])"
726,4896,2542184,"array([6.61612578, 5.43273102])"
727,4932,854268,"array([6.08094471, 4.18095513])"
728,4932,854485,"array([5.43900781, 5.29126716])"
729,4896,2540389,"array([5.7502423 , 5.19653973])"
730,4932,854659,"array([6.63126883, 5.72439455])"
731,4896,2541178,"array([6.37794015, 5.37130221])"
732,4932,854933,"array([5.46338489, 4.79432797])"
733,4932,854992,"array([5.72078179, 5.55220191])"
734,4896,2542801,"array([6.02911673, 5.30840055])"
735,4932,855319,"array([6.33019076, 4.20368075])"
736,4896,2542023,"array([6.40946251, 4.58272396])"
737,4932,855428,"array([5.58117219, 4.60219469])"
738,4896,2542571,"array([5.89661893, 4.77739723])"
739,4932,855668,"array([6.03139522, 4.61029383])"
740,4896,2539403,"array([6.17360826, 4.83640341])"
741,4896,2542502,"array([5.88803548, 4.84973236])"
742,4932,855700,"array([5.92658998, 4.94480798])"
743,4896,2541372,"array([6.27768573, 4.95710831])"
744,4932,856674,"array([6.33243564, 4.2414849 ])"
745,4932,856716,"array([7.08759317, 5.26969774])"
746,4932,856746,"array([2.59361206, 6.21751442])"
747,4896,2541870,"array([2.5597921 , 6.27563373])"
748,4932,856924,"array([6.69253254, 3.83008578])"
749,4932,850515,"array([6.05597363, 4.34257995])"
750,4932,850793,"array([5.51445773, 4.90316318])"
751,4896,2539164,"array([5.88502459, 4.91956579])"
752,4932,852765,"array([5.54761489, 4.82007304])"
753,4932,853373,"array([5.5277182 , 4.86011156])"
754,4932,852652,"array([6.35170792, 4.33203151])"
755,4896,2540578,"array([6.38871714, 4.71694228])"
756,4932,852549,"array([5.36943833, 5.47111699])"
757,4896,2540218,"array([5.62756968, 5.36343608])"
758,4932,853463,"array([6.68641495, 4.64683706])"
759,4896,2539047,"array([6.38659209, 5.20963349])"
760,4896,2539087,"array([6.15436077, 4.88912533])"
761,4896,2539678,"array([6.25831998, 5.18516316])"
762,4896,2539730,"array([6.14930539, 5.21539977])"
763,4896,2539847,"array([6.27285785, 5.18937881])"
764,4896,2540291,"array([6.11848028, 5.14933957])"
765,4896,2540584,"array([6.31052494, 5.26301389])"
766,4896,2540711,"array([6.13423284, 5.21241149])"
767,4896,2540799,"array([6.10826221, 4.99792742])"
768,4896,2541143,"array([6.08988612, 5.0539643 ])"
769,4896,2541172,"array([6.26683489, 5.16024574])"
770,4896,2541185,"array([5.92624524, 5.25034614])"
771,4896,2541281,"array([6.18115493, 5.02593688])"
772,4896,2541655,"array([6.1504846 , 5.00693214])"
773,4896,2542173,"array([6.12457994, 5.08512785])"
774,4896,2542725,"array([6.26155899, 5.24440888])"
775,4896,2543042,"array([6.46714708, 5.20898765])"
776,4896,2543254,"array([6.14040563, 5.07009947])"
777,4896,2543583,"array([5.98082723, 5.22420309])"
778,4896,3361384,"array([6.21602355, 5.29156815])"
779,4896,2538690,"array([6.07293224, 4.77618333])"
780,4896,2538930,"array([6.01508445, 4.73570631])"
781,4896,2539248,"array([5.99015495, 4.80867646])"
782,4896,2539423,"array([6.05751525, 4.79273905])"
783,4896,2540735,"array([6.23505731, 4.89938052])"
784,4896,2541633,"array([6.06886928, 4.87227969])"
785,4896,2541848,"array([6.03918405, 4.88665931])"
786,4896,2542198,"array([6.09163743, 4.7673403 ])"
787,4896,2542239,"array([6.07151742, 4.84662022])"
788,4896,2538694,"array([6.6534195, 4.8715647])"
789,4896,2538696,"array([6.81529581, 5.1560132 ])"
790,4896,2539385,"array([6.62096997, 5.1399145 ])"
791,4896,2540120,"array([6.61023476, 5.13925024])"
792,4896,2540837,"array([6.61019301, 5.1635452 ])"
793,4896,2538698,"array([5.88208491, 5.33702466])"
794,4896,2539560,"array([6.25752112, 5.05664539])"
795,4896,2538699,"array([6.7169078 , 5.13709294])"
796,4896,2541601,"array([6.58788342, 5.27225408])"
797,4896,2538700,"array([6.08962463, 5.57575804])"
798,4896,3361532,"array([6.26966077, 5.17230516])"
799,4896,2538701,"array([6.08954832, 4.13224992])"
800,4896,2541792,"array([6.16102641, 4.11254477])"
801,4896,2541899,"array([6.12471987, 4.11931328])"
802,4896,2543643,"array([6.21836348, 4.44872294])"
803,4896,2538704,"array([5.86272921, 4.71129549])"
804,4896,2541470,"array([6.0875468 , 4.81779432])"
805,4896,3361487,"array([6.16194926, 4.96627835])"
806,4896,2538706,"array([5.40459714, 4.50967632])"
807,4896,2538707,"array([2.94352393, 7.1983012 ])"
808,4896,2538708,"array([6.50850269, 5.31684457])"
809,4896,2538709,"array([6.76924938, 5.15838439])"
810,4896,2542348,"array([5.94567003, 5.25252714])"
811,4896,2543382,"array([6.22450102, 4.85576742])"
812,4896,2542358,"array([6.29238746, 4.96383189])"
813,4896,2538714,"array([6.52359103, 4.87404678])"
814,4896,2541897,"array([6.62606157, 4.74420455])"
815,4896,2542637,"array([6.66829003, 4.9063582 ])"
816,4896,2540574,"array([6.29601863, 5.25400998])"
817,4896,2538718,"array([8.08600602, 1.35033397])"
818,4896,2538719,"array([6.03203667, 4.4876066 ])"
819,4896,2540494,"array([6.14452083, 4.64013563])"
820,4896,2540804,"array([6.05746655, 4.5466084 ])"
821,4896,2541788,"array([5.90430045, 4.3850308 ])"
822,4896,2542304,"array([6.08002039, 4.60114363])"
823,4896,2542311,"array([5.99122395, 4.51223664])"
824,4896,2542737,"array([6.01267089, 4.47166697])"
825,4896,3361327,"array([6.00814265, 4.59267203])"
826,4896,3361526,"array([6.18863761, 4.78075558])"
827,4896,2538720,"array([6.21817625, 5.605583  ])"
828,4896,2540987,"array([6.3126396 , 5.47175556])"
829,4896,3361391,"array([6.20421193, 5.68214715])"
830,4896,2538723,"array([7.23491822, 4.73892042])"
831,4896,3361521,"array([6.98704289, 4.77515023])"
832,4896,2538726,"array([6.91896918, 5.33748911])"
833,4896,2539970,"array([6.50123675, 5.17089083])"
834,4896,2538731,"array([3.21455244, 2.48062824])"
835,4896,2542949,"array([3.22931495, 2.41582061])"
836,4896,2541772,"array([6.39989534, 5.23571362])"
837,4896,2538736,"array([6.15391968, 4.74332433])"
838,4896,2539155,"array([6.19866995, 4.62468032])"
839,4896,2539219,"array([6.27865949, 4.64229408])"
840,4896,2539740,"array([6.20311583, 4.88336828])"
841,4896,2540060,"array([6.22205154, 4.61215471])"
842,4896,2540097,"array([6.13669149, 4.78053152])"
843,4896,2540238,"array([6.08890023, 4.5248942 ])"
844,4896,2540320,"array([6.30309692, 4.71941731])"
845,4896,2540589,"array([6.22819701, 4.59334697])"
846,4896,2541326,"array([6.22590986, 4.90997926])"
847,4896,2541856,"array([6.17658812, 4.63379252])"
848,4896,2542004,"array([6.17689159, 4.61380822])"
849,4896,2538738,"array([2.3949603 , 4.24600855])"
850,4896,2539751,"array([6.37458643, 5.16753936])"
851,4896,2538744,"array([6.08261485, 4.88473049])"
852,4896,2539121,"array([5.92548363, 4.83010007])"
853,4896,2539639,"array([6.24155591, 4.76760394])"
854,4896,2539817,"array([6.00239377, 4.79516863])"
855,4896,2540919,"array([6.29568341, 4.81646004])"
856,4896,2541155,"array([6.01856764, 4.85115975])"
857,4896,2541201,"array([6.04217473, 4.77036878])"
858,4896,2541319,"array([6.03933094, 4.86628398])"
859,4896,2543426,"array([6.05604081, 5.04823857])"
860,4896,3361562,"array([6.04649269, 4.65936253])"
861,4896,2538747,"array([6.47300264, 4.9002798 ])"
862,4896,2539481,"array([6.20870628, 5.03604667])"
863,4896,2538748,"array([5.59248273, 5.88457387])"
864,4896,2542526,"array([5.76256801, 5.69232659])"
865,4896,2538749,"array([6.79975165, 5.25144412])"
866,4896,2538751,"array([6.67790101, 4.95984082])"
867,4896,2538752,"array([6.33852013, 5.05599043])"
868,4896,2541476,"array([6.23638576, 5.04982815])"
869,4896,5802781,"array([6.32144454, 5.16238801])"
870,4896,2538757,"array([6.5260437 , 4.41260863])"
871,4896,2539997,"array([6.42413949, 4.77544365])"
872,4896,2538758,"array([6.51108453, 5.04854461])"
873,4896,2539511,"array([6.63028165, 4.95974184])"
874,4896,2539658,"array([6.20869423, 4.86115003])"
875,4896,2538760,"array([5.89578228, 4.79702869])"
876,4896,2539073,"array([5.82273793, 4.80387343])"
877,4896,2541027,"array([5.80068581, 4.80759732])"
878,4896,2538762,"array([5.82601343, 4.88262406])"
879,4896,2539023,"array([5.8659887 , 4.90579446])"
880,4896,2539145,"array([5.86665131, 4.92742371])"
881,4896,2539667,"array([5.85005722, 4.88942471])"
882,4896,2539804,"array([6.12581758, 4.92485052])"
883,4896,2540788,"array([5.66251351, 4.84602911])"
884,4896,2540929,"array([5.90587501, 4.84101069])"
885,4896,2541299,"array([5.9866296 , 4.86891615])"
886,4896,2541776,"array([5.69684124, 4.84924859])"
887,4896,3361506,"array([5.67987488, 4.8257771 ])"
888,4896,2538763,"array([5.66547463, 4.48396456])"
889,4896,2539214,"array([5.84065272, 4.71514183])"
890,4896,2540369,"array([5.77454998, 4.46186306])"
891,4896,2541134,"array([5.61571902, 4.48299366])"
892,4896,2543449,"array([5.84194101, 4.60184724])"
893,4896,2538764,"array([5.68672849, 4.57986296])"
894,4896,2538767,"array([7.22511262, 5.34784418])"
895,4896,2540807,"array([7.45520432, 5.44000821])"
896,4896,2542928,"array([6.83789543, 5.20587714])"
897,4896,2538769,"array([6.10786421, 4.66576495])"
898,4896,2540105,"array([6.23607182, 4.8562732 ])"
899,4896,2540408,"array([6.18480039, 4.81420077])"
900,4896,2541202,"array([6.15483445, 4.7925646 ])"
901,4896,2541265,"array([6.20507816, 4.82888301])"
902,4896,2542135,"array([6.10112081, 4.71192239])"
903,4896,2538770,"array([7.01211275, 4.23485346])"
904,4896,2541720,"array([6.78917625, 4.39752906])"
905,4896,2541585,"array([6.98876071, 4.96230273])"
906,4896,2538775,"array([6.07191714, 5.15527973])"
907,4896,2538776,"array([6.32082246, 5.24439627])"
908,4896,2538778,"array([6.28753254, 4.89502931])"
909,4896,2538913,"array([6.25378526, 4.93759488])"
910,4896,2542126,"array([6.33765443, 4.95752202])"
911,4896,2538780,"array([6.86449918, 5.32790232])"
912,4896,2538781,"array([6.0877095 , 5.25246209])"
913,4896,2543086,"array([6.12829042, 5.06085482])"
914,4896,2538782,"array([7.27035162, 4.86050844])"
915,4896,2538786,"array([6.86956543, 4.67969595])"
916,4896,2540024,"array([6.6031812 , 4.92206911])"
917,4896,2538787,"array([6.16721373, 5.00438071])"
918,4896,2538843,"array([6.24468323, 4.95035448])"
919,4896,2538952,"array([6.22313348, 4.81079266])"
920,4896,2539930,"array([5.9234726 , 5.19667494])"
921,4896,2539971,"array([6.11066224, 4.86288184])"
922,4896,2539987,"array([5.8694141, 5.1664473])"
923,4896,2540099,"array([6.4097855, 4.8819032])"
924,4896,2540212,"array([5.8158436, 4.9850785])"
925,4896,2540554,"array([5.96460296, 5.13862349])"
926,4896,2540753,"array([5.99660749, 5.18999342])"
927,4896,2540784,"array([6.0275524 , 4.93957451])"
928,4896,2541168,"array([6.02664191, 5.2319975 ])"
929,4896,2541211,"array([6.10637669, 5.16077575])"
930,4896,2541580,"array([6.06219451, 5.27806876])"
931,4896,2541735,"array([6.17961017, 4.85145118])"
932,4896,2541807,"array([6.46520142, 5.13245423])"
933,4896,2541869,"array([6.49317656, 4.63037587])"
934,4896,2542256,"array([6.00642754, 5.15712502])"
935,4896,2542427,"array([6.43193401, 4.7940865 ])"
936,4896,2542531,"array([6.17005345, 5.22833534])"
937,4896,2542619,"array([6.23671935, 4.83992766])"
938,4896,2543451,"array([5.96178063, 5.00104292])"
939,4896,2543671,"array([6.03368258, 4.96783432])"
940,4896,2538790,"array([6.27103076, 5.49248867])"
941,4896,2540186,"array([6.24872586, 5.03962531])"
942,4896,2538792,"array([6.29774738, 5.64164019])"
943,4896,2538793,"array([7.36325209, 5.05418515])"
944,4896,2538798,"array([6.12869472, 5.61035104])"
945,4896,2538799,"array([6.55596641, 5.48936878])"
946,4896,2538804,"array([5.78149086, 5.06051648])"
947,4896,3361430,"array([5.72485023, 5.08610954])"
948,4896,9407016,"array([5.86070338, 5.01903486])"
949,4896,2538806,"array([6.4577721 , 4.64687421])"
950,4896,2538808,"array([6.51577883, 4.96713881])"
951,4896,2541197,"array([6.1841975 , 4.76016841])"
952,4896,2538812,"array([7.27999633, 4.95554888])"
953,4896,2538815,"array([5.92362743, 5.51680672])"
954,4896,2538816,"array([6.16423493, 4.95026912])"
955,4896,2539083,"array([6.05808645, 4.94495652])"
956,4896,2539294,"array([6.13053384, 5.039938  ])"
957,4896,2539773,"array([5.99745141, 4.84109017])"
958,4896,2539924,"array([5.94291583, 4.98730754])"
959,4896,2540272,"array([5.99151306, 4.88920679])"
960,4896,2540292,"array([6.14214486, 5.01870001])"
961,4896,2540793,"array([5.96643461, 4.94531848])"
962,4896,2541011,"array([6.29272551, 5.00226262])"
963,4896,2541446,"array([6.2702295 , 5.04492965])"
964,4896,2541729,"array([5.93622616, 4.90049838])"
965,4896,2542070,"array([6.04953178, 4.98148625])"
966,4896,2542097,"array([6.13725878, 4.99021365])"
967,4896,2542225,"array([6.06287682, 4.9662734 ])"
968,4896,2542233,"array([6.13707091, 4.97330066])"
969,4896,2542679,"array([6.57037279, 4.86056225])"
970,4896,2543112,"array([6.02591327, 4.98975433])"
971,4896,2543646,"array([6.35261642, 4.9136254 ])"
972,4896,2538818,"array([5.56596967, 5.20439665])"
973,4896,2542555,"array([5.5443566 , 5.36684117])"
974,4896,2542822,"array([5.95023405, 5.05223918])"
975,4896,2538820,"array([6.25422013, 5.45893793])"
976,4896,2539785,"array([5.98243163, 4.85035008])"
977,4896,2538824,"array([9.03139653, 8.06601255])"
978,4896,2538826,"array([6.1523607 , 4.37487717])"
979,4896,2541214,"array([6.22804161, 4.75149567])"
980,4896,2538829,"array([6.51377443, 4.98687284])"
981,4896,2539035,"array([6.2860583 , 5.06776063])"
982,4896,2539680,"array([6.44614089, 5.18247965])"
983,4896,2539945,"array([6.8773292 , 5.01439315])"
984,4896,2540810,"array([6.51993498, 4.64079054])"
985,4896,2541738,"array([6.668686  , 4.92867197])"
986,4896,2543092,"array([6.60857131, 4.85777164])"
987,4896,2538832,"array([5.99552824, 5.33293335])"
988,4896,2538833,"array([6.15758559, 5.18241955])"
989,4896,2540434,"array([6.04630488, 5.2070427 ])"
990,4896,2538836,"array([6.10425873, 4.94231329])"
991,4896,2539144,"array([6.23140948, 4.88330108])"
992,4896,2539948,"array([6.23466619, 4.82680112])"
993,4896,2539999,"array([6.23177129, 4.9363857 ])"
994,4896,2540749,"array([6.09404085, 4.85018772])"
995,4896,2541301,"array([6.01103868, 4.8682596 ])"
996,4896,2541419,"array([6.16981099, 4.88805023])"
997,4896,2541438,"array([6.09291262, 4.91622373])"
998,4896,2541496,"array([6.07942962, 4.86355925])"
999,4896,2541540,"array([6.13217423, 4.9063052 ])"
1000,4896,2541851,"array([6.11957015, 4.94094919])"
1001,4896,2542400,"array([6.13907034, 4.92074231])"
1002,4896,2542638,"array([6.18618694, 4.9650206 ])"
1003,4896,2538837,"array([6.72531391, 5.10160977])"
1004,4896,2538838,"array([6.05062773, 4.91428584])"
1005,4896,2539838,"array([6.08025857, 4.90145185])"
1006,4896,2540630,"array([6.12960491, 4.9996926 ])"
1007,4896,2540917,"array([6.54401696, 4.75330248])"
1008,4896,2542266,"array([5.90006795, 4.87083073])"
1009,4896,2542477,"array([5.8506659 , 4.95857846])"
1010,4896,2542796,"array([5.80845929, 4.89748785])"
1011,4896,2538840,"array([6.27114558, 5.07060569])"
1012,4896,2541193,"array([6.21697903, 4.96138518])"
1013,4896,2538842,"array([6.43779321, 5.3787319 ])"
1014,4896,2538988,"array([6.0405454 , 5.12384987])"
1015,4896,2539216,"array([6.11575337, 5.04985965])"
1016,4896,2539631,"array([6.18785936, 4.83210802])"
1017,4896,2540249,"array([6.10773157, 4.78699974])"
1018,4896,2540513,"array([6.37080108, 5.01604283])"
1019,4896,2540801,"array([6.08636896, 5.03010316])"
1020,4896,2541457,"array([6.21465179, 4.99524362])"
1021,4896,2541513,"array([6.21639274, 4.89398616])"
1022,4896,2541930,"array([6.30146299, 4.76227147])"
1023,4896,2542513,"array([6.11215425, 4.84778421])"
1024,4896,2542626,"array([6.37059098, 4.90555108])"
1025,4896,3361518,"array([6.39139211, 4.98296828])"
1026,4896,2538844,"array([7.19258181, 4.8382723 ])"
1027,4896,2538846,"array([6.48504832, 4.83706538])"
1028,4896,2539487,"array([6.58876127, 4.87004363])"
1029,4896,2539513,"array([6.50352715, 4.83984221])"
1030,4896,2540176,"array([6.48379777, 4.61110714])"
1031,4896,2540560,"array([6.57224209, 4.79660543])"
1032,4896,2541613,"array([6.66811302, 4.99974601])"
1033,4896,2542219,"array([6.56188234, 4.92515854])"
1034,4896,2543039,"array([6.41111147, 4.82669334])"
1035,4896,2543044,"array([6.5043851 , 4.93935646])"
1036,4896,2543129,"array([6.41414747, 5.04568239])"
1037,4896,2543576,"array([6.45201623, 4.83864404])"
1038,4896,2538848,"array([6.20720918, 4.81224162])"
1039,4896,2539050,"array([6.24496118, 4.86871705])"
1040,4896,2539242,"array([6.29715644, 4.64047869])"
1041,4896,2539420,"array([6.25671753, 4.83793241])"
1042,4896,2540825,"array([6.16000939, 4.86770372])"
1043,4896,2541547,"array([6.55216638, 4.85822252])"
1044,4896,2543116,"array([6.36585905, 4.80997009])"
1045,4896,2538849,"array([6.33002359, 5.47539233])"
1046,4896,2538851,"array([6.04886917, 5.15219398])"
1047,4896,2538885,"array([6.05602812, 5.11427969])"
1048,4896,2543393,"array([6.32953001, 5.12508513])"
1049,4896,2538852,"array([6.20171319, 4.53758397])"
1050,4896,2540458,"array([6.20048479, 4.67167634])"
1051,4896,2540718,"array([6.46007111, 4.82693353])"
1052,4896,2541688,"array([6.07854812, 4.74026799])"
1053,4896,2541929,"array([6.3593278 , 4.68294469])"
1054,4896,2538853,"array([5.67568408, 5.1703494 ])"
1055,4896,2538854,"array([6.95730664, 4.89680971])"
1056,4896,2539914,"array([6.55741639, 4.81160746])"
1057,4896,2538855,"array([6.02378435, 5.68504752])"
1058,4896,2538860,"array([6.2931316, 4.1568144])"
1059,4896,2539094,"array([6.32601377, 4.51207298])"
1060,4896,2538861,"array([6.16169634, 5.10650759])"
1061,4896,2538863,"array([6.31089071, 5.09040882])"
1062,4896,2538867,"array([5.65267907, 5.17748548])"
1063,4896,2538868,"array([6.7446918 , 5.35056031])"
1064,4896,2538869,"array([6.10721732, 5.56060467])"
1065,4896,2538871,"array([6.14792667, 4.76781633])"
1066,4896,2538907,"array([6.26837244, 4.93975753])"
1067,4896,2538872,"array([5.85147869, 5.11492737])"
1068,4896,2538874,"array([2.35685077, 6.00774819])"
1069,4896,2538875,"array([5.98801631, 4.77511387])"
1070,4896,2540250,"array([5.97767241, 4.92747237])"
1071,4896,2541173,"array([6.05645987, 4.60864779])"
1072,4896,2541194,"array([5.89446689, 4.89465214])"
1073,4896,2541959,"array([5.89847727, 4.67905989])"
1074,4896,2542788,"array([5.90769847, 4.63136966])"
1075,4896,2542386,"array([6.30835284, 5.81782976])"
1076,4896,2538878,"array([6.83353074, 4.69188364])"
1077,4896,2543000,"array([6.92037905, 4.97486446])"
1078,4896,2538879,"array([8.80078268, 1.7801933 ])"
1079,4896,2538880,"array([6.54077714, 4.43395646])"
1080,4896,2540303,"array([6.36862373, 4.76391199])"
1081,4896,2540318,"array([6.03464542, 4.83080186])"
1082,4896,2540474,"array([5.96626044, 4.81059327])"
1083,4896,2541781,"array([6.00392516, 4.89680264])"
1084,4896,2541801,"array([5.94558955, 4.84101652])"
1085,4896,2538883,"array([6.35054136, 5.3207547 ])"
1086,4896,2541349,"array([6.24366249, 5.26308445])"
1087,4896,2538886,"array([6.60916868, 4.78230175])"
1088,4896,2543069,"array([6.54780666, 4.60142674])"
1089,4896,2538888,"array([6.14419274, 5.19866212])"
1090,4896,2538891,"array([6.78554777, 5.58651442])"
1091,4896,2540299,"array([6.05686914, 5.37469249])"
1092,4896,2541251,"array([6.38300288, 5.32009659])"
1093,4896,2538894,"array([6.64823386, 5.11863605])"
1094,4896,2538895,"array([5.91640757, 4.89363796])"
1095,4896,2543067,"array([6.22044336, 4.71043169])"
1096,4896,2541466,"array([6.10237361, 5.19102285])"
1097,4896,2542268,"array([6.26984251, 5.22223961])"
1098,4896,2538898,"array([7.01737652, 4.88811413])"
1099,4896,2538901,"array([6.02102554, 5.28648053])"
1100,4896,2542176,"array([5.9771862 , 5.26248472])"
1101,4896,2542222,"array([6.01198304, 5.24081829])"
1102,4896,2542420,"array([6.48367072, 4.85405024])"
1103,4896,2538903,"array([6.29631953, 5.2789748 ])"
1104,4896,2540712,"array([6.09111518, 5.0060421 ])"
1105,4896,9406964,"array([6.19764406, 5.71687767])"
1106,4896,2538956,"array([5.99804492, 5.07067305])"
1107,4896,2539122,"array([6.51565312, 4.90309053])"
1108,4896,2539374,"array([5.97609927, 4.6040597 ])"
1109,4896,2539703,"array([6.28291055, 4.72500981])"
1110,4896,2539793,"array([6.25644848, 4.82131423])"
1111,4896,2539899,"array([6.295931  , 4.84404673])"
1112,4896,2539991,"array([6.03570816, 5.05669552])"
1113,4896,2540018,"array([6.3310733 , 4.77877187])"
1114,4896,2540173,"array([5.87779161, 4.80965156])"
1115,4896,2540337,"array([6.00033462, 4.97382238])"
1116,4896,2540368,"array([6.31006298, 4.83695654])"
1117,4896,2540487,"array([6.49822106, 5.09342735])"
1118,4896,2540689,"array([6.19241147, 4.5031305 ])"
1119,4896,2540743,"array([6.17683788, 5.19554689])"
1120,4896,2540936,"array([6.4732349 , 4.78031396])"
1121,4896,2541062,"array([6.17103396, 5.15560787])"
1122,4896,2541200,"array([6.07297329, 5.0398846 ])"
1123,4896,2541650,"array([6.12454119, 4.64898661])"
1124,4896,2541695,"array([6.36937864, 4.95819642])"
1125,4896,2541697,"array([6.32279921, 4.66299808])"
1126,4896,2541995,"array([6.30992633, 4.5862426 ])"
1127,4896,2542335,"array([6.29054846, 4.58917841])"
1128,4896,2538908,"array([7.15560511, 5.347913  ])"
1129,4896,2538909,"array([5.82512831, 5.01821504])"
1130,4896,2538910,"array([4.32716872, 8.52150933])"
1131,4896,2538911,"array([7.14054997, 4.79781949])"
1132,4896,2538912,"array([6.50116687, 5.22185217])"
1133,4896,2540956,"array([6.57466606, 5.17231362])"
1134,4896,2543058,"array([6.47879851, 5.20175181])"
1135,4896,2539041,"array([6.27725203, 4.87745438])"
1136,4896,2539540,"array([6.21416117, 5.0096316 ])"
1137,4896,2542001,"array([6.27196916, 4.97393347])"
1138,4896,2542094,"array([6.34397269, 4.90304696])"
1139,4896,2542325,"array([6.30629663, 4.90656905])"
1140,4896,2542740,"array([6.38091783, 5.10591244])"
1141,4896,2538916,"array([6.16619535, 5.01786453])"
1142,4896,2543032,"array([6.38951962, 4.89075497])"
1143,4896,2543157,"array([6.21862855, 4.84198609])"
1144,4896,2538917,"array([6.41355861, 5.74894684])"
1145,4896,2541353,"array([6.42212358, 5.47700673])"
1146,4896,2538921,"array([7.82069799, 8.7983649 ])"
1147,4896,2538926,"array([5.85694503, 5.35082538])"
1148,4896,2538929,"array([6.26294412, 4.37247564])"
1149,4896,2540902,"array([6.0500658 , 4.69012154])"
1150,4896,2542732,"array([6.28448452, 4.70181654])"
1151,4896,2538931,"array([5.90471961, 5.30600507])"
1152,4896,2541616,"array([6.00842497, 5.27051931])"
1153,4896,2538932,"array([6.01531253, 5.02320912])"
1154,4896,2542433,"array([6.32387781, 5.19750328])"
1155,4896,2538933,"array([6.00646591, 5.3574985 ])"
1156,4896,2540645,"array([6.2931797 , 5.01730301])"
1157,4896,2538935,"array([7.37502951, 4.64846473])"
1158,4896,2539850,"array([7.58961873, 4.57512779])"
1159,4896,2538936,"array([5.899859  , 5.20473377])"
1160,4896,2540241,"array([6.01765182, 4.90224059])"
1161,4896,2540462,"array([6.08096932, 5.11909302])"
1162,4896,2540865,"array([6.1094859 , 5.28432752])"
1163,4896,2541609,"array([5.99941527, 5.17384106])"
1164,4896,2541619,"array([6.03439172, 5.18638236])"
1165,4896,2542426,"array([6.07045265, 5.0555643 ])"
1166,4896,2543278,"array([5.98626961, 5.20408726])"
1167,4896,3361572,"array([5.64231955, 5.30268975])"
1168,4896,2538940,"array([5.7305229 , 5.23074595])"
1169,4896,2538942,"array([6.42143178, 5.392285  ])"
1170,4896,2543648,"array([6.20434096, 5.08052981])"
1171,4896,2538945,"array([6.33700781, 4.75856195])"
1172,4896,2542410,"array([6.20516125, 4.97335111])"
1173,4896,2538946,"array([6.49890395, 4.40931777])"
1174,4896,2538947,"array([6.31214153, 4.9774572 ])"
1175,4896,2538949,"array([6.24200007, 5.52119879])"
1176,4896,2538950,"array([6.45345081, 6.12936638])"
1177,4896,2542641,"array([6.47878728, 5.86677402])"
1178,4896,2538951,"array([6.49918579, 5.02152858])"
1179,4896,2541258,"array([6.70113917, 5.12281758])"
1180,4896,2541590,"array([6.50855185, 4.75318322])"
1181,4896,2538963,"array([6.17654382, 4.59555611])"
1182,4896,2538994,"array([5.97799667, 4.90485129])"
1183,4896,2539407,"array([6.60149429, 4.69870419])"
1184,4896,2539833,"array([5.89067357, 4.75506247])"
1185,4896,2539958,"array([6.4953825 , 4.57554227])"
1186,4896,2540127,"array([6.48691866, 4.75116444])"
1187,4896,2540234,"array([6.1425096 , 4.82144327])"
1188,4896,2540394,"array([6.07354511, 4.69468184])"
1189,4896,2540507,"array([6.18900091, 4.41937054])"
1190,4896,2540892,"array([6.10476772, 4.73347739])"
1191,4896,2541082,"array([6.58746541, 4.75936253])"
1192,4896,2541184,"array([6.01894486, 4.69735196])"
1193,4896,2541456,"array([6.27618461, 4.85305265])"
1194,4896,2541713,"array([6.2074874, 4.9155299])"
1195,4896,2541941,"array([6.34194864, 4.92169673])"
1196,4896,2542413,"array([5.85380003, 4.74052827])"
1197,4896,2542418,"array([5.95974864, 4.53116833])"
1198,4896,2542635,"array([6.30031967, 4.91977033])"
1199,4896,2542677,"array([6.39396219, 4.64691466])"
1200,4896,2542705,"array([6.12232134, 4.83344993])"
1201,4896,2542843,"array([6.54919107, 4.82506005])"
1202,4896,2542936,"array([6.1522243 , 4.93857212])"
1203,4896,2543156,"array([6.37786898, 4.86756407])"
1204,4896,2543199,"array([6.54822362, 4.98903564])"
1205,4896,2543616,"array([6.01025795, 5.19654306])"
1206,4896,2538953,"array([5.84308899, 5.03413559])"
1207,4896,2538954,"array([6.07804895, 5.60119743])"
1208,4896,2538955,"array([5.94743768, 4.77401023])"
1209,4896,2538967,"array([6.10167218, 4.60050433])"
1210,4896,2538957,"array([6.48037461, 4.67699971])"
1211,4896,2538959,"array([6.32368397, 4.92039333])"
1212,4896,2539004,"array([6.24607258, 4.54563442])"
1213,4896,2539580,"array([6.44193197, 4.77013171])"
1214,4896,2539737,"array([6.11260667, 4.69340504])"
1215,4896,2539857,"array([6.56023455, 4.97743415])"
1216,4896,2540148,"array([6.04133989, 5.0003069 ])"
1217,4896,2540802,"array([6.20233686, 5.43571557])"
1218,4896,2542632,"array([6.23098415, 4.79842561])"
1219,4896,2542844,"array([6.36550704, 5.03563142])"
1220,4896,2543240,"array([6.00121282, 4.7088385 ])"
1221,4896,2538960,"array([2.37109051, 5.27261732])"
1222,4896,2538962,"array([6.769673  , 5.26869574])"
1223,4896,2539349,"array([6.17762458, 4.79289674])"
1224,4896,2538964,"array([5.83233171, 5.1009309 ])"
1225,4896,2540496,"array([5.48181237, 5.11409541])"
1226,4896,2540723,"array([5.86926793, 5.08056368])"
1227,4896,2538966,"array([7.21433315, 5.41394406])"
1228,4896,2542390,"array([6.91848998, 5.2818699 ])"
1229,4896,2540912,"array([5.98514084, 4.82759935])"
1230,4896,2542761,"array([6.35360252, 4.75634904])"
1231,4896,2543517,"array([6.37689599, 4.93613217])"
1232,4896,2538971,"array([6.01546698, 5.40260085])"
1233,4896,2538974,"array([6.02226721, 5.16913795])"
1234,4896,2539395,"array([5.95219846, 5.28355269])"
1235,4896,2538980,"array([6.77507752, 5.22313065])"
1236,4896,2538981,"array([6.84537833, 5.37270318])"
1237,4896,2538984,"array([5.84545127, 5.16784235])"
1238,4896,2538986,"array([6.88513363, 4.91851052])"
1239,4896,2543488,"array([7.13885052, 4.75971143])"
1240,4896,2538987,"array([6.767694  , 5.31846651])"
1241,4896,2542482,"array([5.88500145, 5.14989117])"
1242,4896,2543019,"array([5.97970217, 5.32070383])"
1243,4896,2538990,"array([6.79130371, 4.89329968])"
1244,4896,2540352,"array([6.77222236, 4.87170315])"
1245,4896,2541529,"array([6.82456014, 4.72566681])"
1246,4896,2538992,"array([6.05735606, 4.75953769])"
1247,4896,2538993,"array([6.49541764, 4.81910704])"
1248,4896,2539140,"array([5.79077993, 5.07591109])"
1249,4896,2540306,"array([6.30496191, 4.95432728])"
1250,4896,2538996,"array([4.1904036 , 1.58515577])"
1251,4896,2541222,"array([4.12839963, 1.61740631])"
1252,4896,2538997,"array([6.19005757, 5.26588531])"
1253,4896,2542363,"array([6.21555422, 5.05645863])"
1254,4896,2538999,"array([6.59141044, 5.73947328])"
1255,4896,2539373,"array([6.63641451, 6.01215212])"
1256,4896,2539000,"array([6.81363823, 4.64651844])"
1257,4896,2540686,"array([6.40017052, 4.66795667])"
1258,4896,2541658,"array([6.65704856, 4.57318192])"
1259,4896,2542443,"array([6.23999674, 4.99297406])"
1260,4896,2541604,"array([6.13066916, 4.55808658])"
1261,4896,2543670,"array([6.0621857 , 4.51907156])"
1262,4896,2539006,"array([6.07915361, 5.2385025 ])"
1263,4896,2539649,"array([6.52985004, 4.76740443])"
1264,4896,2540737,"array([6.4507517 , 4.93365869])"
1265,4896,2539010,"array([6.22063373, 5.46094756])"
1266,4896,2539232,"array([6.23058159, 5.48266269])"
1267,4896,2539011,"array([6.77835076, 5.11316481])"
1268,4896,2539206,"array([6.3466916 , 4.79875433])"
1269,4896,2539014,"array([6.61211151, 5.7612788 ])"
1270,4896,2540207,"array([6.32012904, 5.61294927])"
1271,4896,2540240,"array([6.68208377, 5.37028315])"
1272,4896,2539015,"array([6.623863  , 5.37030596])"
1273,4896,2539275,"array([6.57037359, 5.26972599])"
1274,4896,2539016,"array([6.71089316, 4.71600886])"
1275,4896,2540660,"array([6.51779861, 4.72661986])"
1276,4896,2541599,"array([6.45757477, 4.86927863])"
1277,4896,2541940,"array([6.50027784, 4.91092924])"
1278,4896,2542388,"array([6.84638955, 4.64702642])"
1279,4896,2543441,"array([6.55749992, 4.73884002])"
1280,4896,2543526,"array([6.70666552, 4.98925568])"
1281,4896,2543666,"array([6.61368953, 4.58984679])"
1282,4896,2539017,"array([6.30065369, 4.69426458])"
1283,4896,2540079,"array([6.7154335 , 4.86926629])"
1284,4896,2540377,"array([5.98925365, 4.5375517 ])"
1285,4896,2539018,"array([6.14937619, 5.58523109])"
1286,4896,2543097,"array([6.10866138, 5.91263249])"
1287,4896,2539019,"array([6.90812219, 5.30166205])"
1288,4896,2539436,"array([6.07482228, 5.7827078 ])"
1289,4896,2539550,"array([6.18044259, 5.57083964])"
1290,4896,2540911,"array([6.16377369, 5.67691431])"
1291,4896,2541512,"array([6.12361636, 5.79511917])"
1292,4896,2541587,"array([6.11460103, 5.73472739])"
1293,4896,2542312,"array([6.06601603, 5.62838096])"
1294,4896,3361330,"array([6.10196463, 5.77532532])"
1295,4896,2539024,"array([6.506031  , 4.79690093])"
1296,4896,2539026,"array([6.56306982, 5.16409892])"
1297,4896,2541139,"array([6.48639642, 5.22997611])"
1298,4896,2539027,"array([6.46552249, 4.85204506])"
1299,4896,2540329,"array([6.34246788, 4.86937283])"
1300,4896,2541652,"array([6.3913335 , 4.95538095])"
1301,4896,2539028,"array([6.73426529, 5.27389516])"
1302,4896,2539032,"array([10.31526257,  4.12823918])"
1303,4896,2539438,"array([6.43406873, 5.24726128])"
1304,4896,2540684,"array([6.26043453, 4.69104383])"
1305,4896,2543271,"array([5.98248734, 5.1783309 ])"
1306,4896,2539036,"array([6.25244411, 4.60146342])"
1307,4896,2542783,"array([6.13237766, 4.24983252])"
1308,4896,2543204,"array([6.37561226, 4.82925626])"
1309,4896,2540381,"array([6.3776933 , 4.73333612])"
1310,4896,2539042,"array([5.6981185 , 4.19131868])"
1311,4896,2541931,"array([5.87875436, 4.43864234])"
1312,4896,2539043,"array([7.23982673, 4.62548027])"
1313,4896,2539045,"array([6.28455546, 5.05217706])"
1314,4896,2539054,"array([6.27628769, 5.6583293 ])"
1315,4896,2539286,"array([6.16068587, 5.39715145])"
1316,4896,2539345,"array([6.7187476 , 5.17446623])"
1317,4896,2539381,"array([6.38330236, 5.65821175])"
1318,4896,2539426,"array([6.42538106, 5.09086434])"
1319,4896,2539434,"array([6.45477607, 5.0846975 ])"
1320,4896,2539467,"array([6.36031268, 4.83028058])"
1321,4896,2539470,"array([6.17133314, 5.38490476])"
1322,4896,2539544,"array([6.27398961, 5.2921934 ])"
1323,4896,2539642,"array([6.48707532, 4.98775596])"
1324,4896,2539650,"array([6.22371378, 5.02443694])"
1325,4896,2539673,"array([6.36309136, 5.62419565])"
1326,4896,2539846,"array([6.20570977, 5.37014411])"
1327,4896,2539861,"array([6.73750289, 5.300215  ])"
1328,4896,2539917,"array([6.31662793, 5.4037118 ])"
1329,4896,2539973,"array([6.55737188, 5.09244132])"
1330,4896,2540057,"array([6.13150918, 5.23914637])"
1331,4896,2540284,"array([6.08412537, 5.0788181 ])"
1332,4896,2540366,"array([6.18827224, 5.40125464])"
1333,4896,2540390,"array([6.03254258, 5.35902563])"
1334,4896,2540570,"array([6.41328543, 5.29127314])"
1335,4896,2540674,"array([6.26728971, 5.43519345])"
1336,4896,2540792,"array([6.30951777, 5.07325913])"
1337,4896,2540842,"array([6.1186234 , 5.44117548])"
1338,4896,2540894,"array([6.44412318, 4.91877094])"
1339,4896,2540908,"array([6.34512405, 5.11804709])"
1340,4896,2540968,"array([6.71344679, 5.51132475])"
1341,4896,2540972,"array([6.45606286, 5.27860066])"
1342,4896,2541000,"array([6.09770397, 5.41624811])"
1343,4896,2541038,"array([6.72100288, 5.3464675 ])"
1344,4896,2541066,"array([6.32126087, 5.66984131])"
1345,4896,2541126,"array([6.1965558 , 5.16612695])"
1346,4896,2541175,"array([6.19799728, 5.53209387])"
1347,4896,2541411,"array([6.40761354, 4.76594507])"
1348,4896,2541629,"array([6.46494259, 5.06402505])"
1349,4896,2541674,"array([6.71805783, 5.25278077])"
1350,4896,2541678,"array([6.35192681, 5.65800279])"
1351,4896,2541680,"array([6.10060927, 5.39253171])"
1352,4896,2541699,"array([6.56750264, 4.83892401])"
1353,4896,2541889,"array([6.49360212, 4.89473704])"
1354,4896,2541934,"array([6.79130721, 5.0466164 ])"
1355,4896,2541982,"array([6.38315563, 5.08941122])"
1356,4896,2542038,"array([6.06289014, 5.2980169 ])"
1357,4896,2542056,"array([6.45283129, 5.63306389])"
1358,4896,2542074,"array([6.47374188, 5.45292549])"
1359,4896,2542300,"array([6.34245277, 4.98286102])"
1360,4896,2542310,"array([6.61935946, 5.2854883 ])"
1361,4896,2542395,"array([6.73237945, 5.08322736])"
1362,4896,2542519,"array([6.42708878, 5.63049685])"
1363,4896,2542591,"array([6.69957575, 5.22296286])"
1364,4896,2542599,"array([6.31421843, 5.36933406])"
1365,4896,2542617,"array([6.48325323, 4.93332598])"
1366,4896,2542634,"array([6.62668145, 5.15195517])"
1367,4896,2542682,"array([6.72287228, 4.8999374 ])"
1368,4896,2542724,"array([6.13310089, 5.17107474])"
1369,4896,2542756,"array([6.61454873, 4.97558644])"
1370,4896,2542776,"array([6.30248486, 5.49475824])"
1371,4896,2542795,"array([6.32533254, 5.03140844])"
1372,4896,2542907,"array([6.55100928, 5.1104011 ])"
1373,4896,2543120,"array([6.16787629, 5.31380386])"
1374,4896,2543160,"array([6.70200115, 5.4024478 ])"
1375,4896,2543309,"array([6.24989844, 5.23390664])"
1376,4896,2543347,"array([6.56059438, 5.1257738 ])"
1377,4896,2543388,"array([6.40198405, 5.14294853])"
1378,4896,2543410,"array([6.36850655, 5.34517952])"
1379,4896,2543413,"array([6.13863519, 5.18547364])"
1380,4896,2543540,"array([6.21582936, 5.35592907])"
1381,4896,2543581,"array([6.44220851, 5.05936106])"
1382,4896,2543662,"array([6.54293359, 5.47355091])"
1383,4896,3361415,"array([6.58720814, 5.34632572])"
1384,4896,2540128,"array([6.50744076, 5.07121948])"
1385,4896,2541203,"array([6.45910742, 5.1134417 ])"
1386,4896,2539049,"array([7.17800719, 4.66018383])"
1387,4896,2540129,"array([6.61005608, 4.81836749])"
1388,4896,2542674,"array([6.14438861, 5.04525322])"
1389,4896,2539051,"array([6.04198928, 5.40377676])"
1390,4896,2539052,"array([6.9907887 , 4.93404145])"
1391,4896,2541879,"array([6.86492988, 4.79877781])"
1392,4896,2539055,"array([5.93838071, 5.20372653])"
1393,4896,2542461,"array([6.01774996, 5.1472512 ])"
1394,4896,2539056,"array([6.0210957 , 5.38101487])"
1395,4896,2539059,"array([6.76366286, 5.45664232])"
1396,4896,2541881,"array([6.89288901, 5.43615428])"
1397,4896,2539061,"array([6.1843737 , 5.48373946])"
1398,4896,2539062,"array([6.22383091, 5.16481779])"
1399,4896,2539063,"array([6.38918222, 4.04040932])"
1400,4896,2541831,"array([6.40154784, 4.35931231])"
1401,4896,2539066,"array([6.22769216, 4.69278572])"
1402,4896,2541248,"array([6.24128752, 5.62577335])"
1403,4896,2539075,"array([7.05695708, 4.94709441])"
1404,4896,2540730,"array([6.6865737 , 5.03350613])"
1405,4896,2539078,"array([6.16211836, 5.25439651])"
1406,4896,2539079,"array([6.05621184, 5.34101355])"
1407,4896,2539080,"array([6.65963028, 4.50285807])"
1408,4896,2539081,"array([6.56388948, 5.32275734])"
1409,4896,2539082,"array([6.62939967, 5.01144285])"
1410,4896,2541030,"array([6.54496416, 4.9437243 ])"
1411,4896,2539208,"array([6.15710771, 4.66796975])"
1412,4896,2539399,"array([5.99317848, 4.72397589])"
1413,4896,2539402,"array([5.82746487, 4.63055904])"
1414,4896,2542542,"array([6.27441523, 5.2400192 ])"
1415,4896,2543281,"array([6.02992207, 4.92082285])"
1416,4896,2543290,"array([6.24048091, 4.92091112])"
1417,4896,2539088,"array([6.77984689, 4.65711814])"
1418,4896,2540954,"array([6.71043461, 4.5606982 ])"
1419,4896,2539090,"array([5.96685446, 4.98158542])"
1420,4896,2541045,"array([5.96474628, 4.83252411])"
1421,4896,2539717,"array([6.36151597, 4.72613365])"
1422,4896,2539789,"array([6.35146371, 5.04946744])"
1423,4896,2540580,"array([6.28070444, 4.80025162])"
1424,4896,2541306,"array([6.32519117, 4.81200134])"
1425,4896,2541593,"array([6.32002784, 5.00985231])"
1426,4896,2542207,"array([6.73369172, 4.96131485])"
1427,4896,2542452,"array([6.2470683 , 4.80962546])"
1428,4896,2543208,"array([6.38979954, 4.87718258])"
1429,4896,2543528,"array([6.40639532, 5.46636982])"
1430,4896,2539096,"array([5.66284983, 5.4127067 ])"
1431,4896,2541263,"array([5.42903333, 5.57457382])"
1432,4896,2542546,"array([6.09804207, 5.11758613])"
1433,4896,2539099,"array([6.09627088, 4.64468501])"
1434,4896,2539101,"array([7.17017435, 4.80882703])"
1435,4896,2539102,"array([6.35722927, 5.43564233])"
1436,4896,2540618,"array([6.37113539, 5.42274162])"
1437,4896,2541675,"array([6.32074298, 5.69588637])"
1438,4896,2542622,"array([6.40472627, 5.3429172 ])"
1439,4896,2539104,"array([5.70069413, 4.69560344])"
1440,4896,2541257,"array([5.96077244, 4.87460121])"
1441,4896,2539105,"array([5.9848279 , 5.00818828])"
1442,4896,2540189,"array([5.95566455, 5.10452269])"
1443,4896,2540398,"array([6.12538569, 5.20341869])"
1444,4896,2539106,"array([5.99850402, 5.10337951])"
1445,4896,2539107,"array([5.77628493, 5.40332349])"
1446,4896,2539130,"array([6.30636825, 5.4191377 ])"
1447,4896,2540768,"array([6.17455534, 5.41095986])"
1448,4896,2542096,"array([6.21902613, 4.87546306])"
1449,4896,5802929,"array([6.23571042, 5.45130837])"
1450,4896,2539111,"array([7.32144476, 5.30325206])"
1451,4896,2540139,"array([6.95942107, 5.18519737])"
1452,4896,2540803,"array([7.54826885, 5.37103915])"
1453,4896,2539114,"array([5.79693649, 4.3053704 ])"
1454,4896,2541659,"array([5.97417158, 4.57554219])"
1455,4896,2539115,"array([5.93228004, 4.6265015 ])"
1456,4896,2539116,"array([6.99928325, 5.25398399])"
1457,4896,2539117,"array([6.29308302, 5.76424103])"
1458,4896,2539119,"array([6.77372396, 4.41734167])"
1459,4896,2539120,"array([6.70974849, 5.20671642])"
1460,4896,2542200,"array([6.4182605 , 4.62627662])"
1461,4896,2542472,"array([6.26843618, 4.58860531])"
1462,4896,2539124,"array([6.92924695, 4.76414   ])"
1463,4896,2539126,"array([6.28874799, 5.2392787 ])"
1464,4896,2539133,"array([6.14853581, 4.90670241])"
1465,4896,2539353,"array([6.06524839, 4.91002409])"
1466,4896,2539882,"array([6.00404917, 4.95704122])"
1467,4896,2539135,"array([5.97144505, 4.6817478 ])"
1468,4896,2539933,"array([5.74518284, 4.72045286])"
1469,4896,2540470,"array([5.98032694, 4.73913633])"
1470,4896,2541159,"array([6.03806983, 4.74923953])"
1471,4896,2543323,"array([5.76958247, 4.88739573])"
1472,4896,2543629,"array([5.84399322, 4.90646055])"
1473,4896,2539136,"array([5.01797812, 5.04420403])"
1474,4896,2540221,"array([5.23414791, 5.03296369])"
1475,4896,2539142,"array([6.80494712, 4.55242487])"
1476,4896,2540780,"array([5.68016074, 4.79796083])"
1477,4896,2543443,"array([5.73395783, 4.88490526])"
1478,4896,2539146,"array([7.00420753, 4.99765675])"
1479,4896,2539149,"array([6.38524652, 4.79081763])"
1480,4896,2540328,"array([6.06981299, 5.10413849])"
1481,4896,2540845,"array([6.51497548, 4.85541494])"
1482,4896,2541264,"array([6.40579026, 4.80775556])"
1483,4896,2541444,"array([6.70396568, 4.85446485])"
1484,4896,2541519,"array([6.29122221, 4.97471319])"
1485,4896,2541936,"array([6.38233317, 4.57707004])"
1486,4896,2542162,"array([6.46240775, 4.49961682])"
1487,4896,2542409,"array([6.39648347, 4.8458331 ])"
1488,4896,2542746,"array([6.35260254, 4.61079566])"
1489,4896,2543221,"array([6.23767413, 4.97729741])"
1490,4896,2543554,"array([6.34698957, 4.66067467])"
1491,4896,2539150,"array([6.2076532, 4.5682803])"
1492,4896,2539200,"array([6.09608122, 4.47542238])"
1493,4896,2540281,"array([6.43280471, 4.75170811])"
1494,4896,2540480,"array([6.37337348, 4.64853223])"
1495,4896,2541047,"array([6.09540687, 4.50170943])"
1496,4896,2541667,"array([6.12631771, 4.42779063])"
1497,4896,2542367,"array([6.04953911, 4.44392508])"
1498,4896,2542809,"array([5.97116099, 4.78686674])"
1499,4896,2543482,"array([6.1271277 , 4.39786581])"
1500,4896,3361402,"array([6.07202965, 4.26019028])"
1501,4896,2539158,"array([5.91698157, 5.21895782])"
1502,4896,2539161,"array([6.65248965, 4.65730589])"
1503,4896,2540072,"array([6.42748132, 4.93773631])"
1504,4896,2542052,"array([6.4486167 , 4.88350567])"
1505,4896,2539162,"array([5.84135594, 5.20131706])"
1506,4896,2539168,"array([6.55662513, 4.90947238])"
1507,4896,2539923,"array([6.85804767, 5.3039881 ])"
1508,4896,2541188,"array([6.59937902, 5.14547872])"
1509,4896,2541210,"array([6.50902894, 5.2875641 ])"
1510,4896,2543009,"array([6.52344936, 5.30031309])"
1511,4896,2543440,"array([6.90550931, 5.10370959])"
1512,4896,2543502,"array([6.77367716, 4.93767125])"
1513,4896,2539174,"array([6.12773324, 4.61672898])"
1514,4896,2539175,"array([6.67971584, 4.60939155])"
1515,4896,2539176,"array([6.9166445 , 4.94575098])"
1516,4896,2539179,"array([6.38544536, 4.91737969])"
1517,4896,2540709,"array([6.43951725, 4.89881895])"
1518,4896,2542144,"array([6.3255328 , 4.73657077])"
1519,4896,2542189,"array([6.36710817, 4.66466764])"
1520,4896,2543597,"array([6.42201163, 5.07368681])"
1521,4896,2539180,"array([6.45543313, 4.98984645])"
1522,4896,2539182,"array([6.49681422, 5.2660836 ])"
1523,4896,2540025,"array([6.48071257, 5.2664731 ])"
1524,4896,2543007,"array([6.18256049, 5.09728339])"
1525,4896,2539185,"array([6.85350824, 4.86564714])"
1526,4896,2540289,"array([6.77273802, 4.99706994])"
1527,4896,2540429,"array([7.0596755 , 4.74294155])"
1528,4896,2542544,"array([6.94698652, 4.701712  ])"
1529,4896,2542686,"array([6.07969831, 5.51617173])"
1530,4896,2539187,"array([6.04655202, 4.95939901])"
1531,4896,2539728,"array([6.18526198, 4.94585241])"
1532,4896,2540246,"array([5.95946773, 4.9090952 ])"
1533,4896,2540424,"array([5.79860751, 4.84906119])"
1534,4896,2541813,"array([6.16345856, 5.23628652])"
1535,4896,2541819,"array([6.60361753, 5.18216345])"
1536,4896,2539190,"array([6.73247435, 4.7696582 ])"
1537,4896,2543187,"array([6.49259908, 4.6546744 ])"
1538,4896,2539194,"array([6.25168729, 4.89956558])"
1539,4896,2539790,"array([6.41763578, 4.89511549])"
1540,4896,2539195,"array([6.63473122, 5.22571363])"
1541,4896,2539204,"array([6.00250086, 4.28489844])"
1542,4896,2541572,"array([5.89445881, 4.03200266])"
1543,4896,2539205,"array([6.43444937, 4.95554368])"
1544,4896,2540380,"array([6.58020058, 4.72701762])"
1545,4896,2540866,"array([6.40053546, 4.78072004])"
1546,4896,2541957,"array([6.32201615, 4.71973414])"
1547,4896,2541975,"array([6.48255707, 4.91347469])"
1548,4896,2543168,"array([6.62103678, 4.71032865])"
1549,4896,2539333,"array([6.350812, 5.018845])"
1550,4896,2539517,"array([6.62495201, 4.61650321])"
1551,4896,2541084,"array([6.43564605, 4.42029292])"
1552,4896,2541871,"array([6.12303229, 4.72069384])"
1553,4896,2541963,"array([6.28333898, 4.40709077])"
1554,4896,2542972,"array([6.4982891 , 4.70107751])"
1555,4896,2539207,"array([6.76127272, 4.69277175])"
1556,4896,2539366,"array([6.20150539, 4.75779682])"
1557,4896,2539209,"array([5.90397433, 4.6018404 ])"
1558,4896,2539352,"array([6.09186063, 4.78658266])"
1559,4896,2543639,"array([6.23881343, 4.7047526 ])"
1560,4896,2539210,"array([5.88330355, 4.62310581])"
1561,4896,3361548,"array([6.03165764, 4.6871871 ])"
1562,4896,2539211,"array([6.7677049 , 4.81542705])"
1563,4896,2539213,"array([6.69528475, 4.93943442])"
1564,4896,2540967,"array([6.03953776, 4.90260759])"
1565,4896,2539215,"array([6.06927557, 5.22372377])"
1566,4896,2539870,"array([5.67865191, 5.10589737])"
1567,4896,2541756,"array([6.20367559, 5.21872585])"
1568,4896,2539218,"array([6.87299069, 5.20724727])"
1569,4896,2540285,"array([6.32023402, 4.62173978])"
1570,4896,2540307,"array([6.31916619, 4.75078331])"
1571,4896,2540655,"array([6.34814647, 4.54940062])"
1572,4896,2541592,"array([6.33198058, 4.79857894])"
1573,4896,2542045,"array([6.33915306, 4.57967456])"
1574,4896,2542211,"array([6.4254406 , 4.73315442])"
1575,4896,2542438,"array([6.28651484, 4.74765521])"
1576,4896,2542615,"array([6.34444636, 4.69169818])"
1577,4896,2542880,"array([6.27066887, 4.83773426])"
1578,4896,2543222,"array([6.32952642, 4.63834206])"
1579,4896,2543355,"array([6.39223775, 4.82733446])"
1580,4896,3361204,"array([6.31573433, 4.54439952])"
1581,4896,2539220,"array([6.19544023, 5.62219117])"
1582,4896,2540509,"array([6.59399574, 5.36310487])"
1583,4896,2541089,"array([6.44465593, 5.11499433])"
1584,4896,2539228,"array([7.15464518, 5.45263864])"
1585,4896,2539235,"array([6.23088828, 5.6524298 ])"
1586,4896,2539236,"array([6.07350232, 4.95078029])"
1587,4896,2543627,"array([5.87482036, 4.88411358])"
1588,4896,2539237,"array([6.40188756, 4.48029983])"
1589,4896,2539495,"array([6.2613498 , 4.73477155])"
1590,4896,2542175,"array([6.46238573, 4.61481127])"
1591,4896,2539239,"array([6.60715773, 4.93771523])"
1592,4896,2540000,"array([6.97172339, 4.74884091])"
1593,4896,2540322,"array([6.22264696, 4.27652284])"
1594,4896,2541165,"array([5.94692072, 4.81818301])"
1595,4896,2542820,"array([6.25531676, 4.28439192])"
1596,4896,2542824,"array([6.27787385, 4.65922856])"
1597,4896,2539244,"array([6.28982939, 5.4282788 ])"
1598,4896,2539247,"array([6.52124608, 4.59804241])"
1599,4896,2542539,"array([6.03855416, 4.8477212 ])"
1600,4896,2539249,"array([6.10242243, 4.57108334])"
1601,4896,2539255,"array([7.04570143, 5.25468943])"
1602,4896,2539257,"array([6.66610153, 4.17813599])"
1603,4896,2539260,"array([6.61822432, 5.57005412])"
1604,4896,2541990,"array([6.58174663, 5.54737246])"
1605,4896,2542884,"array([6.59969458, 5.40259204])"
1606,4896,2543396,"array([6.57159481, 5.57476474])"
1607,4896,2539262,"array([5.60997115, 8.97043427])"
1608,4896,2539264,"array([2.93723039, 2.96459892])"
1609,4896,2539265,"array([6.20941563, 5.49128185])"
1610,4896,2539266,"array([6.74693615, 5.32953805])"
1611,4896,2539268,"array([5.80940898, 5.25710081])"
1612,4896,2541970,"array([6.80247171, 4.95864486])"
1613,4896,2542475,"array([6.33844779, 5.26597495])"
1614,4896,2539280,"array([5.78502341, 5.03032865])"
1615,4896,2540237,"array([6.01982835, 5.00591755])"
1616,4896,2540239,"array([6.00444798, 4.99424328])"
1617,4896,2539281,"array([6.05675331, 4.46669355])"
1618,4896,2541358,"array([6.07393546, 4.80138446])"
1619,4896,2539290,"array([6.21715847, 4.6350588 ])"
1620,4896,2539292,"array([8.57410165, 1.62130281])"
1621,4896,2543687,"array([6.13341542, 4.74865883])"
1622,4896,2539303,"array([6.02593982, 4.71982933])"
1623,4896,2540414,"array([5.92586423, 4.41797841])"
1624,4896,2539305,"array([5.84587151, 5.07028627])"
1625,4896,2539307,"array([6.38661664, 5.60076316])"
1626,4896,2539309,"array([6.37572195, 4.47944885])"
1627,4896,2540223,"array([6.39030798, 4.59814887])"
1628,4896,2540667,"array([6.30183883, 4.67293453])"
1629,4896,2543117,"array([6.35972579, 4.45354009])"
1630,4896,2541835,"array([6.14471382, 5.85422555])"
1631,4896,2539311,"array([6.34961026, 4.77701772])"
1632,4896,2540316,"array([6.56534834, 4.62119816])"
1633,4896,3361511,"array([6.56697201, 4.70379826])"
1634,4896,2539312,"array([5.57832655, 5.36538382])"
1635,4896,2539314,"array([5.91177502, 4.55621897])"
1636,4896,2539315,"array([6.22282537, 5.04507482])"
1637,4896,2539317,"array([6.47328284, 4.34703247])"
1638,4896,2539824,"array([6.49735026, 4.0266223 ])"
1639,4896,2539321,"array([6.07014532, 5.45832515])"
1640,4896,2539322,"array([5.66579318, 5.13628411])"
1641,4896,2539324,"array([6.7047734 , 4.49445272])"
1642,4896,2539329,"array([6.32315147, 5.42003706])"
1643,4896,2539542,"array([6.16589554, 5.42656419])"
1644,4896,2540034,"array([6.37248344, 5.47829943])"
1645,4896,2539330,"array([5.73493243, 5.17578671])"
1646,4896,2539720,"array([5.75384378, 5.07244053])"
1647,4896,2542618,"array([5.80047853, 5.31700629])"
1648,4896,2539339,"array([6.67877053, 4.34779602])"
1649,4896,2539341,"array([6.1895938 , 4.87214718])"
1650,4896,2539342,"array([6.308823  , 4.81738803])"
1651,4896,2539360,"array([6.25639297, 4.85412326])"
1652,4896,2540083,"array([6.47069843, 4.99458226])"
1653,4896,2540629,"array([6.26807208, 4.7133044 ])"
1654,4896,2542253,"array([6.33927087, 4.83857443])"
1655,4896,2542729,"array([6.15099227, 4.92443046])"
1656,4896,2542921,"array([5.90643956, 4.82142593])"
1657,4896,2543035,"array([6.2767663 , 5.00165604])"
1658,4896,2543169,"array([5.86371945, 4.54365829])"
1659,4896,2539351,"array([6.02519421, 5.03766307])"
1660,4896,2542899,"array([5.72816405, 5.346515  ])"
1661,4896,2540492,"array([5.7661377 , 4.83410306])"
1662,4896,2540601,"array([5.94865447, 4.92211472])"
1663,4896,2540821,"array([6.21554455, 4.92873325])"
1664,4896,2541455,"array([6.36648386, 4.78693701])"
1665,4896,2542244,"array([6.27191694, 4.76055892])"
1666,4896,2542414,"array([6.32239615, 4.85370555])"
1667,4896,2542703,"array([6.38265363, 4.68273294])"
1668,4896,2541582,"array([6.07062199, 4.98347928])"
1669,4896,2539354,"array([5.75140104, 4.69442333])"
1670,4896,2541960,"array([5.94485522, 4.79748511])"
1671,4896,2539356,"array([6.29510511, 4.88307462])"
1672,4896,2539358,"array([6.25407428, 5.06783116])"
1673,4896,2540350,"array([6.19105007, 4.85797542])"
1674,4896,2541709,"array([6.25214859, 4.79297395])"
1675,4896,2542757,"array([5.82365548, 4.75754811])"
1676,4896,2539361,"array([6.07749073, 5.4286495 ])"
1677,4896,2539364,"array([6.72067281, 5.30130841])"
1678,4896,2540673,"array([6.05753088, 4.38064055])"
1679,4896,2540751,"array([6.3151178 , 4.41160402])"
1680,4896,3361406,"array([6.24796315, 4.47083332])"
1681,4896,2539367,"array([6.28682603, 5.58214943])"
1682,4896,2539369,"array([5.88228408, 5.36308224])"
1683,4896,2539371,"array([5.84798913, 5.6588717 ])"
1684,4896,2539479,"array([6.14273198, 5.51978268])"
1685,4896,2540430,"array([5.82762325, 5.36407938])"
1686,4896,2539376,"array([5.91586558, 5.39600893])"
1687,4896,2539377,"array([6.76566269, 5.01863689])"
1688,4896,2539378,"array([6.55912105, 5.28449547])"
1689,4896,2542559,"array([6.72303781, 5.32421359])"
1690,4896,2539379,"array([6.36109256, 4.85921838])"
1691,4896,2539380,"array([6.00666959, 5.46257654])"
1692,4896,2539462,"array([6.76956986, 5.17754319])"
1693,4896,2539472,"array([7.00455604, 5.32133852])"
1694,4896,2539518,"array([6.4719689 , 5.28365588])"
1695,4896,2539541,"array([6.67381339, 5.04457797])"
1696,4896,2539546,"array([6.8179767 , 5.25511363])"
1697,4896,2539602,"array([6.7656709 , 5.19359005])"
1698,4896,2539622,"array([6.68960466, 5.2534732 ])"
1699,4896,2539648,"array([6.85182958, 5.22389634])"
1700,4896,2539679,"array([6.80804493, 5.37643967])"
1701,4896,2539691,"array([6.57100952, 4.96413213])"
1702,4896,2539702,"array([6.43173707, 5.17365767])"
1703,4896,2539710,"array([6.78632878, 5.2611691 ])"
1704,4896,2539711,"array([7.03803418, 5.16574232])"
1705,4896,2539729,"array([6.77100763, 5.24764279])"
1706,4896,2539761,"array([6.54301255, 5.01408209])"
1707,4896,2539765,"array([6.60167082, 5.05387723])"
1708,4896,2539784,"array([6.46611221, 5.23122566])"
1709,4896,2539787,"array([6.75859017, 5.23535863])"
1710,4896,2539808,"array([6.64536015, 4.91179948])"
1711,4896,2539809,"array([6.48824017, 5.19277801])"
1712,4896,2539816,"array([6.44343819, 5.07590049])"
1713,4896,2539829,"array([6.40907089, 4.91430736])"
1714,4896,2539851,"array([6.62934622, 5.02760847])"
1715,4896,2539952,"array([6.48380855, 4.97262724])"
1716,4896,2539992,"array([6.49995005, 4.97510282])"
1717,4896,2540074,"array([6.80229058, 5.14482483])"
1718,4896,2540085,"array([6.78156348, 5.20359298])"
1719,4896,2540123,"array([7.03980245, 5.33935752])"
1720,4896,2540142,"array([6.70895985, 5.02311482])"
1721,4896,2540156,"array([6.80003752, 5.10870201])"
1722,4896,2540191,"array([6.56692333, 5.10929801])"
1723,4896,2540201,"array([6.6573518, 5.2253138])"
1724,4896,2540217,"array([6.84762635, 5.19047842])"
1725,4896,2540304,"array([6.64756412, 4.99262699])"
1726,4896,2540339,"array([6.70780021, 5.10158662])"
1727,4896,2540383,"array([6.81218122, 5.21059437])"
1728,4896,2540393,"array([6.43864786, 5.19454107])"
1729,4896,2540472,"array([6.57794081, 4.82165078])"
1730,4896,2540476,"array([6.79626307, 5.09051804])"
1731,4896,2540572,"array([6.75080011, 5.10009661])"
1732,4896,2540681,"array([6.58811425, 4.9801944 ])"
1733,4896,2540702,"array([6.71691694, 5.23601414])"
1734,4896,2540716,"array([6.68403871, 5.06133688])"
1735,4896,2540762,"array([6.70261888, 5.16523409])"
1736,4896,2540786,"array([7.02893217, 5.30802563])"
1737,4896,2540811,"array([6.79496077, 5.2181746 ])"
1738,4896,2540820,"array([6.85792575, 5.25860979])"
1739,4896,2540833,"array([6.54275451, 4.91195995])"
1740,4896,2540853,"array([6.70852199, 4.91876657])"
1741,4896,2540873,"array([6.2510428 , 5.17378024])"
1742,4896,2540940,"array([6.69677276, 4.9589968 ])"
1743,4896,2540970,"array([6.83921326, 5.09765998])"
1744,4896,2540980,"array([6.44082777, 5.09194954])"
1745,4896,2541046,"array([6.76050592, 5.21112373])"
1746,4896,2541093,"array([6.72323773, 5.15478054])"
1747,4896,2541110,"array([6.73731032, 5.0481312 ])"
1748,4896,2541113,"array([6.82241312, 5.19302705])"
1749,4896,2541157,"array([6.78895019, 5.12865566])"
1750,4896,2541177,"array([6.82737603, 5.11529165])"
1751,4896,2541241,"array([6.80887762, 5.2327864 ])"
1752,4896,2541305,"array([6.46161741, 5.16717976])"
1753,4896,2541323,"array([6.39480178, 5.12225989])"
1754,4896,2541365,"array([6.86692724, 5.28427041])"
1755,4896,2541426,"array([6.79071719, 5.1616161 ])"
1756,4896,2541441,"array([6.36442033, 5.09181686])"
1757,4896,2541494,"array([6.52946236, 5.2057283 ])"
1758,4896,2541555,"array([6.83773875, 5.15596864])"
1759,4896,2541558,"array([6.67105368, 5.34373132])"
1760,4896,2541560,"array([6.54201062, 5.30075082])"
1761,4896,2541727,"array([6.65332341, 5.0871197 ])"
1762,4896,2541728,"array([6.27169454, 5.13507944])"
1763,4896,2541731,"array([6.77493562, 5.04525943])"
1764,4896,2541754,"array([6.66779672, 5.29876447])"
1765,4896,2541849,"array([6.37201854, 5.21378031])"
1766,4896,2541903,"array([6.60903202, 5.3086372 ])"
1767,4896,2541974,"array([6.74665345, 5.19457605])"
1768,4896,2542008,"array([6.66090303, 5.05808906])"
1769,4896,2542168,"array([7.05149794, 5.22387388])"
1770,4896,2542187,"array([6.75378761, 5.27637428])"
1771,4896,2542191,"array([6.65589394, 5.10561787])"
1772,4896,2542228,"array([6.75478662, 5.29704428])"
1773,4896,2542292,"array([6.80204398, 5.17452014])"
1774,4896,2542323,"array([6.70110909, 5.32275458])"
1775,4896,2542333,"array([6.81073095, 5.29465348])"
1776,4896,2542359,"array([6.83787947, 5.2442491 ])"
1777,4896,2542373,"array([6.91753745, 5.14235528])"
1778,4896,2542403,"array([6.64055784, 4.94870073])"
1779,4896,2542419,"array([7.0571513 , 5.19055062])"
1780,4896,2542469,"array([6.65359247, 5.27105143])"
1781,4896,2542504,"array([6.70253066, 5.35446045])"
1782,4896,2542518,"array([6.70374672, 5.06849713])"
1783,4896,2542554,"array([6.44935509, 5.23884362])"
1784,4896,2542577,"array([6.60274312, 5.10394856])"
1785,4896,2542698,"array([6.62480361, 5.06765166])"
1786,4896,2542707,"array([6.71611487, 4.96752257])"
1787,4896,2542720,"array([6.49712249, 5.05203435])"
1788,4896,2542781,"array([6.72428638, 5.11823523])"
1789,4896,2542871,"array([6.52238518, 5.27759259])"
1790,4896,2542896,"array([6.77759205, 5.09579357])"
1791,4896,2542898,"array([6.60645109, 5.38327894])"
1792,4896,2542937,"array([6.54018105, 5.12711886])"
1793,4896,2542940,"array([6.56583714, 4.94205654])"
1794,4896,2542946,"array([6.75259965, 5.0826215 ])"
1795,4896,2542969,"array([6.81402437, 5.0758295 ])"
1796,4896,2543020,"array([6.82540649, 5.22305203])"
1797,4896,2543045,"array([6.71983027, 5.00678945])"
1798,4896,2543059,"array([6.78602029, 5.18394101])"
1799,4896,2543114,"array([6.58983774, 5.18240424])"
1800,4896,2543130,"array([6.78134424, 5.28398281])"
1801,4896,2543193,"array([6.80145306, 5.19492212])"
1802,4896,2543277,"array([6.81918261, 5.0954644 ])"
1803,4896,2543280,"array([6.59728623, 4.96587143])"
1804,4896,2543291,"array([6.69657159, 5.24016794])"
1805,4896,2543350,"array([6.642672  , 5.25868758])"
1806,4896,2543351,"array([6.48822006, 5.03433513])"
1807,4896,2543384,"array([6.75242978, 5.25597761])"
1808,4896,2543400,"array([6.6614623 , 5.31523474])"
1809,4896,2543430,"array([6.78091714, 5.14357583])"
1810,4896,2543456,"array([6.82032511, 5.17438182])"
1811,4896,2543470,"array([6.64169184, 5.04806966])"
1812,4896,2543477,"array([6.80841241, 5.02725713])"
1813,4896,2543479,"array([6.73943203, 5.01203226])"
1814,4896,2543508,"array([6.84584479, 5.12107684])"
1815,4896,2543522,"array([6.72716653, 5.19860602])"
1816,4896,2543525,"array([6.87429262, 5.14334637])"
1817,4896,2543556,"array([6.78809065, 5.2367482 ])"
1818,4896,2543575,"array([6.85011182, 5.14012598])"
1819,4896,2543587,"array([6.82439819, 5.13822644])"
1820,4896,2543590,"array([6.83331535, 5.07828087])"
1821,4896,2543632,"array([6.83873961, 5.17456705])"
1822,4896,2543637,"array([6.6508295, 5.288326 ])"
1823,4896,2543657,"array([6.75456612, 5.03507069])"
1824,4896,2543660,"array([6.76278453, 5.13651155])"
1825,4896,2543672,"array([6.47921915, 5.33964227])"
1826,4896,3361178,"array([7.01846352, 5.0644323 ])"
1827,4896,3361378,"array([6.62897934, 5.19662099])"
1828,4896,3361383,"array([6.86276686, 5.17255425])"
1829,4896,2539386,"array([6.00210152, 5.13991245])"
1830,4896,2539387,"array([6.26581456, 4.99232118])"
1831,4896,2539644,"array([6.32304983, 4.90462146])"
1832,4896,2539392,"array([5.78330555, 4.01189581])"
1833,4896,2541606,"array([5.77366985, 4.09207942])"
1834,4896,2541701,"array([5.68834453, 3.81981173])"
1835,4896,2542576,"array([5.93874079, 4.30487575])"
1836,4896,2539393,"array([7.29205399, 4.88864539])"
1837,4896,2539984,"array([6.0299581 , 5.20357301])"
1838,4896,2540585,"array([6.11328503, 5.23832821])"
1839,4896,2540855,"array([5.96739988, 5.21358115])"
1840,4896,2540983,"array([5.90389929, 5.28505263])"
1841,4896,2541124,"array([6.03529996, 5.22078416])"
1842,4896,2542684,"array([5.97171371, 5.19244588])"
1843,4896,2543229,"array([6.23200981, 5.2092457 ])"
1844,4896,3361260,"array([5.99975069, 5.21746001])"
1845,4896,2539396,"array([6.04771572, 5.06804943])"
1846,4896,2539398,"array([5.87007115, 5.13091016])"
1847,4896,2540728,"array([6.05536212, 4.83443864])"
1848,4896,2542387,"array([5.99969078, 4.68274029])"
1849,4896,2541209,"array([6.44686169, 5.00861876])"
1850,4896,2540515,"array([5.88292775, 4.52687999])"
1851,4896,2542537,"array([6.32928956, 5.07313278])"
1852,4896,2542862,"array([6.0019444 , 4.61218951])"
1853,4896,2542879,"array([5.930691  , 4.53468801])"
1854,4896,2539404,"array([5.58508625, 4.79157076])"
1855,4896,2542996,"array([5.31206109, 4.72348706])"
1856,4896,2539406,"array([6.38192312, 4.77261807])"
1857,4896,2539805,"array([6.25579602, 4.65207512])"
1858,4896,2541832,"array([6.31334824, 4.78756954])"
1859,4896,2542129,"array([6.78750262, 4.79719152])"
1860,4896,3361476,"array([6.67687059, 4.70667769])"
1861,4896,2539408,"array([5.38098757, 5.01748594])"
1862,4896,2543668,"array([5.70651061, 5.01095704])"
1863,4896,2539409,"array([7.36755349, 4.58287065])"
1864,4896,2543483,"array([7.62306225, 4.46395539])"
1865,4896,2539410,"array([7.00042666, 5.40836714])"
1866,4896,2539414,"array([6.0906982 , 4.97946836])"
1867,4896,2539694,"array([6.05168819, 5.08401147])"
1868,4896,2539818,"array([6.07387275, 5.36260844])"
1869,4896,2539954,"array([5.90255174, 5.02117835])"
1870,4896,2541018,"array([5.84368689, 4.93199624])"
1871,4896,2541099,"array([5.98150168, 4.9561775 ])"
1872,4896,2541150,"array([5.89290585, 5.00336131])"
1873,4896,2541506,"array([5.94044355, 5.07075017])"
1874,4896,2541873,"array([5.92384815, 4.9926549 ])"
1875,4896,2542258,"array([5.92606661, 5.03051151])"
1876,4896,2542845,"array([6.01664998, 5.05474047])"
1877,4896,2543089,"array([5.96250505, 5.03871584])"
1878,4896,2543452,"array([6.02580257, 5.07194286])"
1879,4896,2543538,"array([5.92967615, 5.01087911])"
1880,4896,2540627,"array([6.07262627, 4.82952551])"
1881,4896,2541536,"array([6.09654581, 4.80360084])"
1882,4896,2539421,"array([6.47655161, 5.40685194])"
1883,4896,2542444,"array([6.05093862, 4.63207109])"
1884,4896,2539432,"array([6.41109065, 4.97816502])"
1885,4896,2541617,"array([6.4676961 , 4.92287547])"
1886,4896,2542140,"array([6.49597479, 5.10896787])"
1887,4896,2542254,"array([6.64483452, 5.0683095 ])"
1888,4896,2539428,"array([5.93587981, 4.49130837])"
1889,4896,2543506,"array([6.17064367, 4.77547616])"
1890,4896,2539920,"array([6.32799296, 4.87564974])"
1891,4896,2540019,"array([6.3275615 , 5.22655501])"
1892,4896,2539437,"array([6.52503088, 4.6604301 ])"
1893,4896,2540742,"array([6.62838974, 4.41883221])"
1894,4896,2539662,"array([6.61648806, 5.51192453])"
1895,4896,2539741,"array([6.22314596, 5.25177692])"
1896,4896,2541179,"array([6.56483372, 5.23049408])"
1897,4896,2539440,"array([5.6246486, 4.7016064])"
1898,4896,2539442,"array([6.14516193, 4.33686598])"
1899,4896,2539447,"array([6.03071675, 4.51576407])"
1900,4896,2539641,"array([6.34612989, 4.39928385])"
1901,4896,2539994,"array([6.02719311, 4.78633659])"
1902,4896,2540557,"array([6.12299882, 4.58983154])"
1903,4896,2540860,"array([6.04346738, 4.41605319])"
1904,4896,2541628,"array([6.02985912, 4.55354588])"
1905,4896,2542301,"array([6.00643106, 4.33360774])"
1906,4896,2542657,"array([5.98249161, 4.39665498])"
1907,4896,2543010,"array([6.14634142, 4.54174035])"
1908,4896,2539450,"array([3.11891878, 7.45195606])"
1909,4896,2539454,"array([6.30706573, 4.8577922 ])"
1910,4896,2541137,"array([6.22072203, 4.65381932])"
1911,4896,2542249,"array([6.34384521, 4.8168947 ])"
1912,4896,2539455,"array([6.25295743, 5.99266804])"
1913,4896,2541714,"array([6.27988602, 5.68425545])"
1914,4896,2539461,"array([5.86840827, 4.86338868])"
1915,4896,2539463,"array([6.55462773, 4.96042651])"
1916,4896,2543546,"array([6.71414699, 4.94031154])"
1917,4896,2541097,"array([6.43208686, 4.58361245])"
1918,4896,2539469,"array([6.65942714, 5.75950825])"
1919,4896,2539475,"array([6.66984963, 5.49413283])"
1920,4896,2539476,"array([6.37068835, 4.621701  ])"
1921,4896,2539477,"array([6.19111512, 4.92993754])"
1922,4896,2542148,"array([5.99951145, 5.90260902])"
1923,4896,2539488,"array([6.48327165, 5.00511087])"
1924,4896,2539633,"array([6.42703818, 4.91761416])"
1925,4896,2539663,"array([6.14128676, 5.10031892])"
1926,4896,2539699,"array([5.96417708, 5.06525255])"
1927,4896,2539831,"array([6.11247819, 5.26402319])"
1928,4896,2539889,"array([6.129142  , 5.12839642])"
1929,4896,2539941,"array([6.03439417, 5.25435137])"
1930,4896,2539975,"array([6.28121473, 5.21550781])"
1931,4896,2540006,"array([5.94681452, 5.08881848])"
1932,4896,2540032,"array([5.95562921, 5.19197688])"
1933,4896,2540047,"array([6.01254054, 4.91983995])"
1934,4896,2540410,"array([6.38774965, 4.75168355])"
1935,4896,2540426,"array([6.07831405, 5.13900428])"
1936,4896,2540528,"array([6.3812231 , 5.29472612])"
1937,4896,2540614,"array([6.14547126, 4.87502794])"
1938,4896,2540869,"array([6.09292702, 5.20621117])"
1939,4896,2540932,"array([5.97540448, 5.24045646])"
1940,4896,2541094,"array([6.20198023, 5.02146315])"
1941,4896,2541114,"array([6.22254961, 5.40964679])"
1942,4896,2541119,"array([6.1438785 , 5.32021244])"
1943,4896,2541255,"array([6.38170472, 4.85048716])"
1944,4896,2541434,"array([6.25020627, 5.12988131])"
1945,4896,2541437,"array([6.066085  , 5.19815984])"
1946,4896,2541493,"array([5.92881537, 5.09156516])"
1947,4896,2541575,"array([6.02244578, 4.66909142])"
1948,4896,2541602,"array([5.82365404, 5.30812548])"
1949,4896,2541605,"array([5.95751145, 5.24132437])"
1950,4896,2541630,"array([5.86813763, 5.2372424 ])"
1951,4896,2541639,"array([6.13996645, 5.22780501])"
1952,4896,2541721,"array([6.01888018, 4.95692265])"
1953,4896,2541750,"array([6.26289074, 5.12103177])"
1954,4896,2541762,"array([6.15704477, 5.06389811])"
1955,4896,2541771,"array([5.94946683, 5.01324483])"
1956,4896,2541817,"array([5.91999849, 5.11339151])"
1957,4896,2541867,"array([6.20057679, 4.64616294])"
1958,4896,2541916,"array([6.038916  , 5.01742772])"
1959,4896,2541942,"array([6.14105518, 5.11461088])"
1960,4896,2542103,"array([6.42892157, 4.64218608])"
1961,4896,2542197,"array([5.84720002, 4.79812139])"
1962,4896,2542374,"array([6.6256888 , 4.87930186])"
1963,4896,2542375,"array([6.6047739 , 4.88275723])"
1964,4896,2542406,"array([6.44957537, 5.36354127])"
1965,4896,2542652,"array([5.75823804, 4.93761199])"
1966,4896,2542791,"array([5.75594814, 5.01061906])"
1967,4896,2542964,"array([6.34867382, 5.0763826 ])"
1968,4896,2542965,"array([6.05606849, 5.1398629 ])"
1969,4896,2543108,"array([6.4720637 , 4.87485795])"
1970,4896,2543155,"array([5.97053221, 5.02109967])"
1971,4896,2543197,"array([6.31783566, 5.28936123])"
1972,4896,2543305,"array([6.41250822, 5.37396476])"
1973,4896,2543371,"array([6.13531936, 5.334317  ])"
1974,4896,2543505,"array([6.17646057, 4.57147893])"
1975,4896,2543630,"array([6.12914324, 5.15674144])"
1976,4896,2543676,"array([6.10104651, 5.22027411])"
1977,4896,3361342,"array([6.1987456 , 4.95848366])"
1978,4896,3361381,"array([6.65845572, 4.9488246 ])"
1979,4896,3361484,"array([6.31465533, 5.43830972])"
1980,4896,5802967,"array([6.11296679, 4.90922497])"
1981,4896,2539482,"array([6.56412302, 4.47276578])"
1982,4896,2539486,"array([6.41133861, 4.78910932])"
1983,4896,2539493,"array([6.81458281, 4.99655371])"
1984,4896,2539494,"array([6.718264  , 4.83709451])"
1985,4896,2540563,"array([6.12580248, 4.35804068])"
1986,4896,2540361,"array([6.3401375 , 4.71274998])"
1987,4896,2541071,"array([6.01595105, 5.32473616])"
1988,4896,2541495,"array([5.84767549, 4.82228227])"
1989,4896,2542517,"array([5.8252957 , 4.78085498])"
1990,4896,2539500,"array([6.53358715, 4.62255767])"
1991,4896,2539502,"array([6.03584954, 4.79776155])"
1992,4896,2539503,"array([5.68239635, 5.49211599])"
1993,4896,2539504,"array([5.6931825 , 4.66141473])"
1994,4896,2540294,"array([5.8471807 , 4.76395202])"
1995,4896,2539505,"array([6.27071744, 4.78396059])"
1996,4896,2543372,"array([6.27005669, 4.90138861])"
1997,4896,2539506,"array([7.31437731, 4.63000928])"
1998,4896,2539507,"array([6.01220003, 4.53229583])"
1999,4896,2540498,"array([5.9794342 , 4.65595306])"
2000,4896,2540419,"array([6.75350863, 4.8539677 ])"
2001,4896,2540822,"array([7.02045694, 4.95191575])"
2002,4896,2540979,"array([6.89525904, 5.08399304])"
2003,4896,2541017,"array([6.73214849, 4.87491774])"
2004,4896,2541614,"array([6.67795306, 5.19707794])"
2005,4896,2543545,"array([6.59542688, 4.62966732])"
2006,4896,2539516,"array([7.08577894, 5.06837895])"
2007,4896,2542293,"array([6.59716595, 4.74246092])"
2008,4896,2539520,"array([6.63389348, 5.46159439])"
2009,4896,2540354,"array([5.88005025, 5.03199113])"
2010,4896,2539531,"array([6.60118436, 4.7974287 ])"
2011,4896,2541822,"array([6.52271428, 4.83360456])"
2012,4896,2543591,"array([6.86369728, 4.89676775])"
2013,4896,2539535,"array([5.78921911, 5.37521927])"
2014,4896,2539537,"array([6.35964364, 4.98291043])"
2015,4896,2542666,"array([6.18413508, 4.99632019])"
2016,4896,2542839,"array([6.48739238, 4.87892458])"
2017,4896,2543064,"array([6.11438436, 5.06789145])"
2018,4896,2542080,"array([6.4832081 , 4.79888417])"
2019,4896,2543462,"array([6.08512804, 5.09847558])"
2020,4896,2539545,"array([5.88762039, 4.96850249])"
2021,4896,2539547,"array([6.01002213, 5.6145412 ])"
2022,4896,2542567,"array([6.14656829, 4.96077057])"
2023,4896,2539552,"array([6.57092933, 4.59685352])"
2024,4896,2539555,"array([6.16556502, 5.78581703])"
2025,4896,2541672,"array([6.20514626, 5.39675555])"
2026,4896,2539588,"array([6.45997136, 4.6908387 ])"
2027,4896,2539675,"array([6.13510247, 5.35166292])"
2028,4896,2539827,"array([6.27252073, 4.81940225])"
2029,4896,2539902,"array([5.96854162, 5.40589337])"
2030,4896,2539907,"array([5.98302631, 5.04950677])"
2031,4896,2540066,"array([6.34216512, 5.51256699])"
2032,4896,2540071,"array([5.93173065, 4.96907262])"
2033,4896,2540138,"array([6.43219654, 5.21179575])"
2034,4896,2540219,"array([6.28158866, 4.92798982])"
2035,4896,2540227,"array([6.23318348, 5.00811784])"
2036,4896,2540255,"array([5.99855344, 5.23204849])"
2037,4896,2540259,"array([5.96567037, 4.76335256])"
2038,4896,2540271,"array([6.25172959, 4.98375243])"
2039,4896,2540305,"array([6.5888339 , 5.00973121])"
2040,4896,2540436,"array([6.16318006, 4.76076581])"
2041,4896,2540460,"array([6.31751544, 4.69050591])"
2042,4896,2540464,"array([6.25407919, 5.15459285])"
2043,4896,2540501,"array([5.72361503, 5.05222302])"
2044,4896,2540510,"array([5.90681511, 4.9262991 ])"
2045,4896,2540523,"array([6.27075415, 4.61517443])"
2046,4896,2540607,"array([6.42755709, 5.43833525])"
2047,4896,2540626,"array([6.6070715 , 5.22156196])"
2048,4896,2540632,"array([5.92412034, 4.85375673])"
2049,4896,2540656,"array([6.41965365, 5.01130715])"
2050,4896,2540695,"array([6.26423874, 4.88753619])"
2051,4896,2540713,"array([5.9850954 , 5.42775097])"
2052,4896,2540738,"array([6.41984153, 5.16376934])"
2053,4896,2540903,"array([6.44111665, 4.81610256])"
2054,4896,2541031,"array([6.18321139, 5.24329693])"
2055,4896,2541039,"array([6.47883108, 5.01737782])"
2056,4896,2541044,"array([6.48994359, 5.30573489])"
2057,4896,2541079,"array([6.08336629, 5.48352125])"
2058,4896,2541088,"array([6.1936549 , 5.06668024])"
2059,4896,2541128,"array([6.58870586, 5.03913343])"
2060,4896,2541151,"array([6.68383855, 4.98240117])"
2061,4896,2541158,"array([6.05237273, 5.09976686])"
2062,4896,2541213,"array([5.98600678, 4.9948765 ])"
2063,4896,2541231,"array([6.00624677, 5.43488356])"
2064,4896,2541253,"array([5.93028233, 4.91935863])"
2065,4896,2541284,"array([6.34330987, 4.85288951])"
2066,4896,2541298,"array([5.96017914, 4.74060716])"
2067,4896,2541388,"array([5.90293411, 5.32858777])"
2068,4896,2541522,"array([6.41466263, 4.84760254])"
2069,4896,2541541,"array([5.80779588, 5.03333906])"
2070,4896,2541548,"array([6.02970494, 5.0871309 ])"
2071,4896,2541574,"array([5.8140656 , 5.08456289])"
2072,4896,2541581,"array([6.48825266, 5.16955899])"
2073,4896,2541608,"array([6.32419053, 5.52737481])"
2074,4896,2541649,"array([6.28495059, 4.91168117])"
2075,4896,2541710,"array([6.10056808, 4.89572346])"
2076,4896,2541768,"array([6.70019164, 4.89255648])"
2077,4896,2541852,"array([6.45228618, 4.95454052])"
2078,4896,2541890,"array([6.05207963, 4.73559009])"
2079,4896,2541933,"array([6.22560656, 5.22396209])"
2080,4896,2541949,"array([6.14611692, 5.08122844])"
2081,4896,2541956,"array([6.05136784, 5.44004634])"
2082,4896,2542028,"array([6.41348171, 5.42388167])"
2083,4896,2542047,"array([6.18511155, 4.89089587])"
2084,4896,2542107,"array([6.28998289, 5.3960656 ])"
2085,4896,2542155,"array([6.25464951, 5.30367485])"
2086,4896,2542163,"array([6.43009147, 5.29725145])"
2087,4896,2542174,"array([6.40584454, 5.05870408])"
2088,4896,2542188,"array([6.63551631, 4.78996183])"
2089,4896,2542201,"array([6.03665988, 4.81245141])"
2090,4896,2542212,"array([6.41355925, 5.26677755])"
2091,4896,2542235,"array([6.46598067, 4.94334108])"
2092,4896,2542236,"array([6.10981623, 4.81987943])"
2093,4896,2542240,"array([6.56433889, 5.04979363])"
2094,4896,2542270,"array([6.37298188, 5.44433706])"
2095,4896,2542287,"array([6.51900424, 5.03427663])"
2096,4896,2542299,"array([6.30741163, 4.99934478])"
2097,4896,2542336,"array([6.35592245, 5.00204735])"
2098,4896,2542344,"array([6.5563918 , 4.72318946])"
2099,4896,2542428,"array([6.56518844, 4.87846352])"
2100,4896,2542496,"array([6.44462508, 5.03925103])"
2101,4896,2542665,"array([6.24571675, 5.10175243])"
2102,4896,2542668,"array([5.80104892, 4.92681136])"
2103,4896,2542687,"array([5.83059485, 5.12501997])"
2104,4896,2542701,"array([6.30491445, 4.93912049])"
2105,4896,2542785,"array([6.1612953 , 4.82178545])"
2106,4896,2542799,"array([5.9868422 , 5.08806873])"
2107,4896,2542829,"array([6.03548035, 5.3313517 ])"
2108,4896,2542855,"array([5.99906352, 4.57147186])"
2109,4896,2542856,"array([5.94687956, 4.94199464])"
2110,4896,2542861,"array([5.80780591, 5.05869076])"
2111,4896,2542939,"array([5.98477055, 5.13506239])"
2112,4896,2543084,"array([6.13534796, 4.94950514])"
2113,4896,2543133,"array([6.13037509, 4.87674616])"
2114,4896,2543226,"array([6.2481445 , 4.71838845])"
2115,4896,2543402,"array([6.26048773, 5.03130285])"
2116,4896,2543421,"array([6.29267935, 4.61537692])"
2117,4896,2543562,"array([6.63296197, 4.83812844])"
2118,4896,2543563,"array([6.42317583, 4.8673617 ])"
2119,4896,2543602,"array([6.59358425, 4.83293289])"
2120,4896,2543636,"array([6.0447558 , 5.03763236])"
2121,4896,2543647,"array([6.29272489, 4.77975444])"
2122,4896,2543653,"array([5.93185254, 4.87462438])"
2123,4896,2543659,"array([5.91186837, 5.35174487])"
2124,4896,2543675,"array([6.40568487, 5.1077377 ])"
2125,4896,3361482,"array([6.24374331, 4.58256311])"
2126,4896,3361561,"array([6.17362283, 4.86841719])"
2127,4896,9407262,"array([5.98593709, 5.0311404 ])"
2128,4896,2539562,"array([6.319425  , 4.95629142])"
2129,4896,2539593,"array([6.43324128, 5.00285586])"
2130,4896,2541620,"array([6.12485592, 5.10213215])"
2131,4896,2539564,"array([6.02427457, 4.64151384])"
2132,4896,2541318,"array([6.11878796, 4.75475451])"
2133,4896,2541337,"array([6.11481247, 4.77159132])"
2134,4896,2539568,"array([6.19979952, 4.94161811])"
2135,4896,2542071,"array([5.92246816, 5.17800971])"
2136,4896,2539570,"array([6.08617483, 4.62344388])"
2137,4896,2540069,"array([6.97325585, 4.86845598])"
2138,4896,2541028,"array([6.61626939, 5.09353381])"
2139,4896,2539573,"array([6.22560834, 4.50944453])"
2140,4896,2542013,"array([6.58740096, 4.77747377])"
2141,4896,2542231,"array([6.53168929, 4.57469984])"
2142,4896,2539581,"array([6.00568137, 4.41371113])"
2143,4896,2540891,"array([6.01724575, 4.43817216])"
2144,4896,2540982,"array([5.86842593, 4.13592177])"
2145,4896,2541725,"array([5.92176395, 4.13185583])"
2146,4896,2539582,"array([7.02674163, 4.554314  ])"
2147,4896,2540694,"array([6.77781786, 4.77861456])"
2148,4896,2539585,"array([5.90833139, 4.51450441])"
2149,4896,2539606,"array([5.8879357 , 5.81897515])"
2150,4896,2540928,"array([6.09521753, 5.54233548])"
2151,4896,2539607,"array([6.04932988, 5.19301621])"
2152,4896,2542806,"array([5.8608547 , 5.21285665])"
2153,4896,2539611,"array([7.25095291, 4.92887173])"
2154,4896,2539612,"array([6.9872571 , 5.37438399])"
2155,4896,2539614,"array([6.6824804 , 5.45207349])"
2156,4896,2543560,"array([6.64541782, 4.97253616])"
2157,4896,2539618,"array([5.90777864, 4.72201568])"
2158,4896,2539619,"array([5.84112546, 4.53061281])"
2159,4896,2539620,"array([6.12467789, 4.5154057 ])"
2160,4896,2542808,"array([6.29828374, 4.51932932])"
2161,4896,2543650,"array([5.95687412, 4.56237464])"
2162,4896,2539623,"array([6.38374951, 5.2422253 ])"
2163,4896,2539821,"array([6.67176917, 5.43561545])"
2164,4896,2539627,"array([5.83495095, 5.22819545])"
2165,4896,2540008,"array([5.71924662, 5.43623613])"
2166,4896,2542083,"array([5.84255668, 5.32892556])"
2167,4896,2539630,"array([5.75657479, 4.86511395])"
2168,4896,2539887,"array([6.19233874, 4.98160773])"
2169,4896,2540133,"array([6.24851822, 4.88348811])"
2170,4896,2540161,"array([6.20566907, 4.70602692])"
2171,4896,2540787,"array([6.09646883, 4.83224108])"
2172,4896,2541133,"array([6.23390457, 4.73234602])"
2173,4896,2541171,"array([6.37344228, 4.88681296])"
2174,4896,2541322,"array([6.06186111, 4.89197915])"
2175,4896,2542755,"array([6.2639335, 4.6713374])"
2176,4896,2543037,"array([6.12105217, 4.97081308])"
2177,4896,2543188,"array([6.36199006, 4.57053114])"
2178,4896,2543409,"array([6.17400824, 4.97240136])"
2179,4896,9407224,"array([6.09761645, 4.74793619])"
2180,4896,2539634,"array([7.4494976 , 1.10220772])"
2181,4896,2541987,"array([7.40359958, 1.15050982])"
2182,4896,2539636,"array([6.4486753 , 5.39974516])"
2183,4896,2539640,"array([6.42390106, 4.81548396])"
2184,4896,2540511,"array([6.45946149, 4.66955291])"
2185,4896,2543481,"array([6.34969566, 4.64457055])"
2186,4896,2543514,"array([6.48091741, 4.58866482])"
2187,4896,2540043,"array([6.2948334 , 4.44209226])"
2188,4896,2542840,"array([6.58327188, 4.53703971])"
2189,4896,2540593,"array([6.65210057, 4.76858836])"
2190,4896,2542988,"array([6.49994038, 4.86678733])"
2191,4896,2539783,"array([5.78193503, 5.25787019])"
2192,4896,2542773,"array([6.72101567, 4.7383407 ])"
2193,4896,2542154,"array([6.04942241, 4.71450438])"
2194,4896,2539651,"array([6.00370185, 4.63187877])"
2195,4896,2539653,"array([5.92880097, 5.55014976])"
2196,4896,2539654,"array([4.57448887, 1.38499727])"
2197,4896,2539655,"array([7.02028138, 5.2369242 ])"
2198,4896,2540895,"array([5.91923847, 4.7872142 ])"
2199,4896,2540002,"array([6.67135321, 5.11069307])"
2200,4896,2540100,"array([6.73167831, 4.98553721])"
2201,4896,2540144,"array([6.6679682, 5.07545  ])"
2202,4896,2542275,"array([6.69413807, 5.08575474])"
2203,4896,2542548,"array([6.21948536, 4.78419513])"
2204,4896,2543075,"array([6.96048038, 4.93854238])"
2205,4896,2543233,"array([6.66796021, 5.01876694])"
2206,4896,2543589,"array([6.59738986, 5.02388192])"
2207,4896,2539660,"array([5.91830033, 5.16317685])"
2208,4896,2539666,"array([6.15055435, 4.71240037])"
2209,4896,2540505,"array([6.26331531, 4.86675697])"
2210,4896,2539669,"array([6.4483122, 4.5969967])"
2211,4896,2541769,"array([6.52976065, 4.73901883])"
2212,4896,2541847,"array([6.50538288, 4.45165866])"
2213,4896,2540989,"array([5.95179672, 5.36081239])"
2214,4896,2539683,"array([5.90430982, 5.18680589])"
2215,4896,2539685,"array([6.58259765, 4.92443291])"
2216,4896,2539686,"array([6.34857107, 5.36295366])"
2217,4896,2542245,"array([6.397499  , 5.04090022])"
2218,4896,2541125,"array([6.53685167, 4.8913554 ])"
2219,4896,2541551,"array([6.47812198, 4.81768328])"
2220,4896,2539693,"array([6.32142437, 4.99318598])"
2221,4896,2539700,"array([6.36114481, 4.70540977])"
2222,4896,2541900,"array([6.08568503, 4.66304218])"
2223,4896,2542675,"array([6.25712372, 5.69905926])"
2224,4896,2539705,"array([6.63845723, 4.58613739])"
2225,4896,2539706,"array([5.39368283, 4.66470658])"
2226,4896,2542067,"array([5.55087367, 4.70818465])"
2227,4896,2542170,"array([5.63219559, 4.77966495])"
2228,4896,2539712,"array([6.16998382, 4.98817395])"
2229,4896,2539716,"array([6.63962012, 4.72532427])"
2230,4896,2542021,"array([6.3682557 , 4.37070835])"
2231,4896,2540312,"array([5.39099342, 5.10544799])"
2232,4896,2539721,"array([7.37172086, 5.0148149 ])"
2233,4896,2539722,"array([6.58831582, 4.71318312])"
2234,4896,2539723,"array([6.32580631, 4.43980507])"
2235,4896,2540106,"array([6.17650823, 4.34252797])"
2236,4896,2539725,"array([6.84879828, 4.53277317])"
2237,4896,2539726,"array([6.59237851, 4.94347285])"
2238,4896,2539820,"array([6.26450855, 4.80222943])"
2239,4896,2542137,"array([6.23588357, 4.66857606])"
2240,4896,2539823,"array([6.13404694, 5.30335256])"
2241,4896,2540230,"array([5.96149057, 5.26485649])"
2242,4896,2540330,"array([5.95494151, 5.16744321])"
2243,4896,2540611,"array([6.00333219, 5.2914617 ])"
2244,4896,2540884,"array([6.01431068, 5.21440336])"
2245,4896,2541219,"array([6.08002798, 5.27168295])"
2246,4896,2542263,"array([5.99088616, 5.30316314])"
2247,4896,2542910,"array([6.01507162, 5.18070436])"
2248,4896,2542978,"array([6.09932345, 5.29639321])"
2249,4896,2543139,"array([6.21791109, 5.07247071])"
2250,4896,2543189,"array([5.9526699 , 5.32602522])"
2251,4896,2539916,"array([5.85450757, 5.47932595])"
2252,4896,2540003,"array([6.27081617, 5.35210403])"
2253,4896,2540471,"array([5.96867364, 4.85597771])"
2254,4896,2540609,"array([6.05931778, 5.48190269])"
2255,4896,2541610,"array([5.86874797, 5.26266332])"
2256,4896,2541977,"array([6.11665538, 5.32452671])"
2257,4896,2542046,"array([6.40185013, 5.35962302])"
2258,4896,2543492,"array([6.02633678, 5.42169641])"
2259,4896,2543644,"array([5.95709551, 5.56475539])"
2260,4896,2539736,"array([6.35608297, 5.20551033])"
2261,4896,2540309,"array([6.06981775, 4.64246204])"
2262,4896,2539744,"array([5.94777031, 5.82665165])"
2263,4896,2539749,"array([7.12366299, 4.52442025])"
2264,4896,2539750,"array([6.6955899 , 4.07879748])"
2265,4896,2541180,"array([6.82090877, 3.87158959])"
2266,4896,2541689,"array([6.78351735, 3.83540289])"
2267,4896,2542066,"array([6.74779613, 3.86397362])"
2268,4896,2539753,"array([6.54264795, 5.07967704])"
2269,4896,2539767,"array([6.83027012, 4.56384275])"
2270,4896,2539770,"array([5.70153103, 4.74287727])"
2271,4896,2539966,"array([5.95346595, 4.64253017])"
2272,4896,2542007,"array([5.7836678 , 4.91709851])"
2273,4896,2542295,"array([5.65035917, 4.56169578])"
2274,4896,2539771,"array([6.1684485 , 4.47950155])"
2275,4896,2540761,"array([5.95248849, 4.88908248])"
2276,4896,2541925,"array([5.94904852, 4.85920354])"
2277,4896,2542141,"array([5.92719634, 4.76991975])"
2278,4896,2542421,"array([5.74276477, 4.75885391])"
2279,4896,2542516,"array([5.77240689, 4.80030648])"
2280,4896,2543263,"array([5.79466351, 4.7797151 ])"
2281,4896,2543467,"array([5.77415704, 4.62001551])"
2282,4896,2539775,"array([6.16826855, 4.80662475])"
2283,4896,2539778,"array([6.1622036 , 4.64950868])"
2284,4896,2541364,"array([6.30687207, 5.1729692 ])"
2285,4896,2539781,"array([6.62205551, 4.80340529])"
2286,4896,2540070,"array([6.43156528, 4.83321435])"
2287,4896,2540136,"array([6.94970573, 4.60630006])"
2288,4896,2543031,"array([6.67307474, 4.76541559])"
2289,4896,2543106,"array([6.57832359, 4.57487497])"
2290,4896,2542073,"array([6.871845  , 5.03321353])"
2291,4896,2540137,"array([5.61150883, 4.7370479 ])"
2292,4896,2540514,"array([5.83092369, 5.05317788])"
2293,4896,2540569,"array([6.00366791, 4.65893674])"
2294,4896,2541463,"array([5.93865028, 4.73746426])"
2295,4896,2541950,"array([5.66189696, 4.64091428])"
2296,4896,2539786,"array([6.05721482, 5.66781264])"
2297,4896,2539788,"array([6.26210293, 5.60883869])"
2298,4896,2540846,"array([6.7845648 , 4.97421613])"
2299,4896,2540343,"array([6.55528181, 4.52538514])"
2300,4896,2539791,"array([5.9173466 , 5.14485091])"
2301,4896,2539795,"array([7.34057246, 4.99292269])"
2302,4896,2540500,"array([6.32355264, 5.64556537])"
2303,4896,2541266,"array([6.35038745, 5.79739121])"
2304,4896,2540945,"array([5.86902277, 4.77805067])"
2305,4896,2540551,"array([6.44085675, 4.69267077])"
2306,4896,2539806,"array([6.44389302, 5.16196254])"
2307,4896,2541338,"array([6.79856056, 5.27925769])"
2308,4896,2539807,"array([6.18601599, 5.66273126])"
2309,4896,2539936,"array([5.91760612, 5.848965  ])"
2310,4896,2542151,"array([6.15449735, 4.98451289])"
2311,4896,2541682,"array([6.53331869, 5.00155598])"
2312,4896,2539830,"array([6.00076715, 5.5560738 ])"
2313,4896,2539832,"array([6.23231724, 5.08151553])"
2314,4896,2539918,"array([5.76778049, 5.10536032])"
2315,4896,2539837,"array([5.52268167, 4.60236416])"
2316,4896,2540438,"array([5.9181285 , 4.74539352])"
2317,4896,2541107,"array([5.91471632, 4.65549666])"
2318,4896,2541287,"array([6.25509896, 5.0043245 ])"
2319,4896,2541324,"array([6.00110391, 5.05392196])"
2320,4896,2541347,"array([5.98345658, 4.97011166])"
2321,4896,2541474,"array([6.06685118, 4.92638434])"
2322,4896,2542985,"array([6.15522149, 4.83552058])"
2323,4896,2543310,"array([6.05714719, 4.81629111])"
2324,4896,2539841,"array([6.43090985, 4.67691499])"
2325,4896,2539844,"array([6.89226761, 4.37527892])"
2326,4896,2539845,"array([6.56643668, 4.77491918])"
2327,4896,2543529,"array([6.58425377, 4.95374412])"
2328,4896,2540153,"array([6.75369313, 4.97623157])"
2329,4896,2540175,"array([6.51907617, 5.17158425])"
2330,4896,2540190,"array([6.15374858, 5.61415412])"
2331,4896,2540192,"array([6.02208514, 5.53229269])"
2332,4896,2540231,"array([6.09604489, 5.14655137])"
2333,4896,2540449,"array([6.16898079, 5.6352651 ])"
2334,4896,2540566,"array([6.10219359, 5.62674244])"
2335,4896,2540746,"array([6.10611018, 5.59843929])"
2336,4896,2541057,"array([6.20616925, 5.64651338])"
2337,4896,2541289,"array([6.01627972, 5.25780064])"
2338,4896,2541334,"array([6.12880019, 4.8939784 ])"
2339,4896,2541440,"array([6.03692132, 5.27588165])"
2340,4896,2541723,"array([6.40551369, 5.02753571])"
2341,4896,2541919,"array([6.07755658, 5.39281837])"
2342,4896,2541969,"array([6.03321254, 5.4775884 ])"
2343,4896,2541998,"array([5.95248677, 5.42619582])"
2344,4896,2542059,"array([6.36997591, 5.25479   ])"
2345,4896,2542171,"array([6.13824505, 5.63962696])"
2346,4896,2542464,"array([6.80825778, 5.12455834])"
2347,4896,2542509,"array([6.45019036, 4.74799001])"
2348,4896,2543179,"array([5.93614245, 5.34367548])"
2349,4896,2543417,"array([5.94620014, 5.21768572])"
2350,4896,3361385,"array([6.26372839, 5.63514844])"
2351,4896,3361400,"array([6.40957775, 4.93174565])"
2352,4896,3361454,"array([6.28143222, 5.3279095 ])"
2353,4896,3361566,"array([6.21426807, 4.94583359])"
2354,4896,2539854,"array([3.45282028, 2.22377806])"
2355,4896,2539858,"array([6.38179713, 4.33743979])"
2356,4896,2542802,"array([7.06398572, 5.46906041])"
2357,4896,2543395,"array([7.03931022, 5.5042446 ])"
2358,4896,2543399,"array([6.40437399, 4.73011366])"
2359,4896,2539865,"array([5.1507563 , 1.15339809])"
2360,4896,2540013,"array([6.17316994, 4.74291778])"
2361,4896,2540115,"array([6.39717196, 4.6952694 ])"
2362,4896,2540643,"array([6.25745411, 4.76613014])"
2363,4896,2540885,"array([6.41790354, 4.6086592 ])"
2364,4896,2541141,"array([6.31451346, 4.64789972])"
2365,4896,2541293,"array([6.43658765, 4.84926639])"
2366,4896,2541443,"array([6.09042178, 4.34226751])"
2367,4896,2542696,"array([6.33519904, 4.93527385])"
2368,4896,2543577,"array([5.90806464, 4.45149223])"
2369,4896,3361470,"array([6.23762113, 4.64106824])"
2370,4896,2539874,"array([6.16066961, 4.41370519])"
2371,4896,2539881,"array([5.8069639 , 5.19406527])"
2372,4896,2539883,"array([5.73052138, 4.50303147])"
2373,4896,2539884,"array([6.11256536, 5.511946  ])"
2374,4896,2539885,"array([5.75570866, 5.16252339])"
2375,4896,2539886,"array([6.0650888 , 5.12615906])"
2376,4896,2539890,"array([9.97455608, 2.91506663])"
2377,4896,2543613,"array([9.93165711, 2.86418676])"
2378,4896,2539892,"array([6.19255836, 4.46059828])"
2379,4896,2539893,"array([5.96536977, 5.34340538])"
2380,4896,2539895,"array([7.24183596, 5.12983661])"
2381,4896,2539898,"array([7.08576879, 5.58927924])"
2382,4896,2541145,"array([6.07011933, 4.4950569 ])"
2383,4896,2539900,"array([6.91027836, 5.24076906])"
2384,4896,2541252,"array([6.97573399, 5.11856192])"
2385,4896,2539903,"array([7.28546908, 5.1365318 ])"
2386,4896,2539904,"array([7.31593128, 4.94530032])"
2387,4896,2539906,"array([6.10868498, 4.92676589])"
2388,4896,2541161,"array([6.09809666, 4.87443933])"
2389,4896,2539908,"array([6.29260092, 4.24511917])"
2390,4896,2540228,"array([6.2742722 , 4.08955755])"
2391,4896,2542655,"array([6.30147029, 4.38013189])"
2392,4896,2539913,"array([6.07207692, 5.08875361])"
2393,4896,2540282,"array([6.94013022, 4.73548424])"
2394,4896,2541013,"array([6.41553196, 5.12683035])"
2395,4896,2541247,"array([6.44054048, 4.62562806])"
2396,4896,2541926,"array([6.69007097, 5.00704716])"
2397,4896,2541973,"array([6.58658892, 4.49548947])"
2398,4896,2542069,"array([6.45064487, 4.78392648])"
2399,4896,2542121,"array([6.27193963, 5.01481075])"
2400,4896,2542313,"array([6.45562525, 4.81014461])"
2401,4896,2542466,"array([6.82483426, 4.52288371])"
2402,4896,2543091,"array([6.74506224, 4.53261635])"
2403,4896,2543273,"array([6.62063647, 4.50038084])"
2404,4896,2543342,"array([6.41307406, 4.53478854])"
2405,4896,2543596,"array([6.70575244, 4.82106642])"
2406,4896,3361491,"array([6.45866959, 4.71960053])"
2407,4896,5802917,"array([6.77001956, 4.50899829])"
2408,4896,2540314,"array([6.550533  , 5.35823814])"
2409,4896,2539919,"array([10.00924065,  6.65430123])"
2410,4896,2539926,"array([6.94543873, 5.20725737])"
2411,4896,2540193,"array([6.25423612, 4.91558162])"
2412,4896,2541054,"array([6.23566603, 5.17653602])"
2413,4896,2541482,"array([6.71653567, 5.46187017])"
2414,4896,2541799,"array([6.78522193, 4.91670395])"
2415,4896,2541872,"array([6.54736624, 5.04368847])"
2416,4896,2542042,"array([6.62173983, 4.91650662])"
2417,4896,2542106,"array([6.24657559, 4.96708388])"
2418,4896,2542130,"array([6.5651472 , 5.39356185])"
2419,4896,2542316,"array([6.51491475, 5.08809519])"
2420,4896,2542614,"array([6.5063811 , 5.54271117])"
2421,4896,2542731,"array([6.20235327, 4.84459583])"
2422,4896,2542932,"array([6.83036798, 5.0288935 ])"
2423,4896,2543055,"array([6.44300105, 4.72912406])"
2424,4896,2543377,"array([6.21293406, 4.68052273])"
2425,4896,2539929,"array([6.78695234, 4.45753058])"
2426,4896,2541061,"array([5.76973456, 5.64064331])"
2427,4896,2539937,"array([8.32319723, 8.5642988 ])"
2428,4896,2542815,"array([6.62257088, 4.93625368])"
2429,4896,2539939,"array([7.34692041, 4.74277755])"
2430,4896,2540772,"array([6.63935581, 5.51269689])"
2431,4896,2542320,"array([6.60821265, 5.81126646])"
2432,4896,2541384,"array([6.77557927, 4.75961787])"
2433,4896,2541480,"array([7.13219666, 4.89431803])"
2434,4896,2542649,"array([6.76551302, 5.36285034])"
2435,4896,2539947,"array([5.78201574, 5.14460529])"
2436,4896,2539950,"array([5.69460115, 4.95895266])"
2437,4896,2539980,"array([5.55555678, 4.66623351])"
2438,4896,2539951,"array([6.80434815, 4.76291967])"
2439,4896,2539953,"array([6.26608109, 4.56813373])"
2440,4896,2539955,"array([7.30259521, 5.04181541])"
2441,4896,2539956,"array([6.46559153, 4.79482875])"
2442,4896,2541205,"array([6.73367073, 4.69514357])"
2443,4896,2541445,"array([6.76791752, 4.61090447])"
2444,4896,2542260,"array([6.63415237, 4.85886906])"
2445,4896,2539957,"array([6.22060849, 5.51158256])"
2446,4896,2540935,"array([6.52215194, 4.2547698 ])"
2447,4896,2542416,"array([6.85477102, 4.58748929])"
2448,4896,2543205,"array([6.57343549, 4.9881336 ])"
2449,4896,2543237,"array([6.33150964, 4.55884468])"
2450,4896,2543394,"array([6.53804335, 4.6876977 ])"
2451,4896,2543446,"array([6.65129094, 4.74583192])"
2452,4896,9407219,"array([6.61237808, 4.19297798])"
2453,4896,2539960,"array([10.15710945,  6.26308643])"
2454,4896,2539963,"array([6.51438641, 4.81680114])"
2455,4896,2541317,"array([6.70726649, 4.65385245])"
2456,4896,2539964,"array([5.85395499, 9.08136651])"
2457,4896,2541683,"array([5.68752748, 4.41924396])"
2458,4896,2539968,"array([6.19834049, 5.05412291])"
2459,4896,2540537,"array([6.18590338, 4.68536932])"
2460,4896,2540045,"array([6.0593342 , 5.39260978])"
2461,4896,2540009,"array([6.7875922 , 5.32164542])"
2462,4896,2540495,"array([6.37151912, 5.15360516])"
2463,4896,2540705,"array([6.10357814, 5.09559007])"
2464,4896,2540831,"array([6.41233677, 5.32459822])"
2465,4896,2540913,"array([6.85948536, 5.43244525])"
2466,4896,2541148,"array([6.96061827, 5.10262889])"
2467,4896,2542597,"array([6.57237532, 5.35988498])"
2468,4896,2542650,"array([6.32196422, 5.1450716 ])"
2469,4896,3361407,"array([6.51297734, 5.39119008])"
2470,4896,2541584,"array([5.82343366, 5.14977668])"
2471,4896,2543143,"array([5.80570652, 4.5375425 ])"
2472,4896,2540691,"array([6.05254556, 5.22441048])"
2473,4896,2539985,"array([6.2061036 , 5.30533498])"
2474,4896,2539989,"array([5.755348  , 4.33782404])"
2475,4896,2541676,"array([5.70589752, 4.60773614])"
2476,4896,2542631,"array([6.11033743, 5.20023058])"
2477,4896,2543008,"array([5.7254667 , 4.56855863])"
2478,4896,2539995,"array([6.54525471, 4.71328007])"
2479,4896,2540244,"array([6.32502817, 4.82901946])"
2480,4896,2539998,"array([7.09704236, 5.52023441])"
2481,4896,2540001,"array([6.85315411, 4.73945735])"
2482,4896,2540012,"array([6.96971748, 5.54317855])"
2483,4896,2540847,"array([5.99694753, 5.01428888])"
2484,4896,2543248,"array([5.92328669, 4.58946712])"
2485,4896,2541656,"array([5.86375671, 5.40491024])"
2486,4896,2542468,"array([5.91517593, 5.65366572])"
2487,4896,2542727,"array([5.97868836, 5.57758958])"
2488,4896,2540022,"array([6.2607275 , 5.79408051])"
2489,4896,3361455,"array([6.58548379, 5.31674313])"
2490,4896,2541752,"array([6.86217646, 5.10830564])"
2491,4896,2540028,"array([5.65467166, 5.07403359])"
2492,4896,2540029,"array([6.69952074, 5.04903521])"
2493,4896,2542193,"array([6.66350963, 5.35966994])"
2494,4896,2543516,"array([6.66234515, 5.19141364])"
2495,4896,2540031,"array([6.97680386, 5.0479096 ])"
2496,4896,2540035,"array([9.01689152, 1.95412873])"
2497,4896,2540036,"array([6.03333538, 5.45213546])"
2498,4896,2541861,"array([6.27598023, 4.49299425])"
2499,4896,2540044,"array([3.40525934, 7.78005302])"
2500,4896,2540745,"array([3.3509708 , 7.74046512])"
2501,4896,2541336,"array([5.79588297, 4.97368517])"
2502,4896,2540048,"array([5.93769389, 4.71282815])"
2503,4896,2541603,"array([6.5881222 , 4.80670187])"
2504,4896,2540054,"array([7.31027123, 4.97679593])"
2505,4896,2540055,"array([6.93672859, 5.23505657])"
2506,4896,2540064,"array([5.92928226, 4.46105563])"
2507,4896,2540067,"array([5.73072951, 5.2897108 ])"
2508,4896,2542891,"array([6.62364016, 4.89968019])"
2509,4896,2540076,"array([6.76231556, 5.56548347])"
2510,4896,2540077,"array([5.38552468, 4.70513761])"
2511,4896,2542733,"array([6.60016085, 4.99356379])"
2512,4896,2540363,"array([5.73643261, 4.95670045])"
2513,4896,2540087,"array([6.1030943 , 5.03124859])"
2514,4896,2540094,"array([6.08813322, 4.38018909])"
2515,4896,2540095,"array([6.84115155, 4.78730309])"
2516,4896,2540098,"array([6.07442499, 4.30698482])"
2517,4896,2541468,"array([6.54601966, 4.77603768])"
2518,4896,2542326,"array([6.7063415 , 4.61394974])"
2519,4896,2543100,"array([6.35902573, 4.53259874])"
2520,4896,3361305,"array([6.1106218 , 4.62583462])"
2521,4896,3361397,"array([6.14226353, 4.59769768])"
2522,4896,2540116,"array([5.90046391, 5.16154263])"
2523,4896,2540117,"array([5.82695471, 5.17642437])"
2524,4896,2540119,"array([9.22188842, 2.14482947])"
2525,4896,2540177,"array([6.94011743, 5.13420038])"
2526,4896,2540290,"array([6.88910549, 5.31336861])"
2527,4896,2540371,"array([6.88142301, 5.10039554])"
2528,4896,2540416,"array([6.80826309, 4.78023657])"
2529,4896,2540886,"array([6.9065468 , 5.26379606])"
2530,4896,2541010,"array([7.0019527 , 5.20465967])"
2531,4896,2541304,"array([6.61360722, 5.35335965])"
2532,4896,2541449,"array([6.82917775, 5.28187628])"
2533,4896,2541469,"array([7.0017538, 5.3487263])"
2534,4896,2541700,"array([6.36755034, 4.92389725])"
2535,4896,2541823,"array([7.04111916, 5.13777026])"
2536,4896,2541824,"array([6.88267799, 5.34161403])"
2537,4896,2542248,"array([6.74457526, 5.22485818])"
2538,4896,2542431,"array([7.00054655, 5.28723161])"
2539,4896,2542950,"array([6.81013223, 5.05417101])"
2540,4896,2543256,"array([6.70508519, 5.37668314])"
2541,4896,2543315,"array([6.9343998 , 5.26238708])"
2542,4896,2543390,"array([6.74591067, 4.94862687])"
2543,4896,2543674,"array([6.78936501, 5.06923251])"
2544,4896,3361460,"array([7.0266737 , 5.19783583])"
2545,4896,2540121,"array([5.99230553, 5.25088884])"
2546,4896,2540124,"array([6.97519491, 4.82964771])"
2547,4896,2540964,"array([6.89754087, 4.86957669])"
2548,4896,2543603,"array([6.92795225, 4.89012452])"
2549,4896,2540263,"array([6.92568758, 4.64426499])"
2550,4896,2541733,"array([6.9225277 , 4.57498217])"
2551,4896,2540130,"array([5.86271279, 5.73432211])"
2552,4896,2542027,"array([6.26876323, 5.20109404])"
2553,4896,2540145,"array([6.2313419 , 5.73284579])"
2554,4896,2543164,"array([5.76194831, 5.3207888 ])"
2555,4896,2541059,"array([6.35200201, 4.96698455])"
2556,4896,2540150,"array([6.28056201, 0.94834709])"
2557,4896,2542250,"array([6.32768854, 0.90272178])"
2558,4896,2540160,"array([8.33671214, 1.47779683])"
2559,4896,2540164,"array([5.63949264, 5.01058172])"
2560,4896,2540168,"array([8.79887542, 8.25541611])"
2561,4896,2540172,"array([6.96712242, 5.40067167])"
2562,4896,2540624,"array([6.47016483, 4.38446228])"
2563,4896,2540179,"array([6.6583798 , 4.62945436])"
2564,4896,2540184,"array([6.08719549, 5.68688266])"
2565,4896,2540187,"array([6.89098356, 4.58153618])"
2566,4896,2540412,"array([5.93716082, 5.11642244])"
2567,4896,2541693,"array([5.99472491, 4.91924711])"
2568,4896,2541837,"array([5.97919187, 5.07128887])"
2569,4896,2542214,"array([5.94932265, 5.13289638])"
2570,4896,2541020,"array([6.06854455, 4.72166329])"
2571,4896,2540203,"array([6.27237484, 5.25761337])"
2572,4896,2540209,"array([6.01196043, 5.08432113])"
2573,4896,2542489,"array([6.03664463, 4.5779257 ])"
2574,4896,2540215,"array([6.09943234, 5.04759306])"
2575,4896,2541270,"array([5.81967732, 4.86079924])"
2576,4896,2541276,"array([5.81576749, 4.94901355])"
2577,4896,2541643,"array([5.88539878, 5.21610054])"
2578,4896,2540220,"array([5.90350621, 5.04468465])"
2579,4896,2542150,"array([5.53585349, 4.97127098])"
2580,4896,2540256,"array([6.8280938 , 5.04777963])"
2581,4896,2540415,"array([6.56831903, 4.75381878])"
2582,4896,14218023,"array([6.33594747, 4.35741405])"
2583,4896,2540433,"array([6.16795062, 4.51764853])"
2584,4896,2540654,"array([6.27037571, 4.54274098])"
2585,4896,2540236,"array([6.05602061, 4.85292042])"
2586,4896,2542947,"array([6.9246061 , 5.65562125])"
2587,4896,2540248,"array([6.39717347, 4.56118095])"
2588,4896,2542285,"array([6.14791534, 4.68652657])"
2589,4896,2540258,"array([6.25159066, 4.74993921])"
2590,4896,2542404,"array([6.5177059 , 4.55100338])"
2591,4896,3361261,"array([6.18698524, 4.37337157])"
2592,4896,2540261,"array([8.56641952, 8.41894878])"
2593,4896,2540264,"array([7.02068001, 4.85227072])"
2594,4896,2540266,"array([7.33597053, 5.02822502])"
2595,4896,2540267,"array([6.2749583 , 4.51565115])"
2596,4896,2540268,"array([6.18732722, 5.15342595])"
2597,4896,2540678,"array([5.67300414, 4.75756875])"
2598,4896,2540277,"array([6.71795931, 4.67998997])"
2599,4896,2540288,"array([6.42852225, 5.33387249])"
2600,4896,2540400,"array([6.28933395, 4.86419064])"
2601,4896,2540469,"array([6.18364433, 5.11383595])"
2602,4896,2540544,"array([5.90508149, 5.13453096])"
2603,4896,2540659,"array([6.1664738 , 5.21304996])"
2604,4896,2540677,"array([6.1480459 , 5.16614873])"
2605,4896,2540748,"array([5.70987145, 5.30599278])"
2606,4896,2540797,"array([5.85740415, 5.45238231])"
2607,4896,2540835,"array([5.68526206, 5.28866003])"
2608,4896,2540871,"array([6.0541616 , 5.26021042])"
2609,4896,2540874,"array([5.98602355, 5.38286309])"
2610,4896,2540888,"array([6.11474264, 5.3467589 ])"
2611,4896,2540924,"array([5.96222662, 5.38562342])"
2612,4896,2541002,"array([6.49770926, 5.12984896])"
2613,4896,2541136,"array([6.18209836, 5.2813633 ])"
2614,4896,2541192,"array([6.28684234, 4.83010919])"
2615,4896,2541235,"array([5.97429402, 4.88561402])"
2616,4896,2541274,"array([6.12874348, 5.25853448])"
2617,4896,2541487,"array([5.93928651, 5.15620073])"
2618,4896,2541654,"array([6.15086473, 5.13269506])"
2619,4896,2541755,"array([6.16136314, 5.19554057])"
2620,4896,2541850,"array([5.91909482, 5.05137514])"
2621,4896,2541908,"array([5.91182765, 5.07870749])"
2622,4896,2541944,"array([5.94107967, 5.17979418])"
2623,4896,2542015,"array([5.96578305, 5.08571647])"
2624,4896,2542314,"array([6.08290744, 5.16612645])"
2625,4896,2542351,"array([5.92576865, 5.27804868])"
2626,4896,2542354,"array([5.69174959, 5.15313283])"
2627,4896,2542449,"array([5.83003927, 5.44545581])"
2628,4896,2542610,"array([5.83352388, 5.26095702])"
2629,4896,2542636,"array([6.36300052, 5.11315898])"
2630,4896,2542715,"array([5.88558238, 5.17690762])"
2631,4896,2542777,"array([6.26181036, 5.10409241])"
2632,4896,2542790,"array([5.8882048 , 5.06280419])"
2633,4896,2542908,"array([5.68232099, 5.25178484])"
2634,4896,2543038,"array([5.99216568, 5.40225946])"
2635,4896,2543438,"array([6.00308869, 5.12181214])"
2636,4896,2543463,"array([5.79706286, 5.42912334])"
2637,4896,2543491,"array([6.12135899, 5.02485263])"
2638,4896,2543500,"array([6.0639366 , 5.07235078])"
2639,4896,2543541,"array([5.87276607, 5.10704781])"
2640,4896,2543549,"array([6.04253184, 5.29803976])"
2641,4896,2543574,"array([6.09624353, 5.36925636])"
2642,4896,2540362,"array([5.82281356, 4.91720927])"
2643,4896,2540879,"array([5.93396417, 5.37472336])"
2644,4896,2543656,"array([5.61807432, 4.62894449])"
2645,4896,2540300,"array([6.4715815 , 4.96247949])"
2646,4896,2540302,"array([5.73682265, 5.31398218])"
2647,4896,2540896,"array([6.664335  , 4.97696675])"
2648,4896,2542890,"array([6.68916841, 4.77600854])"
2649,4896,2540317,"array([6.91883699, 5.21308058])"
2650,4896,2540334,"array([6.79900601, 4.82415708])"
2651,4896,2540341,"array([6.12557791, 4.4722522 ])"
2652,4896,2540348,"array([5.67828331, 5.06464103])"
2653,4896,2540349,"array([5.67798505, 5.20084817])"
2654,4896,2540637,"array([6.25196976, 4.62657951])"
2655,4896,2541195,"array([6.15676824, 4.61807003])"
2656,4896,2540351,"array([7.25250247, 4.66017227])"
2657,4896,3361420,"array([6.90597359, 4.72085761])"
2658,4896,2540355,"array([6.87340127, 4.54750779])"
2659,4896,2540356,"array([7.32366943, 4.82515388])"
2660,4896,2543586,"array([6.51171209, 5.14211218])"
2661,4896,2540359,"array([5.63308147, 4.95141427])"
2662,4896,2540999,"array([5.79771033, 5.16376219])"
2663,4896,2541860,"array([5.41151585, 4.92735417])"
2664,4896,2541422,"array([6.38864147, 4.53806016])"
2665,4896,2541624,"array([6.42477025, 4.55809937])"
2666,4896,2541858,"array([6.49254197, 4.77189933])"
2667,4896,2542318,"array([6.47627337, 4.70434684])"
2668,4896,2540372,"array([5.50325157, 5.47689227])"
2669,4896,2542973,"array([5.76111261, 5.28386875])"
2670,4896,2540373,"array([5.90340048, 5.49850105])"
2671,4896,2542849,"array([6.86235226, 4.45621675])"
2672,4896,2543030,"array([6.69050145, 4.58664073])"
2673,4896,2542774,"array([5.99101763, 4.94027038])"
2674,4896,2541142,"array([5.80903369, 4.42455386])"
2675,4896,2540395,"array([6.06868605, 5.91558439])"
2676,4896,2541507,"array([6.18053419, 5.60192627])"
2677,4896,2540396,"array([6.89348237, 5.49516531])"
2678,4896,2542274,"array([6.47154281, 5.04657585])"
2679,4896,2540399,"array([7.24376048, 4.8376898 ])"
2680,4896,2540401,"array([6.46404646, 5.25942224])"
2681,4896,2540402,"array([2.65928828, 3.66871315])"
2682,4896,2540405,"array([6.1808015 , 3.96572081])"
2683,4896,2541352,"array([6.14135682, 3.7271383 ])"
2684,4896,2543246,"array([6.09858787, 3.72917077])"
2685,4896,2543495,"array([6.18322377, 3.71569461])"
2686,4896,2540622,"array([6.1043029 , 5.25025482])"
2687,4896,2540781,"array([5.84135261, 5.42335473])"
2688,4896,2541191,"array([6.09647052, 5.27528501])"
2689,4896,2541369,"array([6.26834229, 5.33944312])"
2690,4896,2541724,"array([5.88445639, 5.47545583])"
2691,4896,2541989,"array([6.31229218, 5.32557587])"
2692,4896,2542493,"array([6.27228554, 5.51066477])"
2693,4896,2542620,"array([5.93904622, 5.40548642])"
2694,4896,2542789,"array([5.98533392, 5.1603085 ])"
2695,4896,2542865,"array([5.95435196, 5.53355258])"
2696,4896,2543614,"array([6.01635212, 5.49272798])"
2697,4896,2540413,"array([6.41908727, 5.60783392])"
2698,4896,2543513,"array([6.52774446, 5.48390913])"
2699,4896,2543079,"array([5.92217895, 4.80719673])"
2700,4896,2542161,"array([6.8677218 , 4.61997422])"
2701,4896,2540941,"array([5.81599912, 5.22280851])"
2702,4896,2542000,"array([5.91043046, 5.25641947])"
2703,4896,2542874,"array([5.93021082, 5.29953052])"
2704,4896,2542195,"array([6.41583242, 4.69305427])"
2705,4896,2540437,"array([6.11661874, 5.11544408])"
2706,4896,2540440,"array([6.08572456, 4.93118522])"
2707,4896,2540443,"array([5.39170068, 4.97901682])"
2708,4896,2540453,"array([5.69835615, 5.42436142])"
2709,4896,2540454,"array([7.2198754 , 4.66740229])"
2710,4896,2541240,"array([6.17977258, 4.6619215 ])"
2711,4896,2542764,"array([5.89043451, 5.08324727])"
2712,4896,2542440,"array([6.40817223, 5.44916392])"
2713,4896,2540465,"array([5.68348201, 4.98790056])"
2714,4896,2540466,"array([6.826968  , 4.74644661])"
2715,4896,2540467,"array([6.12478018, 4.79459669])"
2716,4896,2541123,"array([6.00808541, 4.77664161])"
2717,4896,2540468,"array([6.87753498, 4.33643403])"
2718,4896,2540555,"array([6.20086556, 4.58863864])"
2719,4896,2542967,"array([6.99375629, 4.6336349 ])"
2720,4896,2540484,"array([6.36798714, 4.42049559])"
2721,4896,2541321,"array([5.96087876, 4.46296976])"
2722,4896,2542646,"array([6.01997451, 4.39416975])"
2723,4896,2542102,"array([5.84890889, 4.41848942])"
2724,4896,3361558,"array([5.87451416, 4.40119712])"
2725,4896,2540499,"array([6.57650742, 4.90564381])"
2726,4896,2540504,"array([6.94131489, 4.9212036 ])"
2727,4896,2540543,"array([6.00894624, 4.93487893])"
2728,4896,2543592,"array([6.10092689, 5.07993878])"
2729,4896,2540520,"array([5.70386272, 5.26540664])"
2730,4896,2540522,"array([5.48819337, 5.5202655 ])"
2731,4896,2540798,"array([5.2807911 , 5.63723762])"
2732,4896,2540524,"array([5.63801628, 5.21472986])"
2733,4896,2543274,"array([5.35081619, 5.29158897])"
2734,4896,2540530,"array([6.83425756, 4.82907419])"
2735,4896,2540814,"array([6.98410971, 4.6858975 ])"
2736,4896,2540531,"array([7.23314301, 5.49153111])"
2737,4896,2542510,"array([6.97533956, 5.32280452])"
2738,4896,2540813,"array([6.1658328 , 4.90406352])"
2739,4896,2540538,"array([5.61040402, 5.02404246])"
2740,4896,2540540,"array([2.26386681, 5.03027989])"
2741,4896,2540546,"array([6.54711413, 4.66302807])"
2742,4896,2542873,"array([6.37661291, 4.97737987])"
2743,4896,2540552,"array([5.09730842, 8.85765456])"
2744,4896,2540558,"array([6.01806238, 4.97552282])"
2745,4896,2542596,"array([5.82093689, 4.83284223])"
2746,4896,2540559,"array([6.89883981, 5.06186238])"
2747,4896,2541283,"array([6.87100041, 4.71101623])"
2748,4896,2540561,"array([7.22975625, 8.98262992])"
2749,4896,5802962,"array([7.16770181, 8.95916834])"
2750,4896,2541297,"array([5.80605042, 5.40313451])"
2751,4896,2540581,"array([6.45539151, 5.44269652])"
2752,4896,2542145,"array([6.21365731, 5.57719498])"
2753,4896,2542442,"array([6.28660434, 5.12050362])"
2754,4896,2542603,"array([6.19306735, 5.45936798])"
2755,4896,2543236,"array([6.20929807, 5.19661586])"
2756,4896,2543445,"array([6.15754218, 5.55160668])"
2757,4896,3361064,"array([6.12196126, 5.41398219])"
2758,4896,3361456,"array([5.93336501, 5.13681415])"
2759,4896,2540921,"array([6.43718902, 4.37351163])"
2760,4896,2542160,"array([6.51481243, 4.51289224])"
2761,4896,2541518,"array([6.4183844 , 4.50608004])"
2762,4896,2543341,"array([6.80438478, 4.69419473])"
2763,4896,2540597,"array([6.1870359 , 5.13615627])"
2764,4896,2540586,"array([7.01081062, 4.81336661])"
2765,4896,2540588,"array([5.26102902, 4.94902956])"
2766,4896,2540591,"array([6.28035963, 4.0228153 ])"
2767,4896,3361466,"array([6.30798789, 4.3267059 ])"
2768,4896,2540606,"array([6.60717794, 5.550413  ])"
2769,4896,2541677,"array([6.12563862, 4.17484631])"
2770,4896,2540617,"array([6.18400971, 4.70589619])"
2771,4896,2543192,"array([6.40432169, 4.9969504 ])"
2772,4896,2542628,"array([5.85278928, 4.84331988])"
2773,4896,2540625,"array([6.84260135, 1.09339663])"
2774,4896,2540634,"array([6.88333053, 5.26933029])"
2775,4896,2540856,"array([6.70125142, 4.73453558])"
2776,4896,2541473,"array([6.99580945, 4.72503254])"
2777,4896,2543264,"array([7.03447205, 4.79037356])"
2778,4896,2540636,"array([5.74902182, 5.33916437])"
2779,4896,2540639,"array([5.95226163, 4.69162091])"
2780,4896,2540641,"array([2.64354735, 6.66170007])"
2781,4896,2540651,"array([4.83764552, 8.78089621])"
2782,4896,2540657,"array([6.35842572, 4.50030592])"
2783,4896,2543001,"array([6.50523547, 4.67088891])"
2784,4896,2540661,"array([5.85867242, 4.67434815])"
2785,4896,2540664,"array([6.40565874, 4.39642594])"
2786,4896,2540679,"array([5.84557823, 5.8734224 ])"
2787,4896,2542203,"array([6.16955488, 4.30198046])"
2788,4896,2540685,"array([7.2439082, 5.0328201])"
2789,4896,2541618,"array([6.42274139, 4.33091954])"
2790,4896,2542837,"array([5.93621627, 5.23292886])"
2791,4896,2540696,"array([7.40035495, 5.58652286])"
2792,4896,2542654,"array([7.15523919, 5.5110652 ])"
2793,4896,2540699,"array([6.04719088, 5.60608489])"
2794,4896,2540700,"array([5.96776657, 5.29133718])"
2795,4896,2543572,"array([5.65660531, 5.52786376])"
2796,4896,2540706,"array([6.91433036, 5.00277026])"
2797,4896,2540707,"array([5.92679797, 5.32436818])"
2798,4896,2540710,"array([6.84935231, 5.53452726])"
2799,4896,2541164,"array([6.91054919, 5.56453693])"
2800,4896,2540714,"array([6.72624772, 4.63628396])"
2801,4896,2543289,"array([6.1949177 , 4.72181626])"
2802,4896,2541310,"array([6.79264091, 4.63673738])"
2803,4896,2542492,"array([6.55247199, 4.56837257])"
2804,4896,2540721,"array([6.10446405, 5.46127363])"
2805,4896,2541997,"array([5.58105277, 5.12502589])"
2806,4896,2540725,"array([6.24499158, 4.68297843])"
2807,4896,2541147,"array([5.85476601, 4.49404262])"
2808,4896,2542922,"array([6.17105228, 4.71648939])"
2809,4896,2540726,"array([6.1273785 , 4.67762045])"
2810,4896,3361323,"array([5.8303103 , 4.66006556])"
2811,4896,2541065,"array([7.07450238, 4.98067374])"
2812,4896,2541642,"array([6.97175987, 5.01519717])"
2813,4896,2540734,"array([6.73914526, 5.13128357])"
2814,4896,2541565,"array([6.35620832, 5.4700018 ])"
2815,4896,2540852,"array([5.87701304, 5.31521665])"
2816,4896,2540755,"array([6.49781273, 4.73292331])"
2817,4896,2540760,"array([6.46602922, 4.54069036])"
2818,4896,2541661,"array([5.71380836, 4.8224217 ])"
2819,4896,2540763,"array([7.03776602, 6.03331129])"
2820,4896,2540933,"array([6.86939776, 5.77371424])"
2821,4896,2543645,"array([7.14777488, 6.20024371])"
2822,4896,2540764,"array([6.65575154, 5.15754877])"
2823,4896,2540766,"array([2.53484271, 3.26494513])"
2824,4896,3361404,"array([2.61199438, 3.27198662])"
2825,4896,3361501,"array([2.54835189, 3.18720085])"
2826,4896,3361525,"array([2.52699282, 3.34371901])"
2827,4896,3361559,"array([2.4573485 , 3.25673023])"
2828,4896,2540775,"array([5.79025139, 4.69217228])"
2829,4896,2540776,"array([7.275733  , 4.76002868])"
2830,4896,2543159,"array([5.82448874, 5.38911662])"
2831,4896,2540790,"array([6.93562194, 5.02875307])"
2832,4896,2542980,"array([5.69847524, 4.89488368])"
2833,4896,2541342,"array([5.94725249, 4.38757763])"
2834,4896,2541854,"array([6.16492713, 4.6861635 ])"
2835,4896,2540808,"array([6.06159006, 5.57177401])"
2836,4896,2540809,"array([7.30597022, 5.0993309 ])"
2837,4896,2540812,"array([6.16968244, 5.07995759])"
2838,4896,2542180,"array([7.05309746, 4.62624868])"
2839,4896,2542368,"array([6.70579174, 4.76155022])"
2840,4896,3361461,"array([6.40551276, 4.94659597])"
2841,4896,2540824,"array([6.97090751, 5.68120537])"
2842,4896,2540862,"array([6.73941405, 5.40194022])"
2843,4896,2540827,"array([7.30489838, 4.85533994])"
2844,4896,2540829,"array([6.1127509 , 4.53818542])"
2845,4896,2541042,"array([6.75250719, 4.80181476])"
2846,4896,2542728,"array([6.86673004, 4.76803676])"
2847,4896,2543573,"array([6.90002801, 4.69171069])"
2848,4896,2540834,"array([7.31737177, 4.91048077])"
2849,4896,2540836,"array([5.84049646, 4.37512982])"
2850,4896,2541901,"array([5.98089126, 4.45321724])"
2851,4896,2540973,"array([7.0158195, 5.1209317])"
2852,4896,2541208,"array([6.83474392, 5.41991944])"
2853,4896,2541490,"array([7.05490805, 5.30241957])"
2854,4896,2541803,"array([7.02825079, 5.27817946])"
2855,4896,2542022,"array([6.75769948, 5.4324832 ])"
2856,4896,2542091,"array([6.67660301, 5.32422543])"
2857,4896,2542101,"array([6.7668751 , 4.95904198])"
2858,4896,2542276,"array([6.78307279, 5.40039672])"
2859,4896,2542334,"array([7.02027359, 5.37730818])"
2860,4896,2542889,"array([6.86906204, 5.36220063])"
2861,4896,2543214,"array([6.94394954, 4.99079935])"
2862,4896,2543223,"array([6.97441851, 5.43356316])"
2863,4896,3361275,"array([6.34443549, 5.42091463])"
2864,4896,3361433,"array([6.45538024, 5.14651851])"
2865,4896,2540838,"array([6.68280603, 4.89228529])"
2866,4896,2540848,"array([2.32350181, 4.50957827])"
2867,4896,2540851,"array([6.26994581, 5.5585011 ])"
2868,4896,2543339,"array([6.76500732, 4.58162254])"
2869,4896,2540858,"array([6.12141265, 5.37031632])"
2870,4896,2540861,"array([7.07682067, 4.87406897])"
2871,4896,2540875,"array([6.64558753, 5.32677894])"
2872,4896,2540898,"array([6.74293524, 4.91373136])"
2873,4896,2540907,"array([10.27316755,  6.03438891])"
2874,4896,2540914,"array([6.7964923 , 4.48517215])"
2875,4896,2540916,"array([7.02456348, 5.54600555])"
2876,4896,2540997,"array([6.75484236, 4.63514156])"
2877,4896,2541707,"array([6.77667821, 4.54059348])"
2878,4896,2542194,"array([6.0196194 , 4.76176459])"
2879,4896,2542343,"array([6.7548476 , 4.46984854])"
2880,4896,2542810,"array([6.73956152, 4.49852591])"
2881,4896,2542914,"array([6.6536715 , 4.60772367])"
2882,4896,2543200,"array([6.85241936, 4.5009626 ])"
2883,4896,2543681,"array([6.82586805, 4.47116109])"
2884,4896,2540926,"array([5.72200251, 5.13094585])"
2885,4896,2541052,"array([6.61433126, 4.83547249])"
2886,4896,2541657,"array([6.88789752, 5.60327173])"
2887,4896,9406926,"array([6.65554616, 4.83506298])"
2888,4896,2540931,"array([6.14250603, 4.80524226])"
2889,4896,2542814,"array([6.58361366, 4.43519953])"
2890,4896,2540937,"array([6.60192535, 4.52102416])"
2891,4896,2540944,"array([7.26778301, 5.102374  ])"
2892,4896,2540948,"array([6.70593167, 5.60943215])"
2893,4896,2540951,"array([5.82810416, 4.5770432 ])"
2894,4896,2541859,"array([6.94906961, 4.32566861])"
2895,4896,2541805,"array([6.70264034, 5.28849826])"
2896,4896,2542919,"array([6.7562823 , 5.38413398])"
2897,4896,2543122,"array([6.62733616, 5.33946345])"
2898,4896,2543623,"array([6.62404386, 5.3225396 ])"
2899,4896,2540958,"array([6.53577186, 4.81045072])"
2900,4896,2542099,"array([6.79532904, 5.72387072])"
2901,4896,3361403,"array([6.83337581, 5.69582634])"
2902,4896,2540965,"array([6.24672381, 5.49979046])"
2903,4896,2540966,"array([6.02012168, 4.88262524])"
2904,4896,2540969,"array([6.76011271, 4.74020712])"
2905,4896,2542953,"array([6.72925283, 4.59075037])"
2906,4896,2540978,"array([6.40271732, 5.40228367])"
2907,4896,2540984,"array([7.79091434, 4.38872024])"
2908,4896,2540990,"array([5.77948877, 4.50575281])"
2909,4896,2542389,"array([5.8066037 , 4.48445765])"
2910,4896,2540991,"array([6.5141159 , 4.77702889])"
2911,4896,2540998,"array([7.06961937, 5.03954381])"
2912,4896,2541004,"array([6.20286451, 4.22495639])"
2913,4896,2541008,"array([7.28243981, 4.56323702])"
2914,4896,2541730,"array([6.08391161, 4.7141873 ])"
2915,4896,2541022,"array([6.53145795, 4.79169416])"
2916,4896,2541025,"array([6.79973807, 4.5175739 ])"
2917,4896,2542536,"array([6.2439683 , 4.52246806])"
2918,4896,2541037,"array([7.28547709, 4.82287702])"
2919,4896,2541049,"array([10.21600442,  3.76087139])"
2920,4896,2541839,"array([10.19054884,  3.69966624])"
2921,4896,2541958,"array([6.02629318, 5.57536132])"
2922,4896,2541055,"array([6.45848705, 4.97561581])"
2923,4896,2541056,"array([6.1944486 , 5.12237749])"
2924,4896,2541058,"array([7.26685662, 4.59740375])"
2925,4896,2541063,"array([6.60766736, 9.02614336])"
2926,4896,2541068,"array([6.19864043, 4.90118534])"
2927,4896,2541081,"array([5.7878235 , 5.11303488])"
2928,4896,2541635,"array([5.91360935, 4.96169332])"
2929,4896,2541996,"array([5.45673406, 5.21032496])"
2930,4896,2541083,"array([5.7584331 , 4.53400344])"
2931,4896,2541112,"array([6.79655161, 4.74016794])"
2932,4896,2542128,"array([6.51590032, 5.19569277])"
2933,4896,2542331,"array([6.61295676, 4.75732066])"
2934,4896,2541120,"array([6.70420216, 4.15615446])"
2935,4896,2542036,"array([6.81434042, 3.94184297])"
2936,4896,2541121,"array([7.07083137, 4.83240292])"
2937,4896,2541122,"array([7.23733853, 4.58556323])"
2938,4896,2541451,"array([6.04491841, 4.93332183])"
2939,4896,2541685,"array([5.71739975, 4.79812828])"
2940,4896,2542749,"array([6.01492982, 4.8310177 ])"
2941,4896,2542842,"array([6.17316953, 4.54443974])"
2942,4896,2541129,"array([7.19603   , 4.49965265])"
2943,4896,2541561,"array([6.72313041, 5.07213946])"
2944,4896,2542683,"array([6.63872981, 5.43292215])"
2945,4896,2543043,"array([6.63988044, 5.41390778])"
2946,4896,2543209,"array([6.351127  , 4.94777826])"
2947,4896,2543397,"array([7.00258517, 5.16646125])"
2948,4896,2543605,"array([6.88117971, 5.38945245])"
2949,4896,3361177,"array([6.35279038, 5.33887405])"
2950,4896,2542237,"array([6.44686928, 4.51930448])"
2951,4896,2541163,"array([6.03382131, 5.14006329])"
2952,4896,2541182,"array([6.07828934, 5.33805557])"
2953,4896,2541471,"array([5.78363669, 5.00722861])"
2954,4896,2541600,"array([5.85193086, 5.09274603])"
2955,4896,2542002,"array([5.72563609, 4.9811598 ])"
2956,4896,2542037,"array([5.66496925, 4.94649651])"
2957,4896,2542081,"array([5.68360497, 5.03754473])"
2958,4896,2542165,"array([5.86389468, 5.18781294])"
2959,4896,2542507,"array([5.85021219, 5.14121919])"
2960,4896,2542587,"array([5.67131959, 5.01441616])"
2961,4896,2542621,"array([5.97983675, 5.1073734 ])"
2962,4896,2542883,"array([6.21609668, 5.33187399])"
2963,4896,2543011,"array([5.71301835, 4.92831057])"
2964,4896,2543316,"array([5.74515569, 4.82654364])"
2965,4896,9406966,"array([5.88763295, 4.94493442])"
2966,4896,2541181,"array([5.8867777 , 5.26524948])"
2967,4896,2541328,"array([5.77521325, 5.30685529])"
2968,4896,2541843,"array([5.87398975, 5.29265334])"
2969,4896,2543123,"array([5.768775  , 5.35683175])"
2970,4896,3361543,"array([5.79089614, 5.28603576])"
2971,4896,2542041,"array([6.2476892 , 5.59112747])"
2972,4896,2542119,"array([6.12908731, 5.54420229])"
2973,4896,2543147,"array([5.7825173, 4.3985912])"
2974,4896,2541477,"array([5.65362384, 5.35118408])"
2975,4896,2541686,"array([5.65597168, 5.38306263])"
2976,4896,2542251,"array([5.75295229, 4.90679489])"
2977,4896,2542349,"array([6.45903825, 4.90469472])"
2978,4896,2543302,"array([6.41190355, 5.08769314])"
2979,4896,2541199,"array([7.16881854, 4.6188385 ])"
2980,4896,2541206,"array([7.3074463 , 5.00857981])"
2981,4896,2541207,"array([6.28214356, 4.21312128])"
2982,4896,2542398,"array([6.26080798, 3.93745714])"
2983,4896,2541212,"array([6.09394607, 5.44280616])"
2984,4896,2543272,"array([4.06700386, 1.65267041])"
2985,4896,2541225,"array([6.37497002, 5.57772544])"
2986,4896,2541233,"array([7.18948029, 4.53839071])"
2987,4896,2541244,"array([7.05295971, 5.07223376])"
2988,4896,2541249,"array([6.38185454, 4.80474468])"
2989,4896,2542156,"array([6.43141302, 5.78132328])"
2990,4896,2542830,"array([6.33140864, 5.7574362 ])"
2991,4896,2543255,"array([6.09796141, 4.44491793])"
2992,4896,2541314,"array([6.82832352, 5.35863403])"
2993,4896,2541378,"array([6.6233235 , 5.05239785])"
2994,4896,2541271,"array([6.92812489, 4.8522115 ])"
2995,4896,2541290,"array([5.86540884, 4.97453265])"
2996,4896,2541303,"array([6.20469469, 5.47175303])"
2997,4896,2541664,"array([6.4324435 , 4.45043854])"
2998,4896,2541313,"array([6.11873477, 4.29993528])"
2999,4896,2541330,"array([3.97748883, 8.16402242])"
3000,4896,3361255,"array([3.91855691, 8.12583255])"
3001,4896,2541346,"array([6.3734988, 5.0781244])"
3002,4896,2543070,"array([6.46244563, 5.00998429])"
3003,4896,2542982,"array([6.12184838, 3.60897337])"
3004,4896,2541354,"array([6.07829292, 5.21360175])"
3005,4896,2541371,"array([6.64065511, 5.62607164])"
3006,4896,2541376,"array([6.00468365, 4.82019793])"
3007,4896,2541913,"array([7.06558259, 4.58385396])"
3008,4896,2542182,"array([7.09296628, 4.62366444])"
3009,4896,2543148,"array([7.07693388, 4.66246886])"
3010,4896,2541391,"array([6.89974196, 4.52620784])"
3011,4896,2541395,"array([6.91716231, 5.16906044])"
3012,4896,2541397,"array([4.86059543, 1.25499701])"
3013,4896,2542608,"array([6.47725243, 4.64083825])"
3014,4896,2541406,"array([7.1856533 , 4.57408043])"
3015,4896,2541415,"array([5.76211478, 4.65113642])"
3016,4896,2541435,"array([7.34278992, 4.70276927])"
3017,4896,2541436,"array([5.61061781, 5.23815669])"
3018,4896,2542958,"array([6.01948224, 5.12238176])"
3019,4896,2541439,"array([6.50720193, 4.61854189])"
3020,4896,2541448,"array([6.14805046, 5.71525157])"
3021,4896,9407039,"array([6.43429026, 4.70989381])"
3022,4896,2541464,"array([6.65415553, 5.43973638])"
3023,4896,2542259,"array([6.51358145, 4.8872024 ])"
3024,4896,2543622,"array([6.23709381, 5.02827562])"
3025,4896,2541485,"array([10.25615442,  5.12361522])"
3026,4896,2542423,"array([10.2814025 ,  5.06066045])"
3027,4896,2541498,"array([6.4907771 , 5.32978616])"
3028,4896,2541503,"array([6.63969544, 4.81123392])"
3029,4896,2541510,"array([7.27121912, 4.72545757])"
3030,4896,2541514,"array([6.06065628, 4.57994044])"
3031,4896,2541517,"array([6.88608518, 4.74482242])"
3032,4896,2541521,"array([6.10894872, 5.13020428])"
3033,4896,2541525,"array([6.38226155, 4.51473636])"
3034,4896,2541535,"array([7.08746138, 4.91230476])"
3035,4896,2541537,"array([5.89009719, 5.76285796])"
3036,4896,2541545,"array([6.85276913, 5.05712733])"
3037,4896,2541557,"array([6.3702691, 5.5011763])"
3038,4896,2541562,"array([6.76173712, 5.59965857])"
3039,4896,2541621,"array([7.2461218 , 4.96192438])"
3040,4896,2541646,"array([7.20158365, 4.7989433 ])"
3041,4896,2541744,"array([7.3465594 , 4.95873919])"
3042,4896,2541748,"array([6.96661992, 5.25239646])"
3043,4896,2541774,"array([7.1734868 , 5.17124858])"
3044,4896,2541780,"array([7.32620746, 5.0657035 ])"
3045,4896,2541802,"array([7.28583721, 4.923938  ])"
3046,4896,2541829,"array([7.34600722, 5.094727  ])"
3047,4896,2541834,"array([7.33078123, 4.87960932])"
3048,4896,2541842,"array([6.89380566, 4.65361307])"
3049,4896,2541895,"array([7.22841566, 5.09095922])"
3050,4896,2541911,"array([7.17604706, 4.87212009])"
3051,4896,2541988,"array([7.28668851, 5.0707931 ])"
3052,4896,2542018,"array([7.35149873, 4.85132605])"
3053,4896,2542110,"array([7.37888548, 4.9333202 ])"
3054,4896,2542227,"array([7.2632629 , 5.16545894])"
3055,4896,2542280,"array([7.17776632, 4.76992264])"
3056,4896,2542283,"array([7.20909095, 5.01162056])"
3057,4896,2542352,"array([7.0576022 , 5.01113845])"
3058,4896,2542385,"array([6.90902434, 5.02586936])"
3059,4896,2542415,"array([7.23282791, 4.87079693])"
3060,4896,2542454,"array([6.89841542, 4.62529113])"
3061,4896,2542491,"array([7.27615856, 4.98866992])"
3062,4896,2542521,"array([6.89507258, 5.04018292])"
3063,4896,2542702,"array([7.11993121, 4.99162162])"
3064,4896,2542754,"array([7.21273196, 5.05424964])"
3065,4896,2542918,"array([7.36587952, 4.89015538])"
3066,4896,2542956,"array([7.24389338, 4.99660171])"
3067,4896,2543004,"array([6.96598401, 5.15102249])"
3068,4896,2543090,"array([7.15292059, 4.84031411])"
3069,4896,2543109,"array([6.93124363, 5.18621408])"
3070,4896,2543136,"array([7.34675268, 4.92260782])"
3071,4896,2543158,"array([7.25895504, 4.89610729])"
3072,4896,2543206,"array([7.00836435, 5.09083733])"
3073,4896,2543225,"array([7.21972058, 4.9031404 ])"
3074,4896,2543234,"array([7.32087915, 5.13247213])"
3075,4896,2543331,"array([7.25566608, 5.06445013])"
3076,4896,2543340,"array([6.94188854, 5.16136798])"
3077,4896,2543369,"array([7.07016024, 5.10006452])"
3078,4896,2543431,"array([7.13717996, 5.12885353])"
3079,4896,2543598,"array([7.20944845, 4.97188591])"
3080,4896,3361186,"array([7.37766985, 4.97636136])"
3081,4896,3361429,"array([7.2536114 , 4.80551297])"
3082,4896,9406967,"array([7.21015437, 4.93658226])"
3083,4896,9407191,"array([7.27445859, 5.02429922])"
3084,4896,2542328,"array([6.62579632, 4.76988716])"
3085,4896,2543360,"array([6.61893002, 4.69021305])"
3086,4896,2541798,"array([6.06229277, 4.67286044])"
3087,4896,2541611,"array([7.55653864, 8.8949431 ])"
3088,4896,2541627,"array([7.41227357, 4.2808412 ])"
3089,4896,2542523,"array([7.23197866, 4.41665502])"
3090,4896,2541636,"array([6.57482282, 5.50753089])"
3091,4896,2541644,"array([6.34890525, 4.8878913 ])"
3092,4896,2542804,"array([6.55174831, 4.79406047])"
3093,4896,2543095,"array([6.64327552, 4.89316453])"
3094,4896,2542524,"array([6.24169002, 4.78226454])"
3095,4896,2543478,"array([7.07088732, 5.81405866])"
3096,4896,2542157,"array([5.61794811, 4.55929892])"
3097,4896,2542412,"array([6.09038226, 4.68380821])"
3098,4896,2543454,"array([6.07855002, 4.5517114 ])"
3099,4896,2541662,"array([5.95155285, 4.436505  ])"
3100,4896,2541663,"array([6.76618628, 4.71724938])"
3101,4896,2541665,"array([7.38332838, 5.65655735])"
3102,4896,2541679,"array([5.96665025, 5.12107555])"
3103,4896,2541684,"array([5.71244132, 5.20177846])"
3104,4896,2541687,"array([5.80938687, 4.60470309])"
3105,4896,2542678,"array([6.36566597, 4.8446518 ])"
3106,4896,2541691,"array([5.75264829, 4.42497392])"
3107,4896,2541887,"array([6.95272553, 4.66169924])"
3108,4896,2541923,"array([6.21231879, 4.40085232])"
3109,4896,2543235,"array([5.73549305, 4.66594924])"
3110,4896,2541715,"array([6.21043083, 4.73719954])"
3111,4896,2542262,"array([6.96838973, 4.17103683])"
3112,4896,2542339,"array([5.88440245, 4.72615221])"
3113,4896,2543684,"array([5.88686944, 4.57023753])"
3114,4896,2541739,"array([6.38202659, 4.70215444])"
3115,4896,2541751,"array([5.97594883, 4.42289888])"
3116,4896,2541759,"array([6.15699013, 5.35763181])"
3117,4896,2541763,"array([5.69090017, 5.39556159])"
3118,4896,2542598,"array([6.50048451, 5.4237176 ])"
3119,4896,2542612,"array([6.89126322, 5.22436882])"
3120,4896,2542821,"array([6.72836669, 5.03086656])"
3121,4896,2543509,"array([6.52524676, 5.40563361])"
3122,4896,3361358,"array([6.64210018, 5.31100873])"
3123,4896,2541773,"array([6.11446174, 5.65940027])"
3124,4896,2541783,"array([6.2344123 , 5.06480278])"
3125,4896,2541793,"array([5.79519813, 5.34236289])"
3126,4896,2542734,"array([6.09055934, 6.109911  ])"
3127,4896,2541853,"array([6.5448678 , 4.49833273])"
3128,4896,2541888,"array([6.78560687, 5.02214174])"
3129,4896,2542872,"array([6.83548743, 4.62100251])"
3130,4896,2542831,"array([5.86573731, 4.18054167])"
3131,4896,2541905,"array([5.96914393, 4.4978188 ])"
3132,4896,2541907,"array([5.92906649, 4.68311458])"
3133,4896,2541912,"array([7.00932011, 4.4256152 ])"
3134,4896,2541917,"array([5.82758868, 5.73986813])"
3135,4896,2541938,"array([6.8184689, 4.6692481])"
3136,4896,2543111,"array([6.69775839, 4.79628812])"
3137,4896,2543260,"array([6.54171139, 4.64348622])"
3138,4896,2541943,"array([6.37688916, 5.76477761])"
3139,4896,2541945,"array([5.8489799 , 4.28082311])"
3140,4896,2541952,"array([6.09496741, 5.31625622])"
3141,4896,2541953,"array([3.01574462, 2.70638688])"
3142,4896,2542294,"array([6.21940987, 5.55230156])"
3143,4896,2542429,"array([6.29455792, 4.55799825])"
3144,4896,2542938,"array([6.41797402, 4.65853382])"
3145,4896,2542486,"array([5.71228766, 5.16453104])"
3146,4896,5802954,"array([5.79701995, 4.65716213])"
3147,4896,2542005,"array([5.64760056, 4.89659774])"
3148,4896,2543685,"array([5.80387067, 5.00004635])"
3149,4896,2542014,"array([5.62103422, 5.17597243])"
3150,4896,2542020,"array([6.89990434, 4.96493145])"
3151,4896,2542035,"array([6.28146887, 4.98513929])"
3152,4896,2542040,"array([7.23050082, 4.51752303])"
3153,4896,2542051,"array([6.38398279, 5.63510175])"
3154,4896,2542060,"array([5.62000698, 4.98743622])"
3155,4896,2543317,"array([5.42023295, 4.63440653])"
3156,4896,2543118,"array([6.62957742, 4.53522638])"
3157,4896,2542118,"array([7.08042292, 5.41040113])"
3158,4896,5802740,"array([6.32777983, 4.89070221])"
3159,4896,2542181,"array([6.98838924, 5.62628666])"
3160,4896,2542086,"array([5.91175612, 6.13086309])"
3161,4896,2542088,"array([6.0984998 , 5.34795851])"
3162,4896,2542836,"array([6.01664579, 5.10655039])"
3163,4896,2542124,"array([7.1744497, 5.2984035])"
3164,4896,2542125,"array([9.41889095, 2.35290654])"
3165,4896,2542127,"array([6.81832627, 4.8998716 ])"
3166,4896,2542132,"array([6.12619062, 5.57589161])"
3167,4896,2542152,"array([2.44459452, 3.96421065])"
3168,4896,2542455,"array([5.74338835, 4.46797628])"
3169,4896,2542164,"array([6.83152055, 5.48784822])"
3170,4896,2542169,"array([6.12822848, 5.47430616])"
3171,4896,2542172,"array([6.17070286, 4.24024783])"
3172,4896,3361396,"array([5.83924648, 5.00148565])"
3173,4896,2543184,"array([5.75251668, 5.25853532])"
3174,4896,2542178,"array([7.23700751, 4.70135408])"
3175,4896,2542186,"array([7.13809798, 0.93281704])"
3176,4896,2543046,"array([7.08225483, 0.89652822])"
3177,4896,3361560,"array([6.84823199, 5.46132906])"
3178,4896,2542224,"array([2.43320523, 5.74593227])"
3179,4896,2543294,"array([5.77763695, 4.58009743])"
3180,4896,2543434,"array([5.82973421, 4.96130758])"
3181,4896,2543286,"array([6.39945296, 4.43441212])"
3182,4896,2542329,"array([5.98299647, 5.27935948])"
3183,4896,2542380,"array([5.84357249, 4.45192435])"
3184,4896,2542441,"array([5.92560239, 4.34682905])"
3185,4896,2542319,"array([6.09794504, 4.40632127])"
3186,4896,2542381,"array([6.54886481, 4.88112289])"
3187,4896,2542432,"array([5.91642487, 4.699919  ])"
3188,4896,2542484,"array([5.9921394 , 4.75686667])"
3189,4896,2542979,"array([5.9042779, 4.9845941])"
3190,4896,2543386,"array([6.03354647, 5.10559544])"
3191,4896,5802726,"array([5.94875466, 4.66324984])"
3192,4896,2542366,"array([5.80084202, 5.84279882])"
3193,4896,2542378,"array([3.85798602, 8.08711272])"
3194,4896,2542379,"array([6.22530938, 4.56492777])"
3195,4896,2542405,"array([3.66352014, 2.02914059])"
3196,4896,2542478,"array([3.68001811, 1.96470529])"
3197,4896,2543366,"array([6.50544626, 5.79906593])"
3198,4896,3361337,"array([6.90483433, 4.8978113 ])"
3199,4896,2542435,"array([6.15727206, 5.15067905])"
3200,4896,2542451,"array([7.3299079 , 5.70087646])"
3201,4896,2543107,"array([6.20470564, 4.78631447])"
3202,4896,2543324,"array([6.25607387, 4.43879578])"
3203,4896,3361273,"array([5.84511188, 4.86651794])"
3204,4896,2542688,"array([6.7010747 , 5.47426248])"
3205,4896,2542470,"array([4.5855745 , 8.66120712])"
3206,4896,2542505,"array([7.20664139, 4.63471743])"
3207,4896,2542511,"array([5.88073885, 4.48069385])"
3208,4896,14217228,"array([5.93255563, 5.72231236])"
3209,4896,14217306,"array([5.99724245, 5.76345128])"
3210,4896,14217307,"array([5.96563951, 5.74563187])"
3211,4896,2542528,"array([6.61534176, 5.60946453])"
3212,4896,2542540,"array([6.14420518, 5.37384634])"
3213,4896,3361533,"array([6.07490985, 4.42059087])"
3214,4896,2542550,"array([5.90890507, 1.0018457 ])"
3215,4896,2542568,"array([5.65105096, 4.97974928])"
3216,4896,2542578,"array([2.28177981, 5.52506056])"
3217,4896,2542653,"array([6.06469192, 5.54299895])"
3218,4896,5802723,"array([7.33149383, 5.65488199])"
3219,4896,9407256,"array([7.36136272, 5.6116745 ])"
3220,4896,2542691,"array([5.73834247, 5.1119839 ])"
3221,4896,2542723,"array([5.53900992, 4.75057276])"
3222,4896,2543425,"array([5.50985077, 4.79865535])"
3223,4896,2542736,"array([5.74668888, 5.47422982])"
3224,4896,2542784,"array([3.8013716 , 8.42891436])"
3225,4896,2542877,"array([3.78128753, 8.36595766])"
3226,4896,2543346,"array([5.55604232, 5.12267982])"
3227,4896,2542798,"array([7.3272039, 4.6651867])"
3228,4896,3361408,"array([5.5173015 , 5.31338147])"
3229,4896,2542813,"array([6.39455503, 4.62370324])"
3230,4896,2542825,"array([7.27675308, 4.63022802])"
3231,4896,5802974,"array([5.74259735, 4.79048937])"
3232,4896,2542858,"array([6.79725004, 4.59780787])"
3233,4896,2542860,"array([6.88554655, 4.49926227])"
3234,4896,2542886,"array([6.61559736, 0.9626265 ])"
3235,4896,2542893,"array([10.22702343,  6.50499579])"
3236,4896,2542933,"array([7.19937058, 4.70076438])"
3237,4896,2543473,"array([6.56905554, 4.64750764])"
3238,4896,2542961,"array([9.81310161, 3.13649779])"
3239,4896,3361535,"array([9.76732074, 3.08863938])"
3240,4896,2542968,"array([6.04109549, 5.54823353])"
3241,4896,2542974,"array([5.61913889, 5.14753689])"
3242,4896,2542977,"array([6.11545696, 5.69904729])"
3243,4896,2542993,"array([6.64891043, 6.05643041])"
3244,4896,2543036,"array([7.15731097, 4.50558344])"
3245,4896,2543060,"array([6.70772783, 5.53974137])"
3246,4896,2543190,"array([6.58382007, 4.88618826])"
3247,4896,2543374,"array([6.66057436, 4.80971083])"
3248,4896,2543634,"array([6.54078708, 5.6489462 ])"
3249,4896,2543056,"array([7.81882111, 1.23416909])"
3250,4896,2543392,"array([5.75691332, 4.983498  ])"
3251,4896,2543094,"array([2.79127567, 6.93587324])"
3252,4896,2543101,"array([9.26419507, 7.84114492])"
3253,4896,2543113,"array([7.22149398, 4.55683269])"
3254,4896,2543115,"array([7.3060092 , 4.69594232])"
3255,4896,2543128,"array([7.15272268, 4.54927836])"
3256,4896,2543134,"array([7.30892684, 4.73084453])"
3257,4896,2543144,"array([7.29077789, 4.66162751])"
3258,4896,2543165,"array([5.34379953, 8.96459932])"
3259,4896,2543177,"array([7.31709702, 4.76688309])"
3260,4896,2543198,"array([5.76887727, 4.76599026])"
3261,4896,2543218,"array([7.20675524, 4.6001917 ])"
3262,4896,2543633,"array([6.22088006, 4.76635484])"
3263,4896,2543239,"array([6.3575388 , 9.11822351])"
3264,4896,2543245,"array([2.34640411, 4.77578694])"
3265,4896,2543275,"array([6.43884556, 4.48536178])"
3266,4896,2543276,"array([5.79988646, 4.72538796])"
3267,4896,9407293,"array([5.9078013 , 5.09874919])"
3268,4896,2543319,"array([9.82068229, 7.22471863])"
3269,4896,3361033,"array([9.8573442 , 7.13853297])"
3270,4896,3361054,"array([9.9070216 , 7.18918115])"
3271,4896,3361232,"array([9.73742182, 7.18909355])"
3272,4896,3361252,"array([9.73353491, 7.26015042])"
3273,4896,3361290,"array([9.78316599, 7.31076048])"
3274,4896,3361293,"array([9.90531347, 7.26059946])"
3275,4896,3361508,"array([9.85419319, 7.31084987])"
3276,4896,3361534,"array([9.78651066, 7.13782613])"
3277,4896,2543329,"array([6.22144913, 4.54245007])"
3278,4896,2543381,"array([7.25674492, 4.54072463])"
3279,4896,2543401,"array([5.24620973, 4.73324802])"
3280,4896,2543423,"array([6.06211014, 5.70505772])"
3281,4896,2543620,"array([5.64326178, 5.04063881])"
3282,4896,3361515,"array([5.64089951, 5.12628461])"
3283,4896,2543469,"array([10.37972795,  4.46841142])"
3284,4896,2543474,"array([7.30373182, 4.59480777])"
3285,4896,2543523,"array([7.27039799, 4.69152194])"
3286,4896,2543564,"array([6.11092644, 9.01783261])"
3287,4896,2543571,"array([6.25555595, 5.54234189])"
3288,4896,2543661,"array([6.86990124, 9.06751879])"
3289,4896,3361128,"array([6.9348046 , 5.40955569])"
3290,4896,3361436,"array([8.0763641 , 8.69121845])"
3291,4896,3361499,"array([6.7531762 , 4.93002138])"
3292,4896,5802838,"array([7.14719557, 4.58643347])"
3293,4896,14218092,"array([6.73489432, 4.44538223])"
3294,4896,2538728,"array([5.50562461, 5.1684582 ])"
3295,4896,2538771,"array([5.61131091, 4.87935685])"
3296,4896,2538801,"array([6.83241547, 5.00978197])"
3297,4896,2541556,"array([6.12325468, 4.983616  ])"
3298,4896,2539676,"array([6.6902393 , 4.52861056])"
3299,4896,2543088,"array([5.86194593, 4.94620374])"
3300,4896,2538900,"array([6.44127175, 5.45629576])"
3301,4896,2538920,"array([6.89069622, 5.52577416])"
3302,4896,2538922,"array([6.95404879, 5.31096172])"
3303,4896,2538943,"array([5.86468771, 5.05474913])"
3304,4896,2539064,"array([6.88999791, 4.83257735])"
3305,4896,2538961,"array([6.75236812, 4.88384925])"
3306,4896,2538975,"array([5.60249224, 5.05681214])"
3307,4896,2538983,"array([6.59320041, 5.60468009])"
3308,4896,2539009,"array([5.99707005, 4.48559238])"
3309,4896,2539875,"array([5.84748434, 4.22108284])"
3310,4896,2539012,"array([6.70775245, 5.74055205])"
3311,4896,2540131,"array([6.95814791, 4.56955741])"
3312,4896,9407127,"array([6.91928366, 4.43399045])"
3313,4896,9407207,"array([6.94079924, 4.46797348])"
3314,4896,2539188,"array([6.73619764, 5.72403548])"
3315,4896,2539201,"array([6.7381984 , 4.82105786])"
3316,4896,2539226,"array([6.14318365, 4.50398567])"
3317,4896,2539284,"array([6.53238492, 5.4476827 ])"
3318,4896,2539348,"array([6.46450135, 5.54977656])"
3319,4896,2539350,"array([6.67906384, 5.5891932 ])"
3320,4896,2539375,"array([7.13800602, 4.45412156])"
3321,4896,2539491,"array([5.99813313, 5.71419689])"
3322,4896,2539433,"array([5.98553237, 4.36069495])"
3323,4896,2539466,"array([6.56076654, 5.63644249])"
3324,4896,2539483,"array([5.65618664, 4.72831262])"
3325,4896,2539522,"array([6.34044823, 5.62937418])"
3326,4896,2539536,"array([5.61425337, 5.11223608])"
3327,4896,2539689,"array([5.77378494, 4.95576221])"
3328,4896,2540769,"array([5.88373675, 4.70113486])"
3329,4896,2541385,"array([6.33418851, 5.33133642])"
3330,4896,2543124,"array([5.97491605, 4.63428537])"
3331,4896,2539561,"array([6.46467959, 5.61267278])"
3332,4896,2539579,"array([6.94463031, 5.33628204])"
3333,4896,2539598,"array([6.06246233, 5.41964092])"
3334,4896,2539613,"array([5.58488455, 4.94490687])"
3335,4896,2539617,"array([5.63443278, 5.43761863])"
3336,4896,2540181,"array([5.45612152, 4.72026016])"
3337,4896,2543584,"array([5.42186845, 4.77978992])"
3338,4896,2540915,"array([5.85962008, 4.6267219 ])"
3339,4896,2541696,"array([6.64860758, 4.46786055])"
3340,4896,2541840,"array([6.85786023, 4.84092215])"
3341,4896,2539731,"array([5.39948035, 5.06628534])"
3342,4896,2539732,"array([6.74984273, 5.54606129])"
3343,4896,2539826,"array([6.64319402, 5.39255674])"
3344,4896,2543593,"array([7.26037428, 5.7675934 ])"
3345,4896,2539915,"array([6.66244132, 5.60857579])"
3346,4896,2539925,"array([6.51234844, 5.61658049])"
3347,4896,2540016,"array([6.16752812, 4.92451956])"
3348,4896,2540680,"array([6.79407425, 4.87275772])"
3349,4896,2541009,"array([6.17462783, 5.52087579])"
3350,4896,2541170,"array([6.74076134, 4.75198802])"
3351,4896,2542748,"array([6.85538136, 5.00223398])"
3352,4896,2539996,"array([6.48916765, 5.61301643])"
3353,4896,2540014,"array([6.79159989, 5.48107163])"
3354,4896,2542805,"array([6.44896863, 4.55830246])"
3355,4896,2540059,"array([6.76943436, 5.4951722 ])"
3356,4896,2541307,"array([6.68511493, 4.86698286])"
3357,4896,2540132,"array([6.97702681, 5.21355379])"
3358,4896,2540143,"array([6.77649847, 5.6490716 ])"
3359,4896,2540206,"array([6.67740022, 5.3915533 ])"
3360,4896,2541424,"array([6.11394912, 4.88503099])"
3361,4896,2542885,"array([6.69188912, 4.45651232])"
3362,4896,2540353,"array([5.66441251, 5.46480282])"
3363,4896,2540375,"array([6.41524641, 5.64633834])"
3364,4896,2540452,"array([6.81390876, 5.53744385])"
3365,4896,2541327,"array([6.58416062, 4.68759769])"
3366,4896,2540535,"array([6.74734643, 5.50766644])"
3367,4896,2540539,"array([6.7661787 , 5.52630802])"
3368,4896,2540542,"array([6.90356732, 5.35347168])"
3369,4896,2541073,"array([6.93256034, 5.10116645])"
3370,4896,2540575,"array([6.47316373, 5.5122512 ])"
3371,4896,2540590,"array([6.51639396, 5.64402163])"
3372,4896,2540672,"array([6.65026394, 5.57676195])"
3373,4896,2540692,"array([5.57790441, 4.97848247])"
3374,4896,5802757,"array([5.68458401, 4.92606488])"
3375,4896,2540733,"array([5.53388229, 1.01163274])"
3376,4896,2543166,"array([5.52488872, 1.07688193])"
3377,4896,2540828,"array([6.27791953, 4.33812916])"
3378,4896,2541332,"array([5.64010427, 5.09734273])"
3379,4896,2543013,"array([5.60324769, 5.08539695])"
3380,4896,2543062,"array([5.62868527, 5.06929353])"
3381,4896,5802869,"array([5.58387697, 5.27958517])"
3382,4896,2540864,"array([6.55381651, 5.60608422])"
3383,4896,2540905,"array([5.80132373, 5.70583347])"
3384,4896,2541014,"array([6.82566122, 5.58307452])"
3385,4896,2541140,"array([6.91984692, 5.51043517])"
3386,4896,2541154,"array([6.86419246, 5.50821729])"
3387,4896,2541366,"array([6.92006931, 5.43427081])"
3388,4896,2541375,"array([6.93522074, 5.48339493])"
3389,4896,2542206,"array([6.78233628, 5.38079163])"
3390,4896,2542315,"array([6.97048592, 5.28691222])"
3391,4896,2542401,"array([6.87393611, 5.47700487])"
3392,4896,2542450,"array([6.9047287 , 5.46736955])"
3393,4896,2542534,"array([6.59108837, 5.46245866])"
3394,4896,2542786,"array([6.84784163, 5.56669372])"
3395,4896,2542841,"array([6.23524851, 5.24027988])"
3396,4896,2542902,"array([6.93980469, 5.45449885])"
3397,4896,2543217,"array([6.95770556, 5.36721031])"
3398,4896,2543267,"array([6.87343749, 5.55053609])"
3399,4896,2543406,"array([6.92364308, 5.38668451])"
3400,4896,2540947,"array([6.78316718, 5.68100035])"
3401,4896,2540976,"array([6.58659959, 5.63785128])"
3402,4896,2540995,"array([6.789281  , 5.56092703])"
3403,4896,2542717,"array([6.91168983, 4.78933687])"
3404,4896,2541043,"array([6.66825624, 5.56261834])"
3405,4896,2541076,"array([6.51570352, 5.4599223 ])"
3406,4896,2541096,"array([6.89039706, 5.1947305 ])"
3407,4896,2541183,"array([6.73196363, 5.53043481])"
3408,4896,2542833,"array([5.56554278, 5.01604167])"
3409,4896,3361435,"array([5.60294734, 4.91650835])"
3410,4896,2541260,"array([6.55380687, 5.41654375])"
3411,4896,2543068,"array([7.10867215, 4.67858375])"
3412,4896,2541425,"array([6.68229095, 5.41693267])"
3413,4896,2541509,"array([6.68244014, 4.80807577])"
3414,4896,2541527,"array([6.67847365, 5.4734216 ])"
3415,4896,2541595,"array([6.63800039, 5.59669916])"
3416,4896,2541764,"array([5.65102246, 3.90909349])"
3417,4896,2541607,"array([7.029772  , 5.02666828])"
3418,4896,2541779,"array([6.73739522, 5.61544873])"
3419,4896,2541782,"array([6.45337069, 5.65467087])"
3420,4896,2541784,"array([6.49178732, 5.64030669])"
3421,4896,2541821,"array([6.42245339, 5.83364977])"
3422,4896,2541877,"array([7.12485543, 4.7209665 ])"
3423,4896,2541891,"array([6.61255018, 5.63229137])"
3424,4896,2541985,"array([6.74207411, 5.578743  ])"
3425,4896,2542072,"array([6.74459483, 5.67233901])"
3426,4896,2542100,"array([6.45295155, 5.47112842])"
3427,4896,2542167,"array([6.81305298, 5.66140564])"
3428,4896,2542179,"array([6.66014844, 5.40652761])"
3429,4896,2542185,"array([6.68328627, 5.62071651])"
3430,4896,2542462,"array([6.75777333, 5.70135581])"
3431,4896,3361329,"array([6.03243803, 5.76566636])"
3432,4896,2542533,"array([6.58090704, 5.4407147 ])"
3433,4896,2542541,"array([6.67993093, 5.72739367])"
3434,4896,2542613,"array([6.71404017, 5.6992135 ])"
3435,4896,2543066,"array([6.81132427, 5.63111776])"
3436,4896,5802714,"array([6.84537756, 5.63284458])"
3437,4896,2542758,"array([6.81717082, 5.50924539])"
3438,4896,2542770,"array([6.68886854, 5.55331165])"
3439,4896,2542828,"array([6.72384342, 5.55996686])"
3440,4896,2542931,"array([6.24627021, 5.25077264])"
3441,4896,2543002,"array([6.32072047, 4.9354253 ])"
3442,4896,2543121,"array([6.35423943, 5.45408467])"
3443,4896,2543243,"array([6.88099877, 5.41422151])"
3444,4896,2543352,"array([6.53674172, 5.62237731])"
3445,4896,2543415,"array([6.72119298, 5.59144975])"
3446,4896,2543461,"array([6.70093761, 5.57663552])"
3447,4896,2543480,"array([6.81430631, 5.47062301])"
3448,4896,2543531,"array([6.74070019, 5.15065054])"
3449,4896,2543570,"array([6.61739728, 5.41115368])"
3450,4896,5802702,"array([6.51629818, 5.436129  ])"
3451,4896,2541741,"array([6.27128557, 4.46673312])"
3452,4896,2542271,"array([6.21531741, 4.12749784])"
3453,4896,2538809,"array([5.70012184, 5.12609222])"
3454,4896,2538941,"array([5.82889225, 5.49097813])"
3455,4896,2539103,"array([5.85806413, 5.38142785])"
3456,4896,2539263,"array([5.7083557 , 5.34711485])"
3457,4896,2539337,"array([5.73448913, 5.39483542])"
3458,4896,2539501,"array([6.04035081, 5.16739504])"
3459,4896,2539986,"array([5.90401538, 5.37995187])"
3460,4896,2540088,"array([5.68596092, 5.32179189])"
3461,4896,2540205,"array([5.83702644, 5.55905225])"
3462,4896,2540346,"array([6.42661661, 4.97291068])"
3463,4896,2540459,"array([5.89468151, 5.40750569])"
3464,4896,2540477,"array([5.76680798, 5.49298917])"
3465,4896,2540491,"array([5.75893874, 5.38922512])"
3466,4896,2540518,"array([5.92164476, 5.46831874])"
3467,4896,2540529,"array([5.85501546, 5.31644943])"
3468,4896,2540598,"array([5.74634063, 5.41958472])"
3469,4896,2541040,"array([5.78165676, 5.51774422])"
3470,4896,2541069,"array([5.68550068, 5.35037391])"
3471,4896,2541174,"array([5.9667463 , 5.48033012])"
3472,4896,2541230,"array([5.72695115, 5.26243781])"
3473,4896,2541232,"array([5.83652129, 5.51992309])"
3474,4896,2541361,"array([5.8509382 , 5.29011174])"
3475,4896,2541429,"array([6.30621278, 5.28756712])"
3476,4896,2541516,"array([5.66097047, 5.27024956])"
3477,4896,2541569,"array([5.90850594, 5.44870616])"
3478,4896,2541786,"array([5.96543754, 5.45261745])"
3479,4896,2541797,"array([5.79377565, 5.48270518])"
3480,4896,2541855,"array([5.70034289, 5.23541501])"
3481,4896,2541932,"array([5.92286924, 5.42809879])"
3482,4896,2542044,"array([5.98521361, 5.46860375])"
3483,4896,2542146,"array([5.88875929, 5.53650985])"
3484,4896,2542508,"array([5.78312907, 5.45496356])"
3485,4896,2542827,"array([5.94256538, 5.47921487])"
3486,4896,2542995,"array([5.80730719, 5.54246626])"
3487,4896,2543125,"array([5.88998726, 5.43248211])"
3488,4896,2543250,"array([5.88191507, 5.38728417])"
3489,4896,2543447,"array([5.87165201, 5.51036581])"
3490,4896,2543503,"array([5.75739401, 5.4455716 ])"
3491,4896,2543588,"array([5.82951315, 5.28873284])"
3492,4896,2543612,"array([5.73373284, 5.15443298])"
3493,4896,2543635,"array([5.85652021, 5.53308115])"
3494,4896,2543640,"array([5.94048982, 5.4490569 ])"
3495,4896,3361520,"array([5.99085763, 5.49729025])"
3496,4896,14218123,"array([5.71327593, 5.37663161])"
3497,4896,2539139,"array([5.87326334, 5.56244598])"
3498,4896,2540185,"array([5.98203226, 5.6110296 ])"
3499,4896,2540243,"array([5.90385733, 5.56548872])"
3500,4896,2541007,"array([5.8163163 , 5.46703471])"
3501,4896,2541288,"array([5.93160522, 5.58446625])"
3502,4896,2541363,"array([5.81283211, 5.51330988])"
3503,4896,2542793,"array([5.90304127, 5.59623211])"
3504,4896,14217735,"array([5.95586551, 5.60235601])"
3505,4896,2542218,"array([5.87045287, 5.59080129])"
3506,4896,2542767,"array([6.99293715, 4.45866246])"
3507,4896,2540640,"array([9.59935351, 2.5888475 ])"
3508,4896,2543266,"array([6.78644286, 5.44124468])"
3509,4896,3361401,"array([6.32362457, 5.55047072])"
3510,4896,2542934,"array([5.94373818, 5.03586691])"
3511,4896,2541552,"array([6.31186909, 5.5882307 ])"
3512,4896,2542990,"array([6.77194501, 4.84061875])"
3513,4896,2542850,"array([6.30401637, 5.56427981])"
3514,4896,2542753,"array([6.55684496, 5.55415048])"
3515,4896,2541625,"array([6.8492956 , 4.94936501])"
3516,4896,2542136,"array([6.59911963, 5.49556061])"
3517,4896,2542264,"array([6.65680004, 5.46717347])"
3518,4896,2542560,"array([6.12648474, 5.49429939])"
3519,4896,3361392,"array([6.85280895, 5.0316175 ])"
3520,4896,2542515,"array([6.73703917, 5.47589613])"
3521,4896,2542522,"array([6.87491059, 5.06067431])"
3522,4896,2542565,"array([6.46606128, 5.58205082])"
3523,4896,2541948,"array([6.5478983 , 5.51124217])"
3524,4896,2541875,"array([6.70437321, 5.4442003 ])"
3525,4896,2541878,"array([6.7981973, 4.9367243])"
3526,4896,2541716,"array([6.6877194 , 4.74815527])"
3527,4896,2541961,"array([6.15530125, 5.50098725])"
3528,4896,2541954,"array([6.30024788, 5.54204112])"
3529,4896,2541796,"array([6.14205618, 4.72963205])"
3530,4896,2541578,"array([6.52616337, 4.70815575])"
3531,4896,2542065,"array([6.60441189, 4.65622494])"
3532,4896,2542054,"array([6.19076324, 5.50771931])"
3533,4896,2541465,"array([6.51273642, 5.56741733])"
3534,4896,2543367,"array([6.69786609, 4.70313353])"
3535,4896,2543251,"array([6.5598305 , 4.68437591])"
3536,4896,2543638,"array([6.6706802 , 4.68462122])"
3537,4896,2543628,"array([6.82111052, 4.94929288])"
3538,4896,2543098,"array([6.81299581, 4.84888609])"
3539,4896,2543110,"array([6.63071357, 4.67082295])"
3540,4896,2543150,"array([6.86282436, 4.92904497])"
3541,4896,2543416,"array([6.742879 , 4.8381008])"
3542,4896,2541800,"array([6.8121693 , 4.92050366])"
3543,4896,2542780,"array([6.64424923, 4.70523976])"
3544,4896,2543428,"array([6.73700739, 5.44937483])"
3545,4896,2543439,"array([6.81537218, 4.97490174])"
3546,4896,2539799,"array([6.66430452, 4.72377147])"
3547,4896,2539810,"array([6.22546748, 5.53345181])"
3548,4896,2540096,"array([6.51933403, 4.68813712])"
3549,4896,2540021,"array([6.75271995, 4.78221877])"
3550,4896,2539697,"array([6.61204852, 5.47417496])"
3551,4896,2539672,"array([6.60450921, 4.67618205])"
3552,4896,2540162,"array([6.84100955, 4.89124146])"
3553,4896,2539769,"array([6.80479547, 5.40815013])"
3554,4896,2539965,"array([6.72907848, 4.80608119])"
3555,4896,2539894,"array([6.33242372, 5.56931448])"
3556,4896,2540732,"array([6.87333128, 4.95338291])"
3557,4896,2540508,"array([6.57155654, 4.6682225 ])"
3558,4896,2540488,"array([6.41361719, 5.53124444])"
3559,4896,2540435,"array([6.67295059, 4.74042958])"
3560,4896,2540604,"array([6.79603216, 4.99586232])"
3561,4896,2540456,"array([6.83712618, 4.96764976])"
3562,4896,2540310,"array([6.73222226, 5.42612412])"
3563,4896,2540411,"array([6.77797383, 5.42189088])"
3564,4896,2540421,"array([6.83365029, 4.93211998])"
3565,4896,2540270,"array([5.96267915, 5.31150716])"
3566,4896,2540335,"array([6.69091223, 4.84349871])"
3567,4896,2540247,"array([6.8374735 , 4.98965023])"
3568,4896,2540251,"array([5.91033737, 5.23849126])"
3569,4896,2540988,"array([6.71942852, 4.7889464 ])"
3570,4896,2540949,"array([6.82635823, 5.39208839])"
3571,4896,2541041,"array([6.75858761, 5.40774457])"
3572,4896,2540676,"array([6.83319875, 5.33084794])"
3573,4896,2540818,"array([6.64913436, 4.68428577])"
3574,4896,2541098,"array([6.83219956, 4.86457689])"
3575,4896,2541109,"array([6.83390634, 5.30990339])"
3576,4896,2541095,"array([6.88939256, 5.16480411])"
3577,4896,2541166,"array([6.62112013, 5.53357649])"
3578,4896,2541262,"array([6.25079485, 5.56665594])"
3579,4896,2541286,"array([6.35693292, 5.56984283])"
3580,4896,2541243,"array([6.89167907, 4.99889225])"
3581,4896,2541341,"array([6.40266388, 5.57689275])"
3582,4896,2541339,"array([6.81341165, 5.34442091])"
3583,4896,2541382,"array([6.81511349, 4.87929559])"
3584,4896,2541413,"array([6.79342202, 5.35747485])"
3585,4896,2539159,"array([6.42717155, 5.54985253])"
3586,4896,2538802,"array([6.44755645, 5.53754921])"
3587,4896,2538721,"array([6.34894833, 4.62799472])"
3588,4896,2538774,"array([6.87459325, 5.24060807])"
3589,4896,2538784,"array([6.61431952, 4.7295027 ])"
3590,4896,2539388,"array([6.7898297 , 4.85098226])"
3591,4896,2538858,"array([6.66485029, 4.78458619])"
3592,4896,2539199,"array([6.4897672 , 5.57801467])"
3593,4896,2539405,"array([6.00206696, 5.03795756])"
3594,4896,2538850,"array([6.48654484, 5.55427898])"
3595,4896,2539415,"array([6.76851664, 4.90235538])"
3596,4896,2539567,"array([6.84329267, 4.91332369])"
3597,4896,2539416,"array([6.85963051, 4.97670339])"
3598,4896,2538725,"array([6.84762985, 5.27568446])"
3599,4896,2539288,"array([6.87997976, 4.98137419])"
3600,4896,2538905,"array([6.38143859, 5.5571237 ])"
3601,4896,14217237,"array([6.75737614, 4.32497054])"
3602,4896,14217832,"array([6.5928972 , 4.36645559])"
3603,4896,9407165,"array([6.66736055, 4.2656807 ])"
3604,4896,2542116,"array([6.67325551, 4.31860134])"
3605,4896,9407239,"array([6.70151167, 4.32535457])"
3606,4896,14218374,"array([6.37181534, 4.26785107])"
3607,4896,2539465,"array([6.5556527 , 4.25057927])"
3608,4896,9407279,"array([6.63494608, 4.17052306])"
3609,4896,14217498,"array([6.42567807, 4.2406842 ])"
3610,4896,2540553,"array([6.64814421, 4.23939175])"
3611,4896,2540628,"array([6.65022177, 4.35319766])"
3612,4896,2539296,"array([6.4535719 , 4.25469385])"
3613,4896,2539558,"array([6.58527234, 4.24372089])"
3614,4896,2540370,"array([6.73150577, 4.20656193])"
3615,4896,2540107,"array([6.61349549, 4.25002952])"
3616,4896,2540242,"array([6.43253272, 4.27721778])"
3617,4896,2539304,"array([6.54319537, 4.20140675])"
3618,4896,2542317,"array([6.51179042, 4.20061458])"
3619,4896,14217844,"array([6.47490519, 4.23456493])"
3620,4896,2540757,"array([6.62579153, 4.37434161])"
3621,4896,2541775,"array([6.59030277, 4.1730565 ])"
3622,4896,2540955,"array([6.746031  , 4.37535927])"
3623,4896,2541896,"array([6.50452113, 4.32257531])"
3624,4896,14217284,"array([6.44943909, 4.30367597])"
3625,4896,2540286,"array([6.63091325, 4.29380712])"
3626,4896,2538692,"array([6.40203495, 4.22196196])"
3627,4896,2541576,"array([6.43135844, 4.16664553])"
3628,4896,2539259,"array([6.450372  , 4.22142532])"
3629,4896,2539091,"array([6.53422251, 4.22769789])"
3630,4896,14218047,"array([6.75648279, 4.26708514])"
3631,4896,2540952,"array([6.77586262, 4.2951401 ])"
3632,4896,14217430,"array([6.72598398, 4.31633808])"
3633,4896,14217491,"array([6.61954181, 4.3429203 ])"
3634,4896,2540942,"array([6.78586788, 4.32391154])"
3635,4896,2541100,"array([6.73499012, 4.34573242])"
3636,4896,2540081,"array([6.69857812, 4.19861677])"
3637,4896,2542177,"array([6.49288453, 4.17658899])"
3638,4896,14217715,"array([6.63831557, 4.26493975])"
3639,4896,2543600,"array([6.64341862, 4.20318694])"
3640,4896,2541421,"array([6.61542634, 4.31399651])"
3641,4896,2543358,"array([6.56059984, 4.29267672])"
3642,4896,2543678,"array([6.76822994, 4.23445302])"
3643,4896,2542997,"array([6.70535313, 4.23108107])"
3644,4896,14217757,"array([6.46796862, 4.15555986])"
3645,4896,3361262,"array([6.60742759, 4.27776792])"
3646,4896,2539757,"array([6.48244542, 4.30526629])"
3647,4896,2542113,"array([6.67642509, 4.23854373])"
3648,4896,2541928,"array([6.59696794, 4.21844114])"
3649,4896,3361145,"array([6.57638606, 4.19782645])"
3650,4896,3361547,"array([6.40231498, 4.18767709])"
3651,4896,2540293,"array([6.71468413, 4.2897161 ])"
3652,4896,2540934,"array([6.50328115, 4.14424808])"
3653,4896,5802905,"array([6.7453608 , 4.29377942])"
3654,4896,14217417,"array([6.47115201, 4.27744527])"
3655,4896,14217766,"array([6.56522615, 4.3511882 ])"
3656,4896,14217267,"array([6.65891177, 4.29331765])"
3657,4896,2543151,"array([6.55915958, 4.31952943])"
3658,4896,14218235,"array([6.6864301 , 4.37529638])"
3659,4896,2539473,"array([6.83291791, 4.35878353])"
3660,4896,3361432,"array([6.76788799, 4.35777692])"
3661,4896,2539533,"array([6.79077826, 4.26380564])"
3662,4896,2540839,"array([6.6955325 , 4.26260218])"
3663,4896,14217305,"array([6.42975853, 4.20129888])"
3664,4896,14218168,"array([6.61096829, 4.1510218 ])"
3665,4896,2539557,"array([6.45737476, 4.18553008])"
3666,4896,14218032,"array([6.6450277, 4.3225451])"
3667,4896,2539001,"array([6.37119381, 4.19828674])"
3668,4896,2539979,"array([6.47950112, 4.20548089])"
3669,4896,2542625,"array([6.671175  , 4.21043504])"
3670,4896,2539484,"array([6.73667882, 4.23699823])"
3671,4896,2543437,"array([6.57968623, 4.26974993])"
3672,4896,2539551,"array([6.588871  , 4.29984954])"
3673,4896,14218145,"array([6.62432084, 4.22440613])"
3674,4896,14217399,"array([6.54067556, 4.27370308])"
3675,4896,2539166,"array([6.49231879, 4.25735973])"
3676,4896,2543301,"array([6.56359776, 4.22324644])"
3677,4896,2541325,"array([6.79462958, 4.35338068])"
3678,4896,2539156,"array([6.57110563, 4.14440624])"
3679,4896,2543499,"array([6.53599496, 4.14267479])"
3680,4896,2542288,"array([6.53204886, 4.33509816])"
3681,4896,2543065,"array([6.72555947, 4.26375278])"
3682,4896,2538927,"array([6.50356707, 4.22680486])"
3683,4896,14217639,"array([6.80948521, 4.37985587])"
3684,4896,2541475,"array([6.74320105, 4.40446868])"
3685,4896,2543006,"array([6.82729108, 4.40682735])"
3686,4896,14218290,"array([6.71099399, 4.35690457])"
3687,4896,14218273,"array([6.69008273, 4.40727686])"
3688,4896,2542863,"array([6.68755491, 4.29409043])"
3689,4896,2543604,"array([6.40403227, 4.28937694])"
3690,4896,2543520,"array([6.55597177, 4.17336429])"
3691,4896,5802957,"array([6.65757092, 4.38548833])"
3692,4896,14217670,"array([6.37129426, 4.23410392])"
3693,4896,3361142,"array([6.81032212, 4.29327941])"
3694,4896,2543071,"array([6.52452177, 4.17279268])"
3695,4896,2540943,"array([6.52907465, 4.30100618])"
3696,4896,2542585,"array([6.50683656, 4.28312031])"
3697,4896,2539977,"array([6.71779228, 4.38942925])"
3698,4896,3361468,"array([6.4021594 , 4.25653215])"
3699,4896,14217286,"array([6.81983344, 4.32581259])"
3700,4896,14217658,"array([6.59021698, 4.33086951])"
3701,4896,2539127,"array([5.77107376, 4.72173663])"
3702,4896,2539695,"array([5.5309356 , 5.44810322])"
3703,8355,399088,"array([5.67727009, 4.86983117])"
3704,8355,100049126,"array([5.86009566, 4.58023335])"
