# source, target, MasterNetID, Rank, Interaction_type, Exp_Direct, Exp_Indirect, TaxID_interolog, Source_databases, Reference, Reference_type, Count_direct, Count_indirect, Count_paper, Source_Interolog, Comment
0,1,CE_GEN27269,low,genetic,MI:0933,,,WormBase;BioGrid,17897480,PMID,1,0,1,,NULL
0,2,CE_GEN27270,low,genetic,MI:0933,,,WormBase;BioGrid,17897480,PMID,1,0,1,,NULL
0,3,CE_GEN27271,low,genetic,MI:0933,,,WormBase;BioGrid,17897480,PMID,1,0,1,,NULL
0,4,CE_GEN27272,low,genetic,MI:0933,,,WormBase;BioGrid,17897480,PMID,1,0,1,,NULL
0,5,CE_GEN27273,low,genetic,MI:0933,,,WormBase;BioGrid,17897480,PMID,1,0,1,,NULL
0,6,CE_GEN27274,low,genetic,MI:0933,,,WormBase;BioGrid,17897480,PMID,1,0,1,,NULL
0,733,CE_GEN_2666398,low,genetic,,,,WormBase,,-,0,0,0,,NULL
1,9,CE_GEN28900,low,genetic,MI:0933,,,WormBase;BioGrid,17897480,PMID,1,0,1,,NULL
1,17,CE_GEN28901,low,genetic,MI:0933,,,WormBase;BioGrid,17897480,PMID,1,0,1,,NULL
1,26,CE_GEN28902,low,genetic,MI:0933,,,WormBase;BioGrid,17897480,PMID,1,0,1,,NULL
1,103,CE_GEN28903,low,genetic,MI:0933,,,WormBase;BioGrid,17897480,PMID,1,0,1,,NULL
1,121,CE_GEN28904,low,genetic,MI:0933,,,WormBase;BioGrid,17897480,PMID,1,0,1,,NULL
1,123,CE_GEN28905,low,genetic,MI:0933,,,WormBase;BioGrid,17897480,PMID,1,0,1,,NULL
1,8,CE_GEN28906,low,genetic,MI:0933,,,WormBase;BioGrid,17897480,PMID,1,0,1,,NULL
1,603,CE_GEN28907,low,genetic,MI:0933,,,WormBase;BioGrid,17897480,PMID,1,0,1,,NULL
1,604,CE_GEN28908,low,genetic,MI:0933,,,WormBase;BioGrid,17897480,PMID,1,0,1,,NULL
1,605,CE_GEN28909,low,genetic,MI:0933,,,WormBase;BioGrid,17897480,PMID,1,0,1,,NULL
1,133,CE_GEN28910,low,genetic,MI:0933,,,WormBase;BioGrid,17897480,PMID,1,0,1,,NULL
1,617,CE_GEN28911,low,genetic,MI:0933,,,WormBase;BioGrid,17897480,PMID,1,0,1,,NULL
1,620,CE_GEN28912,low,genetic,MI:0933,,,WormBase;BioGrid,17897480,PMID,1,0,1,,NULL
1,623,CE_GEN28913,low,genetic,MI:0933,,,WormBase;BioGrid,17897480,PMID,1,0,1,,NULL
1,57,CE_GEN28914,low,genetic,MI:0933,,,WormBase;BioGrid,17897480,PMID,1,0,1,,NULL
1,630,CE_GEN28915,low,genetic,MI:0933,,,WormBase;BioGrid,17897480,PMID,1,0,1,,NULL
1,639,CE_GEN28916,low,genetic,MI:0933,,,WormBase;BioGrid,17897480,PMID,1,0,1,,NULL
1,640,CE_GEN28917,low,genetic,MI:0933,,,WormBase;BioGrid,17897480,PMID,1,0,1,,NULL
1,654,CE_GEN28918,low,genetic,MI:0933,,,WormBase;BioGrid,17897480,PMID,1,0,1,,NULL
1,663,CE_GEN28919,low,genetic,MI:0933,,,WormBase;BioGrid,17897480,PMID,1,0,1,,NULL
1,181,CE_GEN28920,low,genetic,MI:0933,,,WormBase;BioGrid,17897480,PMID,1,0,1,,NULL
1,666,CE_GEN28921,low,genetic,MI:0933,,,WormBase;BioGrid,17897480,PMID,1,0,1,,NULL
1,185,CE_GEN28922,low,genetic,MI:0933,,,WormBase;BioGrid,17897480,PMID,1,0,1,,NULL
1,107,CE_GEN28923,low,genetic,MI:0933,,,WormBase;BioGrid,17897480,PMID,1,0,1,,NULL
1,714,CE_GEN28924,low,genetic,MI:0933,,,WormBase;BioGrid,17897480,PMID,1,0,1,,NULL
1,716,CE_GEN28925,low,genetic,MI:0933,,,WormBase;BioGrid,17897480,PMID,1,0,1,,NULL
1,721,CE_GEN28926,low,genetic,MI:0933,,,WormBase;BioGrid,17897480,PMID,1,0,1,,NULL
1,722,CE_GEN28927,low,genetic,MI:0933,,,WormBase;BioGrid,17897480,PMID,1,0,1,,NULL
1,242,CE_GEN28928,low,genetic,MI:0933,,,WormBase;BioGrid,17897480,PMID,1,0,1,,NULL
1,776,CE_GEN28929,low,genetic,MI:1271,,,WormBase;BioGrid,17266680,PMID,1,0,1,,NULL
1,724,CE_GEN28930,low,genetic,MI:0933,,,WormBase;BioGrid,17897480,PMID,1,0,1,,NULL
1,248,CE_GEN28931,low,genetic,MI:0933,,,WormBase;BioGrid,17897480,PMID,1,0,1,,NULL
1,725,CE_GEN28932,low,genetic,MI:0933,,,WormBase;BioGrid,17897480,PMID,1,0,1,,NULL
1,727,CE_GEN28933,low,genetic,MI:0933,,,WormBase;BioGrid,17897480,PMID,1,0,1,,NULL
1,698,CE_GEN28934,low,genetic,MI:0933,,,WormBase;BioGrid,17897480,PMID,1,0,1,,NULL
1,728,CE_GEN28935,low,genetic,MI:0933,,,WormBase;BioGrid,17897480,PMID,1,0,1,,NULL
1,834,CE_GEN28936,low,genetic,MI:0933,,,WormBase;BioGrid,17897480,PMID,1,0,1,,NULL
1,777,CE_GEN28937,low,genetic,MI:0933,,,WormBase;BioGrid,17897480,PMID,1,0,1,,NULL
1,288,CE_GEN28938,low,genetic,MI:0933,,,WormBase;BioGrid,17897480,PMID,1,0,1,,NULL
1,841,CE_GEN28939,low,genetic,MI:0933,,,WormBase;BioGrid,17897480,PMID,1,0,1,,NULL
1,730,CE_GEN28940,low,genetic,MI:0933,,,WormBase;BioGrid,17897480,PMID,1,0,1,,NULL
1,842,CE_GEN28941,low,genetic,MI:0933,,,WormBase;BioGrid,17897480,PMID,1,0,1,,NULL
1,780,CE_GEN28942,low,genetic,MI:0933,,,WormBase;BioGrid,17897480,PMID,1,0,1,,NULL
1,731,CE_GEN28943,low,genetic,MI:0933,,,WormBase;BioGrid,17897480,PMID,1,0,1,,NULL
1,843,CE_GEN28944,low,genetic,MI:0933,,,WormBase;BioGrid,17897480,PMID,1,0,1,,NULL
1,632,CE_GEN28945,low,genetic,MI:0933,,,WormBase;BioGrid,17897480,PMID,1,0,1,,NULL
1,844,CE_GEN28946,low,genetic,MI:0933,,,WormBase;BioGrid,17897480,PMID,1,0,1,,NULL
1,781,CE_GEN28947,low,genetic,MI:0933,,,WormBase;BioGrid,17897480,PMID,1,0,1,,NULL
1,306,CE_GEN28948,low,genetic,MI:0933,,,WormBase;BioGrid,17897480,PMID,1,0,1,,NULL
1,782,CE_GEN28949,low,genetic,MI:0933,,,WormBase;BioGrid,17897480,PMID,1,0,1,,NULL
1,845,CE_GEN28950,low,genetic,MI:0933,,,WormBase;BioGrid,17897480,PMID,1,0,1,,NULL
1,309,CE_GEN28951,low,genetic,MI:0933,,,WormBase;BioGrid,17897480,PMID,1,0,1,,NULL
1,701,CE_GEN28952,low,genetic,MI:0933,,,WormBase;BioGrid,17897480,PMID,1,0,1,,NULL
1,846,CE_GEN28953,low,genetic,MI:0933,,,WormBase;BioGrid,17897480,PMID,1,0,1,,NULL
1,847,CE_GEN28954,low,genetic,MI:0933,,,WormBase;BioGrid,17897480,PMID,1,0,1,,NULL
1,848,CE_GEN28955,low,genetic,MI:0933,,,WormBase;BioGrid,17897480,PMID,1,0,1,,NULL
1,785,CE_GEN28956,low,genetic,MI:0933,,,WormBase;BioGrid,17897480,PMID,1,0,1,,NULL
1,849,CE_GEN28957,low,genetic,MI:0933,,,WormBase;BioGrid,17897480,PMID,1,0,1,,NULL
1,850,CE_GEN28958,low,genetic,MI:0933,,,WormBase;BioGrid,17897480,PMID,1,0,1,,NULL
1,851,CE_GEN28959,low,genetic,MI:0933,,,WormBase;BioGrid,17897480,PMID,1,0,1,,NULL
1,852,CE_GEN28960,low,genetic,MI:0933,,,WormBase;BioGrid,17897480,PMID,1,0,1,,NULL
1,853,CE_GEN28961,low,genetic,MI:0933,,,WormBase;BioGrid,17897480,PMID,1,0,1,,NULL
1,854,CE_GEN28962,low,genetic,MI:0933,,,WormBase;BioGrid,17897480,PMID,1,0,1,,NULL
1,855,CE_GEN28963,low,genetic,MI:0933,,,WormBase;BioGrid,17897480,PMID,1,0,1,,NULL
1,732,CE_GEN28964,low,genetic,MI:0933,,,WormBase;BioGrid,17897480,PMID,1,0,1,,NULL
1,856,CE_GEN28965,low,genetic,MI:0933,,,WormBase;BioGrid,17897480,PMID,1,0,1,,NULL
1,733,CE_GEN28966,low,genetic,MI:0933,,,WormBase;BioGrid,17897480,PMID,1,0,1,,NULL
1,857,CE_GEN28967,low,genetic,MI:0933,,,WormBase;BioGrid,17897480,PMID,1,0,1,,NULL
1,312,CE_GEN28968,low,genetic,MI:0933,,,WormBase;BioGrid,17897480,PMID,1,0,1,,NULL
1,858,CE_GEN28969,low,genetic,MI:0933,,,WormBase;BioGrid,17897480,PMID,1,0,1,,NULL
1,788,CE_GEN28970,low,genetic,MI:0933,,,WormBase;BioGrid,17897480,PMID,1,0,1,,NULL
1,859,CE_GEN28971,low,genetic,MI:0933,,,WormBase;BioGrid,17897480,PMID,1,0,1,,NULL
1,860,CE_GEN28972,low,genetic,MI:0933,,,WormBase;BioGrid,17897480,PMID,1,0,1,,NULL
1,861,CE_GEN28973,low,genetic,MI:0933,,,WormBase;BioGrid,17897480,PMID,1,0,1,,NULL
1,862,CE_GEN28974,low,genetic,MI:0933,,,WormBase;BioGrid,17897480,PMID,1,0,1,,NULL
1,863,CE_GEN28975,low,genetic,MI:0933,,,WormBase;BioGrid,17897480,PMID,1,0,1,,NULL
1,864,CE_GEN28976,low,genetic,MI:0933,,,WormBase;BioGrid,17897480,PMID,1,0,1,,NULL
1,865,CE_GEN28977,low,genetic,MI:0933,,,WormBase;BioGrid,17897480,PMID,1,0,1,,NULL
1,866,CE_GEN28978,low,genetic,MI:0933,,,WormBase;BioGrid,17897480,PMID,1,0,1,,NULL
1,317,CE_GEN28979,low,genetic,MI:0933,,,WormBase;BioGrid,17897480,PMID,1,0,1,,NULL
1,790,CE_GEN28980,low,genetic,MI:0933,,,WormBase;BioGrid,17897480,PMID,1,0,1,,NULL
1,867,CE_GEN28981,low,genetic,MI:0933,,,WormBase;BioGrid,17897480,PMID,1,0,1,,NULL
1,868,CE_GEN28982,low,genetic,MI:0933,,,WormBase;BioGrid,17897480,PMID,1,0,1,,NULL
1,869,CE_GEN28983,low,genetic,MI:0933,,,WormBase;BioGrid,17897480,PMID,1,0,1,,NULL
1,794,CE_GEN28984,low,genetic,MI:0933,,,WormBase;BioGrid,17897480,PMID,1,0,1,,NULL
1,320,CE_GEN28985,low,genetic,MI:0933,,,WormBase;BioGrid,17897480,PMID,1,0,1,,NULL
1,870,CE_GEN28986,low,genetic,MI:0933,,,WormBase;BioGrid,17897480,PMID,1,0,1,,NULL
1,871,CE_GEN28987,low,genetic,MI:0933,,,WormBase;BioGrid,17897480,PMID,1,0,1,,NULL
1,872,CE_GEN28988,low,genetic,MI:0933,,,WormBase;BioGrid,17897480,PMID,1,0,1,,NULL
1,873,CE_GEN28989,low,genetic,MI:0933,,,WormBase;BioGrid,17897480,PMID,1,0,1,,NULL
1,874,CE_GEN28990,low,genetic,MI:0933,,,WormBase;BioGrid,17897480,PMID,1,0,1,,NULL
1,98,CE_GEN28991,low,genetic,MI:0933,,,WormBase;BioGrid,17897480,PMID,1,0,1,,NULL
1,875,CE_GEN28992,low,genetic,MI:0933,,,WormBase;BioGrid,17897480,PMID,1,0,1,,NULL
1,876,CE_GEN28993,low,genetic,MI:0933,,,WormBase;BioGrid,17897480,PMID,1,0,1,,NULL
1,877,CE_GEN28994,low,genetic,MI:0933,,,WormBase;BioGrid,17897480,PMID,1,0,1,,NULL
1,797,CE_GEN28995,low,genetic,MI:0933,,,WormBase;BioGrid,17897480,PMID,1,0,1,,NULL
1,332,CE_GEN28996,low,genetic,MI:0933,,,WormBase;BioGrid,17897480,PMID,1,0,1,,NULL
1,878,CE_GEN28997,low,genetic,MI:0933,,,WormBase;BioGrid,17897480,PMID,1,0,1,,NULL
1,879,CE_GEN28998,low,genetic,MI:0933,,,WormBase;BioGrid,17897480,PMID,1,0,1,,NULL
1,880,CE_GEN28999,low,genetic,MI:0933,,,WormBase;BioGrid,17897480,PMID,1,0,1,,NULL
1,881,CE_GEN29000,low,genetic,MI:0933,,,WormBase;BioGrid,17897480,PMID,1,0,1,,NULL
1,882,CE_GEN29001,low,genetic,MI:0933,,,WormBase;BioGrid,17897480,PMID,1,0,1,,NULL
1,883,CE_GEN29002,low,genetic,MI:0933,,,WormBase;BioGrid,17897480,PMID,1,0,1,,NULL
1,801,CE_GEN29003,low,genetic,MI:0933,,,WormBase;BioGrid,17897480,PMID,1,0,1,,NULL
1,334,CE_GEN29004,low,genetic,MI:0933,,,WormBase;BioGrid,17897480,PMID,1,0,1,,NULL
1,884,CE_GEN29005,low,genetic,MI:0933,,,WormBase;BioGrid,17897480,PMID,1,0,1,,NULL
1,885,CE_GEN29006,low,genetic,MI:0933,,,WormBase;BioGrid,17897480,PMID,1,0,1,,NULL
1,802,CE_GEN29007,low,genetic,MI:0933,,,WormBase;BioGrid,17897480,PMID,1,0,1,,NULL
1,886,CE_GEN29008,low,genetic,MI:0933,,,WormBase;BioGrid,17897480,PMID,1,0,1,,NULL
1,804,CE_GEN29009,low,genetic,MI:0933,,,WormBase;BioGrid,17897480,PMID,1,0,1,,NULL
1,887,CE_GEN29010,low,genetic,MI:0933,,,WormBase;BioGrid,17897480,PMID,1,0,1,,NULL
1,735,CE_GEN29011,low,genetic,MI:0933,,,WormBase;BioGrid,17897480,PMID,1,0,1,,NULL
1,888,CE_GEN29012,moderate,genetic,MI:0933,,,WormBase;BioGrid,17897480,PMID,1,0,1,,NULL
1,805,CE_GEN29013,low,genetic,MI:0933,,,WormBase;BioGrid,17897480,PMID,1,0,1,,NULL
1,736,CE_GEN29014,low,genetic,MI:0933,,,WormBase;BioGrid,17897480,PMID,1,0,1,,NULL
1,889,CE_GEN29015,low,genetic,MI:0933,,,WormBase;BioGrid,17897480,PMID,1,0,1,,NULL
1,116,CE_GEN29016,low,genetic,MI:1271,,,WormBase;BioGrid,17266680,PMID,1,0,1,,NULL
1,740,CE_GEN29017,low,genetic,MI:0933,,,WormBase;BioGrid,17897480,PMID,1,0,1,,NULL
1,741,CE_GEN29018,low,genetic,MI:0933,,,WormBase;BioGrid,17897480,PMID,1,0,1,,NULL
1,744,CE_GEN29019,low,genetic,MI:0933,,,WormBase;BioGrid,17897480,PMID,1,0,1,,NULL
1,745,CE_GEN29020,low,genetic,MI:0933,,,WormBase;BioGrid,17897480,PMID,1,0,1,,NULL
1,810,CE_GEN29021,low,genetic,MI:0933,,,WormBase;BioGrid,17897480,PMID,1,0,1,,NULL
1,28,CE_GEN29022,low,genetic,MI:0933,,,WormBase;BioGrid,17897480,PMID,1,0,1,,NULL
1,890,CE_GEN29023,low,genetic,MI:0933,,,WormBase;BioGrid,17897480,PMID,1,0,1,,NULL
1,100,CE_GEN29024,low,genetic,MI:0933,,,WormBase;BioGrid,17897480,PMID,1,0,1,,NULL
1,891,CE_GEN29025,low,genetic,MI:0933,,,WormBase;BioGrid,17897480,PMID,1,0,1,,NULL
1,815,CE_GEN29026,low,genetic,MI:0933,,,WormBase;BioGrid,17897480,PMID,1,0,1,,NULL
1,755,CE_GEN29027,low,genetic,MI:0933,,,WormBase;BioGrid,17897480,PMID,1,0,1,,NULL
1,11,CE_GEN29028,high,genetic,MI:1271;MI:0933,,,WormBase;BioGrid,15905404;17897480,PMID,2,0,2,,NULL
1,816,CE_GEN29029,low,genetic,MI:0933,,,WormBase;BioGrid,17897480,PMID,1,0,1,,NULL
1,892,CE_GEN29030,low,genetic,MI:0933,,,WormBase;BioGrid,17897480,PMID,1,0,1,,NULL
1,5,CE_GEN29031,low,genetic,MI:0933,,,WormBase;BioGrid,17897480,PMID,1,0,1,,NULL
1,893,CE_GEN29032,low,genetic,MI:0933,,,WormBase;BioGrid,17897480,PMID,1,0,1,,NULL
1,719,CE_GEN29033,low,genetic,MI:0933,,,WormBase;BioGrid,17897480,PMID,1,0,1,,NULL
1,687,CE_GEN29034,low,genetic,MI:0933,,,WormBase;BioGrid,17897480,PMID,1,0,1,,NULL
1,6,CE_GEN29035,low,genetic,MI:0933,,,WormBase;BioGrid,17897480,PMID,1,0,1,,NULL
1,894,CE_GEN29036,low,genetic,MI:0933,,,WormBase;BioGrid,17897480,PMID,1,0,1,,NULL
1,895,CE_GEN29037,low,genetic,MI:0933,,,WormBase;BioGrid,17897480,PMID,1,0,1,,NULL
1,613,CE_GEN29038,low,genetic,MI:0933,,,WormBase;BioGrid,17897480,PMID,1,0,1,,NULL
1,896,CE_GEN29039,low,genetic,MI:0933,,,WormBase;BioGrid,17897480,PMID,1,0,1,,NULL
1,897,CE_GEN29040,low,genetic,MI:0933,,,WormBase;BioGrid,17897480,PMID,1,0,1,,NULL
1,898,CE_GEN29041,low,genetic,MI:0933,,,WormBase;BioGrid,17897480,PMID,1,0,1,,NULL
1,899,CE_GEN29042,low,genetic,MI:0933,,,WormBase;BioGrid,17897480,PMID,1,0,1,,NULL
1,688,CE_GEN29043,low,genetic,MI:0933,,,WormBase;BioGrid,17897480,PMID,1,0,1,,NULL
1,900,CE_GEN29044,low,genetic,MI:0933,,,WormBase;BioGrid,17897480,PMID,1,0,1,,NULL
1,901,CE_GEN29045,low,genetic,MI:0933,,,WormBase;BioGrid,17897480,PMID,1,0,1,,NULL
1,902,CE_GEN29046,low,genetic,MI:0933,,,WormBase;BioGrid,17897480,PMID,1,0,1,,NULL
1,903,CE_GEN29047,low,genetic,MI:0933,,,WormBase;BioGrid,17897480,PMID,1,0,1,,NULL
1,904,CE_GEN29048,low,genetic,MI:0933,,,WormBase;BioGrid,17897480,PMID,1,0,1,,NULL
1,905,CE_GEN29049,low,genetic,MI:0933,,,WormBase;BioGrid,17897480,PMID,1,0,1,,NULL
1,906,CE_GEN29050,low,genetic,MI:0933,,,WormBase;BioGrid,17897480,PMID,1,0,1,,NULL
1,759,CE_GEN29051,low,genetic,MI:0933,,,WormBase;BioGrid,17897480,PMID,1,0,1,,NULL
1,907,CE_GEN29052,low,genetic,MI:0933,,,WormBase;BioGrid,17897480,PMID,1,0,1,,NULL
1,908,CE_GEN29053,low,genetic,MI:0933,,,WormBase;BioGrid,17897480,PMID,1,0,1,,NULL
1,679,CE_GEN29054,low,genetic,MI:0933,,,WormBase;BioGrid,17897480,PMID,1,0,1,,NULL
1,909,CE_GEN29055,low,genetic,MI:0933,,,WormBase;BioGrid,17897480,PMID,1,0,1,,NULL
1,651,CE_GEN29056,low,genetic,MI:0933,,,WormBase;BioGrid,17897480,PMID,1,0,1,,NULL
1,94,CE_GEN29057,low,genetic,MI:0933,,,WormBase;BioGrid,17897480,PMID,1,0,1,,NULL
1,910,CE_GEN29058,low,genetic,MI:0933,,,WormBase;BioGrid,17897480,PMID,1,0,1,,NULL
1,911,CE_GEN29059,low,genetic,MI:0933,,,WormBase;BioGrid,17897480,PMID,1,0,1,,NULL
1,762,CE_GEN29060,moderate,genetic,MI:0933,,,WormBase;BioGrid,17897480,PMID,1,0,1,,NULL
1,912,CE_GEN29061,low,genetic,MI:0933,,,WormBase;BioGrid,17897480,PMID,1,0,1,,NULL
1,1129,CE_GEN_2670087,low,genetic,,,,WormBase,,-,0,0,0,,NULL
1,1155,CE_GEN_2670088,low,genetic,,,,WormBase,,-,0,0,0,,NULL
1,1230,CE_GEN_2670089,low,genetic,,,,WormBase,,-,0,0,0,,NULL
1,1310,CE_GEN_2670090,low,genetic,,,,WormBase,,-,0,0,0,,NULL
1,1318,CE_GEN_2670091,low,genetic,,,,WormBase,,-,0,0,0,,NULL
1,1338,CE_GEN_2670092,low,genetic,,,,WormBase,,-,0,0,0,,NULL
1,1353,CE_GEN_2670093,low,genetic,,,,WormBase,,-,0,0,0,,NULL
1,1359,CE_GEN_2670094,low,genetic,,,,WormBase,,-,0,0,0,,NULL
1,1394,CE_GEN_2670095,low,genetic,,,,WormBase,,-,0,0,0,,NULL
1,1416,CE_GEN_2670096,low,genetic,,,,WormBase,,-,0,0,0,,NULL
1,1458,CE_GEN_2670097,low,genetic,,,,WormBase,,-,0,0,0,,NULL
1,1602,CE_GEN_2670098,low,genetic,,,,WormBase,,-,0,0,0,,NULL
1,1623,CE_GEN_2670099,low,genetic,,,,WormBase,,-,0,0,0,,NULL
1,1634,CE_GEN_2670100,low,genetic,,,,WormBase,,-,0,0,0,,NULL
1,150,CE_GEN_2670101,low,genetic,,,,WormBase,,-,0,0,0,,NULL
1,1559,CE_GEN_2670102,low,genetic,,,,WormBase,,-,0,0,0,,NULL
1,1694,CE_GEN_2670103,low,genetic,,,,WormBase,,-,0,0,0,,NULL
1,155,CE_GEN_2670104,low,genetic,,,,WormBase,,-,0,0,0,,NULL
1,1696,CE_GEN_2670105,low,genetic,,,,WormBase,,-,0,0,0,,NULL
1,158,CE_GEN_2670106,low,genetic,,,,WormBase,,-,0,0,0,,NULL
1,163,CE_GEN_2670107,moderate,genetic,,,,WormBase,,-,0,0,0,,NULL
1,164,CE_GEN_2670108,low,genetic,,,,WormBase,,-,0,0,0,,NULL
1,1746,CE_GEN_2670109,low,genetic,,,,WormBase,,-,0,0,0,,NULL
1,1748,CE_GEN_2670110,low,genetic,,,,WormBase,,-,0,0,0,,NULL
1,1749,CE_GEN_2670111,low,genetic,,,,WormBase,,-,0,0,0,,NULL
1,1759,CE_GEN_2670112,low,genetic,,,,WormBase,,-,0,0,0,,NULL
1,1805,CE_GEN_2670113,low,genetic,,,,WormBase,,-,0,0,0,,NULL
1,1605,CE_GEN_2670114,low,genetic,,,,WormBase,,-,0,0,0,,NULL
1,662,CE_GEN_2670115,moderate,genetic,,,,WormBase,,-,0,0,0,,NULL
1,176,CE_GEN_2670116,low,genetic,,,,WormBase,,-,0,0,0,,NULL
1,179,CE_GEN_2670117,low,genetic,,,,WormBase,,-,0,0,0,,NULL
1,1913,CE_GEN_2670118,low,genetic,,,,WormBase,,-,0,0,0,,NULL
1,1821,CE_GEN_2670119,low,genetic,,,,WormBase,,-,0,0,0,,NULL
1,1964,CE_GEN_2670120,low,genetic,,,,WormBase,,-,0,0,0,,NULL
1,690,CE_GEN_2670121,low,genetic,,,,WormBase,,-,0,0,0,,NULL
1,1979,CE_GEN_2670122,low,genetic,,,,WormBase,,-,0,0,0,,NULL
1,1464,CE_GEN_2670123,low,genetic,,,,WormBase,,-,0,0,0,,NULL
1,1988,CE_GEN_2670124,low,genetic,,,,WormBase,,-,0,0,0,,NULL
1,1993,CE_GEN_2670125,low,genetic,,,,WormBase,,-,0,0,0,,NULL
1,2003,CE_GEN_2670126,low,genetic,,,,WormBase,,-,0,0,0,,NULL
1,205,CE_GEN_2670127,low,genetic,,,,WormBase,,-,0,0,0,,NULL
1,2036,CE_GEN_2670128,low,genetic,,,,WormBase,,-,0,0,0,,NULL
1,211,CE_GEN_2670129,low,genetic,,,,WormBase,,-,0,0,0,,NULL
1,2055,CE_GEN_2670130,low,genetic,,,,WormBase,,-,0,0,0,,NULL
1,715,CE_GEN_2670131,low,genetic,,,,WormBase,,-,0,0,0,,NULL
1,2070,CE_GEN_2670132,low,genetic,,,,WormBase,,-,0,0,0,,NULL
1,2082,CE_GEN_2670133,low,genetic,,,,WormBase,,-,0,0,0,,NULL
1,1201,CE_GEN_2670134,low,genetic,,,,WormBase,,-,0,0,0,,NULL
1,27,CE_GEN_2670135,low,genetic,,,,WormBase,,-,0,0,0,,NULL
1,695,CE_GEN_2670136,low,genetic,,,,WormBase,,-,0,0,0,,NULL
1,770,CE_GEN_2670137,low,genetic,,,,WormBase,,-,0,0,0,,NULL
1,2145,CE_GEN_2670138,low,genetic,,,,WormBase,,-,0,0,0,,NULL
1,2012,CE_GEN_2670139,low,genetic,,,,WormBase,,-,0,0,0,,NULL
1,1284,CE_GEN_2670140,low,genetic,,,,WormBase,,-,0,0,0,,NULL
1,1152,CE_GEN_2670141,low,genetic,,,,WormBase,,-,0,0,0,,NULL
1,2391,CE_GEN_2670142,low,genetic,,,,WormBase,,-,0,0,0,,NULL
1,2396,CE_GEN_2670143,low,genetic,,,,WormBase,,-,0,0,0,,NULL
1,1823,CE_GEN_2670144,low,genetic,,,,WormBase,,-,0,0,0,,NULL
1,2442,CE_GEN_2670145,low,genetic,,,,WormBase,,-,0,0,0,,NULL
1,267,CE_GEN_2670146,low,genetic,,,,WormBase,,-,0,0,0,,NULL
1,1360,CE_GEN_2670147,moderate,genetic,,,,WormBase,,-,0,0,0,,NULL
1,670,CE_GEN_2670148,low,genetic,,,,WormBase,,-,0,0,0,,NULL
1,2463,CE_GEN_2670149,low,genetic,,,,WormBase,,-,0,0,0,,NULL
1,274,CE_GEN_2670150,low,genetic,,,,WormBase,,-,0,0,0,,NULL
1,2465,CE_GEN_2670151,low,genetic,,,,WormBase,,-,0,0,0,,NULL
1,276,CE_GEN_2670152,low,genetic,,,,WormBase,,-,0,0,0,,NULL
1,835,CE_GEN_2670153,low,genetic,,,,WormBase,,-,0,0,0,,NULL
1,1156,CE_GEN_2670154,low,genetic,,,,WormBase,,-,0,0,0,,NULL
1,2161,CE_GEN_2670155,low,genetic,,,,WormBase,,-,0,0,0,,NULL
1,2505,CE_GEN_2670156,low,genetic,,,,WormBase,,-,0,0,0,,NULL
1,2506,CE_GEN_2670157,low,genetic,,,,WormBase,,-,0,0,0,,NULL
1,1389,CE_GEN_2670158,low,genetic,,,,WormBase,,-,0,0,0,,NULL
1,2483,CE_GEN_2670159,low,genetic,,,,WormBase,,-,0,0,0,,NULL
1,836,CE_GEN_2670160,low,genetic,,,,WormBase,,-,0,0,0,,NULL
1,2529,CE_GEN_2670161,low,genetic,,,,WormBase,,-,0,0,0,,NULL
1,932,CE_GEN_2670162,low,genetic,,,,WormBase,,-,0,0,0,,NULL
1,1587,CE_GEN_2670163,low,genetic,,,,WormBase,,-,0,0,0,,NULL
1,308,CE_GEN_2670164,low,genetic,,,,WormBase,,-,0,0,0,,NULL
1,956,CE_GEN_2670165,low,genetic,,,,WormBase,,-,0,0,0,,NULL
1,962,CE_GEN_2670166,low,genetic,,,,WormBase,,-,0,0,0,,NULL
1,318,CE_GEN_2670167,low,genetic,,,,WormBase,,-,0,0,0,,NULL
1,1231,CE_GEN_2670168,low,genetic,,,,WormBase,,-,0,0,0,,NULL
1,2530,CE_GEN_2670169,low,genetic,,,,WormBase,,-,0,0,0,,NULL
1,2250,CE_GEN_2670170,low,genetic,,,,WormBase,,-,0,0,0,,NULL
1,2531,CE_GEN_2670171,low,genetic,,,,WormBase,,-,0,0,0,,NULL
1,326,CE_GEN_2670172,low,genetic,,,,WormBase,,-,0,0,0,,NULL
1,2532,CE_GEN_2670173,low,genetic,,,,WormBase,,-,0,0,0,,NULL
1,2533,CE_GEN_2670174,low,genetic,,,,WormBase,,-,0,0,0,,NULL
1,2534,CE_GEN_2670175,low,genetic,,,,WormBase,,-,0,0,0,,NULL
1,327,CE_GEN_2670176,low,genetic,,,,WormBase,,-,0,0,0,,NULL
1,329,CE_GEN_2670177,low,genetic,,,,WormBase,,-,0,0,0,,NULL
1,979,CE_GEN_2670178,low,genetic,,,,WormBase,,-,0,0,0,,NULL
1,333,CE_GEN_2670179,low,genetic,,,,WormBase,,-,0,0,0,,NULL
1,104,CE_GEN_2670180,moderate,genetic,,,,WormBase,,-,0,0,0,,NULL
1,2535,CE_GEN_2670181,low,genetic,,,,WormBase,,-,0,0,0,,NULL
1,2536,CE_GEN_2670182,low,genetic,,,,WormBase,,-,0,0,0,,NULL
1,2537,CE_GEN_2670183,low,genetic,,,,WormBase,,-,0,0,0,,NULL
1,2538,CE_GEN_2670184,low,genetic,,,,WormBase,,-,0,0,0,,NULL
1,1888,CE_GEN_2670185,low,genetic,,,,WormBase,,-,0,0,0,,NULL
1,2539,CE_GEN_2670186,low,genetic,,,,WormBase,,-,0,0,0,,NULL
1,19,CE_GEN_2670187,low,genetic,,,,WormBase,,-,0,0,0,,NULL
1,2540,CE_GEN_2670188,low,genetic,,,,WormBase,,-,0,0,0,,NULL
1,2541,CE_GEN_2670189,low,genetic,,,,WormBase,,-,0,0,0,,NULL
1,352,CE_GEN_2670190,low,genetic,,,,WormBase,,-,0,0,0,,NULL
1,2542,CE_GEN_2670191,low,genetic,,,,WormBase,,-,0,0,0,,NULL
1,355,CE_GEN_2670192,moderate,genetic,,,,WormBase,,-,0,0,0,,NULL
1,1049,CE_GEN_2670193,low,genetic,,,,WormBase,,-,0,0,0,,NULL
1,2543,CE_GEN_2670194,low,genetic,,,,WormBase,,-,0,0,0,,NULL
1,806,CE_GEN_2670195,low,genetic,,,,WormBase,,-,0,0,0,,NULL
1,367,CE_GEN_2670196,low,genetic,,,,WormBase,,-,0,0,0,,NULL
1,2544,CE_GEN_2670197,low,genetic,,,,WormBase,,-,0,0,0,,NULL
1,807,CE_GEN_2670198,low,genetic,,,,WormBase,,-,0,0,0,,NULL
1,2545,CE_GEN_2670199,low,genetic,,,,WormBase,,-,0,0,0,,NULL
1,78,CE_GEN_2670200,low,genetic,,,,WormBase,,-,0,0,0,,NULL
1,837,CE_GEN_2670201,low,genetic,,,,WormBase,,-,0,0,0,,NULL
1,2546,CE_GEN_2670202,low,genetic,,,,WormBase,,-,0,0,0,,NULL
1,737,CE_GEN_2670203,moderate,genetic,,,,WormBase,,-,0,0,0,,NULL
1,382,CE_GEN_2670204,low,genetic,,,,WormBase,,-,0,0,0,,NULL
1,2547,CE_GEN_2670205,low,genetic,,,,WormBase,,-,0,0,0,,NULL
1,2548,CE_GEN_2670206,low,genetic,,,,WormBase,,-,0,0,0,,NULL
1,2549,CE_GEN_2670207,low,genetic,,,,WormBase,,-,0,0,0,,NULL
1,2088,CE_GEN_2670208,low,genetic,,,,WormBase,,-,0,0,0,,NULL
1,2514,CE_GEN_2670209,low,genetic,,,,WormBase,,-,0,0,0,,NULL
1,739,CE_GEN_2670210,low,genetic,,,,WormBase,,-,0,0,0,,NULL
1,2420,CE_GEN_2670211,low,genetic,,,,WormBase,,-,0,0,0,,NULL
1,393,CE_GEN_2670212,low,genetic,,,,WormBase,,-,0,0,0,,NULL
1,1064,CE_GEN_2670213,low,genetic,,,,WormBase,,-,0,0,0,,NULL
1,2260,CE_GEN_2670214,low,genetic,,,,WormBase,,-,0,0,0,,NULL
1,2550,CE_GEN_2670215,low,genetic,,,,WormBase,,-,0,0,0,,NULL
1,2551,CE_GEN_2670216,low,genetic,,,,WormBase,,-,0,0,0,,NULL
1,2552,CE_GEN_2670217,low,genetic,,,,WormBase,,-,0,0,0,,NULL
1,2553,CE_GEN_2670218,low,genetic,,,,WormBase,,-,0,0,0,,NULL
1,1830,CE_GEN_2670219,low,genetic,,,,WormBase,,-,0,0,0,,NULL
1,2554,CE_GEN_2670220,low,genetic,,,,WormBase,,-,0,0,0,,NULL
1,2555,CE_GEN_2670221,low,genetic,,,,WormBase,,-,0,0,0,,NULL
1,2556,CE_GEN_2670222,low,genetic,,,,WormBase,,-,0,0,0,,NULL
1,712,CE_GEN_2670223,low,genetic,,,,WormBase,,-,0,0,0,,NULL
1,1831,CE_GEN_2670224,low,genetic,,,,WormBase,,-,0,0,0,,NULL
1,411,CE_GEN_2670225,low,genetic,,,,WormBase,,-,0,0,0,,NULL
1,418,CE_GEN_2670226,low,genetic,,,,WormBase,,-,0,0,0,,NULL
1,3,CE_GEN_2670227,moderate,genetic,,,,WormBase,,-,0,0,0,,NULL
1,705,CE_GEN_2670228,low,genetic,,,,WormBase,,-,0,0,0,,NULL
1,1275,CE_GEN_2670229,low,genetic,,,,WormBase,,-,0,0,0,,NULL
1,2557,CE_GEN_2670230,low,genetic,,,,WormBase,,-,0,0,0,,NULL
1,2558,CE_GEN_2670231,low,genetic,,,,WormBase,,-,0,0,0,,NULL
1,2559,CE_GEN_2670232,low,genetic,,,,WormBase,,-,0,0,0,,NULL
1,2560,CE_GEN_2670233,low,genetic,,,,WormBase,,-,0,0,0,,NULL
1,2523,CE_GEN_2670234,low,genetic,,,,WormBase,,-,0,0,0,,NULL
1,1180,CE_GEN_2670235,low,genetic,,,,WormBase,,-,0,0,0,,NULL
1,2561,CE_GEN_2670236,low,genetic,,,,WormBase,,-,0,0,0,,NULL
1,2562,CE_GEN_2670237,low,genetic,,,,WormBase,,-,0,0,0,,NULL
1,1408,CE_GEN_2670238,low,genetic,,,,WormBase,,-,0,0,0,,NULL
1,432,CE_GEN_2670239,low,genetic,,,,WormBase,,-,0,0,0,,NULL
1,2414,CE_GEN_2670240,low,genetic,,,,WormBase,,-,0,0,0,,NULL
1,2563,CE_GEN_2670241,low,genetic,,,,WormBase,,-,0,0,0,,NULL
1,2564,CE_GEN_2670242,low,genetic,,,,WormBase,,-,0,0,0,,NULL
1,2565,CE_GEN_2670243,low,genetic,,,,WormBase,,-,0,0,0,,NULL
1,439,CE_GEN_2670244,low,genetic,,,,WormBase,,-,0,0,0,,NULL
1,2566,CE_GEN_2670245,low,genetic,,,,WormBase,,-,0,0,0,,NULL
1,2567,CE_GEN_2670246,low,genetic,,,,WormBase,,-,0,0,0,,NULL
1,1316,CE_GEN_2670247,low,genetic,,,,WormBase,,-,0,0,0,,NULL
1,1833,CE_GEN_2670248,low,genetic,,,,WormBase,,-,0,0,0,,NULL
1,450,CE_GEN_2670249,low,genetic,,,,WormBase,,-,0,0,0,,NULL
1,1092,CE_GEN_2670250,low,genetic,,,,WormBase,,-,0,0,0,,NULL
1,983,CE_GEN_2670251,low,genetic,,,,WormBase,,-,0,0,0,,NULL
1,1093,CE_GEN_2670252,low,genetic,,,,WormBase,,-,0,0,0,,NULL
1,468,CE_GEN_2670253,low,genetic,,,,WormBase,,-,0,0,0,,NULL
1,2568,CE_GEN_2670254,low,genetic,,,,WormBase,,-,0,0,0,,NULL
1,476,CE_GEN_2670255,low,genetic,,,,WormBase,,-,0,0,0,,NULL
1,2288,CE_GEN_2670256,low,genetic,,,,WormBase,,-,0,0,0,,NULL
1,2569,CE_GEN_2670257,low,genetic,,,,WormBase,,-,0,0,0,,NULL
1,2570,CE_GEN_2670258,low,genetic,,,,WormBase,,-,0,0,0,,NULL
1,489,CE_GEN_2670259,low,genetic,,,,WormBase,,-,0,0,0,,NULL
1,1836,CE_GEN_2670260,low,genetic,,,,WormBase,,-,0,0,0,,NULL
1,2571,CE_GEN_2670261,low,genetic,,,,WormBase,,-,0,0,0,,NULL
1,686,CE_GEN_2670262,low,genetic,,,,WormBase,,-,0,0,0,,NULL
1,1838,CE_GEN_2670263,low,genetic,,,,WormBase,,-,0,0,0,,NULL
1,2572,CE_GEN_2670264,low,genetic,,,,WormBase,,-,0,0,0,,NULL
1,1361,CE_GEN_2670265,moderate,genetic,,,,WormBase,,-,0,0,0,,NULL
1,1249,CE_GEN_2670266,low,genetic,,,,WormBase,,-,0,0,0,,NULL
1,2573,CE_GEN_2670267,low,genetic,,,,WormBase,,-,0,0,0,,NULL
1,2574,CE_GEN_2670268,low,genetic,,,,WormBase,,-,0,0,0,,NULL
1,2575,CE_GEN_2670269,low,genetic,,,,WormBase,,-,0,0,0,,NULL
1,2576,CE_GEN_2670270,low,genetic,,,,WormBase,,-,0,0,0,,NULL
1,2577,CE_GEN_2670271,low,genetic,,,,WormBase,,-,0,0,0,,NULL
1,2578,CE_GEN_2670272,low,genetic,,,,WormBase,,-,0,0,0,,NULL
1,2579,CE_GEN_2670273,low,genetic,,,,WormBase,,-,0,0,0,,NULL
1,1088,CE_GEN_2670274,low,genetic,,,,WormBase,,-,0,0,0,,NULL
1,1102,CE_GEN_2670275,low,genetic,,,,WormBase,,-,0,0,0,,NULL
1,1432,CE_GEN_2670276,low,genetic,,,,WormBase,,-,0,0,0,,NULL
1,2580,CE_GEN_2670277,low,genetic,,,,WormBase,,-,0,0,0,,NULL
1,2581,CE_GEN_2670278,low,genetic,,,,WormBase,,-,0,0,0,,NULL
1,817,CE_GEN_2670279,low,genetic,,,,WormBase,,-,0,0,0,,NULL
1,2582,CE_GEN_2670280,low,genetic,,,,WormBase,,-,0,0,0,,NULL
1,656,CE_GEN_2670281,low,genetic,,,,WormBase,,-,0,0,0,,NULL
1,2583,CE_GEN_2670282,low,genetic,,,,WormBase,,-,0,0,0,,NULL
1,1844,CE_GEN_2670283,low,genetic,,,,WormBase,,-,0,0,0,,NULL
1,1750,CE_GEN_2670284,low,genetic,,,,WormBase,,-,0,0,0,,NULL
1,1682,CE_GEN_2670285,low,genetic,,,,WormBase,,-,0,0,0,,NULL
1,2045,CE_GEN_2670286,low,genetic,,,,WormBase,,-,0,0,0,,NULL
1,2584,CE_GEN_2670287,low,genetic,,,,WormBase,,-,0,0,0,,NULL
1,2585,CE_GEN_2670288,low,genetic,,,,WormBase,,-,0,0,0,,NULL
1,2586,CE_GEN_2670289,low,genetic,,,,WormBase,,-,0,0,0,,NULL
1,2587,CE_GEN_2670290,low,genetic,,,,WormBase,,-,0,0,0,,NULL
1,1235,CE_GEN_2670291,low,genetic,,,,WormBase,,-,0,0,0,,NULL
1,1382,CE_GEN_2670292,low,genetic,,,,WormBase,,-,0,0,0,,NULL
1,1236,CE_GEN_2670293,low,genetic,,,,WormBase,,-,0,0,0,,NULL
1,1686,CE_GEN_2670294,low,genetic,,,,WormBase,,-,0,0,0,,NULL
1,2489,CE_GEN_2670295,low,genetic,,,,WormBase,,-,0,0,0,,NULL
1,1105,CE_GEN_2670296,low,genetic,,,,WormBase,,-,0,0,0,,NULL
1,2588,CE_GEN_2670297,low,genetic,,,,WormBase,,-,0,0,0,,NULL
1,2589,CE_GEN_2670298,low,genetic,,,,WormBase,,-,0,0,0,,NULL
1,2590,CE_GEN_2670299,low,genetic,,,,WormBase,,-,0,0,0,,NULL
1,2591,CE_GEN_2670300,low,genetic,,,,WormBase,,-,0,0,0,,NULL
1,2592,CE_GEN_2670301,low,genetic,,,,WormBase,,-,0,0,0,,NULL
1,1847,CE_GEN_2670302,low,genetic,,,,WormBase,,-,0,0,0,,NULL
1,2593,CE_GEN_2670303,low,genetic,,,,WormBase,,-,0,0,0,,NULL
1,2594,CE_GEN_2670304,low,genetic,,,,WormBase,,-,0,0,0,,NULL
1,2490,CE_GEN_2670305,low,genetic,,,,WormBase,,-,0,0,0,,NULL
1,1002,CE_GEN_2670306,low,genetic,,,,WormBase,,-,0,0,0,,NULL
1,2595,CE_GEN_2670307,low,genetic,,,,WormBase,,-,0,0,0,,NULL
1,2596,CE_GEN_2670308,low,genetic,,,,WormBase,,-,0,0,0,,NULL
1,1851,CE_GEN_2670309,low,genetic,,,,WormBase,,-,0,0,0,,NULL
1,2491,CE_GEN_2670310,low,genetic,,,,WormBase,,-,0,0,0,,NULL
1,1775,CE_GEN_2670311,low,genetic,,,,WormBase,,-,0,0,0,,NULL
1,2597,CE_GEN_2670312,low,genetic,,,,WormBase,,-,0,0,0,,NULL
1,2598,CE_GEN_2670313,low,genetic,,,,WormBase,,-,0,0,0,,NULL
1,2599,CE_GEN_2670314,low,genetic,,,,WormBase,,-,0,0,0,,NULL
1,1625,CE_GEN_2670315,low,genetic,,,,WormBase,,-,0,0,0,,NULL
1,583,CE_GEN_2670316,low,genetic,,,,WormBase,,-,0,0,0,,NULL
1,2600,CE_GEN_2670317,low,genetic,,,,WormBase,,-,0,0,0,,NULL
1,1118,CE_GEN_2670318,low,genetic,,,,WormBase,,-,0,0,0,,NULL
1,1372,CE_GEN_2670319,low,genetic,,,,WormBase,,-,0,0,0,,NULL
1,2050,CE_GEN_2670320,low,genetic,,,,WormBase,,-,0,0,0,,NULL
1,1525,CE_GEN_2670321,low,genetic,,,,WormBase,,-,0,0,0,,NULL
1,2457,CE_GEN_2670322,low,genetic,,,,WormBase,,-,0,0,0,,NULL
1,2081,CE_GEN_2670323,low,genetic,,,,WormBase,,-,0,0,0,,NULL
1,1526,CE_GEN_2670324,low,genetic,,,,WormBase,,-,0,0,0,,NULL
1,2601,CE_GEN_2670325,low,genetic,,,,WormBase,,-,0,0,0,,NULL
1,2602,CE_GEN_2670326,low,genetic,,,,WormBase,,-,0,0,0,,NULL
1,2603,CE_GEN_2670327,low,genetic,,,,WormBase,,-,0,0,0,,NULL
1,1857,CE_GEN_2670328,low,genetic,,,,WormBase,,-,0,0,0,,NULL
1,1237,CE_GEN_2670329,moderate,genetic,,,,WormBase,,-,0,0,0,,NULL
1,2604,CE_GEN_2670330,low,genetic,,,,WormBase,,-,0,0,0,,NULL
1,2419,CE_GEN_2670331,low,genetic,,,,WormBase,,-,0,0,0,,NULL
1,1858,CE_GEN_2670332,low,genetic,,,,WormBase,,-,0,0,0,,NULL
1,2605,CE_GEN_2670333,low,genetic,,,,WormBase,,-,0,0,0,,NULL
1,2231,CE_GEN_2670334,low,genetic,,,,WormBase,,-,0,0,0,,NULL
1,2917,CE_GEN_3540785,low,genetic,,,,WormBase,,-,0,0,0,,NULL
1,1503,CE_GEN_3540812,low,genetic,,,,WormBase,,-,0,0,0,,NULL
1,319,CE_GEN_3540819,low,genetic,,,,WormBase,,-,0,0,0,,NULL
2,9,CE_GEN29419,low,genetic,MI:0933,,,WormBase;BioGrid,17897480,PMID,1,0,1,,NULL
2,17,CE_GEN29420,low,genetic,MI:0933,,,WormBase;BioGrid,17897480,PMID,1,0,1,,NULL
2,26,CE_GEN29421,low,genetic,MI:0933,,,WormBase;BioGrid,17897480,PMID,1,0,1,,NULL
2,38,CE_GEN29422,low,genetic,MI:0933,,,WormBase;BioGrid,17897480,PMID,1,0,1,,NULL
2,39,CE_GEN29423,low,genetic,MI:0933,,,WormBase;BioGrid,17897480,PMID,1,0,1,,NULL
2,103,CE_GEN29424,low,genetic,MI:0933,,,WormBase;BioGrid,17897480,PMID,1,0,1,,NULL
2,118,CE_GEN29425,low,genetic,MI:0933,,,WormBase;BioGrid,17897480,PMID,1,0,1,,NULL
2,121,CE_GEN29426,low,genetic,MI:0933,,,WormBase;BioGrid,17897480,PMID,1,0,1,,NULL
2,603,CE_GEN29427,low,genetic,MI:0933,,,WormBase;BioGrid,17897480,PMID,1,0,1,,NULL
2,604,CE_GEN29428,low,genetic,MI:0933,,,WormBase;BioGrid,17897480,PMID,1,0,1,,NULL
2,605,CE_GEN29429,low,genetic,MI:0933,,,WormBase;BioGrid,17897480,PMID,1,0,1,,NULL
2,133,CE_GEN29430,low,genetic,MI:0933,,,WormBase;BioGrid,17897480,PMID,1,0,1,,NULL
2,607,CE_GEN29431,low,genetic,MI:0933,,,WormBase;BioGrid,17897480,PMID,1,0,1,,NULL
2,617,CE_GEN29432,low,genetic,MI:0933,,,WormBase;BioGrid,17897480,PMID,1,0,1,,NULL
2,620,CE_GEN29433,low,genetic,MI:0933,,,WormBase;BioGrid,17897480,PMID,1,0,1,,NULL
2,630,CE_GEN29434,low,genetic,MI:0933,,,WormBase;BioGrid,17897480,PMID,1,0,1,,NULL
2,639,CE_GEN29435,low,genetic,MI:0933,,,WormBase;BioGrid,17897480,PMID,1,0,1,,NULL
2,640,CE_GEN29436,low,genetic,MI:0933,,,WormBase;BioGrid,17897480,PMID,1,0,1,,NULL
2,181,CE_GEN29437,low,genetic,MI:0933,,,WormBase;BioGrid,17897480,PMID,1,0,1,,NULL
2,666,CE_GEN29438,low,genetic,MI:0933,,,WormBase;BioGrid,17897480,PMID,1,0,1,,NULL
2,185,CE_GEN29439,low,genetic,MI:0933,,,WormBase;BioGrid,17897480,PMID,1,0,1,,NULL
2,15,CE_GEN29440,low,genetic,MI:0933,,,WormBase;BioGrid,17897480,PMID,1,0,1,,NULL
2,107,CE_GEN29441,low,genetic,MI:0933,,,WormBase;BioGrid,17897480,PMID,1,0,1,,NULL
2,714,CE_GEN29442,low,genetic,MI:0933,,,WormBase;BioGrid,17897480,PMID,1,0,1,,NULL
2,715,CE_GEN29443,low,genetic,MI:0933,,,WormBase;BioGrid,17897480,PMID,1,0,1,,NULL
2,716,CE_GEN29444,low,genetic,MI:0933,,,WormBase;BioGrid,17897480,PMID,1,0,1,,NULL
2,722,CE_GEN29445,low,genetic,MI:0933,,,WormBase;BioGrid,17897480,PMID,1,0,1,,NULL
2,67,CE_GEN29446,low,genetic,MI:0933,,,BioGrid,17897480,PMID,1,0,1,,NULL
2,767,CE_GEN29447,low,genetic,MI:0933,,,WormBase;BioGrid,17897480,PMID,1,0,1,,NULL
2,723,CE_GEN29448,low,genetic,MI:0933,,,WormBase;BioGrid,17897480,PMID,1,0,1,,NULL
2,245,CE_GEN29449,low,genetic,MI:0933,,,WormBase;BioGrid,17897480,PMID,1,0,1,,NULL
2,724,CE_GEN29450,low,genetic,MI:0933,,,WormBase;BioGrid,17897480,PMID,1,0,1,,NULL
2,248,CE_GEN29451,low,genetic,MI:0933,,,WormBase;BioGrid,17897480,PMID,1,0,1,,NULL
2,725,CE_GEN29452,low,genetic,MI:0933,,,WormBase;BioGrid,17897480,PMID,1,0,1,,NULL
2,726,CE_GEN29453,low,genetic,MI:0933,,,WormBase;BioGrid,17897480,PMID,1,0,1,,NULL
2,727,CE_GEN29454,low,genetic,MI:0933,,,WormBase;BioGrid,17897480,PMID,1,0,1,,NULL
2,698,CE_GEN29455,low,genetic,MI:0933,,,WormBase;BioGrid,17897480,PMID,1,0,1,,NULL
2,729,CE_GEN29456,low,genetic,MI:0933,,,WormBase;BioGrid,17897480,PMID,1,0,1,,NULL
2,777,CE_GEN29457,low,genetic,MI:0933,,,WormBase;BioGrid,17897480,PMID,1,0,1,,NULL
2,288,CE_GEN29458,moderate,genetic,MI:0933,,,WormBase;BioGrid,17897480,PMID,1,0,1,,NULL
2,108,CE_GEN29459,low,genetic,MI:0933,,,WormBase;BioGrid,17897480,PMID,1,0,1,,NULL
2,913,CE_GEN29460,low,genetic,MI:0933,,,WormBase;BioGrid,17897480,PMID,1,0,1,,NULL
2,841,CE_GEN29461,low,genetic,MI:0933,,,WormBase;BioGrid,17897480,PMID,1,0,1,,NULL
2,914,CE_GEN29462,low,genetic,MI:0933,,,WormBase;BioGrid,17897480,PMID,1,0,1,,NULL
2,915,CE_GEN29463,low,genetic,MI:0933,,,WormBase;BioGrid,17897480,PMID,1,0,1,,NULL
2,916,CE_GEN29464,low,genetic,MI:0933,,,WormBase;BioGrid,17897480,PMID,1,0,1,,NULL
2,301,CE_GEN29465,low,genetic,MI:0933,,,WormBase;BioGrid,17897480,PMID,1,0,1,,NULL
2,700,CE_GEN29466,low,genetic,MI:0933,,,WormBase;BioGrid,17897480,PMID,1,0,1,,NULL
2,730,CE_GEN29467,low,genetic,MI:0933,,,WormBase;BioGrid,17897480,PMID,1,0,1,,NULL
2,917,CE_GEN29468,low,genetic,MI:0933,,,WormBase;BioGrid,17897480,PMID,1,0,1,,NULL
2,919,CE_GEN29469,low,genetic,MI:0933,,,WormBase;BioGrid,17897480,PMID,1,0,1,,NULL
2,920,CE_GEN29470,low,genetic,MI:0933,,,WormBase;BioGrid,17897480,PMID,1,0,1,,NULL
2,921,CE_GEN29471,low,genetic,MI:0933,,,WormBase;BioGrid,17897480,PMID,1,0,1,,NULL
2,924,CE_GEN29472,low,genetic,MI:0933,,,WormBase;BioGrid,17897480,PMID,1,0,1,,NULL
2,925,CE_GEN29473,low,genetic,MI:0933,,,WormBase;BioGrid,17897480,PMID,1,0,1,,NULL
2,926,CE_GEN29474,low,genetic,MI:0933,,,WormBase;BioGrid,17897480,PMID,1,0,1,,NULL
2,927,CE_GEN29475,low,genetic,MI:0933,,,WormBase;BioGrid,17897480,PMID,1,0,1,,NULL
2,930,CE_GEN29476,low,genetic,MI:0933,,,WormBase;BioGrid,17897480,PMID,1,0,1,,NULL
2,731,CE_GEN29477,low,genetic,MI:0933,,,WormBase;BioGrid,17897480,PMID,1,0,1,,NULL
2,931,CE_GEN29478,low,genetic,MI:0933,,,WormBase;BioGrid,17897480,PMID,1,0,1,,NULL
2,843,CE_GEN29479,low,genetic,MI:0933,,,WormBase;BioGrid,17897480,PMID,1,0,1,,NULL
2,933,CE_GEN29480,low,genetic,MI:0933,,,WormBase;BioGrid,17897480,PMID,1,0,1,,NULL
2,781,CE_GEN29481,low,genetic,MI:0933,,,WormBase;BioGrid,17897480,PMID,1,0,1,,NULL
2,939,CE_GEN29482,low,genetic,MI:0933,,,WormBase;BioGrid,17897480,PMID,1,0,1,,NULL
2,701,CE_GEN29483,low,genetic,MI:0933,,,WormBase;BioGrid,17897480,PMID,1,0,1,,NULL
2,940,CE_GEN29484,low,genetic,MI:0933,,,WormBase;BioGrid,17897480,PMID,1,0,1,,NULL
2,785,CE_GEN29485,low,genetic,MI:0933,,,WormBase;BioGrid,17897480,PMID,1,0,1,,NULL
2,947,CE_GEN29486,low,genetic,MI:0933,,,WormBase;BioGrid,17897480,PMID,1,0,1,,NULL
2,851,CE_GEN29487,low,genetic,MI:0933,,,WormBase;BioGrid,17897480,PMID,1,0,1,,NULL
2,732,CE_GEN29488,low,genetic,MI:0933,,,WormBase;BioGrid,17897480,PMID,1,0,1,,NULL
2,733,CE_GEN29489,low,genetic,MI:0933,,,WormBase;BioGrid,17897480,PMID,1,0,1,,NULL
2,949,CE_GEN29490,low,genetic,MI:0933,,,WormBase;BioGrid,17897480,PMID,1,0,1,,NULL
2,950,CE_GEN29491,low,genetic,MI:0933,,,WormBase;BioGrid,17897480,PMID,1,0,1,,NULL
2,951,CE_GEN29492,low,genetic,MI:0933,,,WormBase;BioGrid,17897480,PMID,1,0,1,,NULL
2,313,CE_GEN29493,low,genetic,MI:0933,,,WormBase;BioGrid,17897480,PMID,1,0,1,,NULL
2,74,CE_GEN29494,low,genetic,MI:0933,,,WormBase;BioGrid,17897480,PMID,1,0,1,,NULL
2,957,CE_GEN29495,low,genetic,MI:0933,,,WormBase;BioGrid,17897480,PMID,1,0,1,,NULL
2,860,CE_GEN29496,low,genetic,MI:0933,,,WormBase;BioGrid,17897480,PMID,1,0,1,,NULL
2,958,CE_GEN29497,low,genetic,MI:0933,,,WormBase;BioGrid,17897480,PMID,1,0,1,,NULL
2,959,CE_GEN29498,low,genetic,MI:0933,,,WormBase;BioGrid,17897480,PMID,1,0,1,,NULL
2,960,CE_GEN29499,low,genetic,MI:0933,,,WormBase;BioGrid,17897480,PMID,1,0,1,,NULL
2,961,CE_GEN29500,low,genetic,MI:0933,,,WormBase;BioGrid,17897480,PMID,1,0,1,,NULL
2,962,CE_GEN29501,low,genetic,MI:0933,,,WormBase;BioGrid,17897480,PMID,1,0,1,,NULL
2,864,CE_GEN29502,low,genetic,MI:0933,,,WormBase;BioGrid,17897480,PMID,1,0,1,,NULL
2,963,CE_GEN29503,low,genetic,MI:0933,,,WormBase;BioGrid,17897480,PMID,1,0,1,,NULL
2,964,CE_GEN29504,low,genetic,MI:0933,,,WormBase;BioGrid,17897480,PMID,1,0,1,,NULL
2,317,CE_GEN29505,low,genetic,MI:0933,,,WormBase;BioGrid,17897480,PMID,1,0,1,,NULL
2,966,CE_GEN29506,low,genetic,MI:0933,,,WormBase;BioGrid,17897480,PMID,1,0,1,,NULL
2,967,CE_GEN29507,low,genetic,MI:0933,,,WormBase;BioGrid,17897480,PMID,1,0,1,,NULL
2,968,CE_GEN29508,low,genetic,MI:0933,,,WormBase;BioGrid,17897480,PMID,1,0,1,,NULL
2,972,CE_GEN29509,low,genetic,MI:0933,,,WormBase;BioGrid,17897480,PMID,1,0,1,,NULL
2,320,CE_GEN29510,low,genetic,MI:0933,,,WormBase;BioGrid,17897480,PMID,1,0,1,,NULL
2,872,CE_GEN29511,low,genetic,MI:0933,,,WormBase;BioGrid,17897480,PMID,1,0,1,,NULL
2,322,CE_GEN29512,low,genetic,MI:0933,,,WormBase;BioGrid,17897480,PMID,1,0,1,,NULL
2,98,CE_GEN29513,low,genetic,MI:0933,,,WormBase;BioGrid,17897480,PMID,1,0,1,,NULL
2,978,CE_GEN29514,low,genetic,MI:0933,,,WormBase;BioGrid,17897480,PMID,1,0,1,,NULL
2,875,CE_GEN29515,low,genetic,MI:0933,,,WormBase;BioGrid,17897480,PMID,1,0,1,,NULL
2,979,CE_GEN29516,low,genetic,MI:0933,,,WormBase;BioGrid,17897480,PMID,1,0,1,,NULL
2,876,CE_GEN29517,low,genetic,MI:0933,,,WormBase;BioGrid,17897480,PMID,1,0,1,,NULL
2,331,CE_GEN29518,low,genetic,MI:0933,,,WormBase;BioGrid,17897480,PMID,1,0,1,,NULL
2,877,CE_GEN29519,low,genetic,MI:0933,,,WormBase;BioGrid,17897480,PMID,1,0,1,,NULL
2,332,CE_GEN29520,low,genetic,MI:0933,,,WormBase;BioGrid,17897480,PMID,1,0,1,,NULL
2,879,CE_GEN29521,low,genetic,MI:0933,,,WormBase;BioGrid,17897480,PMID,1,0,1,,NULL
2,798,CE_GEN29522,low,genetic,MI:0933,,,WormBase;BioGrid,17897480,PMID,1,0,1,,NULL
2,980,CE_GEN29523,low,genetic,MI:0933,,,BioGrid,17897480,PMID,1,0,1,,NULL
2,881,CE_GEN29524,low,genetic,MI:0933,,,WormBase;BioGrid,17897480,PMID,1,0,1,,NULL
2,884,CE_GEN29525,low,genetic,MI:0933,,,WormBase;BioGrid,17897480,PMID,1,0,1,,NULL
2,802,CE_GEN29526,low,genetic,MI:0933,,,WormBase;BioGrid,17897480,PMID,1,0,1,,NULL
2,886,CE_GEN29527,low,genetic,MI:0933,,,WormBase;BioGrid,17897480,PMID,1,0,1,,NULL
2,981,CE_GEN29528,low,genetic,MI:0933,,,WormBase;BioGrid,17897480,PMID,1,0,1,,NULL
2,804,CE_GEN29529,low,genetic,MI:0933,,,WormBase;BioGrid,17897480,PMID,1,0,1,,NULL
2,619,CE_GEN29530,low,genetic,MI:0933,,,WormBase;BioGrid,17897480,PMID,1,0,1,,NULL
2,805,CE_GEN29531,low,genetic,MI:0933,,,WormBase;BioGrid,17897480,PMID,1,0,1,,NULL
2,736,CE_GEN29532,low,genetic,MI:0933,,,WormBase;BioGrid,17897480,PMID,1,0,1,,NULL
2,807,CE_GEN29533,low,genetic,MI:0933,,,WormBase;BioGrid,17897480,PMID,1,0,1,,NULL
2,384,CE_GEN29534,low,genetic,MI:0933,,,WormBase;BioGrid,17897480,PMID,1,0,1,,NULL
2,739,CE_GEN29535,low,genetic,MI:0933,,,WormBase;BioGrid,17897480,PMID,1,0,1,,NULL
2,741,CE_GEN29536,low,genetic,MI:0933,,,WormBase;BioGrid,17897480,PMID,1,0,1,,NULL
2,412,CE_GEN29537,low,genetic,MI:0933,,,WormBase;BioGrid,17897480,PMID,1,0,1,,NULL
2,3,CE_GEN29538,low,genetic,MI:0933,,,WormBase;BioGrid,17897480,PMID,1,0,1,,NULL
2,745,CE_GEN29539,low,genetic,MI:0933,,,WormBase;BioGrid,17897480,PMID,1,0,1,,NULL
2,746,CE_GEN29540,low,genetic,MI:0933,,,WormBase;BioGrid,17897480,PMID,1,0,1,,NULL
2,432,CE_GEN29541,low,genetic,MI:0933,,,WormBase;BioGrid,17897480,PMID,1,0,1,,NULL
2,747,CE_GEN29542,low,genetic,MI:0933,,,WormBase;BioGrid,17897480,PMID,1,0,1,,NULL
2,4,CE_GEN29543,low,genetic,MI:0933,,,WormBase;BioGrid,17897480,PMID,1,0,1,,NULL
2,982,CE_GEN29544,low,genetic,MI:0933,,,WormBase;BioGrid,17897480,PMID,1,0,1,,NULL
2,748,CE_GEN29545,low,genetic,MI:0933,,,WormBase;BioGrid,17897480,PMID,1,0,1,,NULL
2,448,CE_GEN29546,low,genetic,MI:0933,,,WormBase;BioGrid,17897480,PMID,1,0,1,,NULL
2,28,CE_GEN29547,low,genetic,MI:0933,,,WormBase;BioGrid,17897480,PMID,1,0,1,,NULL
2,749,CE_GEN29548,low,genetic,MI:0933,,,WormBase;BioGrid,17897480,PMID,1,0,1,,NULL
2,983,CE_GEN29549,low,genetic,MI:0933,,,WormBase;BioGrid,17897480,PMID,1,0,1,,NULL
2,984,CE_GEN29550,low,genetic,MI:0933,,,WormBase;BioGrid,17897480,PMID,1,0,1,,NULL
2,985,CE_GEN29551,low,genetic,MI:0933,,,WormBase;BioGrid,17897480,PMID,1,0,1,,NULL
2,986,CE_GEN29552,low,genetic,MI:0933,,,WormBase;BioGrid,17897480,PMID,1,0,1,,NULL
2,890,CE_GEN29553,low,genetic,MI:0933,,,WormBase;BioGrid,17897480,PMID,1,0,1,,NULL
2,606,CE_GEN29554,low,genetic,MI:0933,,,WormBase;BioGrid,17897480,PMID,1,0,1,,NULL
2,100,CE_GEN29555,low,genetic,MI:0933,,,WormBase;BioGrid,17897480,PMID,1,0,1,,NULL
2,987,CE_GEN29556,low,genetic,MI:0933,,,WormBase;BioGrid,17897480,PMID,1,0,1,,NULL
2,988,CE_GEN29557,low,genetic,MI:0933,,,WormBase;BioGrid,17897480,PMID,1,0,1,,NULL
2,989,CE_GEN29558,low,genetic,MI:0933,,,WormBase;BioGrid,17897480,PMID,1,0,1,,NULL
2,753,CE_GEN29559,low,genetic,MI:0933,,,WormBase;BioGrid,17897480,PMID,1,0,1,,NULL
2,990,CE_GEN29560,low,genetic,MI:0933,,,WormBase;BioGrid,17897480,PMID,1,0,1,,NULL
2,891,CE_GEN29561,low,genetic,MI:0933,,,WormBase;BioGrid,17897480,PMID,1,0,1,,NULL
2,755,CE_GEN29562,low,genetic,MI:0933,,,WormBase;BioGrid,17897480,PMID,1,0,1,,NULL
2,11,CE_GEN29563,low,genetic,MI:0933,,,WormBase;BioGrid,17897480,PMID,1,0,1,,NULL
2,5,CE_GEN29564,low,genetic,MI:0933,,,WormBase;BioGrid,17897480,PMID,1,0,1,,NULL
2,687,CE_GEN29565,low,genetic,MI:0933,,,WormBase;BioGrid,17897480,PMID,1,0,1,,NULL
2,757,CE_GEN29566,low,genetic,MI:0933,,,WormBase;BioGrid,17897480,PMID,1,0,1,,NULL
2,6,CE_GEN29567,moderate,genetic,MI:0933,,,WormBase;BioGrid,17897480,PMID,1,0,1,,NULL
2,991,CE_GEN29568,low,genetic,MI:0933,,,WormBase;BioGrid,17897480,PMID,1,0,1,,NULL
2,613,CE_GEN29569,low,genetic,MI:0933,,,WormBase;BioGrid,17897480,PMID,1,0,1,,NULL
2,992,CE_GEN29570,low,genetic,MI:0933,,,WormBase;BioGrid,17897480,PMID,1,0,1,,NULL
2,993,CE_GEN29571,low,genetic,MI:0933,,,WormBase;BioGrid,17897480,PMID,1,0,1,,NULL
2,994,CE_GEN29572,low,genetic,MI:0933,,,WormBase;BioGrid,17897480,PMID,1,0,1,,NULL
2,995,CE_GEN29573,low,genetic,MI:0933,,,WormBase;BioGrid,17897480,PMID,1,0,1,,NULL
2,897,CE_GEN29574,low,genetic,MI:0933,,,WormBase;BioGrid,17897480,PMID,1,0,1,,NULL
2,819,CE_GEN29575,low,genetic,MI:0933,,,WormBase;BioGrid,17897480,PMID,1,0,1,,NULL
2,996,CE_GEN29576,low,genetic,MI:0933,,,WormBase;BioGrid,17897480,PMID,1,0,1,,NULL
2,997,CE_GEN29577,low,genetic,MI:0933,,,WormBase;BioGrid,17897480,PMID,1,0,1,,NULL
2,998,CE_GEN29578,low,genetic,MI:0933,,,WormBase;BioGrid,17897480,PMID,1,0,1,,NULL
2,999,CE_GEN29579,low,genetic,MI:0933,,,BioGrid,17897480,PMID,1,0,1,,NULL
2,758,CE_GEN29580,low,genetic,MI:0933,,,WormBase;BioGrid,17897480,PMID,1,0,1,,NULL
2,1000,CE_GEN29581,low,genetic,MI:0933,,,BioGrid,17897480,PMID,1,0,1,,NULL
2,1001,CE_GEN29582,low,genetic,MI:0933,,,WormBase;BioGrid,17897480,PMID,1,0,1,,NULL
2,1002,CE_GEN29583,low,genetic,MI:0933,,,WormBase;BioGrid,17897480,PMID,1,0,1,,NULL
2,903,CE_GEN29584,low,genetic,MI:0933,,,WormBase;BioGrid,17897480,PMID,1,0,1,,NULL
2,1003,CE_GEN29585,low,genetic,MI:0933,,,WormBase;BioGrid,17897480,PMID,1,0,1,,NULL
2,1004,CE_GEN29586,low,genetic,MI:0933,,,WormBase;BioGrid,17897480,PMID,1,0,1,,NULL
2,759,CE_GEN29587,low,genetic,MI:0933,,,WormBase;BioGrid,17897480,PMID,1,0,1,,NULL
2,1005,CE_GEN29588,low,genetic,MI:0933,,,WormBase;BioGrid,17897480,PMID,1,0,1,,NULL
2,1006,CE_GEN29589,low,genetic,MI:0933,,,WormBase;BioGrid,17897480,PMID,1,0,1,,NULL
2,1007,CE_GEN29590,low,genetic,MI:0933,,,WormBase;BioGrid,17897480,PMID,1,0,1,,NULL
2,593,CE_GEN29591,low,genetic,MI:0933,,,WormBase;BioGrid,17897480,PMID,1,0,1,,NULL
2,908,CE_GEN29592,low,genetic,MI:0933,,,WormBase;BioGrid,17897480,PMID,1,0,1,,NULL
2,1008,CE_GEN29593,low,genetic,MI:0933,,,WormBase;BioGrid,17897480,PMID,1,0,1,,NULL
2,679,CE_GEN29594,low,genetic,MI:0933,,,WormBase;BioGrid,17897480,PMID,1,0,1,,NULL
2,909,CE_GEN29595,low,genetic,MI:0933,,,WormBase;BioGrid,17897480,PMID,1,0,1,,NULL
2,651,CE_GEN29596,low,genetic,MI:0933,,,WormBase;BioGrid,17897480,PMID,1,0,1,,NULL
2,1009,CE_GEN29597,low,genetic,MI:0933,,,WormBase;BioGrid,17897480,PMID,1,0,1,,NULL
2,94,CE_GEN29598,low,genetic,MI:0933,,,WormBase;BioGrid,17897480,PMID,1,0,1,,NULL
2,910,CE_GEN29599,low,genetic,MI:0933,,,WormBase;BioGrid,17897480,PMID,1,0,1,,NULL
2,762,CE_GEN29600,low,genetic,MI:0933,,,WormBase;BioGrid,17897480,PMID,1,0,1,,NULL
2,912,CE_GEN29601,low,genetic,MI:0933,,,WormBase;BioGrid,17897480,PMID,1,0,1,,NULL
2,2608,CE_GEN_2670861,low,genetic,,,,WormBase,,-,0,0,0,,NULL
2,2164,CE_GEN_2670862,low,genetic,,,,WormBase,,-,0,0,0,,NULL
2,2088,CE_GEN_2670863,low,genetic,,,,WormBase,,-,0,0,0,,NULL
2,901,CE_GEN_2670864,low,genetic,,,,WormBase,,-,0,0,0,,NULL
2,902,CE_GEN_2670865,low,genetic,,,,WormBase,,-,0,0,0,,NULL
2,1525,CE_GEN_2670866,low,genetic,,,,WormBase,,-,0,0,0,,NULL
2,1268,CE_GEN_2670867,low,genetic,,,,WormBase,,-,0,0,0,,NULL
2,3167,CE_GEN_3540766,low,genetic,,,,WormBase,,-,0,0,0,,NULL
3,9,CE_GEN30249,moderate,genetic,MI:0933,,,WormBase;BioGrid,17897480,PMID,1,0,1,,NULL
3,17,CE_GEN30250,low,genetic,MI:0933,,,WormBase;BioGrid,17897480,PMID,1,0,1,,NULL
3,25,CE_GEN30251,low,genetic,MI:1271,,,WormBase;BioGrid,16845399,PMID,1,0,1,,NULL
3,26,CE_GEN30252,moderate,genetic,MI:0933,,,WormBase;BioGrid,17897480,PMID,1,0,1,,NULL
3,103,CE_GEN30253,moderate,genetic,MI:0933,,,WormBase;BioGrid,17897480,PMID,1,0,1,,NULL
3,118,CE_GEN30254,moderate,genetic,MI:0933,,,WormBase;BioGrid,17897480,PMID,1,0,1,,NULL
3,121,CE_GEN30255,low,genetic,MI:0933,,,WormBase;BioGrid,17897480,PMID,1,0,1,,NULL
3,122,CE_GEN30256,moderate,genetic,MI:1271,,,WormBase;BioGrid,16845399,PMID,1,0,1,,NULL
3,8,CE_GEN30257,high,genetic,MI:1271,,,WormBase;BioGrid,17417969;16845399,PMID,1,0,2,,NULL
3,603,CE_GEN30258,low,genetic,MI:0933,,,WormBase;BioGrid,17897480,PMID,1,0,1,,NULL
3,604,CE_GEN30259,low,genetic,MI:0933,,,WormBase;BioGrid,17897480,PMID,1,0,1,,NULL
3,605,CE_GEN30260,low,genetic,MI:0933,,,WormBase;BioGrid,17897480,PMID,1,0,1,,NULL
3,133,CE_GEN30261,moderate,genetic,MI:0933,,,WormBase;BioGrid,17897480,PMID,1,0,1,,NULL
3,607,CE_GEN30262,low,genetic,MI:0933,,,WormBase;BioGrid,17897480,PMID,1,0,1,,NULL
3,611,CE_GEN30263,low,genetic,MI:1271,,,WormBase;BioGrid,16845399,PMID,1,0,1,,NULL
3,617,CE_GEN30264,low,genetic,MI:0933,,,WormBase;BioGrid,17897480,PMID,1,0,1,,NULL
3,618,CE_GEN30265,low,genetic,MI:0933,,,WormBase;BioGrid,17897480,PMID,1,0,1,,NULL
3,620,CE_GEN30266,low,genetic,MI:0933,,,WormBase;BioGrid,17897480,PMID,1,0,1,,NULL
3,623,CE_GEN30267,moderate,genetic,MI:0933,,,WormBase;BioGrid,17897480,PMID,1,0,1,,NULL
3,633,CE_GEN30268,low,genetic,MI:0933,,,WormBase;BioGrid,17897480,PMID,1,0,1,,NULL
3,639,CE_GEN30269,moderate,genetic,MI:0933,,,WormBase;BioGrid,17897480,PMID,1,0,1,,NULL
3,640,CE_GEN30270,low,genetic,MI:0933,,,WormBase;BioGrid,17897480,PMID,1,0,1,,NULL
3,615,CE_GEN30271,moderate,genetic,MI:0933,,,WormBase;BioGrid,17897480,PMID,1,0,1,,NULL
3,663,CE_GEN30272,low,genetic,MI:0933,,,WormBase;BioGrid,17897480,PMID,1,0,1,,NULL
3,181,CE_GEN30273,low,genetic,MI:0933,,,WormBase;BioGrid,17897480,PMID,1,0,1,,NULL
3,665,CE_GEN30274,low,genetic,MI:0933,,,WormBase;BioGrid,17897480,PMID,1,0,1,,NULL
3,666,CE_GEN30275,low,genetic,MI:0933,,,WormBase;BioGrid,17897480,PMID,1,0,1,,NULL
3,667,CE_GEN30276,low,genetic,MI:0933,,,WormBase;BioGrid,17897480,PMID,1,0,1,,NULL
3,185,CE_GEN30277,low,genetic,MI:0933,,,WormBase;BioGrid,17897480,PMID,1,0,1,,NULL
3,107,CE_GEN30278,moderate,genetic,MI:0933,,,WormBase;BioGrid,17897480,PMID,1,0,1,,NULL
3,612,CE_GEN30279,low,genetic,MI:0933,,,WormBase;BioGrid,17897480,PMID,1,0,1,,NULL
3,714,CE_GEN30280,moderate,genetic,MI:0933,,,WormBase;BioGrid,17897480,PMID,1,0,1,,NULL
3,715,CE_GEN30281,low,genetic,MI:0933,,,WormBase;BioGrid,17897480,PMID,1,0,1,,NULL
3,716,CE_GEN30282,low,genetic,MI:0933,,,WormBase;BioGrid,17897480,PMID,1,0,1,,NULL
3,10,CE_GEN30283,moderate,genetic,MI:0933,,,WormBase;BioGrid,17897480,PMID,1,0,1,,NULL
3,721,CE_GEN30284,low,genetic,MI:0933,,,WormBase;BioGrid,17897480,PMID,1,0,1,,NULL
3,722,CE_GEN30285,low,genetic,MI:0933,,,WormBase;BioGrid,17897480,PMID,1,0,1,,NULL
3,67,CE_GEN30286,low,genetic,MI:0933,,,BioGrid,17897480,PMID,1,0,1,,NULL
3,767,CE_GEN30287,low,genetic,MI:0933,,,WormBase;BioGrid,17897480,PMID,1,0,1,,NULL
3,695,CE_GEN30288,low,genetic,MI:1271,,,WormBase;BioGrid,16845399,PMID,1,0,1,,NULL
3,723,CE_GEN30289,low,genetic,MI:0933,,,WormBase;BioGrid,17897480,PMID,1,0,1,,NULL
3,775,CE_GEN30290,low,genetic,MI:0933,,,WormBase;BioGrid,17897480,PMID,1,0,1,,NULL
3,245,CE_GEN30291,low,genetic,MI:0933,,,WormBase;BioGrid,17897480,PMID,1,0,1,,NULL
3,724,CE_GEN30292,low,genetic,MI:0933,,,WormBase;BioGrid,17897480,PMID,1,0,1,,NULL
3,248,CE_GEN30293,low,genetic,MI:0933,,,WormBase;BioGrid,17897480,PMID,1,0,1,,NULL
3,18,CE_GEN30294,high,genetic,MI:0933;MI:1271,,,WormBase;BioGrid,17897480;16845399,PMID,2,0,2,,NULL
3,725,CE_GEN30295,low,genetic,MI:0933,,,WormBase;BioGrid,17897480,PMID,1,0,1,,NULL
3,831,CE_GEN30296,low,genetic,MI:1271,,,WormBase;BioGrid,16845399,PMID,1,0,1,,NULL
3,832,CE_GEN30297,moderate,genetic,MI:0933,,,WormBase;BioGrid,17897480,PMID,1,0,1,,NULL
3,833,CE_GEN30298,low,genetic,MI:0933,,,WormBase;BioGrid,17897480,PMID,1,0,1,,NULL
3,727,CE_GEN30299,low,genetic,MI:0933,,,WormBase;BioGrid,17897480,PMID,1,0,1,,NULL
3,670,CE_GEN30300,moderate,genetic,MI:1271,,,WormBase;BioGrid,16845399,PMID,1,0,1,,NULL
3,685,CE_GEN30301,low,genetic,MI:1271,,,WormBase;BioGrid,16845399,PMID,1,0,1,,NULL
3,698,CE_GEN30302,low,genetic,MI:0933,,,WormBase;BioGrid,17897480,PMID,1,0,1,,NULL
3,838,CE_GEN30303,low,genetic,MI:1271,,,WormBase;BioGrid,16845399,PMID,1,0,1,,NULL
3,729,CE_GEN30304,moderate,genetic,MI:0933,,,WormBase;BioGrid,17897480,PMID,1,0,1,,NULL
3,777,CE_GEN30305,low,genetic,MI:0933,,,WormBase;BioGrid,17897480,PMID,1,0,1,,NULL
3,288,CE_GEN30306,low,genetic,MI:0933,,,WormBase;BioGrid,17897480,PMID,1,0,1,,NULL
3,730,CE_GEN30307,low,genetic,MI:0933,,,WormBase;BioGrid,17897480,PMID,1,0,1,,NULL
3,731,CE_GEN30308,low,genetic,MI:0933,,,WormBase;BioGrid,17897480,PMID,1,0,1,,NULL
3,308,CE_GEN30309,moderate,genetic,MI:0933,,,WormBase;BioGrid,17897480,PMID,1,0,1,,NULL
3,732,CE_GEN30310,low,genetic,MI:0933,,,WormBase;BioGrid,17897480,PMID,1,0,1,,NULL
3,733,CE_GEN30311,low,genetic,MI:0933,,,WormBase;BioGrid,17897480,PMID,1,0,1,,NULL
3,98,CE_GEN30312,low,genetic,MI:0933,,,WormBase;BioGrid,17897480,PMID,1,0,1,,NULL
3,1010,CE_GEN30314,low,genetic,MI:1271,,,WormBase;BioGrid,16845399,PMID,1,0,1,,NULL
3,804,CE_GEN30315,moderate,genetic,MI:0933,,,WormBase;BioGrid,17897480,PMID,1,0,1,,NULL
3,887,CE_GEN30316,low,genetic,MI:0933,,,WormBase;BioGrid,17897480,PMID,1,0,1,,NULL
3,1036,CE_GEN30317,low,genetic,MI:0933,,,WormBase;BioGrid,17897480,PMID,1,0,1,,NULL
3,1019,CE_GEN30318,low,genetic,MI:0933,,,WormBase;BioGrid,17897480,PMID,1,0,1,,NULL
3,736,CE_GEN30319,moderate,genetic,MI:0933,,,WormBase;BioGrid,17897480,PMID,1,0,1,,NULL
3,807,CE_GEN30320,low,genetic,MI:0933,,,WormBase;BioGrid,17897480,PMID,1,0,1,,NULL
3,384,CE_GEN30321,low,genetic,MI:0933,,,WormBase;BioGrid,17897480,PMID,1,0,1,,NULL
3,1062,CE_GEN30322,moderate,genetic,MI:0933,,,WormBase;BioGrid,17897480,PMID,1,0,1,,NULL
3,739,CE_GEN30323,low,genetic,MI:0933,,,WormBase;BioGrid,17897480,PMID,1,0,1,,NULL
3,740,CE_GEN30324,low,genetic,MI:0933,,,WormBase;BioGrid,17897480,PMID,1,0,1,,NULL
3,741,CE_GEN30325,moderate,genetic,MI:0933,,,WormBase;BioGrid,17897480,PMID,1,0,1,,NULL
3,1067,CE_GEN30326,low,genetic,MI:1271,,,WormBase;BioGrid,16845399,PMID,1,0,1,,NULL
3,744,CE_GEN30327,low,genetic,MI:0933,,,WormBase;BioGrid,17897480,PMID,1,0,1,,NULL
3,412,CE_GEN30328,low,genetic,MI:0933,,,WormBase;BioGrid,17897480,PMID,1,0,1,,NULL
3,745,CE_GEN30329,low,genetic,MI:0933,,,WormBase;BioGrid,17897480,PMID,1,0,1,,NULL
3,705,CE_GEN30330,low,genetic,MI:1271,,,WormBase;BioGrid,16845399,PMID,1,0,1,,NULL
3,746,CE_GEN30331,low,genetic,MI:0933,,,WormBase;BioGrid,17897480,PMID,1,0,1,,NULL
3,1071,CE_GEN30332,low,genetic,MI:1271,,,WormBase;BioGrid,16845399,PMID,1,0,1,,NULL
3,432,CE_GEN30333,low,genetic,MI:0933,,,WormBase;BioGrid,17897480,PMID,1,0,1,,NULL
3,747,CE_GEN30334,low,genetic,MI:0933,,,WormBase;BioGrid,17897480,PMID,1,0,1,,NULL
3,4,CE_GEN30335,high,genetic,MI:0933;MI:1271,,,WormBase;BioGrid,17897480;16845399,PMID,2,0,2,,NULL
3,1072,CE_GEN30336,moderate,genetic,MI:0933,,,WormBase;BioGrid,17897480,PMID,1,0,1,,NULL
3,448,CE_GEN30337,moderate,genetic,MI:0933,,,WormBase;BioGrid,17897480,PMID,1,0,1,,NULL
3,28,CE_GEN30338,low,genetic,MI:0933,,,WormBase;BioGrid,17897480,PMID,1,0,1,,NULL
3,1073,CE_GEN30339,low,genetic,MI:1271,,,WormBase;BioGrid,16845399,PMID,1,0,1,,NULL
3,749,CE_GEN30340,low,genetic,MI:0933,,,WormBase;BioGrid,17897480,PMID,1,0,1,,NULL
3,983,CE_GEN30341,low,genetic,MI:0933,,,WormBase;BioGrid,17897480,PMID,1,0,1,,NULL
3,773,CE_GEN30342,low,genetic,MI:0933,,,WormBase;BioGrid,17897480,PMID,1,0,1,,NULL
3,890,CE_GEN30343,low,genetic,MI:0933,,,WormBase;BioGrid,17897480,PMID,1,0,1,,NULL
3,606,CE_GEN30344,moderate,genetic,MI:0933,,,WormBase;BioGrid,17897480,PMID,1,0,1,,NULL
3,1074,CE_GEN30345,low,genetic,MI:0933,,,WormBase;BioGrid,17897480,PMID,1,0,1,,NULL
3,100,CE_GEN30346,low,genetic,MI:0933,,,WormBase;BioGrid,17897480,PMID,1,0,1,,NULL
3,1075,CE_GEN30347,low,genetic,MI:0933,,,WormBase;BioGrid,17897480,PMID,1,0,1,,NULL
3,753,CE_GEN30348,low,genetic,MI:0933,,,WormBase;BioGrid,17897480,PMID,1,0,1,,NULL
3,1076,CE_GEN30349,low,genetic,MI:0933,,,WormBase;BioGrid,17897480,PMID,1,0,1,,NULL
3,755,CE_GEN30350,low,genetic,MI:0933,,,WormBase;BioGrid,17897480,PMID,1,0,1,,NULL
3,11,CE_GEN30351,low,genetic,MI:0933,,,WormBase;BioGrid,17897480,PMID,1,0,1,,NULL
3,816,CE_GEN30352,low,genetic,MI:0933,,,WormBase;BioGrid,17897480,PMID,1,0,1,,NULL
3,5,CE_GEN30353,high,genetic,MI:0933;MI:1271,,,WormBase;BioGrid,17897480;16845399,PMID,2,0,2,,NULL
3,719,CE_GEN30354,high,genetic,MI:0933;MI:1271,,,WormBase;BioGrid,17897480;16845399,PMID,2,0,2,,NULL
3,1026,CE_GEN30355,low,genetic,MI:0933,,,WormBase;BioGrid,17897480,PMID,1,0,1,,NULL
3,687,CE_GEN30356,moderate,genetic,MI:0933,,,WormBase;BioGrid,17897480,PMID,1,0,1,,NULL
3,656,CE_GEN30357,low,genetic,MI:0933,,,WormBase;BioGrid,17897480,PMID,1,0,1,,NULL
3,757,CE_GEN30358,low,genetic,MI:0933,,,WormBase;BioGrid,17897480,PMID,1,0,1,,NULL
3,6,CE_GEN30359,moderate,genetic,MI:0933,,,WormBase;BioGrid,17897480,PMID,1,0,1,,NULL
3,894,CE_GEN30360,low,genetic,MI:0933,,,WormBase;BioGrid,17897480,PMID,1,0,1,,NULL
3,1077,CE_GEN30361,low,genetic,MI:0933,,,WormBase;BioGrid,17897480,PMID,1,0,1,,NULL
3,708,CE_GEN30362,low,genetic,MI:1271,,,WormBase;BioGrid,16845399,PMID,1,0,1,,NULL
3,991,CE_GEN30363,low,genetic,MI:0933,,,WormBase;BioGrid,17897480,PMID,1,0,1,,NULL
3,1078,CE_GEN30364,low,genetic,MI:1271,,,WormBase;BioGrid,16845399,PMID,1,0,1,,NULL
3,613,CE_GEN30365,low,genetic,MI:0933,,,WormBase;BioGrid,17897480,PMID,1,0,1,,NULL
3,1079,CE_GEN30366,low,genetic,MI:1271,,,WormBase;BioGrid,16845399,PMID,1,0,1,,NULL
3,688,CE_GEN30367,low,genetic,MI:0933,,,WormBase;BioGrid,17897480,PMID,1,0,1,,NULL
3,1080,CE_GEN30368,moderate,genetic,MI:0933,,,WormBase;BioGrid,17897480,PMID,1,0,1,,NULL
3,1081,CE_GEN30369,low,genetic,MI:1271,,,WormBase;BioGrid,16845399,PMID,1,0,1,,NULL
3,1082,CE_GEN30370,low,genetic,MI:0933,,,WormBase;BioGrid,17897480,PMID,1,0,1,,NULL
3,1083,CE_GEN30371,low,genetic,MI:1271,,,WormBase;BioGrid,16845399,PMID,1,0,1,,NULL
3,826,CE_GEN30372,low,genetic,MI:0933,,,WormBase;BioGrid,17897480,PMID,1,0,1,,NULL
3,759,CE_GEN30373,moderate,genetic,MI:0933,,,WormBase;BioGrid,17897480,PMID,1,0,1,,NULL
3,1084,CE_GEN30374,low,genetic,MI:0933,,,WormBase;BioGrid,17897480,PMID,1,0,1,,NULL
3,650,CE_GEN30375,low,genetic,MI:1271,,,WormBase;BioGrid,16845399,PMID,1,0,1,,NULL
3,909,CE_GEN30376,moderate,genetic,MI:0933,,,WormBase;BioGrid,17897480,PMID,1,0,1,,NULL
3,651,CE_GEN30377,high,genetic,MI:0933;MI:1271,,,WormBase;BioGrid,17897480;16845399,PMID,2,0,2,,NULL
3,762,CE_GEN30378,moderate,genetic,MI:0933,,,WormBase;BioGrid,17897480,PMID,1,0,1,,NULL
3,1200,CE_GEN_2673086,low,genetic,,,,WormBase,,-,0,0,0,,NULL
3,14,CE_GEN_2673087,low,genetic,,,,WormBase,,-,0,0,0,,NULL
3,30,CE_GEN_2673088,moderate,genetic,,,,WormBase,,-,0,0,0,,NULL
3,1351,CE_GEN_2673089,low,genetic,,,,WormBase,,-,0,0,0,,NULL
3,136,CE_GEN_2673090,low,genetic,,,,WormBase,,-,0,0,0,,NULL
3,141,CE_GEN_2673091,low,genetic,,,,WormBase,,-,0,0,0,,NULL
3,1326,CE_GEN_2673092,low,genetic,,,,WormBase,,-,0,0,0,,NULL
3,1635,CE_GEN_2673093,low,genetic,,,,WormBase,,-,0,0,0,,NULL
3,662,CE_GEN_2673094,low,genetic,,,,WormBase,,-,0,0,0,,NULL
3,1897,CE_GEN_2673095,low,genetic,,,,WormBase,,-,0,0,0,,NULL
3,15,CE_GEN_2673096,low,genetic,,,,WormBase,,-,0,0,0,,NULL
3,1465,CE_GEN_2673097,low,genetic,,,,WormBase,,-,0,0,0,,NULL
3,1467,CE_GEN_2673098,low,genetic,,,,WormBase,,-,0,0,0,,NULL
3,1469,CE_GEN_2673099,moderate,genetic,,,,WormBase,,-,0,0,0,,NULL
3,2032,CE_GEN_2673100,low,genetic,,,,WormBase,,-,0,0,0,,NULL
3,1360,CE_GEN_2673101,moderate,genetic,,,,WormBase,,-,0,0,0,,NULL
3,1182,CE_GEN_2673102,low,genetic,,,,WormBase,,-,0,0,0,,NULL
3,285,CE_GEN_2673103,low,genetic,,,,WormBase,,-,0,0,0,,NULL
3,1475,CE_GEN_2673104,low,genetic,,,,WormBase,,-,0,0,0,,NULL
3,2508,CE_GEN_2673105,low,genetic,,,,WormBase,,-,0,0,0,,NULL
3,1231,CE_GEN_2673107,low,genetic,,,,WormBase,,-,0,0,0,,NULL
3,327,CE_GEN_2673108,low,genetic,,,,WormBase,,-,0,0,0,,NULL
3,1476,CE_GEN_2673109,low,genetic,,,,WormBase,,-,0,0,0,,NULL
3,1478,CE_GEN_2673110,low,genetic,,,,WormBase,,-,0,0,0,,NULL
3,645,CE_GEN_2673111,low,genetic,,,,WormBase,,-,0,0,0,,NULL
3,1037,CE_GEN_2673112,low,genetic,,,,WormBase,,-,0,0,0,,NULL
3,1406,CE_GEN_2673113,moderate,genetic,,,,WormBase,,-,0,0,0,,NULL
3,619,CE_GEN_2673114,moderate,genetic,,,,WormBase,,-,0,0,0,,NULL
3,1047,CE_GEN_2673115,low,genetic,,,,WormBase,,-,0,0,0,,NULL
3,353,CE_GEN_2673116,low,genetic,,,,WormBase,,-,0,0,0,,NULL
3,1055,CE_GEN_2673117,low,genetic,,,,WormBase,,-,0,0,0,,NULL
3,2652,CE_GEN_2673118,low,genetic,,,,WormBase,,-,0,0,0,,NULL
3,1267,CE_GEN_2673119,low,genetic,,,,WormBase,,-,0,0,0,,NULL
3,1611,CE_GEN_2673120,moderate,genetic,,,,WormBase,,-,0,0,0,,NULL
3,610,CE_GEN_2673121,moderate,genetic,,,,WormBase,,-,0,0,0,,NULL
3,2088,CE_GEN_2673122,low,genetic,,,,WormBase,,-,0,0,0,,NULL
3,40,CE_GEN_2673123,moderate,genetic,,,,WormBase,,-,0,0,0,,NULL
3,1281,CE_GEN_2673124,low,genetic,,,,WormBase,,-,0,0,0,,NULL
3,742,CE_GEN_2673125,low,genetic,,,,WormBase,,-,0,0,0,,NULL
3,3,CE_GEN_2673126,low,genetic,,,,WormBase,,-,0,0,0,,NULL
3,1763,CE_GEN_2673127,moderate,genetic,,,,WormBase,,-,0,0,0,,NULL
3,16,CE_GEN_2673128,low,genetic,,,,WormBase,,-,0,0,0,,NULL
3,1059,CE_GEN_2673129,low,genetic,,,,WormBase,,-,0,0,0,,NULL
3,2846,CE_GEN_2673130,low,genetic,,,,WormBase,,-,0,0,0,,NULL
3,2415,CE_GEN_2673131,low,genetic,,,,WormBase,,-,0,0,0,,NULL
3,2926,CE_GEN_2673132,low,genetic,,,,WormBase,,-,0,0,0,,NULL
3,1133,CE_GEN_2673133,moderate,genetic,,,,WormBase,,-,0,0,0,,NULL
3,1891,CE_GEN_2673134,low,genetic,,,,WormBase,,-,0,0,0,,NULL
3,481,CE_GEN_2673135,low,genetic,,,,WormBase,,-,0,0,0,,NULL
3,686,CE_GEN_2673136,low,genetic,,,,WormBase,,-,0,0,0,,NULL
3,2500,CE_GEN_2673137,low,genetic,,,,WormBase,,-,0,0,0,,NULL
3,987,CE_GEN_2673138,moderate,genetic,,,,WormBase,,-,0,0,0,,NULL
3,2763,CE_GEN_2673139,low,genetic,,,,WormBase,,-,0,0,0,,NULL
3,1632,CE_GEN_2673140,moderate,genetic,,,,WormBase,,-,0,0,0,,NULL
3,2033,CE_GEN_2673141,low,genetic,,,,WormBase,,-,0,0,0,,NULL
3,692,CE_GEN_2673142,low,genetic,,,,WormBase,,-,0,0,0,,NULL
3,1103,CE_GEN_2673143,low,genetic,,,,WormBase,,-,0,0,0,,NULL
3,1736,CE_GEN_2673144,low,genetic,,,,WormBase,,-,0,0,0,,NULL
3,2874,CE_GEN_2673145,low,genetic,,,,WormBase,,-,0,0,0,,NULL
3,756,CE_GEN_2673146,low,genetic,,,,WormBase,,-,0,0,0,,NULL
3,706,CE_GEN_2673147,low,genetic,,,,WormBase,,-,0,0,0,,NULL
3,768,CE_GEN_2673148,low,genetic,,,,WormBase,,-,0,0,0,,NULL
3,1944,CE_GEN_2673149,low,genetic,,,,WormBase,,-,0,0,0,,NULL
3,1128,CE_GEN_2673150,low,genetic,,,,WormBase,,-,0,0,0,,NULL
3,2875,CE_GEN_2673151,low,genetic,,,,WormBase,,-,0,0,0,,NULL
3,2233,CE_GEN_2673152,low,genetic,,,,WormBase,,-,0,0,0,,NULL
3,1382,CE_GEN_2673153,low,genetic,,,,WormBase,,-,0,0,0,,NULL
3,2621,CE_GEN_2673154,moderate,genetic,,,,WormBase,,-,0,0,0,,NULL
3,2927,CE_GEN_2673155,low,genetic,,,,WormBase,,-,0,0,0,,NULL
3,2861,CE_GEN_2673156,moderate,genetic,,,,WormBase,,-,0,0,0,,NULL
3,1504,CE_GEN_2673157,low,genetic,,,,WormBase,,-,0,0,0,,NULL
3,1061,CE_GEN_2673158,low,genetic,,,,WormBase,,-,0,0,0,,NULL
3,1348,CE_GEN_2673159,low,genetic,,,,WormBase,,-,0,0,0,,NULL
3,2050,CE_GEN_2673160,moderate,genetic,,,,WormBase,,-,0,0,0,,NULL
3,2928,CE_GEN_2673161,low,genetic,,,,WormBase,,-,0,0,0,,NULL
3,2929,CE_GEN_2673162,low,genetic,,,,WormBase,,-,0,0,0,,NULL
3,1169,CE_GEN_2673163,low,genetic,,,,WormBase,,-,0,0,0,,NULL
3,2848,CE_GEN_2673164,moderate,genetic,,,,WormBase,,-,0,0,0,,NULL
3,2930,CE_GEN_2673165,low,genetic,,,,WormBase,,-,0,0,0,,NULL
3,3167,CE_GEN_3540768,low,genetic,,,,WormBase,,-,0,0,0,,NULL
4,26,CE_GEN30477,low,genetic,MI:0933,,,WormBase;BioGrid,17897480,PMID,1,0,1,,NULL
4,45,CE_GEN30478,low,genetic,MI:0441,,,WormBase;BioGrid,17676955,PMID,1,0,1,,NULL
4,103,CE_GEN30479,low,genetic,MI:0933,,,WormBase;BioGrid,17897480,PMID,1,0,1,,NULL
4,603,CE_GEN30480,low,genetic,MI:0933,,,WormBase;BioGrid,17897480,PMID,1,0,1,,NULL
4,133,CE_GEN30481,low,genetic,MI:0933,,,WormBase;BioGrid,17897480,PMID,1,0,1,,NULL
4,152,CE_GEN30482,low,genetic,MI:1271,,,WormBase;BioGrid,16845399,PMID,1,0,1,,NULL
4,626,CE_GEN30483,low,genetic,MI:1271,,,WormBase;BioGrid,16845399,PMID,1,0,1,,NULL
4,637,CE_GEN30484,low,genetic,MI:1271,,,WormBase;BioGrid,16845399,PMID,1,0,1,,NULL
4,639,CE_GEN30485,moderate,genetic,MI:0933,,,WormBase;BioGrid,17897480,PMID,1,0,1,,NULL
4,666,CE_GEN30486,low,genetic,MI:0933,,,WormBase;BioGrid,17897480,PMID,1,0,1,,NULL
4,185,CE_GEN30487,low,genetic,MI:0933,,,WormBase;BioGrid,17897480,PMID,1,0,1,,NULL
4,107,CE_GEN30488,low,genetic,MI:0933,,,WormBase;BioGrid,17897480,PMID,1,0,1,,NULL
4,694,CE_GEN30489,low,genetic,MI:1271,,,WormBase;BioGrid,16845399,PMID,1,0,1,,NULL
4,716,CE_GEN30490,low,genetic,MI:0933,,,WormBase;BioGrid,17897480,PMID,1,0,1,,NULL
4,238,CE_GEN30491,low,genetic,MI:1271,,,WormBase;BioGrid,16845399,PMID,1,0,1,,NULL
4,774,CE_GEN30492,low,genetic,MI:1271,,,WormBase;BioGrid,16845399,PMID,1,0,1,,NULL
4,724,CE_GEN30493,low,genetic,MI:0933,,,WormBase;BioGrid,17897480,PMID,1,0,1,,NULL
4,727,CE_GEN30494,low,genetic,MI:0933,,,WormBase;BioGrid,17897480,PMID,1,0,1,,NULL
4,670,CE_GEN30495,low,genetic,MI:1271,,,WormBase;BioGrid,16845399,PMID,1,0,1,,NULL
4,685,CE_GEN30496,low,genetic,MI:1271,,,WormBase;BioGrid,16845399,PMID,1,0,1,,NULL
4,777,CE_GEN30497,low,genetic,MI:0933,,,WormBase;BioGrid,17897480,PMID,1,0,1,,NULL
4,288,CE_GEN30498,high,genetic,MI:0933;MI:1271,,,WormBase;BioGrid,17897480;16845399,PMID,2,0,2,,NULL
4,730,CE_GEN30499,low,genetic,MI:0933,,,WormBase;BioGrid,17897480,PMID,1,0,1,,NULL
4,731,CE_GEN30500,low,genetic,MI:0933,,,WormBase;BioGrid,17897480,PMID,1,0,1,,NULL
4,733,CE_GEN30501,low,genetic,MI:0933,,,WormBase;BioGrid,17897480,PMID,1,0,1,,NULL
4,98,CE_GEN30502,high,genetic,MI:0933;MI:1271,,,WormBase;BioGrid,17897480;16845399,PMID,2,0,2,,NULL
4,804,CE_GEN30504,low,genetic,MI:0933,,,WormBase;BioGrid,17897480,PMID,1,0,1,,NULL
4,887,CE_GEN30505,low,genetic,MI:0933,,,WormBase;BioGrid,17897480,PMID,1,0,1,,NULL
4,104,CE_GEN30506,low,genetic,MI:0933,,,WormBase;BioGrid,17897480,PMID,1,0,1,,NULL
4,1037,CE_GEN30507,low,genetic,MI:1271,,,WormBase;BioGrid,16845399,PMID,1,0,1,,NULL
4,736,CE_GEN30508,low,genetic,MI:0933,,,WormBase;BioGrid,17897480,PMID,1,0,1,,NULL
4,1049,CE_GEN30509,low,genetic,MI:0933,,,WormBase;BioGrid,17897480,PMID,1,0,1,,NULL
4,740,CE_GEN30510,low,genetic,MI:0933,,,WormBase;BioGrid,17897480,PMID,1,0,1,,NULL
4,741,CE_GEN30511,low,genetic,MI:0933,,,WormBase;BioGrid,17897480,PMID,1,0,1,,NULL
4,745,CE_GEN30513,low,genetic,MI:0933,,,WormBase;BioGrid,17897480,PMID,1,0,1,,NULL
4,746,CE_GEN30514,low,genetic,MI:0933,,,WormBase;BioGrid,17897480,PMID,1,0,1,,NULL
4,1059,CE_GEN30515,low,genetic,MI:1271,,,WormBase;BioGrid,16845399,PMID,1,0,1,,NULL
4,432,CE_GEN30516,low,genetic,MI:0933,,,WormBase;BioGrid,17897480,PMID,1,0,1,,NULL
4,747,CE_GEN30517,low,genetic,MI:0933,,,WormBase;BioGrid,17897480,PMID,1,0,1,,NULL
4,4,CE_GEN30518,low,genetic,MI:1271,,,WormBase;BioGrid,16845399,PMID,1,0,1,,NULL
4,809,CE_GEN30519,low,genetic,MI:0933,,,WormBase;BioGrid,17897480,PMID,1,0,1,,NULL
4,114,CE_GEN30520,low,genetic,MI:0441,,,WormBase;BioGrid,17676955,PMID,1,0,1,,NULL
4,674,CE_GEN30521,low,genetic,MI:1271,,,WormBase;BioGrid,16845399,PMID,1,0,1,,NULL
4,448,CE_GEN30522,low,genetic,MI:0933,,,WormBase;BioGrid,17897480,PMID,1,0,1,,NULL
4,28,CE_GEN30523,low,genetic,MI:0933,,,WormBase;BioGrid,17897480,PMID,1,0,1,,NULL
4,1041,CE_GEN30524,low,genetic,MI:0933,,,WormBase;BioGrid,17897480,PMID,1,0,1,,NULL
4,464,CE_GEN30525,low,genetic,MI:1271,,,WormBase;BioGrid,16845399,PMID,1,0,1,,NULL
4,1039,CE_GEN30526,low,genetic,MI:1271,,,WormBase;BioGrid,16845399,PMID,1,0,1,,NULL
4,100,CE_GEN30527,low,genetic,MI:0933,,,WormBase;BioGrid,17897480,PMID,1,0,1,,NULL
4,814,CE_GEN30528,low,genetic,MI:0933,,,WormBase;BioGrid,17897480,PMID,1,0,1,,NULL
4,753,CE_GEN30529,low,genetic,MI:0933,,,WormBase;BioGrid,17897480,PMID,1,0,1,,NULL
4,1088,CE_GEN30530,low,genetic,MI:1271,,,WormBase;BioGrid,16845399,PMID,1,0,1,,NULL
4,755,CE_GEN30531,low,genetic,MI:0933,,,WormBase;BioGrid,17897480,PMID,1,0,1,,NULL
4,11,CE_GEN30532,low,genetic,MI:0933,,,WormBase;BioGrid,17897480,PMID,1,0,1,,NULL
4,5,CE_GEN30533,high,genetic,MI:0933;MI:1271,,,WormBase;BioGrid,17897480;16845399,PMID,2,0,2,,NULL
4,687,CE_GEN30534,low,genetic,MI:1271,,,WormBase;BioGrid,16845399,PMID,1,0,1,,NULL
4,757,CE_GEN30535,low,genetic,MI:0933,,,WormBase;BioGrid,17897480,PMID,1,0,1,,NULL
4,6,CE_GEN30536,low,genetic,MI:0933,,,WormBase;BioGrid,17897480,PMID,1,0,1,,NULL
4,613,CE_GEN30537,low,genetic,MI:0933,,,WormBase;BioGrid,17897480,PMID,1,0,1,,NULL
4,758,CE_GEN30538,low,genetic,MI:0933,,,WormBase;BioGrid,17897480,PMID,1,0,1,,NULL
4,1089,CE_GEN30539,low,genetic,MI:0933,,,WormBase;BioGrid,17897480,PMID,1,0,1,,NULL
4,762,CE_GEN30540,moderate,genetic,MI:0933,,,WormBase;BioGrid,17897480,PMID,1,0,1,,NULL
4,18,CE_GEN_2673588,moderate,genetic,,,,WormBase,,-,0,0,0,,NULL
4,108,CE_GEN_2673589,low,genetic,,,,WormBase,,-,0,0,0,,NULL
4,1267,CE_GEN_2673590,low,genetic,,,,WormBase,,-,0,0,0,,NULL
4,2088,CE_GEN_2673591,low,genetic,,,,WormBase,,-,0,0,0,,NULL
4,739,CE_GEN_2673592,low,genetic,,,,WormBase,,-,0,0,0,,NULL
4,40,CE_GEN_2673593,moderate,genetic,,,,WormBase,,-,0,0,0,,NULL
4,744,CE_GEN_2673594,low,genetic,,,,WormBase,,-,0,0,0,,NULL
4,692,CE_GEN_2673595,low,genetic,,,,WormBase,,-,0,0,0,,NULL
4,1268,CE_GEN_2673596,low,genetic,,,,WormBase,,-,0,0,0,,NULL
5,9,CE_GEN31129,low,genetic,MI:0933,,,WormBase;BioGrid,17897480,PMID,1,0,1,,NULL
5,17,CE_GEN31130,low,genetic,MI:0933,,,WormBase;BioGrid,17897480,PMID,1,0,1,,NULL
5,25,CE_GEN31131,low,genetic,MI:1271,,,WormBase;BioGrid,16845399,PMID,1,0,1,,NULL
5,26,CE_GEN31132,low,genetic,MI:0933,,,WormBase;BioGrid,17897480,PMID,1,0,1,,NULL
5,103,CE_GEN31133,low,genetic,MI:0933,,,WormBase;BioGrid,17897480,PMID,1,0,1,,NULL
5,118,CE_GEN31134,low,genetic,MI:0933,,,WormBase;BioGrid,17897480,PMID,1,0,1,,NULL
5,604,CE_GEN31135,low,genetic,MI:0933,,,WormBase;BioGrid,17897480,PMID,1,0,1,,NULL
5,605,CE_GEN31136,low,genetic,MI:0933,,,WormBase;BioGrid,17897480,PMID,1,0,1,,NULL
5,133,CE_GEN31137,moderate,genetic,MI:0933,,,WormBase;BioGrid,17897480,PMID,1,0,1,,NULL
5,617,CE_GEN31138,low,genetic,MI:0933,,,WormBase;BioGrid,17897480,PMID,1,0,1,,NULL
5,623,CE_GEN31139,low,genetic,MI:0933,,,WormBase;BioGrid,17897480,PMID,1,0,1,,NULL
5,152,CE_GEN31140,low,genetic,MI:1271,,,WormBase;BioGrid,16845399,PMID,1,0,1,,NULL
5,630,CE_GEN31141,low,genetic,MI:0933,,,WormBase;BioGrid,17897480,PMID,1,0,1,,NULL
5,639,CE_GEN31142,low,genetic,MI:0933,,,WormBase;BioGrid,17897480,PMID,1,0,1,,NULL
5,181,CE_GEN31143,low,genetic,MI:0933,,,WormBase;BioGrid,17897480,PMID,1,0,1,,NULL
5,666,CE_GEN31144,low,genetic,MI:0933,,,WormBase;BioGrid,17897480,PMID,1,0,1,,NULL
5,185,CE_GEN31145,low,genetic,MI:0933,,,WormBase;BioGrid,17897480,PMID,1,0,1,,NULL
5,107,CE_GEN31146,low,genetic,MI:0933,,,WormBase;BioGrid,17897480,PMID,1,0,1,,NULL
5,690,CE_GEN31147,low,genetic,MI:1271,,,WormBase;BioGrid,16845399,PMID,1,0,1,,NULL
5,714,CE_GEN31148,low,genetic,MI:0933,,,WormBase;BioGrid,17897480,PMID,1,0,1,,NULL
5,716,CE_GEN31149,low,genetic,MI:0933,,,WormBase;BioGrid,17897480,PMID,1,0,1,,NULL
5,10,CE_GEN31150,low,genetic,MI:0933,,,WormBase;BioGrid,17897480,PMID,1,0,1,,NULL
5,721,CE_GEN31151,low,genetic,MI:0933,,,WormBase;BioGrid,17897480,PMID,1,0,1,,NULL
5,767,CE_GEN31152,low,genetic,MI:0933,,,WormBase;BioGrid,17897480,PMID,1,0,1,,NULL
5,723,CE_GEN31153,low,genetic,MI:0933,,,WormBase;BioGrid,17897480,PMID,1,0,1,,NULL
5,245,CE_GEN31154,low,genetic,MI:0933,,,WormBase;BioGrid,17897480,PMID,1,0,1,,NULL
5,724,CE_GEN31155,low,genetic,MI:0933,,,WormBase;BioGrid,17897480,PMID,1,0,1,,NULL
5,725,CE_GEN31156,low,genetic,MI:0933,,,WormBase;BioGrid,17897480,PMID,1,0,1,,NULL
5,727,CE_GEN31157,low,genetic,MI:0933,,,WormBase;BioGrid,17897480,PMID,1,0,1,,NULL
5,670,CE_GEN31158,low,genetic,MI:1271,,,WormBase;BioGrid,16845399,PMID,1,0,1,,NULL
5,777,CE_GEN31159,low,genetic,MI:0933,,,WormBase;BioGrid,17897480,PMID,1,0,1,,NULL
5,288,CE_GEN31160,high,genetic,MI:0933;MI:1271,,,WormBase;BioGrid,17897480;16845399,PMID,2,0,2,,NULL
5,730,CE_GEN31162,low,genetic,MI:0933,,,WormBase;BioGrid,17897480,PMID,1,0,1,,NULL
5,731,CE_GEN31163,low,genetic,MI:0933,,,WormBase;BioGrid,17897480,PMID,1,0,1,,NULL
5,732,CE_GEN31164,low,genetic,MI:0933,,,WormBase;BioGrid,17897480,PMID,1,0,1,,NULL
5,733,CE_GEN31165,low,genetic,MI:0933,,,WormBase;BioGrid,17897480,PMID,1,0,1,,NULL
5,98,CE_GEN31166,low,genetic,MI:0933,,,WormBase;BioGrid,17897480,PMID,1,0,1,,NULL
5,980,CE_GEN31168,low,genetic,MI:0933,,,BioGrid,17897480,PMID,1,0,1,,NULL
5,804,CE_GEN31169,low,genetic,MI:0933,,,WormBase;BioGrid,17897480,PMID,1,0,1,,NULL
5,735,CE_GEN31170,low,genetic,MI:0933,,,WormBase;BioGrid,17897480,PMID,1,0,1,,NULL
5,805,CE_GEN31171,low,genetic,MI:0933,,,WormBase;BioGrid,17897480,PMID,1,0,1,,NULL
5,736,CE_GEN31172,low,genetic,MI:0933,,,WormBase;BioGrid,17897480,PMID,1,0,1,,NULL
5,1048,CE_GEN31173,low,genetic,MI:0933,,,WormBase;BioGrid,17897480,PMID,1,0,1,,NULL
5,387,CE_GEN31174,low,genetic,MI:1271,,,WormBase;BioGrid,16845399,PMID,1,0,1,,NULL
5,610,CE_GEN31175,low,genetic,MI:1271,,,WormBase;BioGrid,16845399,PMID,1,0,1,,NULL
5,739,CE_GEN31176,low,genetic,MI:0933,,,WormBase;BioGrid,17897480,PMID,1,0,1,,NULL
5,740,CE_GEN31177,low,genetic,MI:0933,,,WormBase;BioGrid,17897480,PMID,1,0,1,,NULL
5,741,CE_GEN31178,low,genetic,MI:0933,,,WormBase;BioGrid,17897480,PMID,1,0,1,,NULL
5,712,CE_GEN31179,low,genetic,MI:0933,,,WormBase;BioGrid,17897480,PMID,1,0,1,,NULL
5,744,CE_GEN31180,low,genetic,MI:0933,,,WormBase;BioGrid,17897480,PMID,1,0,1,,NULL
5,1021,CE_GEN31181,low,genetic,MI:0933,,,WormBase;BioGrid,17897480,PMID,1,0,1,,NULL
5,745,CE_GEN31183,low,genetic,MI:0933,,,WormBase;BioGrid,17897480,PMID,1,0,1,,NULL
5,746,CE_GEN31184,low,genetic,MI:0933,,,WormBase;BioGrid,17897480,PMID,1,0,1,,NULL
5,1040,CE_GEN31185,low,genetic,MI:0933,,,WormBase;BioGrid,17897480,PMID,1,0,1,,NULL
5,432,CE_GEN31186,low,genetic,MI:0933,,,WormBase;BioGrid,17897480,PMID,1,0,1,,NULL
5,747,CE_GEN31187,low,genetic,MI:0933,,,WormBase;BioGrid,17897480,PMID,1,0,1,,NULL
5,648,CE_GEN31189,low,genetic,MI:1271,,,WormBase;BioGrid,16845399,PMID,1,0,1,,NULL
5,114,CE_GEN31190,low,genetic,MI:0933,,,WormBase;BioGrid,17897480,PMID,1,0,1,,NULL
5,1090,CE_GEN31191,low,genetic,MI:0933,,,WormBase;BioGrid,17897480,PMID,1,0,1,,NULL
5,448,CE_GEN31192,low,genetic,MI:0933,,,WormBase;BioGrid,17897480,PMID,1,0,1,,NULL
5,28,CE_GEN31193,low,genetic,MI:0933,,,WormBase;BioGrid,17897480,PMID,1,0,1,,NULL
5,109,CE_GEN31194,low,genetic,MI:0933,,,WormBase;BioGrid,17897480,PMID,1,0,1,,NULL
5,1041,CE_GEN31195,low,genetic,MI:0933,,,WormBase;BioGrid,17897480,PMID,1,0,1,,NULL
5,749,CE_GEN31196,low,genetic,MI:0933,,,WormBase;BioGrid,17897480,PMID,1,0,1,,NULL
5,1092,CE_GEN31197,low,genetic,MI:0933,,,WormBase;BioGrid,17897480,PMID,1,0,1,,NULL
5,983,CE_GEN31198,low,genetic,MI:0933,,,WormBase;BioGrid,17897480,PMID,1,0,1,,NULL
5,984,CE_GEN31199,low,genetic,MI:0933,,,WormBase;BioGrid,17897480,PMID,1,0,1,,NULL
5,1093,CE_GEN31200,low,genetic,MI:0933,,,WormBase;BioGrid,17897480,PMID,1,0,1,,NULL
5,606,CE_GEN31201,low,genetic,MI:0933,,,WormBase;BioGrid,17897480,PMID,1,0,1,,NULL
5,1096,CE_GEN31202,low,genetic,MI:0933,,,WormBase;BioGrid,17897480,PMID,1,0,1,,NULL
5,100,CE_GEN31203,low,genetic,MI:0933,,,WormBase;BioGrid,17897480,PMID,1,0,1,,NULL
5,814,CE_GEN31204,low,genetic,MI:0933,,,WormBase;BioGrid,17897480,PMID,1,0,1,,NULL
5,105,CE_GEN31205,low,genetic,MI:1271,,,WormBase;BioGrid,16845399,PMID,1,0,1,,NULL
5,1101,CE_GEN31206,low,genetic,MI:0933,,,WormBase;BioGrid,17897480,PMID,1,0,1,,NULL
5,677,CE_GEN31207,low,genetic,MI:1271,,,WormBase;BioGrid,16845399,PMID,1,0,1,,NULL
5,755,CE_GEN31208,low,genetic,MI:0933,,,WormBase;BioGrid,17897480,PMID,1,0,1,,NULL
5,11,CE_GEN31209,low,genetic,MI:0933,,,WormBase;BioGrid,17897480,PMID,1,0,1,,NULL
5,816,CE_GEN31210,low,genetic,MI:0933,,,WormBase;BioGrid,17897480,PMID,1,0,1,,NULL
5,5,CE_GEN31211,low,genetic,MI:1271,,,WormBase;BioGrid,16845399,PMID,1,0,1,,NULL
5,1114,CE_GEN31212,low,genetic,MI:0933,,,WormBase;BioGrid,17897480,PMID,1,0,1,,NULL
5,757,CE_GEN31213,low,genetic,MI:0933,,,WormBase;BioGrid,17897480,PMID,1,0,1,,NULL
5,6,CE_GEN31214,high,genetic,MI:0933;MI:1271,,,WormBase;BioGrid,17897480;16845399,PMID,2,0,2,,NULL
5,707,CE_GEN31215,low,genetic,MI:0933,,,WormBase;BioGrid,17897480,PMID,1,0,1,,NULL
5,613,CE_GEN31216,low,genetic,MI:0933,,,WormBase;BioGrid,17897480,PMID,1,0,1,,NULL
5,992,CE_GEN31217,low,genetic,MI:0933,,,WormBase;BioGrid,17897480,PMID,1,0,1,,NULL
5,818,CE_GEN31218,low,genetic,MI:0933,,,WormBase;BioGrid,17897480,PMID,1,0,1,,NULL
5,993,CE_GEN31219,low,genetic,MI:0933,,,WormBase;BioGrid,17897480,PMID,1,0,1,,NULL
5,758,CE_GEN31220,low,genetic,MI:0933,,,WormBase;BioGrid,17897480,PMID,1,0,1,,NULL
5,1115,CE_GEN31221,low,genetic,MI:0933,,,WormBase;BioGrid,17897480,PMID,1,0,1,,NULL
5,1109,CE_GEN31222,low,genetic,MI:0933,,,WormBase;BioGrid,17897480,PMID,1,0,1,,NULL
5,1116,CE_GEN31223,low,genetic,MI:0933,,,WormBase;BioGrid,17897480,PMID,1,0,1,,NULL
5,1117,CE_GEN31224,low,genetic,MI:0933,,,WormBase;BioGrid,17897480,PMID,1,0,1,,NULL
5,1118,CE_GEN31225,low,genetic,MI:0933,,,WormBase;BioGrid,17897480,PMID,1,0,1,,NULL
5,909,CE_GEN31226,low,genetic,MI:0933,,,WormBase;BioGrid,17897480,PMID,1,0,1,,NULL
5,1009,CE_GEN31227,low,genetic,MI:0933,,,WormBase;BioGrid,17897480,PMID,1,0,1,,NULL
5,1045,CE_GEN31228,low,genetic,MI:0933,,,WormBase;BioGrid,17897480,PMID,1,0,1,,NULL
5,1119,CE_GEN31229,low,genetic,MI:0933,,,WormBase;BioGrid,17897480,PMID,1,0,1,,NULL
5,762,CE_GEN31230,low,genetic,MI:0933,,,WormBase;BioGrid,17897480,PMID,1,0,1,,NULL
5,39,CE_GEN_2675431,low,genetic,,,,WormBase,,-,0,0,0,,NULL
5,1469,CE_GEN_2675432,low,genetic,,,,WormBase,,-,0,0,0,,NULL
5,18,CE_GEN_2675433,moderate,genetic,,,,WormBase,,-,0,0,0,,NULL
5,2032,CE_GEN_2675434,low,genetic,,,,WormBase,,-,0,0,0,,NULL
5,832,CE_GEN_2675435,low,genetic,,,,WormBase,,-,0,0,0,,NULL
5,1450,CE_GEN_2675436,low,genetic,,,,WormBase,,-,0,0,0,,NULL
5,2088,CE_GEN_2675437,low,genetic,,,,WormBase,,-,0,0,0,,NULL
5,16,CE_GEN_2675438,low,genetic,,,,WormBase,,-,0,0,0,,NULL
5,2414,CE_GEN_2675439,low,genetic,,,,WormBase,,-,0,0,0,,NULL
5,2912,CE_GEN_2675440,low,genetic,,,,WormBase,,-,0,0,0,,NULL
5,642,CE_GEN_2675441,low,genetic,,,,WormBase,,-,0,0,0,,NULL
5,2500,CE_GEN_2675442,low,genetic,,,,WormBase,,-,0,0,0,,NULL
5,987,CE_GEN_2675443,moderate,genetic,,,,WormBase,,-,0,0,0,,NULL
5,1632,CE_GEN_2675444,low,genetic,,,,WormBase,,-,0,0,0,,NULL
5,692,CE_GEN_2675445,low,genetic,,,,WormBase,,-,0,0,0,,NULL
5,902,CE_GEN_2675446,low,genetic,,,,WormBase,,-,0,0,0,,NULL
5,1283,CE_GEN_2675447,low,genetic,,,,WormBase,,-,0,0,0,,NULL
5,2050,CE_GEN_2675448,moderate,genetic,,,,WormBase,,-,0,0,0,,NULL
5,1268,CE_GEN_2675449,low,genetic,,,,WormBase,,-,0,0,0,,NULL
6,9,CE_GEN31283,low,genetic,MI:0933,,,WormBase;BioGrid,17897480,PMID,1,0,1,,NULL
6,17,CE_GEN31284,low,genetic,MI:0933,,,WormBase;BioGrid,17897480,PMID,1,0,1,,NULL
6,26,CE_GEN31285,moderate,genetic,MI:0933,,,WormBase;BioGrid,17897480,PMID,1,0,1,,NULL
6,103,CE_GEN31286,low,genetic,MI:0933,,,WormBase;BioGrid,17897480,PMID,1,0,1,,NULL
6,118,CE_GEN31287,low,genetic,MI:0933,,,WormBase;BioGrid,17897480,PMID,1,0,1,,NULL
6,603,CE_GEN31288,low,genetic,MI:0933,,,WormBase;BioGrid,17897480,PMID,1,0,1,,NULL
6,604,CE_GEN31289,low,genetic,MI:0933,,,WormBase;BioGrid,17897480,PMID,1,0,1,,NULL
6,605,CE_GEN31290,low,genetic,MI:0933,,,WormBase;BioGrid,17897480,PMID,1,0,1,,NULL
6,133,CE_GEN31291,moderate,genetic,MI:0933,,,WormBase;BioGrid,17897480,PMID,1,0,1,,NULL
6,607,CE_GEN31292,low,genetic,MI:0933,,,WormBase;BioGrid,17897480,PMID,1,0,1,,NULL
6,617,CE_GEN31293,low,genetic,MI:0933,,,WormBase;BioGrid,17897480,PMID,1,0,1,,NULL
6,639,CE_GEN31294,low,genetic,MI:0933,,,WormBase;BioGrid,17897480,PMID,1,0,1,,NULL
6,663,CE_GEN31295,low,genetic,MI:0933,,,WormBase;BioGrid,17897480,PMID,1,0,1,,NULL
6,181,CE_GEN31296,moderate,genetic,MI:0933,,,WormBase;BioGrid,17897480,PMID,1,0,1,,NULL
6,665,CE_GEN31297,low,genetic,MI:0933,,,WormBase;BioGrid,17897480,PMID,1,0,1,,NULL
6,666,CE_GEN31298,moderate,genetic,MI:0933,,,WormBase;BioGrid,17897480,PMID,1,0,1,,NULL
6,185,CE_GEN31299,low,genetic,MI:0933,,,WormBase;BioGrid,17897480,PMID,1,0,1,,NULL
6,107,CE_GEN31300,low,genetic,MI:0933,,,WormBase;BioGrid,17897480,PMID,1,0,1,,NULL
6,714,CE_GEN31301,low,genetic,MI:0933,,,WormBase;BioGrid,17897480,PMID,1,0,1,,NULL
6,715,CE_GEN31302,low,genetic,MI:0933,,,WormBase;BioGrid,17897480,PMID,1,0,1,,NULL
6,716,CE_GEN31303,low,genetic,MI:0933,,,WormBase;BioGrid,17897480,PMID,1,0,1,,NULL
6,720,CE_GEN31304,low,genetic,MI:0933,,,WormBase;BioGrid,17897480,PMID,1,0,1,,NULL
6,721,CE_GEN31305,low,genetic,MI:0933,,,WormBase;BioGrid,17897480,PMID,1,0,1,,NULL
6,722,CE_GEN31306,low,genetic,MI:0933,,,WormBase;BioGrid,17897480,PMID,1,0,1,,NULL
6,723,CE_GEN31307,low,genetic,MI:0933,,,WormBase;BioGrid,17897480,PMID,1,0,1,,NULL
6,724,CE_GEN31308,low,genetic,MI:0933,,,WormBase;BioGrid,17897480,PMID,1,0,1,,NULL
6,248,CE_GEN31309,low,genetic,MI:0933,,,WormBase;BioGrid,17897480,PMID,1,0,1,,NULL
6,725,CE_GEN31310,low,genetic,MI:0933,,,WormBase;BioGrid,17897480,PMID,1,0,1,,NULL
6,726,CE_GEN31311,low,genetic,MI:0933,,,WormBase;BioGrid,17897480,PMID,1,0,1,,NULL
6,831,CE_GEN31312,low,genetic,MI:0933,,,WormBase;BioGrid,17897480,PMID,1,0,1,,NULL
6,832,CE_GEN31313,low,genetic,MI:0933,,,WormBase;BioGrid,17897480,PMID,1,0,1,,NULL
6,727,CE_GEN31314,low,genetic,MI:0933,,,WormBase;BioGrid,17897480,PMID,1,0,1,,NULL
6,698,CE_GEN31315,low,genetic,MI:0933,,,WormBase;BioGrid,17897480,PMID,1,0,1,,NULL
6,728,CE_GEN31316,low,genetic,MI:0933,,,WormBase;BioGrid,17897480,PMID,1,0,1,,NULL
6,777,CE_GEN31317,low,genetic,MI:0933,,,WormBase;BioGrid,17897480,PMID,1,0,1,,NULL
6,108,CE_GEN31318,low,genetic,MI:0933,,,WormBase;BioGrid,17897480,PMID,1,0,1,,NULL
6,841,CE_GEN31320,low,genetic,MI:0933,,,WormBase;BioGrid,17897480,PMID,1,0,1,,NULL
6,914,CE_GEN31321,low,genetic,MI:0933,,,WormBase;BioGrid,17897480,PMID,1,0,1,,NULL
6,916,CE_GEN31322,low,genetic,MI:0933,,,WormBase;BioGrid,17897480,PMID,1,0,1,,NULL
6,301,CE_GEN31323,low,genetic,MI:0933,,,WormBase;BioGrid,17897480,PMID,1,0,1,,NULL
6,730,CE_GEN31324,low,genetic,MI:0933,,,WormBase;BioGrid,17897480,PMID,1,0,1,,NULL
6,918,CE_GEN31325,low,genetic,MI:0933,,,WormBase;BioGrid,17897480,PMID,1,0,1,,NULL
6,779,CE_GEN31326,low,genetic,MI:0933,,,WormBase;BioGrid,17897480,PMID,1,0,1,,NULL
6,922,CE_GEN31327,low,genetic,MI:0933,,,WormBase;BioGrid,17897480,PMID,1,0,1,,NULL
6,923,CE_GEN31328,low,genetic,MI:0933,,,WormBase;BioGrid,17897480,PMID,1,0,1,,NULL
6,924,CE_GEN31329,low,genetic,MI:0933,,,WormBase;BioGrid,17897480,PMID,1,0,1,,NULL
6,925,CE_GEN31330,low,genetic,MI:0933,,,WormBase;BioGrid,17897480,PMID,1,0,1,,NULL
6,926,CE_GEN31331,low,genetic,MI:0933,,,WormBase;BioGrid,17897480,PMID,1,0,1,,NULL
6,927,CE_GEN31332,low,genetic,MI:0933,,,WormBase;BioGrid,17897480,PMID,1,0,1,,NULL
6,928,CE_GEN31333,low,genetic,MI:0933,,,WormBase;BioGrid,17897480,PMID,1,0,1,,NULL
6,780,CE_GEN31334,low,genetic,MI:0933,,,WormBase;BioGrid,17897480,PMID,1,0,1,,NULL
6,303,CE_GEN31335,low,genetic,MI:0933,,,WormBase;BioGrid,17897480,PMID,1,0,1,,NULL
6,731,CE_GEN31336,low,genetic,MI:0933,,,WormBase;BioGrid,17897480,PMID,1,0,1,,NULL
6,932,CE_GEN31337,low,genetic,MI:0933,,,WormBase;BioGrid,17897480,PMID,1,0,1,,NULL
6,843,CE_GEN31338,low,genetic,MI:0933,,,WormBase;BioGrid,17897480,PMID,1,0,1,,NULL
6,632,CE_GEN31339,low,genetic,MI:0933,,,WormBase;BioGrid,17897480,PMID,1,0,1,,NULL
6,781,CE_GEN31340,low,genetic,MI:0933,,,WormBase;BioGrid,17897480,PMID,1,0,1,,NULL
6,306,CE_GEN31341,low,genetic,MI:0933,,,WormBase;BioGrid,17897480,PMID,1,0,1,,NULL
6,309,CE_GEN31342,low,genetic,MI:0933,,,WormBase;BioGrid,17897480,PMID,1,0,1,,NULL
6,701,CE_GEN31343,low,genetic,MI:0933,,,WormBase;BioGrid,17897480,PMID,1,0,1,,NULL
6,847,CE_GEN31344,low,genetic,MI:0933,,,WormBase;BioGrid,17897480,PMID,1,0,1,,NULL
6,941,CE_GEN31345,low,genetic,MI:0933,,,WormBase;BioGrid,17897480,PMID,1,0,1,,NULL
6,942,CE_GEN31346,low,genetic,MI:0933,,,WormBase;BioGrid,17897480,PMID,1,0,1,,NULL
6,785,CE_GEN31347,low,genetic,MI:0933,,,WormBase;BioGrid,17897480,PMID,1,0,1,,NULL
6,850,CE_GEN31348,low,genetic,MI:0933,,,WormBase;BioGrid,17897480,PMID,1,0,1,,NULL
6,851,CE_GEN31349,low,genetic,MI:0933,,,WormBase;BioGrid,17897480,PMID,1,0,1,,NULL
6,853,CE_GEN31350,low,genetic,MI:0933,,,WormBase;BioGrid,17897480,PMID,1,0,1,,NULL
6,702,CE_GEN31351,low,genetic,MI:0933,,,WormBase;BioGrid,17897480,PMID,1,0,1,,NULL
6,733,CE_GEN31352,low,genetic,MI:0933,,,WormBase;BioGrid,17897480,PMID,1,0,1,,NULL
6,74,CE_GEN31353,low,genetic,MI:0933,,,WormBase;BioGrid,17897480,PMID,1,0,1,,NULL
6,788,CE_GEN31354,low,genetic,MI:0933,,,WormBase;BioGrid,17897480,PMID,1,0,1,,NULL
6,954,CE_GEN31355,low,genetic,MI:0933,,,WormBase;BioGrid,17897480,PMID,1,0,1,,NULL
6,859,CE_GEN31356,low,genetic,MI:0933,,,WormBase;BioGrid,17897480,PMID,1,0,1,,NULL
6,957,CE_GEN31357,low,genetic,MI:0933,,,WormBase;BioGrid,17897480,PMID,1,0,1,,NULL
6,958,CE_GEN31358,low,genetic,MI:0933,,,WormBase;BioGrid,17897480,PMID,1,0,1,,NULL
6,959,CE_GEN31359,low,genetic,MI:0933,,,WormBase;BioGrid,17897480,PMID,1,0,1,,NULL
6,862,CE_GEN31360,low,genetic,MI:0933,,,WormBase;BioGrid,17897480,PMID,1,0,1,,NULL
6,864,CE_GEN31361,low,genetic,MI:0933,,,WormBase;BioGrid,17897480,PMID,1,0,1,,NULL
6,866,CE_GEN31362,low,genetic,MI:0933,,,WormBase;BioGrid,17897480,PMID,1,0,1,,NULL
6,317,CE_GEN31363,low,genetic,MI:0933,,,WormBase;BioGrid,17897480,PMID,1,0,1,,NULL
6,967,CE_GEN31364,low,genetic,MI:0933,,,WormBase;BioGrid,17897480,PMID,1,0,1,,NULL
6,968,CE_GEN31365,low,genetic,MI:0933,,,WormBase;BioGrid,17897480,PMID,1,0,1,,NULL
6,320,CE_GEN31366,low,genetic,MI:0933,,,WormBase;BioGrid,17897480,PMID,1,0,1,,NULL
6,973,CE_GEN31367,low,genetic,MI:0933,,,WormBase;BioGrid,17897480,PMID,1,0,1,,NULL
6,870,CE_GEN31368,low,genetic,MI:0933,,,WormBase;BioGrid,17897480,PMID,1,0,1,,NULL
6,871,CE_GEN31369,low,genetic,MI:0933,,,WormBase;BioGrid,17897480,PMID,1,0,1,,NULL
6,873,CE_GEN31370,low,genetic,MI:0933,,,WormBase;BioGrid,17897480,PMID,1,0,1,,NULL
6,322,CE_GEN31371,low,genetic,MI:0933,,,WormBase;BioGrid,17897480,PMID,1,0,1,,NULL
6,98,CE_GEN31372,moderate,genetic,MI:0933,,,WormBase;BioGrid,17897480,PMID,1,0,1,,NULL
6,877,CE_GEN31374,low,genetic,MI:0933,,,WormBase;BioGrid,17897480,PMID,1,0,1,,NULL
6,797,CE_GEN31375,low,genetic,MI:0933,,,WormBase;BioGrid,17897480,PMID,1,0,1,,NULL
6,1013,CE_GEN31376,low,genetic,MI:0933,,,WormBase;BioGrid,17897480,PMID,1,0,1,,NULL
6,332,CE_GEN31377,low,genetic,MI:0933,,,WormBase;BioGrid,17897480,PMID,1,0,1,,NULL
6,1015,CE_GEN31378,low,genetic,MI:0933,,,WormBase;BioGrid,17897480,PMID,1,0,1,,NULL
6,333,CE_GEN31379,low,genetic,MI:0933,,,WormBase;BioGrid,17897480,PMID,1,0,1,,NULL
6,1017,CE_GEN31380,low,genetic,MI:0933,,,WormBase;BioGrid,17897480,PMID,1,0,1,,NULL
6,802,CE_GEN31381,low,genetic,MI:0933,,,WormBase;BioGrid,17897480,PMID,1,0,1,,NULL
6,886,CE_GEN31382,low,genetic,MI:0933,,,WormBase;BioGrid,17897480,PMID,1,0,1,,NULL
6,981,CE_GEN31383,low,genetic,MI:0933,,,WormBase;BioGrid,17897480,PMID,1,0,1,,NULL
6,804,CE_GEN31384,low,genetic,MI:0933,,,WormBase;BioGrid,17897480,PMID,1,0,1,,NULL
6,887,CE_GEN31385,low,genetic,MI:0933,,,WormBase;BioGrid,17897480,PMID,1,0,1,,NULL
6,735,CE_GEN31386,low,genetic,MI:0933,,,WormBase;BioGrid,17897480,PMID,1,0,1,,NULL
6,1019,CE_GEN31387,low,genetic,MI:0933,,,WormBase;BioGrid,17897480,PMID,1,0,1,,NULL
6,736,CE_GEN31388,low,genetic,MI:0933,,,WormBase;BioGrid,17897480,PMID,1,0,1,,NULL
6,739,CE_GEN31389,low,genetic,MI:0933,,,WormBase;BioGrid,17897480,PMID,1,0,1,,NULL
6,740,CE_GEN31390,low,genetic,MI:0933,,,WormBase;BioGrid,17897480,PMID,1,0,1,,NULL
6,741,CE_GEN31391,low,genetic,MI:0933,,,WormBase;BioGrid,17897480,PMID,1,0,1,,NULL
6,744,CE_GEN31392,low,genetic,MI:0933,,,WormBase;BioGrid,17897480,PMID,1,0,1,,NULL
6,412,CE_GEN31393,low,genetic,MI:0933,,,WormBase;BioGrid,17897480,PMID,1,0,1,,NULL
6,745,CE_GEN31395,low,genetic,MI:0933,,,WormBase;BioGrid,17897480,PMID,1,0,1,,NULL
6,746,CE_GEN31396,low,genetic,MI:0933,,,WormBase;BioGrid,17897480,PMID,1,0,1,,NULL
6,747,CE_GEN31397,low,genetic,MI:0933,,,WormBase;BioGrid,17897480,PMID,1,0,1,,NULL
6,1072,CE_GEN31399,moderate,genetic,MI:0933,,,WormBase;BioGrid,17897480,PMID,1,0,1,,NULL
6,28,CE_GEN31400,low,genetic,MI:0933,,,WormBase;BioGrid,17897480,PMID,1,0,1,,NULL
6,109,CE_GEN31401,low,genetic,MI:0933,,,WormBase;BioGrid,17897480,PMID,1,0,1,,NULL
6,1074,CE_GEN31402,low,genetic,MI:0933,,,WormBase;BioGrid,17897480,PMID,1,0,1,,NULL
6,100,CE_GEN31403,low,genetic,MI:0933,,,WormBase;BioGrid,17897480,PMID,1,0,1,,NULL
6,1100,CE_GEN31404,moderate,genetic,MI:0933,,,WormBase;BioGrid,17897480,PMID,1,0,1,,NULL
6,891,CE_GEN31405,low,genetic,MI:0933,,,WormBase;BioGrid,17897480,PMID,1,0,1,,NULL
6,755,CE_GEN31406,low,genetic,MI:0933,,,WormBase;BioGrid,17897480,PMID,1,0,1,,NULL
6,11,CE_GEN31407,low,genetic,MI:0933,,,WormBase;BioGrid,17897480,PMID,1,0,1,,NULL
6,757,CE_GEN31409,low,genetic,MI:0933,,,WormBase;BioGrid,17897480,PMID,1,0,1,,NULL
6,613,CE_GEN31410,low,genetic,MI:0933,,,WormBase;BioGrid,17897480,PMID,1,0,1,,NULL
6,995,CE_GEN31411,low,genetic,MI:0933,,,WormBase;BioGrid,17897480,PMID,1,0,1,,NULL
6,819,CE_GEN31412,low,genetic,MI:0933,,,WormBase;BioGrid,17897480,PMID,1,0,1,,NULL
6,758,CE_GEN31413,low,genetic,MI:0933,,,WormBase;BioGrid,17897480,PMID,1,0,1,,NULL
6,1120,CE_GEN31414,low,genetic,MI:0933,,,WormBase;BioGrid,17897480,PMID,1,0,1,,NULL
6,822,CE_GEN31415,low,genetic,MI:0933,,,WormBase;BioGrid,17897480,PMID,1,0,1,,NULL
6,1121,CE_GEN31416,low,genetic,MI:0933,,,WormBase;BioGrid,17897480,PMID,1,0,1,,NULL
6,903,CE_GEN31417,low,genetic,MI:0933,,,WormBase;BioGrid,17897480,PMID,1,0,1,,NULL
6,1122,CE_GEN31418,low,genetic,MI:0933,,,WormBase;BioGrid,17897480,PMID,1,0,1,,NULL
6,827,CE_GEN31419,low,genetic,MI:0933,,,WormBase;BioGrid,17897480,PMID,1,0,1,,NULL
6,1118,CE_GEN31420,low,genetic,MI:0933,,,WormBase;BioGrid,17897480,PMID,1,0,1,,NULL
6,908,CE_GEN31421,low,genetic,MI:0933,,,WormBase;BioGrid,17897480,PMID,1,0,1,,NULL
6,1008,CE_GEN31422,low,genetic,MI:0933,,,WormBase;BioGrid,17897480,PMID,1,0,1,,NULL
6,679,CE_GEN31423,low,genetic,MI:0933,,,WormBase;BioGrid,17897480,PMID,1,0,1,,NULL
6,909,CE_GEN31424,low,genetic,MI:0933,,,WormBase;BioGrid,17897480,PMID,1,0,1,,NULL
6,651,CE_GEN31425,moderate,genetic,MI:0933,,,WormBase;BioGrid,17897480,PMID,1,0,1,,NULL
6,94,CE_GEN31426,low,genetic,MI:0933,,,WormBase;BioGrid,17897480,PMID,1,0,1,,NULL
6,911,CE_GEN31427,low,genetic,MI:0933,,,WormBase;BioGrid,17897480,PMID,1,0,1,,NULL
6,762,CE_GEN31428,low,genetic,MI:0933,,,WormBase;BioGrid,17897480,PMID,1,0,1,,NULL
6,308,CE_GEN_2675688,low,genetic,,,,WormBase,,-,0,0,0,,NULL
6,1062,CE_GEN_2675689,low,genetic,,,,WormBase,,-,0,0,0,,NULL
6,2414,CE_GEN_2675690,low,genetic,,,,WormBase,,-,0,0,0,,NULL
6,2912,CE_GEN_2675691,low,genetic,,,,WormBase,,-,0,0,0,,NULL
6,692,CE_GEN_2675692,low,genetic,,,,WormBase,,-,0,0,0,,NULL
6,1114,CE_GEN_2675693,low,genetic,,,,WormBase,,-,0,0,0,,NULL
6,1345,CE_GEN_2675694,low,genetic,,,,WormBase,,-,0,0,0,,NULL
6,1268,CE_GEN_2675695,low,genetic,,,,WormBase,,-,0,0,0,,NULL
7,8,CE_GEN27275,low,genetic,MI:1271,,,BioGrid,17417969,PMID,1,0,1,,NULL
8,12,CE_GEN27437,low,genetic,MI:1271,,,BioGrid,17417969,PMID,1,0,1,,NULL
8,13,CE_GEN27438,low,genetic,MI:1271,,,BioGrid,17417969,PMID,1,0,1,,NULL
8,14,CE_GEN27439,low,genetic,MI:1271,,,BioGrid,17417969,PMID,1,0,1,,NULL
8,20,CE_GEN27440,low,genetic,MI:1271,,,BioGrid,17417969,PMID,1,0,1,,NULL
8,26,CE_GEN27441,moderate,genetic,MI:1271,,,BioGrid,17417969,PMID,1,0,1,,NULL
8,30,CE_GEN27442,low,genetic,MI:1271,,,BioGrid,17417969,PMID,1,0,1,,NULL
8,32,CE_GEN27443,low,genetic,MI:1271,,,WormBase;BioGrid,17417969,PMID,1,0,1,,NULL
8,33,CE_GEN27444,low,genetic,MI:1271,,,BioGrid,17417969,PMID,1,0,1,,NULL
8,34,CE_GEN27445,low,genetic,MI:1271,,,WormBase;BioGrid,17417969,PMID,1,0,1,,NULL
8,35,CE_GEN27446,low,genetic,MI:1271,,,BioGrid,17417969,PMID,1,0,1,,NULL
8,37,CE_GEN27447,low,genetic,MI:1271,,,BioGrid,17417969,PMID,1,0,1,,NULL
8,42,CE_GEN27448,low,genetic,MI:1271,,,BioGrid,17417969,PMID,1,0,1,,NULL
8,43,CE_GEN27449,low,genetic,MI:1271,,,BioGrid,17417969,PMID,1,0,1,,NULL
8,44,CE_GEN27450,low,genetic,MI:1271,,,BioGrid,17417969,PMID,1,0,1,,NULL
8,95,CE_GEN27451,moderate,genetic,MI:1271,,,BioGrid,17417969,PMID,1,0,1,,NULL
8,102,CE_GEN27452,low,genetic,MI:1271,,,BioGrid,17417969,PMID,1,0,1,,NULL
8,110,CE_GEN27453,low,genetic,MI:1271,,,BioGrid,17417969,PMID,1,0,1,,NULL
8,111,CE_GEN27454,low,genetic,MI:1271,,,BioGrid,17417969,PMID,1,0,1,,NULL
8,112,CE_GEN27455,low,genetic,MI:1271,,,BioGrid,17417969,PMID,1,0,1,,NULL
8,113,CE_GEN27456,low,genetic,MI:1271,,,BioGrid,17417969,PMID,1,0,1,,NULL
8,117,CE_GEN27457,low,genetic,MI:1271,,,BioGrid,17417969,PMID,1,0,1,,NULL
8,119,CE_GEN27458,low,genetic,MI:1271,,,BioGrid,17417969,PMID,1,0,1,,NULL
8,120,CE_GEN27459,low,genetic,MI:1271,,,BioGrid,17417969,PMID,1,0,1,,NULL
8,124,CE_GEN27460,low,genetic,MI:1271,,,BioGrid,17417969,PMID,1,0,1,,NULL
8,125,CE_GEN27461,low,genetic,MI:1271,,,WormBase;BioGrid,17417969,PMID,1,0,1,,NULL
8,126,CE_GEN27462,low,genetic,MI:1271,,,BioGrid,17417969,PMID,1,0,1,,NULL
8,127,CE_GEN27463,low,genetic,MI:1271,,,BioGrid,17417969,PMID,1,0,1,,NULL
8,128,CE_GEN27464,low,genetic,MI:1271,,,BioGrid,17417969,PMID,1,0,1,,NULL
8,129,CE_GEN27465,low,genetic,MI:1271,,,BioGrid,17417969,PMID,1,0,1,,NULL
8,130,CE_GEN27466,low,genetic,MI:1271,,,BioGrid,17417969,PMID,1,0,1,,NULL
8,131,CE_GEN27467,low,genetic,MI:1271,,,BioGrid,17417969,PMID,1,0,1,,NULL
8,132,CE_GEN27468,low,genetic,MI:1271,,,BioGrid,17417969,PMID,1,0,1,,NULL
8,133,CE_GEN27469,moderate,genetic,MI:1271,,,WormBase;BioGrid,17417969,PMID,1,0,1,,NULL
8,134,CE_GEN27470,low,genetic,MI:1271,,,BioGrid,17417969,PMID,1,0,1,,NULL
8,135,CE_GEN27471,low,genetic,MI:1271,,,WormBase;BioGrid,17417969,PMID,1,0,1,,NULL
8,136,CE_GEN27472,low,genetic,MI:1271,,,BioGrid,17417969,PMID,1,0,1,,NULL
8,137,CE_GEN27473,low,genetic,MI:1271,,,BioGrid,17417969,PMID,1,0,1,,NULL
8,138,CE_GEN27474,low,genetic,MI:1271,,,BioGrid,17417969,PMID,1,0,1,,NULL
8,139,CE_GEN27475,low,genetic,MI:1271,,,BioGrid,17417969,PMID,1,0,1,,NULL
8,140,CE_GEN27476,low,genetic,MI:1271,,,BioGrid,17417969,PMID,1,0,1,,NULL
8,141,CE_GEN27477,low,genetic,MI:1271,,,BioGrid,22412383,PMID,1,0,1,,NULL
8,55,CE_GEN27478,low,genetic,MI:1271,,,BioGrid,17417969,PMID,1,0,1,,NULL
8,56,CE_GEN27479,low,genetic,MI:1271,,,BioGrid,17417969,PMID,1,0,1,,NULL
8,142,CE_GEN27480,low,genetic,MI:1271,,,BioGrid,17417969,PMID,1,0,1,,NULL
8,143,CE_GEN27481,low,genetic,MI:1271,,,BioGrid,17417969,PMID,1,0,1,,NULL
8,144,CE_GEN27482,low,genetic,MI:1271,,,BioGrid,17417969,PMID,1,0,1,,NULL
8,145,CE_GEN27483,low,genetic,MI:1271,,,BioGrid,17417969,PMID,1,0,1,,NULL
8,146,CE_GEN27484,low,genetic,MI:1271,,,BioGrid,17417969,PMID,1,0,1,,NULL
8,147,CE_GEN27485,low,genetic,MI:1271,,,BioGrid,17417969,PMID,1,0,1,,NULL
8,148,CE_GEN27486,low,genetic,MI:1271,,,BioGrid,17417969,PMID,1,0,1,,NULL
8,149,CE_GEN27487,low,genetic,MI:1271,,,BioGrid,17417969,PMID,1,0,1,,NULL
8,150,CE_GEN27488,low,genetic,MI:1271,,,BioGrid,17417969,PMID,1,0,1,,NULL
8,151,CE_GEN27489,low,genetic,MI:1271,,,BioGrid,17417969,PMID,1,0,1,,NULL
8,152,CE_GEN27490,low,genetic,MI:1271,,,BioGrid,17417969,PMID,1,0,1,,NULL
8,57,CE_GEN27491,low,genetic,MI:1271,,,BioGrid,17417969,PMID,1,0,1,,NULL
8,153,CE_GEN27492,low,genetic,MI:1271,,,BioGrid,17417969,PMID,1,0,1,,NULL
8,154,CE_GEN27493,low,genetic,MI:1271,,,BioGrid,17417969,PMID,1,0,1,,NULL
8,155,CE_GEN27494,low,genetic,MI:1271,,,BioGrid,17417969,PMID,1,0,1,,NULL
8,156,CE_GEN27495,low,genetic,MI:1271,,,BioGrid,17417969,PMID,1,0,1,,NULL
8,157,CE_GEN27496,low,genetic,MI:1271,,,WormBase;BioGrid,17417969,PMID,1,0,1,,NULL
8,158,CE_GEN27497,low,genetic,MI:1271,,,BioGrid,17417969,PMID,1,0,1,,NULL
8,159,CE_GEN27498,low,genetic,MI:1271,,,BioGrid,17417969,PMID,1,0,1,,NULL
8,160,CE_GEN27499,low,genetic,MI:1271,,,BioGrid,17417969,PMID,1,0,1,,NULL
8,161,CE_GEN27500,low,genetic,MI:1271,,,BioGrid,17417969,PMID,1,0,1,,NULL
8,58,CE_GEN27501,low,genetic,MI:1271,,,BioGrid,17417969,PMID,1,0,1,,NULL
8,162,CE_GEN27502,low,genetic,MI:1271,,,WormBase;BioGrid,17417969,PMID,1,0,1,,NULL
8,163,CE_GEN27503,low,genetic,MI:1271,,,WormBase;BioGrid,17417969,PMID,1,0,1,,NULL
8,164,CE_GEN27504,low,genetic,MI:1271,,,BioGrid,17417969,PMID,1,0,1,,NULL
8,165,CE_GEN27505,low,genetic,MI:1271,,,BioGrid,17417969,PMID,1,0,1,,NULL
8,166,CE_GEN27506,low,genetic,MI:1271,,,BioGrid,17417969,PMID,1,0,1,,NULL
8,167,CE_GEN27507,low,genetic,MI:1271,,,BioGrid,17417969,PMID,1,0,1,,NULL
8,59,CE_GEN27508,low,genetic,MI:1271,,,BioGrid,17417969,PMID,1,0,1,,NULL
8,168,CE_GEN27509,low,genetic,MI:1271,,,BioGrid,17417969,PMID,1,0,1,,NULL
8,169,CE_GEN27510,low,genetic,MI:1271,,,BioGrid,17417969,PMID,1,0,1,,NULL
8,170,CE_GEN27511,low,genetic,MI:1271,,,BioGrid,17417969,PMID,1,0,1,,NULL
8,171,CE_GEN27512,low,genetic,MI:1271,,,BioGrid,17417969,PMID,1,0,1,,NULL
8,172,CE_GEN27513,low,genetic,MI:1271,,,BioGrid,17417969,PMID,1,0,1,,NULL
8,173,CE_GEN27514,low,genetic,MI:1271,,,BioGrid,17417969,PMID,1,0,1,,NULL
8,174,CE_GEN27515,low,genetic,MI:1271,,,BioGrid,17417969,PMID,1,0,1,,NULL
8,175,CE_GEN27516,low,genetic,MI:1271,,,BioGrid,17417969,PMID,1,0,1,,NULL
8,176,CE_GEN27517,low,genetic,MI:1271,,,BioGrid,17417969,PMID,1,0,1,,NULL
8,177,CE_GEN27518,low,genetic,MI:1271,,,BioGrid,17417969,PMID,1,0,1,,NULL
8,178,CE_GEN27519,low,genetic,MI:1271,,,BioGrid,17417969,PMID,1,0,1,,NULL
8,179,CE_GEN27520,low,genetic,MI:1271,,,BioGrid,17417969,PMID,1,0,1,,NULL
8,180,CE_GEN27521,low,genetic,MI:1271,,,BioGrid,17417969,PMID,1,0,1,,NULL
8,181,CE_GEN27522,low,genetic,MI:1271,,,BioGrid,17417969,PMID,1,0,1,,NULL
8,182,CE_GEN27523,low,genetic,MI:1271,,,BioGrid,17417969,PMID,1,0,1,,NULL
8,183,CE_GEN27524,low,genetic,MI:1271,,,BioGrid,17417969,PMID,1,0,1,,NULL
8,184,CE_GEN27525,low,genetic,MI:1271,,,BioGrid,17417969,PMID,1,0,1,,NULL
8,185,CE_GEN27526,low,genetic,MI:1271,,,BioGrid,17417969,PMID,1,0,1,,NULL
8,186,CE_GEN27527,low,genetic,MI:1271,,,BioGrid,17417969,PMID,1,0,1,,NULL
8,187,CE_GEN27528,low,genetic,MI:1271,,,BioGrid,17417969,PMID,1,0,1,,NULL
8,188,CE_GEN27529,low,genetic,MI:1271,,,BioGrid,17417969,PMID,1,0,1,,NULL
8,189,CE_GEN27530,moderate,genetic,MI:1271,,,BioGrid,17417969,PMID,1,0,1,,NULL
8,190,CE_GEN27531,low,genetic,MI:1271,,,BioGrid,17417969,PMID,1,0,1,,NULL
8,15,CE_GEN27532,low,genetic,MI:1271,,,BioGrid,17417969,PMID,1,0,1,,NULL
8,191,CE_GEN27533,low,genetic,MI:1271,,,WormBase;BioGrid,17417969,PMID,1,0,1,,NULL
8,192,CE_GEN27534,low,genetic,MI:1271,,,BioGrid,17417969,PMID,1,0,1,,NULL
8,193,CE_GEN27535,low,genetic,MI:1271,,,BioGrid,17417969,PMID,1,0,1,,NULL
8,194,CE_GEN27536,low,genetic,MI:1271,,,BioGrid,17417969,PMID,1,0,1,,NULL
8,195,CE_GEN27537,low,genetic,MI:1271,,,BioGrid,17417969,PMID,1,0,1,,NULL
8,196,CE_GEN27538,low,genetic,MI:1271,,,BioGrid,17417969,PMID,1,0,1,,NULL
8,197,CE_GEN27539,low,genetic,MI:1271,,,BioGrid,17417969,PMID,1,0,1,,NULL
8,198,CE_GEN27540,low,genetic,MI:1271,,,BioGrid,17417969,PMID,1,0,1,,NULL
8,199,CE_GEN27541,low,genetic,MI:1271,,,BioGrid,17417969,PMID,1,0,1,,NULL
8,200,CE_GEN27542,low,genetic,MI:1271,,,BioGrid,17417969,PMID,1,0,1,,NULL
8,201,CE_GEN27543,low,genetic,MI:1271,,,WormBase;BioGrid,17417969,PMID,1,0,1,,NULL
8,202,CE_GEN27544,low,genetic,MI:1271,,,BioGrid,17417969,PMID,1,0,1,,NULL
8,203,CE_GEN27545,low,genetic,MI:1271,,,WormBase;BioGrid,17417969,PMID,1,0,1,,NULL
8,204,CE_GEN27546,low,genetic,MI:1271,,,BioGrid,17417969,PMID,1,0,1,,NULL
8,205,CE_GEN27547,low,genetic,MI:1271,,,BioGrid,17417969,PMID,1,0,1,,NULL
8,206,CE_GEN27548,low,genetic,MI:1271,,,BioGrid,17417969,PMID,1,0,1,,NULL
8,207,CE_GEN27549,low,genetic,MI:1271,,,BioGrid,17417969,PMID,1,0,1,,NULL
8,208,CE_GEN27550,low,genetic,MI:1271,,,BioGrid,17417969,PMID,1,0,1,,NULL
8,209,CE_GEN27551,low,genetic,MI:1271,,,BioGrid,17417969,PMID,1,0,1,,NULL
8,210,CE_GEN27552,low,genetic,MI:1271,,,BioGrid,17417969,PMID,1,0,1,,NULL
8,211,CE_GEN27553,low,genetic,MI:1271,,,BioGrid,17417969,PMID,1,0,1,,NULL
8,212,CE_GEN27554,low,genetic,MI:1271,,,BioGrid,17417969,PMID,1,0,1,,NULL
8,213,CE_GEN27555,low,genetic,MI:1271,,,BioGrid,17417969,PMID,1,0,1,,NULL
8,214,CE_GEN27556,low,genetic,MI:1271,,,BioGrid,17417969,PMID,1,0,1,,NULL
8,215,CE_GEN27557,low,genetic,MI:1271,,,BioGrid,17417969,PMID,1,0,1,,NULL
8,216,CE_GEN27558,low,genetic,MI:1271,,,BioGrid,17417969,PMID,1,0,1,,NULL
8,217,CE_GEN27559,low,genetic,MI:1271,,,BioGrid,17417969,PMID,1,0,1,,NULL
8,218,CE_GEN27560,low,genetic,MI:1271,,,BioGrid,17417969,PMID,1,0,1,,NULL
8,219,CE_GEN27561,low,genetic,MI:1271,,,BioGrid,17417969,PMID,1,0,1,,NULL
8,220,CE_GEN27562,low,genetic,MI:1271,,,BioGrid,17417969,PMID,1,0,1,,NULL
8,221,CE_GEN27563,low,genetic,MI:1271,,,BioGrid,17417969,PMID,1,0,1,,NULL
8,222,CE_GEN27564,low,genetic,MI:1271,,,BioGrid,17417969,PMID,1,0,1,,NULL
8,223,CE_GEN27565,low,genetic,MI:1271,,,BioGrid,17417969,PMID,1,0,1,,NULL
8,224,CE_GEN27566,low,genetic,MI:1271,,,BioGrid,17417969,PMID,1,0,1,,NULL
8,225,CE_GEN27567,low,genetic,MI:1271,,,BioGrid,17417969,PMID,1,0,1,,NULL
8,226,CE_GEN27568,low,genetic,MI:1271,,,BioGrid,17417969,PMID,1,0,1,,NULL
8,227,CE_GEN27569,low,genetic,MI:1271,,,BioGrid,17417969,PMID,1,0,1,,NULL
8,228,CE_GEN27570,low,genetic,MI:1271,,,BioGrid,17417969,PMID,1,0,1,,NULL
8,229,CE_GEN27571,low,genetic,MI:1271,,,BioGrid,17417969,PMID,1,0,1,,NULL
8,10,CE_GEN27572,moderate,genetic,MI:0933,,,WormBase;BioGrid,17897480,PMID,1,0,1,,NULL
8,230,CE_GEN27573,low,genetic,MI:1271,,,BioGrid,17417969,PMID,1,0,1,,NULL
8,231,CE_GEN27574,low,genetic,MI:1271,,,BioGrid,17417969,PMID,1,0,1,,NULL
8,232,CE_GEN27575,low,genetic,MI:1271,,,BioGrid,17417969,PMID,1,0,1,,NULL
8,233,CE_GEN27576,low,genetic,MI:1271,,,BioGrid,17417969,PMID,1,0,1,,NULL
8,234,CE_GEN27577,low,genetic,MI:1271,,,BioGrid,17417969,PMID,1,0,1,,NULL
8,235,CE_GEN27578,low,genetic,MI:1271,,,BioGrid,17417969,PMID,1,0,1,,NULL
8,236,CE_GEN27579,low,genetic,MI:1271,,,BioGrid,17417969,PMID,1,0,1,,NULL
8,237,CE_GEN27580,low,genetic,MI:1271,,,BioGrid,17417969,PMID,1,0,1,,NULL
8,238,CE_GEN27581,low,genetic,MI:1271,,,BioGrid,17417969,PMID,1,0,1,,NULL
8,239,CE_GEN27582,low,genetic,MI:1271,,,BioGrid,17417969,PMID,1,0,1,,NULL
8,240,CE_GEN27583,low,genetic,MI:1271,,,BioGrid,17417969,PMID,1,0,1,,NULL
8,241,CE_GEN27584,low,genetic,MI:1271,,,WormBase;BioGrid,17417969,PMID,1,0,1,,NULL
8,242,CE_GEN27585,low,genetic,MI:1271,,,WormBase;BioGrid,17417969,PMID,1,0,1,,NULL
8,243,CE_GEN27586,low,genetic,MI:1271,,,BioGrid,17417969,PMID,1,0,1,,NULL
8,244,CE_GEN27587,low,genetic,MI:1271,,,WormBase;BioGrid,17417969,PMID,1,0,1,,NULL
8,245,CE_GEN27588,low,genetic,MI:1271,,,BioGrid,17417969,PMID,1,0,1,,NULL
8,246,CE_GEN27589,low,genetic,MI:1271,,,BioGrid,17417969,PMID,1,0,1,,NULL
8,247,CE_GEN27590,low,genetic,MI:1271,,,BioGrid,17417969,PMID,1,0,1,,NULL
8,248,CE_GEN27591,low,genetic,MI:1271,,,BioGrid,17417969,PMID,1,0,1,,NULL
8,249,CE_GEN27592,low,genetic,MI:1271,,,WormBase;BioGrid,17417969,PMID,1,0,1,,NULL
8,250,CE_GEN27593,low,genetic,MI:1271,,,WormBase;BioGrid,17417969,PMID,1,0,1,,NULL
8,18,CE_GEN27594,moderate,genetic,MI:0933,,,WormBase;BioGrid,17897480,PMID,1,0,1,,NULL
8,251,CE_GEN27595,low,genetic,MI:1271,,,BioGrid,17417969,PMID,1,0,1,,NULL
8,252,CE_GEN27596,low,genetic,MI:1271,,,BioGrid,17417969,PMID,1,0,1,,NULL
8,253,CE_GEN27597,low,genetic,MI:1271,,,WormBase;BioGrid,17417969,PMID,1,0,1,,NULL
8,254,CE_GEN27598,low,genetic,MI:1271,,,BioGrid,17417969,PMID,1,0,1,,NULL
8,255,CE_GEN27599,low,genetic,MI:1271,,,BioGrid,17417969,PMID,1,0,1,,NULL
8,256,CE_GEN27600,low,genetic,MI:1271,,,BioGrid,17417969,PMID,1,0,1,,NULL
8,257,CE_GEN27601,low,genetic,MI:1271,,,BioGrid,17417969,PMID,1,0,1,,NULL
8,258,CE_GEN27602,low,genetic,MI:1271,,,BioGrid,17417969,PMID,1,0,1,,NULL
8,259,CE_GEN27603,low,genetic,MI:1271,,,BioGrid,17417969,PMID,1,0,1,,NULL
8,260,CE_GEN27604,low,genetic,MI:1271,,,BioGrid,17417969,PMID,1,0,1,,NULL
8,261,CE_GEN27605,low,genetic,MI:1271,,,BioGrid,17417969,PMID,1,0,1,,NULL
8,262,CE_GEN27606,low,genetic,MI:1271,,,BioGrid,17417969,PMID,1,0,1,,NULL
8,263,CE_GEN27607,low,genetic,MI:1271,,,BioGrid,17417969,PMID,1,0,1,,NULL
8,264,CE_GEN27608,low,genetic,MI:1271,,,BioGrid,17417969,PMID,1,0,1,,NULL
8,265,CE_GEN27609,low,genetic,MI:1271,,,BioGrid,17417969,PMID,1,0,1,,NULL
8,266,CE_GEN27610,low,genetic,MI:1271,,,BioGrid,17417969,PMID,1,0,1,,NULL
8,267,CE_GEN27611,low,genetic,MI:1271,,,BioGrid,17417969,PMID,1,0,1,,NULL
8,268,CE_GEN27612,low,genetic,MI:1271,,,BioGrid,17417969,PMID,1,0,1,,NULL
8,269,CE_GEN27613,low,genetic,MI:1271,,,BioGrid,17417969,PMID,1,0,1,,NULL
8,270,CE_GEN27614,low,genetic,MI:1271,,,BioGrid,17417969,PMID,1,0,1,,NULL
8,271,CE_GEN27615,low,genetic,MI:1271,,,WormBase;BioGrid,17417969,PMID,1,0,1,,NULL
8,272,CE_GEN27616,low,genetic,MI:1271,,,BioGrid,17417969,PMID,1,0,1,,NULL
8,273,CE_GEN27617,low,genetic,MI:1271,,,BioGrid,17417969,PMID,1,0,1,,NULL
8,274,CE_GEN27618,low,genetic,MI:1271,,,BioGrid,17417969,PMID,1,0,1,,NULL
8,275,CE_GEN27619,low,genetic,MI:1271,,,WormBase;BioGrid,17417969,PMID,1,0,1,,NULL
8,276,CE_GEN27620,low,genetic,MI:1271,,,WormBase;BioGrid,17417969,PMID,1,0,1,,NULL
8,277,CE_GEN27621,low,genetic,MI:1271,,,BioGrid,17417969,PMID,1,0,1,,NULL
8,278,CE_GEN27622,low,genetic,MI:1271,,,BioGrid,17417969,PMID,1,0,1,,NULL
8,279,CE_GEN27623,low,genetic,MI:1271,,,BioGrid,17417969,PMID,1,0,1,,NULL
8,280,CE_GEN27624,low,genetic,MI:1271,,,BioGrid,17417969,PMID,1,0,1,,NULL
8,281,CE_GEN27625,low,genetic,MI:1271,,,BioGrid,17417969,PMID,1,0,1,,NULL
8,282,CE_GEN27626,low,genetic,MI:1271,,,BioGrid,17417969,PMID,1,0,1,,NULL
8,283,CE_GEN27627,low,genetic,MI:1271,,,WormBase;BioGrid,17417969,PMID,1,0,1,,NULL
8,284,CE_GEN27628,low,genetic,MI:1271,,,WormBase;BioGrid,17417969,PMID,1,0,1,,NULL
8,285,CE_GEN27629,low,genetic,MI:1271,,,BioGrid,17417969,PMID,1,0,1,,NULL
8,286,CE_GEN27630,low,genetic,MI:1271,,,BioGrid,17417969,PMID,1,0,1,,NULL
8,287,CE_GEN27631,low,genetic,MI:1271,,,BioGrid,17417969,PMID,1,0,1,,NULL
8,288,CE_GEN27632,low,genetic,MI:1271,,,BioGrid,17417969,PMID,1,0,1,,NULL
8,289,CE_GEN27633,low,genetic,MI:1271,,,BioGrid,17417969,PMID,1,0,1,,NULL
8,290,CE_GEN27634,low,genetic,MI:1271,,,BioGrid,17417969,PMID,1,0,1,,NULL
8,291,CE_GEN27635,low,genetic,MI:1271,,,BioGrid,17417969,PMID,1,0,1,,NULL
8,292,CE_GEN27636,low,genetic,MI:1271,,,BioGrid,17417969,PMID,1,0,1,,NULL
8,293,CE_GEN27637,low,genetic,MI:1271,,,BioGrid,17417969,PMID,1,0,1,,NULL
8,294,CE_GEN27638,low,genetic,MI:1271,,,BioGrid,17417969,PMID,1,0,1,,NULL
8,295,CE_GEN27639,low,genetic,MI:1271,,,BioGrid,17417969,PMID,1,0,1,,NULL
8,296,CE_GEN27640,low,genetic,MI:1271,,,BioGrid,17417969,PMID,1,0,1,,NULL
8,297,CE_GEN27641,low,genetic,MI:1271,,,WormBase;BioGrid,17417969,PMID,1,0,1,,NULL
8,298,CE_GEN27642,low,genetic,MI:1271,,,WormBase;BioGrid,17417969,PMID,1,0,1,,NULL
8,299,CE_GEN27644,low,genetic,MI:1271,,,BioGrid,17417969,PMID,1,0,1,,NULL
8,300,CE_GEN27645,low,genetic,MI:1271,,,BioGrid,17417969,PMID,1,0,1,,NULL
8,301,CE_GEN27646,low,genetic,MI:1271,,,BioGrid,17417969,PMID,1,0,1,,NULL
8,302,CE_GEN27647,low,genetic,MI:1271,,,BioGrid,17417969,PMID,1,0,1,,NULL
8,303,CE_GEN27648,low,genetic,MI:1271,,,WormBase;BioGrid,17417969,PMID,1,0,1,,NULL
8,304,CE_GEN27649,low,genetic,MI:1271,,,BioGrid,17417969,PMID,1,0,1,,NULL
8,305,CE_GEN27650,low,genetic,MI:1271,,,BioGrid,17417969,PMID,1,0,1,,NULL
8,306,CE_GEN27651,low,genetic,MI:1271,,,BioGrid,17417969,PMID,1,0,1,,NULL
8,307,CE_GEN27652,low,genetic,MI:1271,,,BioGrid,17417969,PMID,1,0,1,,NULL
8,308,CE_GEN27653,low,genetic,MI:1271,,,WormBase;BioGrid,17417969,PMID,1,0,1,,NULL
8,309,CE_GEN27654,low,genetic,MI:1271,,,BioGrid,17417969,PMID,1,0,1,,NULL
8,310,CE_GEN27655,low,genetic,MI:1271,,,BioGrid,17417969,PMID,1,0,1,,NULL
8,311,CE_GEN27656,low,genetic,MI:1271,,,BioGrid,17417969,PMID,1,0,1,,NULL
8,312,CE_GEN27657,low,genetic,MI:1271,,,BioGrid,17417969,PMID,1,0,1,,NULL
8,313,CE_GEN27658,low,genetic,MI:1271,,,BioGrid,17417969,PMID,1,0,1,,NULL
8,314,CE_GEN27659,low,genetic,MI:1271,,,WormBase;BioGrid,17417969,PMID,1,0,1,,NULL
8,315,CE_GEN27660,low,genetic,MI:1271,,,BioGrid,17417969,PMID,1,0,1,,NULL
8,316,CE_GEN27661,low,genetic,MI:1271,,,BioGrid,17417969,PMID,1,0,1,,NULL
8,317,CE_GEN27662,low,genetic,MI:1271,,,BioGrid,17417969,PMID,1,0,1,,NULL
8,318,CE_GEN27663,low,genetic,MI:1271,,,BioGrid,17417969,PMID,1,0,1,,NULL
8,319,CE_GEN27664,low,genetic,MI:1271,,,BioGrid,17417969,PMID,1,0,1,,NULL
8,320,CE_GEN27665,low,genetic,MI:1271,,,BioGrid,17417969,PMID,1,0,1,,NULL
8,321,CE_GEN27666,low,genetic,MI:1271,,,BioGrid,17417969,PMID,1,0,1,,NULL
8,322,CE_GEN27667,low,genetic,MI:1271,,,BioGrid,17417969,PMID,1,0,1,,NULL
8,323,CE_GEN27668,low,genetic,MI:1271,,,WormBase;BioGrid,17417969,PMID,1,0,1,,NULL
8,324,CE_GEN27669,low,genetic,MI:1271,,,BioGrid,17417969,PMID,1,0,1,,NULL
8,325,CE_GEN27670,low,genetic,MI:1271,,,BioGrid,17417969,PMID,1,0,1,,NULL
8,75,CE_GEN27671,low,genetic,MI:1271,,,BioGrid,17417969,PMID,1,0,1,,NULL
8,326,CE_GEN27672,low,genetic,MI:1271,,,BioGrid,17417969,PMID,1,0,1,,NULL
8,327,CE_GEN27673,low,genetic,MI:1271,,,WormBase;BioGrid,17417969,PMID,1,0,1,,NULL
8,328,CE_GEN27674,low,genetic,MI:1271,,,BioGrid,17417969,PMID,1,0,1,,NULL
8,329,CE_GEN27675,low,genetic,MI:1271,,,BioGrid,17417969,PMID,1,0,1,,NULL
8,330,CE_GEN27676,low,genetic,MI:1271,,,BioGrid,17417969,PMID,1,0,1,,NULL
8,331,CE_GEN27677,low,genetic,MI:1271,,,BioGrid,17417969,PMID,1,0,1,,NULL
8,332,CE_GEN27678,low,genetic,MI:1271,,,WormBase;BioGrid,17417969,PMID,1,0,1,,NULL
8,333,CE_GEN27679,low,genetic,MI:1271,,,BioGrid,17417969,PMID,1,0,1,,NULL
8,334,CE_GEN27680,low,genetic,MI:1271,,,BioGrid,17417969,PMID,1,0,1,,NULL
8,335,CE_GEN27681,low,genetic,MI:1271,,,BioGrid,17417969,PMID,1,0,1,,NULL
8,336,CE_GEN27682,low,genetic,MI:1271,,,BioGrid,17417969,PMID,1,0,1,,NULL
8,337,CE_GEN27683,low,genetic,MI:1271,,,BioGrid,17417969,PMID,1,0,1,,NULL
8,338,CE_GEN27684,low,genetic,MI:1271,,,BioGrid,17417969,PMID,1,0,1,,NULL
8,339,CE_GEN27685,low,genetic,MI:1271,,,BioGrid,17417969,PMID,1,0,1,,NULL
8,340,CE_GEN27686,low,genetic,MI:1271,,,BioGrid,17417969,PMID,1,0,1,,NULL
8,341,CE_GEN27687,low,genetic,MI:1271,,,BioGrid,17417969,PMID,1,0,1,,NULL
8,342,CE_GEN27688,low,genetic,MI:1271,,,BioGrid,17417969,PMID,1,0,1,,NULL
8,343,CE_GEN27689,low,genetic,MI:1271,,,BioGrid,17417969,PMID,1,0,1,,NULL
8,344,CE_GEN27690,low,genetic,MI:1271,,,WormBase;BioGrid,17417969,PMID,1,0,1,,NULL
8,345,CE_GEN27691,low,genetic,MI:1271,,,BioGrid,17417969,PMID,1,0,1,,NULL
8,346,CE_GEN27692,low,genetic,MI:1271,,,BioGrid,17417969,PMID,1,0,1,,NULL
8,347,CE_GEN27693,low,genetic,MI:1271,,,BioGrid,17417969,PMID,1,0,1,,NULL
8,348,CE_GEN27694,low,genetic,MI:1271,,,BioGrid,17417969,PMID,1,0,1,,NULL
8,349,CE_GEN27695,low,genetic,MI:1271,,,BioGrid,17417969,PMID,1,0,1,,NULL
8,350,CE_GEN27696,low,genetic,MI:1271,,,BioGrid,17417969,PMID,1,0,1,,NULL
8,351,CE_GEN27697,low,genetic,MI:1271,,,BioGrid,17417969,PMID,1,0,1,,NULL
8,352,CE_GEN27698,low,genetic,MI:1271,,,BioGrid,17417969,PMID,1,0,1,,NULL
8,353,CE_GEN27699,low,genetic,MI:1271,,,BioGrid,17417969,PMID,1,0,1,,NULL
8,354,CE_GEN27700,low,genetic,MI:1271,,,BioGrid,17417969,PMID,1,0,1,,NULL
8,355,CE_GEN27701,low,genetic,MI:1271,,,BioGrid,17417969,PMID,1,0,1,,NULL
8,356,CE_GEN27702,low,genetic,MI:1271,,,BioGrid,17417969,PMID,1,0,1,,NULL
8,357,CE_GEN27703,low,genetic,MI:1271,,,BioGrid,17417969,PMID,1,0,1,,NULL
8,358,CE_GEN27704,low,genetic,MI:1271,,,WormBase;BioGrid,22412383,PMID,1,0,1,,NULL
8,359,CE_GEN27705,low,genetic,MI:1271,,,BioGrid,17417969,PMID,1,0,1,,NULL
8,360,CE_GEN27706,low,genetic,MI:1271,,,BioGrid,17417969,PMID,1,0,1,,NULL
8,361,CE_GEN27707,low,genetic,MI:1271,,,WormBase;BioGrid,17417969,PMID,1,0,1,,NULL
8,362,CE_GEN27708,low,genetic,MI:1271,,,BioGrid,17417969,PMID,1,0,1,,NULL
8,363,CE_GEN27709,low,genetic,MI:1271,,,WormBase;BioGrid,17417969,PMID,1,0,1,,NULL
8,364,CE_GEN27710,low,genetic,MI:1271,,,BioGrid,17417969,PMID,1,0,1,,NULL
8,365,CE_GEN27711,low,genetic,MI:1271,,,BioGrid,17417969,PMID,1,0,1,,NULL
8,366,CE_GEN27712,low,genetic,MI:1271,,,BioGrid,17417969,PMID,1,0,1,,NULL
8,367,CE_GEN27713,low,genetic,MI:1271,,,WormBase;BioGrid,17417969,PMID,1,0,1,,NULL
8,368,CE_GEN27714,low,genetic,MI:1271,,,BioGrid,17417969,PMID,1,0,1,,NULL
8,369,CE_GEN27715,low,genetic,MI:1271,,,BioGrid,17417969,PMID,1,0,1,,NULL
8,370,CE_GEN27716,low,genetic,MI:1271,,,BioGrid,17417969,PMID,1,0,1,,NULL
8,371,CE_GEN27717,low,genetic,MI:1271,,,BioGrid,17417969,PMID,1,0,1,,NULL
8,372,CE_GEN27718,low,genetic,MI:1271,,,WormBase;BioGrid,17417969,PMID,1,0,1,,NULL
8,373,CE_GEN27719,low,genetic,MI:1271,,,BioGrid,17417969,PMID,1,0,1,,NULL
8,374,CE_GEN27720,low,genetic,MI:1271,,,BioGrid,17417969,PMID,1,0,1,,NULL
8,375,CE_GEN27721,low,genetic,MI:1271,,,BioGrid,17417969,PMID,1,0,1,,NULL
8,376,CE_GEN27722,low,genetic,MI:1271,,,BioGrid,17417969,PMID,1,0,1,,NULL
8,377,CE_GEN27723,low,genetic,MI:1271,,,BioGrid,17417969,PMID,1,0,1,,NULL
8,378,CE_GEN27724,low,genetic,MI:1271,,,WormBase;BioGrid,17417969,PMID,1,0,1,,NULL
8,379,CE_GEN27725,low,genetic,MI:1271,,,BioGrid,17417969,PMID,1,0,1,,NULL
8,380,CE_GEN27726,low,genetic,MI:1271,,,BioGrid,17417969,PMID,1,0,1,,NULL
8,381,CE_GEN27727,low,genetic,MI:1271,,,BioGrid,17417969,PMID,1,0,1,,NULL
8,382,CE_GEN27728,low,genetic,MI:1271,,,WormBase;BioGrid,17417969,PMID,1,0,1,,NULL
8,383,CE_GEN27729,low,genetic,MI:1271,,,BioGrid,17417969,PMID,1,0,1,,NULL
8,384,CE_GEN27730,low,genetic,MI:1271,,,BioGrid,17417969,PMID,1,0,1,,NULL
8,385,CE_GEN27731,low,genetic,MI:1271,,,WormBase;BioGrid,17417969,PMID,1,0,1,,NULL
8,386,CE_GEN27732,low,genetic,MI:1271,,,BioGrid,17417969,PMID,1,0,1,,NULL
8,387,CE_GEN27733,low,genetic,MI:1271,,,WormBase;BioGrid,17417969,PMID,1,0,1,,NULL
8,388,CE_GEN27734,low,genetic,MI:1271,,,BioGrid,17417969,PMID,1,0,1,,NULL
8,389,CE_GEN27735,low,genetic,MI:1271,,,WormBase;BioGrid,17417969,PMID,1,0,1,,NULL
8,390,CE_GEN27736,low,genetic,MI:1271,,,BioGrid,17417969,PMID,1,0,1,,NULL
8,391,CE_GEN27737,low,genetic,MI:1271,,,BioGrid,17417969,PMID,1,0,1,,NULL
8,392,CE_GEN27738,low,genetic,MI:1271,,,WormBase;BioGrid,17417969,PMID,1,0,1,,NULL
8,393,CE_GEN27739,low,genetic,MI:1271,,,WormBase;BioGrid,17417969,PMID,1,0,1,,NULL
8,394,CE_GEN27740,low,genetic,MI:1271,,,BioGrid,17417969,PMID,1,0,1,,NULL
8,395,CE_GEN27741,low,genetic,MI:1271,,,BioGrid,17417969,PMID,1,0,1,,NULL
8,396,CE_GEN27742,low,genetic,MI:1271,,,BioGrid,17417969,PMID,1,0,1,,NULL
8,397,CE_GEN27743,low,genetic,MI:1271,,,BioGrid,17417969,PMID,1,0,1,,NULL
8,398,CE_GEN27744,low,genetic,MI:1271,,,BioGrid,17417969,PMID,1,0,1,,NULL
8,399,CE_GEN27745,low,genetic,MI:1271,,,BioGrid,17417969,PMID,1,0,1,,NULL
8,400,CE_GEN27746,low,genetic,MI:1271,,,BioGrid,17417969,PMID,1,0,1,,NULL
8,401,CE_GEN27747,low,genetic,MI:1271,,,BioGrid,17417969,PMID,1,0,1,,NULL
8,402,CE_GEN27748,low,genetic,MI:1271,,,BioGrid,17417969,PMID,1,0,1,,NULL
8,403,CE_GEN27749,low,genetic,MI:1271,,,BioGrid,17417969,PMID,1,0,1,,NULL
8,404,CE_GEN27750,low,genetic,MI:1271,,,BioGrid,17417969,PMID,1,0,1,,NULL
8,405,CE_GEN27751,low,genetic,MI:1271,,,BioGrid,17417969,PMID,1,0,1,,NULL
8,406,CE_GEN27752,low,genetic,MI:1271,,,BioGrid,17417969,PMID,1,0,1,,NULL
8,407,CE_GEN27753,low,genetic,MI:1271,,,WormBase;BioGrid,17417969,PMID,1,0,1,,NULL
8,408,CE_GEN27754,low,genetic,MI:1271,,,BioGrid,17417969,PMID,1,0,1,,NULL
8,409,CE_GEN27755,low,genetic,MI:1271,,,WormBase;BioGrid,17417969,PMID,1,0,1,,NULL
8,410,CE_GEN27756,low,genetic,MI:1271,,,WormBase;BioGrid,17417969,PMID,1,0,1,,NULL
8,411,CE_GEN27757,low,genetic,MI:1271,,,BioGrid,17417969,PMID,1,0,1,,NULL
8,412,CE_GEN27758,low,genetic,MI:1271,,,WormBase;BioGrid,17417969,PMID,1,0,1,,NULL
8,413,CE_GEN27759,low,genetic,MI:1271,,,BioGrid,17417969,PMID,1,0,1,,NULL
8,414,CE_GEN27760,low,genetic,MI:1271,,,BioGrid,17417969,PMID,1,0,1,,NULL
8,415,CE_GEN27761,low,genetic,MI:1271,,,BioGrid,17417969,PMID,1,0,1,,NULL
8,416,CE_GEN27762,low,genetic,MI:1271,,,BioGrid,17417969,PMID,1,0,1,,NULL
8,417,CE_GEN27763,low,genetic,MI:1271,,,BioGrid,17417969,PMID,1,0,1,,NULL
8,418,CE_GEN27764,low,genetic,MI:1271,,,BioGrid,17417969,PMID,1,0,1,,NULL
8,419,CE_GEN27766,low,genetic,MI:1271,,,BioGrid,17417969,PMID,1,0,1,,NULL
8,420,CE_GEN27767,low,genetic,MI:1271,,,BioGrid,17417969,PMID,1,0,1,,NULL
8,421,CE_GEN27768,low,genetic,MI:1271,,,BioGrid,17417969,PMID,1,0,1,,NULL
8,422,CE_GEN27769,low,genetic,MI:1271,,,BioGrid,17417969,PMID,1,0,1,,NULL
8,423,CE_GEN27770,low,genetic,MI:1271,,,BioGrid,17417969,PMID,1,0,1,,NULL
8,424,CE_GEN27771,low,genetic,MI:1271,,,BioGrid,17417969,PMID,1,0,1,,NULL
8,425,CE_GEN27772,low,genetic,MI:1271,,,BioGrid,17417969,PMID,1,0,1,,NULL
8,426,CE_GEN27773,low,genetic,MI:1271,,,BioGrid,17417969,PMID,1,0,1,,NULL
8,427,CE_GEN27774,low,genetic,MI:1271,,,BioGrid,17417969,PMID,1,0,1,,NULL
8,428,CE_GEN27775,low,genetic,MI:1271,,,BioGrid,17417969,PMID,1,0,1,,NULL
8,429,CE_GEN27776,low,genetic,MI:1271,,,WormBase;BioGrid,17417969,PMID,1,0,1,,NULL
8,430,CE_GEN27777,low,genetic,MI:1271,,,BioGrid,17417969,PMID,1,0,1,,NULL
8,431,CE_GEN27778,low,genetic,MI:1271,,,BioGrid,17417969,PMID,1,0,1,,NULL
8,432,CE_GEN27779,low,genetic,MI:1271,,,BioGrid,17417969,PMID,1,0,1,,NULL
8,433,CE_GEN27780,low,genetic,MI:1271,,,WormBase;BioGrid,17417969,PMID,1,0,1,,NULL
8,434,CE_GEN27781,low,genetic,MI:1271,,,BioGrid,17417969,PMID,1,0,1,,NULL
8,435,CE_GEN27782,low,genetic,MI:1271,,,BioGrid,17417969,PMID,1,0,1,,NULL
8,436,CE_GEN27783,low,genetic,MI:1271,,,BioGrid,17417969,PMID,1,0,1,,NULL
8,437,CE_GEN27784,low,genetic,MI:1271,,,BioGrid,17417969,PMID,1,0,1,,NULL
8,438,CE_GEN27785,low,genetic,MI:1271,,,BioGrid,17417969,PMID,1,0,1,,NULL
8,439,CE_GEN27786,low,genetic,MI:1271,,,BioGrid,17417969,PMID,1,0,1,,NULL
8,440,CE_GEN27787,low,genetic,MI:1271,,,BioGrid,17417969,PMID,1,0,1,,NULL
8,441,CE_GEN27788,low,genetic,MI:1271,,,BioGrid,17417969,PMID,1,0,1,,NULL
8,442,CE_GEN27789,low,genetic,MI:1271,,,BioGrid,17417969,PMID,1,0,1,,NULL
8,443,CE_GEN27790,low,genetic,MI:1271,,,BioGrid,17417969,PMID,1,0,1,,NULL
8,444,CE_GEN27791,low,genetic,MI:1271,,,WormBase;BioGrid,17417969,PMID,1,0,1,,NULL
8,445,CE_GEN27792,low,genetic,MI:1271,,,BioGrid,17417969,PMID,1,0,1,,NULL
8,446,CE_GEN27793,low,genetic,MI:1271,,,BioGrid,17417969,PMID,1,0,1,,NULL
8,447,CE_GEN27794,low,genetic,MI:1271,,,BioGrid,17417969,PMID,1,0,1,,NULL
8,448,CE_GEN27795,low,genetic,MI:1271,,,BioGrid,17417969,PMID,1,0,1,,NULL
8,28,CE_GEN27796,high,genetic,MI:1271,,,WormBase;BioGrid,17417969;16845399,PMID,1,0,2,,NULL
8,449,CE_GEN27797,low,genetic,MI:1271,,,BioGrid,17417969,PMID,1,0,1,,NULL
8,450,CE_GEN27798,low,genetic,MI:1271,,,WormBase;BioGrid,17417969,PMID,1,0,1,,NULL
8,451,CE_GEN27799,low,genetic,MI:1271,,,BioGrid,17417969,PMID,1,0,1,,NULL
8,452,CE_GEN27800,low,genetic,MI:1271,,,BioGrid,17417969,PMID,1,0,1,,NULL
8,453,CE_GEN27801,low,genetic,MI:1271,,,BioGrid,17417969,PMID,1,0,1,,NULL
8,454,CE_GEN27802,low,genetic,MI:1271,,,BioGrid,17417969,PMID,1,0,1,,NULL
8,455,CE_GEN27803,low,genetic,MI:1271,,,BioGrid,17417969,PMID,1,0,1,,NULL
8,456,CE_GEN27804,low,genetic,MI:1271,,,BioGrid,17417969,PMID,1,0,1,,NULL
8,457,CE_GEN27805,low,genetic,MI:1271,,,BioGrid,17417969,PMID,1,0,1,,NULL
8,458,CE_GEN27806,low,genetic,MI:1271,,,BioGrid,17417969,PMID,1,0,1,,NULL
8,459,CE_GEN27807,low,genetic,MI:1271,,,BioGrid,17417969,PMID,1,0,1,,NULL
8,460,CE_GEN27808,low,genetic,MI:1271,,,BioGrid,17417969,PMID,1,0,1,,NULL
8,461,CE_GEN27809,low,genetic,MI:1271,,,BioGrid,17417969,PMID,1,0,1,,NULL
8,462,CE_GEN27810,low,genetic,MI:1271,,,BioGrid,17417969,PMID,1,0,1,,NULL
8,463,CE_GEN27811,low,genetic,MI:1271,,,BioGrid,17417969,PMID,1,0,1,,NULL
8,464,CE_GEN27812,low,genetic,MI:1271,,,BioGrid,17417969,PMID,1,0,1,,NULL
8,465,CE_GEN27813,low,genetic,MI:1271,,,BioGrid,17417969,PMID,1,0,1,,NULL
8,466,CE_GEN27814,low,genetic,MI:1271,,,BioGrid,17417969,PMID,1,0,1,,NULL
8,467,CE_GEN27815,low,genetic,MI:1271,,,BioGrid,17417969,PMID,1,0,1,,NULL
8,468,CE_GEN27816,low,genetic,MI:1271,,,BioGrid,17417969,PMID,1,0,1,,NULL
8,469,CE_GEN27817,low,genetic,MI:1271,,,WormBase;BioGrid,17417969,PMID,1,0,1,,NULL
8,470,CE_GEN27818,low,genetic,MI:1271,,,BioGrid,17417969,PMID,1,0,1,,NULL
8,471,CE_GEN27819,low,genetic,MI:1271,,,WormBase;BioGrid,17417969,PMID,1,0,1,,NULL
8,472,CE_GEN27820,low,genetic,MI:1271,,,BioGrid,17417969,PMID,1,0,1,,NULL
8,473,CE_GEN27821,low,genetic,MI:1271,,,BioGrid,17417969,PMID,1,0,1,,NULL
8,474,CE_GEN27822,low,genetic,MI:1271,,,BioGrid,17417969,PMID,1,0,1,,NULL
8,475,CE_GEN27823,low,genetic,MI:1271,,,BioGrid,17417969,PMID,1,0,1,,NULL
8,476,CE_GEN27824,low,genetic,MI:0796,,,WormBase;BioGrid,22412383,PMID,1,0,1,,NULL
8,477,CE_GEN27825,low,genetic,MI:1271,,,BioGrid,17417969,PMID,1,0,1,,NULL
8,478,CE_GEN27826,low,genetic,MI:1271,,,BioGrid,17417969,PMID,1,0,1,,NULL
8,479,CE_GEN27827,low,genetic,MI:1271,,,BioGrid,17417969,PMID,1,0,1,,NULL
8,480,CE_GEN27828,low,genetic,MI:1271,,,BioGrid,17417969,PMID,1,0,1,,NULL
8,481,CE_GEN27829,low,genetic,MI:1271,,,BioGrid,17417969,PMID,1,0,1,,NULL
8,482,CE_GEN27830,low,genetic,MI:1271,,,BioGrid,17417969,PMID,1,0,1,,NULL
8,483,CE_GEN27831,low,genetic,MI:1271,,,BioGrid,17417969,PMID,1,0,1,,NULL
8,484,CE_GEN27832,low,genetic,MI:1271,,,BioGrid,17417969,PMID,1,0,1,,NULL
8,485,CE_GEN27833,low,genetic,MI:1271,,,BioGrid,17417969,PMID,1,0,1,,NULL
8,486,CE_GEN27834,low,genetic,MI:1271,,,BioGrid,17417969,PMID,1,0,1,,NULL
8,487,CE_GEN27835,low,genetic,MI:1271,,,BioGrid,17417969,PMID,1,0,1,,NULL
8,488,CE_GEN27836,low,genetic,MI:1271,,,BioGrid,17417969,PMID,1,0,1,,NULL
8,489,CE_GEN27837,low,genetic,MI:1271,,,BioGrid,17417969,PMID,1,0,1,,NULL
8,490,CE_GEN27838,low,genetic,MI:1271,,,BioGrid,17417969,PMID,1,0,1,,NULL
8,491,CE_GEN27839,low,genetic,MI:1271,,,BioGrid,17417969,PMID,1,0,1,,NULL
8,492,CE_GEN27840,low,genetic,MI:1271,,,WormBase;BioGrid,17417969,PMID,1,0,1,,NULL
8,100,CE_GEN27841,low,genetic,MI:1271,,,WormBase;BioGrid,17417969,PMID,1,0,1,,NULL
8,493,CE_GEN27842,low,genetic,MI:1271,,,BioGrid,17417969,PMID,1,0,1,,NULL
8,494,CE_GEN27843,low,genetic,MI:1271,,,BioGrid,17417969,PMID,1,0,1,,NULL
8,495,CE_GEN27844,low,genetic,MI:1271,,,WormBase;BioGrid,17417969,PMID,1,0,1,,NULL
8,87,CE_GEN27845,low,genetic,MI:1271,,,BioGrid,17417969,PMID,1,0,1,,NULL
8,496,CE_GEN27846,low,genetic,MI:1271,,,BioGrid,17417969,PMID,1,0,1,,NULL
8,497,CE_GEN27847,low,genetic,MI:1271,,,BioGrid,17417969,PMID,1,0,1,,NULL
8,498,CE_GEN27848,low,genetic,MI:1271,,,BioGrid,17417969,PMID,1,0,1,,NULL
8,499,CE_GEN27849,low,genetic,MI:1271,,,BioGrid,17417969,PMID,1,0,1,,NULL
8,500,CE_GEN27850,low,genetic,MI:1271,,,BioGrid,17417969,PMID,1,0,1,,NULL
8,501,CE_GEN27851,low,genetic,MI:1271,,,BioGrid,17417969,PMID,1,0,1,,NULL
8,502,CE_GEN27852,low,genetic,MI:1271,,,BioGrid,17417969,PMID,1,0,1,,NULL
8,11,CE_GEN27853,low,genetic,MI:0933,,,WormBase;BioGrid,17897480,PMID,1,0,1,,NULL
8,503,CE_GEN27854,low,genetic,MI:1271,,,BioGrid,17417969,PMID,1,0,1,,NULL
8,504,CE_GEN27855,low,genetic,MI:1271,,,BioGrid,17417969,PMID,1,0,1,,NULL
8,505,CE_GEN27856,low,genetic,MI:1271,,,BioGrid,17417969,PMID,1,0,1,,NULL
8,506,CE_GEN27857,low,genetic,MI:1271,,,BioGrid,17417969,PMID,1,0,1,,NULL
8,507,CE_GEN27858,low,genetic,MI:1271,,,BioGrid,17417969,PMID,1,0,1,,NULL
8,508,CE_GEN27859,low,genetic,MI:1271,,,BioGrid,17417969,PMID,1,0,1,,NULL
8,509,CE_GEN27860,low,genetic,MI:1271,,,BioGrid,17417969,PMID,1,0,1,,NULL
8,510,CE_GEN27861,low,genetic,MI:1271,,,BioGrid,17417969,PMID,1,0,1,,NULL
8,511,CE_GEN27862,low,genetic,MI:1271,,,BioGrid,17417969,PMID,1,0,1,,NULL
8,512,CE_GEN27863,low,genetic,MI:1271,,,BioGrid,17417969,PMID,1,0,1,,NULL
8,513,CE_GEN27864,low,genetic,MI:1271,,,BioGrid,17417969,PMID,1,0,1,,NULL
8,514,CE_GEN27865,low,genetic,MI:1271,,,BioGrid,17417969,PMID,1,0,1,,NULL
8,515,CE_GEN27866,low,genetic,MI:1271,,,BioGrid,17417969,PMID,1,0,1,,NULL
8,516,CE_GEN27867,low,genetic,MI:1271,,,BioGrid,17417969,PMID,1,0,1,,NULL
8,517,CE_GEN27868,low,genetic,MI:1271,,,BioGrid,17417969,PMID,1,0,1,,NULL
8,518,CE_GEN27869,low,genetic,MI:1271,,,BioGrid,17417969,PMID,1,0,1,,NULL
8,519,CE_GEN27870,low,genetic,MI:1271,,,BioGrid,17417969,PMID,1,0,1,,NULL
8,520,CE_GEN27871,low,genetic,MI:1271,,,BioGrid,17417969,PMID,1,0,1,,NULL
8,521,CE_GEN27872,low,genetic,MI:1271,,,BioGrid,17417969,PMID,1,0,1,,NULL
8,522,CE_GEN27873,low,genetic,MI:1271,,,BioGrid,17417969,PMID,1,0,1,,NULL
8,523,CE_GEN27874,low,genetic,MI:1271,,,BioGrid,17417969,PMID,1,0,1,,NULL
8,524,CE_GEN27875,low,genetic,MI:1271,,,BioGrid,17417969,PMID,1,0,1,,NULL
8,525,CE_GEN27876,low,genetic,MI:1271,,,BioGrid,17417969,PMID,1,0,1,,NULL
8,526,CE_GEN27877,low,genetic,MI:1271,,,BioGrid,17417969,PMID,1,0,1,,NULL
8,527,CE_GEN27878,low,genetic,MI:1271,,,BioGrid,17417969,PMID,1,0,1,,NULL
8,528,CE_GEN27879,low,genetic,MI:1271,,,BioGrid,17417969,PMID,1,0,1,,NULL
8,529,CE_GEN27880,low,genetic,MI:1271,,,BioGrid,17417969,PMID,1,0,1,,NULL
8,530,CE_GEN27881,low,genetic,MI:1271,,,BioGrid,17417969,PMID,1,0,1,,NULL
8,531,CE_GEN27882,low,genetic,MI:1271,,,BioGrid,17417969,PMID,1,0,1,,NULL
8,532,CE_GEN27883,low,genetic,MI:1271,,,BioGrid,17417969,PMID,1,0,1,,NULL
8,533,CE_GEN27884,low,genetic,MI:1271,,,BioGrid,17417969,PMID,1,0,1,,NULL
8,534,CE_GEN27885,low,genetic,MI:1271,,,BioGrid,17417969,PMID,1,0,1,,NULL
8,535,CE_GEN27886,low,genetic,MI:1271,,,BioGrid,17417969,PMID,1,0,1,,NULL
8,536,CE_GEN27887,low,genetic,MI:1271,,,BioGrid,17417969,PMID,1,0,1,,NULL
8,537,CE_GEN27888,low,genetic,MI:1271,,,BioGrid,17417969,PMID,1,0,1,,NULL
8,538,CE_GEN27889,low,genetic,MI:1271,,,BioGrid,17417969,PMID,1,0,1,,NULL
8,539,CE_GEN27890,low,genetic,MI:1271,,,BioGrid,17417969,PMID,1,0,1,,NULL
8,540,CE_GEN27891,low,genetic,MI:1271,,,BioGrid,17417969,PMID,1,0,1,,NULL
8,541,CE_GEN27892,low,genetic,MI:1271,,,BioGrid,17417969,PMID,1,0,1,,NULL
8,542,CE_GEN27893,low,genetic,MI:1271,,,BioGrid,17417969,PMID,1,0,1,,NULL
8,543,CE_GEN27894,low,genetic,MI:1271,,,BioGrid,17417969,PMID,1,0,1,,NULL
8,544,CE_GEN27895,low,genetic,MI:1271,,,BioGrid,17417969,PMID,1,0,1,,NULL
8,545,CE_GEN27896,low,genetic,MI:1271,,,BioGrid,17417969,PMID,1,0,1,,NULL
8,546,CE_GEN27897,low,genetic,MI:1271,,,BioGrid,17417969,PMID,1,0,1,,NULL
8,547,CE_GEN27898,low,genetic,MI:1271,,,BioGrid,17417969,PMID,1,0,1,,NULL
8,548,CE_GEN27899,low,genetic,MI:1271,,,BioGrid,17417969,PMID,1,0,1,,NULL
8,549,CE_GEN27900,low,genetic,MI:1271,,,BioGrid,17417969,PMID,1,0,1,,NULL
8,550,CE_GEN27901,low,genetic,MI:1271,,,WormBase;BioGrid,17417969,PMID,1,0,1,,NULL
8,551,CE_GEN27902,low,genetic,MI:1271,,,BioGrid,17417969,PMID,1,0,1,,NULL
8,552,CE_GEN27903,low,genetic,MI:1271,,,BioGrid,17417969,PMID,1,0,1,,NULL
8,553,CE_GEN27904,low,genetic,MI:1271,,,BioGrid,17417969,PMID,1,0,1,,NULL
8,554,CE_GEN27905,low,genetic,MI:1271,,,BioGrid,17417969,PMID,1,0,1,,NULL
8,555,CE_GEN27906,low,genetic,MI:1271,,,BioGrid,17417969,PMID,1,0,1,,NULL
8,556,CE_GEN27907,low,genetic,MI:1271,,,BioGrid,17417969,PMID,1,0,1,,NULL
8,557,CE_GEN27908,low,genetic,MI:1271,,,BioGrid,17417969,PMID,1,0,1,,NULL
8,558,CE_GEN27909,low,genetic,MI:1271,,,WormBase;BioGrid,17417969,PMID,1,0,1,,NULL
8,559,CE_GEN27910,low,genetic,MI:1271,,,BioGrid,17417969,PMID,1,0,1,,NULL
8,560,CE_GEN27911,low,genetic,MI:1271,,,BioGrid,17417969,PMID,1,0,1,,NULL
8,561,CE_GEN27912,low,genetic,MI:1271,,,BioGrid,17417969,PMID,1,0,1,,NULL
8,562,CE_GEN27913,low,genetic,MI:1271,,,BioGrid,17417969,PMID,1,0,1,,NULL
8,563,CE_GEN27914,low,genetic,MI:1271,,,BioGrid,17417969,PMID,1,0,1,,NULL
8,564,CE_GEN27915,low,genetic,MI:1271,,,BioGrid,17417969,PMID,1,0,1,,NULL
8,565,CE_GEN27916,low,genetic,MI:1271,,,BioGrid,17417969,PMID,1,0,1,,NULL
8,566,CE_GEN27917,low,genetic,MI:1271,,,BioGrid,17417969,PMID,1,0,1,,NULL
8,567,CE_GEN27918,low,genetic,MI:1271,,,BioGrid,17417969,PMID,1,0,1,,NULL
8,568,CE_GEN27919,low,genetic,MI:1271,,,BioGrid,17417969,PMID,1,0,1,,NULL
8,569,CE_GEN27920,low,genetic,MI:1271,,,WormBase;BioGrid,17417969,PMID,1,0,1,,NULL
8,570,CE_GEN27921,low,genetic,MI:1271,,,BioGrid,17417969,PMID,1,0,1,,NULL
8,90,CE_GEN27922,low,genetic,MI:1271,,,BioGrid,17417969,PMID,1,0,1,,NULL
8,571,CE_GEN27923,low,genetic,MI:1271,,,BioGrid,17417969,PMID,1,0,1,,NULL
8,572,CE_GEN27924,low,genetic,MI:1271,,,BioGrid,17417969,PMID,1,0,1,,NULL
8,573,CE_GEN27925,low,genetic,MI:1271,,,BioGrid,17417969,PMID,1,0,1,,NULL
8,574,CE_GEN27926,low,genetic,MI:1271,,,BioGrid,17417969,PMID,1,0,1,,NULL
8,575,CE_GEN27927,low,genetic,MI:1271,,,BioGrid,17417969,PMID,1,0,1,,NULL
8,576,CE_GEN27928,low,genetic,MI:1271,,,BioGrid,17417969,PMID,1,0,1,,NULL
8,577,CE_GEN27929,low,genetic,MI:1271,,,BioGrid,17417969,PMID,1,0,1,,NULL
8,578,CE_GEN27930,low,genetic,MI:1271,,,BioGrid,17417969,PMID,1,0,1,,NULL
8,579,CE_GEN27931,low,genetic,MI:1271,,,BioGrid,17417969,PMID,1,0,1,,NULL
8,580,CE_GEN27932,low,genetic,MI:1271,,,BioGrid,17417969,PMID,1,0,1,,NULL
8,581,CE_GEN27933,low,genetic,MI:1271,,,BioGrid,17417969,PMID,1,0,1,,NULL
8,582,CE_GEN27934,low,genetic,MI:1271,,,BioGrid,17417969,PMID,1,0,1,,NULL
8,583,CE_GEN27935,low,genetic,MI:1271,,,BioGrid,17417969,PMID,1,0,1,,NULL
8,584,CE_GEN27936,low,genetic,MI:1271,,,BioGrid,17417969,PMID,1,0,1,,NULL
8,585,CE_GEN27937,low,genetic,MI:1271,,,BioGrid,17417969,PMID,1,0,1,,NULL
8,586,CE_GEN27938,low,genetic,MI:1271,,,BioGrid,17417969,PMID,1,0,1,,NULL
8,587,CE_GEN27939,low,genetic,MI:1271,,,BioGrid,17417969,PMID,1,0,1,,NULL
8,588,CE_GEN27940,low,genetic,MI:1271,,,BioGrid,17417969,PMID,1,0,1,,NULL
8,589,CE_GEN27941,low,genetic,MI:1271,,,BioGrid,17417969,PMID,1,0,1,,NULL
8,590,CE_GEN27942,low,genetic,MI:1271,,,BioGrid,17417969,PMID,1,0,1,,NULL
8,591,CE_GEN27943,low,genetic,MI:1271,,,BioGrid,17417969,PMID,1,0,1,,NULL
8,592,CE_GEN27944,low,genetic,MI:1271,,,BioGrid,17417969,PMID,1,0,1,,NULL
8,593,CE_GEN27945,low,genetic,MI:1271,,,WormBase;BioGrid,17417969,PMID,1,0,1,,NULL
8,594,CE_GEN27946,low,genetic,MI:1271,,,WormBase;BioGrid,17417969,PMID,1,0,1,,NULL
8,595,CE_GEN27947,low,genetic,MI:1271,,,BioGrid,17417969,PMID,1,0,1,,NULL
8,93,CE_GEN27948,low,genetic,MI:1271,,,WormBase;BioGrid,17417969,PMID,1,0,1,,NULL
8,596,CE_GEN27949,low,genetic,MI:1271,,,BioGrid,17417969,PMID,1,0,1,,NULL
8,597,CE_GEN27950,low,genetic,MI:1271,,,BioGrid,17417969,PMID,1,0,1,,NULL
8,598,CE_GEN27951,low,genetic,MI:1271,,,BioGrid,17417969,PMID,1,0,1,,NULL
8,599,CE_GEN27952,low,genetic,MI:1271,,,BioGrid,17417969,PMID,1,0,1,,NULL
8,600,CE_GEN27953,low,genetic,MI:1271,,,BioGrid,17417969,PMID,1,0,1,,NULL
8,601,CE_GEN27954,low,genetic,MI:1271,,,BioGrid,17417969,PMID,1,0,1,,NULL
8,602,CE_GEN27955,low,genetic,MI:1271,,,BioGrid,17417969,PMID,1,0,1,,NULL
8,1127,CE_GEN_2666944,low,genetic,,,,WormBase,,-,0,0,0,,NULL
8,1383,CE_GEN_2666945,low,genetic,,,,WormBase,,-,0,0,0,,NULL
8,106,CE_GEN_2666946,low,genetic,,,,WormBase,,-,0,0,0,,NULL
8,97,CE_GEN_2666947,low,genetic,,,,WormBase,,-,0,0,0,,NULL
8,1464,CE_GEN_2666948,low,genetic,,,,WormBase,,-,0,0,0,,NULL
8,1465,CE_GEN_2666949,low,genetic,,,,WormBase,,-,0,0,0,,NULL
8,1466,CE_GEN_2666950,low,genetic,,,,WormBase,,-,0,0,0,,NULL
8,1467,CE_GEN_2666951,low,genetic,,,,WormBase,,-,0,0,0,,NULL
8,27,CE_GEN_2666952,low,genetic,,,,WormBase,,-,0,0,0,,NULL
8,1468,CE_GEN_2666953,low,genetic,,,,WormBase,,-,0,0,0,,NULL
8,1469,CE_GEN_2666954,moderate,genetic,,,,WormBase,,-,0,0,0,,NULL
8,1470,CE_GEN_2666955,low,genetic,,,,WormBase,,-,0,0,0,,NULL
8,1471,CE_GEN_2666956,low,genetic,,,,WormBase,,-,0,0,0,,NULL
8,1472,CE_GEN_2666957,low,genetic,,,,WormBase,,-,0,0,0,,NULL
8,1360,CE_GEN_2666958,moderate,genetic,,,,WormBase,,-,0,0,0,,NULL
8,685,CE_GEN_2666959,low,genetic,,,,WormBase,,-,0,0,0,,NULL
8,1473,CE_GEN_2666960,moderate,genetic,,,,WormBase,,-,0,0,0,,NULL
8,1474,CE_GEN_2666961,low,genetic,,,,WormBase,,-,0,0,0,,NULL
8,1475,CE_GEN_2666962,low,genetic,,,,WormBase,,-,0,0,0,,NULL
8,653,CE_GEN_2666963,low,genetic,,,,WormBase,,-,0,0,0,,NULL
8,76,CE_GEN_2666964,low,genetic,,,,WormBase,,-,0,0,0,,NULL
8,1012,CE_GEN_2666965,low,genetic,,,,WormBase,,-,0,0,0,,NULL
8,796,CE_GEN_2666966,low,genetic,,,,WormBase,,-,0,0,0,,NULL
8,1476,CE_GEN_2666967,low,genetic,,,,WormBase,,-,0,0,0,,NULL
8,1477,CE_GEN_2666968,low,genetic,,,,WormBase,,-,0,0,0,,NULL
8,1478,CE_GEN_2666969,low,genetic,,,,WormBase,,-,0,0,0,,NULL
8,645,CE_GEN_2666970,low,genetic,,,,WormBase,,-,0,0,0,,NULL
8,1406,CE_GEN_2666971,low,genetic,,,,WormBase,,-,0,0,0,,NULL
8,1479,CE_GEN_2666972,low,genetic,,,,WormBase,,-,0,0,0,,NULL
8,1480,CE_GEN_2666973,low,genetic,,,,WormBase,,-,0,0,0,,NULL
8,1481,CE_GEN_2666974,low,genetic,,,,WormBase,,-,0,0,0,,NULL
8,1482,CE_GEN_2666975,low,genetic,,,,WormBase,,-,0,0,0,,NULL
8,682,CE_GEN_2666976,low,genetic,,,,WormBase,,-,0,0,0,,NULL
8,1217,CE_GEN_2666977,low,genetic,,,,WormBase,,-,0,0,0,,NULL
8,1307,CE_GEN_2666978,moderate,genetic,,,,WormBase,,-,0,0,0,,NULL
8,1483,CE_GEN_2666979,low,genetic,,,,WormBase,,-,0,0,0,,NULL
8,1484,CE_GEN_2666980,low,genetic,,,,WormBase,,-,0,0,0,,NULL
8,683,CE_GEN_2666981,low,genetic,,,,WormBase,,-,0,0,0,,NULL
8,1485,CE_GEN_2666982,low,genetic,,,,WormBase,,-,0,0,0,,NULL
8,1486,CE_GEN_2666983,low,genetic,,,,WormBase,,-,0,0,0,,NULL
8,642,CE_GEN_2666984,moderate,genetic,,,,WormBase,,-,0,0,0,,NULL
8,1373,CE_GEN_2666985,moderate,genetic,,,,WormBase,,-,0,0,0,,NULL
8,687,CE_GEN_2666986,low,genetic,,,,WormBase,,-,0,0,0,,NULL
8,101,CE_GEN_2666987,low,genetic,,,,WormBase,,-,0,0,0,,NULL
8,1487,CE_GEN_2666988,low,genetic,,,,WormBase,,-,0,0,0,,NULL
8,1488,CE_GEN_2666989,moderate,genetic,,,,WormBase,,-,0,0,0,,NULL
8,1312,CE_GEN_2666990,low,genetic,,,,WormBase,,-,0,0,0,,NULL
8,1202,CE_GEN_2666991,low,genetic,,,,WormBase,,-,0,0,0,,NULL
8,1489,CE_GEN_2666992,low,genetic,,,,WormBase,,-,0,0,0,,NULL
8,1490,CE_GEN_2666993,low,genetic,,,,WormBase,,-,0,0,0,,NULL
9,10,CE_GEN27276,low,genetic,MI:0933,,,WormBase;BioGrid,17897480,PMID,1,0,1,,NULL
9,11,CE_GEN27280,low,genetic,MI:0933,,,WormBase;BioGrid,17897480,PMID,1,0,1,,NULL
10,17,CE_GEN28430,low,genetic,MI:0933,,,WormBase;BioGrid,17897480,PMID,1,0,1,,NULL
10,31,CE_GEN28431,low,genetic,MI:0933,,,WormBase;BioGrid,17897480,PMID,1,0,1,,NULL
10,103,CE_GEN28432,low,genetic,MI:0933,,,WormBase;BioGrid,17897480,PMID,1,0,1,,NULL
10,604,CE_GEN28434,low,genetic,MI:0933,,,WormBase;BioGrid,17897480,PMID,1,0,1,,NULL
10,133,CE_GEN28435,moderate,genetic,MI:0933,,,WormBase;BioGrid,17897480,PMID,1,0,1,,NULL
10,617,CE_GEN28436,low,genetic,MI:0933,,,WormBase;BioGrid,17897480,PMID,1,0,1,,NULL
10,620,CE_GEN28437,low,genetic,MI:0933,,,WormBase;BioGrid,17897480,PMID,1,0,1,,NULL
10,57,CE_GEN28438,low,genetic,MI:0933,,,WormBase;BioGrid,17897480,PMID,1,0,1,,NULL
10,630,CE_GEN28439,low,genetic,MI:0933,,,WormBase;BioGrid,17897480,PMID,1,0,1,,NULL
10,639,CE_GEN28440,low,genetic,MI:0933,,,WormBase;BioGrid,17897480,PMID,1,0,1,,NULL
10,615,CE_GEN28441,low,genetic,MI:0933,,,WormBase;BioGrid,17897480,PMID,1,0,1,,NULL
10,654,CE_GEN28442,low,genetic,MI:0933,,,WormBase;BioGrid,17897480,PMID,1,0,1,,NULL
10,663,CE_GEN28443,low,genetic,MI:0933,,,WormBase;BioGrid,17897480,PMID,1,0,1,,NULL
10,181,CE_GEN28444,low,genetic,MI:0933,,,WormBase;BioGrid,17897480,PMID,1,0,1,,NULL
10,666,CE_GEN28445,low,genetic,MI:0933,,,WormBase;BioGrid,17897480,PMID,1,0,1,,NULL
10,185,CE_GEN28446,low,genetic,MI:0933,,,WormBase;BioGrid,17897480,PMID,1,0,1,,NULL
10,107,CE_GEN28447,moderate,genetic,MI:0933,,,WormBase;BioGrid,17897480,PMID,1,0,1,,NULL
10,714,CE_GEN28448,low,genetic,MI:0933,,,WormBase;BioGrid,17897480,PMID,1,0,1,,NULL
10,715,CE_GEN28449,low,genetic,MI:0933,,,WormBase;BioGrid,17897480,PMID,1,0,1,,NULL
10,716,CE_GEN28450,low,genetic,MI:0933,,,WormBase;BioGrid,17897480,PMID,1,0,1,,NULL
10,721,CE_GEN28451,low,genetic,MI:0933,,,WormBase;BioGrid,17897480,PMID,1,0,1,,NULL
10,722,CE_GEN28452,low,genetic,MI:0933,,,WormBase;BioGrid,17897480,PMID,1,0,1,,NULL
10,723,CE_GEN28453,low,genetic,MI:0933,,,WormBase;BioGrid,17897480,PMID,1,0,1,,NULL
10,724,CE_GEN28454,low,genetic,MI:0933,,,WormBase;BioGrid,17897480,PMID,1,0,1,,NULL
10,248,CE_GEN28455,low,genetic,MI:0933,,,WormBase;BioGrid,17897480,PMID,1,0,1,,NULL
10,725,CE_GEN28456,low,genetic,MI:0933,,,WormBase;BioGrid,17897480,PMID,1,0,1,,NULL
10,726,CE_GEN28457,low,genetic,MI:0933,,,WormBase;BioGrid,17897480,PMID,1,0,1,,NULL
10,727,CE_GEN28458,low,genetic,MI:0933,,,WormBase;BioGrid,17897480,PMID,1,0,1,,NULL
10,728,CE_GEN28459,low,genetic,MI:0933,,,WormBase;BioGrid,17897480,PMID,1,0,1,,NULL
10,729,CE_GEN28460,low,genetic,MI:0933,,,WormBase;BioGrid,17897480,PMID,1,0,1,,NULL
10,288,CE_GEN28461,low,genetic,MI:0933,,,WormBase;BioGrid,17897480,PMID,1,0,1,,NULL
10,108,CE_GEN28462,low,genetic,MI:0933,,,WormBase;BioGrid,17897480,PMID,1,0,1,,NULL
10,730,CE_GEN28463,low,genetic,MI:0933,,,WormBase;BioGrid,17897480,PMID,1,0,1,,NULL
10,731,CE_GEN28464,low,genetic,MI:0933,,,WormBase;BioGrid,17897480,PMID,1,0,1,,NULL
10,308,CE_GEN28465,low,genetic,MI:0933,,,WormBase;BioGrid,17897480,PMID,1,0,1,,NULL
10,732,CE_GEN28466,low,genetic,MI:0933,,,WormBase;BioGrid,17897480,PMID,1,0,1,,NULL
10,733,CE_GEN28467,low,genetic,MI:0933,,,WormBase;BioGrid,17897480,PMID,1,0,1,,NULL
10,734,CE_GEN28468,low,genetic,MI:0933,,,WormBase;BioGrid,17897480,PMID,1,0,1,,NULL
10,98,CE_GEN28469,low,genetic,MI:0933,,,WormBase;BioGrid,17897480,PMID,1,0,1,,NULL
10,735,CE_GEN28470,low,genetic,MI:0933,,,WormBase;BioGrid,17897480,PMID,1,0,1,,NULL
10,736,CE_GEN28471,low,genetic,MI:0933,,,WormBase;BioGrid,17897480,PMID,1,0,1,,NULL
10,737,CE_GEN28472,low,genetic,MI:0933,,,WormBase;BioGrid,17897480,PMID,1,0,1,,NULL
10,738,CE_GEN28473,low,genetic,MI:0933,,,WormBase;BioGrid,17897480,PMID,1,0,1,,NULL
10,384,CE_GEN28474,low,genetic,MI:0933,,,WormBase;BioGrid,17897480,PMID,1,0,1,,NULL
10,739,CE_GEN28475,low,genetic,MI:0933,,,WormBase;BioGrid,17897480,PMID,1,0,1,,NULL
10,393,CE_GEN28476,low,genetic,MI:0933,,,WormBase;BioGrid,17897480,PMID,1,0,1,,NULL
10,740,CE_GEN28477,low,genetic,MI:0933,,,WormBase;BioGrid,17897480,PMID,1,0,1,,NULL
10,741,CE_GEN28478,low,genetic,MI:0933,,,WormBase;BioGrid,17897480,PMID,1,0,1,,NULL
10,742,CE_GEN28479,low,genetic,MI:0933,,,WormBase;BioGrid,17897480,PMID,1,0,1,,NULL
10,743,CE_GEN28480,low,genetic,MI:0933,,,WormBase;BioGrid,17897480,PMID,1,0,1,,NULL
10,744,CE_GEN28481,low,genetic,MI:0933,,,WormBase;BioGrid,17897480,PMID,1,0,1,,NULL
10,412,CE_GEN28482,low,genetic,MI:0933,,,WormBase;BioGrid,17897480,PMID,1,0,1,,NULL
10,745,CE_GEN28484,low,genetic,MI:0933,,,WormBase;BioGrid,17897480,PMID,1,0,1,,NULL
10,746,CE_GEN28485,low,genetic,MI:0933,,,WormBase;BioGrid,17897480,PMID,1,0,1,,NULL
10,747,CE_GEN28486,low,genetic,MI:0933,,,WormBase;BioGrid,17897480,PMID,1,0,1,,NULL
10,748,CE_GEN28487,low,genetic,MI:0933,,,WormBase;BioGrid,17897480,PMID,1,0,1,,NULL
10,28,CE_GEN28488,low,genetic,MI:0933,,,WormBase;BioGrid,17897480,PMID,1,0,1,,NULL
10,109,CE_GEN28489,low,genetic,MI:0933,,,WormBase;BioGrid,17897480,PMID,1,0,1,,NULL
10,749,CE_GEN28490,low,genetic,MI:0933,,,WormBase;BioGrid,17897480,PMID,1,0,1,,NULL
10,750,CE_GEN28491,low,genetic,MI:0933,,,WormBase;BioGrid,17897480,PMID,1,0,1,,NULL
10,751,CE_GEN28492,low,genetic,MI:0933,,,WormBase;BioGrid,17897480,PMID,1,0,1,,NULL
10,752,CE_GEN28493,low,genetic,MI:0933,,,WormBase;BioGrid,17897480,PMID,1,0,1,,NULL
10,606,CE_GEN28494,low,genetic,MI:0933,,,WormBase;BioGrid,17897480,PMID,1,0,1,,NULL
10,100,CE_GEN28495,low,genetic,MI:0933,,,WormBase;BioGrid,17897480,PMID,1,0,1,,NULL
10,753,CE_GEN28496,low,genetic,MI:0933,,,WormBase;BioGrid,17897480,PMID,1,0,1,,NULL
10,754,CE_GEN28497,low,genetic,MI:0933,,,WormBase;BioGrid,17897480,PMID,1,0,1,,NULL
10,755,CE_GEN28498,low,genetic,MI:0933,,,WormBase;BioGrid,17897480,PMID,1,0,1,,NULL
10,11,CE_GEN28499,low,genetic,MI:0933,,,WormBase;BioGrid,17897480,PMID,1,0,1,,NULL
10,756,CE_GEN28501,low,genetic,MI:0933,,,WormBase;BioGrid,17897480,PMID,1,0,1,,NULL
10,687,CE_GEN28502,low,genetic,MI:0933,,,WormBase;BioGrid,17897480,PMID,1,0,1,,NULL
10,757,CE_GEN28503,low,genetic,MI:0933,,,WormBase;BioGrid,17897480,PMID,1,0,1,,NULL
10,758,CE_GEN28504,low,genetic,MI:0933,,,WormBase;BioGrid,17897480,PMID,1,0,1,,NULL
10,759,CE_GEN28505,low,genetic,MI:0933,,,WormBase;BioGrid,17897480,PMID,1,0,1,,NULL
10,760,CE_GEN28506,low,genetic,MI:0933,,,WormBase;BioGrid,17897480,PMID,1,0,1,,NULL
10,761,CE_GEN28507,low,genetic,MI:0933,,,WormBase;BioGrid,17897480,PMID,1,0,1,,NULL
10,651,CE_GEN28508,moderate,genetic,MI:0933,,,WormBase;BioGrid,17897480,PMID,1,0,1,,NULL
10,762,CE_GEN28509,low,genetic,MI:0933,,,WormBase;BioGrid,17897480,PMID,1,0,1,,NULL
10,1285,CE_GEN_2668584,low,genetic,,,,WormBase,,-,0,0,0,,NULL
10,122,CE_GEN_2668585,low,genetic,,,,WormBase,,-,0,0,0,,NULL
10,1459,CE_GEN_2668586,low,genetic,,,,WormBase,,-,0,0,0,,NULL
10,837,CE_GEN_2668587,low,genetic,,,,WormBase,,-,0,0,0,,NULL
10,1827,CE_GEN_2668588,low,genetic,,,,WormBase,,-,0,0,0,,NULL
10,2088,CE_GEN_2668589,low,genetic,,,,WormBase,,-,0,0,0,,NULL
10,982,CE_GEN_2668590,moderate,genetic,,,,WormBase,,-,0,0,0,,NULL
10,2089,CE_GEN_2668591,low,genetic,,,,WormBase,,-,0,0,0,,NULL
10,1462,CE_GEN_2668592,low,genetic,,,,WormBase,,-,0,0,0,,NULL
10,1984,CE_GEN_2668593,moderate,genetic,,,,WormBase,,-,0,0,0,,NULL
11,17,CE_GEN30938,low,genetic,MI:0933,,,WormBase;BioGrid,17897480,PMID,1,0,1,,NULL
11,26,CE_GEN30939,low,genetic,MI:0933,,,WormBase;BioGrid,17897480,PMID,1,0,1,,NULL
11,31,CE_GEN30940,low,genetic,MI:0933,,,WormBase;BioGrid,17897480,PMID,1,0,1,,NULL
11,36,CE_GEN30941,low,genetic,MI:0933,,,WormBase;BioGrid,17897480,PMID,1,0,1,,NULL
11,103,CE_GEN30942,low,genetic,MI:0933,,,WormBase;BioGrid,17897480,PMID,1,0,1,,NULL
11,121,CE_GEN30943,low,genetic,MI:0933,,,WormBase;BioGrid,17897480,PMID,1,0,1,,NULL
11,603,CE_GEN30945,low,genetic,MI:0933,,,WormBase;BioGrid,17897480,PMID,1,0,1,,NULL
11,605,CE_GEN30946,low,genetic,MI:0933,,,WormBase;BioGrid,17897480,PMID,1,0,1,,NULL
11,133,CE_GEN30947,low,genetic,MI:0933,,,WormBase;BioGrid,17897480,PMID,1,0,1,,NULL
11,607,CE_GEN30948,low,genetic,MI:0933,,,WormBase;BioGrid,17897480,PMID,1,0,1,,NULL
11,617,CE_GEN30949,low,genetic,MI:0933,,,WormBase;BioGrid,17897480,PMID,1,0,1,,NULL
11,620,CE_GEN30950,low,genetic,MI:0933,,,WormBase;BioGrid,17897480,PMID,1,0,1,,NULL
11,623,CE_GEN30951,low,genetic,MI:0933,,,WormBase;BioGrid,17897480,PMID,1,0,1,,NULL
11,624,CE_GEN30952,low,genetic,MI:1271,,,WormBase;BioGrid,16845399,PMID,1,0,1,,NULL
11,149,CE_GEN30953,low,genetic,MI:1271,,,WormBase;BioGrid,16845399,PMID,1,0,1,,NULL
11,630,CE_GEN30954,low,genetic,MI:0933,,,WormBase;BioGrid,17897480,PMID,1,0,1,,NULL
11,639,CE_GEN30955,high,genetic,MI:0933;MI:1271,,,WormBase;BioGrid,17897480;16845399,PMID,2,0,2,,NULL
11,615,CE_GEN30956,low,genetic,MI:0933,,,WormBase;BioGrid,17897480,PMID,1,0,1,,NULL
11,652,CE_GEN30957,low,genetic,MI:0796,,,WormBase;BioGrid,15935762,PMID,1,0,1,,NULL
11,661,CE_GEN30958,low,genetic,MI:0933,,,WormBase;BioGrid,17897480,PMID,1,0,1,,NULL
11,662,CE_GEN30959,low,genetic,MI:0796,,,WormBase;BioGrid,15905404,PMID,1,0,1,,NULL
11,663,CE_GEN30960,low,genetic,MI:0933,,,WormBase;BioGrid,17897480,PMID,1,0,1,,NULL
11,181,CE_GEN30961,low,genetic,MI:0933,,,WormBase;BioGrid,17897480,PMID,1,0,1,,NULL
11,666,CE_GEN30962,low,genetic,MI:0933,,,WormBase;BioGrid,17897480,PMID,1,0,1,,NULL
11,185,CE_GEN30963,low,genetic,MI:0933,,,WormBase;BioGrid,17897480,PMID,1,0,1,,NULL
11,15,CE_GEN30964,low,genetic,MI:0796,,,WormBase;BioGrid,12023307,PMID,1,0,1,,NULL
11,107,CE_GEN30965,high,genetic,MI:0933;MI:1271,,,WormBase;BioGrid,17897480;16845399,PMID,2,0,2,,NULL
11,693,CE_GEN30966,low,genetic,MI:0933,,,WormBase;BioGrid,17897480,PMID,1,0,1,,NULL
11,714,CE_GEN30967,low,genetic,MI:0933,,,WormBase;BioGrid,17897480,PMID,1,0,1,,NULL
11,716,CE_GEN30968,low,genetic,MI:0933,,,WormBase;BioGrid,17897480,PMID,1,0,1,,NULL
11,721,CE_GEN30970,low,genetic,MI:0933,,,WormBase;BioGrid,17897480,PMID,1,0,1,,NULL
11,722,CE_GEN30971,low,genetic,MI:0933,,,WormBase;BioGrid,17897480,PMID,1,0,1,,NULL
11,724,CE_GEN30972,low,genetic,MI:0933,,,WormBase;BioGrid,17897480,PMID,1,0,1,,NULL
11,248,CE_GEN30973,low,genetic,MI:0933,,,WormBase;BioGrid,17897480,PMID,1,0,1,,NULL
11,725,CE_GEN30974,low,genetic,MI:0933,,,WormBase;BioGrid,17897480,PMID,1,0,1,,NULL
11,727,CE_GEN30975,low,genetic,MI:0933,,,WormBase;BioGrid,17897480,PMID,1,0,1,,NULL
11,685,CE_GEN30976,low,genetic,MI:1271,,,WormBase;BioGrid,16845399,PMID,1,0,1,,NULL
11,698,CE_GEN30977,low,genetic,MI:1271,,,WormBase;BioGrid,16845399,PMID,1,0,1,,NULL
11,729,CE_GEN30978,low,genetic,MI:0933,,,WormBase;BioGrid,17897480,PMID,1,0,1,,NULL
11,777,CE_GEN30979,low,genetic,MI:0933,,,WormBase;BioGrid,17897480,PMID,1,0,1,,NULL
11,288,CE_GEN30980,low,genetic,MI:0933,,,WormBase;BioGrid,17897480,PMID,1,0,1,,NULL
11,108,CE_GEN30981,low,genetic,MI:0933,,,WormBase;BioGrid,17897480,PMID,1,0,1,,NULL
11,914,CE_GEN30983,low,genetic,MI:0933,,,WormBase;BioGrid,17897480,PMID,1,0,1,,NULL
11,730,CE_GEN30984,low,genetic,MI:0933,,,WormBase;BioGrid,17897480,PMID,1,0,1,,NULL
11,927,CE_GEN30985,low,genetic,MI:0933,,,WormBase;BioGrid,17897480,PMID,1,0,1,,NULL
11,929,CE_GEN30986,low,genetic,MI:0933,,,WormBase;BioGrid,17897480,PMID,1,0,1,,NULL
11,731,CE_GEN30987,low,genetic,MI:0933,,,WormBase;BioGrid,17897480,PMID,1,0,1,,NULL
11,304,CE_GEN30988,low,genetic,MI:0933,,,WormBase;BioGrid,17897480,PMID,1,0,1,,NULL
11,632,CE_GEN30989,low,genetic,MI:0933,,,WormBase;BioGrid,17897480,PMID,1,0,1,,NULL
11,934,CE_GEN30990,low,genetic,MI:0933,,,WormBase;BioGrid,17897480,PMID,1,0,1,,NULL
11,844,CE_GEN30991,low,genetic,MI:0933,,,WormBase;BioGrid,17897480,PMID,1,0,1,,NULL
11,781,CE_GEN30992,low,genetic,MI:0933,,,WormBase;BioGrid,17897480,PMID,1,0,1,,NULL
11,936,CE_GEN30993,low,genetic,MI:0933,,,WormBase;BioGrid,17897480,PMID,1,0,1,,NULL
11,308,CE_GEN30994,low,genetic,MI:0933,,,WormBase;BioGrid,17897480,PMID,1,0,1,,NULL
11,937,CE_GEN30995,low,genetic,MI:0933,,,WormBase;BioGrid,17897480,PMID,1,0,1,,NULL
11,938,CE_GEN30996,low,genetic,MI:0933,,,WormBase;BioGrid,17897480,PMID,1,0,1,,NULL
11,939,CE_GEN30997,low,genetic,MI:0933,,,WormBase;BioGrid,17897480,PMID,1,0,1,,NULL
11,309,CE_GEN30998,low,genetic,MI:0933,,,WormBase;BioGrid,17897480,PMID,1,0,1,,NULL
11,701,CE_GEN30999,high,genetic,MI:0933;MI:1271,,,WormBase;BioGrid,17897480;16845399,PMID,2,0,2,,NULL
11,847,CE_GEN31000,low,genetic,MI:0933,,,WormBase;BioGrid,17897480,PMID,1,0,1,,NULL
11,941,CE_GEN31001,low,genetic,MI:0933,,,WormBase;BioGrid,17897480,PMID,1,0,1,,NULL
11,848,CE_GEN31002,low,genetic,MI:0933,,,WormBase;BioGrid,17897480,PMID,1,0,1,,NULL
11,945,CE_GEN31003,low,genetic,MI:0933,,,WormBase;BioGrid,17897480,PMID,1,0,1,,NULL
11,946,CE_GEN31004,low,genetic,MI:1271,,,WormBase;BioGrid,16845399,PMID,1,0,1,,NULL
11,785,CE_GEN31005,low,genetic,MI:0933,,,WormBase;BioGrid,17897480,PMID,1,0,1,,NULL
11,850,CE_GEN31006,low,genetic,MI:0933,,,WormBase;BioGrid,17897480,PMID,1,0,1,,NULL
11,851,CE_GEN31007,low,genetic,MI:0933,,,WormBase;BioGrid,17897480,PMID,1,0,1,,NULL
11,852,CE_GEN31008,low,genetic,MI:0933,,,WormBase;BioGrid,17897480,PMID,1,0,1,,NULL
11,948,CE_GEN31009,low,genetic,MI:0933,,,WormBase;BioGrid,17897480,PMID,1,0,1,,NULL
11,853,CE_GEN31010,low,genetic,MI:0933,,,WormBase;BioGrid,17897480,PMID,1,0,1,,NULL
11,732,CE_GEN31011,low,genetic,MI:0933,,,WormBase;BioGrid,17897480,PMID,1,0,1,,NULL
11,856,CE_GEN31012,low,genetic,MI:0933,,,WormBase;BioGrid,17897480,PMID,1,0,1,,NULL
11,733,CE_GEN31013,low,genetic,MI:0933,,,WormBase;BioGrid,17897480,PMID,1,0,1,,NULL
11,952,CE_GEN31014,low,genetic,MI:0933,,,WormBase;BioGrid,17897480,PMID,1,0,1,,NULL
11,312,CE_GEN31015,low,genetic,MI:0933,,,WormBase;BioGrid,17897480,PMID,1,0,1,,NULL
11,954,CE_GEN31016,low,genetic,MI:0933,,,WormBase;BioGrid,17897480,PMID,1,0,1,,NULL
11,955,CE_GEN31017,low,genetic,MI:0933,,,WormBase;BioGrid,17897480,PMID,1,0,1,,NULL
11,859,CE_GEN31018,low,genetic,MI:0933,,,WormBase;BioGrid,17897480,PMID,1,0,1,,NULL
11,957,CE_GEN31019,low,genetic,MI:0933,,,WormBase;BioGrid,17897480,PMID,1,0,1,,NULL
11,860,CE_GEN31020,low,genetic,MI:0933,,,WormBase;BioGrid,17897480,PMID,1,0,1,,NULL
11,959,CE_GEN31021,low,genetic,MI:0933,,,WormBase;BioGrid,17897480,PMID,1,0,1,,NULL
11,865,CE_GEN31022,low,genetic,MI:0933,,,WormBase;BioGrid,17897480,PMID,1,0,1,,NULL
11,317,CE_GEN31023,low,genetic,MI:0933,,,WormBase;BioGrid,17897480,PMID,1,0,1,,NULL
11,965,CE_GEN31024,low,genetic,MI:0933,,,WormBase;BioGrid,17897480,PMID,1,0,1,,NULL
11,867,CE_GEN31025,low,genetic,MI:0933,,,WormBase;BioGrid,17897480,PMID,1,0,1,,NULL
11,968,CE_GEN31026,low,genetic,MI:0933,,,WormBase;BioGrid,17897480,PMID,1,0,1,,NULL
11,318,CE_GEN31027,low,genetic,MI:0933,,,WormBase;BioGrid,17897480,PMID,1,0,1,,NULL
11,969,CE_GEN31028,low,genetic,MI:0933,,,WormBase;BioGrid,17897480,PMID,1,0,1,,NULL
11,971,CE_GEN31029,low,genetic,MI:0933,,,WormBase;BioGrid,17897480,PMID,1,0,1,,NULL
11,320,CE_GEN31030,low,genetic,MI:0933,,,WormBase;BioGrid,17897480,PMID,1,0,1,,NULL
11,871,CE_GEN31031,low,genetic,MI:0933,,,WormBase;BioGrid,17897480,PMID,1,0,1,,NULL
11,873,CE_GEN31032,low,genetic,MI:0933,,,WormBase;BioGrid,17897480,PMID,1,0,1,,NULL
11,322,CE_GEN31033,low,genetic,MI:0933,,,WormBase;BioGrid,17897480,PMID,1,0,1,,NULL
11,98,CE_GEN31034,low,genetic,MI:0933,,,WormBase;BioGrid,17897480,PMID,1,0,1,,NULL
11,875,CE_GEN31036,low,genetic,MI:0933,,,WormBase;BioGrid,17897480,PMID,1,0,1,,NULL
11,979,CE_GEN31037,low,genetic,MI:0933,,,WormBase;BioGrid,17897480,PMID,1,0,1,,NULL
11,877,CE_GEN31038,low,genetic,MI:0933,,,WormBase;BioGrid,17897480,PMID,1,0,1,,NULL
11,332,CE_GEN31039,low,genetic,MI:0933,,,WormBase;BioGrid,17897480,PMID,1,0,1,,NULL
11,878,CE_GEN31040,low,genetic,MI:0933,,,WormBase;BioGrid,17897480,PMID,1,0,1,,NULL
11,1015,CE_GEN31041,low,genetic,MI:0933,,,WormBase;BioGrid,17897480,PMID,1,0,1,,NULL
11,333,CE_GEN31042,low,genetic,MI:0933,,,WormBase;BioGrid,17897480,PMID,1,0,1,,NULL
11,1016,CE_GEN31043,low,genetic,MI:0933,,,WormBase;BioGrid,17897480,PMID,1,0,1,,NULL
11,1017,CE_GEN31044,low,genetic,MI:0933,,,WormBase;BioGrid,17897480,PMID,1,0,1,,NULL
11,334,CE_GEN31045,low,genetic,MI:0933,,,WormBase;BioGrid,17897480,PMID,1,0,1,,NULL
11,884,CE_GEN31046,low,genetic,MI:0933,,,WormBase;BioGrid,17897480,PMID,1,0,1,,NULL
11,885,CE_GEN31047,low,genetic,MI:0933,,,WormBase;BioGrid,17897480,PMID,1,0,1,,NULL
11,1018,CE_GEN31048,low,genetic,MI:0933,,,WormBase;BioGrid,17897480,PMID,1,0,1,,NULL
11,802,CE_GEN31049,low,genetic,MI:0933,,,WormBase;BioGrid,17897480,PMID,1,0,1,,NULL
11,981,CE_GEN31050,low,genetic,MI:0933,,,WormBase;BioGrid,17897480,PMID,1,0,1,,NULL
11,804,CE_GEN31051,low,genetic,MI:0933,,,WormBase;BioGrid,17897480,PMID,1,0,1,,NULL
11,104,CE_GEN31052,low,genetic,MI:0933,,,WormBase;BioGrid,17897480,PMID,1,0,1,,NULL
11,19,CE_GEN31053,low,genetic,MI:0933,,,WormBase;BioGrid,17897480,PMID,1,0,1,,NULL
11,736,CE_GEN31054,low,genetic,MI:0933,,,WormBase;BioGrid,17897480,PMID,1,0,1,,NULL
11,807,CE_GEN31055,low,genetic,MI:0933,,,WormBase;BioGrid,17897480,PMID,1,0,1,,NULL
11,384,CE_GEN31056,low,genetic,MI:0933,,,WormBase;BioGrid,17897480,PMID,1,0,1,,NULL
11,1062,CE_GEN31057,low,genetic,MI:0933,,,WormBase;BioGrid,17897480,PMID,1,0,1,,NULL
11,739,CE_GEN31058,low,genetic,MI:0933,,,WormBase;BioGrid,17897480,PMID,1,0,1,,NULL
11,1063,CE_GEN31059,low,genetic,MI:0933,,,WormBase;BioGrid,17897480,PMID,1,0,1,,NULL
11,1064,CE_GEN31060,low,genetic,MI:0933,,,WormBase;BioGrid,17897480,PMID,1,0,1,,NULL
11,740,CE_GEN31061,low,genetic,MI:0933,,,WormBase;BioGrid,17897480,PMID,1,0,1,,NULL
11,741,CE_GEN31062,low,genetic,MI:0933,,,WormBase;BioGrid,17897480,PMID,1,0,1,,NULL
11,401,CE_GEN31063,low,genetic,MI:1271,,,WormBase;BioGrid,16845399,PMID,1,0,1,,NULL
11,689,CE_GEN31064,low,genetic,MI:1271,,,WormBase;BioGrid,16845399,PMID,1,0,1,,NULL
11,744,CE_GEN31065,low,genetic,MI:0933,,,WormBase;BioGrid,17897480,PMID,1,0,1,,NULL
11,412,CE_GEN31066,high,genetic,MI:0933;MI:1271,,,WormBase;BioGrid,17897480;16845399,PMID,2,0,2,,NULL
11,745,CE_GEN31068,low,genetic,MI:0933,,,WormBase;BioGrid,17897480,PMID,1,0,1,,NULL
11,746,CE_GEN31069,low,genetic,MI:0933,,,WormBase;BioGrid,17897480,PMID,1,0,1,,NULL
11,747,CE_GEN31070,low,genetic,MI:0933,,,WormBase;BioGrid,17897480,PMID,1,0,1,,NULL
11,114,CE_GEN31072,low,genetic,MI:0933,,,WormBase;BioGrid,17897480,PMID,1,0,1,,NULL
11,674,CE_GEN31073,low,genetic,MI:1271,,,WormBase;BioGrid,16845399,PMID,1,0,1,,NULL
11,28,CE_GEN31074,low,genetic,MI:0933,,,WormBase;BioGrid,17897480,PMID,1,0,1,,NULL
11,109,CE_GEN31075,low,genetic,MI:0933,,,WormBase;BioGrid,17897480,PMID,1,0,1,,NULL
11,749,CE_GEN31076,low,genetic,MI:0933,,,WormBase;BioGrid,17897480,PMID,1,0,1,,NULL
11,606,CE_GEN31077,low,genetic,MI:0933,,,WormBase;BioGrid,17897480,PMID,1,0,1,,NULL
11,1039,CE_GEN31078,low,genetic,MI:1271,,,WormBase;BioGrid,16845399,PMID,1,0,1,,NULL
11,100,CE_GEN31079,low,genetic,MI:0933,,,WormBase;BioGrid,17897480,PMID,1,0,1,,NULL
11,753,CE_GEN31080,low,genetic,MI:0933,,,WormBase;BioGrid,17897480,PMID,1,0,1,,NULL
11,1102,CE_GEN31081,low,genetic,MI:0933,,,WormBase;BioGrid,17897480,PMID,1,0,1,,NULL
11,1103,CE_GEN31082,low,genetic,MI:0933,,,WormBase;BioGrid,17897480,PMID,1,0,1,,NULL
11,755,CE_GEN31083,low,genetic,MI:0933,,,WormBase;BioGrid,17897480,PMID,1,0,1,,NULL
11,719,CE_GEN31085,low,genetic,MI:0933,,,WormBase;BioGrid,17897480,PMID,1,0,1,,NULL
11,687,CE_GEN31086,low,genetic,MI:0933,,,WormBase;BioGrid,17897480,PMID,1,0,1,,NULL
11,507,CE_GEN31087,low,genetic,MI:1271,,,WormBase;BioGrid,16845399,PMID,1,0,1,,NULL
11,757,CE_GEN31088,low,genetic,MI:0933,,,WormBase;BioGrid,17897480,PMID,1,0,1,,NULL
11,511,CE_GEN31090,low,genetic,MI:1271,,,WormBase;BioGrid,16845399,PMID,1,0,1,,NULL
11,707,CE_GEN31091,low,genetic,MI:0933,,,WormBase;BioGrid,17897480,PMID,1,0,1,,NULL
11,1104,CE_GEN31092,low,genetic,MI:1271,,,WormBase;BioGrid,16845399,PMID,1,0,1,,NULL
11,1105,CE_GEN31093,low,genetic,MI:0933,,,WormBase;BioGrid,17897480,PMID,1,0,1,,NULL
11,819,CE_GEN31094,low,genetic,MI:0933,,,WormBase;BioGrid,17897480,PMID,1,0,1,,NULL
11,1106,CE_GEN31095,low,genetic,MI:0933,,,WormBase;BioGrid,17897480,PMID,1,0,1,,NULL
11,898,CE_GEN31096,low,genetic,MI:0933,,,WormBase;BioGrid,17897480,PMID,1,0,1,,NULL
11,535,CE_GEN31097,low,genetic,MI:0933,,,WormBase;BioGrid,17897480,PMID,1,0,1,,NULL
11,1107,CE_GEN31098,low,genetic,MI:0933,,,WormBase;BioGrid,17897480,PMID,1,0,1,,NULL
11,1031,CE_GEN31099,low,genetic,MI:0933,,,WormBase;BioGrid,17897480,PMID,1,0,1,,NULL
11,758,CE_GEN31100,low,genetic,MI:0933,,,WormBase;BioGrid,17897480,PMID,1,0,1,,NULL
11,1108,CE_GEN31101,low,genetic,MI:0933,,,WormBase;BioGrid,17897480,PMID,1,0,1,,NULL
11,1109,CE_GEN31102,low,genetic,MI:0933,,,WormBase;BioGrid,17897480,PMID,1,0,1,,NULL
11,1110,CE_GEN31103,low,genetic,MI:0933,,,WormBase;BioGrid,17897480,PMID,1,0,1,,NULL
11,903,CE_GEN31104,low,genetic,MI:0933,,,WormBase;BioGrid,17897480,PMID,1,0,1,,NULL
11,759,CE_GEN31105,low,genetic,MI:0933,,,WormBase;BioGrid,17897480,PMID,1,0,1,,NULL
11,1111,CE_GEN31106,low,genetic,MI:1271,,,WormBase;BioGrid,16845399,PMID,1,0,1,,NULL
11,907,CE_GEN31107,low,genetic,MI:0933,,,WormBase;BioGrid,17897480,PMID,1,0,1,,NULL
11,908,CE_GEN31108,low,genetic,MI:0933,,,WormBase;BioGrid,17897480,PMID,1,0,1,,NULL
11,1112,CE_GEN31109,low,genetic,MI:0933,,,WormBase;BioGrid,17897480,PMID,1,0,1,,NULL
11,909,CE_GEN31110,low,genetic,MI:0933,,,WormBase;BioGrid,17897480,PMID,1,0,1,,NULL
11,651,CE_GEN31111,low,genetic,MI:0933,,,WormBase;BioGrid,17897480,PMID,1,0,1,,NULL
11,1009,CE_GEN31112,low,genetic,MI:0933,,,WormBase;BioGrid,17897480,PMID,1,0,1,,NULL
11,94,CE_GEN31113,low,genetic,MI:0933,,,WormBase;BioGrid,17897480,PMID,1,0,1,,NULL
11,911,CE_GEN31114,low,genetic,MI:0933,,,WormBase;BioGrid,17897480,PMID,1,0,1,,NULL
11,762,CE_GEN31115,high,genetic,MI:0933;MI:1271,,,WormBase;BioGrid,17897480;16845399,PMID,2,0,2,,NULL
11,1113,CE_GEN31116,low,genetic,MI:0933,,,WormBase;BioGrid,17897480,PMID,1,0,1,,NULL
11,25,CE_GEN_2675289,low,genetic,,,,WormBase,,-,0,0,0,,NULL
11,136,CE_GEN_2675290,low,genetic,,,,WormBase,,-,0,0,0,,NULL
11,1516,CE_GEN_2675291,low,genetic,,,,WormBase,,-,0,0,0,,NULL
11,27,CE_GEN_2675292,low,genetic,,,,WormBase,,-,0,0,0,,NULL
11,1254,CE_GEN_2675293,low,genetic,,,,WormBase,,-,0,0,0,,NULL
11,18,CE_GEN_2675294,low,genetic,,,,WormBase,,-,0,0,0,,NULL
11,22,CE_GEN_2675295,low,genetic,,,,WormBase,,-,0,0,0,,NULL
11,1182,CE_GEN_2675296,low,genetic,,,,WormBase,,-,0,0,0,,NULL
11,1036,CE_GEN_2675297,low,genetic,,,,WormBase,,-,0,0,0,,NULL
11,671,CE_GEN_2675298,low,genetic,,,,WormBase,,-,0,0,0,,NULL
11,1267,CE_GEN_2675299,low,genetic,,,,WormBase,,-,0,0,0,,NULL
11,610,CE_GEN_2675300,low,genetic,,,,WormBase,,-,0,0,0,,NULL
11,2088,CE_GEN_2675301,low,genetic,,,,WormBase,,-,0,0,0,,NULL
11,613,CE_GEN_2675302,low,genetic,,,,WormBase,,-,0,0,0,,NULL
14,15,CE_GEN27286,low,genetic,MI:1271,,,WormBase;BioGrid,16845399,PMID,1,0,1,,NULL
14,16,CE_GEN27287,low,genetic,MI:1271,,,WormBase;BioGrid,16845399,PMID,1,0,1,,NULL
14,39,CE_GEN_2666490,low,genetic,,,,WormBase,,-,0,0,0,,NULL
14,1204,CE_GEN_2666491,low,genetic,,,,WormBase,,-,0,0,0,,NULL
14,1205,CE_GEN_2666492,low,genetic,,,,WormBase,,-,0,0,0,,NULL
14,1206,CE_GEN_2666493,low,genetic,,,,WormBase,,-,0,0,0,,NULL
14,614,CE_GEN_2666494,low,genetic,,,,WormBase,,-,0,0,0,,NULL
14,1207,CE_GEN_2666495,low,genetic,,,,WormBase,,-,0,0,0,,NULL
14,1208,CE_GEN_2666496,low,genetic,,,,WormBase,,-,0,0,0,,NULL
14,193,CE_GEN_2666497,low,genetic,,,,WormBase,,-,0,0,0,,NULL
14,1209,CE_GEN_2666498,low,genetic,,,,WormBase,,-,0,0,0,,NULL
14,18,CE_GEN_2666499,low,genetic,,,,WormBase,,-,0,0,0,,NULL
14,1210,CE_GEN_2666500,low,genetic,,,,WormBase,,-,0,0,0,,NULL
14,1211,CE_GEN_2666501,low,genetic,,,,WormBase,,-,0,0,0,,NULL
14,1212,CE_GEN_2666502,low,genetic,,,,WormBase,,-,0,0,0,,NULL
14,1213,CE_GEN_2666503,low,genetic,,,,WormBase,,-,0,0,0,,NULL
14,1214,CE_GEN_2666504,low,genetic,,,,WormBase,,-,0,0,0,,NULL
14,1215,CE_GEN_2666505,low,genetic,,,,WormBase,,-,0,0,0,,NULL
14,741,CE_GEN_2666506,moderate,genetic,,,,WormBase,,-,0,0,0,,NULL
14,1216,CE_GEN_2666507,low,genetic,,,,WormBase,,-,0,0,0,,NULL
14,412,CE_GEN_2666508,low,genetic,,,,WormBase,,-,0,0,0,,NULL
14,1217,CE_GEN_2666510,low,genetic,,,,WormBase,,-,0,0,0,,NULL
14,647,CE_GEN_2666511,moderate,genetic,,,,WormBase,,-,0,0,0,,NULL
14,1218,CE_GEN_2666512,low,genetic,,,,WormBase,,-,0,0,0,,NULL
14,1219,CE_GEN_2666513,low,genetic,,,,WormBase,,-,0,0,0,,NULL
14,1220,CE_GEN_2666514,low,genetic,,,,WormBase,,-,0,0,0,,NULL
14,1221,CE_GEN_2666515,low,genetic,,,,WormBase,,-,0,0,0,,NULL
14,1076,CE_GEN_2666516,low,genetic,,,,WormBase,,-,0,0,0,,NULL
14,1222,CE_GEN_2666517,low,genetic,,,,WormBase,,-,0,0,0,,NULL
15,26,CE_GEN28251,low,genetic,MI:0796,,,WormBase;BioGrid,12023307,PMID,1,0,1,,NULL
15,608,CE_GEN28253,low,genetic,MI:1271,,,WormBase;BioGrid,16845399,PMID,1,0,1,,NULL
15,668,CE_GEN28254,low,genetic,MI:1271,,,WormBase;BioGrid,16845399,PMID,1,0,1,,NULL
15,669,CE_GEN28255,low,genetic,MI:1271,,,WormBase;BioGrid,16845399,PMID,1,0,1,,NULL
15,670,CE_GEN28256,low,genetic,MI:1271,,,WormBase;BioGrid,16845399,PMID,1,0,1,,NULL
15,671,CE_GEN28258,low,genetic,MI:0796,,,WormBase;BioGrid,12023307,PMID,1,0,1,,NULL
15,645,CE_GEN28259,low,genetic,MI:1271,,,WormBase;BioGrid,16845399,PMID,1,0,1,,NULL
15,353,CE_GEN28260,low,genetic,MI:1271,,,WormBase;BioGrid,16845399,PMID,1,0,1,,NULL
15,389,CE_GEN28261,low,genetic,MI:1271,,,WormBase;BioGrid,16845399,PMID,1,0,1,,NULL
15,672,CE_GEN28262,low,genetic,MI:1271,,,WormBase;BioGrid,16845399,PMID,1,0,1,,NULL
15,673,CE_GEN28263,low,genetic,MI:1271,,,WormBase;BioGrid,16845399,PMID,1,0,1,,NULL
15,432,CE_GEN28264,low,genetic,MI:1271,,,WormBase;BioGrid,16845399,PMID,1,0,1,,NULL
15,674,CE_GEN28265,low,genetic,MI:1271,,,WormBase;BioGrid,16845399,PMID,1,0,1,,NULL
15,471,CE_GEN28266,low,genetic,MI:1271,,,WormBase;BioGrid,16845399,PMID,1,0,1,,NULL
15,675,CE_GEN28267,low,genetic,MI:1271,,,WormBase;BioGrid,16845399,PMID,1,0,1,,NULL
15,676,CE_GEN28268,low,genetic,MI:1271,,,WormBase;BioGrid,16845399,PMID,1,0,1,,NULL
15,87,CE_GEN28269,low,genetic,MI:1271,,,WormBase;BioGrid,16845399,PMID,1,0,1,,NULL
15,677,CE_GEN28270,low,genetic,MI:1271,,,WormBase;BioGrid,16845399,PMID,1,0,1,,NULL
15,678,CE_GEN28272,low,genetic,MI:1271,,,WormBase;BioGrid,16845399,PMID,1,0,1,,NULL
15,679,CE_GEN28273,low,genetic,MI:1271,,,WormBase;BioGrid,16845399,PMID,1,0,1,,NULL
15,680,CE_GEN28274,low,genetic,MI:1271,,,WormBase;BioGrid,16845399,PMID,1,0,1,,NULL
15,1163,CE_GEN_2668155,low,genetic,,,,WormBase,,-,0,0,0,,NULL
15,624,CE_GEN_2668156,low,genetic,,,,WormBase,,-,0,0,0,,NULL
15,775,CE_GEN_2668157,low,genetic,,,,WormBase,,-,0,0,0,,NULL
15,18,CE_GEN_2668158,low,genetic,,,,WormBase,,-,0,0,0,,NULL
15,1182,CE_GEN_2668159,low,genetic,,,,WormBase,,-,0,0,0,,NULL
15,1036,CE_GEN_2668160,low,genetic,,,,WormBase,,-,0,0,0,,NULL
15,619,CE_GEN_2668161,moderate,genetic,,,,WormBase,,-,0,0,0,,NULL
15,1047,CE_GEN_2668162,low,genetic,,,,WormBase,,-,0,0,0,,NULL
15,610,CE_GEN_2668163,low,genetic,,,,WormBase,,-,0,0,0,,NULL
15,40,CE_GEN_2668164,low,genetic,,,,WormBase,,-,0,0,0,,NULL
15,828,CE_GEN_2668165,low,genetic,,,,WormBase,,-,0,0,0,,NULL
15,773,CE_GEN_2668167,low,genetic,,,,WormBase,,-,0,0,0,,NULL
15,29,CE_GEN_2668168,low,genetic,,,,WormBase,,-,0,0,0,,NULL
15,613,CE_GEN_2668169,low,genetic,,,,WormBase,,-,0,0,0,,NULL
15,1957,CE_GEN_2668170,low,genetic,,,,WormBase,,-,0,0,0,,NULL
15,1283,CE_GEN_2668171,low,genetic,,,,WormBase,,-,0,0,0,,NULL
16,132,CE_GEN30406,low,genetic,MI:1271,,,WormBase;BioGrid,16845399,PMID,1,0,1,,NULL
16,695,CE_GEN30407,low,genetic,MI:1271,,,WormBase;BioGrid,16845399,PMID,1,0,1,,NULL
16,669,CE_GEN30408,low,genetic,MI:1271,,,WormBase;BioGrid,16845399,PMID,1,0,1,,NULL
16,670,CE_GEN30409,low,genetic,MI:1271,,,WormBase;BioGrid,16845399,PMID,1,0,1,,NULL
16,685,CE_GEN30410,low,genetic,MI:1271,,,WormBase;BioGrid,16845399,PMID,1,0,1,,NULL
16,701,CE_GEN30411,low,genetic,MI:1271,,,WormBase;BioGrid,16845399,PMID,1,0,1,,NULL
16,98,CE_GEN30412,low,genetic,MI:1271,,,WormBase;BioGrid,16845399,PMID,1,0,1,,NULL
16,353,CE_GEN30413,low,genetic,MI:1271,,,WormBase;BioGrid,16845399,PMID,1,0,1,,NULL
16,401,CE_GEN30414,low,genetic,MI:1271,,,WormBase;BioGrid,16845399,PMID,1,0,1,,NULL
16,705,CE_GEN30415,low,genetic,MI:1271,,,WormBase;BioGrid,16845399,PMID,1,0,1,,NULL
16,648,CE_GEN30416,low,genetic,MI:1271,,,WormBase;BioGrid,16845399,PMID,1,0,1,,NULL
16,674,CE_GEN30417,low,genetic,MI:1271,,,WormBase;BioGrid,16845399,PMID,1,0,1,,NULL
16,504,CE_GEN30418,low,genetic,MI:1271,,,WormBase;BioGrid,16845399,PMID,1,0,1,,NULL
16,1087,CE_GEN30419,low,genetic,MI:1271,,,WormBase;BioGrid,16845399,PMID,1,0,1,,NULL
16,719,CE_GEN30420,low,genetic,MI:1271,,,WormBase;BioGrid,16845399,PMID,1,0,1,,NULL
16,687,CE_GEN30421,low,genetic,MI:1271,,,WormBase;BioGrid,16845399,PMID,1,0,1,,NULL
16,1061,CE_GEN30422,low,genetic,MI:1271,,,WormBase;BioGrid,16845399,PMID,1,0,1,,NULL
16,18,CE_GEN_2673257,low,genetic,,,,WormBase,,-,0,0,0,,NULL
16,1231,CE_GEN_2673258,low,genetic,,,,WormBase,,-,0,0,0,,NULL
16,412,CE_GEN_2673259,low,genetic,,,,WormBase,,-,0,0,0,,NULL
16,987,CE_GEN_2673261,low,genetic,,,,WormBase,,-,0,0,0,,NULL
16,1632,CE_GEN_2673262,low,genetic,,,,WormBase,,-,0,0,0,,NULL
16,1202,CE_GEN_2673264,low,genetic,,,,WormBase,,-,0,0,0,,NULL
17,18,CE_GEN27289,low,genetic,MI:0933,,,WormBase;BioGrid,17897480,PMID,1,0,1,,NULL
17,19,CE_GEN27292,low,genetic,MI:0933,,,WormBase;BioGrid,17897480,PMID,1,0,1,,NULL
18,103,CE_GEN28621,low,genetic,MI:0933,,,WormBase;BioGrid,17897480,PMID,1,0,1,,NULL
18,605,CE_GEN28623,low,genetic,MI:0933,,,WormBase;BioGrid,17897480,PMID,1,0,1,,NULL
18,132,CE_GEN28624,low,genetic,MI:1271,,,WormBase;BioGrid,16845399,PMID,1,0,1,,NULL
18,133,CE_GEN28625,moderate,genetic,MI:0933,,,WormBase;BioGrid,17897480,PMID,1,0,1,,NULL
18,136,CE_GEN28626,low,genetic,MI:0933,,,WormBase;BioGrid,17897480,PMID,1,0,1,,NULL
18,620,CE_GEN28627,low,genetic,MI:0933,,,WormBase;BioGrid,17897480,PMID,1,0,1,,NULL
18,639,CE_GEN28628,moderate,genetic,MI:0933,,,WormBase;BioGrid,17897480,PMID,1,0,1,,NULL
18,612,CE_GEN28629,high,genetic,MI:0933;MI:1271,,,WormBase;BioGrid,17897480;16845399,PMID,2,0,2,,NULL
18,721,CE_GEN28630,low,genetic,MI:0933,,,WormBase;BioGrid,17897480,PMID,1,0,1,,NULL
18,772,CE_GEN28631,low,genetic,MI:0933,,,WormBase;BioGrid,17897480,PMID,1,0,1,,NULL
18,245,CE_GEN28632,low,genetic,MI:0933,,,WormBase;BioGrid,17897480,PMID,1,0,1,,NULL
18,724,CE_GEN28633,low,genetic,MI:0933,,,WormBase;BioGrid,17897480,PMID,1,0,1,,NULL
18,248,CE_GEN28634,low,genetic,MI:0933,,,WormBase;BioGrid,17897480,PMID,1,0,1,,NULL
18,727,CE_GEN28635,low,genetic,MI:0933,,,WormBase;BioGrid,17897480,PMID,1,0,1,,NULL
18,729,CE_GEN28636,low,genetic,MI:0933,,,WormBase;BioGrid,17897480,PMID,1,0,1,,NULL
18,777,CE_GEN28637,low,genetic,MI:0933,,,WormBase;BioGrid,17897480,PMID,1,0,1,,NULL
18,288,CE_GEN28638,high,genetic,MI:0933;MI:1271,,,WormBase;BioGrid,17897480;16845399,PMID,2,0,2,,NULL
18,778,CE_GEN28639,low,genetic,MI:0933,,,WormBase;BioGrid,17897480,PMID,1,0,1,,NULL
18,700,CE_GEN28640,low,genetic,MI:1271,,,WormBase;BioGrid,16845399,PMID,1,0,1,,NULL
18,730,CE_GEN28641,low,genetic,MI:0933,,,WormBase;BioGrid,17897480,PMID,1,0,1,,NULL
18,779,CE_GEN28642,low,genetic,MI:0933,,,WormBase;BioGrid,17897480,PMID,1,0,1,,NULL
18,780,CE_GEN28643,low,genetic,MI:0933,,,WormBase;BioGrid,17897480,PMID,1,0,1,,NULL
18,781,CE_GEN28644,low,genetic,MI:0933,,,WormBase;BioGrid,17897480,PMID,1,0,1,,NULL
18,306,CE_GEN28645,low,genetic,MI:0933,,,WormBase;BioGrid,17897480,PMID,1,0,1,,NULL
18,308,CE_GEN28646,moderate,genetic,MI:0933,,,WormBase;BioGrid,17897480,PMID,1,0,1,,NULL
18,782,CE_GEN28647,low,genetic,MI:0933,,,WormBase;BioGrid,17897480,PMID,1,0,1,,NULL
18,701,CE_GEN28648,moderate,genetic,MI:0933,,,WormBase;BioGrid,17897480,PMID,1,0,1,,NULL
18,783,CE_GEN28649,low,genetic,MI:0933,,,WormBase;BioGrid,17897480,PMID,1,0,1,,NULL
18,784,CE_GEN28650,low,genetic,MI:0933,,,WormBase;BioGrid,17897480,PMID,1,0,1,,NULL
18,785,CE_GEN28651,low,genetic,MI:0933,,,WormBase;BioGrid,17897480,PMID,1,0,1,,NULL
18,786,CE_GEN28652,low,genetic,MI:0933,,,WormBase;BioGrid,17897480,PMID,1,0,1,,NULL
18,787,CE_GEN28653,moderate,genetic,MI:0933,,,WormBase;BioGrid,17897480,PMID,1,0,1,,NULL
18,733,CE_GEN28654,low,genetic,MI:0933,,,WormBase;BioGrid,17897480,PMID,1,0,1,,NULL
18,788,CE_GEN28655,low,genetic,MI:0933,,,WormBase;BioGrid,17897480,PMID,1,0,1,,NULL
18,789,CE_GEN28656,low,genetic,MI:0933,,,WormBase;BioGrid,17897480,PMID,1,0,1,,NULL
18,790,CE_GEN28657,low,genetic,MI:0933,,,WormBase;BioGrid,17897480,PMID,1,0,1,,NULL
18,791,CE_GEN28658,low,genetic,MI:0933,,,WormBase;BioGrid,17897480,PMID,1,0,1,,NULL
18,792,CE_GEN28659,low,genetic,MI:0933,,,WormBase;BioGrid,17897480,PMID,1,0,1,,NULL
18,793,CE_GEN28660,low,genetic,MI:0933,,,WormBase;BioGrid,17897480,PMID,1,0,1,,NULL
18,794,CE_GEN28661,low,genetic,MI:0933,,,WormBase;BioGrid,17897480,PMID,1,0,1,,NULL
18,795,CE_GEN28662,low,genetic,MI:0933,,,WormBase;BioGrid,17897480,PMID,1,0,1,,NULL
18,98,CE_GEN28663,low,genetic,MI:0933,,,WormBase;BioGrid,17897480,PMID,1,0,1,,NULL
18,796,CE_GEN28664,low,genetic,MI:0933,,,WormBase;BioGrid,17897480,PMID,1,0,1,,NULL
18,797,CE_GEN28665,low,genetic,MI:0933,,,WormBase;BioGrid,17897480,PMID,1,0,1,,NULL
18,332,CE_GEN28666,low,genetic,MI:0933,,,WormBase;BioGrid,17897480,PMID,1,0,1,,NULL
18,798,CE_GEN28667,low,genetic,MI:0933,,,WormBase;BioGrid,17897480,PMID,1,0,1,,NULL
18,799,CE_GEN28668,low,genetic,MI:0933,,,WormBase;BioGrid,17897480,PMID,1,0,1,,NULL
18,800,CE_GEN28669,low,genetic,MI:0933,,,WormBase;BioGrid,17897480,PMID,1,0,1,,NULL
18,801,CE_GEN28670,low,genetic,MI:0933,,,WormBase;BioGrid,17897480,PMID,1,0,1,,NULL
18,802,CE_GEN28671,low,genetic,MI:0933,,,WormBase;BioGrid,17897480,PMID,1,0,1,,NULL
18,803,CE_GEN28672,low,genetic,MI:0933,,,WormBase;BioGrid,17897480,PMID,1,0,1,,NULL
18,804,CE_GEN28673,low,genetic,MI:0933,,,WormBase;BioGrid,17897480,PMID,1,0,1,,NULL
18,735,CE_GEN28674,low,genetic,MI:0933,,,WormBase;BioGrid,17897480,PMID,1,0,1,,NULL
18,805,CE_GEN28675,low,genetic,MI:0933,,,WormBase;BioGrid,17897480,PMID,1,0,1,,NULL
18,736,CE_GEN28676,low,genetic,MI:0933,,,WormBase;BioGrid,17897480,PMID,1,0,1,,NULL
18,806,CE_GEN28677,low,genetic,MI:0933,,,WormBase;BioGrid,17897480,PMID,1,0,1,,NULL
18,807,CE_GEN28678,low,genetic,MI:0933,,,WormBase;BioGrid,17897480,PMID,1,0,1,,NULL
18,808,CE_GEN28679,low,genetic,MI:0933,,,WormBase;BioGrid,17897480,PMID,1,0,1,,NULL
18,739,CE_GEN28680,low,genetic,MI:0933,,,WormBase;BioGrid,17897480,PMID,1,0,1,,NULL
18,740,CE_GEN28681,low,genetic,MI:0933,,,WormBase;BioGrid,17897480,PMID,1,0,1,,NULL
18,741,CE_GEN28682,low,genetic,MI:0933,,,WormBase;BioGrid,17897480,PMID,1,0,1,,NULL
18,744,CE_GEN28683,low,genetic,MI:0933,,,WormBase;BioGrid,17897480,PMID,1,0,1,,NULL
18,412,CE_GEN28684,high,genetic,MI:0933;MI:1271,,,WormBase;BioGrid,17897480;16845399,PMID,2,0,2,,NULL
18,745,CE_GEN28686,low,genetic,MI:0933,,,WormBase;BioGrid,17897480,PMID,1,0,1,,NULL
18,746,CE_GEN28687,low,genetic,MI:0933,,,WormBase;BioGrid,17897480,PMID,1,0,1,,NULL
18,432,CE_GEN28688,high,genetic,MI:0933;MI:1271,,,WormBase;BioGrid,17897480;16845399,PMID,2,0,2,,NULL
18,747,CE_GEN28689,low,genetic,MI:0933,,,WormBase;BioGrid,17897480,PMID,1,0,1,,NULL
18,809,CE_GEN28690,low,genetic,MI:0933,,,WormBase;BioGrid,17897480,PMID,1,0,1,,NULL
18,810,CE_GEN28691,low,genetic,MI:0933,,,WormBase;BioGrid,17897480,PMID,1,0,1,,NULL
18,114,CE_GEN28692,low,genetic,MI:0933,,,WormBase;BioGrid,17897480,PMID,1,0,1,,NULL
18,448,CE_GEN28693,low,genetic,MI:0933,,,WormBase;BioGrid,17897480,PMID,1,0,1,,NULL
18,28,CE_GEN28694,low,genetic,MI:0933,,,WormBase;BioGrid,17897480,PMID,1,0,1,,NULL
18,811,CE_GEN28695,low,genetic,MI:0933,,,WormBase;BioGrid,17897480,PMID,1,0,1,,NULL
18,471,CE_GEN28696,low,genetic,MI:1271,,,WormBase;BioGrid,16845399,PMID,1,0,1,,NULL
18,812,CE_GEN28697,low,genetic,MI:0933,,,WormBase;BioGrid,17897480,PMID,1,0,1,,NULL
18,773,CE_GEN28698,low,genetic,MI:0933,,,WormBase;BioGrid,17897480,PMID,1,0,1,,NULL
18,813,CE_GEN28699,low,genetic,MI:0933,,,WormBase;BioGrid,17897480,PMID,1,0,1,,NULL
18,606,CE_GEN28700,low,genetic,MI:0933,,,WormBase;BioGrid,17897480,PMID,1,0,1,,NULL
18,100,CE_GEN28701,low,genetic,MI:0933,,,WormBase;BioGrid,17897480,PMID,1,0,1,,NULL
18,814,CE_GEN28702,low,genetic,MI:0933,,,WormBase;BioGrid,17897480,PMID,1,0,1,,NULL
18,87,CE_GEN28703,low,genetic,MI:1271,,,WormBase;BioGrid,16845399,PMID,1,0,1,,NULL
18,754,CE_GEN28704,low,genetic,MI:0933,,,WormBase;BioGrid,17897480,PMID,1,0,1,,NULL
18,815,CE_GEN28705,low,genetic,MI:0933,,,WormBase;BioGrid,17897480,PMID,1,0,1,,NULL
18,755,CE_GEN28706,low,genetic,MI:0933,,,WormBase;BioGrid,17897480,PMID,1,0,1,,NULL
18,816,CE_GEN28707,low,genetic,MI:0933,,,WormBase;BioGrid,17897480,PMID,1,0,1,,NULL
18,817,CE_GEN28708,low,genetic,MI:1271,,,WormBase;BioGrid,16845399,PMID,1,0,1,,NULL
18,757,CE_GEN28709,low,genetic,MI:0933,,,WormBase;BioGrid,17897480,PMID,1,0,1,,NULL
18,509,CE_GEN28710,low,genetic,MI:1271,,,WormBase;BioGrid,16845399,PMID,1,0,1,,NULL
18,818,CE_GEN28711,low,genetic,MI:0933,,,WormBase;BioGrid,17897480,PMID,1,0,1,,NULL
18,819,CE_GEN28712,low,genetic,MI:0933,,,WormBase;BioGrid,17897480,PMID,1,0,1,,NULL
18,820,CE_GEN28713,low,genetic,MI:0933,,,WormBase;BioGrid,17897480,PMID,1,0,1,,NULL
18,758,CE_GEN28714,low,genetic,MI:0933,,,WormBase;BioGrid,17897480,PMID,1,0,1,,NULL
18,821,CE_GEN28715,low,genetic,MI:0933,,,WormBase;BioGrid,17897480,PMID,1,0,1,,NULL
18,822,CE_GEN28716,low,genetic,MI:0933,,,WormBase;BioGrid,17897480,PMID,1,0,1,,NULL
18,823,CE_GEN28717,low,genetic,MI:0933,,,WormBase;BioGrid,17897480,PMID,1,0,1,,NULL
18,824,CE_GEN28718,low,genetic,MI:0933,,,WormBase;BioGrid,17897480,PMID,1,0,1,,NULL
18,825,CE_GEN28719,low,genetic,MI:0933,,,WormBase;BioGrid,17897480,PMID,1,0,1,,NULL
18,826,CE_GEN28720,low,genetic,MI:0933,,,WormBase;BioGrid,17897480,PMID,1,0,1,,NULL
18,827,CE_GEN28721,low,genetic,MI:0933,,,WormBase;BioGrid,17897480,PMID,1,0,1,,NULL
18,679,CE_GEN28722,low,genetic,MI:0933,,,WormBase;BioGrid,17897480,PMID,1,0,1,,NULL
18,651,CE_GEN28723,low,genetic,MI:0933,,,WormBase;BioGrid,17897480,PMID,1,0,1,,NULL
18,762,CE_GEN28724,low,genetic,MI:0933,,,WormBase;BioGrid,17897480,PMID,1,0,1,,NULL
18,21,CE_GEN_2669335,low,genetic,,,,WormBase,,-,0,0,0,,NULL
18,41,CE_GEN_2669336,low,genetic,,,,WormBase,,-,0,0,0,,NULL
18,1410,CE_GEN_2669337,low,genetic,,,,WormBase,,-,0,0,0,,NULL
18,115,CE_GEN_2669338,low,genetic,,,,WormBase,,-,0,0,0,,NULL
18,1436,CE_GEN_2669339,low,genetic,,,,WormBase,,-,0,0,0,,NULL
18,603,CE_GEN_2669340,low,genetic,,,,WormBase,,-,0,0,0,,NULL
18,624,CE_GEN_2669341,moderate,genetic,,,,WormBase,,-,0,0,0,,NULL
18,1624,CE_GEN_2669342,low,genetic,,,,WormBase,,-,0,0,0,,NULL
18,1326,CE_GEN_2669343,low,genetic,,,,WormBase,,-,0,0,0,,NULL
18,1437,CE_GEN_2669344,low,genetic,,,,WormBase,,-,0,0,0,,NULL
18,691,CE_GEN_2669346,moderate,genetic,,,,WormBase,,-,0,0,0,,NULL
18,1465,CE_GEN_2669347,low,genetic,,,,WormBase,,-,0,0,0,,NULL
18,1629,CE_GEN_2669348,moderate,genetic,,,,WormBase,,-,0,0,0,,NULL
18,685,CE_GEN_2669349,low,genetic,,,,WormBase,,-,0,0,0,,NULL
18,1475,CE_GEN_2669350,low,genetic,,,,WormBase,,-,0,0,0,,NULL
18,924,CE_GEN_2669351,low,genetic,,,,WormBase,,-,0,0,0,,NULL
18,932,CE_GEN_2669352,low,genetic,,,,WormBase,,-,0,0,0,,NULL
18,936,CE_GEN_2669353,low,genetic,,,,WormBase,,-,0,0,0,,NULL
18,845,CE_GEN_2669354,low,genetic,,,,WormBase,,-,0,0,0,,NULL
18,847,CE_GEN_2669355,moderate,genetic,,,,WormBase,,-,0,0,0,,NULL
18,2412,CE_GEN_2669356,low,genetic,,,,WormBase,,-,0,0,0,,NULL
18,962,CE_GEN_2669357,low,genetic,,,,WormBase,,-,0,0,0,,NULL
18,2413,CE_GEN_2669358,low,genetic,,,,WormBase,,-,0,0,0,,NULL
18,327,CE_GEN_2669359,low,genetic,,,,WormBase,,-,0,0,0,,NULL
18,876,CE_GEN_2669360,low,genetic,,,,WormBase,,-,0,0,0,,NULL
18,333,CE_GEN_2669361,low,genetic,,,,WormBase,,-,0,0,0,,NULL
18,1192,CE_GEN_2669362,low,genetic,,,,WormBase,,-,0,0,0,,NULL
18,1406,CE_GEN_2669363,low,genetic,,,,WormBase,,-,0,0,0,,NULL
18,1255,CE_GEN_2669364,low,genetic,,,,WormBase,,-,0,0,0,,NULL
18,1267,CE_GEN_2669365,low,genetic,,,,WormBase,,-,0,0,0,,NULL
18,2088,CE_GEN_2669366,low,genetic,,,,WormBase,,-,0,0,0,,NULL
18,1665,CE_GEN_2669367,low,genetic,,,,WormBase,,-,0,0,0,,NULL
18,1059,CE_GEN_2669369,low,genetic,,,,WormBase,,-,0,0,0,,NULL
18,2414,CE_GEN_2669371,low,genetic,,,,WormBase,,-,0,0,0,,NULL
18,2415,CE_GEN_2669372,low,genetic,,,,WormBase,,-,0,0,0,,NULL
18,481,CE_GEN_2669373,low,genetic,,,,WormBase,,-,0,0,0,,NULL
18,987,CE_GEN_2669374,moderate,genetic,,,,WormBase,,-,0,0,0,,NULL
18,1632,CE_GEN_2669375,moderate,genetic,,,,WormBase,,-,0,0,0,,NULL
18,1101,CE_GEN_2669376,low,genetic,,,,WormBase,,-,0,0,0,,NULL
18,1103,CE_GEN_2669377,low,genetic,,,,WormBase,,-,0,0,0,,NULL
18,756,CE_GEN_2669380,low,genetic,,,,WormBase,,-,0,0,0,,NULL
18,687,CE_GEN_2669381,low,genetic,,,,WormBase,,-,0,0,0,,NULL
18,1944,CE_GEN_2669382,low,genetic,,,,WormBase,,-,0,0,0,,NULL
18,1128,CE_GEN_2669383,low,genetic,,,,WormBase,,-,0,0,0,,NULL
18,515,CE_GEN_2669384,low,genetic,,,,WormBase,,-,0,0,0,,NULL
18,1105,CE_GEN_2669385,low,genetic,,,,WormBase,,-,0,0,0,,NULL
18,688,CE_GEN_2669386,low,genetic,,,,WormBase,,-,0,0,0,,NULL
18,2416,CE_GEN_2669387,low,genetic,,,,WormBase,,-,0,0,0,,NULL
18,1109,CE_GEN_2669388,low,genetic,,,,WormBase,,-,0,0,0,,NULL
18,1002,CE_GEN_2669389,low,genetic,,,,WormBase,,-,0,0,0,,NULL
18,2417,CE_GEN_2669390,low,genetic,,,,WormBase,,-,0,0,0,,NULL
18,1003,CE_GEN_2669391,low,genetic,,,,WormBase,,-,0,0,0,,NULL
18,2418,CE_GEN_2669392,low,genetic,,,,WormBase,,-,0,0,0,,NULL
18,1283,CE_GEN_2669393,moderate,genetic,,,,WormBase,,-,0,0,0,,NULL
18,2050,CE_GEN_2669394,moderate,genetic,,,,WormBase,,-,0,0,0,,NULL
18,1525,CE_GEN_2669395,low,genetic,,,,WormBase,,-,0,0,0,,NULL
18,909,CE_GEN_2669396,low,genetic,,,,WormBase,,-,0,0,0,,NULL
18,1683,CE_GEN_2669397,low,genetic,,,,WormBase,,-,0,0,0,,NULL
18,2419,CE_GEN_2669398,low,genetic,,,,WormBase,,-,0,0,0,,NULL
18,1268,CE_GEN_2669399,low,genetic,,,,WormBase,,-,0,0,0,,NULL
18,912,CE_GEN_2669400,low,genetic,,,,WormBase,,-,0,0,0,,NULL
19,26,CE_GEN29850,low,genetic,MI:0933,,,WormBase;BioGrid,17897480,PMID,1,0,1,,NULL
19,41,CE_GEN29851,low,genetic,MI:0933,,,WormBase;BioGrid,17897480,PMID,1,0,1,,NULL
19,118,CE_GEN29852,low,genetic,MI:0933,,,WormBase;BioGrid,17897480,PMID,1,0,1,,NULL
19,604,CE_GEN29853,low,genetic,MI:0933,,,WormBase;BioGrid,17897480,PMID,1,0,1,,NULL
19,605,CE_GEN29854,low,genetic,MI:0933,,,WormBase;BioGrid,17897480,PMID,1,0,1,,NULL
19,618,CE_GEN29855,low,genetic,MI:0933,,,WormBase;BioGrid,17897480,PMID,1,0,1,,NULL
19,620,CE_GEN29856,low,genetic,MI:0933,,,WormBase;BioGrid,17897480,PMID,1,0,1,,NULL
19,628,CE_GEN29857,low,genetic,MI:0933,,,WormBase;BioGrid,17897480,PMID,1,0,1,,NULL
19,629,CE_GEN29858,low,genetic,MI:0933,,,WormBase;BioGrid,17897480,PMID,1,0,1,,NULL
19,633,CE_GEN29859,low,genetic,MI:0933,,,WormBase;BioGrid,17897480,PMID,1,0,1,,NULL
19,638,CE_GEN29860,low,genetic,MI:0933,,,WormBase;BioGrid,17897480,PMID,1,0,1,,NULL
19,639,CE_GEN29861,low,genetic,MI:0933,,,WormBase;BioGrid,17897480,PMID,1,0,1,,NULL
19,640,CE_GEN29862,low,genetic,MI:0933,,,WormBase;BioGrid,17897480,PMID,1,0,1,,NULL
19,660,CE_GEN29863,low,genetic,MI:0933,,,WormBase;BioGrid,17897480,PMID,1,0,1,,NULL
19,181,CE_GEN29864,low,genetic,MI:0933,,,WormBase;BioGrid,17897480,PMID,1,0,1,,NULL
19,666,CE_GEN29865,low,genetic,MI:0933,,,WormBase;BioGrid,17897480,PMID,1,0,1,,NULL
19,185,CE_GEN29866,low,genetic,MI:0933,,,WormBase;BioGrid,17897480,PMID,1,0,1,,NULL
19,107,CE_GEN29867,low,genetic,MI:0933,,,WormBase;BioGrid,17897480,PMID,1,0,1,,NULL
19,715,CE_GEN29868,low,genetic,MI:0933,,,WormBase;BioGrid,17897480,PMID,1,0,1,,NULL
19,722,CE_GEN29869,low,genetic,MI:0933,,,WormBase;BioGrid,17897480,PMID,1,0,1,,NULL
19,767,CE_GEN29870,low,genetic,MI:0933,,,WormBase;BioGrid,17897480,PMID,1,0,1,,NULL
19,695,CE_GEN29871,low,genetic,MI:0933,,,WormBase;BioGrid,17897480,PMID,1,0,1,,NULL
19,769,CE_GEN29872,low,genetic,MI:0933,,,WormBase;BioGrid,17897480,PMID,1,0,1,,NULL
19,724,CE_GEN29873,low,genetic,MI:0933,,,WormBase;BioGrid,17897480,PMID,1,0,1,,NULL
19,248,CE_GEN29874,low,genetic,MI:0933,,,WormBase;BioGrid,17897480,PMID,1,0,1,,NULL
19,725,CE_GEN29875,low,genetic,MI:0933,,,WormBase;BioGrid,17897480,PMID,1,0,1,,NULL
19,829,CE_GEN29876,low,genetic,MI:0933,,,WormBase;BioGrid,17897480,PMID,1,0,1,,NULL
19,726,CE_GEN29877,low,genetic,MI:0933,,,WormBase;BioGrid,17897480,PMID,1,0,1,,NULL
19,727,CE_GEN29878,low,genetic,MI:0933,,,WormBase;BioGrid,17897480,PMID,1,0,1,,NULL
19,698,CE_GEN29879,low,genetic,MI:0933,,,WormBase;BioGrid,17897480,PMID,1,0,1,,NULL
19,729,CE_GEN29880,low,genetic,MI:0933,,,WormBase;BioGrid,17897480,PMID,1,0,1,,NULL
19,842,CE_GEN29881,low,genetic,MI:0933,,,WormBase;BioGrid,17897480,PMID,1,0,1,,NULL
19,935,CE_GEN29882,low,genetic,MI:0933,,,WormBase;BioGrid,17897480,PMID,1,0,1,,NULL
19,308,CE_GEN29883,low,genetic,MI:0933,,,WormBase;BioGrid,17897480,PMID,1,0,1,,NULL
19,732,CE_GEN29884,low,genetic,MI:0933,,,WormBase;BioGrid,17897480,PMID,1,0,1,,NULL
19,733,CE_GEN29885,low,genetic,MI:0933,,,WormBase;BioGrid,17897480,PMID,1,0,1,,NULL
19,956,CE_GEN29886,low,genetic,MI:0933,,,WormBase;BioGrid,17897480,PMID,1,0,1,,NULL
19,976,CE_GEN29887,low,genetic,MI:0933,,,WormBase;BioGrid,17897480,PMID,1,0,1,,NULL
19,734,CE_GEN29888,low,genetic,MI:0933,,,WormBase;BioGrid,17897480,PMID,1,0,1,,NULL
19,98,CE_GEN29889,low,genetic,MI:0933,,,WormBase;BioGrid,17897480,PMID,1,0,1,,NULL
19,1011,CE_GEN29890,low,genetic,MI:0933,,,WormBase;BioGrid,17897480,PMID,1,0,1,,NULL
19,804,CE_GEN29891,low,genetic,MI:0933,,,WormBase;BioGrid,17897480,PMID,1,0,1,,NULL
19,887,CE_GEN29892,low,genetic,MI:0933,,,WormBase;BioGrid,17897480,PMID,1,0,1,,NULL
19,645,CE_GEN29893,low,genetic,MI:0441,,,WormBase;BioGrid,11904378,PMID,1,0,1,,NULL
19,805,CE_GEN29894,low,genetic,MI:0933,,,WormBase;BioGrid,17897480,PMID,1,0,1,,NULL
19,807,CE_GEN29895,low,genetic,MI:0933,,,WormBase;BioGrid,17897480,PMID,1,0,1,,NULL
19,739,CE_GEN29896,low,genetic,MI:0933,,,WormBase;BioGrid,17897480,PMID,1,0,1,,NULL
19,740,CE_GEN29897,low,genetic,MI:0933,,,WormBase;BioGrid,17897480,PMID,1,0,1,,NULL
19,741,CE_GEN29898,low,genetic,MI:0933,,,WormBase;BioGrid,17897480,PMID,1,0,1,,NULL
19,744,CE_GEN29899,low,genetic,MI:0933,,,WormBase;BioGrid,17897480,PMID,1,0,1,,NULL
19,1021,CE_GEN29900,low,genetic,MI:0933,,,WormBase;BioGrid,17897480,PMID,1,0,1,,NULL
19,412,CE_GEN29901,low,genetic,MI:0933,,,WormBase;BioGrid,17897480,PMID,1,0,1,,NULL
19,1040,CE_GEN29902,low,genetic,MI:0933,,,WormBase;BioGrid,17897480,PMID,1,0,1,,NULL
19,432,CE_GEN29903,low,genetic,MI:0933,,,WormBase;BioGrid,17897480,PMID,1,0,1,,NULL
19,1024,CE_GEN29904,low,genetic,MI:0933,,,WormBase;BioGrid,17897480,PMID,1,0,1,,NULL
19,748,CE_GEN29905,low,genetic,MI:0933,,,WormBase;BioGrid,17897480,PMID,1,0,1,,NULL
19,448,CE_GEN29906,low,genetic,MI:0933,,,WormBase;BioGrid,17897480,PMID,1,0,1,,NULL
19,28,CE_GEN29907,low,genetic,MI:0933,,,WormBase;BioGrid,17897480,PMID,1,0,1,,NULL
19,109,CE_GEN29908,low,genetic,MI:0933,,,WormBase;BioGrid,17897480,PMID,1,0,1,,NULL
19,1041,CE_GEN29909,low,genetic,MI:0933,,,WormBase;BioGrid,17897480,PMID,1,0,1,,NULL
19,749,CE_GEN29910,low,genetic,MI:0933,,,WormBase;BioGrid,17897480,PMID,1,0,1,,NULL
19,983,CE_GEN29911,low,genetic,MI:0933,,,WormBase;BioGrid,17897480,PMID,1,0,1,,NULL
19,1042,CE_GEN29912,low,genetic,MI:0933,,,WormBase;BioGrid,17897480,PMID,1,0,1,,NULL
19,606,CE_GEN29913,low,genetic,MI:0933,,,WormBase;BioGrid,17897480,PMID,1,0,1,,NULL
19,100,CE_GEN29914,low,genetic,MI:0933,,,WormBase;BioGrid,17897480,PMID,1,0,1,,NULL
19,105,CE_GEN29915,high,genetic,MI:0933;MI:1271,,,WormBase;BioGrid,17897480;16845399,PMID,2,0,2,,NULL
19,891,CE_GEN29916,low,genetic,MI:0933,,,WormBase;BioGrid,17897480,PMID,1,0,1,,NULL
19,1043,CE_GEN29918,low,genetic,MI:0933,,,WormBase;BioGrid,17897480,PMID,1,0,1,,NULL
19,707,CE_GEN29919,low,genetic,MI:0933,,,WormBase;BioGrid,17897480,PMID,1,0,1,,NULL
19,1044,CE_GEN29920,low,genetic,MI:0933,,,WormBase;BioGrid,17897480,PMID,1,0,1,,NULL
19,613,CE_GEN29921,low,genetic,MI:1271,,,WormBase;BioGrid,16845399,PMID,1,0,1,,NULL
19,688,CE_GEN29922,low,genetic,MI:0933,,,WormBase;BioGrid,17897480,PMID,1,0,1,,NULL
19,684,CE_GEN29923,low,genetic,MI:0441,,,WormBase;BioGrid,11904378,PMID,1,0,1,,NULL
19,760,CE_GEN29924,low,genetic,MI:0933,,,WormBase;BioGrid,17897480,PMID,1,0,1,,NULL
19,651,CE_GEN29925,low,genetic,MI:0933,,,WormBase;BioGrid,17897480,PMID,1,0,1,,NULL
19,1045,CE_GEN29926,low,genetic,MI:0933,,,WormBase;BioGrid,17897480,PMID,1,0,1,,NULL
19,762,CE_GEN29927,low,genetic,MI:0933,,,WormBase;BioGrid,17897480,PMID,1,0,1,,NULL
19,1160,CE_GEN_2671414,low,genetic,,,,WormBase,,-,0,0,0,,NULL
19,1170,CE_GEN_2671415,low,genetic,,,,WormBase,,-,0,0,0,,NULL
19,1238,CE_GEN_2671416,low,genetic,,,,WormBase,,-,0,0,0,,NULL
19,1276,CE_GEN_2671417,low,genetic,,,,WormBase,,-,0,0,0,,NULL
19,1338,CE_GEN_2671418,low,genetic,,,,WormBase,,-,0,0,0,,NULL
19,38,CE_GEN_2671419,low,genetic,,,,WormBase,,-,0,0,0,,NULL
19,1353,CE_GEN_2671420,low,genetic,,,,WormBase,,-,0,0,0,,NULL
19,1356,CE_GEN_2671421,low,genetic,,,,WormBase,,-,0,0,0,,NULL
19,1420,CE_GEN_2671422,low,genetic,,,,WormBase,,-,0,0,0,,NULL
19,119,CE_GEN_2671423,low,genetic,,,,WormBase,,-,0,0,0,,NULL
19,1458,CE_GEN_2671424,low,genetic,,,,WormBase,,-,0,0,0,,NULL
19,1422,CE_GEN_2671425,low,genetic,,,,WormBase,,-,0,0,0,,NULL
19,127,CE_GEN_2671426,low,genetic,,,,WormBase,,-,0,0,0,,NULL
19,134,CE_GEN_2671427,low,genetic,,,,WormBase,,-,0,0,0,,NULL
19,1176,CE_GEN_2671428,low,genetic,,,,WormBase,,-,0,0,0,,NULL
19,1693,CE_GEN_2671429,low,genetic,,,,WormBase,,-,0,0,0,,NULL
19,155,CE_GEN_2671430,low,genetic,,,,WormBase,,-,0,0,0,,NULL
19,1700,CE_GEN_2671431,low,genetic,,,,WormBase,,-,0,0,0,,NULL
19,1805,CE_GEN_2671432,low,genetic,,,,WormBase,,-,0,0,0,,NULL
19,1605,CE_GEN_2671433,low,genetic,,,,WormBase,,-,0,0,0,,NULL
19,662,CE_GEN_2671434,low,genetic,,,,WormBase,,-,0,0,0,,NULL
19,1863,CE_GEN_2671435,low,genetic,,,,WormBase,,-,0,0,0,,NULL
19,176,CE_GEN_2671436,low,genetic,,,,WormBase,,-,0,0,0,,NULL
19,1869,CE_GEN_2671437,low,genetic,,,,WormBase,,-,0,0,0,,NULL
19,1913,CE_GEN_2671438,low,genetic,,,,WormBase,,-,0,0,0,,NULL
19,1821,CE_GEN_2671439,low,genetic,,,,WormBase,,-,0,0,0,,NULL
19,1940,CE_GEN_2671440,low,genetic,,,,WormBase,,-,0,0,0,,NULL
19,1964,CE_GEN_2671441,low,genetic,,,,WormBase,,-,0,0,0,,NULL
19,1979,CE_GEN_2671442,low,genetic,,,,WormBase,,-,0,0,0,,NULL
19,2036,CE_GEN_2671443,low,genetic,,,,WormBase,,-,0,0,0,,NULL
19,609,CE_GEN_2671444,low,genetic,,,,WormBase,,-,0,0,0,,NULL
19,2055,CE_GEN_2671445,low,genetic,,,,WormBase,,-,0,0,0,,NULL
19,2060,CE_GEN_2671446,low,genetic,,,,WormBase,,-,0,0,0,,NULL
19,716,CE_GEN_2671447,low,genetic,,,,WormBase,,-,0,0,0,,NULL
19,763,CE_GEN_2671448,low,genetic,,,,WormBase,,-,0,0,0,,NULL
19,27,CE_GEN_2671449,low,genetic,,,,WormBase,,-,0,0,0,,NULL
19,233,CE_GEN_2671450,low,genetic,,,,WormBase,,-,0,0,0,,NULL
19,2085,CE_GEN_2671451,low,genetic,,,,WormBase,,-,0,0,0,,NULL
19,2397,CE_GEN_2671452,low,genetic,,,,WormBase,,-,0,0,0,,NULL
19,1511,CE_GEN_2671453,low,genetic,,,,WormBase,,-,0,0,0,,NULL
19,259,CE_GEN_2671454,low,genetic,,,,WormBase,,-,0,0,0,,NULL
19,1472,CE_GEN_2671455,low,genetic,,,,WormBase,,-,0,0,0,,NULL
19,2446,CE_GEN_2671456,low,genetic,,,,WormBase,,-,0,0,0,,NULL
19,267,CE_GEN_2671457,low,genetic,,,,WormBase,,-,0,0,0,,NULL
19,1977,CE_GEN_2671458,low,genetic,,,,WormBase,,-,0,0,0,,NULL
19,2014,CE_GEN_2671459,low,genetic,,,,WormBase,,-,0,0,0,,NULL
19,286,CE_GEN_2671460,low,genetic,,,,WormBase,,-,0,0,0,,NULL
19,1926,CE_GEN_2671461,low,genetic,,,,WormBase,,-,0,0,0,,NULL
19,1474,CE_GEN_2671462,low,genetic,,,,WormBase,,-,0,0,0,,NULL
19,777,CE_GEN_2671463,low,genetic,,,,WormBase,,-,0,0,0,,NULL
19,288,CE_GEN_2671464,low,genetic,,,,WormBase,,-,0,0,0,,NULL
19,2517,CE_GEN_2671465,low,genetic,,,,WormBase,,-,0,0,0,,NULL
19,2520,CE_GEN_2671466,low,genetic,,,,WormBase,,-,0,0,0,,NULL
19,2528,CE_GEN_2671467,low,genetic,,,,WormBase,,-,0,0,0,,NULL
19,782,CE_GEN_2671469,low,genetic,,,,WormBase,,-,0,0,0,,NULL
19,2128,CE_GEN_2671470,low,genetic,,,,WormBase,,-,0,0,0,,NULL
19,2531,CE_GEN_2671471,low,genetic,,,,WormBase,,-,0,0,0,,NULL
19,2532,CE_GEN_2671472,low,genetic,,,,WormBase,,-,0,0,0,,NULL
19,329,CE_GEN_2671473,low,genetic,,,,WormBase,,-,0,0,0,,NULL
19,331,CE_GEN_2671474,low,genetic,,,,WormBase,,-,0,0,0,,NULL
19,2536,CE_GEN_2671475,low,genetic,,,,WormBase,,-,0,0,0,,NULL
19,2537,CE_GEN_2671476,low,genetic,,,,WormBase,,-,0,0,0,,NULL
19,619,CE_GEN_2671477,low,genetic,,,,WormBase,,-,0,0,0,,NULL
19,1280,CE_GEN_2671478,low,genetic,,,,WormBase,,-,0,0,0,,NULL
19,2108,CE_GEN_2671479,low,genetic,,,,WormBase,,-,0,0,0,,NULL
19,2130,CE_GEN_2671480,low,genetic,,,,WormBase,,-,0,0,0,,NULL
19,2544,CE_GEN_2671481,low,genetic,,,,WormBase,,-,0,0,0,,NULL
19,380,CE_GEN_2671482,low,genetic,,,,WormBase,,-,0,0,0,,NULL
19,1020,CE_GEN_2671483,low,genetic,,,,WormBase,,-,0,0,0,,NULL
19,2132,CE_GEN_2671484,low,genetic,,,,WormBase,,-,0,0,0,,NULL
19,1064,CE_GEN_2671485,low,genetic,,,,WormBase,,-,0,0,0,,NULL
19,2551,CE_GEN_2671486,low,genetic,,,,WormBase,,-,0,0,0,,NULL
19,2760,CE_GEN_2671487,low,genetic,,,,WormBase,,-,0,0,0,,NULL
19,2553,CE_GEN_2671488,low,genetic,,,,WormBase,,-,0,0,0,,NULL
19,742,CE_GEN_2671489,low,genetic,,,,WormBase,,-,0,0,0,,NULL
19,2086,CE_GEN_2671490,low,genetic,,,,WormBase,,-,0,0,0,,NULL
19,2133,CE_GEN_2671491,low,genetic,,,,WormBase,,-,0,0,0,,NULL
19,411,CE_GEN_2671492,low,genetic,,,,WormBase,,-,0,0,0,,NULL
19,2559,CE_GEN_2671493,low,genetic,,,,WormBase,,-,0,0,0,,NULL
19,2439,CE_GEN_2671494,low,genetic,,,,WormBase,,-,0,0,0,,NULL
19,2565,CE_GEN_2671495,low,genetic,,,,WormBase,,-,0,0,0,,NULL
19,1444,CE_GEN_2671496,low,genetic,,,,WormBase,,-,0,0,0,,NULL
19,2761,CE_GEN_2671497,low,genetic,,,,WormBase,,-,0,0,0,,NULL
19,1503,CE_GEN_2671498,low,genetic,,,,WormBase,,-,0,0,0,,NULL
19,2135,CE_GEN_2671499,low,genetic,,,,WormBase,,-,0,0,0,,NULL
19,1090,CE_GEN_2671500,low,genetic,,,,WormBase,,-,0,0,0,,NULL
19,451,CE_GEN_2671501,low,genetic,,,,WormBase,,-,0,0,0,,NULL
19,2762,CE_GEN_2671502,low,genetic,,,,WormBase,,-,0,0,0,,NULL
19,1523,CE_GEN_2671503,low,genetic,,,,WormBase,,-,0,0,0,,NULL
19,2755,CE_GEN_2671504,low,genetic,,,,WormBase,,-,0,0,0,,NULL
19,2147,CE_GEN_2671505,low,genetic,,,,WormBase,,-,0,0,0,,NULL
19,2568,CE_GEN_2671506,low,genetic,,,,WormBase,,-,0,0,0,,NULL
19,2287,CE_GEN_2671507,low,genetic,,,,WormBase,,-,0,0,0,,NULL
19,986,CE_GEN_2671508,low,genetic,,,,WormBase,,-,0,0,0,,NULL
19,1486,CE_GEN_2671509,low,genetic,,,,WormBase,,-,0,0,0,,NULL
19,2022,CE_GEN_2671510,low,genetic,,,,WormBase,,-,0,0,0,,NULL
19,752,CE_GEN_2671511,low,genetic,,,,WormBase,,-,0,0,0,,NULL
19,2136,CE_GEN_2671512,low,genetic,,,,WormBase,,-,0,0,0,,NULL
19,1563,CE_GEN_2671513,low,genetic,,,,WormBase,,-,0,0,0,,NULL
19,2440,CE_GEN_2671514,low,genetic,,,,WormBase,,-,0,0,0,,NULL
19,2763,CE_GEN_2671515,low,genetic,,,,WormBase,,-,0,0,0,,NULL
19,86,CE_GEN_2671516,low,genetic,,,,WormBase,,-,0,0,0,,NULL
19,2573,CE_GEN_2671517,low,genetic,,,,WormBase,,-,0,0,0,,NULL
19,988,CE_GEN_2671518,low,genetic,,,,WormBase,,-,0,0,0,,NULL
19,2574,CE_GEN_2671519,low,genetic,,,,WormBase,,-,0,0,0,,NULL
19,990,CE_GEN_2671520,low,genetic,,,,WormBase,,-,0,0,0,,NULL
19,816,CE_GEN_2671521,low,genetic,,,,WormBase,,-,0,0,0,,NULL
19,892,CE_GEN_2671522,low,genetic,,,,WormBase,,-,0,0,0,,NULL
19,1373,CE_GEN_2671523,low,genetic,,,,WormBase,,-,0,0,0,,NULL
19,991,CE_GEN_2671524,low,genetic,,,,WormBase,,-,0,0,0,,NULL
19,2764,CE_GEN_2671525,low,genetic,,,,WormBase,,-,0,0,0,,NULL
19,2585,CE_GEN_2671526,low,genetic,,,,WormBase,,-,0,0,0,,NULL
19,515,CE_GEN_2671527,low,genetic,,,,WormBase,,-,0,0,0,,NULL
19,1079,CE_GEN_2671528,low,genetic,,,,WormBase,,-,0,0,0,,NULL
19,2138,CE_GEN_2671529,low,genetic,,,,WormBase,,-,0,0,0,,NULL
19,1675,CE_GEN_2671530,low,genetic,,,,WormBase,,-,0,0,0,,NULL
19,2765,CE_GEN_2671531,low,genetic,,,,WormBase,,-,0,0,0,,NULL
19,1737,CE_GEN_2671532,low,genetic,,,,WormBase,,-,0,0,0,,NULL
19,2490,CE_GEN_2671533,low,genetic,,,,WormBase,,-,0,0,0,,NULL
19,2491,CE_GEN_2671534,low,genetic,,,,WormBase,,-,0,0,0,,NULL
19,1939,CE_GEN_2671535,low,genetic,,,,WormBase,,-,0,0,0,,NULL
19,2139,CE_GEN_2671536,low,genetic,,,,WormBase,,-,0,0,0,,NULL
19,1524,CE_GEN_2671537,low,genetic,,,,WormBase,,-,0,0,0,,NULL
19,1264,CE_GEN_2671538,low,genetic,,,,WormBase,,-,0,0,0,,NULL
19,1721,CE_GEN_2671539,low,genetic,,,,WormBase,,-,0,0,0,,NULL
19,1119,CE_GEN_2671540,low,genetic,,,,WormBase,,-,0,0,0,,NULL
19,2140,CE_GEN_2671541,low,genetic,,,,WormBase,,-,0,0,0,,NULL
19,3167,CE_GEN_3540758,low,genetic,,,,WormBase,,-,0,0,0,,NULL
21,22,CE_GEN27298,low,genetic,MI:1271,,,WormBase;BioGrid,17942487,PMID,1,0,1,,NULL
21,23,CE_GEN27299,high,genetic,MI:0796;MI:1271,,,WormBase;BioGrid,10380924,PMID,2,0,1,,NULL
21,24,CE_GEN27300,low,genetic,MI:0796,,,WormBase;BioGrid,17942487,PMID,1,0,1,,NULL
21,1163,CE_GEN_2666550,low,genetic,,,,WormBase,,-,0,0,0,,NULL
21,26,CE_GEN_2666551,low,genetic,,,,WormBase,,-,0,0,0,,NULL
21,41,CE_GEN_2666552,low,genetic,,,,WormBase,,-,0,0,0,,NULL
21,122,CE_GEN_2666553,low,genetic,,,,WormBase,,-,0,0,0,,NULL
21,615,CE_GEN_2666554,low,genetic,,,,WormBase,,-,0,0,0,,NULL
21,652,CE_GEN_2666555,low,genetic,,,,WormBase,,-,0,0,0,,NULL
21,1253,CE_GEN_2666556,low,genetic,,,,WormBase,,-,0,0,0,,NULL
21,691,CE_GEN_2666557,low,genetic,,,,WormBase,,-,0,0,0,,NULL
21,1148,CE_GEN_2666558,low,genetic,,,,WormBase,,-,0,0,0,,NULL
21,1254,CE_GEN_2666559,low,genetic,,,,WormBase,,-,0,0,0,,NULL
21,98,CE_GEN_2666561,low,genetic,,,,WormBase,,-,0,0,0,,NULL
21,671,CE_GEN_2666562,low,genetic,,,,WormBase,,-,0,0,0,,NULL
21,1255,CE_GEN_2666563,low,genetic,,,,WormBase,,-,0,0,0,,NULL
21,828,CE_GEN_2666564,low,genetic,,,,WormBase,,-,0,0,0,,NULL
21,412,CE_GEN_2666565,low,genetic,,,,WormBase,,-,0,0,0,,NULL
21,1256,CE_GEN_2666566,low,genetic,,,,WormBase,,-,0,0,0,,NULL
21,28,CE_GEN_2666567,low,genetic,,,,WormBase,,-,0,0,0,,NULL
21,1257,CE_GEN_2666568,low,genetic,,,,WormBase,,-,0,0,0,,NULL
21,692,CE_GEN_2666569,low,genetic,,,,WormBase,,-,0,0,0,,NULL
21,1258,CE_GEN_2666570,low,genetic,,,,WormBase,,-,0,0,0,,NULL
21,651,CE_GEN_2666571,low,genetic,,,,WormBase,,-,0,0,0,,NULL
22,691,CE_GEN28726,low,genetic,MI:0796,,,WormBase;BioGrid,17942487,PMID,1,0,1,,NULL
22,619,CE_GEN28727,low,genetic,MI:0796,,,WormBase;BioGrid,17942487,PMID,1,0,1,,NULL
22,828,CE_GEN28728,high,genetic,MI:0796;MI:1271,,,WormBase;BioGrid,17942487,PMID,2,0,1,,NULL
22,24,CE_GEN28729,high,genetic,MI:0796;MI:1271,,,BioGrid,17942487,PMID,2,0,1,,NULL
22,412,CE_GEN28730,low,genetic,MI:0796,,,WormBase;BioGrid,17942487,PMID,1,0,1,,NULL
22,692,CE_GEN28731,low,genetic,MI:1271,,,WormBase;BioGrid,17942487,PMID,1,0,1,,NULL
22,1163,CE_GEN_2669401,low,genetic,,,,WormBase,,-,0,0,0,,NULL
22,615,CE_GEN_2669402,low,genetic,,,,WormBase,,-,0,0,0,,NULL
22,836,CE_GEN_2669403,low,genetic,,,,WormBase,,-,0,0,0,,NULL
22,1777,CE_GEN_2669404,low,genetic,,,,WormBase,,-,0,0,0,,NULL
22,1838,CE_GEN_2669405,low,genetic,,,,WormBase,,-,0,0,0,,NULL
23,26,CE_GEN30006,moderate,genetic,MI:0796,,,WormBase;BioGrid,10380924,PMID,1,0,1,,NULL
23,41,CE_GEN30007,high,genetic,MI:0796;MI:1271,,,WormBase;BioGrid,10380924,PMID,2,0,1,,NULL
23,46,CE_GEN30008,low,genetic,MI:0441,,,WormBase;BioGrid,17676955,PMID,1,0,1,,NULL
23,47,CE_GEN30009,low,genetic,MI:0441,,,WormBase;BioGrid,17676955,PMID,1,0,1,,NULL
23,48,CE_GEN30010,low,genetic,MI:0441,,,WormBase;BioGrid,17676955,PMID,1,0,1,,NULL
23,49,CE_GEN30011,low,genetic,MI:0441,,,WormBase;BioGrid,17676955,PMID,1,0,1,,NULL
23,55,CE_GEN30012,low,genetic,MI:0441,,,WormBase;BioGrid,17676955,PMID,1,0,1,,NULL
23,56,CE_GEN30013,low,genetic,MI:0441,,,WormBase;BioGrid,17676955,PMID,1,0,1,,NULL
23,624,CE_GEN30014,low,genetic,MI:1271,,,WormBase;BioGrid,10380924,PMID,1,0,1,,NULL
23,58,CE_GEN30015,low,genetic,MI:0441,,,WormBase;BioGrid,17676955,PMID,1,0,1,,NULL
23,615,CE_GEN30016,low,genetic,MI:1271,,,WormBase;BioGrid,10380924,PMID,1,0,1,,NULL
23,652,CE_GEN30017,low,genetic,MI:0796,,,BioGrid,15935762,PMID,1,0,1,,NULL
23,60,CE_GEN30018,low,genetic,MI:0441,,,WormBase;BioGrid,17676955,PMID,1,0,1,,NULL
23,64,CE_GEN30019,low,genetic,MI:0441,,,BioGrid,17676955,PMID,1,0,1,,NULL
23,65,CE_GEN30020,low,genetic,MI:0441,,,WormBase;BioGrid,17676955,PMID,1,0,1,,NULL
23,66,CE_GEN30021,low,genetic,MI:0441,,,WormBase;BioGrid,17676955,PMID,1,0,1,,NULL
23,67,CE_GEN30022,low,genetic,MI:0441,,,BioGrid,17676955,PMID,1,0,1,,NULL
23,72,CE_GEN30023,low,genetic,MI:0441,,,BioGrid,17676955,PMID,1,0,1,,NULL
23,74,CE_GEN30024,low,genetic,MI:0441,,,WormBase;BioGrid,17676955,PMID,1,0,1,,NULL
23,75,CE_GEN30025,low,genetic,MI:0441,,,WormBase;BioGrid,17676955,PMID,1,0,1,,NULL
23,28,CE_GEN30026,low,genetic,MI:1271,,,WormBase;BioGrid,10380924,PMID,1,0,1,,NULL
23,82,CE_GEN30027,low,genetic,MI:0441,,,BioGrid,17676955,PMID,1,0,1,,NULL
23,84,CE_GEN30028,low,genetic,MI:0441,,,WormBase;BioGrid,17676955,PMID,1,0,1,,NULL
23,85,CE_GEN30029,low,genetic,MI:0441,,,WormBase;BioGrid,17676955,PMID,1,0,1,,NULL
23,86,CE_GEN30030,low,genetic,MI:0441,,,WormBase;BioGrid,17676955,PMID,1,0,1,,NULL
23,87,CE_GEN30031,low,genetic,MI:0441,,,WormBase;BioGrid,17676955,PMID,1,0,1,,NULL
23,29,CE_GEN30032,low,genetic,MI:0796,,,WormBase;BioGrid,16890160,PMID,1,0,1,,NULL
23,89,CE_GEN30033,low,genetic,MI:0441,,,WormBase;BioGrid,17676955,PMID,1,0,1,,NULL
23,566,CE_GEN30034,low,genetic,MI:0441,,,WormBase;BioGrid,17676955,PMID,1,0,1,,NULL
23,90,CE_GEN30035,low,genetic,MI:0441,,,WormBase;BioGrid,17676955,PMID,1,0,1,,NULL
23,94,CE_GEN30036,low,genetic,MI:0441,,,WormBase;BioGrid,17676955,PMID,1,0,1,,NULL
23,625,CE_GEN_2671988,low,genetic,,,,WormBase,,-,0,0,0,,NULL
23,1477,CE_GEN_2671989,low,genetic,,,,WormBase,,-,0,0,0,,NULL
23,2103,CE_GEN_2671990,low,genetic,,,,WormBase,,-,0,0,0,,NULL
23,492,CE_GEN_2671991,low,genetic,,,,WormBase,,-,0,0,0,,NULL
23,3167,CE_GEN_3540774,low,genetic,,,,WormBase,,-,0,0,0,,NULL
24,41,CE_GEN_2672847,low,genetic,,,,WormBase,,-,0,0,0,,NULL
24,691,CE_GEN_2672848,moderate,genetic,,,,WormBase,,-,0,0,0,,NULL
24,1777,CE_GEN_2672849,low,genetic,,,,WormBase,,-,0,0,0,,NULL
24,1350,CE_GEN_2672850,low,genetic,,,,WormBase,,-,0,0,0,,NULL
24,828,CE_GEN_2672851,low,genetic,,,,WormBase,,-,0,0,0,,NULL
24,1164,CE_GEN_2672852,moderate,genetic,,,,WormBase,,-,0,0,0,,NULL
24,28,CE_GEN_2672853,moderate,genetic,,,,WormBase,,-,0,0,0,,NULL
25,131,CE_GEN_2666573,low,genetic,,,,WormBase,,-,0,0,0,,NULL
25,733,CE_GEN_2666574,low,genetic,,,,WormBase,,-,0,0,0,,NULL
25,671,CE_GEN_2666575,low,genetic,,,,WormBase,,-,0,0,0,,NULL
25,1192,CE_GEN_2666576,low,genetic,,,,WormBase,,-,0,0,0,,NULL
25,1131,CE_GEN_2666577,low,genetic,,,,WormBase,,-,0,0,0,,NULL
25,687,CE_GEN_2666579,low,genetic,,,,WormBase,,-,0,0,0,,NULL
26,27,CE_GEN27305,low,genetic,MI:0796,,,WormBase;BioGrid,15820693,PMID,1,0,1,,NULL
26,28,CE_GEN27312,low,genetic,MI:0796,,,WormBase;BioGrid,19084000,PMID,1,0,1,,NULL
26,29,CE_GEN27316,moderate,genetic,MI:0796,,,WormBase;BioGrid,16890160,PMID,1,0,1,,NULL
26,1260,CE_GEN_2666581,low,genetic,,,,WormBase,,-,0,0,0,,NULL
26,122,CE_GEN_2666582,low,genetic,,,,WormBase,,-,0,0,0,,NULL
26,604,CE_GEN_2666583,low,genetic,,,,WormBase,,-,0,0,0,,NULL
26,624,CE_GEN_2666584,moderate,genetic,,,,WormBase,,-,0,0,0,,NULL
26,625,CE_GEN_2666585,low,genetic,,,,WormBase,,-,0,0,0,,NULL
26,615,CE_GEN_2666586,low,genetic,,,,WormBase,,-,0,0,0,,NULL
26,652,CE_GEN_2666587,low,genetic,,,,WormBase,,-,0,0,0,,NULL
26,1261,CE_GEN_2666588,low,genetic,,,,WormBase,,-,0,0,0,,NULL
26,653,CE_GEN_2666589,low,genetic,,,,WormBase,,-,0,0,0,,NULL
26,619,CE_GEN_2666590,moderate,genetic,,,,WormBase,,-,0,0,0,,NULL
26,1255,CE_GEN_2666591,low,genetic,,,,WormBase,,-,0,0,0,,NULL
26,384,CE_GEN_2666592,low,genetic,,,,WormBase,,-,0,0,0,,NULL
26,393,CE_GEN_2666593,low,genetic,,,,WormBase,,-,0,0,0,,NULL
26,443,CE_GEN_2666594,low,genetic,,,,WormBase,,-,0,0,0,,NULL
26,1262,CE_GEN_2666595,low,genetic,,,,WormBase,,-,0,0,0,,NULL
26,656,CE_GEN_2666596,low,genetic,,,,WormBase,,-,0,0,0,,NULL
26,707,CE_GEN_2666597,low,genetic,,,,WormBase,,-,0,0,0,,NULL
26,1188,CE_GEN_2666598,low,genetic,,,,WormBase,,-,0,0,0,,NULL
26,1263,CE_GEN_2666599,low,genetic,,,,WormBase,,-,0,0,0,,NULL
26,1264,CE_GEN_2666600,low,genetic,,,,WormBase,,-,0,0,0,,NULL
26,1169,CE_GEN_2666601,low,genetic,,,,WormBase,,-,0,0,0,,NULL
27,765,CE_GEN28513,low,genetic,MI:0796,,,BioGrid,15820693,PMID,1,0,1,,NULL
27,766,CE_GEN28514,low,genetic,MI:1271,,,WormBase;BioGrid,15820693,PMID,1,0,1,,NULL
27,105,CE_GEN28515,low,genetic,MI:1271,,,WormBase;BioGrid,16845399,PMID,1,0,1,,NULL
27,1325,CE_GEN_2668607,low,genetic,,,,WormBase,,-,0,0,0,,NULL
27,1334,CE_GEN_2668609,low,genetic,,,,WormBase,,-,0,0,0,,NULL
27,1156,CE_GEN_2668610,low,genetic,,,,WormBase,,-,0,0,0,,NULL
27,1036,CE_GEN_2668612,low,genetic,,,,WormBase,,-,0,0,0,,NULL
28,106,CE_GEN30609,low,genetic,MI:0441,,,WormBase;BioGrid,11904378,PMID,1,0,1,,NULL
28,625,CE_GEN30611,low,genetic,MI:1271,,,WormBase;BioGrid,10488343,PMID,1,0,1,,NULL
28,690,CE_GEN30612,low,genetic,MI:1271,,,WormBase;BioGrid,16845399,PMID,1,0,1,,NULL
28,644,CE_GEN30613,low,genetic,MI:1271,,,WormBase;BioGrid,16845399,PMID,1,0,1,,NULL
28,796,CE_GEN30618,low,genetic,MI:1271,,,WormBase;BioGrid,16845399,PMID,1,0,1,,NULL
28,645,CE_GEN30619,high,genetic,MI:1271;MI:0441,,,WormBase;BioGrid,16845399;11904378,PMID,2,0,2,,NULL
28,681,CE_GEN30621,low,genetic,MI:0441,,,BioGrid,11904378,PMID,1,0,1,,NULL
28,738,CE_GEN30623,low,genetic,MI:1271,,,WormBase;BioGrid,16845399,PMID,1,0,1,,NULL
28,808,CE_GEN30624,low,genetic,MI:1271,,,WormBase;BioGrid,16845399,PMID,1,0,1,,NULL
28,646,CE_GEN30625,low,genetic,MI:1271,,,WormBase;BioGrid,19084000,PMID,1,0,1,,NULL
28,682,CE_GEN30626,low,genetic,MI:0441,,,WormBase;BioGrid,11904378,PMID,1,0,1,,NULL
28,1085,CE_GEN30628,low,genetic,MI:1271,,,WormBase;BioGrid,16845399,PMID,1,0,1,,NULL
28,1071,CE_GEN30629,low,genetic,MI:1271,,,WormBase;BioGrid,16845399,PMID,1,0,1,,NULL
28,648,CE_GEN30631,low,genetic,MI:1271,,,WormBase;BioGrid,16845399,PMID,1,0,1,,NULL
28,683,CE_GEN30632,low,genetic,MI:0441,,,BioGrid,11904378,PMID,1,0,1,,NULL
28,476,CE_GEN30633,low,genetic,MI:0441,,,WormBase;BioGrid,11904378,PMID,1,0,1,,NULL
28,684,CE_GEN30637,low,genetic,MI:0441,,,WormBase;BioGrid,11904378,PMID,1,0,1,,NULL
28,651,CE_GEN30638,low,genetic,MI:1271,,,WormBase;BioGrid,16845399,PMID,1,0,1,,NULL
28,1181,CE_GEN_2673817,low,genetic,,,,WormBase,,-,0,0,0,,NULL
28,41,CE_GEN_2673819,low,genetic,,,,WormBase,,-,0,0,0,,NULL
28,1620,CE_GEN_2673820,low,genetic,,,,WormBase,,-,0,0,0,,NULL
28,624,CE_GEN_2673821,low,genetic,,,,WormBase,,-,0,0,0,,NULL
28,615,CE_GEN_2673822,moderate,genetic,,,,WormBase,,-,0,0,0,,NULL
28,653,CE_GEN_2673823,low,genetic,,,,WormBase,,-,0,0,0,,NULL
28,807,CE_GEN_2673824,low,genetic,,,,WormBase,,-,0,0,0,,NULL
28,1350,CE_GEN_2673825,low,genetic,,,,WormBase,,-,0,0,0,,NULL
28,828,CE_GEN_2673826,low,genetic,,,,WormBase,,-,0,0,0,,NULL
28,480,CE_GEN_2673828,low,genetic,,,,WormBase,,-,0,0,0,,NULL
28,707,CE_GEN_2673829,low,genetic,,,,WormBase,,-,0,0,0,,NULL
28,1188,CE_GEN_2673830,low,genetic,,,,WormBase,,-,0,0,0,,NULL
29,652,CE_GEN31460,low,genetic,MI:0796,,,WormBase;BioGrid,16890160,PMID,1,0,1,,NULL
29,653,CE_GEN31461,low,genetic,MI:0796,,,WormBase;BioGrid,16890160,PMID,1,0,1,,NULL
29,1260,CE_GEN_2675920,low,genetic,,,,WormBase,,-,0,0,0,,NULL
29,122,CE_GEN_2675921,low,genetic,,,,WormBase,,-,0,0,0,,NULL
29,1727,CE_GEN_2675923,low,genetic,,,,WormBase,,-,0,0,0,,NULL
29,694,CE_GEN_2675924,low,genetic,,,,WormBase,,-,0,0,0,,NULL
29,1380,CE_GEN_2675925,low,genetic,,,,WormBase,,-,0,0,0,,NULL
29,1051,CE_GEN_2675926,low,genetic,,,,WormBase,,-,0,0,0,,NULL
29,1256,CE_GEN_2675927,low,genetic,,,,WormBase,,-,0,0,0,,NULL
29,442,CE_GEN_2675928,low,genetic,,,,WormBase,,-,0,0,0,,NULL
29,1262,CE_GEN_2675929,low,genetic,,,,WormBase,,-,0,0,0,,NULL
29,909,CE_GEN_2675930,low,genetic,,,,WormBase,,-,0,0,0,,NULL
29,1169,CE_GEN_2675931,low,genetic,,,,WormBase,,-,0,0,0,,NULL
30,1266,CE_GEN_2666603,moderate,genetic,,,,WormBase,,-,0,0,0,,NULL
30,1267,CE_GEN_2666604,low,genetic,,,,WormBase,,-,0,0,0,,NULL
30,40,CE_GEN_2666605,moderate,genetic,,,,WormBase,,-,0,0,0,,NULL
30,692,CE_GEN_2666607,low,genetic,,,,WormBase,,-,0,0,0,,NULL
30,1268,CE_GEN_2666608,low,genetic,,,,WormBase,,-,0,0,0,,NULL
32,796,CE_GEN_2666614,low,genetic,,,,WormBase,,-,0,0,0,,NULL
32,358,CE_GEN_2666615,low,genetic,,,,WormBase,,-,0,0,0,,NULL
32,1128,CE_GEN_2666616,low,genetic,,,,WormBase,,-,0,0,0,,NULL
33,393,CE_GEN_2666617,low,genetic,,,,WormBase,,-,0,0,0,,NULL
33,1273,CE_GEN_2666618,low,genetic,,,,WormBase,,-,0,0,0,,NULL
34,1284,CE_GEN_2666630,low,genetic,,,,WormBase,,-,0,0,0,,NULL
34,796,CE_GEN_2666631,low,genetic,,,,WormBase,,-,0,0,0,,NULL
34,358,CE_GEN_2666632,low,genetic,,,,WormBase,,-,0,0,0,,NULL
34,457,CE_GEN_2666633,low,genetic,,,,WormBase,,-,0,0,0,,NULL
34,1128,CE_GEN_2666634,low,genetic,,,,WormBase,,-,0,0,0,,NULL
36,1316,CE_GEN_2666667,moderate,genetic,,,,WormBase,,-,0,0,0,,NULL
39,40,CE_GEN27328,low,genetic,MI:1271,,,WormBase;BioGrid,16845399,PMID,1,0,1,,NULL
39,1170,CE_GEN_2666697,low,genetic,,,,WormBase,,-,0,0,0,,NULL
39,103,CE_GEN_2666699,low,genetic,,,,WormBase,,-,0,0,0,,NULL
39,614,CE_GEN_2666700,low,genetic,,,,WormBase,,-,0,0,0,,NULL
39,657,CE_GEN_2666701,low,genetic,,,,WormBase,,-,0,0,0,,NULL
39,1190,CE_GEN_2666702,low,genetic,,,,WormBase,,-,0,0,0,,NULL
39,1340,CE_GEN_2666703,low,genetic,,,,WormBase,,-,0,0,0,,NULL
39,725,CE_GEN_2666704,low,genetic,,,,WormBase,,-,0,0,0,,NULL
39,731,CE_GEN_2666705,low,genetic,,,,WormBase,,-,0,0,0,,NULL
39,671,CE_GEN_2666706,low,genetic,,,,WormBase,,-,0,0,0,,NULL
39,1056,CE_GEN_2666707,low,genetic,,,,WormBase,,-,0,0,0,,NULL
39,387,CE_GEN_2666708,moderate,genetic,,,,WormBase,,-,0,0,0,,NULL
39,828,CE_GEN_2666709,low,genetic,,,,WormBase,,-,0,0,0,,NULL
39,1058,CE_GEN_2666710,low,genetic,,,,WormBase,,-,0,0,0,,NULL
39,1217,CE_GEN_2666711,low,genetic,,,,WormBase,,-,0,0,0,,NULL
39,1341,CE_GEN_2666712,low,genetic,,,,WormBase,,-,0,0,0,,NULL
39,1342,CE_GEN_2666713,low,genetic,,,,WormBase,,-,0,0,0,,NULL
39,1172,CE_GEN_2666714,low,genetic,,,,WormBase,,-,0,0,0,,NULL
39,692,CE_GEN_2666715,low,genetic,,,,WormBase,,-,0,0,0,,NULL
39,1087,CE_GEN_2666716,low,genetic,,,,WormBase,,-,0,0,0,,NULL
39,1343,CE_GEN_2666718,low,genetic,,,,WormBase,,-,0,0,0,,NULL
39,768,CE_GEN_2666719,moderate,genetic,,,,WormBase,,-,0,0,0,,NULL
39,1344,CE_GEN_2666720,low,genetic,,,,WormBase,,-,0,0,0,,NULL
39,1187,CE_GEN_2666721,moderate,genetic,,,,WormBase,,-,0,0,0,,NULL
39,1345,CE_GEN_2666722,moderate,genetic,,,,WormBase,,-,0,0,0,,NULL
39,1112,CE_GEN_2666723,low,genetic,,,,WormBase,,-,0,0,0,,NULL
40,641,CE_GEN30143,low,genetic,MI:1271,,,WormBase;BioGrid,16845399,PMID,1,0,1,,NULL
40,695,CE_GEN30144,low,genetic,MI:1271,,,WormBase;BioGrid,16845399,PMID,1,0,1,,NULL
40,698,CE_GEN30145,low,genetic,MI:1271,,,WormBase;BioGrid,16845399,PMID,1,0,1,,NULL
40,839,CE_GEN30146,low,genetic,MI:1271,,,WormBase;BioGrid,16845399,PMID,1,0,1,,NULL
40,412,CE_GEN30147,low,genetic,MI:1271,,,WormBase;BioGrid,16845399,PMID,1,0,1,,NULL
40,773,CE_GEN30148,low,genetic,MI:1271,,,WormBase;BioGrid,16845399,PMID,1,0,1,,NULL
40,676,CE_GEN30149,low,genetic,MI:1271,,,WormBase;BioGrid,16845399,PMID,1,0,1,,NULL
40,136,CE_GEN_2672548,low,genetic,,,,WormBase,,-,0,0,0,,NULL
40,620,CE_GEN_2672549,low,genetic,,,,WormBase,,-,0,0,0,,NULL
40,1687,CE_GEN_2672550,low,genetic,,,,WormBase,,-,0,0,0,,NULL
40,639,CE_GEN_2672551,low,genetic,,,,WormBase,,-,0,0,0,,NULL
40,612,CE_GEN_2672553,low,genetic,,,,WormBase,,-,0,0,0,,NULL
40,1466,CE_GEN_2672554,low,genetic,,,,WormBase,,-,0,0,0,,NULL
40,1469,CE_GEN_2672555,low,genetic,,,,WormBase,,-,0,0,0,,NULL
40,1266,CE_GEN_2672556,low,genetic,,,,WormBase,,-,0,0,0,,NULL
40,1267,CE_GEN_2672557,low,genetic,,,,WormBase,,-,0,0,0,,NULL
40,610,CE_GEN_2672558,low,genetic,,,,WormBase,,-,0,0,0,,NULL
40,2500,CE_GEN_2672561,low,genetic,,,,WormBase,,-,0,0,0,,NULL
40,692,CE_GEN_2672562,low,genetic,,,,WormBase,,-,0,0,0,,NULL
40,2874,CE_GEN_2672563,low,genetic,,,,WormBase,,-,0,0,0,,NULL
40,719,CE_GEN_2672564,low,genetic,,,,WormBase,,-,0,0,0,,NULL
40,613,CE_GEN_2672565,low,genetic,,,,WormBase,,-,0,0,0,,NULL
40,2875,CE_GEN_2672566,low,genetic,,,,WormBase,,-,0,0,0,,NULL
41,122,CE_GEN_2666730,low,genetic,,,,WormBase,,-,0,0,0,,NULL
41,775,CE_GEN_2666731,low,genetic,,,,WormBase,,-,0,0,0,,NULL
41,1255,CE_GEN_2666733,low,genetic,,,,WormBase,,-,0,0,0,,NULL
41,1267,CE_GEN_2666734,low,genetic,,,,WormBase,,-,0,0,0,,NULL
41,1350,CE_GEN_2666735,low,genetic,,,,WormBase,,-,0,0,0,,NULL
41,828,CE_GEN_2666736,low,genetic,,,,WormBase,,-,0,0,0,,NULL
41,412,CE_GEN_2666738,low,genetic,,,,WormBase,,-,0,0,0,,NULL
41,1256,CE_GEN_2666739,low,genetic,,,,WormBase,,-,0,0,0,,NULL
41,1341,CE_GEN_2666740,low,genetic,,,,WormBase,,-,0,0,0,,NULL
41,692,CE_GEN_2666742,low,genetic,,,,WormBase,,-,0,0,0,,NULL
41,1128,CE_GEN_2666743,low,genetic,,,,WormBase,,-,0,0,0,,NULL
44,45,CE_GEN27333,low,genetic,MI:0441,,,WormBase;BioGrid,17676955,PMID,1,0,1,,NULL
44,1261,CE_GEN_2666755,low,genetic,,,,WormBase,,-,0,0,0,,NULL
44,1358,CE_GEN_2666756,low,genetic,,,,WormBase,,-,0,0,0,,NULL
45,46,CE_GEN27336,high,genetic,MI:0796;MI:0441,,,WormBase;BioGrid,17676955,PMID,2,0,1,,NULL
45,47,CE_GEN27337,moderate,genetic,MI:0441,,,WormBase;BioGrid,17676955,PMID,1,0,1,,NULL
45,48,CE_GEN27338,high,genetic,MI:0796;MI:0441,,,WormBase;BioGrid,17676955,PMID,2,0,1,,NULL
45,49,CE_GEN27339,low,genetic,MI:0441,,,WormBase;BioGrid,17676955,PMID,1,0,1,,NULL
45,50,CE_GEN27340,low,genetic,MI:0441,,,BioGrid,17676955,PMID,1,0,1,,NULL
45,51,CE_GEN27341,high,genetic,MI:0441;MI:0796,,,WormBase;BioGrid,17676955,PMID,2,0,1,,NULL
45,52,CE_GEN27342,high,genetic,MI:0441;MI:0796,,,WormBase;BioGrid,17676955,PMID,2,0,1,,NULL
45,53,CE_GEN27343,high,genetic,MI:0441;MI:0796,,,WormBase;BioGrid,17676955,PMID,2,0,1,,NULL
45,54,CE_GEN27344,high,genetic,MI:0441;MI:0796,,,WormBase;BioGrid,17676955,PMID,2,0,1,,NULL
45,55,CE_GEN27345,low,genetic,MI:0441,,,WormBase;BioGrid,17676955,PMID,1,0,1,,NULL
45,56,CE_GEN27346,low,genetic,MI:0441,,,WormBase;BioGrid,17676955,PMID,1,0,1,,NULL
45,57,CE_GEN27347,high,genetic,MI:0441;MI:0796,,,WormBase;BioGrid,17676955,PMID,2,0,1,,NULL
45,58,CE_GEN27348,low,genetic,MI:0441,,,WormBase;BioGrid,17676955,PMID,1,0,1,,NULL
45,59,CE_GEN27349,low,genetic,MI:0441,,,WormBase;BioGrid,17676955,PMID,1,0,1,,NULL
45,60,CE_GEN27350,low,genetic,MI:0441,,,WormBase;BioGrid,17676955,PMID,1,0,1,,NULL
45,61,CE_GEN27351,low,genetic,MI:0441,,,WormBase;BioGrid,17676955,PMID,1,0,1,,NULL
45,62,CE_GEN27352,high,genetic,MI:0796;MI:0441,,,WormBase;BioGrid,17676955,PMID,2,0,1,,NULL
45,63,CE_GEN27353,low,genetic,MI:0441,,,WormBase;BioGrid,17676955,PMID,1,0,1,,NULL
45,64,CE_GEN27354,high,genetic,MI:0796;MI:0441,,,WormBase;BioGrid,17676955,PMID,2,0,1,,NULL
45,65,CE_GEN27355,low,genetic,MI:0441,,,WormBase;BioGrid,17676955,PMID,1,0,1,,NULL
45,66,CE_GEN27356,low,genetic,MI:0441,,,WormBase;BioGrid,17676955,PMID,1,0,1,,NULL
45,67,CE_GEN27357,low,genetic,MI:0441,,,BioGrid,17676955,PMID,1,0,1,,NULL
45,68,CE_GEN27358,low,genetic,MI:0441,,,WormBase;BioGrid,17676955,PMID,1,0,1,,NULL
45,69,CE_GEN27359,high,genetic,MI:0441;MI:0796,,,WormBase;BioGrid,17676955,PMID,2,0,1,,NULL
45,70,CE_GEN27360,high,genetic,MI:0441;MI:0796,,,WormBase;BioGrid,17676955,PMID,2,0,1,,NULL
45,71,CE_GEN27361,high,genetic,MI:0441;MI:0796,,,WormBase;BioGrid,17676955,PMID,2,0,1,,NULL
45,72,CE_GEN27362,low,genetic,MI:0441,,,WormBase;BioGrid,17676955,PMID,1,0,1,,NULL
45,73,CE_GEN27363,high,genetic,MI:0441;MI:0796,,,WormBase;BioGrid,17676955,PMID,2,0,1,,NULL
45,74,CE_GEN27364,low,genetic,MI:0441,,,WormBase;BioGrid,17676955,PMID,1,0,1,,NULL
45,75,CE_GEN27365,high,genetic,MI:0796;MI:0441,,,WormBase;BioGrid,17676955,PMID,2,0,1,,NULL
45,76,CE_GEN27366,moderate,genetic,MI:0441,,,WormBase;BioGrid,17676955,PMID,1,0,1,,NULL
45,77,CE_GEN27367,low,genetic,MI:0441,,,WormBase;BioGrid,17676955,PMID,1,0,1,,NULL
45,78,CE_GEN27368,high,genetic,MI:0441;MI:0796,,,WormBase;BioGrid,17676955,PMID,2,0,1,,NULL
45,79,CE_GEN27369,moderate,genetic,MI:0441,,,WormBase;BioGrid,17676955,PMID,1,0,1,,NULL
45,80,CE_GEN27370,high,genetic,MI:0441;MI:0796,,,WormBase;BioGrid,17676955,PMID,2,0,1,,NULL
45,81,CE_GEN27371,low,genetic,MI:0441,,,WormBase;BioGrid,17676955,PMID,1,0,1,,NULL
45,82,CE_GEN27373,high,genetic,MI:0796;MI:0441,,,WormBase;BioGrid,17676955,PMID,2,0,1,,NULL
45,83,CE_GEN27374,high,genetic,MI:0441;MI:0796,,,WormBase;BioGrid,17676955,PMID,2,0,1,,NULL
45,84,CE_GEN27375,low,genetic,MI:0441,,,WormBase;BioGrid,17676955,PMID,1,0,1,,NULL
45,85,CE_GEN27376,low,genetic,MI:0441,,,WormBase;BioGrid,17676955,PMID,1,0,1,,NULL
45,86,CE_GEN27377,high,genetic,MI:0796;MI:0441,,,WormBase;BioGrid,17676955,PMID,2,0,1,,NULL
45,87,CE_GEN27378,low,genetic,MI:0441,,,WormBase;BioGrid,17676955,PMID,1,0,1,,NULL
45,88,CE_GEN27379,low,genetic,MI:0441,,,WormBase;BioGrid,17676955,PMID,1,0,1,,NULL
45,89,CE_GEN27380,high,genetic,MI:0796;MI:0441,,,WormBase;BioGrid,17676955,PMID,2,0,1,,NULL
45,90,CE_GEN27381,high,genetic,MI:0796;MI:0441,,,WormBase;BioGrid,17676955,PMID,2,0,1,,NULL
45,91,CE_GEN27382,high,genetic,MI:0441;MI:0796,,,WormBase;BioGrid,17676955,PMID,2,0,1,,NULL
45,92,CE_GEN27383,low,genetic,MI:0441,,,WormBase;BioGrid,17676955,PMID,1,0,1,,NULL
45,93,CE_GEN27384,low,genetic,MI:0441,,,WormBase;BioGrid,17676955,PMID,1,0,1,,NULL
45,94,CE_GEN27385,low,genetic,MI:0441,,,WormBase;BioGrid,17676955,PMID,1,0,1,,NULL
45,113,CE_GEN_2666762,low,genetic,,,,WormBase,,-,0,0,0,,NULL
45,630,CE_GEN_2666763,low,genetic,,,,WormBase,,-,0,0,0,,NULL
45,1362,CE_GEN_2666764,low,genetic,,,,WormBase,,-,0,0,0,,NULL
45,1334,CE_GEN_2666765,low,genetic,,,,WormBase,,-,0,0,0,,NULL
45,1363,CE_GEN_2666766,low,genetic,,,,WormBase,,-,0,0,0,,NULL
45,1364,CE_GEN_2666767,moderate,genetic,,,,WormBase,,-,0,0,0,,NULL
45,1365,CE_GEN_2666768,moderate,genetic,,,,WormBase,,-,0,0,0,,NULL
45,505,CE_GEN_2666769,low,genetic,,,,WormBase,,-,0,0,0,,NULL
45,1366,CE_GEN_2666770,low,genetic,,,,WormBase,,-,0,0,0,,NULL
45,566,CE_GEN_2666771,low,genetic,,,,WormBase,,-,0,0,0,,NULL
45,3167,CE_GEN_3540770,low,genetic,,,,WormBase,,-,0,0,0,,NULL
48,114,CE_GEN27418,low,genetic,MI:0441,,,WormBase;BioGrid,17676955,PMID,1,0,1,,NULL
48,1303,CE_GEN_2666875,low,genetic,,,,WormBase,,-,0,0,0,,NULL
49,1152,CE_GEN_2666899,low,genetic,,,,WormBase,,-,0,0,0,,NULL
49,1148,CE_GEN_2666900,low,genetic,,,,WormBase,,-,0,0,0,,NULL
49,1153,CE_GEN_2666901,low,genetic,,,,WormBase,,-,0,0,0,,NULL
54,654,CE_GEN_2667209,low,genetic,,,,WormBase,,-,0,0,0,,NULL
54,1173,CE_GEN_2667210,low,genetic,,,,WormBase,,-,0,0,0,,NULL
55,114,CE_GEN28025,low,genetic,MI:0441,,,WormBase;BioGrid,17676955,PMID,1,0,1,,NULL
55,662,CE_GEN_2667211,low,genetic,,,,WormBase,,-,0,0,0,,NULL
55,663,CE_GEN_2667212,low,genetic,,,,WormBase,,-,0,0,0,,NULL
55,1534,CE_GEN_2667213,low,genetic,,,,WormBase,,-,0,0,0,,NULL
55,1360,CE_GEN_2667214,low,genetic,,,,WormBase,,-,0,0,0,,NULL
55,1582,CE_GEN_2667215,low,genetic,,,,WormBase,,-,0,0,0,,NULL
55,1583,CE_GEN_2667216,low,genetic,,,,WormBase,,-,0,0,0,,NULL
55,1584,CE_GEN_2667217,low,genetic,,,,WormBase,,-,0,0,0,,NULL
55,1585,CE_GEN_2667218,low,genetic,,,,WormBase,,-,0,0,0,,NULL
58,114,CE_GEN28111,low,genetic,MI:0441,,,BioGrid,17676955,PMID,1,0,1,,NULL
58,1148,CE_GEN_2667520,low,genetic,,,,WormBase,,-,0,0,0,,NULL
62,114,CE_GEN28197,low,genetic,MI:0441,,,WormBase;BioGrid,17676955,PMID,1,0,1,,NULL
65,114,CE_GEN28314,low,genetic,MI:0441,,,BioGrid,17676955,PMID,1,0,1,,NULL
66,114,CE_GEN28324,low,genetic,MI:0441,,,BioGrid,17676955,PMID,1,0,1,,NULL
66,620,CE_GEN_2668308,low,genetic,,,,WormBase,,-,0,0,0,,NULL
67,114,CE_GEN28536,low,genetic,MI:0441,,,BioGrid,17676955,PMID,1,0,1,,NULL
70,1605,CE_GEN_2668850,moderate,genetic,,,,WormBase,,-,0,0,0,,NULL
70,1506,CE_GEN_2668851,low,genetic,,,,WormBase,,-,0,0,0,,NULL
71,1307,CE_GEN_2669443,low,genetic,,,,WormBase,,-,0,0,0,,NULL
71,2426,CE_GEN_2669444,low,genetic,,,,WormBase,,-,0,0,0,,NULL
74,114,CE_GEN29279,low,genetic,MI:0441,,,WormBase;BioGrid,17676955,PMID,1,0,1,,NULL
76,1635,CE_GEN_2670874,low,genetic,,,,WormBase,,-,0,0,0,,NULL
76,1307,CE_GEN_2670875,low,genetic,,,,WormBase,,-,0,0,0,,NULL
76,1219,CE_GEN_2670876,low,genetic,,,,WormBase,,-,0,0,0,,NULL
76,1524,CE_GEN_2670877,low,genetic,,,,WormBase,,-,0,0,0,,NULL
76,2700,CE_GEN_2670878,low,genetic,,,,WormBase,,-,0,0,0,,NULL
76,2643,CE_GEN_2670879,low,genetic,,,,WormBase,,-,0,0,0,,NULL
76,1612,CE_GEN_2670880,low,genetic,,,,WormBase,,-,0,0,0,,NULL
77,114,CE_GEN29637,low,genetic,MI:0441,,,WormBase;BioGrid,17676955,PMID,1,0,1,,NULL
77,1297,CE_GEN_2671021,low,genetic,,,,WormBase,,-,0,0,0,,NULL
77,1232,CE_GEN_2671022,low,genetic,,,,WormBase,,-,0,0,0,,NULL
80,2684,CE_GEN_2673256,low,genetic,,,,WormBase,,-,0,0,0,,NULL
83,1133,CE_GEN_2674221,low,genetic,,,,WormBase,,-,0,0,0,,NULL
83,1134,CE_GEN_2674222,low,genetic,,,,WormBase,,-,0,0,0,,NULL
86,114,CE_GEN30879,low,genetic,MI:0441,,,WormBase;BioGrid,17676955,PMID,1,0,1,,NULL
86,1440,CE_GEN_2674881,low,genetic,,,,WormBase,,-,0,0,0,,NULL
86,1976,CE_GEN_2674882,low,genetic,,,,WormBase,,-,0,0,0,,NULL
86,2149,CE_GEN_2674883,low,genetic,,,,WormBase,,-,0,0,0,,NULL
86,1380,CE_GEN_2674884,low,genetic,,,,WormBase,,-,0,0,0,,NULL
86,1977,CE_GEN_2674885,low,genetic,,,,WormBase,,-,0,0,0,,NULL
86,732,CE_GEN_2674886,low,genetic,,,,WormBase,,-,0,0,0,,NULL
86,1978,CE_GEN_2674888,low,genetic,,,,WormBase,,-,0,0,0,,NULL
87,610,CE_GEN30890,low,genetic,MI:1271,,,WormBase;BioGrid,16845399,PMID,1,0,1,,NULL
87,114,CE_GEN30891,low,genetic,MI:0441,,,WormBase;BioGrid,17676955,PMID,1,0,1,,NULL
87,1493,CE_GEN_2674998,low,genetic,,,,WormBase,,-,0,0,0,,NULL
87,1516,CE_GEN_2674999,low,genetic,,,,WormBase,,-,0,0,0,,NULL
87,245,CE_GEN_2675000,low,genetic,,,,WormBase,,-,0,0,0,,NULL
87,108,CE_GEN_2675001,low,genetic,,,,WormBase,,-,0,0,0,,NULL
87,737,CE_GEN_2675002,low,genetic,,,,WormBase,,-,0,0,0,,NULL
87,1590,CE_GEN_2675003,low,genetic,,,,WormBase,,-,0,0,0,,NULL
87,1781,CE_GEN_2675004,low,genetic,,,,WormBase,,-,0,0,0,,NULL
87,1173,CE_GEN_2675005,low,genetic,,,,WormBase,,-,0,0,0,,NULL
87,1412,CE_GEN_2675006,low,genetic,,,,WormBase,,-,0,0,0,,NULL
87,1169,CE_GEN_2675007,low,genetic,,,,WormBase,,-,0,0,0,,NULL
89,1152,CE_GEN_2676823,low,genetic,,,,WormBase,,-,0,0,0,,NULL
90,114,CE_GEN31650,low,genetic,MI:0441,,,BioGrid,17676955,PMID,1,0,1,,NULL
90,288,CE_GEN_2676987,low,genetic,,,,WormBase,,-,0,0,0,,NULL
90,1408,CE_GEN_2676988,low,genetic,,,,WormBase,,-,0,0,0,,NULL
93,1317,CE_GEN_2682799,low,genetic,,,,WormBase,,-,0,0,0,,NULL
93,358,CE_GEN_2682800,low,genetic,,,,WormBase,,-,0,0,0,,NULL
93,2966,CE_GEN_2682801,low,genetic,,,,WormBase,,-,0,0,0,,NULL
93,1128,CE_GEN_2682802,low,genetic,,,,WormBase,,-,0,0,0,,NULL
93,2909,CE_GEN_2682803,low,genetic,,,,WormBase,,-,0,0,0,,NULL
94,104,CE_GEN964920,low,genetic,MI:0933,,,WormBase;BioGrid,17897480,PMID,1,0,1,,NULL
95,1373,CE_GEN_2666782,moderate,genetic,,,,WormBase,,-,0,0,0,,NULL
96,97,CE_GEN27387,high,genetic,MI:0441;MI:1271,,,BioGrid,24727455,PMID,2,0,1,,NULL
96,98,CE_GEN27388,low,genetic,MI:0441,,,BioGrid,24727455,PMID,1,0,1,,NULL
96,99,CE_GEN27389,low,genetic,MI:0441,,,BioGrid,24727455,PMID,1,0,1,,NULL
96,100,CE_GEN27390,low,genetic,MI:0441,,,WormBase;BioGrid,24727455,PMID,1,0,1,,NULL
96,101,CE_GEN27391,low,genetic,MI:0441,,,BioGrid,24727455,PMID,1,0,1,,NULL
96,1380,CE_GEN_2666788,low,genetic,,,,WormBase,,-,0,0,0,,NULL
97,1383,CE_GEN_2667627,low,genetic,,,,WormBase,,-,0,0,0,,NULL
97,1176,CE_GEN_2667629,low,genetic,,,,WormBase,,-,0,0,0,,NULL
97,1756,CE_GEN_2667630,low,genetic,,,,WormBase,,-,0,0,0,,NULL
97,1475,CE_GEN_2667631,low,genetic,,,,WormBase,,-,0,0,0,,NULL
97,327,CE_GEN_2667632,low,genetic,,,,WormBase,,-,0,0,0,,NULL
97,1476,CE_GEN_2667633,low,genetic,,,,WormBase,,-,0,0,0,,NULL
97,1047,CE_GEN_2667634,low,genetic,,,,WormBase,,-,0,0,0,,NULL
97,361,CE_GEN_2667635,low,genetic,,,,WormBase,,-,0,0,0,,NULL
97,393,CE_GEN_2667636,low,genetic,,,,WormBase,,-,0,0,0,,NULL
97,1373,CE_GEN_2667637,low,genetic,,,,WormBase,,-,0,0,0,,NULL
97,1202,CE_GEN_2667638,low,genetic,,,,WormBase,,-,0,0,0,,NULL
98,609,CE_GEN29400,low,genetic,MI:1271,,,WormBase;BioGrid,16845399,PMID,1,0,1,,NULL
98,619,CE_GEN29405,low,genetic,MI:1271,,,WormBase;BioGrid,16845399,PMID,1,0,1,,NULL
98,387,CE_GEN29407,moderate,genetic,MI:1271,,,WormBase;BioGrid,16845399,PMID,1,0,1,,NULL
98,610,CE_GEN29408,low,genetic,MI:1271,,,WormBase;BioGrid,16845399,PMID,1,0,1,,NULL
98,773,CE_GEN29412,low,genetic,MI:1271,,,WormBase;BioGrid,16845399,PMID,1,0,1,,NULL
98,105,CE_GEN29413,low,genetic,MI:1271,,,WormBase;BioGrid,16845399,PMID,1,0,1,,NULL
98,768,CE_GEN29417,low,genetic,MI:1271,,,WormBase;BioGrid,16845399,PMID,1,0,1,,NULL
98,1152,CE_GEN_2670856,moderate,genetic,,,,WormBase,,-,0,0,0,,NULL
98,2104,CE_GEN_2670857,low,genetic,,,,WormBase,,-,0,0,0,,NULL
98,1153,CE_GEN_2670858,low,genetic,,,,WormBase,,-,0,0,0,,NULL
99,1065,CE_GEN30151,low,genetic,MI:0796,,,WormBase;BioGrid,20371770,PMID,1,0,1,,NULL
99,1148,CE_GEN_2672569,low,genetic,,,,WormBase,,-,0,0,0,,NULL
100,104,CE_GEN30803,low,genetic,MI:0933,,,WormBase;BioGrid,17897480,PMID,1,0,1,,NULL
100,1176,CE_GEN_2674677,low,genetic,,,,WormBase,,-,0,0,0,,NULL
100,695,CE_GEN_2674678,low,genetic,,,,WormBase,,-,0,0,0,,NULL
100,796,CE_GEN_2674679,low,genetic,,,,WormBase,,-,0,0,0,,NULL
100,1405,CE_GEN_2674680,low,genetic,,,,WormBase,,-,0,0,0,,NULL
100,1888,CE_GEN_2674681,low,genetic,,,,WormBase,,-,0,0,0,,NULL
100,1406,CE_GEN_2674682,low,genetic,,,,WormBase,,-,0,0,0,,NULL
100,358,CE_GEN_2674683,low,genetic,,,,WormBase,,-,0,0,0,,NULL
100,1483,CE_GEN_2674684,low,genetic,,,,WormBase,,-,0,0,0,,NULL
100,432,CE_GEN_2674685,low,genetic,,,,WormBase,,-,0,0,0,,NULL
100,648,CE_GEN_2674686,low,genetic,,,,WormBase,,-,0,0,0,,NULL
100,1503,CE_GEN_2674687,low,genetic,,,,WormBase,,-,0,0,0,,NULL
100,1091,CE_GEN_2674688,low,genetic,,,,WormBase,,-,0,0,0,,NULL
100,2964,CE_GEN_2674689,low,genetic,,,,WormBase,,-,0,0,0,,NULL
100,1128,CE_GEN_2674690,low,genetic,,,,WormBase,,-,0,0,0,,NULL
100,1849,CE_GEN_2674691,low,genetic,,,,WormBase,,-,0,0,0,,NULL
100,1851,CE_GEN_2674692,low,genetic,,,,WormBase,,-,0,0,0,,NULL
103,104,CE_GEN27397,low,genetic,MI:0933,,,WormBase;BioGrid,17897480,PMID,1,0,1,,NULL
103,105,CE_GEN27400,low,genetic,MI:1271,,,WormBase;BioGrid,16845399,PMID,1,0,1,,NULL
103,1387,CE_GEN_2666799,low,genetic,,,,WormBase,,-,0,0,0,,NULL
103,664,CE_GEN_2666800,low,genetic,,,,WormBase,,-,0,0,0,,NULL
103,1388,CE_GEN_2666801,low,genetic,,,,WormBase,,-,0,0,0,,NULL
103,725,CE_GEN_2666802,moderate,genetic,,,,WormBase,,-,0,0,0,,NULL
103,1389,CE_GEN_2666803,low,genetic,,,,WormBase,,-,0,0,0,,NULL
103,1390,CE_GEN_2666804,moderate,genetic,,,,WormBase,,-,0,0,0,,NULL
103,330,CE_GEN_2666805,moderate,genetic,,,,WormBase,,-,0,0,0,,NULL
103,377,CE_GEN_2666806,low,genetic,,,,WormBase,,-,0,0,0,,NULL
103,1391,CE_GEN_2666807,low,genetic,,,,WormBase,,-,0,0,0,,NULL
103,1392,CE_GEN_2666808,low,genetic,,,,WormBase,,-,0,0,0,,NULL
103,768,CE_GEN_2666809,low,genetic,,,,WormBase,,-,0,0,0,,NULL
103,1393,CE_GEN_2666810,low,genetic,,,,WormBase,,-,0,0,0,,NULL
103,1112,CE_GEN_2666811,low,genetic,,,,WormBase,,-,0,0,0,,NULL
104,620,CE_GEN29714,low,genetic,MI:0933,,,WormBase;BioGrid,17897480,PMID,1,0,1,,NULL
104,623,CE_GEN29715,low,genetic,MI:0933,,,WormBase;BioGrid,17897480,PMID,1,0,1,,NULL
104,630,CE_GEN29716,low,genetic,MI:0933,,,WormBase;BioGrid,17897480,PMID,1,0,1,,NULL
104,639,CE_GEN29717,low,genetic,MI:0933,,,WormBase;BioGrid,17897480,PMID,1,0,1,,NULL
104,640,CE_GEN29718,low,genetic,MI:0933,,,WormBase;BioGrid,17897480,PMID,1,0,1,,NULL
104,715,CE_GEN29719,low,genetic,MI:0933,,,WormBase;BioGrid,17897480,PMID,1,0,1,,NULL
104,721,CE_GEN29720,moderate,genetic,MI:0933,,,WormBase;BioGrid,17897480,PMID,1,0,1,,NULL
104,725,CE_GEN29721,low,genetic,MI:0933,,,WormBase;BioGrid,17897480,PMID,1,0,1,,NULL
104,726,CE_GEN29722,low,genetic,MI:0933,,,WormBase;BioGrid,17897480,PMID,1,0,1,,NULL
104,698,CE_GEN29723,low,genetic,MI:0933,,,WormBase;BioGrid,17897480,PMID,1,0,1,,NULL
104,300,CE_GEN29724,low,genetic,MI:0933,,,WormBase;BioGrid,17897480,PMID,1,0,1,,NULL
104,730,CE_GEN29725,low,genetic,MI:0933,,,WormBase;BioGrid,17897480,PMID,1,0,1,,NULL
104,780,CE_GEN29726,low,genetic,MI:0933,,,WormBase;BioGrid,17897480,PMID,1,0,1,,NULL
104,632,CE_GEN29727,low,genetic,MI:0933,,,WormBase;BioGrid,17897480,PMID,1,0,1,,NULL
104,844,CE_GEN29728,low,genetic,MI:0933,,,WormBase;BioGrid,17897480,PMID,1,0,1,,NULL
104,781,CE_GEN29729,low,genetic,MI:0933,,,WormBase;BioGrid,17897480,PMID,1,0,1,,NULL
104,938,CE_GEN29730,low,genetic,MI:0933,,,WormBase;BioGrid,17897480,PMID,1,0,1,,NULL
104,782,CE_GEN29731,low,genetic,MI:0933,,,WormBase;BioGrid,17897480,PMID,1,0,1,,NULL
104,701,CE_GEN29732,low,genetic,MI:0933,,,WormBase;BioGrid,17897480,PMID,1,0,1,,NULL
104,847,CE_GEN29733,low,genetic,MI:0933,,,WormBase;BioGrid,17897480,PMID,1,0,1,,NULL
104,848,CE_GEN29734,low,genetic,MI:0933,,,WormBase;BioGrid,17897480,PMID,1,0,1,,NULL
104,785,CE_GEN29735,low,genetic,MI:0933,,,WormBase;BioGrid,17897480,PMID,1,0,1,,NULL
104,853,CE_GEN29736,low,genetic,MI:0933,,,WormBase;BioGrid,17897480,PMID,1,0,1,,NULL
104,702,CE_GEN29737,low,genetic,MI:0933,,,WormBase;BioGrid,17897480,PMID,1,0,1,,NULL
104,857,CE_GEN29738,low,genetic,MI:0933,,,WormBase;BioGrid,17897480,PMID,1,0,1,,NULL
104,952,CE_GEN29739,low,genetic,MI:0933,,,WormBase;BioGrid,17897480,PMID,1,0,1,,NULL
104,953,CE_GEN29740,low,genetic,MI:0933,,,WormBase;BioGrid,17897480,PMID,1,0,1,,NULL
104,312,CE_GEN29741,low,genetic,MI:0933,,,WormBase;BioGrid,17897480,PMID,1,0,1,,NULL
104,788,CE_GEN29742,low,genetic,MI:0933,,,WormBase;BioGrid,17897480,PMID,1,0,1,,NULL
104,955,CE_GEN29743,low,genetic,MI:0933,,,WormBase;BioGrid,17897480,PMID,1,0,1,,NULL
104,860,CE_GEN29744,low,genetic,MI:0933,,,WormBase;BioGrid,17897480,PMID,1,0,1,,NULL
104,862,CE_GEN29745,low,genetic,MI:0933,,,WormBase;BioGrid,17897480,PMID,1,0,1,,NULL
104,864,CE_GEN29746,moderate,genetic,MI:0933,,,WormBase;BioGrid,17897480,PMID,1,0,1,,NULL
104,867,CE_GEN29747,low,genetic,MI:0933,,,WormBase;BioGrid,17897480,PMID,1,0,1,,NULL
104,968,CE_GEN29748,low,genetic,MI:0933,,,WormBase;BioGrid,17897480,PMID,1,0,1,,NULL
104,869,CE_GEN29749,low,genetic,MI:0933,,,WormBase;BioGrid,17897480,PMID,1,0,1,,NULL
104,970,CE_GEN29750,low,genetic,MI:0933,,,WormBase;BioGrid,17897480,PMID,1,0,1,,NULL
104,321,CE_GEN29751,low,genetic,MI:0933,,,WormBase;BioGrid,17897480,PMID,1,0,1,,NULL
104,974,CE_GEN29752,low,genetic,MI:0933,,,WormBase;BioGrid,17897480,PMID,1,0,1,,NULL
104,975,CE_GEN29753,low,genetic,MI:0933,,,WormBase;BioGrid,17897480,PMID,1,0,1,,NULL
104,873,CE_GEN29754,low,genetic,MI:0933,,,WormBase;BioGrid,17897480,PMID,1,0,1,,NULL
104,976,CE_GEN29755,low,genetic,MI:0933,,,WormBase;BioGrid,17897480,PMID,1,0,1,,NULL
104,978,CE_GEN29756,low,genetic,MI:0933,,,WormBase;BioGrid,17897480,PMID,1,0,1,,NULL
104,875,CE_GEN29757,low,genetic,MI:0933,,,WormBase;BioGrid,17897480,PMID,1,0,1,,NULL
104,332,CE_GEN29758,low,genetic,MI:0933,,,WormBase;BioGrid,17897480,PMID,1,0,1,,NULL
104,1014,CE_GEN29759,low,genetic,MI:0933,,,WormBase;BioGrid,17897480,PMID,1,0,1,,NULL
104,333,CE_GEN29760,low,genetic,MI:0933,,,WormBase;BioGrid,17897480,PMID,1,0,1,,NULL
104,884,CE_GEN29761,low,genetic,MI:0933,,,WormBase;BioGrid,17897480,PMID,1,0,1,,NULL
104,885,CE_GEN29762,low,genetic,MI:0933,,,WormBase;BioGrid,17897480,PMID,1,0,1,,NULL
104,886,CE_GEN29763,low,genetic,MI:0933,,,WormBase;BioGrid,17897480,PMID,1,0,1,,NULL
104,981,CE_GEN29764,low,genetic,MI:0933,,,WormBase;BioGrid,17897480,PMID,1,0,1,,NULL
104,1019,CE_GEN29765,low,genetic,MI:0933,,,WormBase;BioGrid,17897480,PMID,1,0,1,,NULL
104,805,CE_GEN29766,low,genetic,MI:0933,,,WormBase;BioGrid,17897480,PMID,1,0,1,,NULL
104,738,CE_GEN29767,low,genetic,MI:0933,,,WormBase;BioGrid,17897480,PMID,1,0,1,,NULL
104,1020,CE_GEN29768,low,genetic,MI:0933,,,WormBase;BioGrid,17897480,PMID,1,0,1,,NULL
104,740,CE_GEN29769,low,genetic,MI:0933,,,WormBase;BioGrid,17897480,PMID,1,0,1,,NULL
104,741,CE_GEN29770,low,genetic,MI:0933,,,WormBase;BioGrid,17897480,PMID,1,0,1,,NULL
104,743,CE_GEN29771,low,genetic,MI:0933,,,WormBase;BioGrid,17897480,PMID,1,0,1,,NULL
104,1021,CE_GEN29772,low,genetic,MI:0933,,,WormBase;BioGrid,17897480,PMID,1,0,1,,NULL
104,412,CE_GEN29773,low,genetic,MI:0933,,,WormBase;BioGrid,17897480,PMID,1,0,1,,NULL
104,1022,CE_GEN29774,low,genetic,MI:0933,,,WormBase;BioGrid,17897480,PMID,1,0,1,,NULL
104,745,CE_GEN29775,low,genetic,MI:0933,,,WormBase;BioGrid,17897480,PMID,1,0,1,,NULL
104,1023,CE_GEN29776,low,genetic,MI:0933,,,WormBase;BioGrid,17897480,PMID,1,0,1,,NULL
104,747,CE_GEN29777,low,genetic,MI:0933,,,WormBase;BioGrid,17897480,PMID,1,0,1,,NULL
104,114,CE_GEN29779,low,genetic,MI:0933,,,WormBase;BioGrid,17897480,PMID,1,0,1,,NULL
104,1024,CE_GEN29780,low,genetic,MI:0933,,,WormBase;BioGrid,17897480,PMID,1,0,1,,NULL
104,748,CE_GEN29781,low,genetic,MI:0933,,,WormBase;BioGrid,17897480,PMID,1,0,1,,NULL
104,1025,CE_GEN29782,low,genetic,MI:0933,,,WormBase;BioGrid,17897480,PMID,1,0,1,,NULL
104,1026,CE_GEN29785,low,genetic,MI:0933,,,WormBase;BioGrid,17897480,PMID,1,0,1,,NULL
104,992,CE_GEN29786,low,genetic,MI:0933,,,WormBase;BioGrid,17897480,PMID,1,0,1,,NULL
104,1027,CE_GEN29787,low,genetic,MI:0933,,,WormBase;BioGrid,17897480,PMID,1,0,1,,NULL
104,1028,CE_GEN29788,low,genetic,MI:0933,,,WormBase;BioGrid,17897480,PMID,1,0,1,,NULL
104,1029,CE_GEN29789,low,genetic,MI:0933,,,WormBase;BioGrid,17897480,PMID,1,0,1,,NULL
104,820,CE_GEN29790,low,genetic,MI:0933,,,WormBase;BioGrid,17897480,PMID,1,0,1,,NULL
104,1030,CE_GEN29791,low,genetic,MI:0933,,,WormBase;BioGrid,17897480,PMID,1,0,1,,NULL
104,1031,CE_GEN29792,low,genetic,MI:0933,,,WormBase;BioGrid,17897480,PMID,1,0,1,,NULL
104,1032,CE_GEN29793,low,genetic,MI:0933,,,BioGrid,17897480,PMID,1,0,1,,NULL
104,1033,CE_GEN29794,low,genetic,MI:0933,,,WormBase;BioGrid,17897480,PMID,1,0,1,,NULL
104,759,CE_GEN29795,moderate,genetic,MI:0933,,,WormBase;BioGrid,17897480,PMID,1,0,1,,NULL
104,1034,CE_GEN29796,low,genetic,MI:0933,,,WormBase;BioGrid,17897480,PMID,1,0,1,,NULL
104,1005,CE_GEN29797,low,genetic,MI:0933,,,WormBase;BioGrid,17897480,PMID,1,0,1,,NULL
104,907,CE_GEN29798,low,genetic,MI:0933,,,WormBase;BioGrid,17897480,PMID,1,0,1,,NULL
104,679,CE_GEN29799,low,genetic,MI:0933,,,WormBase;BioGrid,17897480,PMID,1,0,1,,NULL
104,651,CE_GEN29800,low,genetic,MI:0933,,,WormBase;BioGrid,17897480,PMID,1,0,1,,NULL
104,762,CE_GEN29802,low,genetic,MI:0933,,,WormBase;BioGrid,17897480,PMID,1,0,1,,NULL
104,1126,CE_GEN_2671052,low,genetic,,,,WormBase,,-,0,0,0,,NULL
104,1318,CE_GEN_2671053,low,genetic,,,,WormBase,,-,0,0,0,,NULL
104,930,CE_GEN_2671055,low,genetic,,,,WormBase,,-,0,0,0,,NULL
104,1319,CE_GEN_2671056,low,genetic,,,,WormBase,,-,0,0,0,,NULL
104,318,CE_GEN_2671057,low,genetic,,,,WormBase,,-,0,0,0,,NULL
104,1231,CE_GEN_2671058,low,genetic,,,,WormBase,,-,0,0,0,,NULL
104,1661,CE_GEN_2671059,low,genetic,,,,WormBase,,-,0,0,0,,NULL
104,354,CE_GEN_2671060,moderate,genetic,,,,WormBase,,-,0,0,0,,NULL
104,806,CE_GEN_2671061,moderate,genetic,,,,WormBase,,-,0,0,0,,NULL
104,2716,CE_GEN_2671062,low,genetic,,,,WormBase,,-,0,0,0,,NULL
104,2717,CE_GEN_2671063,low,genetic,,,,WormBase,,-,0,0,0,,NULL
104,1525,CE_GEN_2671064,moderate,genetic,,,,WormBase,,-,0,0,0,,NULL
105,132,CE_GEN30821,low,genetic,MI:1271,,,WormBase;BioGrid,16845399,PMID,1,0,1,,NULL
105,608,CE_GEN30822,low,genetic,MI:1271,,,WormBase;BioGrid,16845399,PMID,1,0,1,,NULL
105,618,CE_GEN30823,low,genetic,MI:1271,,,WormBase;BioGrid,16845399,PMID,1,0,1,,NULL
105,624,CE_GEN30824,low,genetic,MI:1271,,,WormBase;BioGrid,16845399,PMID,1,0,1,,NULL
105,149,CE_GEN30825,low,genetic,MI:1271,,,WormBase;BioGrid,16845399,PMID,1,0,1,,NULL
105,152,CE_GEN30826,low,genetic,MI:1271,,,WormBase;BioGrid,16845399,PMID,1,0,1,,NULL
105,627,CE_GEN30827,low,genetic,MI:1271,,,WormBase;BioGrid,16845399,PMID,1,0,1,,NULL
105,633,CE_GEN30828,low,genetic,MI:1271,,,WormBase;BioGrid,16845399,PMID,1,0,1,,NULL
105,639,CE_GEN30829,low,genetic,MI:1271,,,WormBase;BioGrid,16845399,PMID,1,0,1,,NULL
105,659,CE_GEN30830,low,genetic,MI:1271,,,WormBase;BioGrid,16845399,PMID,1,0,1,,NULL
105,666,CE_GEN30831,low,genetic,MI:1271,,,WormBase;BioGrid,16845399,PMID,1,0,1,,NULL
105,694,CE_GEN30832,low,genetic,MI:1271,,,WormBase;BioGrid,16845399,PMID,1,0,1,,NULL
105,228,CE_GEN30833,low,genetic,MI:1271,,,WormBase;BioGrid,16845399,PMID,1,0,1,,NULL
105,695,CE_GEN30835,low,genetic,MI:1271,,,WormBase;BioGrid,16845399,PMID,1,0,1,,NULL
105,696,CE_GEN30836,low,genetic,MI:1271,,,WormBase;BioGrid,16845399,PMID,1,0,1,,NULL
105,238,CE_GEN30837,low,genetic,MI:1271,,,WormBase;BioGrid,16845399,PMID,1,0,1,,NULL
105,670,CE_GEN30838,low,genetic,MI:1271,,,WormBase;BioGrid,16845399,PMID,1,0,1,,NULL
105,685,CE_GEN30839,low,genetic,MI:1271,,,WormBase;BioGrid,16845399,PMID,1,0,1,,NULL
105,698,CE_GEN30840,low,genetic,MI:1271,,,WormBase;BioGrid,16845399,PMID,1,0,1,,NULL
105,288,CE_GEN30841,low,genetic,MI:1271,,,WormBase;BioGrid,16845399,PMID,1,0,1,,NULL
105,290,CE_GEN30842,low,genetic,MI:1271,,,WormBase;BioGrid,16845399,PMID,1,0,1,,NULL
105,699,CE_GEN30843,low,genetic,MI:1271,,,WormBase;BioGrid,16845399,PMID,1,0,1,,NULL
105,926,CE_GEN30844,low,genetic,MI:1271,,,WormBase;BioGrid,16845399,PMID,1,0,1,,NULL
105,353,CE_GEN30847,low,genetic,MI:1271,,,WormBase;BioGrid,16845399,PMID,1,0,1,,NULL
105,1055,CE_GEN30848,low,genetic,MI:1271,,,WormBase;BioGrid,16845399,PMID,1,0,1,,NULL
105,384,CE_GEN30849,low,genetic,MI:1271,,,WormBase;BioGrid,16845399,PMID,1,0,1,,NULL
105,808,CE_GEN30850,low,genetic,MI:1271,,,WormBase;BioGrid,16845399,PMID,1,0,1,,NULL
105,740,CE_GEN30851,moderate,genetic,MI:1271,,,WormBase;BioGrid,16845399,PMID,1,0,1,,NULL
105,703,CE_GEN30852,low,genetic,MI:1271,,,WormBase;BioGrid,16845399,PMID,1,0,1,,NULL
105,401,CE_GEN30853,low,genetic,MI:1271,,,WormBase;BioGrid,16845399,PMID,1,0,1,,NULL
105,689,CE_GEN30854,low,genetic,MI:1271,,,WormBase;BioGrid,16845399,PMID,1,0,1,,NULL
105,1066,CE_GEN30855,low,genetic,MI:1271,,,WormBase;BioGrid,16845399,PMID,1,0,1,,NULL
105,672,CE_GEN30856,low,genetic,MI:1271,,,WormBase;BioGrid,16845399,PMID,1,0,1,,NULL
105,673,CE_GEN30857,low,genetic,MI:1271,,,WormBase;BioGrid,16845399,PMID,1,0,1,,NULL
105,1086,CE_GEN30858,low,genetic,MI:1271,,,WormBase;BioGrid,16845399,PMID,1,0,1,,NULL
105,432,CE_GEN30859,low,genetic,MI:1271,,,WormBase;BioGrid,16845399,PMID,1,0,1,,NULL
105,674,CE_GEN30860,low,genetic,MI:1271,,,WormBase;BioGrid,16845399,PMID,1,0,1,,NULL
105,471,CE_GEN30861,low,genetic,MI:1271,,,WormBase;BioGrid,16845399,PMID,1,0,1,,NULL
105,675,CE_GEN30862,low,genetic,MI:1271,,,WormBase;BioGrid,16845399,PMID,1,0,1,,NULL
105,1088,CE_GEN30863,low,genetic,MI:1271,,,WormBase;BioGrid,16845399,PMID,1,0,1,,NULL
105,677,CE_GEN30864,low,genetic,MI:1271,,,WormBase;BioGrid,16845399,PMID,1,0,1,,NULL
105,504,CE_GEN30865,low,genetic,MI:1271,,,WormBase;BioGrid,16845399,PMID,1,0,1,,NULL
105,817,CE_GEN30867,low,genetic,MI:1271,,,WormBase;BioGrid,16845399,PMID,1,0,1,,NULL
105,687,CE_GEN30868,low,genetic,MI:1271,,,WormBase;BioGrid,16845399,PMID,1,0,1,,NULL
105,507,CE_GEN30869,low,genetic,MI:1271,,,WormBase;BioGrid,16845399,PMID,1,0,1,,NULL
105,757,CE_GEN30870,low,genetic,MI:1271,,,WormBase;BioGrid,16845399,PMID,1,0,1,,NULL
105,706,CE_GEN30871,low,genetic,MI:1271,,,WormBase;BioGrid,16845399,PMID,1,0,1,,NULL
105,511,CE_GEN30872,low,genetic,MI:1271,,,WormBase;BioGrid,16845399,PMID,1,0,1,,NULL
105,678,CE_GEN30873,low,genetic,MI:1271,,,WormBase;BioGrid,16845399,PMID,1,0,1,,NULL
105,709,CE_GEN30874,low,genetic,MI:1271,,,WormBase;BioGrid,16845399,PMID,1,0,1,,NULL
105,550,CE_GEN30875,low,genetic,MI:1271,,,WormBase;BioGrid,16845399,PMID,1,0,1,,NULL
105,1356,CE_GEN_2674793,low,genetic,,,,WormBase,,-,0,0,0,,NULL
105,1176,CE_GEN_2674794,low,genetic,,,,WormBase,,-,0,0,0,,NULL
105,1628,CE_GEN_2674795,low,genetic,,,,WormBase,,-,0,0,0,,NULL
105,660,CE_GEN_2674796,moderate,genetic,,,,WormBase,,-,0,0,0,,NULL
105,1652,CE_GEN_2674797,low,genetic,,,,WormBase,,-,0,0,0,,NULL
105,1211,CE_GEN_2674798,low,genetic,,,,WormBase,,-,0,0,0,,NULL
105,619,CE_GEN_2674799,moderate,genetic,,,,WormBase,,-,0,0,0,,NULL
105,1796,CE_GEN_2674800,low,genetic,,,,WormBase,,-,0,0,0,,NULL
105,2904,CE_GEN_2674801,low,genetic,,,,WormBase,,-,0,0,0,,NULL
105,1090,CE_GEN_2674802,low,genetic,,,,WormBase,,-,0,0,0,,NULL
105,752,CE_GEN_2674803,low,genetic,,,,WormBase,,-,0,0,0,,NULL
105,2879,CE_GEN_2674804,low,genetic,,,,WormBase,,-,0,0,0,,NULL
105,989,CE_GEN_2674805,low,genetic,,,,WormBase,,-,0,0,0,,NULL
105,991,CE_GEN_2674806,low,genetic,,,,WormBase,,-,0,0,0,,NULL
105,1307,CE_GEN_3540760,low,genetic,,,,WormBase,,-,0,0,0,,NULL
105,2081,CE_GEN_3540761,low,genetic,,,,WormBase,,-,0,0,0,,NULL
106,107,CE_GEN27404,low,genetic,MI:0441,,,WormBase;BioGrid,11904378,PMID,1,0,1,,NULL
106,108,CE_GEN27405,low,genetic,MI:0441,,,WormBase;BioGrid,11904378,PMID,1,0,1,,NULL
106,109,CE_GEN27407,low,genetic,MI:0441,,,WormBase;BioGrid,11904378,PMID,1,0,1,,NULL
106,1404,CE_GEN_2666822,low,genetic,,,,WormBase,,-,0,0,0,,NULL
106,313,CE_GEN_2666823,low,genetic,,,,WormBase,,-,0,0,0,,NULL
106,796,CE_GEN_2666824,low,genetic,,,,WormBase,,-,0,0,0,,NULL
106,1405,CE_GEN_2666825,low,genetic,,,,WormBase,,-,0,0,0,,NULL
106,1406,CE_GEN_2666826,low,genetic,,,,WormBase,,-,0,0,0,,NULL
106,418,CE_GEN_2666827,low,genetic,,,,WormBase,,-,0,0,0,,NULL
106,474,CE_GEN_2666828,low,genetic,,,,WormBase,,-,0,0,0,,NULL
106,1128,CE_GEN_2666829,low,genetic,,,,WormBase,,-,0,0,0,,NULL
106,1202,CE_GEN_2666830,low,genetic,,,,WormBase,,-,0,0,0,,NULL
107,645,CE_GEN28284,low,genetic,MI:0441,,,WormBase;BioGrid,11904378,PMID,1,0,1,,NULL
107,681,CE_GEN28286,low,genetic,MI:0441,,,BioGrid,11904378,PMID,1,0,1,,NULL
107,682,CE_GEN28287,low,genetic,MI:0441,,,WormBase;BioGrid,11904378,PMID,1,0,1,,NULL
107,683,CE_GEN28290,low,genetic,MI:0441,,,BioGrid,11904378,PMID,1,0,1,,NULL
107,476,CE_GEN28291,low,genetic,MI:0441,,,WormBase;BioGrid,11904378,PMID,1,0,1,,NULL
107,684,CE_GEN28295,low,genetic,MI:0441,,,WormBase;BioGrid,11904378,PMID,1,0,1,,NULL
107,624,CE_GEN_2668201,moderate,genetic,,,,WormBase,,-,0,0,0,,NULL
107,1388,CE_GEN_2668202,low,genetic,,,,WormBase,,-,0,0,0,,NULL
107,218,CE_GEN_2668203,low,genetic,,,,WormBase,,-,0,0,0,,NULL
107,1965,CE_GEN_2668204,low,genetic,,,,WormBase,,-,0,0,0,,NULL
107,571,CE_GEN_2668205,low,genetic,,,,WormBase,,-,0,0,0,,NULL
107,1263,CE_GEN_2668206,low,genetic,,,,WormBase,,-,0,0,0,,NULL
108,682,CE_GEN28885,low,genetic,MI:0441,,,WormBase;BioGrid,11904378,PMID,1,0,1,,NULL
108,476,CE_GEN28886,low,genetic,MI:0441,,,WormBase;BioGrid,11904378,PMID,1,0,1,,NULL
108,684,CE_GEN28889,low,genetic,MI:0441,,,WormBase;BioGrid,11904378,PMID,1,0,1,,NULL
108,1349,CE_GEN_2670037,low,genetic,,,,WormBase,,-,0,0,0,,NULL
108,1495,CE_GEN_2670038,low,genetic,,,,WormBase,,-,0,0,0,,NULL
108,1605,CE_GEN_2670039,low,genetic,,,,WormBase,,-,0,0,0,,NULL
108,181,CE_GEN_2670040,low,genetic,,,,WormBase,,-,0,0,0,,NULL
108,2059,CE_GEN_2670041,low,genetic,,,,WormBase,,-,0,0,0,,NULL
108,1463,CE_GEN_2670042,low,genetic,,,,WormBase,,-,0,0,0,,NULL
108,696,CE_GEN_2670043,low,genetic,,,,WormBase,,-,0,0,0,,NULL
108,1511,CE_GEN_2670044,low,genetic,,,,WormBase,,-,0,0,0,,NULL
108,267,CE_GEN_2670045,low,genetic,,,,WormBase,,-,0,0,0,,NULL
108,2014,CE_GEN_2670046,low,genetic,,,,WormBase,,-,0,0,0,,NULL
108,2495,CE_GEN_2670047,low,genetic,,,,WormBase,,-,0,0,0,,NULL
108,734,CE_GEN_2670048,low,genetic,,,,WormBase,,-,0,0,0,,NULL
108,2521,CE_GEN_2670049,low,genetic,,,,WormBase,,-,0,0,0,,NULL
108,377,CE_GEN_2670050,low,genetic,,,,WormBase,,-,0,0,0,,NULL
108,1168,CE_GEN_2670051,low,genetic,,,,WormBase,,-,0,0,0,,NULL
108,2522,CE_GEN_2670052,low,genetic,,,,WormBase,,-,0,0,0,,NULL
108,2523,CE_GEN_2670053,low,genetic,,,,WormBase,,-,0,0,0,,NULL
108,1133,CE_GEN_2670055,low,genetic,,,,WormBase,,-,0,0,0,,NULL
108,2159,CE_GEN_2670056,low,genetic,,,,WormBase,,-,0,0,0,,NULL
108,1134,CE_GEN_2670057,low,genetic,,,,WormBase,,-,0,0,0,,NULL
108,2524,CE_GEN_2670059,low,genetic,,,,WormBase,,-,0,0,0,,NULL
108,2525,CE_GEN_2670060,low,genetic,,,,WormBase,,-,0,0,0,,NULL
109,682,CE_GEN30642,low,genetic,MI:0441,,,WormBase;BioGrid,11904378,PMID,1,0,1,,NULL
109,476,CE_GEN30643,low,genetic,MI:0441,,,WormBase;BioGrid,11904378,PMID,1,0,1,,NULL
109,1353,CE_GEN_2673832,low,genetic,,,,WormBase,,-,0,0,0,,NULL
109,127,CE_GEN_2673833,low,genetic,,,,WormBase,,-,0,0,0,,NULL
109,133,CE_GEN_2673834,low,genetic,,,,WormBase,,-,0,0,0,,NULL
109,1756,CE_GEN_2673835,low,genetic,,,,WormBase,,-,0,0,0,,NULL
109,219,CE_GEN_2673836,low,genetic,,,,WormBase,,-,0,0,0,,NULL
109,1161,CE_GEN_2673837,low,genetic,,,,WormBase,,-,0,0,0,,NULL
109,2158,CE_GEN_2673838,low,genetic,,,,WormBase,,-,0,0,0,,NULL
109,746,CE_GEN_2673839,low,genetic,,,,WormBase,,-,0,0,0,,NULL
109,114,CE_GEN_2673840,low,genetic,,,,WormBase,,-,0,0,0,,NULL
109,2977,CE_GEN_2673841,low,genetic,,,,WormBase,,-,0,0,0,,NULL
110,1169,CE_GEN_2666844,low,genetic,,,,WormBase,,-,0,0,0,,NULL
111,1417,CE_GEN_2666848,low,genetic,,,,WormBase,,-,0,0,0,,NULL
111,1418,CE_GEN_2666849,low,genetic,,,,WormBase,,-,0,0,0,,NULL
111,1419,CE_GEN_2666850,low,genetic,,,,WormBase,,-,0,0,0,,NULL
111,413,CE_GEN_2666851,moderate,genetic,,,,WormBase,,-,0,0,0,,NULL
113,630,CE_GEN_2666870,low,genetic,,,,WormBase,,-,0,0,0,,NULL
113,1334,CE_GEN_2666871,low,genetic,,,,WormBase,,-,0,0,0,,NULL
113,1307,CE_GEN_2666872,low,genetic,,,,WormBase,,-,0,0,0,,NULL
114,734,CE_GEN_2673751,low,genetic,,,,WormBase,,-,0,0,0,,NULL
114,1133,CE_GEN_2673753,low,genetic,,,,WormBase,,-,0,0,0,,NULL
114,1366,CE_GEN_2673754,low,genetic,,,,WormBase,,-,0,0,0,,NULL
114,3167,CE_GEN_3540772,low,genetic,,,,WormBase,,-,0,0,0,,NULL
115,116,CE_GEN27419,moderate,genetic,MI:0796,,,WormBase;BioGrid,17266680,PMID,1,0,1,,NULL
115,620,CE_GEN_2666877,low,genetic,,,,WormBase,,-,0,0,0,,NULL
115,662,CE_GEN_2666878,moderate,genetic,,,,WormBase,,-,0,0,0,,NULL
115,1156,CE_GEN_2666880,low,genetic,,,,WormBase,,-,0,0,0,,NULL
115,1432,CE_GEN_2666881,low,genetic,,,,WormBase,,-,0,0,0,,NULL
115,1433,CE_GEN_2666882,low,genetic,,,,WormBase,,-,0,0,0,,NULL
116,776,CE_GEN29976,low,genetic,MI:1271,,,BioGrid,17266680,PMID,1,0,1,,NULL
116,1708,CE_GEN_2671818,low,genetic,,,,WormBase,,-,0,0,0,,NULL
116,1201,CE_GEN_2671819,low,genetic,,,,WormBase,,-,0,0,0,,NULL
116,1131,CE_GEN_2671820,low,genetic,,,,WormBase,,-,0,0,0,,NULL
116,1273,CE_GEN_2671821,low,genetic,,,,WormBase,,-,0,0,0,,NULL
121,1445,CE_GEN_2666906,low,genetic,,,,WormBase,,-,0,0,0,,NULL
121,1446,CE_GEN_2666907,low,genetic,,,,WormBase,,-,0,0,0,,NULL
121,1447,CE_GEN_2666908,low,genetic,,,,WormBase,,-,0,0,0,,NULL
121,288,CE_GEN_2666909,low,genetic,,,,WormBase,,-,0,0,0,,NULL
121,671,CE_GEN_2666910,low,genetic,,,,WormBase,,-,0,0,0,,NULL
121,1448,CE_GEN_2666911,low,genetic,,,,WormBase,,-,0,0,0,,NULL
121,1449,CE_GEN_2666912,low,genetic,,,,WormBase,,-,0,0,0,,NULL
121,1450,CE_GEN_2666913,low,genetic,,,,WormBase,,-,0,0,0,,NULL
121,1451,CE_GEN_2666914,low,genetic,,,,WormBase,,-,0,0,0,,NULL
121,1184,CE_GEN_2666915,moderate,genetic,,,,WormBase,,-,0,0,0,,NULL
121,828,CE_GEN_2666916,low,genetic,,,,WormBase,,-,0,0,0,,NULL
121,673,CE_GEN_2666917,low,genetic,,,,WormBase,,-,0,0,0,,NULL
121,1452,CE_GEN_2666918,low,genetic,,,,WormBase,,-,0,0,0,,NULL
121,751,CE_GEN_2666919,low,genetic,,,,WormBase,,-,0,0,0,,NULL
121,1100,CE_GEN_2666920,moderate,genetic,,,,WormBase,,-,0,0,0,,NULL
121,1453,CE_GEN_2666921,low,genetic,,,,WormBase,,-,0,0,0,,NULL
121,1076,CE_GEN_2666922,moderate,genetic,,,,WormBase,,-,0,0,0,,NULL
121,1454,CE_GEN_2666923,moderate,genetic,,,,WormBase,,-,0,0,0,,NULL
121,1455,CE_GEN_2666924,low,genetic,,,,WormBase,,-,0,0,0,,NULL
121,564,CE_GEN_2666925,low,genetic,,,,WormBase,,-,0,0,0,,NULL
121,1456,CE_GEN_2666926,low,genetic,,,,WormBase,,-,0,0,0,,NULL
121,1345,CE_GEN_2666927,moderate,genetic,,,,WormBase,,-,0,0,0,,NULL
121,1457,CE_GEN_2666928,low,genetic,,,,WormBase,,-,0,0,0,,NULL
121,1268,CE_GEN_2666929,low,genetic,,,,WormBase,,-,0,0,0,,NULL
122,1459,CE_GEN_2666936,low,genetic,,,,WormBase,,-,0,0,0,,NULL
122,1460,CE_GEN_2666937,low,genetic,,,,WormBase,,-,0,0,0,,NULL
122,1461,CE_GEN_2666938,low,genetic,,,,WormBase,,-,0,0,0,,NULL
122,888,CE_GEN_2666939,low,genetic,,,,WormBase,,-,0,0,0,,NULL
122,1462,CE_GEN_2666940,low,genetic,,,,WormBase,,-,0,0,0,,NULL
123,1463,CE_GEN_2666942,low,genetic,,,,WormBase,,-,0,0,0,,NULL
123,1307,CE_GEN_2666943,low,genetic,,,,WormBase,,-,0,0,0,,NULL
125,796,CE_GEN_2667021,low,genetic,,,,WormBase,,-,0,0,0,,NULL
125,358,CE_GEN_2667022,low,genetic,,,,WormBase,,-,0,0,0,,NULL
125,1128,CE_GEN_2667023,low,genetic,,,,WormBase,,-,0,0,0,,NULL
126,1378,CE_GEN_2667024,low,genetic,,,,WormBase,,-,0,0,0,,NULL
127,127,CE_GEN_2667034,low,genetic,,,,WormBase,,-,0,0,0,,NULL
127,620,CE_GEN_2667035,low,genetic,,,,WormBase,,-,0,0,0,,NULL
127,1510,CE_GEN_2667036,low,genetic,,,,WormBase,,-,0,0,0,,NULL
127,1161,CE_GEN_2667037,low,genetic,,,,WormBase,,-,0,0,0,,NULL
127,1511,CE_GEN_2667038,low,genetic,,,,WormBase,,-,0,0,0,,NULL
128,1334,CE_GEN_2667041,low,genetic,,,,WormBase,,-,0,0,0,,NULL
128,240,CE_GEN_2667042,low,genetic,,,,WormBase,,-,0,0,0,,NULL
128,1512,CE_GEN_2667043,low,genetic,,,,WormBase,,-,0,0,0,,NULL
128,1513,CE_GEN_2667044,low,genetic,,,,WormBase,,-,0,0,0,,NULL
129,1148,CE_GEN_2667072,low,genetic,,,,WormBase,,-,0,0,0,,NULL
131,606,CE_GEN27987,moderate,genetic,MI:1271,,,WormBase;BioGrid,11742996,PMID,1,0,1,,NULL
131,1542,CE_GEN_2667096,low,genetic,,,,WormBase,,-,0,0,0,,NULL
131,612,CE_GEN_2667097,low,genetic,,,,WormBase,,-,0,0,0,,NULL
131,1543,CE_GEN_2667098,low,genetic,,,,WormBase,,-,0,0,0,,NULL
131,1544,CE_GEN_2667099,low,genetic,,,,WormBase,,-,0,0,0,,NULL
131,1545,CE_GEN_2667100,low,genetic,,,,WormBase,,-,0,0,0,,NULL
131,1546,CE_GEN_2667101,low,genetic,,,,WormBase,,-,0,0,0,,NULL
131,687,CE_GEN_2667102,low,genetic,,,,WormBase,,-,0,0,0,,NULL
131,1547,CE_GEN_2667103,low,genetic,,,,WormBase,,-,0,0,0,,NULL
132,1222,CE_GEN_2667104,low,genetic,,,,WormBase,,-,0,0,0,,NULL
133,604,CE_GEN_2667107,low,genetic,,,,WormBase,,-,0,0,0,,NULL
133,620,CE_GEN_2667108,low,genetic,,,,WormBase,,-,0,0,0,,NULL
133,1467,CE_GEN_2667109,low,genetic,,,,WormBase,,-,0,0,0,,NULL
133,1289,CE_GEN_2667110,low,genetic,,,,WormBase,,-,0,0,0,,NULL
133,1473,CE_GEN_2667111,moderate,genetic,,,,WormBase,,-,0,0,0,,NULL
133,1549,CE_GEN_2667113,low,genetic,,,,WormBase,,-,0,0,0,,NULL
133,1312,CE_GEN_2667114,low,genetic,,,,WormBase,,-,0,0,0,,NULL
134,604,CE_GEN_2667118,low,genetic,,,,WormBase,,-,0,0,0,,NULL
134,1161,CE_GEN_2667119,low,genetic,,,,WormBase,,-,0,0,0,,NULL
135,662,CE_GEN_2667146,low,genetic,,,,WormBase,,-,0,0,0,,NULL
135,796,CE_GEN_2667147,low,genetic,,,,WormBase,,-,0,0,0,,NULL
135,358,CE_GEN_2667148,low,genetic,,,,WormBase,,-,0,0,0,,NULL
135,1128,CE_GEN_2667149,low,genetic,,,,WormBase,,-,0,0,0,,NULL
136,1182,CE_GEN_2667152,low,genetic,,,,WormBase,,-,0,0,0,,NULL
136,1036,CE_GEN_2667153,low,genetic,,,,WormBase,,-,0,0,0,,NULL
136,384,CE_GEN_2667154,low,genetic,,,,WormBase,,-,0,0,0,,NULL
137,1559,CE_GEN_2667158,low,genetic,,,,WormBase,,-,0,0,0,,NULL
137,772,CE_GEN_2667159,low,genetic,,,,WormBase,,-,0,0,0,,NULL
137,252,CE_GEN_2667160,low,genetic,,,,WormBase,,-,0,0,0,,NULL
137,1560,CE_GEN_2667161,low,genetic,,,,WormBase,,-,0,0,0,,NULL
137,1561,CE_GEN_2667162,low,genetic,,,,WormBase,,-,0,0,0,,NULL
138,1565,CE_GEN_2667167,moderate,genetic,,,,WormBase,,-,0,0,0,,NULL
138,619,CE_GEN_2667168,moderate,genetic,,,,WormBase,,-,0,0,0,,NULL
138,1040,CE_GEN_2667169,low,genetic,,,,WormBase,,-,0,0,0,,NULL
138,1076,CE_GEN_2667170,low,genetic,,,,WormBase,,-,0,0,0,,NULL
138,1566,CE_GEN_2667171,moderate,genetic,,,,WormBase,,-,0,0,0,,NULL
138,1567,CE_GEN_2667172,moderate,genetic,,,,WormBase,,-,0,0,0,,NULL
141,1149,CE_GEN_2667177,low,genetic,,,,WormBase,,-,0,0,0,,NULL
141,1478,CE_GEN_2667178,low,genetic,,,,WormBase,,-,0,0,0,,NULL
141,358,CE_GEN_2667179,low,genetic,,,,WormBase,,-,0,0,0,,NULL
141,740,CE_GEN_2667180,low,genetic,,,,WormBase,,-,0,0,0,,NULL
141,1202,CE_GEN_2667182,low,genetic,,,,WormBase,,-,0,0,0,,NULL
142,507,CE_GEN_2667267,low,genetic,,,,WormBase,,-,0,0,0,,NULL
144,1613,CE_GEN_2667301,low,genetic,,,,WormBase,,-,0,0,0,,NULL
148,1495,CE_GEN_2667318,low,genetic,,,,WormBase,,-,0,0,0,,NULL
149,610,CE_GEN28073,low,genetic,MI:1271,,,WormBase;BioGrid,16845399,PMID,1,0,1,,NULL
149,1140,CE_GEN_2667359,low,genetic,,,,WormBase,,-,0,0,0,,NULL
149,1133,CE_GEN_2667360,low,genetic,,,,WormBase,,-,0,0,0,,NULL
149,1134,CE_GEN_2667361,low,genetic,,,,WormBase,,-,0,0,0,,NULL
149,1169,CE_GEN_2667362,low,genetic,,,,WormBase,,-,0,0,0,,NULL
150,1638,CE_GEN_2667363,low,genetic,,,,WormBase,,-,0,0,0,,NULL
150,1639,CE_GEN_2667364,moderate,genetic,,,,WormBase,,-,0,0,0,,NULL
150,1640,CE_GEN_2667365,low,genetic,,,,WormBase,,-,0,0,0,,NULL
150,1641,CE_GEN_2667367,low,genetic,,,,WormBase,,-,0,0,0,,NULL
152,609,CE_GEN28079,low,genetic,MI:1271,,,WormBase;BioGrid,16845399,PMID,1,0,1,,NULL
152,694,CE_GEN_2667442,low,genetic,,,,WormBase,,-,0,0,0,,NULL
152,709,CE_GEN_2667443,low,genetic,,,,WormBase,,-,0,0,0,,NULL
157,796,CE_GEN_2667462,low,genetic,,,,WormBase,,-,0,0,0,,NULL
157,358,CE_GEN_2667463,low,genetic,,,,WormBase,,-,0,0,0,,NULL
157,1128,CE_GEN_2667464,low,genetic,,,,WormBase,,-,0,0,0,,NULL
158,1355,CE_GEN_2667467,low,genetic,,,,WormBase,,-,0,0,0,,NULL
160,1148,CE_GEN_2667501,low,genetic,,,,WormBase,,-,0,0,0,,NULL
161,1211,CE_GEN_2667510,low,genetic,,,,WormBase,,-,0,0,0,,NULL
161,1301,CE_GEN_2667511,low,genetic,,,,WormBase,,-,0,0,0,,NULL
163,164,CE_GEN_2667586,low,genetic,,,,WormBase,,-,0,0,0,,NULL
163,796,CE_GEN_2667588,low,genetic,,,,WormBase,,-,0,0,0,,NULL
163,358,CE_GEN_2667589,low,genetic,,,,WormBase,,-,0,0,0,,NULL
163,1128,CE_GEN_2667590,low,genetic,,,,WormBase,,-,0,0,0,,NULL
164,1219,CE_GEN_2667593,low,genetic,,,,WormBase,,-,0,0,0,,NULL
164,656,CE_GEN_2667594,low,genetic,,,,WormBase,,-,0,0,0,,NULL
166,1152,CE_GEN_2667603,low,genetic,,,,WormBase,,-,0,0,0,,NULL
166,1750,CE_GEN_2667604,low,genetic,,,,WormBase,,-,0,0,0,,NULL
166,1153,CE_GEN_2667605,low,genetic,,,,WormBase,,-,0,0,0,,NULL
169,442,CE_GEN_2667792,low,genetic,,,,WormBase,,-,0,0,0,,NULL
170,1152,CE_GEN_2667795,low,genetic,,,,WormBase,,-,0,0,0,,NULL
170,1153,CE_GEN_2667796,low,genetic,,,,WormBase,,-,0,0,0,,NULL
171,1791,CE_GEN_2667797,low,genetic,,,,WormBase,,-,0,0,0,,NULL
176,1161,CE_GEN_2667942,low,genetic,,,,WormBase,,-,0,0,0,,NULL
179,620,CE_GEN_2667992,low,genetic,,,,WormBase,,-,0,0,0,,NULL
179,723,CE_GEN_2667993,low,genetic,,,,WormBase,,-,0,0,0,,NULL
179,1173,CE_GEN_2667995,low,genetic,,,,WormBase,,-,0,0,0,,NULL
181,1162,CE_GEN_2668046,low,genetic,,,,WormBase,,-,0,0,0,,NULL
181,734,CE_GEN_2668048,moderate,genetic,,,,WormBase,,-,0,0,0,,NULL
181,745,CE_GEN_2668049,low,genetic,,,,WormBase,,-,0,0,0,,NULL
184,1169,CE_GEN_2668107,low,genetic,,,,WormBase,,-,0,0,0,,NULL
185,1139,CE_GEN_2668124,low,genetic,,,,WormBase,,-,0,0,0,,NULL
186,1133,CE_GEN_2668131,low,genetic,,,,WormBase,,-,0,0,0,,NULL
186,1134,CE_GEN_2668132,low,genetic,,,,WormBase,,-,0,0,0,,NULL
186,1169,CE_GEN_2668133,low,genetic,,,,WormBase,,-,0,0,0,,NULL
187,1169,CE_GEN_2668134,low,genetic,,,,WormBase,,-,0,0,0,,NULL
191,796,CE_GEN_2668177,low,genetic,,,,WormBase,,-,0,0,0,,NULL
191,358,CE_GEN_2668178,low,genetic,,,,WormBase,,-,0,0,0,,NULL
191,1128,CE_GEN_2668179,low,genetic,,,,WormBase,,-,0,0,0,,NULL
192,1476,CE_GEN_2668180,low,genetic,,,,WormBase,,-,0,0,0,,NULL
192,1202,CE_GEN_2668181,low,genetic,,,,WormBase,,-,0,0,0,,NULL
193,1440,CE_GEN_2668187,low,genetic,,,,WormBase,,-,0,0,0,,NULL
193,1548,CE_GEN_2668188,low,genetic,,,,WormBase,,-,0,0,0,,NULL
193,1400,CE_GEN_2668189,low,genetic,,,,WormBase,,-,0,0,0,,NULL
193,1961,CE_GEN_2668190,low,genetic,,,,WormBase,,-,0,0,0,,NULL
193,1508,CE_GEN_2668191,low,genetic,,,,WormBase,,-,0,0,0,,NULL
193,1408,CE_GEN_2668192,moderate,genetic,,,,WormBase,,-,0,0,0,,NULL
193,1962,CE_GEN_2668193,low,genetic,,,,WormBase,,-,0,0,0,,NULL
193,990,CE_GEN_2668194,low,genetic,,,,WormBase,,-,0,0,0,,NULL
193,816,CE_GEN_2668195,low,genetic,,,,WormBase,,-,0,0,0,,NULL
193,1457,CE_GEN_2668196,low,genetic,,,,WormBase,,-,0,0,0,,NULL
194,1791,CE_GEN_2668197,low,genetic,,,,WormBase,,-,0,0,0,,NULL
194,1963,CE_GEN_2668198,low,genetic,,,,WormBase,,-,0,0,0,,NULL
196,1148,CE_GEN_2668217,low,genetic,,,,WormBase,,-,0,0,0,,NULL
201,796,CE_GEN_2668273,low,genetic,,,,WormBase,,-,0,0,0,,NULL
201,1128,CE_GEN_2668274,low,genetic,,,,WormBase,,-,0,0,0,,NULL
203,796,CE_GEN_2668276,low,genetic,,,,WormBase,,-,0,0,0,,NULL
203,358,CE_GEN_2668277,low,genetic,,,,WormBase,,-,0,0,0,,NULL
203,1128,CE_GEN_2668278,low,genetic,,,,WormBase,,-,0,0,0,,NULL
204,1148,CE_GEN_2668287,low,genetic,,,,WormBase,,-,0,0,0,,NULL
208,1253,CE_GEN_2668408,low,genetic,,,,WormBase,,-,0,0,0,,NULL
208,2037,CE_GEN_2668409,low,genetic,,,,WormBase,,-,0,0,0,,NULL
214,1312,CE_GEN_2668415,low,genetic,,,,WormBase,,-,0,0,0,,NULL
217,712,CE_GEN28388,low,genetic,MI:1271,,,WormBase;BioGrid,14992718,PMID,1,0,1,,NULL
217,713,CE_GEN28389,low,genetic,MI:1271,,,WormBase;BioGrid,14992718,PMID,1,0,1,,NULL
218,1864,CE_GEN_2668459,low,genetic,,,,WormBase,,-,0,0,0,,NULL
219,1152,CE_GEN_2668462,low,genetic,,,,WormBase,,-,0,0,0,,NULL
222,1587,CE_GEN_2668467,low,genetic,,,,WormBase,,-,0,0,0,,NULL
222,1297,CE_GEN_2668468,low,genetic,,,,WormBase,,-,0,0,0,,NULL
222,1299,CE_GEN_2668469,moderate,genetic,,,,WormBase,,-,0,0,0,,NULL
222,1576,CE_GEN_2668470,moderate,genetic,,,,WormBase,,-,0,0,0,,NULL
222,1303,CE_GEN_2668471,low,genetic,,,,WormBase,,-,0,0,0,,NULL
222,2002,CE_GEN_2668472,low,genetic,,,,WormBase,,-,0,0,0,,NULL
222,1858,CE_GEN_2668473,low,genetic,,,,WormBase,,-,0,0,0,,NULL
224,1612,CE_GEN_2668520,low,genetic,,,,WormBase,,-,0,0,0,,NULL
228,619,CE_GEN28423,low,genetic,MI:1271,,,WormBase;BioGrid,16845399,PMID,1,0,1,,NULL
228,719,CE_GEN28425,low,genetic,MI:1271,,,WormBase;BioGrid,16845399,PMID,1,0,1,,NULL
228,1863,CE_GEN_2668560,low,genetic,,,,WormBase,,-,0,0,0,,NULL
228,1463,CE_GEN_2668561,low,genetic,,,,WormBase,,-,0,0,0,,NULL
228,2086,CE_GEN_2668562,low,genetic,,,,WormBase,,-,0,0,0,,NULL
228,1632,CE_GEN_2668563,low,genetic,,,,WormBase,,-,0,0,0,,NULL
233,2085,CE_GEN_2668695,low,genetic,,,,WormBase,,-,0,0,0,,NULL
237,1152,CE_GEN_2668782,low,genetic,,,,WormBase,,-,0,0,0,,NULL
237,1148,CE_GEN_2668783,low,genetic,,,,WormBase,,-,0,0,0,,NULL
237,2147,CE_GEN_2668784,low,genetic,,,,WormBase,,-,0,0,0,,NULL
237,2148,CE_GEN_2668785,low,genetic,,,,WormBase,,-,0,0,0,,NULL
237,1153,CE_GEN_2668786,low,genetic,,,,WormBase,,-,0,0,0,,NULL
241,796,CE_GEN_2668819,low,genetic,,,,WormBase,,-,0,0,0,,NULL
241,358,CE_GEN_2668820,low,genetic,,,,WormBase,,-,0,0,0,,NULL
241,1128,CE_GEN_2668821,low,genetic,,,,WormBase,,-,0,0,0,,NULL
242,1467,CE_GEN_2668822,low,genetic,,,,WormBase,,-,0,0,0,,NULL
242,1284,CE_GEN_2668823,low,genetic,,,,WormBase,,-,0,0,0,,NULL
242,1289,CE_GEN_2668824,low,genetic,,,,WormBase,,-,0,0,0,,NULL
242,1473,CE_GEN_2668825,low,genetic,,,,WormBase,,-,0,0,0,,NULL
242,1419,CE_GEN_2668826,low,genetic,,,,WormBase,,-,0,0,0,,NULL
244,796,CE_GEN_2668839,low,genetic,,,,WormBase,,-,0,0,0,,NULL
244,358,CE_GEN_2668840,low,genetic,,,,WormBase,,-,0,0,0,,NULL
244,1827,CE_GEN_2668841,low,genetic,,,,WormBase,,-,0,0,0,,NULL
244,1273,CE_GEN_2668842,low,genetic,,,,WormBase,,-,0,0,0,,NULL
244,1128,CE_GEN_2668843,low,genetic,,,,WormBase,,-,0,0,0,,NULL
245,654,CE_GEN_2669245,low,genetic,,,,WormBase,,-,0,0,0,,NULL
245,717,CE_GEN_2669246,low,genetic,,,,WormBase,,-,0,0,0,,NULL
245,1630,CE_GEN_2669247,low,genetic,,,,WormBase,,-,0,0,0,,NULL
245,1173,CE_GEN_2669248,low,genetic,,,,WormBase,,-,0,0,0,,NULL
249,796,CE_GEN_2669303,low,genetic,,,,WormBase,,-,0,0,0,,NULL
249,358,CE_GEN_2669304,low,genetic,,,,WormBase,,-,0,0,0,,NULL
249,1128,CE_GEN_2669305,low,genetic,,,,WormBase,,-,0,0,0,,NULL
250,615,CE_GEN28619,moderate,genetic,MI:1271,,,WormBase;BioGrid,16845399,PMID,1,0,1,,NULL
250,796,CE_GEN_2669318,low,genetic,,,,WormBase,,-,0,0,0,,NULL
250,358,CE_GEN_2669319,low,genetic,,,,WormBase,,-,0,0,0,,NULL
250,1128,CE_GEN_2669320,low,genetic,,,,WormBase,,-,0,0,0,,NULL
252,1234,CE_GEN_2669412,low,genetic,,,,WormBase,,-,0,0,0,,NULL
259,1161,CE_GEN_2669495,low,genetic,,,,WormBase,,-,0,0,0,,NULL
260,1148,CE_GEN_2669503,low,genetic,,,,WormBase,,-,0,0,0,,NULL
264,1152,CE_GEN_2669540,low,genetic,,,,WormBase,,-,0,0,0,,NULL
264,1153,CE_GEN_2669541,low,genetic,,,,WormBase,,-,0,0,0,,NULL
267,1273,CE_GEN_2669562,low,genetic,,,,WormBase,,-,0,0,0,,NULL
268,1133,CE_GEN_2669567,low,genetic,,,,WormBase,,-,0,0,0,,NULL
268,1134,CE_GEN_2669568,low,genetic,,,,WormBase,,-,0,0,0,,NULL
271,796,CE_GEN_2669657,low,genetic,,,,WormBase,,-,0,0,0,,NULL
271,358,CE_GEN_2669658,low,genetic,,,,WormBase,,-,0,0,0,,NULL
271,1128,CE_GEN_2669659,low,genetic,,,,WormBase,,-,0,0,0,,NULL
274,1724,CE_GEN_2669679,low,genetic,,,,WormBase,,-,0,0,0,,NULL
274,1140,CE_GEN_2669681,low,genetic,,,,WormBase,,-,0,0,0,,NULL
275,1281,CE_GEN_2669682,low,genetic,,,,WormBase,,-,0,0,0,,NULL
275,1632,CE_GEN_2669683,low,genetic,,,,WormBase,,-,0,0,0,,NULL
276,1202,CE_GEN_2669693,low,genetic,,,,WormBase,,-,0,0,0,,NULL
280,604,CE_GEN_2669705,low,genetic,,,,WormBase,,-,0,0,0,,NULL
280,1161,CE_GEN_2669706,low,genetic,,,,WormBase,,-,0,0,0,,NULL
283,796,CE_GEN_2669729,low,genetic,,,,WormBase,,-,0,0,0,,NULL
283,358,CE_GEN_2669730,low,genetic,,,,WormBase,,-,0,0,0,,NULL
283,1128,CE_GEN_2669731,low,genetic,,,,WormBase,,-,0,0,0,,NULL
284,1469,CE_GEN_2669753,low,genetic,,,,WormBase,,-,0,0,0,,NULL
284,796,CE_GEN_2669754,low,genetic,,,,WormBase,,-,0,0,0,,NULL
284,1406,CE_GEN_2669755,low,genetic,,,,WormBase,,-,0,0,0,,NULL
284,358,CE_GEN_2669756,low,genetic,,,,WormBase,,-,0,0,0,,NULL
284,1307,CE_GEN_2669757,low,genetic,,,,WormBase,,-,0,0,0,,NULL
284,1483,CE_GEN_2669758,low,genetic,,,,WormBase,,-,0,0,0,,NULL
284,1128,CE_GEN_2669759,low,genetic,,,,WormBase,,-,0,0,0,,NULL
285,412,CE_GEN_2669775,low,genetic,,,,WormBase,,-,0,0,0,,NULL
285,1128,CE_GEN_2669777,low,genetic,,,,WormBase,,-,0,0,0,,NULL
285,1202,CE_GEN_2669778,low,genetic,,,,WormBase,,-,0,0,0,,NULL
286,1161,CE_GEN_2669781,low,genetic,,,,WormBase,,-,0,0,0,,NULL
286,1344,CE_GEN_2669783,low,genetic,,,,WormBase,,-,0,0,0,,NULL
287,1148,CE_GEN_2669834,low,genetic,,,,WormBase,,-,0,0,0,,NULL
288,609,CE_GEN28860,low,genetic,MI:1271,,,WormBase;BioGrid,16845399,PMID,1,0,1,,NULL
288,642,CE_GEN28867,low,genetic,MI:1271,,,WormBase;BioGrid,16845399,PMID,1,0,1,,NULL
288,1739,CE_GEN_2669889,low,genetic,,,,WormBase,,-,0,0,0,,NULL
288,1740,CE_GEN_2669890,low,genetic,,,,WormBase,,-,0,0,0,,NULL
288,1741,CE_GEN_2669891,low,genetic,,,,WormBase,,-,0,0,0,,NULL
288,1951,CE_GEN_2669892,low,genetic,,,,WormBase,,-,0,0,0,,NULL
288,693,CE_GEN_2669893,low,genetic,,,,WormBase,,-,0,0,0,,NULL
288,1742,CE_GEN_2669894,low,genetic,,,,WormBase,,-,0,0,0,,NULL
288,1543,CE_GEN_2669895,low,genetic,,,,WormBase,,-,0,0,0,,NULL
288,832,CE_GEN_2669896,low,genetic,,,,WormBase,,-,0,0,0,,NULL
288,1977,CE_GEN_2669897,low,genetic,,,,WormBase,,-,0,0,0,,NULL
288,2403,CE_GEN_2669898,low,genetic,,,,WormBase,,-,0,0,0,,NULL
288,1156,CE_GEN_2669899,low,genetic,,,,WormBase,,-,0,0,0,,NULL
288,2497,CE_GEN_2669900,low,genetic,,,,WormBase,,-,0,0,0,,NULL
288,732,CE_GEN_2669901,low,genetic,,,,WormBase,,-,0,0,0,,NULL
288,2498,CE_GEN_2669902,low,genetic,,,,WormBase,,-,0,0,0,,NULL
288,2499,CE_GEN_2669904,low,genetic,,,,WormBase,,-,0,0,0,,NULL
288,1871,CE_GEN_2669905,low,genetic,,,,WormBase,,-,0,0,0,,NULL
288,1184,CE_GEN_2669906,low,genetic,,,,WormBase,,-,0,0,0,,NULL
288,1193,CE_GEN_2669907,low,genetic,,,,WormBase,,-,0,0,0,,NULL
288,828,CE_GEN_2669908,low,genetic,,,,WormBase,,-,0,0,0,,NULL
288,1874,CE_GEN_2669909,low,genetic,,,,WormBase,,-,0,0,0,,NULL
288,1178,CE_GEN_2669910,low,genetic,,,,WormBase,,-,0,0,0,,NULL
288,1591,CE_GEN_2669911,low,genetic,,,,WormBase,,-,0,0,0,,NULL
288,1875,CE_GEN_2669912,low,genetic,,,,WormBase,,-,0,0,0,,NULL
288,1068,CE_GEN_2669913,low,genetic,,,,WormBase,,-,0,0,0,,NULL
288,2500,CE_GEN_2669914,low,genetic,,,,WormBase,,-,0,0,0,,NULL
288,1076,CE_GEN_2669915,low,genetic,,,,WormBase,,-,0,0,0,,NULL
288,1197,CE_GEN_2669916,low,genetic,,,,WormBase,,-,0,0,0,,NULL
288,1195,CE_GEN_2669917,low,genetic,,,,WormBase,,-,0,0,0,,NULL
288,1585,CE_GEN_2669918,low,genetic,,,,WormBase,,-,0,0,0,,NULL
288,2501,CE_GEN_2669920,low,genetic,,,,WormBase,,-,0,0,0,,NULL
288,1593,CE_GEN_2669921,low,genetic,,,,WormBase,,-,0,0,0,,NULL
288,1348,CE_GEN_2669922,low,genetic,,,,WormBase,,-,0,0,0,,NULL
288,1594,CE_GEN_2669923,low,genetic,,,,WormBase,,-,0,0,0,,NULL
288,2502,CE_GEN_2669924,low,genetic,,,,WormBase,,-,0,0,0,,NULL
289,1152,CE_GEN_2669939,low,genetic,,,,WormBase,,-,0,0,0,,NULL
289,1153,CE_GEN_2669940,low,genetic,,,,WormBase,,-,0,0,0,,NULL
290,610,CE_GEN28875,low,genetic,MI:1271,,,WormBase;BioGrid,16845399,PMID,1,0,1,,NULL
290,1357,CE_GEN_2669951,moderate,genetic,,,,WormBase,,-,0,0,0,,NULL
290,1470,CE_GEN_2669952,moderate,genetic,,,,WormBase,,-,0,0,0,,NULL
290,358,CE_GEN_2669953,low,genetic,,,,WormBase,,-,0,0,0,,NULL
290,1418,CE_GEN_2669954,low,genetic,,,,WormBase,,-,0,0,0,,NULL
290,749,CE_GEN_2669955,low,genetic,,,,WormBase,,-,0,0,0,,NULL
290,1487,CE_GEN_2669956,low,genetic,,,,WormBase,,-,0,0,0,,NULL
290,1128,CE_GEN_2669957,low,genetic,,,,WormBase,,-,0,0,0,,NULL
290,1513,CE_GEN_2669958,low,genetic,,,,WormBase,,-,0,0,0,,NULL
295,1161,CE_GEN_2670064,low,genetic,,,,WormBase,,-,0,0,0,,NULL
297,796,CE_GEN_2670079,low,genetic,,,,WormBase,,-,0,0,0,,NULL
297,358,CE_GEN_2670080,low,genetic,,,,WormBase,,-,0,0,0,,NULL
297,1128,CE_GEN_2670081,low,genetic,,,,WormBase,,-,0,0,0,,NULL
298,796,CE_GEN_2670084,low,genetic,,,,WormBase,,-,0,0,0,,NULL
298,358,CE_GEN_2670085,low,genetic,,,,WormBase,,-,0,0,0,,NULL
298,1128,CE_GEN_2670086,low,genetic,,,,WormBase,,-,0,0,0,,NULL
303,1244,CE_GEN_2670392,low,genetic,,,,WormBase,,-,0,0,0,,NULL
303,1447,CE_GEN_2670393,low,genetic,,,,WormBase,,-,0,0,0,,NULL
303,2611,CE_GEN_2670394,low,genetic,,,,WormBase,,-,0,0,0,,NULL
303,1247,CE_GEN_2670395,low,genetic,,,,WormBase,,-,0,0,0,,NULL
303,2612,CE_GEN_2670396,low,genetic,,,,WormBase,,-,0,0,0,,NULL
303,1282,CE_GEN_2670397,low,genetic,,,,WormBase,,-,0,0,0,,NULL
303,1372,CE_GEN_2670398,low,genetic,,,,WormBase,,-,0,0,0,,NULL
304,662,CE_GEN_2670410,low,genetic,,,,WormBase,,-,0,0,0,,NULL
304,1273,CE_GEN_2670411,low,genetic,,,,WormBase,,-,0,0,0,,NULL
307,1148,CE_GEN_2670457,low,genetic,,,,WormBase,,-,0,0,0,,NULL
308,1208,CE_GEN_2670458,low,genetic,,,,WormBase,,-,0,0,0,,NULL
308,639,CE_GEN_2670459,moderate,genetic,,,,WormBase,,-,0,0,0,,NULL
308,1821,CE_GEN_2670460,low,genetic,,,,WormBase,,-,0,0,0,,NULL
308,612,CE_GEN_2670461,low,genetic,,,,WormBase,,-,0,0,0,,NULL
308,1466,CE_GEN_2670462,low,genetic,,,,WormBase,,-,0,0,0,,NULL
308,723,CE_GEN_2670463,low,genetic,,,,WormBase,,-,0,0,0,,NULL
308,1607,CE_GEN_2670464,low,genetic,,,,WormBase,,-,0,0,0,,NULL
308,314,CE_GEN_2670466,low,genetic,,,,WormBase,,-,0,0,0,,NULL
308,796,CE_GEN_2670467,low,genetic,,,,WormBase,,-,0,0,0,,NULL
308,1245,CE_GEN_2670468,low,genetic,,,,WormBase,,-,0,0,0,,NULL
308,358,CE_GEN_2670469,low,genetic,,,,WormBase,,-,0,0,0,,NULL
308,1266,CE_GEN_2670470,moderate,genetic,,,,WormBase,,-,0,0,0,,NULL
308,1267,CE_GEN_2670471,low,genetic,,,,WormBase,,-,0,0,0,,NULL
308,610,CE_GEN_2670472,moderate,genetic,,,,WormBase,,-,0,0,0,,NULL
308,1062,CE_GEN_2670473,low,genetic,,,,WormBase,,-,0,0,0,,NULL
308,1665,CE_GEN_2670474,low,genetic,,,,WormBase,,-,0,0,0,,NULL
308,412,CE_GEN_2670475,low,genetic,,,,WormBase,,-,0,0,0,,NULL
308,773,CE_GEN_2670476,low,genetic,,,,WormBase,,-,0,0,0,,NULL
308,1891,CE_GEN_2670477,moderate,genetic,,,,WormBase,,-,0,0,0,,NULL
308,642,CE_GEN_2670478,low,genetic,,,,WormBase,,-,0,0,0,,NULL
308,2617,CE_GEN_2670479,low,genetic,,,,WormBase,,-,0,0,0,,NULL
308,2618,CE_GEN_2670480,low,genetic,,,,WormBase,,-,0,0,0,,NULL
308,1632,CE_GEN_2670481,low,genetic,,,,WormBase,,-,0,0,0,,NULL
308,2033,CE_GEN_2670482,low,genetic,,,,WormBase,,-,0,0,0,,NULL
308,692,CE_GEN_2670483,low,genetic,,,,WormBase,,-,0,0,0,,NULL
308,719,CE_GEN_2670484,low,genetic,,,,WormBase,,-,0,0,0,,NULL
308,2619,CE_GEN_2670485,low,genetic,,,,WormBase,,-,0,0,0,,NULL
308,613,CE_GEN_2670487,low,genetic,,,,WormBase,,-,0,0,0,,NULL
308,2620,CE_GEN_2670488,low,genetic,,,,WormBase,,-,0,0,0,,NULL
308,1128,CE_GEN_2670489,low,genetic,,,,WormBase,,-,0,0,0,,NULL
308,2115,CE_GEN_2670490,low,genetic,,,,WormBase,,-,0,0,0,,NULL
308,1648,CE_GEN_2670491,low,genetic,,,,WormBase,,-,0,0,0,,NULL
308,2621,CE_GEN_2670492,low,genetic,,,,WormBase,,-,0,0,0,,NULL
308,2622,CE_GEN_2670493,low,genetic,,,,WormBase,,-,0,0,0,,NULL
308,1676,CE_GEN_2670494,low,genetic,,,,WormBase,,-,0,0,0,,NULL
308,2354,CE_GEN_2670495,low,genetic,,,,WormBase,,-,0,0,0,,NULL
308,1283,CE_GEN_2670496,moderate,genetic,,,,WormBase,,-,0,0,0,,NULL
308,1268,CE_GEN_2670497,low,genetic,,,,WormBase,,-,0,0,0,,NULL
308,1612,CE_GEN_2670498,low,genetic,,,,WormBase,,-,0,0,0,,NULL
309,1530,CE_GEN_2670509,low,genetic,,,,WormBase,,-,0,0,0,,NULL
310,2624,CE_GEN_2670515,low,genetic,,,,WormBase,,-,0,0,0,,NULL
313,476,CE_GEN_2670606,low,genetic,,,,WormBase,,-,0,0,0,,NULL
314,796,CE_GEN_2670623,low,genetic,,,,WormBase,,-,0,0,0,,NULL
314,358,CE_GEN_2670624,low,genetic,,,,WormBase,,-,0,0,0,,NULL
314,1128,CE_GEN_2670625,low,genetic,,,,WormBase,,-,0,0,0,,NULL
315,1977,CE_GEN_2670628,low,genetic,,,,WormBase,,-,0,0,0,,NULL
315,2651,CE_GEN_2670629,low,genetic,,,,WormBase,,-,0,0,0,,NULL
318,1360,CE_GEN_2670646,low,genetic,,,,WormBase,,-,0,0,0,,NULL
318,1231,CE_GEN_2670648,low,genetic,,,,WormBase,,-,0,0,0,,NULL
319,641,CE_GEN_2670703,low,genetic,,,,WormBase,,-,0,0,0,,NULL
319,839,CE_GEN_2670704,low,genetic,,,,WormBase,,-,0,0,0,,NULL
319,2386,CE_GEN_2670705,low,genetic,,,,WormBase,,-,0,0,0,,NULL
319,1770,CE_GEN_2670706,low,genetic,,,,WormBase,,-,0,0,0,,NULL
319,363,CE_GEN_2670707,low,genetic,,,,WormBase,,-,0,0,0,,NULL
319,2550,CE_GEN_2670708,low,genetic,,,,WormBase,,-,0,0,0,,NULL
319,2675,CE_GEN_2670709,low,genetic,,,,WormBase,,-,0,0,0,,NULL
319,1236,CE_GEN_2670710,low,genetic,,,,WormBase,,-,0,0,0,,NULL
319,1397,CE_GEN_2670711,low,genetic,,,,WormBase,,-,0,0,0,,NULL
319,2872,CE_GEN_3540822,low,genetic,,,,WormBase,,-,0,0,0,,NULL
323,609,CE_GEN29392,low,genetic,MI:1271,,,WormBase;BioGrid,16845399,PMID,1,0,1,,NULL
323,657,CE_GEN_2670781,low,genetic,,,,WormBase,,-,0,0,0,,NULL
323,1423,CE_GEN_2670782,low,genetic,,,,WormBase,,-,0,0,0,,NULL
323,796,CE_GEN_2670783,low,genetic,,,,WormBase,,-,0,0,0,,NULL
323,1448,CE_GEN_2670784,low,genetic,,,,WormBase,,-,0,0,0,,NULL
323,358,CE_GEN_2670785,low,genetic,,,,WormBase,,-,0,0,0,,NULL
323,1056,CE_GEN_2670786,low,genetic,,,,WormBase,,-,0,0,0,,NULL
323,1058,CE_GEN_2670787,low,genetic,,,,WormBase,,-,0,0,0,,NULL
323,987,CE_GEN_2670788,low,genetic,,,,WormBase,,-,0,0,0,,NULL
323,1128,CE_GEN_2670789,low,genetic,,,,WormBase,,-,0,0,0,,NULL
324,1202,CE_GEN_2670839,low,genetic,,,,WormBase,,-,0,0,0,,NULL
327,1759,CE_GEN_2670890,low,genetic,,,,WormBase,,-,0,0,0,,NULL
327,1949,CE_GEN_2670891,moderate,genetic,,,,WormBase,,-,0,0,0,,NULL
327,1465,CE_GEN_2670892,low,genetic,,,,WormBase,,-,0,0,0,,NULL
327,1466,CE_GEN_2670893,low,genetic,,,,WormBase,,-,0,0,0,,NULL
327,2461,CE_GEN_2670895,low,genetic,,,,WormBase,,-,0,0,0,,NULL
327,685,CE_GEN_2670896,low,genetic,,,,WormBase,,-,0,0,0,,NULL
327,796,CE_GEN_2670898,low,genetic,,,,WormBase,,-,0,0,0,,NULL
327,1405,CE_GEN_2670899,low,genetic,,,,WormBase,,-,0,0,0,,NULL
327,1476,CE_GEN_2670900,low,genetic,,,,WormBase,,-,0,0,0,,NULL
327,1406,CE_GEN_2670901,low,genetic,,,,WormBase,,-,0,0,0,,NULL
327,1267,CE_GEN_2670902,low,genetic,,,,WormBase,,-,0,0,0,,NULL
327,418,CE_GEN_2670903,low,genetic,,,,WormBase,,-,0,0,0,,NULL
327,648,CE_GEN_2670905,low,genetic,,,,WormBase,,-,0,0,0,,NULL
327,1128,CE_GEN_2670906,low,genetic,,,,WormBase,,-,0,0,0,,NULL
327,1202,CE_GEN_2670907,low,genetic,,,,WormBase,,-,0,0,0,,NULL
330,1495,CE_GEN_2670937,low,genetic,,,,WormBase,,-,0,0,0,,NULL
330,724,CE_GEN_2670938,low,genetic,,,,WormBase,,-,0,0,0,,NULL
330,1168,CE_GEN_2670939,low,genetic,,,,WormBase,,-,0,0,0,,NULL
331,1161,CE_GEN_2671013,low,genetic,,,,WormBase,,-,0,0,0,,NULL
332,1161,CE_GEN_2671024,low,genetic,,,,WormBase,,-,0,0,0,,NULL
332,796,CE_GEN_2671025,low,genetic,,,,WormBase,,-,0,0,0,,NULL
332,358,CE_GEN_2671026,low,genetic,,,,WormBase,,-,0,0,0,,NULL
332,1128,CE_GEN_2671027,low,genetic,,,,WormBase,,-,0,0,0,,NULL
333,2713,CE_GEN_2671040,moderate,genetic,,,,WormBase,,-,0,0,0,,NULL
335,1169,CE_GEN_2671085,low,genetic,,,,WormBase,,-,0,0,0,,NULL
344,796,CE_GEN_2671570,low,genetic,,,,WormBase,,-,0,0,0,,NULL
344,358,CE_GEN_2671571,low,genetic,,,,WormBase,,-,0,0,0,,NULL
344,1128,CE_GEN_2671572,low,genetic,,,,WormBase,,-,0,0,0,,NULL
345,1148,CE_GEN_2671585,low,genetic,,,,WormBase,,-,0,0,0,,NULL
349,1334,CE_GEN_2671610,low,genetic,,,,WormBase,,-,0,0,0,,NULL
353,609,CE_GEN29950,low,genetic,MI:1271,,,WormBase;BioGrid,16845399,PMID,1,0,1,,NULL
353,610,CE_GEN29951,low,genetic,MI:1271,,,WormBase;BioGrid,16845399,PMID,1,0,1,,NULL
353,1169,CE_GEN_2671661,low,genetic,,,,WormBase,,-,0,0,0,,NULL
354,2098,CE_GEN_2671668,low,genetic,,,,WormBase,,-,0,0,0,,NULL
354,2786,CE_GEN_2671670,moderate,genetic,,,,WormBase,,-,0,0,0,,NULL
354,762,CE_GEN_2671671,low,genetic,,,,WormBase,,-,0,0,0,,NULL
355,1334,CE_GEN_2671686,low,genetic,,,,WormBase,,-,0,0,0,,NULL
355,1473,CE_GEN_2671687,low,genetic,,,,WormBase,,-,0,0,0,,NULL
355,1419,CE_GEN_2671689,low,genetic,,,,WormBase,,-,0,0,0,,NULL
355,656,CE_GEN_2671690,low,genetic,,,,WormBase,,-,0,0,0,,NULL
358,1149,CE_GEN_2671706,low,genetic,,,,WormBase,,-,0,0,0,,NULL
358,1383,CE_GEN_2671709,low,genetic,,,,WormBase,,-,0,0,0,,NULL
358,662,CE_GEN_2671715,low,genetic,,,,WormBase,,-,0,0,0,,NULL
358,1465,CE_GEN_2671718,low,genetic,,,,WormBase,,-,0,0,0,,NULL
358,1152,CE_GEN_2671721,low,genetic,,,,WormBase,,-,0,0,0,,NULL
358,685,CE_GEN_2671724,low,genetic,,,,WormBase,,-,0,0,0,,NULL
358,1587,CE_GEN_2671731,low,genetic,,,,WormBase,,-,0,0,0,,NULL
358,1405,CE_GEN_2671736,low,genetic,,,,WormBase,,-,0,0,0,,NULL
358,1406,CE_GEN_2671737,low,genetic,,,,WormBase,,-,0,0,0,,NULL
358,363,CE_GEN_2671739,low,genetic,,,,WormBase,,-,0,0,0,,NULL
358,367,CE_GEN_2671740,low,genetic,,,,WormBase,,-,0,0,0,,NULL
358,372,CE_GEN_2671741,low,genetic,,,,WormBase,,-,0,0,0,,NULL
358,378,CE_GEN_2671742,low,genetic,,,,WormBase,,-,0,0,0,,NULL
358,382,CE_GEN_2671743,low,genetic,,,,WormBase,,-,0,0,0,,NULL
358,385,CE_GEN_2671744,low,genetic,,,,WormBase,,-,0,0,0,,NULL
358,387,CE_GEN_2671745,low,genetic,,,,WormBase,,-,0,0,0,,NULL
358,389,CE_GEN_2671746,low,genetic,,,,WormBase,,-,0,0,0,,NULL
358,392,CE_GEN_2671747,low,genetic,,,,WormBase,,-,0,0,0,,NULL
358,393,CE_GEN_2671748,low,genetic,,,,WormBase,,-,0,0,0,,NULL
358,407,CE_GEN_2671749,low,genetic,,,,WormBase,,-,0,0,0,,NULL
358,409,CE_GEN_2671750,low,genetic,,,,WormBase,,-,0,0,0,,NULL
358,410,CE_GEN_2671751,low,genetic,,,,WormBase,,-,0,0,0,,NULL
358,429,CE_GEN_2671752,low,genetic,,,,WormBase,,-,0,0,0,,NULL
358,433,CE_GEN_2671753,low,genetic,,,,WormBase,,-,0,0,0,,NULL
358,444,CE_GEN_2671754,low,genetic,,,,WormBase,,-,0,0,0,,NULL
358,450,CE_GEN_2671755,low,genetic,,,,WormBase,,-,0,0,0,,NULL
358,469,CE_GEN_2671756,low,genetic,,,,WormBase,,-,0,0,0,,NULL
358,495,CE_GEN_2671758,low,genetic,,,,WormBase,,-,0,0,0,,NULL
358,1487,CE_GEN_2671759,low,genetic,,,,WormBase,,-,0,0,0,,NULL
358,1202,CE_GEN_2671760,low,genetic,,,,WormBase,,-,0,0,0,,NULL
358,550,CE_GEN_2671761,low,genetic,,,,WormBase,,-,0,0,0,,NULL
358,558,CE_GEN_2671762,low,genetic,,,,WormBase,,-,0,0,0,,NULL
358,569,CE_GEN_2671763,low,genetic,,,,WormBase,,-,0,0,0,,NULL
358,593,CE_GEN_2671764,low,genetic,,,,WormBase,,-,0,0,0,,NULL
358,594,CE_GEN_2671765,low,genetic,,,,WormBase,,-,0,0,0,,NULL
361,642,CE_GEN29974,low,genetic,MI:1271,,,WormBase;BioGrid,16845399,PMID,1,0,1,,NULL
361,796,CE_GEN_2671787,low,genetic,,,,WormBase,,-,0,0,0,,NULL
361,2799,CE_GEN_2671788,low,genetic,,,,WormBase,,-,0,0,0,,NULL
361,2800,CE_GEN_2671789,low,genetic,,,,WormBase,,-,0,0,0,,NULL
361,1262,CE_GEN_2671790,low,genetic,,,,WormBase,,-,0,0,0,,NULL
361,606,CE_GEN_2671791,low,genetic,,,,WormBase,,-,0,0,0,,NULL
361,1128,CE_GEN_2671792,low,genetic,,,,WormBase,,-,0,0,0,,NULL
361,2801,CE_GEN_2671793,low,genetic,,,,WormBase,,-,0,0,0,,NULL
361,1065,CE_GEN_3540784,low,genetic,,,,WormBase,,-,0,0,0,,NULL
363,1274,CE_GEN_2671832,low,genetic,,,,WormBase,,-,0,0,0,,NULL
363,796,CE_GEN_2671834,low,genetic,,,,WormBase,,-,0,0,0,,NULL
363,2550,CE_GEN_2671836,low,genetic,,,,WormBase,,-,0,0,0,,NULL
363,1709,CE_GEN_2671837,low,genetic,,,,WormBase,,-,0,0,0,,NULL
363,1128,CE_GEN_2671838,low,genetic,,,,WormBase,,-,0,0,0,,NULL
365,1148,CE_GEN_2671858,low,genetic,,,,WormBase,,-,0,0,0,,NULL
367,796,CE_GEN_2671868,low,genetic,,,,WormBase,,-,0,0,0,,NULL
367,1128,CE_GEN_2671870,low,genetic,,,,WormBase,,-,0,0,0,,NULL
370,1530,CE_GEN_2671888,low,genetic,,,,WormBase,,-,0,0,0,,NULL
370,631,CE_GEN_2671889,low,genetic,,,,WormBase,,-,0,0,0,,NULL
370,1642,CE_GEN_2671890,low,genetic,,,,WormBase,,-,0,0,0,,NULL
370,1644,CE_GEN_2671891,moderate,genetic,,,,WormBase,,-,0,0,0,,NULL
372,1380,CE_GEN_2671901,low,genetic,,,,WormBase,,-,0,0,0,,NULL
372,796,CE_GEN_2671902,low,genetic,,,,WormBase,,-,0,0,0,,NULL
372,1128,CE_GEN_2671904,low,genetic,,,,WormBase,,-,0,0,0,,NULL
373,1751,CE_GEN_2671910,low,genetic,,,,WormBase,,-,0,0,0,,NULL
377,2032,CE_GEN_2671993,moderate,genetic,,,,WormBase,,-,0,0,0,,NULL
377,387,CE_GEN_2671995,moderate,genetic,,,,WormBase,,-,0,0,0,,NULL
377,1168,CE_GEN_2671996,moderate,genetic,,,,WormBase,,-,0,0,0,,NULL
377,2830,CE_GEN_2671997,low,genetic,,,,WormBase,,-,0,0,0,,NULL
377,1341,CE_GEN_2671998,moderate,genetic,,,,WormBase,,-,0,0,0,,NULL
377,2831,CE_GEN_2671999,low,genetic,,,,WormBase,,-,0,0,0,,NULL
377,1187,CE_GEN_2672000,moderate,genetic,,,,WormBase,,-,0,0,0,,NULL
378,796,CE_GEN_2672010,low,genetic,,,,WormBase,,-,0,0,0,,NULL
378,1128,CE_GEN_2672012,low,genetic,,,,WormBase,,-,0,0,0,,NULL
380,1441,CE_GEN_2672030,low,genetic,,,,WormBase,,-,0,0,0,,NULL
382,796,CE_GEN_2672109,low,genetic,,,,WormBase,,-,0,0,0,,NULL
383,1273,CE_GEN_2672112,low,genetic,,,,WormBase,,-,0,0,0,,NULL
384,609,CE_GEN30052,low,genetic,MI:1271,,,WormBase;BioGrid,16845399,PMID,1,0,1,,NULL
384,773,CE_GEN30056,low,genetic,MI:1271,,,WormBase;BioGrid,16845399,PMID,1,0,1,,NULL
384,1036,CE_GEN_2672161,low,genetic,,,,WormBase,,-,0,0,0,,NULL
384,2844,CE_GEN_2672162,low,genetic,,,,WormBase,,-,0,0,0,,NULL
384,2045,CE_GEN_2672163,low,genetic,,,,WormBase,,-,0,0,0,,NULL
385,796,CE_GEN_2672166,low,genetic,,,,WormBase,,-,0,0,0,,NULL
385,1128,CE_GEN_2672168,low,genetic,,,,WormBase,,-,0,0,0,,NULL
385,1202,CE_GEN_2672169,low,genetic,,,,WormBase,,-,0,0,0,,NULL
387,696,CE_GEN30064,moderate,genetic,MI:1271,,,WormBase;BioGrid,16845399,PMID,1,0,1,,NULL
387,685,CE_GEN30065,low,genetic,MI:1271,,,WormBase;BioGrid,16845399,PMID,1,0,1,,NULL
387,701,CE_GEN30066,low,genetic,MI:1271,,,WormBase;BioGrid,16845399,PMID,1,0,1,,NULL
387,658,CE_GEN30068,low,genetic,MI:0208,,,BioGrid,14645848,PMID,1,0,1,,NULL
387,432,CE_GEN30069,low,genetic,MI:1271,,,WormBase;BioGrid,16845399,PMID,1,0,1,,NULL
387,674,CE_GEN30070,low,genetic,MI:1271,,,WormBase;BioGrid,16845399,PMID,1,0,1,,NULL
387,687,CE_GEN30072,low,genetic,MI:1271,,,WormBase;BioGrid,16845399,PMID,1,0,1,,NULL
387,1181,CE_GEN_2672234,low,genetic,,,,WormBase,,-,0,0,0,,NULL
387,1421,CE_GEN_2672236,low,genetic,,,,WormBase,,-,0,0,0,,NULL
387,657,CE_GEN_2672237,moderate,genetic,,,,WormBase,,-,0,0,0,,NULL
387,1423,CE_GEN_2672238,low,genetic,,,,WormBase,,-,0,0,0,,NULL
387,609,CE_GEN_2672239,low,genetic,,,,WormBase,,-,0,0,0,,NULL
387,731,CE_GEN_2672240,low,genetic,,,,WormBase,,-,0,0,0,,NULL
387,1424,CE_GEN_2672241,low,genetic,,,,WormBase,,-,0,0,0,,NULL
387,796,CE_GEN_2672242,low,genetic,,,,WormBase,,-,0,0,0,,NULL
387,1448,CE_GEN_2672243,low,genetic,,,,WormBase,,-,0,0,0,,NULL
387,1037,CE_GEN_2672244,low,genetic,,,,WormBase,,-,0,0,0,,NULL
387,1425,CE_GEN_2672245,low,genetic,,,,WormBase,,-,0,0,0,,NULL
387,1879,CE_GEN_2672248,low,genetic,,,,WormBase,,-,0,0,0,,NULL
387,1056,CE_GEN_2672249,low,genetic,,,,WormBase,,-,0,0,0,,NULL
387,2841,CE_GEN_2672250,low,genetic,,,,WormBase,,-,0,0,0,,NULL
387,1168,CE_GEN_2672251,low,genetic,,,,WormBase,,-,0,0,0,,NULL
387,1058,CE_GEN_2672252,moderate,genetic,,,,WormBase,,-,0,0,0,,NULL
387,745,CE_GEN_2672253,low,genetic,,,,WormBase,,-,0,0,0,,NULL
387,1789,CE_GEN_2672254,low,genetic,,,,WormBase,,-,0,0,0,,NULL
387,2851,CE_GEN_2672255,low,genetic,,,,WormBase,,-,0,0,0,,NULL
387,1412,CE_GEN_2672256,low,genetic,,,,WormBase,,-,0,0,0,,NULL
387,1343,CE_GEN_2672257,low,genetic,,,,WormBase,,-,0,0,0,,NULL
387,2768,CE_GEN_2672258,moderate,genetic,,,,WormBase,,-,0,0,0,,NULL
387,768,CE_GEN_2672259,moderate,genetic,,,,WormBase,,-,0,0,0,,NULL
387,718,CE_GEN_2672260,moderate,genetic,,,,WormBase,,-,0,0,0,,NULL
387,1128,CE_GEN_2672261,low,genetic,,,,WormBase,,-,0,0,0,,NULL
387,1309,CE_GEN_2672262,low,genetic,,,,WormBase,,-,0,0,0,,NULL
387,1344,CE_GEN_2672263,low,genetic,,,,WormBase,,-,0,0,0,,NULL
387,1187,CE_GEN_2672264,moderate,genetic,,,,WormBase,,-,0,0,0,,NULL
387,564,CE_GEN_2672265,low,genetic,,,,WormBase,,-,0,0,0,,NULL
387,1345,CE_GEN_2672266,low,genetic,,,,WormBase,,-,0,0,0,,NULL
387,1112,CE_GEN_2672267,low,genetic,,,,WormBase,,-,0,0,0,,NULL
389,609,CE_GEN30081,low,genetic,MI:1271,,,WormBase;BioGrid,16845399,PMID,1,0,1,,NULL
389,1465,CE_GEN_2672315,low,genetic,,,,WormBase,,-,0,0,0,,NULL
389,796,CE_GEN_2672316,low,genetic,,,,WormBase,,-,0,0,0,,NULL
389,1476,CE_GEN_2672317,low,genetic,,,,WormBase,,-,0,0,0,,NULL
389,674,CE_GEN_2672319,moderate,genetic,,,,WormBase,,-,0,0,0,,NULL
389,1128,CE_GEN_2672320,low,genetic,,,,WormBase,,-,0,0,0,,NULL
389,1202,CE_GEN_2672321,low,genetic,,,,WormBase,,-,0,0,0,,NULL
392,851,CE_GEN_2672421,low,genetic,,,,WormBase,,-,0,0,0,,NULL
392,796,CE_GEN_2672422,low,genetic,,,,WormBase,,-,0,0,0,,NULL
392,1297,CE_GEN_2672424,low,genetic,,,,WormBase,,-,0,0,0,,NULL
392,1584,CE_GEN_2672425,low,genetic,,,,WormBase,,-,0,0,0,,NULL
392,1273,CE_GEN_2672426,low,genetic,,,,WormBase,,-,0,0,0,,NULL
392,1128,CE_GEN_2672427,low,genetic,,,,WormBase,,-,0,0,0,,NULL
393,616,CE_GEN30125,low,genetic,MI:0796,,,WormBase;BioGrid,23555279,PMID,1,0,1,,NULL
393,1145,CE_GEN_2672428,low,genetic,,,,WormBase,,-,0,0,0,,NULL
393,1501,CE_GEN_2672431,low,genetic,,,,WormBase,,-,0,0,0,,NULL
393,623,CE_GEN_2672432,low,genetic,,,,WormBase,,-,0,0,0,,NULL
393,1720,CE_GEN_2672433,low,genetic,,,,WormBase,,-,0,0,0,,NULL
393,1747,CE_GEN_2672434,low,genetic,,,,WormBase,,-,0,0,0,,NULL
393,1756,CE_GEN_2672435,low,genetic,,,,WormBase,,-,0,0,0,,NULL
393,640,CE_GEN_2672437,low,genetic,,,,WormBase,,-,0,0,0,,NULL
393,652,CE_GEN_2672438,low,genetic,,,,WormBase,,-,0,0,0,,NULL
393,1805,CE_GEN_2672439,low,genetic,,,,WormBase,,-,0,0,0,,NULL
393,1605,CE_GEN_2672440,low,genetic,,,,WormBase,,-,0,0,0,,NULL
393,662,CE_GEN_2672441,low,genetic,,,,WormBase,,-,0,0,0,,NULL
393,666,CE_GEN_2672442,low,genetic,,,,WormBase,,-,0,0,0,,NULL
393,2064,CE_GEN_2672443,low,genetic,,,,WormBase,,-,0,0,0,,NULL
393,776,CE_GEN_2672444,low,genetic,,,,WormBase,,-,0,0,0,,NULL
393,2407,CE_GEN_2672445,low,genetic,,,,WormBase,,-,0,0,0,,NULL
393,1156,CE_GEN_2672446,low,genetic,,,,WormBase,,-,0,0,0,,NULL
393,733,CE_GEN_2672448,low,genetic,,,,WormBase,,-,0,0,0,,NULL
393,1231,CE_GEN_2672449,low,genetic,,,,WormBase,,-,0,0,0,,NULL
393,2531,CE_GEN_2672450,low,genetic,,,,WormBase,,-,0,0,0,,NULL
393,796,CE_GEN_2672451,low,genetic,,,,WormBase,,-,0,0,0,,NULL
393,1825,CE_GEN_2672452,low,genetic,,,,WormBase,,-,0,0,0,,NULL
393,2858,CE_GEN_2672454,low,genetic,,,,WormBase,,-,0,0,0,,NULL
393,2177,CE_GEN_2672455,low,genetic,,,,WormBase,,-,0,0,0,,NULL
393,2864,CE_GEN_2672456,low,genetic,,,,WormBase,,-,0,0,0,,NULL
393,2865,CE_GEN_2672457,low,genetic,,,,WormBase,,-,0,0,0,,NULL
393,2866,CE_GEN_2672458,low,genetic,,,,WormBase,,-,0,0,0,,NULL
393,1092,CE_GEN_2672459,low,genetic,,,,WormBase,,-,0,0,0,,NULL
393,2867,CE_GEN_2672460,low,genetic,,,,WormBase,,-,0,0,0,,NULL
393,480,CE_GEN_2672461,low,genetic,,,,WormBase,,-,0,0,0,,NULL
393,606,CE_GEN_2672462,low,genetic,,,,WormBase,,-,0,0,0,,NULL
393,486,CE_GEN_2672463,low,genetic,,,,WormBase,,-,0,0,0,,NULL
393,1837,CE_GEN_2672464,low,genetic,,,,WormBase,,-,0,0,0,,NULL
393,1892,CE_GEN_2672465,low,genetic,,,,WormBase,,-,0,0,0,,NULL
393,2868,CE_GEN_2672466,low,genetic,,,,WormBase,,-,0,0,0,,NULL
393,1128,CE_GEN_2672467,low,genetic,,,,WormBase,,-,0,0,0,,NULL
393,1235,CE_GEN_2672468,low,genetic,,,,WormBase,,-,0,0,0,,NULL
393,515,CE_GEN_2672469,low,genetic,,,,WormBase,,-,0,0,0,,NULL
393,1849,CE_GEN_2672470,low,genetic,,,,WormBase,,-,0,0,0,,NULL
393,1851,CE_GEN_2672471,low,genetic,,,,WormBase,,-,0,0,0,,NULL
393,1188,CE_GEN_2672472,low,genetic,,,,WormBase,,-,0,0,0,,NULL
393,1855,CE_GEN_2672473,low,genetic,,,,WormBase,,-,0,0,0,,NULL
394,1476,CE_GEN_2672491,low,genetic,,,,WormBase,,-,0,0,0,,NULL
394,418,CE_GEN_2672492,low,genetic,,,,WormBase,,-,0,0,0,,NULL
394,648,CE_GEN_2672493,low,genetic,,,,WormBase,,-,0,0,0,,NULL
394,1202,CE_GEN_2672494,low,genetic,,,,WormBase,,-,0,0,0,,NULL
400,1791,CE_GEN_2672642,low,genetic,,,,WormBase,,-,0,0,0,,NULL
401,612,CE_GEN30173,low,genetic,MI:1271,,,WormBase;BioGrid,16845399,PMID,1,0,1,,NULL
401,719,CE_GEN30177,low,genetic,MI:1271,,,WormBase;BioGrid,16845399,PMID,1,0,1,,NULL
401,1516,CE_GEN_2672657,low,genetic,,,,WormBase,,-,0,0,0,,NULL
401,1944,CE_GEN_2672658,low,genetic,,,,WormBase,,-,0,0,0,,NULL
407,796,CE_GEN_2672795,low,genetic,,,,WormBase,,-,0,0,0,,NULL
407,1128,CE_GEN_2672797,low,genetic,,,,WormBase,,-,0,0,0,,NULL
409,662,CE_GEN_2672925,low,genetic,,,,WormBase,,-,0,0,0,,NULL
409,796,CE_GEN_2672926,low,genetic,,,,WormBase,,-,0,0,0,,NULL
409,1128,CE_GEN_2672928,low,genetic,,,,WormBase,,-,0,0,0,,NULL
409,1348,CE_GEN_2672929,low,genetic,,,,WormBase,,-,0,0,0,,NULL
410,1161,CE_GEN_2672979,low,genetic,,,,WormBase,,-,0,0,0,,NULL
410,796,CE_GEN_2672980,low,genetic,,,,WormBase,,-,0,0,0,,NULL
410,1128,CE_GEN_2672982,low,genetic,,,,WormBase,,-,0,0,0,,NULL
411,1161,CE_GEN_2672986,low,genetic,,,,WormBase,,-,0,0,0,,NULL
412,1410,CE_GEN_2672995,low,genetic,,,,WormBase,,-,0,0,0,,NULL
412,1897,CE_GEN_2672996,low,genetic,,,,WormBase,,-,0,0,0,,NULL
412,691,CE_GEN_2672997,low,genetic,,,,WormBase,,-,0,0,0,,NULL
412,1411,CE_GEN_2672998,low,genetic,,,,WormBase,,-,0,0,0,,NULL
412,2032,CE_GEN_2672999,low,genetic,,,,WormBase,,-,0,0,0,,NULL
412,729,CE_GEN_2673001,low,genetic,,,,WormBase,,-,0,0,0,,NULL
412,1192,CE_GEN_2673003,low,genetic,,,,WormBase,,-,0,0,0,,NULL
412,1267,CE_GEN_2673004,low,genetic,,,,WormBase,,-,0,0,0,,NULL
412,741,CE_GEN_2673005,low,genetic,,,,WormBase,,-,0,0,0,,NULL
412,1665,CE_GEN_2673006,low,genetic,,,,WormBase,,-,0,0,0,,NULL
412,1059,CE_GEN_2673008,low,genetic,,,,WormBase,,-,0,0,0,,NULL
412,648,CE_GEN_2673009,low,genetic,,,,WormBase,,-,0,0,0,,NULL
412,2415,CE_GEN_2673010,low,genetic,,,,WormBase,,-,0,0,0,,NULL
412,481,CE_GEN_2673011,low,genetic,,,,WormBase,,-,0,0,0,,NULL
412,987,CE_GEN_2673012,low,genetic,,,,WormBase,,-,0,0,0,,NULL
412,1632,CE_GEN_2673013,low,genetic,,,,WormBase,,-,0,0,0,,NULL
412,1101,CE_GEN_2673014,low,genetic,,,,WormBase,,-,0,0,0,,NULL
412,687,CE_GEN_2673015,low,genetic,,,,WormBase,,-,0,0,0,,NULL
412,2920,CE_GEN_2673016,low,genetic,,,,WormBase,,-,0,0,0,,NULL
412,1944,CE_GEN_2673017,low,genetic,,,,WormBase,,-,0,0,0,,NULL
412,1128,CE_GEN_2673018,low,genetic,,,,WormBase,,-,0,0,0,,NULL
412,515,CE_GEN_2673019,low,genetic,,,,WormBase,,-,0,0,0,,NULL
412,2621,CE_GEN_2673020,low,genetic,,,,WormBase,,-,0,0,0,,NULL
412,909,CE_GEN_2673021,low,genetic,,,,WormBase,,-,0,0,0,,NULL
412,3171,CE_GEN_3540808,low,genetic,,,,WormBase,,-,0,0,0,,NULL
413,1211,CE_GEN_3540796,low,genetic,,,,WormBase,,-,0,0,0,,NULL
418,1440,CE_GEN_2673058,low,genetic,,,,WormBase,,-,0,0,0,,NULL
418,2011,CE_GEN_2673059,low,genetic,,,,WormBase,,-,0,0,0,,NULL
418,2013,CE_GEN_2673060,low,genetic,,,,WormBase,,-,0,0,0,,NULL
418,685,CE_GEN_2673061,low,genetic,,,,WormBase,,-,0,0,0,,NULL
418,1474,CE_GEN_2673062,low,genetic,,,,WormBase,,-,0,0,0,,NULL
418,1475,CE_GEN_2673063,low,genetic,,,,WormBase,,-,0,0,0,,NULL
418,2015,CE_GEN_2673065,low,genetic,,,,WormBase,,-,0,0,0,,NULL
418,645,CE_GEN_2673067,low,genetic,,,,WormBase,,-,0,0,0,,NULL
418,1480,CE_GEN_2673068,low,genetic,,,,WormBase,,-,0,0,0,,NULL
418,1267,CE_GEN_2673069,low,genetic,,,,WormBase,,-,0,0,0,,NULL
418,682,CE_GEN_2673071,low,genetic,,,,WormBase,,-,0,0,0,,NULL
418,476,CE_GEN_2673072,low,genetic,,,,WormBase,,-,0,0,0,,NULL
418,1202,CE_GEN_2673073,low,genetic,,,,WormBase,,-,0,0,0,,NULL
418,2025,CE_GEN_2673074,low,genetic,,,,WormBase,,-,0,0,0,,NULL
418,684,CE_GEN_2673075,low,genetic,,,,WormBase,,-,0,0,0,,NULL
418,2026,CE_GEN_2673076,low,genetic,,,,WormBase,,-,0,0,0,,NULL
418,1490,CE_GEN_2673077,low,genetic,,,,WormBase,,-,0,0,0,,NULL
420,1128,CE_GEN_2673212,low,genetic,,,,WormBase,,-,0,0,0,,NULL
424,1312,CE_GEN_2673390,low,genetic,,,,WormBase,,-,0,0,0,,NULL
426,767,CE_GEN_2673446,low,genetic,,,,WormBase,,-,0,0,0,,NULL
426,1380,CE_GEN_2673447,low,genetic,,,,WormBase,,-,0,0,0,,NULL
426,2099,CE_GEN_2673448,low,genetic,,,,WormBase,,-,0,0,0,,NULL
426,1977,CE_GEN_2673449,low,genetic,,,,WormBase,,-,0,0,0,,NULL
426,2403,CE_GEN_2673450,low,genetic,,,,WormBase,,-,0,0,0,,NULL
426,1874,CE_GEN_2673451,low,genetic,,,,WormBase,,-,0,0,0,,NULL
426,1072,CE_GEN_2673452,low,genetic,,,,WormBase,,-,0,0,0,,NULL
426,1978,CE_GEN_2673453,low,genetic,,,,WormBase,,-,0,0,0,,NULL
426,1682,CE_GEN_2673454,low,genetic,,,,WormBase,,-,0,0,0,,NULL
426,760,CE_GEN_2673455,low,genetic,,,,WormBase,,-,0,0,0,,NULL
427,1161,CE_GEN_2673458,low,genetic,,,,WormBase,,-,0,0,0,,NULL
429,1128,CE_GEN_2673467,low,genetic,,,,WormBase,,-,0,0,0,,NULL
432,609,CE_GEN30453,low,genetic,MI:1271,,,WormBase;BioGrid,16845399,PMID,1,0,1,,NULL
432,642,CE_GEN30460,low,genetic,MI:1271,,,WormBase;BioGrid,16845399,PMID,1,0,1,,NULL
432,1176,CE_GEN_2673565,low,genetic,,,,WormBase,,-,0,0,0,,NULL
432,695,CE_GEN_2673566,low,genetic,,,,WormBase,,-,0,0,0,,NULL
432,1036,CE_GEN_2673568,low,genetic,,,,WormBase,,-,0,0,0,,NULL
432,1128,CE_GEN_2673570,low,genetic,,,,WormBase,,-,0,0,0,,NULL
432,1202,CE_GEN_2673571,low,genetic,,,,WormBase,,-,0,0,0,,NULL
433,796,CE_GEN_2673574,low,genetic,,,,WormBase,,-,0,0,0,,NULL
433,1128,CE_GEN_2673576,low,genetic,,,,WormBase,,-,0,0,0,,NULL
438,743,CE_GEN_2673628,low,genetic,,,,WormBase,,-,0,0,0,,NULL
438,2943,CE_GEN_2673629,low,genetic,,,,WormBase,,-,0,0,0,,NULL
438,591,CE_GEN_2673630,low,genetic,,,,WormBase,,-,0,0,0,,NULL
439,1152,CE_GEN_2673633,low,genetic,,,,WormBase,,-,0,0,0,,NULL
439,1153,CE_GEN_2673635,low,genetic,,,,WormBase,,-,0,0,0,,NULL
442,1516,CE_GEN_2673699,low,genetic,,,,WormBase,,-,0,0,0,,NULL
442,1727,CE_GEN_2673701,low,genetic,,,,WormBase,,-,0,0,0,,NULL
442,1088,CE_GEN_2673702,low,genetic,,,,WormBase,,-,0,0,0,,NULL
442,656,CE_GEN_2673703,low,genetic,,,,WormBase,,-,0,0,0,,NULL
443,652,CE_GEN_2673718,low,genetic,,,,WormBase,,-,0,0,0,,NULL
443,1474,CE_GEN_2673719,low,genetic,,,,WormBase,,-,0,0,0,,NULL
443,619,CE_GEN_2673720,low,genetic,,,,WormBase,,-,0,0,0,,NULL
443,741,CE_GEN_2673721,low,genetic,,,,WormBase,,-,0,0,0,,NULL
443,476,CE_GEN_2673722,low,genetic,,,,WormBase,,-,0,0,0,,NULL
444,796,CE_GEN_2673728,low,genetic,,,,WormBase,,-,0,0,0,,NULL
444,1128,CE_GEN_2673730,low,genetic,,,,WormBase,,-,0,0,0,,NULL
448,619,CE_GEN_2673816,low,genetic,,,,WormBase,,-,0,0,0,,NULL
450,623,CE_GEN_2673849,low,genetic,,,,WormBase,,-,0,0,0,,NULL
450,1752,CE_GEN_2673850,low,genetic,,,,WormBase,,-,0,0,0,,NULL
450,662,CE_GEN_2673851,low,genetic,,,,WormBase,,-,0,0,0,,NULL
450,1152,CE_GEN_2673852,low,genetic,,,,WormBase,,-,0,0,0,,NULL
450,1156,CE_GEN_2673853,low,genetic,,,,WormBase,,-,0,0,0,,NULL
450,1231,CE_GEN_2673855,low,genetic,,,,WormBase,,-,0,0,0,,NULL
450,796,CE_GEN_2673856,low,genetic,,,,WormBase,,-,0,0,0,,NULL
450,1232,CE_GEN_2673858,low,genetic,,,,WormBase,,-,0,0,0,,NULL
450,1750,CE_GEN_2673859,low,genetic,,,,WormBase,,-,0,0,0,,NULL
450,1153,CE_GEN_2673860,low,genetic,,,,WormBase,,-,0,0,0,,NULL
450,1128,CE_GEN_2673861,low,genetic,,,,WormBase,,-,0,0,0,,NULL
451,1918,CE_GEN_2673862,low,genetic,,,,WormBase,,-,0,0,0,,NULL
451,1211,CE_GEN_2673863,low,genetic,,,,WormBase,,-,0,0,0,,NULL
451,1307,CE_GEN_2673865,moderate,genetic,,,,WormBase,,-,0,0,0,,NULL
451,1195,CE_GEN_2673866,low,genetic,,,,WormBase,,-,0,0,0,,NULL
451,2093,CE_GEN_2673867,low,genetic,,,,WormBase,,-,0,0,0,,NULL
454,609,CE_GEN30665,low,genetic,MI:1271,,,WormBase;BioGrid,16845399,PMID,1,0,1,,NULL
456,1152,CE_GEN_2673909,moderate,genetic,,,,WormBase,,-,0,0,0,,NULL
456,1153,CE_GEN_2673910,low,genetic,,,,WormBase,,-,0,0,0,,NULL
457,1514,CE_GEN_2673916,low,genetic,,,,WormBase,,-,0,0,0,,NULL
457,1152,CE_GEN_2673917,low,genetic,,,,WormBase,,-,0,0,0,,NULL
457,2762,CE_GEN_2673918,low,genetic,,,,WormBase,,-,0,0,0,,NULL
457,656,CE_GEN_2673919,low,genetic,,,,WormBase,,-,0,0,0,,NULL
457,1153,CE_GEN_2673920,low,genetic,,,,WormBase,,-,0,0,0,,NULL
459,1161,CE_GEN_2674003,low,genetic,,,,WormBase,,-,0,0,0,,NULL
459,1152,CE_GEN_2674004,low,genetic,,,,WormBase,,-,0,0,0,,NULL
460,1148,CE_GEN_2674005,low,genetic,,,,WormBase,,-,0,0,0,,NULL
462,1202,CE_GEN_2674007,low,genetic,,,,WormBase,,-,0,0,0,,NULL
464,1295,CE_GEN_2674152,low,genetic,,,,WormBase,,-,0,0,0,,NULL
464,1750,CE_GEN_2674153,low,genetic,,,,WormBase,,-,0,0,0,,NULL
469,796,CE_GEN_2674190,low,genetic,,,,WormBase,,-,0,0,0,,NULL
469,1128,CE_GEN_2674192,low,genetic,,,,WormBase,,-,0,0,0,,NULL
471,609,CE_GEN30698,low,genetic,MI:1271,,,WormBase;BioGrid,16845399,PMID,1,0,1,,NULL
471,1128,CE_GEN_2674194,low,genetic,,,,WormBase,,-,0,0,0,,NULL
471,1169,CE_GEN_2674195,low,genetic,,,,WormBase,,-,0,0,0,,NULL
474,682,CE_GEN_2674339,low,genetic,,,,WormBase,,-,0,0,0,,NULL
476,1465,CE_GEN_2674352,low,genetic,,,,WormBase,,-,0,0,0,,NULL
476,796,CE_GEN_2674355,low,genetic,,,,WormBase,,-,0,0,0,,NULL
476,1405,CE_GEN_2674356,low,genetic,,,,WormBase,,-,0,0,0,,NULL
476,1476,CE_GEN_2674357,low,genetic,,,,WormBase,,-,0,0,0,,NULL
476,1406,CE_GEN_2674358,low,genetic,,,,WormBase,,-,0,0,0,,NULL
476,1177,CE_GEN_2674359,low,genetic,,,,WormBase,,-,0,0,0,,NULL
476,648,CE_GEN_2674361,low,genetic,,,,WormBase,,-,0,0,0,,NULL
476,1384,CE_GEN_2674362,low,genetic,,,,WormBase,,-,0,0,0,,NULL
476,1128,CE_GEN_2674364,low,genetic,,,,WormBase,,-,0,0,0,,NULL
476,1202,CE_GEN_2674365,low,genetic,,,,WormBase,,-,0,0,0,,NULL
480,653,CE_GEN_2674393,low,genetic,,,,WormBase,,-,0,0,0,,NULL
480,1188,CE_GEN_2674396,low,genetic,,,,WormBase,,-,0,0,0,,NULL
481,1437,CE_GEN_2674504,low,genetic,,,,WormBase,,-,0,0,0,,NULL
481,1632,CE_GEN_2674508,low,genetic,,,,WormBase,,-,0,0,0,,NULL
481,1592,CE_GEN_2674509,low,genetic,,,,WormBase,,-,0,0,0,,NULL
481,1128,CE_GEN_2674510,low,genetic,,,,WormBase,,-,0,0,0,,NULL
481,1202,CE_GEN_2674511,low,genetic,,,,WormBase,,-,0,0,0,,NULL
484,1152,CE_GEN_2674541,low,genetic,,,,WormBase,,-,0,0,0,,NULL
486,1643,CE_GEN_2674570,low,genetic,,,,WormBase,,-,0,0,0,,NULL
486,1273,CE_GEN_2674572,low,genetic,,,,WormBase,,-,0,0,0,,NULL
491,743,CE_GEN_2674614,moderate,genetic,,,,WormBase,,-,0,0,0,,NULL
492,695,CE_GEN_2674667,low,genetic,,,,WormBase,,-,0,0,0,,NULL
492,796,CE_GEN_2674668,low,genetic,,,,WormBase,,-,0,0,0,,NULL
492,1406,CE_GEN_2674669,low,genetic,,,,WormBase,,-,0,0,0,,NULL
492,1169,CE_GEN_2674671,low,genetic,,,,WormBase,,-,0,0,0,,NULL
495,796,CE_GEN_2674873,low,genetic,,,,WormBase,,-,0,0,0,,NULL
495,1128,CE_GEN_2674875,low,genetic,,,,WormBase,,-,0,0,0,,NULL
495,1433,CE_GEN_2674876,low,genetic,,,,WormBase,,-,0,0,0,,NULL
498,1677,CE_GEN_2675068,low,genetic,,,,WormBase,,-,0,0,0,,NULL
498,1148,CE_GEN_2675069,low,genetic,,,,WormBase,,-,0,0,0,,NULL
499,1948,CE_GEN_2675070,low,genetic,,,,WormBase,,-,0,0,0,,NULL
499,1951,CE_GEN_2675071,low,genetic,,,,WormBase,,-,0,0,0,,NULL
499,1460,CE_GEN_2675072,low,genetic,,,,WormBase,,-,0,0,0,,NULL
499,888,CE_GEN_2675073,low,genetic,,,,WormBase,,-,0,0,0,,NULL
499,1186,CE_GEN_2675074,low,genetic,,,,WormBase,,-,0,0,0,,NULL
499,1984,CE_GEN_2675075,low,genetic,,,,WormBase,,-,0,0,0,,NULL
503,1325,CE_GEN_2675304,low,genetic,,,,WormBase,,-,0,0,0,,NULL
503,1385,CE_GEN_2675305,low,genetic,,,,WormBase,,-,0,0,0,,NULL
503,2100,CE_GEN_2675306,low,genetic,,,,WormBase,,-,0,0,0,,NULL
503,1573,CE_GEN_2675307,low,genetic,,,,WormBase,,-,0,0,0,,NULL
503,1846,CE_GEN_2675308,low,genetic,,,,WormBase,,-,0,0,0,,NULL
505,1765,CE_GEN_2675361,low,genetic,,,,WormBase,,-,0,0,0,,NULL
505,1900,CE_GEN_2675362,low,genetic,,,,WormBase,,-,0,0,0,,NULL
505,1363,CE_GEN_2675363,moderate,genetic,,,,WormBase,,-,0,0,0,,NULL
505,2736,CE_GEN_2675364,low,genetic,,,,WormBase,,-,0,0,0,,NULL
505,1762,CE_GEN_2675365,low,genetic,,,,WormBase,,-,0,0,0,,NULL
505,1341,CE_GEN_2675366,low,genetic,,,,WormBase,,-,0,0,0,,NULL
505,2606,CE_GEN_2675367,low,genetic,,,,WormBase,,-,0,0,0,,NULL
505,1076,CE_GEN_2675368,low,genetic,,,,WormBase,,-,0,0,0,,NULL
505,1540,CE_GEN_2675369,low,genetic,,,,WormBase,,-,0,0,0,,NULL
505,1195,CE_GEN_2675370,low,genetic,,,,WormBase,,-,0,0,0,,NULL
507,619,CE_GEN31263,low,genetic,MI:1271,,,WormBase;BioGrid,16845399,PMID,1,0,1,,NULL
507,773,CE_GEN31264,low,genetic,MI:1271,,,WormBase;BioGrid,16845399,PMID,1,0,1,,NULL
507,768,CE_GEN31267,low,genetic,MI:1271,,,WormBase;BioGrid,16845399,PMID,1,0,1,,NULL
507,1993,CE_GEN_2675565,low,genetic,,,,WormBase,,-,0,0,0,,NULL
507,2029,CE_GEN_2675566,low,genetic,,,,WormBase,,-,0,0,0,,NULL
507,927,CE_GEN_2675567,low,genetic,,,,WormBase,,-,0,0,0,,NULL
507,2796,CE_GEN_2675568,low,genetic,,,,WormBase,,-,0,0,0,,NULL
507,2110,CE_GEN_2675569,low,genetic,,,,WormBase,,-,0,0,0,,NULL
507,2445,CE_GEN_2675570,low,genetic,,,,WormBase,,-,0,0,0,,NULL
507,2610,CE_GEN_2675571,low,genetic,,,,WormBase,,-,0,0,0,,NULL
507,2113,CE_GEN_2675572,low,genetic,,,,WormBase,,-,0,0,0,,NULL
507,2114,CE_GEN_2675573,low,genetic,,,,WormBase,,-,0,0,0,,NULL
507,706,CE_GEN_2675574,low,genetic,,,,WormBase,,-,0,0,0,,NULL
508,1131,CE_GEN_2675664,low,genetic,,,,WormBase,,-,0,0,0,,NULL
509,609,CE_GEN31430,low,genetic,MI:1271,,,WormBase;BioGrid,16845399,PMID,1,0,1,,NULL
511,662,CE_GEN_2675792,low,genetic,,,,WormBase,,-,0,0,0,,NULL
511,1856,CE_GEN_2675793,low,genetic,,,,WormBase,,-,0,0,0,,NULL
515,1374,CE_GEN_2676473,low,genetic,,,,WormBase,,-,0,0,0,,NULL
515,619,CE_GEN_2676475,low,genetic,,,,WormBase,,-,0,0,0,,NULL
515,2828,CE_GEN_2676477,low,genetic,,,,WormBase,,-,0,0,0,,NULL
515,1827,CE_GEN_2676478,low,genetic,,,,WormBase,,-,0,0,0,,NULL
515,2093,CE_GEN_2676481,low,genetic,,,,WormBase,,-,0,0,0,,NULL
518,1148,CE_GEN_2676551,low,genetic,,,,WormBase,,-,0,0,0,,NULL
527,1920,CE_GEN_2676577,low,genetic,,,,WormBase,,-,0,0,0,,NULL
533,1152,CE_GEN_2676633,low,genetic,,,,WormBase,,-,0,0,0,,NULL
533,1153,CE_GEN_2676634,low,genetic,,,,WormBase,,-,0,0,0,,NULL
545,1400,CE_GEN_2676740,low,genetic,,,,WormBase,,-,0,0,0,,NULL
545,1539,CE_GEN_2676741,low,genetic,,,,WormBase,,-,0,0,0,,NULL
545,1540,CE_GEN_2676742,low,genetic,,,,WormBase,,-,0,0,0,,NULL
549,1312,CE_GEN_2676796,low,genetic,,,,WormBase,,-,0,0,0,,NULL
550,1152,CE_GEN_2676802,low,genetic,,,,WormBase,,-,0,0,0,,NULL
550,796,CE_GEN_2676803,low,genetic,,,,WormBase,,-,0,0,0,,NULL
550,1750,CE_GEN_2676805,low,genetic,,,,WormBase,,-,0,0,0,,NULL
550,1153,CE_GEN_2676806,low,genetic,,,,WormBase,,-,0,0,0,,NULL
550,1128,CE_GEN_2676807,low,genetic,,,,WormBase,,-,0,0,0,,NULL
554,1152,CE_GEN_2676831,low,genetic,,,,WormBase,,-,0,0,0,,NULL
554,1153,CE_GEN_2676832,low,genetic,,,,WormBase,,-,0,0,0,,NULL
558,796,CE_GEN_2676842,low,genetic,,,,WormBase,,-,0,0,0,,NULL
558,1128,CE_GEN_2676844,low,genetic,,,,WormBase,,-,0,0,0,,NULL
564,2830,CE_GEN_2676920,moderate,genetic,,,,WormBase,,-,0,0,0,,NULL
564,2838,CE_GEN_2676921,moderate,genetic,,,,WormBase,,-,0,0,0,,NULL
564,768,CE_GEN_2676922,low,genetic,,,,WormBase,,-,0,0,0,,NULL
564,1345,CE_GEN_2676923,low,genetic,,,,WormBase,,-,0,0,0,,NULL
569,796,CE_GEN_2676971,low,genetic,,,,WormBase,,-,0,0,0,,NULL
569,1128,CE_GEN_2676973,low,genetic,,,,WormBase,,-,0,0,0,,NULL
571,1391,CE_GEN_2676991,low,genetic,,,,WormBase,,-,0,0,0,,NULL
571,2890,CE_GEN_2676992,low,genetic,,,,WormBase,,-,0,0,0,,NULL
581,1530,CE_GEN_2677154,low,genetic,,,,WormBase,,-,0,0,0,,NULL
581,631,CE_GEN_2677155,low,genetic,,,,WormBase,,-,0,0,0,,NULL
591,1398,CE_GEN_2677330,low,genetic,,,,WormBase,,-,0,0,0,,NULL
591,2704,CE_GEN_2677331,low,genetic,,,,WormBase,,-,0,0,0,,NULL
591,743,CE_GEN_2677332,moderate,genetic,,,,WormBase,,-,0,0,0,,NULL
591,2943,CE_GEN_2677333,low,genetic,,,,WormBase,,-,0,0,0,,NULL
591,2382,CE_GEN_2677335,low,genetic,,,,WormBase,,-,0,0,0,,NULL
591,3151,CE_GEN_2677336,low,genetic,,,,WormBase,,-,0,0,0,,NULL
593,796,CE_GEN_2677385,low,genetic,,,,WormBase,,-,0,0,0,,NULL
593,1128,CE_GEN_2677387,low,genetic,,,,WormBase,,-,0,0,0,,NULL
594,796,CE_GEN_2682783,low,genetic,,,,WormBase,,-,0,0,0,,NULL
594,1128,CE_GEN_2682785,low,genetic,,,,WormBase,,-,0,0,0,,NULL
595,2110,CE_GEN_2682798,low,genetic,,,,WormBase,,-,0,0,0,,NULL
598,1378,CE_GEN_2684679,low,genetic,,,,WormBase,,-,0,0,0,,NULL
598,1713,CE_GEN_2684680,moderate,genetic,,,,WormBase,,-,0,0,0,,NULL
604,1335,CE_GEN_2667050,low,genetic,,,,WormBase,,-,0,0,0,,NULL
604,1420,CE_GEN_2667051,low,genetic,,,,WormBase,,-,0,0,0,,NULL
604,1518,CE_GEN_2667054,low,genetic,,,,WormBase,,-,0,0,0,,NULL
604,1519,CE_GEN_2667055,low,genetic,,,,WormBase,,-,0,0,0,,NULL
604,782,CE_GEN_2667057,low,genetic,,,,WormBase,,-,0,0,0,,NULL
604,1520,CE_GEN_2667058,low,genetic,,,,WormBase,,-,0,0,0,,NULL
604,1521,CE_GEN_2667059,low,genetic,,,,WormBase,,-,0,0,0,,NULL
604,1522,CE_GEN_2667060,low,genetic,,,,WormBase,,-,0,0,0,,NULL
604,1523,CE_GEN_2667061,low,genetic,,,,WormBase,,-,0,0,0,,NULL
604,1524,CE_GEN_2667062,low,genetic,,,,WormBase,,-,0,0,0,,NULL
604,1525,CE_GEN_2667063,low,genetic,,,,WormBase,,-,0,0,0,,NULL
604,1526,CE_GEN_2667064,low,genetic,,,,WormBase,,-,0,0,0,,NULL
605,1530,CE_GEN_2667074,low,genetic,,,,WormBase,,-,0,0,0,,NULL
605,631,CE_GEN_2667075,low,genetic,,,,WormBase,,-,0,0,0,,NULL
605,1531,CE_GEN_2667076,low,genetic,,,,WormBase,,-,0,0,0,,NULL
605,632,CE_GEN_2667077,low,genetic,,,,WormBase,,-,0,0,0,,NULL
606,1047,CE_GEN30751,low,genetic,MI:0796,,,WormBase;BioGrid,11742996,PMID,1,0,1,,NULL
606,1885,CE_GEN_2674474,moderate,genetic,,,,WormBase,,-,0,0,0,,NULL
606,695,CE_GEN_2674475,low,genetic,,,,WormBase,,-,0,0,0,,NULL
606,1202,CE_GEN_2674478,low,genetic,,,,WormBase,,-,0,0,0,,NULL
607,1321,CE_GEN_2667127,low,genetic,,,,WormBase,,-,0,0,0,,NULL
607,1297,CE_GEN_2667128,low,genetic,,,,WormBase,,-,0,0,0,,NULL
608,609,CE_GEN28015,low,genetic,MI:1271,,,WormBase;BioGrid,16845399,PMID,1,0,1,,NULL
608,610,CE_GEN28016,low,genetic,MI:1271,,,WormBase;BioGrid,16845399,PMID,1,0,1,,NULL
608,1169,CE_GEN_2667174,low,genetic,,,,WormBase,,-,0,0,0,,NULL
609,611,CE_GEN28340,low,genetic,MI:1271,,,WormBase;BioGrid,16845399,PMID,1,0,1,,NULL
609,627,CE_GEN28342,low,genetic,MI:1271,,,WormBase;BioGrid,16845399,PMID,1,0,1,,NULL
609,641,CE_GEN28343,low,genetic,MI:1271,,,WormBase;BioGrid,16845399,PMID,1,0,1,,NULL
609,659,CE_GEN28344,low,genetic,MI:1271,,,WormBase;BioGrid,16845399,PMID,1,0,1,,NULL
609,694,CE_GEN28345,low,genetic,MI:1271,,,WormBase;BioGrid,16845399,PMID,1,0,1,,NULL
609,695,CE_GEN28346,low,genetic,MI:1271,,,WormBase;BioGrid,16845399,PMID,1,0,1,,NULL
609,696,CE_GEN28347,low,genetic,MI:1271,,,WormBase;BioGrid,16845399,PMID,1,0,1,,NULL
609,697,CE_GEN28348,low,genetic,MI:1271,,,WormBase;BioGrid,16845399,PMID,1,0,1,,NULL
609,670,CE_GEN28349,low,genetic,MI:1271,,,WormBase;BioGrid,16845399,PMID,1,0,1,,NULL
609,685,CE_GEN28350,low,genetic,MI:1271,,,WormBase;BioGrid,16845399,PMID,1,0,1,,NULL
609,698,CE_GEN28351,low,genetic,MI:1271,,,WormBase;BioGrid,16845399,PMID,1,0,1,,NULL
609,699,CE_GEN28353,low,genetic,MI:1271,,,WormBase;BioGrid,16845399,PMID,1,0,1,,NULL
609,700,CE_GEN28354,low,genetic,MI:1271,,,WormBase;BioGrid,16845399,PMID,1,0,1,,NULL
609,701,CE_GEN28355,low,genetic,MI:1271,,,WormBase;BioGrid,16845399,PMID,1,0,1,,NULL
609,702,CE_GEN28356,low,genetic,MI:1271,,,WormBase;BioGrid,16845399,PMID,1,0,1,,NULL
609,619,CE_GEN28359,low,genetic,MI:1271,,,WormBase;BioGrid,16845399,PMID,1,0,1,,NULL
609,703,CE_GEN28363,low,genetic,MI:1271,,,WormBase;BioGrid,16845399,PMID,1,0,1,,NULL
609,689,CE_GEN28364,low,genetic,MI:1271,,,WormBase;BioGrid,16845399,PMID,1,0,1,,NULL
609,704,CE_GEN28365,low,genetic,MI:1271,,,WormBase;BioGrid,16845399,PMID,1,0,1,,NULL
609,705,CE_GEN28366,low,genetic,MI:1271,,,WormBase;BioGrid,16845399,PMID,1,0,1,,NULL
609,673,CE_GEN28367,low,genetic,MI:1271,,,WormBase;BioGrid,16845399,PMID,1,0,1,,NULL
609,674,CE_GEN28369,low,genetic,MI:1271,,,WormBase;BioGrid,16845399,PMID,1,0,1,,NULL
609,675,CE_GEN28372,low,genetic,MI:1271,,,WormBase;BioGrid,16845399,PMID,1,0,1,,NULL
609,687,CE_GEN28373,low,genetic,MI:1271,,,WormBase;BioGrid,16845399,PMID,1,0,1,,NULL
609,706,CE_GEN28375,low,genetic,MI:1271,,,WormBase;BioGrid,16845399,PMID,1,0,1,,NULL
609,707,CE_GEN28376,low,genetic,MI:1271,,,WormBase;BioGrid,16845399,PMID,1,0,1,,NULL
609,708,CE_GEN28377,low,genetic,MI:1271,,,WormBase;BioGrid,16845399,PMID,1,0,1,,NULL
609,709,CE_GEN28378,low,genetic,MI:1271,,,WormBase;BioGrid,16845399,PMID,1,0,1,,NULL
609,710,CE_GEN28379,low,genetic,MI:1271,,,WormBase;BioGrid,16845399,PMID,1,0,1,,NULL
609,711,CE_GEN28380,low,genetic,MI:1271,,,WormBase;BioGrid,16845399,PMID,1,0,1,,NULL
609,680,CE_GEN28381,low,genetic,MI:1271,,,WormBase;BioGrid,16845399,PMID,1,0,1,,NULL
609,651,CE_GEN28382,low,genetic,MI:1271,,,WormBase;BioGrid,16845399,PMID,1,0,1,,NULL
609,1189,CE_GEN_2668432,low,genetic,,,,WormBase,,-,0,0,0,,NULL
609,1492,CE_GEN_2668433,moderate,genetic,,,,WormBase,,-,0,0,0,,NULL
609,2046,CE_GEN_2668434,low,genetic,,,,WormBase,,-,0,0,0,,NULL
609,2047,CE_GEN_2668435,low,genetic,,,,WormBase,,-,0,0,0,,NULL
609,831,CE_GEN_2668436,low,genetic,,,,WormBase,,-,0,0,0,,NULL
609,1191,CE_GEN_2668437,low,genetic,,,,WormBase,,-,0,0,0,,NULL
609,1424,CE_GEN_2668438,low,genetic,,,,WormBase,,-,0,0,0,,NULL
609,738,CE_GEN_2668440,low,genetic,,,,WormBase,,-,0,0,0,,NULL
609,808,CE_GEN_2668442,low,genetic,,,,WormBase,,-,0,0,0,,NULL
609,741,CE_GEN_2668443,low,genetic,,,,WormBase,,-,0,0,0,,NULL
609,2048,CE_GEN_2668444,moderate,genetic,,,,WormBase,,-,0,0,0,,NULL
609,1100,CE_GEN_2668445,low,genetic,,,,WormBase,,-,0,0,0,,NULL
609,2049,CE_GEN_2668446,low,genetic,,,,WormBase,,-,0,0,0,,NULL
609,1454,CE_GEN_2668447,low,genetic,,,,WormBase,,-,0,0,0,,NULL
609,2050,CE_GEN_2668448,low,genetic,,,,WormBase,,-,0,0,0,,NULL
609,1268,CE_GEN_2668449,low,genetic,,,,WormBase,,-,0,0,0,,NULL
610,611,CE_GEN30090,low,genetic,MI:1271,,,WormBase;BioGrid,16845399,PMID,1,0,1,,NULL
610,666,CE_GEN30092,low,genetic,MI:1271,,,WormBase;BioGrid,16845399,PMID,1,0,1,,NULL
610,697,CE_GEN30093,low,genetic,MI:1271,,,WormBase;BioGrid,16845399,PMID,1,0,1,,NULL
610,670,CE_GEN30094,low,genetic,MI:1271,,,WormBase;BioGrid,16845399,PMID,1,0,1,,NULL
610,685,CE_GEN30095,low,genetic,MI:1271,,,WormBase;BioGrid,16845399,PMID,1,0,1,,NULL
610,698,CE_GEN30096,low,genetic,MI:1271,,,WormBase;BioGrid,16845399,PMID,1,0,1,,NULL
610,840,CE_GEN30097,low,genetic,MI:1271,,,WormBase;BioGrid,16845399,PMID,1,0,1,,NULL
610,1057,CE_GEN30101,low,genetic,MI:1271,,,WormBase;BioGrid,16845399,PMID,1,0,1,,NULL
610,1059,CE_GEN30102,low,genetic,MI:1271,,,WormBase;BioGrid,16845399,PMID,1,0,1,,NULL
610,648,CE_GEN30103,low,genetic,MI:1271,,,WormBase;BioGrid,16845399,PMID,1,0,1,,NULL
610,674,CE_GEN30104,low,genetic,MI:1271,,,WormBase;BioGrid,16845399,PMID,1,0,1,,NULL
610,686,CE_GEN30105,low,genetic,MI:1271,,,WormBase;BioGrid,16845399,PMID,1,0,1,,NULL
610,687,CE_GEN30108,low,genetic,MI:1271,,,WormBase;BioGrid,16845399,PMID,1,0,1,,NULL
610,706,CE_GEN30109,low,genetic,MI:1271,,,WormBase;BioGrid,16845399,PMID,1,0,1,,NULL
610,1060,CE_GEN30110,low,genetic,MI:1271,,,WormBase;BioGrid,16845399,PMID,1,0,1,,NULL
610,1061,CE_GEN30111,low,genetic,MI:1271,,,WormBase;BioGrid,16845399,PMID,1,0,1,,NULL
610,612,CE_GEN_2672334,low,genetic,,,,WormBase,,-,0,0,0,,NULL
610,1036,CE_GEN_2672336,low,genetic,,,,WormBase,,-,0,0,0,,NULL
610,1192,CE_GEN_2672337,low,genetic,,,,WormBase,,-,0,0,0,,NULL
610,1267,CE_GEN_2672338,low,genetic,,,,WormBase,,-,0,0,0,,NULL
610,1062,CE_GEN_2672339,low,genetic,,,,WormBase,,-,0,0,0,,NULL
610,773,CE_GEN_2672342,low,genetic,,,,WormBase,,-,0,0,0,,NULL
610,1219,CE_GEN_2672343,low,genetic,,,,WormBase,,-,0,0,0,,NULL
610,613,CE_GEN_2672345,low,genetic,,,,WormBase,,-,0,0,0,,NULL
610,1128,CE_GEN_2672346,low,genetic,,,,WormBase,,-,0,0,0,,NULL
611,612,CE_GEN28026,low,genetic,MI:1271,,,WormBase;BioGrid,16845399,PMID,1,0,1,,NULL
611,613,CE_GEN28030,low,genetic,MI:1271,,,WormBase;BioGrid,16845399,PMID,1,0,1,,NULL
612,685,CE_GEN28298,low,genetic,MI:1271,,,WormBase;BioGrid,16845399,PMID,1,0,1,,NULL
612,686,CE_GEN28301,low,genetic,MI:1271,,,WormBase;BioGrid,16845399,PMID,1,0,1,,NULL
612,687,CE_GEN28302,low,genetic,MI:1271,,,WormBase;BioGrid,16845399,PMID,1,0,1,,NULL
612,688,CE_GEN28303,low,genetic,MI:1271,,,WormBase;BioGrid,16845399,PMID,1,0,1,,NULL
612,1466,CE_GEN_2668209,low,genetic,,,,WormBase,,-,0,0,0,,NULL
612,1266,CE_GEN_2668211,low,genetic,,,,WormBase,,-,0,0,0,,NULL
612,1267,CE_GEN_2668212,low,genetic,,,,WormBase,,-,0,0,0,,NULL
612,613,CE_GEN_2668215,low,genetic,,,,WormBase,,-,0,0,0,,NULL
613,685,CE_GEN31474,low,genetic,MI:1271,,,WormBase;BioGrid,16845399,PMID,1,0,1,,NULL
613,686,CE_GEN31480,low,genetic,MI:1271,,,WormBase;BioGrid,16845399,PMID,1,0,1,,NULL
613,687,CE_GEN31482,low,genetic,MI:1271,,,WormBase;BioGrid,16845399,PMID,1,0,1,,NULL
613,1036,CE_GEN_2676043,low,genetic,,,,WormBase,,-,0,0,0,,NULL
613,1192,CE_GEN_2676044,low,genetic,,,,WormBase,,-,0,0,0,,NULL
613,1177,CE_GEN_2676045,low,genetic,,,,WormBase,,-,0,0,0,,NULL
613,1267,CE_GEN_2676046,low,genetic,,,,WormBase,,-,0,0,0,,NULL
613,1062,CE_GEN_2676048,low,genetic,,,,WormBase,,-,0,0,0,,NULL
613,773,CE_GEN_2676050,low,genetic,,,,WormBase,,-,0,0,0,,NULL
613,1219,CE_GEN_2676051,low,genetic,,,,WormBase,,-,0,0,0,,NULL
613,1128,CE_GEN_2676053,low,genetic,,,,WormBase,,-,0,0,0,,NULL
614,615,CE_GEN28031,moderate,genetic,MI:1271,,,WormBase;BioGrid,16845399,PMID,1,0,1,,NULL
614,1162,CE_GEN_2667239,moderate,genetic,,,,WormBase,,-,0,0,0,,NULL
614,1271,CE_GEN_2667241,low,genetic,,,,WormBase,,-,0,0,0,,NULL
614,1205,CE_GEN_2667243,low,genetic,,,,WormBase,,-,0,0,0,,NULL
614,1208,CE_GEN_2667244,low,genetic,,,,WormBase,,-,0,0,0,,NULL
614,654,CE_GEN_2667245,low,genetic,,,,WormBase,,-,0,0,0,,NULL
614,1209,CE_GEN_2667246,low,genetic,,,,WormBase,,-,0,0,0,,NULL
614,1210,CE_GEN_2667247,low,genetic,,,,WormBase,,-,0,0,0,,NULL
614,918,CE_GEN_2667248,low,genetic,,,,WormBase,,-,0,0,0,,NULL
614,1400,CE_GEN_2667249,low,genetic,,,,WormBase,,-,0,0,0,,NULL
614,1212,CE_GEN_2667250,low,genetic,,,,WormBase,,-,0,0,0,,NULL
614,1213,CE_GEN_2667251,low,genetic,,,,WormBase,,-,0,0,0,,NULL
614,1171,CE_GEN_2667252,low,genetic,,,,WormBase,,-,0,0,0,,NULL
614,1247,CE_GEN_2667253,low,genetic,,,,WormBase,,-,0,0,0,,NULL
614,1217,CE_GEN_2667254,low,genetic,,,,WormBase,,-,0,0,0,,NULL
614,1599,CE_GEN_2667255,low,genetic,,,,WormBase,,-,0,0,0,,NULL
614,1218,CE_GEN_2667256,low,genetic,,,,WormBase,,-,0,0,0,,NULL
614,1600,CE_GEN_2667257,low,genetic,,,,WormBase,,-,0,0,0,,NULL
614,1173,CE_GEN_2667258,low,genetic,,,,WormBase,,-,0,0,0,,NULL
614,1221,CE_GEN_2667259,low,genetic,,,,WormBase,,-,0,0,0,,NULL
614,1430,CE_GEN_2667260,low,genetic,,,,WormBase,,-,0,0,0,,NULL
614,1601,CE_GEN_2667261,low,genetic,,,,WormBase,,-,0,0,0,,NULL
615,625,CE_GEN28151,low,genetic,MI:1271,,,WormBase;BioGrid,10488343,PMID,1,0,1,,NULL
615,644,CE_GEN28152,low,genetic,MI:1271,,,WormBase;BioGrid,16845399,PMID,1,0,1,,NULL
615,645,CE_GEN28155,low,genetic,MI:1271,,,WormBase;BioGrid,16845399,PMID,1,0,1,,NULL
615,646,CE_GEN28157,low,genetic,MI:1271,,,WormBase;BioGrid,19084000,PMID,1,0,1,,NULL
615,647,CE_GEN28159,low,genetic,MI:1271,,,WormBase;BioGrid,16845399,PMID,1,0,1,,NULL
615,648,CE_GEN28160,low,genetic,MI:1271,,,WormBase;BioGrid,16845399,PMID,1,0,1,,NULL
615,649,CE_GEN28162,low,genetic,MI:1271,,,WormBase;BioGrid,16845399,PMID,1,0,1,,NULL
615,650,CE_GEN28163,low,genetic,MI:1271,,,WormBase;BioGrid,16845399,PMID,1,0,1,,NULL
615,651,CE_GEN28164,moderate,genetic,MI:1271,,,WormBase;BioGrid,16845399,PMID,1,0,1,,NULL
615,1163,CE_GEN_2667702,low,genetic,,,,WormBase,,-,0,0,0,,NULL
615,1181,CE_GEN_2667703,low,genetic,,,,WormBase,,-,0,0,0,,NULL
615,1620,CE_GEN_2667706,low,genetic,,,,WormBase,,-,0,0,0,,NULL
615,624,CE_GEN_2667707,low,genetic,,,,WormBase,,-,0,0,0,,NULL
615,1543,CE_GEN_2667709,low,genetic,,,,WormBase,,-,0,0,0,,NULL
615,653,CE_GEN_2667710,low,genetic,,,,WormBase,,-,0,0,0,,NULL
615,1777,CE_GEN_2667711,low,genetic,,,,WormBase,,-,0,0,0,,NULL
615,828,CE_GEN_2667712,moderate,genetic,,,,WormBase,,-,0,0,0,,NULL
615,1164,CE_GEN_2667713,moderate,genetic,,,,WormBase,,-,0,0,0,,NULL
615,1102,CE_GEN_2667715,low,genetic,,,,WormBase,,-,0,0,0,,NULL
615,707,CE_GEN_2667716,low,genetic,,,,WormBase,,-,0,0,0,,NULL
618,619,CE_GEN28044,low,genetic,MI:1271,,,WormBase;BioGrid,16845399,PMID,1,0,1,,NULL
618,620,CE_GEN_2667273,low,genetic,,,,WormBase,,-,0,0,0,,NULL
618,740,CE_GEN_2667274,low,genetic,,,,WormBase,,-,0,0,0,,NULL
618,1486,CE_GEN_2667275,low,genetic,,,,WormBase,,-,0,0,0,,NULL
619,659,CE_GEN29832,low,genetic,MI:1271,,,WormBase;BioGrid,16845399,PMID,1,0,1,,NULL
619,695,CE_GEN29835,low,genetic,MI:1271,,,WormBase;BioGrid,16845399,PMID,1,0,1,,NULL
619,670,CE_GEN29837,moderate,genetic,MI:1271,,,WormBase;BioGrid,16845399,PMID,1,0,1,,NULL
619,685,CE_GEN29838,moderate,genetic,MI:1271,,,WormBase;BioGrid,16845399,PMID,1,0,1,,NULL
619,701,CE_GEN29839,low,genetic,MI:1271,,,WormBase;BioGrid,16845399,PMID,1,0,1,,NULL
619,1037,CE_GEN29842,low,genetic,MI:1271,,,WormBase;BioGrid,16845399,PMID,1,0,1,,NULL
619,619,CE_GEN29843,low,genetic,MI:1271,,,WormBase;BioGrid,16845399,PMID,1,0,1,,NULL
619,1038,CE_GEN29844,low,genetic,MI:1271,,,WormBase;BioGrid,16845399,PMID,1,0,1,,NULL
619,689,CE_GEN29845,low,genetic,MI:1271,,,WormBase;BioGrid,16845399,PMID,1,0,1,,NULL
619,1039,CE_GEN29846,low,genetic,MI:1271,,,WormBase;BioGrid,16845399,PMID,1,0,1,,NULL
619,687,CE_GEN29847,low,genetic,MI:1271,,,WormBase;BioGrid,16845399,PMID,1,0,1,,NULL
619,629,CE_GEN_2671365,moderate,genetic,,,,WormBase,,-,0,0,0,,NULL
619,633,CE_GEN_2671366,moderate,genetic,,,,WormBase,,-,0,0,0,,NULL
619,1516,CE_GEN_2671367,low,genetic,,,,WormBase,,-,0,0,0,,NULL
619,652,CE_GEN_2671368,low,genetic,,,,WormBase,,-,0,0,0,,NULL
619,660,CE_GEN_2671369,moderate,genetic,,,,WormBase,,-,0,0,0,,NULL
619,1808,CE_GEN_2671370,low,genetic,,,,WormBase,,-,0,0,0,,NULL
619,1467,CE_GEN_2671372,low,genetic,,,,WormBase,,-,0,0,0,,NULL
619,1558,CE_GEN_2671373,low,genetic,,,,WormBase,,-,0,0,0,,NULL
619,2085,CE_GEN_2671374,low,genetic,,,,WormBase,,-,0,0,0,,NULL
619,1289,CE_GEN_2671375,low,genetic,,,,WormBase,,-,0,0,0,,NULL
619,2427,CE_GEN_2671376,moderate,genetic,,,,WormBase,,-,0,0,0,,NULL
619,830,CE_GEN_2671377,low,genetic,,,,WormBase,,-,0,0,0,,NULL
619,832,CE_GEN_2671378,low,genetic,,,,WormBase,,-,0,0,0,,NULL
619,698,CE_GEN_2671379,moderate,genetic,,,,WormBase,,-,0,0,0,,NULL
619,729,CE_GEN_2671380,low,genetic,,,,WormBase,,-,0,0,0,,NULL
619,730,CE_GEN_2671381,low,genetic,,,,WormBase,,-,0,0,0,,NULL
619,2633,CE_GEN_2671382,low,genetic,,,,WormBase,,-,0,0,0,,NULL
619,2635,CE_GEN_2671383,low,genetic,,,,WormBase,,-,0,0,0,,NULL
619,732,CE_GEN_2671384,low,genetic,,,,WormBase,,-,0,0,0,,NULL
619,1036,CE_GEN_2671385,low,genetic,,,,WormBase,,-,0,0,0,,NULL
619,766,CE_GEN_2671386,low,genetic,,,,WormBase,,-,0,0,0,,NULL
619,2753,CE_GEN_2671388,low,genetic,,,,WormBase,,-,0,0,0,,NULL
619,1796,CE_GEN_2671389,low,genetic,,,,WormBase,,-,0,0,0,,NULL
619,740,CE_GEN_2671390,moderate,genetic,,,,WormBase,,-,0,0,0,,NULL
619,1790,CE_GEN_2671391,low,genetic,,,,WormBase,,-,0,0,0,,NULL
619,2754,CE_GEN_2671393,low,genetic,,,,WormBase,,-,0,0,0,,NULL
619,1040,CE_GEN_2671394,low,genetic,,,,WormBase,,-,0,0,0,,NULL
619,1090,CE_GEN_2671396,low,genetic,,,,WormBase,,-,0,0,0,,NULL
619,1262,CE_GEN_2671398,low,genetic,,,,WormBase,,-,0,0,0,,NULL
619,2755,CE_GEN_2671399,low,genetic,,,,WormBase,,-,0,0,0,,NULL
619,2147,CE_GEN_2671400,low,genetic,,,,WormBase,,-,0,0,0,,NULL
619,2287,CE_GEN_2671401,low,genetic,,,,WormBase,,-,0,0,0,,NULL
619,752,CE_GEN_2671402,low,genetic,,,,WormBase,,-,0,0,0,,NULL
619,2756,CE_GEN_2671403,low,genetic,,,,WormBase,,-,0,0,0,,NULL
619,2757,CE_GEN_2671405,low,genetic,,,,WormBase,,-,0,0,0,,NULL
619,2758,CE_GEN_2671406,low,genetic,,,,WormBase,,-,0,0,0,,NULL
619,1412,CE_GEN_2671407,low,genetic,,,,WormBase,,-,0,0,0,,NULL
619,991,CE_GEN_2671408,low,genetic,,,,WormBase,,-,0,0,0,,NULL
619,2759,CE_GEN_2671410,low,genetic,,,,WormBase,,-,0,0,0,,NULL
619,909,CE_GEN_2671411,low,genetic,,,,WormBase,,-,0,0,0,,NULL
619,1169,CE_GEN_2671412,low,genetic,,,,WormBase,,-,0,0,0,,NULL
619,2726,CE_GEN_2671413,low,genetic,,,,WormBase,,-,0,0,0,,NULL
620,1278,CE_GEN_2667277,low,genetic,,,,WormBase,,-,0,0,0,,NULL
620,1288,CE_GEN_2667278,low,genetic,,,,WormBase,,-,0,0,0,,NULL
620,1463,CE_GEN_2667285,low,genetic,,,,WormBase,,-,0,0,0,,NULL
620,723,CE_GEN_2667286,low,genetic,,,,WormBase,,-,0,0,0,,NULL
620,1161,CE_GEN_2667287,low,genetic,,,,WormBase,,-,0,0,0,,NULL
620,1211,CE_GEN_2667288,low,genetic,,,,WormBase,,-,0,0,0,,NULL
620,1609,CE_GEN_2667289,low,genetic,,,,WormBase,,-,0,0,0,,NULL
620,1610,CE_GEN_2667290,low,genetic,,,,WormBase,,-,0,0,0,,NULL
620,1177,CE_GEN_2667291,low,genetic,,,,WormBase,,-,0,0,0,,NULL
620,1611,CE_GEN_2667292,low,genetic,,,,WormBase,,-,0,0,0,,NULL
620,1063,CE_GEN_2667293,low,genetic,,,,WormBase,,-,0,0,0,,NULL
620,1307,CE_GEN_2667295,low,genetic,,,,WormBase,,-,0,0,0,,NULL
620,1178,CE_GEN_2667296,low,genetic,,,,WormBase,,-,0,0,0,,NULL
620,1219,CE_GEN_2667297,low,genetic,,,,WormBase,,-,0,0,0,,NULL
620,1173,CE_GEN_2667298,low,genetic,,,,WormBase,,-,0,0,0,,NULL
620,1551,CE_GEN_2667299,low,genetic,,,,WormBase,,-,0,0,0,,NULL
620,1612,CE_GEN_2667300,low,genetic,,,,WormBase,,-,0,0,0,,NULL
621,622,CE_GEN28059,low,genetic,MI:1271,,,BioGrid,22673872,PMID,1,0,1,,NULL
624,625,CE_GEN28068,low,genetic,MI:1271,,,WormBase;BioGrid,10488343,PMID,1,0,1,,NULL
624,1181,CE_GEN_2667319,low,genetic,,,,WormBase,,-,0,0,0,,NULL
624,935,CE_GEN_2667325,low,genetic,,,,WormBase,,-,0,0,0,,NULL
624,1231,CE_GEN_2667326,low,genetic,,,,WormBase,,-,0,0,0,,NULL
624,653,CE_GEN_2667327,low,genetic,,,,WormBase,,-,0,0,0,,NULL
624,1477,CE_GEN_2667328,low,genetic,,,,WormBase,,-,0,0,0,,NULL
624,807,CE_GEN_2667329,low,genetic,,,,WormBase,,-,0,0,0,,NULL
624,1263,CE_GEN_2667331,low,genetic,,,,WormBase,,-,0,0,0,,NULL
624,651,CE_GEN_2667332,low,genetic,,,,WormBase,,-,0,0,0,,NULL
625,643,CE_GEN28149,low,genetic,MI:1271,,,WormBase;BioGrid,10391246,PMID,1,0,1,,NULL
625,1181,CE_GEN_2667692,low,genetic,,,,WormBase,,-,0,0,0,,NULL
625,1131,CE_GEN_2667695,low,genetic,,,,WormBase,,-,0,0,0,,NULL
625,707,CE_GEN_2667696,low,genetic,,,,WormBase,,-,0,0,0,,NULL
626,1169,CE_GEN_2667444,low,genetic,,,,WormBase,,-,0,0,0,,NULL
628,1131,CE_GEN_2667465,low,genetic,,,,WormBase,,-,0,0,0,,NULL
629,892,CE_GEN_2667469,low,genetic,,,,WormBase,,-,0,0,0,,NULL
630,1334,CE_GEN_2667486,low,genetic,,,,WormBase,,-,0,0,0,,NULL
630,1707,CE_GEN_2667487,low,genetic,,,,WormBase,,-,0,0,0,,NULL
631,632,CE_GEN28107,low,genetic,MI:0796,,,BioGrid,22621901,PMID,1,0,1,,NULL
631,1530,CE_GEN_2667513,low,genetic,,,,WormBase,,-,0,0,0,,NULL
631,1642,CE_GEN_2667514,low,genetic,,,,WormBase,,-,0,0,0,,NULL
631,1531,CE_GEN_2667515,low,genetic,,,,WormBase,,-,0,0,0,,NULL
631,724,CE_GEN_2667516,low,genetic,,,,WormBase,,-,0,0,0,,NULL
631,1644,CE_GEN_2667518,low,genetic,,,,WormBase,,-,0,0,0,,NULL
632,1530,CE_GEN_2670413,low,genetic,,,,WormBase,,-,0,0,0,,NULL
632,2613,CE_GEN_2670414,low,genetic,,,,WormBase,,-,0,0,0,,NULL
632,1086,CE_GEN_2670415,low,genetic,,,,WormBase,,-,0,0,0,,NULL
632,1644,CE_GEN_2670416,low,genetic,,,,WormBase,,-,0,0,0,,NULL
633,660,CE_GEN_2667526,low,genetic,,,,WormBase,,-,0,0,0,,NULL
633,752,CE_GEN_2667528,low,genetic,,,,WormBase,,-,0,0,0,,NULL
633,1721,CE_GEN_2667529,low,genetic,,,,WormBase,,-,0,0,0,,NULL
634,635,CE_GEN28116,moderate,genetic,MI:0796,,,BioGrid,24595290,PMID,1,0,1,,NULL
634,636,CE_GEN28117,low,genetic,MI:0796,,,BioGrid,24595290,PMID,1,0,1,,NULL
634,1724,CE_GEN_2667539,low,genetic,,,,WormBase,,-,0,0,0,,NULL
634,1141,CE_GEN_2667540,moderate,genetic,,,,WormBase,,-,0,0,0,,NULL
635,689,CE_GEN28305,low,genetic,MI:0796,,,BioGrid,24595290,PMID,1,0,1,,NULL
635,1444,CE_GEN_2668216,low,genetic,,,,WormBase,,-,0,0,0,,NULL
636,689,CE_GEN30062,low,genetic,MI:0796,,,BioGrid,24595290,PMID,1,0,1,,NULL
637,1751,CE_GEN_2667613,low,genetic,,,,WormBase,,-,0,0,0,,NULL
638,1150,CE_GEN_2667649,low,genetic,,,,WormBase,,-,0,0,0,,NULL
638,1762,CE_GEN_2667650,low,genetic,,,,WormBase,,-,0,0,0,,NULL
639,1152,CE_GEN_2667662,low,genetic,,,,WormBase,,-,0,0,0,,NULL
639,1047,CE_GEN_2667664,low,genetic,,,,WormBase,,-,0,0,0,,NULL
639,1062,CE_GEN_2667665,low,genetic,,,,WormBase,,-,0,0,0,,NULL
639,1763,CE_GEN_2667667,moderate,genetic,,,,WormBase,,-,0,0,0,,NULL
639,1133,CE_GEN_2667668,low,genetic,,,,WormBase,,-,0,0,0,,NULL
639,1153,CE_GEN_2667669,low,genetic,,,,WormBase,,-,0,0,0,,NULL
640,1200,CE_GEN_2667672,low,genetic,,,,WormBase,,-,0,0,0,,NULL
640,1294,CE_GEN_2667673,low,genetic,,,,WormBase,,-,0,0,0,,NULL
640,1478,CE_GEN_2667674,low,genetic,,,,WormBase,,-,0,0,0,,NULL
640,1301,CE_GEN_2667676,low,genetic,,,,WormBase,,-,0,0,0,,NULL
640,686,CE_GEN_2667677,low,genetic,,,,WormBase,,-,0,0,0,,NULL
640,1302,CE_GEN_2667678,low,genetic,,,,WormBase,,-,0,0,0,,NULL
640,1526,CE_GEN_2667679,low,genetic,,,,WormBase,,-,0,0,0,,NULL
641,642,CE_GEN28145,low,genetic,MI:1271,,,WormBase;BioGrid,16845399,PMID,1,0,1,,NULL
641,1230,CE_GEN_2667682,low,genetic,,,,WormBase,,-,0,0,0,,NULL
641,1201,CE_GEN_2667683,low,genetic,,,,WormBase,,-,0,0,0,,NULL
641,1769,CE_GEN_2667685,low,genetic,,,,WormBase,,-,0,0,0,,NULL
641,1770,CE_GEN_2667686,low,genetic,,,,WormBase,,-,0,0,0,,NULL
641,1503,CE_GEN_2667687,low,genetic,,,,WormBase,,-,0,0,0,,NULL
641,1771,CE_GEN_2667688,low,genetic,,,,WormBase,,-,0,0,0,,NULL
641,1772,CE_GEN_2667689,low,genetic,,,,WormBase,,-,0,0,0,,NULL
641,1773,CE_GEN_2667690,low,genetic,,,,WormBase,,-,0,0,0,,NULL
642,659,CE_GEN30767,low,genetic,MI:1271,,,WormBase;BioGrid,16845399,PMID,1,0,1,,NULL
642,664,CE_GEN30768,low,genetic,MI:1271,,,WormBase;BioGrid,16845399,PMID,1,0,1,,NULL
642,695,CE_GEN30769,low,genetic,MI:1271,,,WormBase;BioGrid,16845399,PMID,1,0,1,,NULL
642,830,CE_GEN30770,low,genetic,MI:1271,,,WormBase;BioGrid,16845399,PMID,1,0,1,,NULL
642,685,CE_GEN30771,low,genetic,MI:1271,,,WormBase;BioGrid,16845399,PMID,1,0,1,,NULL
642,699,CE_GEN30773,low,genetic,MI:1271,,,WormBase;BioGrid,16845399,PMID,1,0,1,,NULL
642,1010,CE_GEN30774,low,genetic,MI:1271,,,WormBase;BioGrid,16845399,PMID,1,0,1,,NULL
642,1012,CE_GEN30775,low,genetic,MI:1271,,,WormBase;BioGrid,16845399,PMID,1,0,1,,NULL
642,1046,CE_GEN30776,low,genetic,MI:1271,,,WormBase;BioGrid,16845399,PMID,1,0,1,,NULL
642,1051,CE_GEN30778,low,genetic,MI:1271,,,WormBase;BioGrid,16845399,PMID,1,0,1,,NULL
642,689,CE_GEN30779,low,genetic,MI:1271,,,WormBase;BioGrid,16845399,PMID,1,0,1,,NULL
642,1070,CE_GEN30780,low,genetic,MI:1271,,,WormBase;BioGrid,16845399,PMID,1,0,1,,NULL
642,1059,CE_GEN30781,low,genetic,MI:1271,,,WormBase;BioGrid,16845399,PMID,1,0,1,,NULL
642,674,CE_GEN30783,low,genetic,MI:1271,,,WormBase;BioGrid,16845399,PMID,1,0,1,,NULL
642,1094,CE_GEN30784,low,genetic,MI:1271,,,WormBase;BioGrid,16845399,PMID,1,0,1,,NULL
642,1095,CE_GEN30785,low,genetic,MI:1271,,,WormBase;BioGrid,16845399,PMID,1,0,1,,NULL
642,1097,CE_GEN30786,low,genetic,MI:1271,,,WormBase;BioGrid,16845399,PMID,1,0,1,,NULL
642,687,CE_GEN30787,low,genetic,MI:1271,,,WormBase;BioGrid,16845399,PMID,1,0,1,,NULL
642,1098,CE_GEN30788,low,genetic,MI:1271,,,WormBase;BioGrid,16845399,PMID,1,0,1,,NULL
642,1099,CE_GEN30789,low,genetic,MI:1271,,,WormBase;BioGrid,16845399,PMID,1,0,1,,NULL
642,1469,CE_GEN_2674556,low,genetic,,,,WormBase,,-,0,0,0,,NULL
642,1470,CE_GEN_2674557,low,genetic,,,,WormBase,,-,0,0,0,,NULL
642,1473,CE_GEN_2674558,low,genetic,,,,WormBase,,-,0,0,0,,NULL
642,2475,CE_GEN_2674559,moderate,genetic,,,,WormBase,,-,0,0,0,,NULL
642,796,CE_GEN_2674561,low,genetic,,,,WormBase,,-,0,0,0,,NULL
642,1476,CE_GEN_2674562,low,genetic,,,,WormBase,,-,0,0,0,,NULL
642,1307,CE_GEN_2674563,low,genetic,,,,WormBase,,-,0,0,0,,NULL
642,746,CE_GEN_2674564,low,genetic,,,,WormBase,,-,0,0,0,,NULL
642,1202,CE_GEN_2674566,low,genetic,,,,WormBase,,-,0,0,0,,NULL
645,662,CE_GEN_2671313,low,genetic,,,,WormBase,,-,0,0,0,,NULL
645,1465,CE_GEN_2671314,low,genetic,,,,WormBase,,-,0,0,0,,NULL
645,1360,CE_GEN_2671315,low,genetic,,,,WormBase,,-,0,0,0,,NULL
645,1476,CE_GEN_2671316,low,genetic,,,,WormBase,,-,0,0,0,,NULL
645,648,CE_GEN_2671319,low,genetic,,,,WormBase,,-,0,0,0,,NULL
645,1361,CE_GEN_2671320,low,genetic,,,,WormBase,,-,0,0,0,,NULL
645,1128,CE_GEN_2671321,low,genetic,,,,WormBase,,-,0,0,0,,NULL
645,1202,CE_GEN_2671322,low,genetic,,,,WormBase,,-,0,0,0,,NULL
647,1204,CE_GEN_2673511,low,genetic,,,,WormBase,,-,0,0,0,,NULL
647,1205,CE_GEN_2673512,low,genetic,,,,WormBase,,-,0,0,0,,NULL
647,1687,CE_GEN_2673513,low,genetic,,,,WormBase,,-,0,0,0,,NULL
647,1997,CE_GEN_2673514,low,genetic,,,,WormBase,,-,0,0,0,,NULL
647,741,CE_GEN_2673515,moderate,genetic,,,,WormBase,,-,0,0,0,,NULL
647,647,CE_GEN_2673516,low,genetic,,,,WormBase,,-,0,0,0,,NULL
647,1076,CE_GEN_2673517,low,genetic,,,,WormBase,,-,0,0,0,,NULL
648,1477,CE_GEN_2673609,low,genetic,,,,WormBase,,-,0,0,0,,NULL
648,1480,CE_GEN_2673611,low,genetic,,,,WormBase,,-,0,0,0,,NULL
648,1944,CE_GEN_2673616,low,genetic,,,,WormBase,,-,0,0,0,,NULL
648,2233,CE_GEN_2673617,low,genetic,,,,WormBase,,-,0,0,0,,NULL
651,1181,CE_GEN_2682810,low,genetic,,,,WormBase,,-,0,0,0,,NULL
651,1620,CE_GEN_2682812,low,genetic,,,,WormBase,,-,0,0,0,,NULL
651,2056,CE_GEN_2682814,moderate,genetic,,,,WormBase,,-,0,0,0,,NULL
651,775,CE_GEN_2682815,low,genetic,,,,WormBase,,-,0,0,0,,NULL
651,707,CE_GEN_2682816,low,genetic,,,,WormBase,,-,0,0,0,,NULL
652,653,CE_GEN28167,low,genetic,MI:0796,,,WormBase;BioGrid,15935762,PMID,1,0,1,,NULL
652,1473,CE_GEN_2667719,low,genetic,,,,WormBase,,-,0,0,0,,NULL
652,1262,CE_GEN_2667723,low,genetic,,,,WormBase,,-,0,0,0,,NULL
653,1181,CE_GEN_2670799,low,genetic,,,,WormBase,,-,0,0,0,,NULL
653,935,CE_GEN_2670804,low,genetic,,,,WormBase,,-,0,0,0,,NULL
653,1614,CE_GEN_2670805,low,genetic,,,,WormBase,,-,0,0,0,,NULL
653,1406,CE_GEN_2670806,low,genetic,,,,WormBase,,-,0,0,0,,NULL
653,745,CE_GEN_2670807,low,genetic,,,,WormBase,,-,0,0,0,,NULL
653,1732,CE_GEN_2670808,low,genetic,,,,WormBase,,-,0,0,0,,NULL
653,2089,CE_GEN_2670810,low,genetic,,,,WormBase,,-,0,0,0,,NULL
653,1489,CE_GEN_2670812,low,genetic,,,,WormBase,,-,0,0,0,,NULL
653,1263,CE_GEN_2670813,low,genetic,,,,WormBase,,-,0,0,0,,NULL
654,1314,CE_GEN_2667724,low,genetic,,,,WormBase,,-,0,0,0,,NULL
654,1493,CE_GEN_2667725,low,genetic,,,,WormBase,,-,0,0,0,,NULL
654,1279,CE_GEN_2667726,low,genetic,,,,WormBase,,-,0,0,0,,NULL
654,1778,CE_GEN_2667729,low,genetic,,,,WormBase,,-,0,0,0,,NULL
654,1779,CE_GEN_2667731,low,genetic,,,,WormBase,,-,0,0,0,,NULL
654,782,CE_GEN_2667732,low,genetic,,,,WormBase,,-,0,0,0,,NULL
654,1780,CE_GEN_2667733,low,genetic,,,,WormBase,,-,0,0,0,,NULL
654,1063,CE_GEN_2667734,low,genetic,,,,WormBase,,-,0,0,0,,NULL
654,1281,CE_GEN_2667735,low,genetic,,,,WormBase,,-,0,0,0,,NULL
654,745,CE_GEN_2667736,low,genetic,,,,WormBase,,-,0,0,0,,NULL
654,1282,CE_GEN_2667737,low,genetic,,,,WormBase,,-,0,0,0,,NULL
654,1781,CE_GEN_2667738,low,genetic,,,,WormBase,,-,0,0,0,,NULL
654,1782,CE_GEN_2667739,low,genetic,,,,WormBase,,-,0,0,0,,NULL
654,1412,CE_GEN_2667740,low,genetic,,,,WormBase,,-,0,0,0,,NULL
654,1783,CE_GEN_2667741,low,genetic,,,,WormBase,,-,0,0,0,,NULL
654,1444,CE_GEN_3540809,low,genetic,,,,WormBase,,-,0,0,0,,NULL
655,656,CE_GEN28174,low,genetic,MI:0796,,,WormBase;BioGrid,14992718,PMID,1,0,1,,NULL
655,1312,CE_GEN_2667746,low,genetic,,,,WormBase,,-,0,0,0,,NULL
656,977,CE_GEN31269,low,genetic,MI:0796,,,WormBase;BioGrid,14992718,PMID,1,0,1,,NULL
656,1054,CE_GEN31270,low,genetic,MI:0796,,,WormBase;BioGrid,14992718,PMID,1,0,1,,NULL
656,1174,CE_GEN_2675623,low,genetic,,,,WormBase,,-,0,0,0,,NULL
656,1678,CE_GEN_2675625,low,genetic,,,,WormBase,,-,0,0,0,,NULL
656,662,CE_GEN_2675627,low,genetic,,,,WormBase,,-,0,0,0,,NULL
656,1727,CE_GEN_2675628,low,genetic,,,,WormBase,,-,0,0,0,,NULL
656,2432,CE_GEN_2675629,low,genetic,,,,WormBase,,-,0,0,0,,NULL
656,1360,CE_GEN_2675630,low,genetic,,,,WormBase,,-,0,0,0,,NULL
656,670,CE_GEN_2675631,low,genetic,,,,WormBase,,-,0,0,0,,NULL
656,836,CE_GEN_2675632,low,genetic,,,,WormBase,,-,0,0,0,,NULL
656,976,CE_GEN_2675634,low,genetic,,,,WormBase,,-,0,0,0,,NULL
656,1711,CE_GEN_2675635,low,genetic,,,,WormBase,,-,0,0,0,,NULL
656,1213,CE_GEN_2675637,low,genetic,,,,WormBase,,-,0,0,0,,NULL
656,837,CE_GEN_2675638,low,genetic,,,,WormBase,,-,0,0,0,,NULL
656,1829,CE_GEN_2675639,low,genetic,,,,WormBase,,-,0,0,0,,NULL
656,1730,CE_GEN_2675640,low,genetic,,,,WormBase,,-,0,0,0,,NULL
656,712,CE_GEN_2675641,low,genetic,,,,WormBase,,-,0,0,0,,NULL
656,1889,CE_GEN_2675642,low,genetic,,,,WormBase,,-,0,0,0,,NULL
656,1217,CE_GEN_2675643,low,genetic,,,,WormBase,,-,0,0,0,,NULL
656,1092,CE_GEN_2675646,low,genetic,,,,WormBase,,-,0,0,0,,NULL
656,1042,CE_GEN_2675647,low,genetic,,,,WormBase,,-,0,0,0,,NULL
656,1838,CE_GEN_2675648,low,genetic,,,,WormBase,,-,0,0,0,,NULL
656,1361,CE_GEN_2675649,low,genetic,,,,WormBase,,-,0,0,0,,NULL
656,1249,CE_GEN_2675650,low,genetic,,,,WormBase,,-,0,0,0,,NULL
656,1842,CE_GEN_2675651,low,genetic,,,,WormBase,,-,0,0,0,,NULL
656,1097,CE_GEN_2675652,low,genetic,,,,WormBase,,-,0,0,0,,NULL
656,1088,CE_GEN_2675653,low,genetic,,,,WormBase,,-,0,0,0,,NULL
656,891,CE_GEN_2675654,low,genetic,,,,WormBase,,-,0,0,0,,NULL
656,1682,CE_GEN_2675655,low,genetic,,,,WormBase,,-,0,0,0,,NULL
656,2983,CE_GEN_2675656,low,genetic,,,,WormBase,,-,0,0,0,,NULL
656,713,CE_GEN_2675657,low,genetic,,,,WormBase,,-,0,0,0,,NULL
656,2742,CE_GEN_2675658,low,genetic,,,,WormBase,,-,0,0,0,,NULL
656,1775,CE_GEN_2675659,low,genetic,,,,WormBase,,-,0,0,0,,NULL
656,1852,CE_GEN_2675660,low,genetic,,,,WormBase,,-,0,0,0,,NULL
656,1853,CE_GEN_2675661,low,genetic,,,,WormBase,,-,0,0,0,,NULL
656,2929,CE_GEN_2675662,low,genetic,,,,WormBase,,-,0,0,0,,NULL
656,1169,CE_GEN_2675663,low,genetic,,,,WormBase,,-,0,0,0,,NULL
657,658,CE_GEN28177,low,genetic,MI:0208,,,BioGrid,14645848,PMID,1,0,1,,NULL
657,1181,CE_GEN_2667752,low,genetic,,,,WormBase,,-,0,0,0,,NULL
657,1421,CE_GEN_2667754,low,genetic,,,,WormBase,,-,0,0,0,,NULL
657,1423,CE_GEN_2667755,moderate,genetic,,,,WormBase,,-,0,0,0,,NULL
657,1424,CE_GEN_2667756,low,genetic,,,,WormBase,,-,0,0,0,,NULL
657,1037,CE_GEN_2667758,low,genetic,,,,WormBase,,-,0,0,0,,NULL
657,1425,CE_GEN_2667759,moderate,genetic,,,,WormBase,,-,0,0,0,,NULL
657,1789,CE_GEN_2667761,low,genetic,,,,WormBase,,-,0,0,0,,NULL
657,768,CE_GEN_2667762,low,genetic,,,,WormBase,,-,0,0,0,,NULL
657,718,CE_GEN_2667763,low,genetic,,,,WormBase,,-,0,0,0,,NULL
657,1195,CE_GEN_2667764,low,genetic,,,,WormBase,,-,0,0,0,,NULL
658,1056,CE_GEN30083,low,genetic,MI:0208,,,BioGrid,14645848,PMID,1,0,1,,NULL
658,658,CE_GEN30085,low,genetic,MI:0208,,,BioGrid,14645848,PMID,1,0,1,,NULL
658,1058,CE_GEN30086,low,genetic,MI:0208,,,BioGrid,14645848,PMID,1,0,1,,NULL
658,1423,CE_GEN_2672323,low,genetic,,,,WormBase,,-,0,0,0,,NULL
658,1424,CE_GEN_2672324,low,genetic,,,,WormBase,,-,0,0,0,,NULL
658,1425,CE_GEN_2672325,low,genetic,,,,WormBase,,-,0,0,0,,NULL
659,734,CE_GEN_2667765,low,genetic,,,,WormBase,,-,0,0,0,,NULL
660,1356,CE_GEN_2667779,low,genetic,,,,WormBase,,-,0,0,0,,NULL
660,1796,CE_GEN_2667782,low,genetic,,,,WormBase,,-,0,0,0,,NULL
661,1812,CE_GEN_2667807,low,genetic,,,,WormBase,,-,0,0,0,,NULL
662,1125,CE_GEN_2667826,low,genetic,,,,WormBase,,-,0,0,0,,NULL
662,1230,CE_GEN_2667827,low,genetic,,,,WormBase,,-,0,0,0,,NULL
662,1250,CE_GEN_2667828,low,genetic,,,,WormBase,,-,0,0,0,,NULL
662,1359,CE_GEN_2667829,low,genetic,,,,WormBase,,-,0,0,0,,NULL
662,1206,CE_GEN_2667833,low,genetic,,,,WormBase,,-,0,0,0,,NULL
662,1623,CE_GEN_2667834,low,genetic,,,,WormBase,,-,0,0,0,,NULL
662,1559,CE_GEN_2667835,low,genetic,,,,WormBase,,-,0,0,0,,NULL
662,1813,CE_GEN_2667836,low,genetic,,,,WormBase,,-,0,0,0,,NULL
662,663,CE_GEN_2667837,low,genetic,,,,WormBase,,-,0,0,0,,NULL
662,1437,CE_GEN_2667838,low,genetic,,,,WormBase,,-,0,0,0,,NULL
662,1819,CE_GEN_2667839,low,genetic,,,,WormBase,,-,0,0,0,,NULL
662,1820,CE_GEN_2667840,low,genetic,,,,WormBase,,-,0,0,0,,NULL
662,1821,CE_GEN_2667841,low,genetic,,,,WormBase,,-,0,0,0,,NULL
662,1654,CE_GEN_2667842,low,genetic,,,,WormBase,,-,0,0,0,,NULL
662,1201,CE_GEN_2667843,low,genetic,,,,WormBase,,-,0,0,0,,NULL
662,695,CE_GEN_2667844,low,genetic,,,,WormBase,,-,0,0,0,,NULL
662,770,CE_GEN_2667845,low,genetic,,,,WormBase,,-,0,0,0,,NULL
662,772,CE_GEN_2667846,low,genetic,,,,WormBase,,-,0,0,0,,NULL
662,1209,CE_GEN_2667847,low,genetic,,,,WormBase,,-,0,0,0,,NULL
662,1822,CE_GEN_2667848,low,genetic,,,,WormBase,,-,0,0,0,,NULL
662,776,CE_GEN_2667849,low,genetic,,,,WormBase,,-,0,0,0,,NULL
662,1823,CE_GEN_2667850,low,genetic,,,,WormBase,,-,0,0,0,,NULL
662,725,CE_GEN_2667851,low,genetic,,,,WormBase,,-,0,0,0,,NULL
662,1824,CE_GEN_2667852,low,genetic,,,,WormBase,,-,0,0,0,,NULL
662,1360,CE_GEN_2667853,moderate,genetic,,,,WormBase,,-,0,0,0,,NULL
662,1156,CE_GEN_2667854,low,genetic,,,,WormBase,,-,0,0,0,,NULL
662,836,CE_GEN_2667855,low,genetic,,,,WormBase,,-,0,0,0,,NULL
662,1231,CE_GEN_2667858,low,genetic,,,,WormBase,,-,0,0,0,,NULL
662,1825,CE_GEN_2667859,low,genetic,,,,WormBase,,-,0,0,0,,NULL
662,1711,CE_GEN_2667862,low,genetic,,,,WormBase,,-,0,0,0,,NULL
662,1826,CE_GEN_2667864,low,genetic,,,,WormBase,,-,0,0,0,,NULL
662,1213,CE_GEN_2667865,low,genetic,,,,WormBase,,-,0,0,0,,NULL
662,837,CE_GEN_2667866,low,genetic,,,,WormBase,,-,0,0,0,,NULL
662,1761,CE_GEN_2667867,low,genetic,,,,WormBase,,-,0,0,0,,NULL
662,737,CE_GEN_2667868,moderate,genetic,,,,WormBase,,-,0,0,0,,NULL
662,1827,CE_GEN_2667869,moderate,genetic,,,,WormBase,,-,0,0,0,,NULL
662,1828,CE_GEN_2667870,low,genetic,,,,WormBase,,-,0,0,0,,NULL
662,1053,CE_GEN_2667872,moderate,genetic,,,,WormBase,,-,0,0,0,,NULL
662,1232,CE_GEN_2667873,low,genetic,,,,WormBase,,-,0,0,0,,NULL
662,1829,CE_GEN_2667874,low,genetic,,,,WormBase,,-,0,0,0,,NULL
662,1830,CE_GEN_2667875,low,genetic,,,,WormBase,,-,0,0,0,,NULL
662,712,CE_GEN_2667876,low,genetic,,,,WormBase,,-,0,0,0,,NULL
662,1590,CE_GEN_2667877,moderate,genetic,,,,WormBase,,-,0,0,0,,NULL
662,1831,CE_GEN_2667879,low,genetic,,,,WormBase,,-,0,0,0,,NULL
662,745,CE_GEN_2667881,low,genetic,,,,WormBase,,-,0,0,0,,NULL
662,1217,CE_GEN_2667882,low,genetic,,,,WormBase,,-,0,0,0,,NULL
662,1832,CE_GEN_2667883,low,genetic,,,,WormBase,,-,0,0,0,,NULL
662,1833,CE_GEN_2667884,low,genetic,,,,WormBase,,-,0,0,0,,NULL
662,1599,CE_GEN_2667886,low,genetic,,,,WormBase,,-,0,0,0,,NULL
662,1834,CE_GEN_2667887,low,genetic,,,,WormBase,,-,0,0,0,,NULL
662,1172,CE_GEN_2667888,low,genetic,,,,WormBase,,-,0,0,0,,NULL
662,1092,CE_GEN_2667889,low,genetic,,,,WormBase,,-,0,0,0,,NULL
662,1131,CE_GEN_2667890,low,genetic,,,,WormBase,,-,0,0,0,,NULL
662,1042,CE_GEN_2667891,low,genetic,,,,WormBase,,-,0,0,0,,NULL
662,750,CE_GEN_2667892,low,genetic,,,,WormBase,,-,0,0,0,,NULL
662,1835,CE_GEN_2667893,low,genetic,,,,WormBase,,-,0,0,0,,NULL
662,1836,CE_GEN_2667894,low,genetic,,,,WormBase,,-,0,0,0,,NULL
662,771,CE_GEN_2667895,low,genetic,,,,WormBase,,-,0,0,0,,NULL
662,1837,CE_GEN_2667896,low,genetic,,,,WormBase,,-,0,0,0,,NULL
662,1838,CE_GEN_2667897,low,genetic,,,,WormBase,,-,0,0,0,,NULL
662,1839,CE_GEN_2667898,low,genetic,,,,WormBase,,-,0,0,0,,NULL
662,1361,CE_GEN_2667899,low,genetic,,,,WormBase,,-,0,0,0,,NULL
662,1840,CE_GEN_2667900,low,genetic,,,,WormBase,,-,0,0,0,,NULL
662,1249,CE_GEN_2667901,low,genetic,,,,WormBase,,-,0,0,0,,NULL
662,1717,CE_GEN_2667902,low,genetic,,,,WormBase,,-,0,0,0,,NULL
662,1841,CE_GEN_2667903,low,genetic,,,,WormBase,,-,0,0,0,,NULL
662,1842,CE_GEN_2667904,low,genetic,,,,WormBase,,-,0,0,0,,NULL
662,1843,CE_GEN_2667905,low,genetic,,,,WormBase,,-,0,0,0,,NULL
662,1088,CE_GEN_2667906,low,genetic,,,,WormBase,,-,0,0,0,,NULL
662,891,CE_GEN_2667907,low,genetic,,,,WormBase,,-,0,0,0,,NULL
662,1844,CE_GEN_2667909,low,genetic,,,,WormBase,,-,0,0,0,,NULL
662,1233,CE_GEN_2667911,moderate,genetic,,,,WormBase,,-,0,0,0,,NULL
662,1845,CE_GEN_2667912,low,genetic,,,,WormBase,,-,0,0,0,,NULL
662,718,CE_GEN_2667913,low,genetic,,,,WormBase,,-,0,0,0,,NULL
662,1235,CE_GEN_2667914,low,genetic,,,,WormBase,,-,0,0,0,,NULL
662,1846,CE_GEN_2667915,low,genetic,,,,WormBase,,-,0,0,0,,NULL
662,1847,CE_GEN_2667916,low,genetic,,,,WormBase,,-,0,0,0,,NULL
662,1848,CE_GEN_2667917,low,genetic,,,,WormBase,,-,0,0,0,,NULL
662,1849,CE_GEN_2667918,low,genetic,,,,WormBase,,-,0,0,0,,NULL
662,713,CE_GEN_2667919,low,genetic,,,,WormBase,,-,0,0,0,,NULL
662,1850,CE_GEN_2667920,low,genetic,,,,WormBase,,-,0,0,0,,NULL
662,1851,CE_GEN_2667921,low,genetic,,,,WormBase,,-,0,0,0,,NULL
662,1775,CE_GEN_2667922,low,genetic,,,,WormBase,,-,0,0,0,,NULL
662,1852,CE_GEN_2667923,low,genetic,,,,WormBase,,-,0,0,0,,NULL
662,1625,CE_GEN_2667924,low,genetic,,,,WormBase,,-,0,0,0,,NULL
662,1118,CE_GEN_2667925,low,genetic,,,,WormBase,,-,0,0,0,,NULL
662,1372,CE_GEN_2667926,low,genetic,,,,WormBase,,-,0,0,0,,NULL
662,1853,CE_GEN_2667927,low,genetic,,,,WormBase,,-,0,0,0,,NULL
662,1854,CE_GEN_2667928,low,genetic,,,,WormBase,,-,0,0,0,,NULL
662,1526,CE_GEN_2667929,low,genetic,,,,WormBase,,-,0,0,0,,NULL
662,1855,CE_GEN_2667930,low,genetic,,,,WormBase,,-,0,0,0,,NULL
662,1856,CE_GEN_2667931,low,genetic,,,,WormBase,,-,0,0,0,,NULL
662,1857,CE_GEN_2667932,low,genetic,,,,WormBase,,-,0,0,0,,NULL
662,1858,CE_GEN_2667933,low,genetic,,,,WormBase,,-,0,0,0,,NULL
663,1887,CE_GEN_2668001,low,genetic,,,,WormBase,,-,0,0,0,,NULL
663,721,CE_GEN_2668002,moderate,genetic,,,,WormBase,,-,0,0,0,,NULL
663,772,CE_GEN_2668003,low,genetic,,,,WormBase,,-,0,0,0,,NULL
663,1152,CE_GEN_2668004,moderate,genetic,,,,WormBase,,-,0,0,0,,NULL
663,1360,CE_GEN_2668005,low,genetic,,,,WormBase,,-,0,0,0,,NULL
663,1156,CE_GEN_2668006,low,genetic,,,,WormBase,,-,0,0,0,,NULL
663,836,CE_GEN_2668007,low,genetic,,,,WormBase,,-,0,0,0,,NULL
663,976,CE_GEN_2668008,low,genetic,,,,WormBase,,-,0,0,0,,NULL
663,1888,CE_GEN_2668009,low,genetic,,,,WormBase,,-,0,0,0,,NULL
663,1232,CE_GEN_2668010,low,genetic,,,,WormBase,,-,0,0,0,,NULL
663,712,CE_GEN_2668011,low,genetic,,,,WormBase,,-,0,0,0,,NULL
663,1889,CE_GEN_2668012,low,genetic,,,,WormBase,,-,0,0,0,,NULL
663,1890,CE_GEN_2668013,moderate,genetic,,,,WormBase,,-,0,0,0,,NULL
663,1834,CE_GEN_2668014,low,genetic,,,,WormBase,,-,0,0,0,,NULL
663,1891,CE_GEN_2668015,moderate,genetic,,,,WormBase,,-,0,0,0,,NULL
663,1892,CE_GEN_2668016,low,genetic,,,,WormBase,,-,0,0,0,,NULL
663,1750,CE_GEN_2668017,low,genetic,,,,WormBase,,-,0,0,0,,NULL
663,718,CE_GEN_2668018,low,genetic,,,,WormBase,,-,0,0,0,,NULL
663,1849,CE_GEN_2668019,low,genetic,,,,WormBase,,-,0,0,0,,NULL
663,1893,CE_GEN_2668020,low,genetic,,,,WormBase,,-,0,0,0,,NULL
664,1894,CE_GEN_2668022,low,genetic,,,,WormBase,,-,0,0,0,,NULL
666,1181,CE_GEN_2668053,low,genetic,,,,WormBase,,-,0,0,0,,NULL
666,1906,CE_GEN_2668055,low,genetic,,,,WormBase,,-,0,0,0,,NULL
666,1273,CE_GEN_2668056,low,genetic,,,,WormBase,,-,0,0,0,,NULL
666,707,CE_GEN_2668057,low,genetic,,,,WormBase,,-,0,0,0,,NULL
669,2155,CE_GEN_2668816,low,genetic,,,,WormBase,,-,0,0,0,,NULL
670,836,CE_GEN_2669627,low,genetic,,,,WormBase,,-,0,0,0,,NULL
670,1476,CE_GEN_2669629,low,genetic,,,,WormBase,,-,0,0,0,,NULL
670,2104,CE_GEN_2669630,low,genetic,,,,WormBase,,-,0,0,0,,NULL
670,1042,CE_GEN_2669631,low,genetic,,,,WormBase,,-,0,0,0,,NULL
670,891,CE_GEN_2669632,low,genetic,,,,WormBase,,-,0,0,0,,NULL
670,1128,CE_GEN_2669634,low,genetic,,,,WormBase,,-,0,0,0,,NULL
671,1163,CE_GEN_2671110,low,genetic,,,,WormBase,,-,0,0,0,,NULL
671,1189,CE_GEN_2671111,low,genetic,,,,WormBase,,-,0,0,0,,NULL
671,695,CE_GEN_2671116,moderate,genetic,,,,WormBase,,-,0,0,0,,NULL
671,830,CE_GEN_2671117,low,genetic,,,,WormBase,,-,0,0,0,,NULL
671,1182,CE_GEN_2671118,low,genetic,,,,WormBase,,-,0,0,0,,NULL
671,733,CE_GEN_2671119,low,genetic,,,,WormBase,,-,0,0,0,,NULL
671,1036,CE_GEN_2671120,moderate,genetic,,,,WormBase,,-,0,0,0,,NULL
671,1192,CE_GEN_2671121,low,genetic,,,,WormBase,,-,0,0,0,,NULL
671,2637,CE_GEN_2671122,moderate,genetic,,,,WormBase,,-,0,0,0,,NULL
671,1350,CE_GEN_2671123,low,genetic,,,,WormBase,,-,0,0,0,,NULL
671,2723,CE_GEN_2671124,low,genetic,,,,WormBase,,-,0,0,0,,NULL
671,828,CE_GEN_2671125,low,genetic,,,,WormBase,,-,0,0,0,,NULL
671,747,CE_GEN_2671126,moderate,genetic,,,,WormBase,,-,0,0,0,,NULL
671,1592,CE_GEN_2671127,low,genetic,,,,WormBase,,-,0,0,0,,NULL
671,2724,CE_GEN_2671128,low,genetic,,,,WormBase,,-,0,0,0,,NULL
671,687,CE_GEN_2671130,moderate,genetic,,,,WormBase,,-,0,0,0,,NULL
671,2725,CE_GEN_2671131,low,genetic,,,,WormBase,,-,0,0,0,,NULL
671,1457,CE_GEN_2671132,low,genetic,,,,WormBase,,-,0,0,0,,NULL
671,2726,CE_GEN_2671133,moderate,genetic,,,,WormBase,,-,0,0,0,,NULL
673,768,CE_GEN30402,low,genetic,MI:1271,,,WormBase;BioGrid,16845399,PMID,1,0,1,,NULL
673,2830,CE_GEN_2673228,moderate,genetic,,,,WormBase,,-,0,0,0,,NULL
673,2838,CE_GEN_2673229,low,genetic,,,,WormBase,,-,0,0,0,,NULL
674,773,CE_GEN30582,low,genetic,MI:1271,,,WormBase;BioGrid,16845399,PMID,1,0,1,,NULL
674,719,CE_GEN30586,low,genetic,MI:1271,,,WormBase;BioGrid,16845399,PMID,1,0,1,,NULL
674,768,CE_GEN30587,low,genetic,MI:1271,,,WormBase;BioGrid,16845399,PMID,1,0,1,,NULL
674,1055,CE_GEN_2673766,low,genetic,,,,WormBase,,-,0,0,0,,NULL
674,1373,CE_GEN_2673768,low,genetic,,,,WormBase,,-,0,0,0,,NULL
674,1489,CE_GEN_2673769,low,genetic,,,,WormBase,,-,0,0,0,,NULL
674,909,CE_GEN_2673770,moderate,genetic,,,,WormBase,,-,0,0,0,,NULL
674,2848,CE_GEN_2673771,moderate,genetic,,,,WormBase,,-,0,0,0,,NULL
675,1465,CE_GEN_2674260,low,genetic,,,,WormBase,,-,0,0,0,,NULL
675,1476,CE_GEN_2674261,low,genetic,,,,WormBase,,-,0,0,0,,NULL
675,2111,CE_GEN_2674262,low,genetic,,,,WormBase,,-,0,0,0,,NULL
675,2114,CE_GEN_2674263,low,genetic,,,,WormBase,,-,0,0,0,,NULL
675,1128,CE_GEN_2674264,low,genetic,,,,WormBase,,-,0,0,0,,NULL
675,1202,CE_GEN_2674265,low,genetic,,,,WormBase,,-,0,0,0,,NULL
675,1169,CE_GEN_2674266,low,genetic,,,,WormBase,,-,0,0,0,,NULL
678,1516,CE_GEN_2676112,low,genetic,,,,WormBase,,-,0,0,0,,NULL
678,1727,CE_GEN_2676113,moderate,genetic,,,,WormBase,,-,0,0,0,,NULL
678,1088,CE_GEN_2676114,low,genetic,,,,WormBase,,-,0,0,0,,NULL
678,1169,CE_GEN_2676115,low,genetic,,,,WormBase,,-,0,0,0,,NULL
679,1273,CE_GEN_2682518,low,genetic,,,,WormBase,,-,0,0,0,,NULL
680,1468,CE_GEN_2682795,low,genetic,,,,WormBase,,-,0,0,0,,NULL
680,747,CE_GEN_2682796,low,genetic,,,,WormBase,,-,0,0,0,,NULL
680,3163,CE_GEN_2682797,low,genetic,,,,WormBase,,-,0,0,0,,NULL
681,1570,CE_GEN_2671594,low,genetic,,,,WormBase,,-,0,0,0,,NULL
682,1404,CE_GEN_2672703,low,genetic,,,,WormBase,,-,0,0,0,,NULL
682,796,CE_GEN_2672704,low,genetic,,,,WormBase,,-,0,0,0,,NULL
682,1405,CE_GEN_2672705,low,genetic,,,,WormBase,,-,0,0,0,,NULL
682,1406,CE_GEN_2672706,low,genetic,,,,WormBase,,-,0,0,0,,NULL
682,1128,CE_GEN_2672709,low,genetic,,,,WormBase,,-,0,0,0,,NULL
682,1202,CE_GEN_2672710,low,genetic,,,,WormBase,,-,0,0,0,,NULL
683,1468,CE_GEN_2673950,low,genetic,,,,WormBase,,-,0,0,0,,NULL
683,1481,CE_GEN_2673951,low,genetic,,,,WormBase,,-,0,0,0,,NULL
684,844,CE_GEN31615,low,genetic,MI:0441,,,WormBase;BioGrid,11904378,PMID,1,0,1,,NULL
684,1465,CE_GEN_2676888,low,genetic,,,,WormBase,,-,0,0,0,,NULL
684,1476,CE_GEN_2676889,low,genetic,,,,WormBase,,-,0,0,0,,NULL
684,1128,CE_GEN_2676891,low,genetic,,,,WormBase,,-,0,0,0,,NULL
684,1202,CE_GEN_2676892,low,genetic,,,,WormBase,,-,0,0,0,,NULL
685,773,CE_GEN28801,low,genetic,MI:1271,,,WormBase;BioGrid,16845399,PMID,1,0,1,,NULL
685,1469,CE_GEN_2669643,low,genetic,,,,WormBase,,-,0,0,0,,NULL
685,1475,CE_GEN_2669645,low,genetic,,,,WormBase,,-,0,0,0,,NULL
685,796,CE_GEN_2669647,low,genetic,,,,WormBase,,-,0,0,0,,NULL
685,1476,CE_GEN_2669648,low,genetic,,,,WormBase,,-,0,0,0,,NULL
685,987,CE_GEN_2669651,low,genetic,,,,WormBase,,-,0,0,0,,NULL
685,1632,CE_GEN_2669652,low,genetic,,,,WormBase,,-,0,0,0,,NULL
685,1202,CE_GEN_2669653,low,genetic,,,,WormBase,,-,0,0,0,,NULL
685,1593,CE_GEN_2669654,low,genetic,,,,WormBase,,-,0,0,0,,NULL
686,1293,CE_GEN_2674717,low,genetic,,,,WormBase,,-,0,0,0,,NULL
686,1152,CE_GEN_2674719,low,genetic,,,,WormBase,,-,0,0,0,,NULL
686,1156,CE_GEN_2674720,low,genetic,,,,WormBase,,-,0,0,0,,NULL
686,1232,CE_GEN_2674722,low,genetic,,,,WormBase,,-,0,0,0,,NULL
687,1254,CE_GEN_2675545,moderate,genetic,,,,WormBase,,-,0,0,0,,NULL
687,733,CE_GEN_2675547,low,genetic,,,,WormBase,,-,0,0,0,,NULL
687,1192,CE_GEN_2675549,low,genetic,,,,WormBase,,-,0,0,0,,NULL
687,2104,CE_GEN_2675551,low,genetic,,,,WormBase,,-,0,0,0,,NULL
687,2415,CE_GEN_2675552,moderate,genetic,,,,WormBase,,-,0,0,0,,NULL
687,1682,CE_GEN_2675553,low,genetic,,,,WormBase,,-,0,0,0,,NULL
687,1202,CE_GEN_2675554,low,genetic,,,,WormBase,,-,0,0,0,,NULL
688,808,CE_GEN_2676682,low,genetic,,,,WormBase,,-,0,0,0,,NULL
689,1139,CE_GEN_2672696,low,genetic,,,,WormBase,,-,0,0,0,,NULL
691,692,CE_GEN28316,low,genetic,MI:0796,,,WormBase;BioGrid,17942487,PMID,1,0,1,,NULL
691,694,CE_GEN_2668254,low,genetic,,,,WormBase,,-,0,0,0,,NULL
691,1777,CE_GEN_2668256,low,genetic,,,,WormBase,,-,0,0,0,,NULL
691,828,CE_GEN_2668257,low,genetic,,,,WormBase,,-,0,0,0,,NULL
691,1164,CE_GEN_2668260,moderate,genetic,,,,WormBase,,-,0,0,0,,NULL
691,747,CE_GEN_2668261,low,genetic,,,,WormBase,,-,0,0,0,,NULL
691,1592,CE_GEN_2668262,low,genetic,,,,WormBase,,-,0,0,0,,NULL
692,1050,CE_GEN30894,low,genetic,MI:1271,,,WormBase;BioGrid,21875946,PMID,1,0,1,,NULL
692,828,CE_GEN30895,low,genetic,MI:0796,,,WormBase;BioGrid,17942487,PMID,1,0,1,,NULL
692,1163,CE_GEN_2675012,low,genetic,,,,WormBase,,-,0,0,0,,NULL
692,1431,CE_GEN_2675017,low,genetic,,,,WormBase,,-,0,0,0,,NULL
692,1962,CE_GEN_2675022,low,genetic,,,,WormBase,,-,0,0,0,,NULL
692,2500,CE_GEN_2675023,low,genetic,,,,WormBase,,-,0,0,0,,NULL
692,719,CE_GEN_2675025,low,genetic,,,,WormBase,,-,0,0,0,,NULL
692,768,CE_GEN_2675027,low,genetic,,,,WormBase,,-,0,0,0,,NULL
692,1258,CE_GEN_2675028,low,genetic,,,,WormBase,,-,0,0,0,,NULL
693,1740,CE_GEN_2668317,low,genetic,,,,WormBase,,-,0,0,0,,NULL
693,1871,CE_GEN_2668319,low,genetic,,,,WormBase,,-,0,0,0,,NULL
693,2004,CE_GEN_2668320,low,genetic,,,,WormBase,,-,0,0,0,,NULL
693,1873,CE_GEN_2668321,low,genetic,,,,WormBase,,-,0,0,0,,NULL
693,1875,CE_GEN_2668322,low,genetic,,,,WormBase,,-,0,0,0,,NULL
693,1435,CE_GEN_2668323,low,genetic,,,,WormBase,,-,0,0,0,,NULL
694,1179,CE_GEN_2668421,low,genetic,,,,WormBase,,-,0,0,0,,NULL
694,1866,CE_GEN_2668423,low,genetic,,,,WormBase,,-,0,0,0,,NULL
694,747,CE_GEN_2668425,low,genetic,,,,WormBase,,-,0,0,0,,NULL
694,2045,CE_GEN_2668427,low,genetic,,,,WormBase,,-,0,0,0,,NULL
694,709,CE_GEN_2668428,low,genetic,,,,WormBase,,-,0,0,0,,NULL
694,1593,CE_GEN_2668429,low,genetic,,,,WormBase,,-,0,0,0,,NULL
694,1348,CE_GEN_2668430,low,genetic,,,,WormBase,,-,0,0,0,,NULL
694,2034,CE_GEN_2668431,low,genetic,,,,WormBase,,-,0,0,0,,NULL
695,768,CE_GEN28549,low,genetic,MI:1271,,,WormBase;BioGrid,16845399,PMID,1,0,1,,NULL
695,1740,CE_GEN_2668635,low,genetic,,,,WormBase,,-,0,0,0,,NULL
695,2102,CE_GEN_2668638,moderate,genetic,,,,WormBase,,-,0,0,0,,NULL
695,2103,CE_GEN_2668639,moderate,genetic,,,,WormBase,,-,0,0,0,,NULL
695,2104,CE_GEN_2668640,low,genetic,,,,WormBase,,-,0,0,0,,NULL
696,773,CE_GEN28568,low,genetic,MI:1271,,,WormBase;BioGrid,16845399,PMID,1,0,1,,NULL
696,768,CE_GEN28570,moderate,genetic,MI:1271,,,WormBase;BioGrid,16845399,PMID,1,0,1,,NULL
696,1654,CE_GEN_2668807,low,genetic,,,,WormBase,,-,0,0,0,,NULL
696,1037,CE_GEN_2668809,low,genetic,,,,WormBase,,-,0,0,0,,NULL
696,745,CE_GEN_2668810,low,genetic,,,,WormBase,,-,0,0,0,,NULL
696,1197,CE_GEN_2668811,low,genetic,,,,WormBase,,-,0,0,0,,NULL
698,1174,CE_GEN_2669665,low,genetic,,,,WormBase,,-,0,0,0,,NULL
698,1175,CE_GEN_2669666,low,genetic,,,,WormBase,,-,0,0,0,,NULL
698,1176,CE_GEN_2669667,low,genetic,,,,WormBase,,-,0,0,0,,NULL
698,1516,CE_GEN_2669668,low,genetic,,,,WormBase,,-,0,0,0,,NULL
698,1727,CE_GEN_2669669,low,genetic,,,,WormBase,,-,0,0,0,,NULL
698,2106,CE_GEN_2669670,low,genetic,,,,WormBase,,-,0,0,0,,NULL
698,2004,CE_GEN_2669672,low,genetic,,,,WormBase,,-,0,0,0,,NULL
698,1665,CE_GEN_2669673,low,genetic,,,,WormBase,,-,0,0,0,,NULL
698,2112,CE_GEN_2669674,low,genetic,,,,WormBase,,-,0,0,0,,NULL
698,1088,CE_GEN_2669675,low,genetic,,,,WormBase,,-,0,0,0,,NULL
698,1682,CE_GEN_2669676,low,genetic,,,,WormBase,,-,0,0,0,,NULL
698,2001,CE_GEN_2669677,low,genetic,,,,WormBase,,-,0,0,0,,NULL
698,1169,CE_GEN_2669678,low,genetic,,,,WormBase,,-,0,0,0,,NULL
699,773,CE_GEN28895,low,genetic,MI:1271,,,WormBase;BioGrid,16845399,PMID,1,0,1,,NULL
699,1169,CE_GEN_2670083,low,genetic,,,,WormBase,,-,0,0,0,,NULL
701,768,CE_GEN29193,low,genetic,MI:1271,,,WormBase;BioGrid,16845399,PMID,1,0,1,,NULL
706,773,CE_GEN31435,low,genetic,MI:1271,,,WormBase;BioGrid,16845399,PMID,1,0,1,,NULL
706,768,CE_GEN31437,low,genetic,MI:1271,,,WormBase;BioGrid,16845399,PMID,1,0,1,,NULL
706,1993,CE_GEN_2675755,low,genetic,,,,WormBase,,-,0,0,0,,NULL
706,2029,CE_GEN_2675756,low,genetic,,,,WormBase,,-,0,0,0,,NULL
706,1476,CE_GEN_2675757,low,genetic,,,,WormBase,,-,0,0,0,,NULL
706,2111,CE_GEN_2675759,low,genetic,,,,WormBase,,-,0,0,0,,NULL
706,2445,CE_GEN_2675760,low,genetic,,,,WormBase,,-,0,0,0,,NULL
706,2610,CE_GEN_2675761,low,genetic,,,,WormBase,,-,0,0,0,,NULL
706,2114,CE_GEN_2675762,low,genetic,,,,WormBase,,-,0,0,0,,NULL
706,1128,CE_GEN_2675764,low,genetic,,,,WormBase,,-,0,0,0,,NULL
706,2115,CE_GEN_2675765,low,genetic,,,,WormBase,,-,0,0,0,,NULL
707,1181,CE_GEN_2675799,low,genetic,,,,WormBase,,-,0,0,0,,NULL
707,1182,CE_GEN_2675804,low,genetic,,,,WormBase,,-,0,0,0,,NULL
707,1133,CE_GEN_2675806,low,genetic,,,,WormBase,,-,0,0,0,,NULL
707,1134,CE_GEN_2675807,low,genetic,,,,WormBase,,-,0,0,0,,NULL
707,1102,CE_GEN_2675808,low,genetic,,,,WormBase,,-,0,0,0,,NULL
707,3108,CE_GEN_2675809,low,genetic,,,,WormBase,,-,0,0,0,,NULL
707,1551,CE_GEN_2675810,low,genetic,,,,WormBase,,-,0,0,0,,NULL
709,2102,CE_GEN_2676595,low,genetic,,,,WormBase,,-,0,0,0,,NULL
709,1177,CE_GEN_2676596,low,genetic,,,,WormBase,,-,0,0,0,,NULL
709,747,CE_GEN_2676597,low,genetic,,,,WormBase,,-,0,0,0,,NULL
709,2802,CE_GEN_2676598,low,genetic,,,,WormBase,,-,0,0,0,,NULL
712,835,CE_GEN30206,low,genetic,MI:0796,,,WormBase;BioGrid,14992718,PMID,1,0,1,,NULL
712,913,CE_GEN30207,low,genetic,MI:1271,,,WormBase;BioGrid,14992718,PMID,1,0,1,,NULL
712,1068,CE_GEN30208,low,genetic,MI:1271,,,WormBase;BioGrid,14992718,PMID,1,0,1,,NULL
712,1710,CE_GEN_2672878,low,genetic,,,,WormBase,,-,0,0,0,,NULL
712,1711,CE_GEN_2672882,low,genetic,,,,WormBase,,-,0,0,0,,NULL
712,737,CE_GEN_2672883,low,genetic,,,,WormBase,,-,0,0,0,,NULL
712,1827,CE_GEN_2672884,low,genetic,,,,WormBase,,-,0,0,0,,NULL
712,2915,CE_GEN_2672885,low,genetic,,,,WormBase,,-,0,0,0,,NULL
712,1042,CE_GEN_2672886,low,genetic,,,,WormBase,,-,0,0,0,,NULL
712,1891,CE_GEN_2672887,low,genetic,,,,WormBase,,-,0,0,0,,NULL
712,1838,CE_GEN_2672888,moderate,genetic,,,,WormBase,,-,0,0,0,,NULL
712,1249,CE_GEN_2672889,low,genetic,,,,WormBase,,-,0,0,0,,NULL
712,2515,CE_GEN_2672891,low,genetic,,,,WormBase,,-,0,0,0,,NULL
712,713,CE_GEN_2672892,moderate,genetic,,,,WormBase,,-,0,0,0,,NULL
713,835,CE_GEN31622,low,genetic,MI:0796,,,WormBase;BioGrid,14992718,PMID,1,0,1,,NULL
713,1123,CE_GEN31623,low,genetic,MI:1271,,,WormBase;BioGrid,14992718,PMID,1,0,1,,NULL
713,1124,CE_GEN31624,low,genetic,MI:1271,,,WormBase;BioGrid,14992718,PMID,1,0,1,,NULL
713,1710,CE_GEN_2676903,low,genetic,,,,WormBase,,-,0,0,0,,NULL
713,1711,CE_GEN_2676905,low,genetic,,,,WormBase,,-,0,0,0,,NULL
713,737,CE_GEN_2676906,low,genetic,,,,WormBase,,-,0,0,0,,NULL
713,1827,CE_GEN_2676907,low,genetic,,,,WormBase,,-,0,0,0,,NULL
713,1838,CE_GEN_2676909,low,genetic,,,,WormBase,,-,0,0,0,,NULL
713,1249,CE_GEN_2676910,low,genetic,,,,WormBase,,-,0,0,0,,NULL
713,3118,CE_GEN_2676912,low,genetic,,,,WormBase,,-,0,0,0,,NULL
713,2489,CE_GEN_2676913,low,genetic,,,,WormBase,,-,0,0,0,,NULL
713,1847,CE_GEN_2676914,low,genetic,,,,WormBase,,-,0,0,0,,NULL
713,1775,CE_GEN_2676915,low,genetic,,,,WormBase,,-,0,0,0,,NULL
714,1152,CE_GEN_2668455,low,genetic,,,,WormBase,,-,0,0,0,,NULL
714,1153,CE_GEN_2668456,low,genetic,,,,WormBase,,-,0,0,0,,NULL
716,1281,CE_GEN_2668480,low,genetic,,,,WormBase,,-,0,0,0,,NULL
717,718,CE_GEN28419,low,genetic,MI:1271,,,WormBase;BioGrid,11483962,PMID,1,0,1,,NULL
718,1421,CE_GEN_2676123,low,genetic,,,,WormBase,,-,0,0,0,,NULL
718,1423,CE_GEN_2676126,low,genetic,,,,WormBase,,-,0,0,0,,NULL
718,1360,CE_GEN_2676128,low,genetic,,,,WormBase,,-,0,0,0,,NULL
718,1056,CE_GEN_2676129,low,genetic,,,,WormBase,,-,0,0,0,,NULL
718,742,CE_GEN_2676131,low,genetic,,,,WormBase,,-,0,0,0,,NULL
718,1058,CE_GEN_2676132,low,genetic,,,,WormBase,,-,0,0,0,,NULL
719,745,CE_GEN31239,low,genetic,MI:1271,,,WormBase;BioGrid,16845399,PMID,1,0,1,,NULL
719,1895,CE_GEN_2675483,low,genetic,,,,WormBase,,-,0,0,0,,NULL
719,1267,CE_GEN_2675485,low,genetic,,,,WormBase,,-,0,0,0,,NULL
719,1062,CE_GEN_2675486,low,genetic,,,,WormBase,,-,0,0,0,,NULL
719,1133,CE_GEN_2675488,low,genetic,,,,WormBase,,-,0,0,0,,NULL
719,2861,CE_GEN_2675490,low,genetic,,,,WormBase,,-,0,0,0,,NULL
721,1587,CE_GEN_2668620,low,genetic,,,,WormBase,,-,0,0,0,,NULL
721,1211,CE_GEN_2668621,low,genetic,,,,WormBase,,-,0,0,0,,NULL
721,1612,CE_GEN_2668622,low,genetic,,,,WormBase,,-,0,0,0,,NULL
723,1174,CE_GEN_2668650,low,genetic,,,,WormBase,,-,0,0,0,,NULL
723,1175,CE_GEN_2668651,low,genetic,,,,WormBase,,-,0,0,0,,NULL
723,1176,CE_GEN_2668652,low,genetic,,,,WormBase,,-,0,0,0,,NULL
723,1605,CE_GEN_2668654,low,genetic,,,,WormBase,,-,0,0,0,,NULL
723,1389,CE_GEN_2668656,low,genetic,,,,WormBase,,-,0,0,0,,NULL
723,2106,CE_GEN_2668657,low,genetic,,,,WormBase,,-,0,0,0,,NULL
723,2107,CE_GEN_2668659,low,genetic,,,,WormBase,,-,0,0,0,,NULL
723,1280,CE_GEN_2668660,low,genetic,,,,WormBase,,-,0,0,0,,NULL
723,2108,CE_GEN_2668661,low,genetic,,,,WormBase,,-,0,0,0,,NULL
723,1177,CE_GEN_2668662,low,genetic,,,,WormBase,,-,0,0,0,,NULL
723,1063,CE_GEN_2668663,low,genetic,,,,WormBase,,-,0,0,0,,NULL
723,2109,CE_GEN_2668664,low,genetic,,,,WormBase,,-,0,0,0,,NULL
723,1281,CE_GEN_2668665,low,genetic,,,,WormBase,,-,0,0,0,,NULL
723,2110,CE_GEN_2668666,low,genetic,,,,WormBase,,-,0,0,0,,NULL
723,1178,CE_GEN_2668667,low,genetic,,,,WormBase,,-,0,0,0,,NULL
723,2111,CE_GEN_2668668,low,genetic,,,,WormBase,,-,0,0,0,,NULL
723,2112,CE_GEN_2668669,low,genetic,,,,WormBase,,-,0,0,0,,NULL
723,752,CE_GEN_2668670,low,genetic,,,,WormBase,,-,0,0,0,,NULL
723,1173,CE_GEN_2668671,low,genetic,,,,WormBase,,-,0,0,0,,NULL
723,2113,CE_GEN_2668672,low,genetic,,,,WormBase,,-,0,0,0,,NULL
723,2114,CE_GEN_2668673,low,genetic,,,,WormBase,,-,0,0,0,,NULL
723,2115,CE_GEN_2668674,low,genetic,,,,WormBase,,-,0,0,0,,NULL
723,2040,CE_GEN_2668675,low,genetic,,,,WormBase,,-,0,0,0,,NULL
723,1277,CE_GEN_2668676,low,genetic,,,,WormBase,,-,0,0,0,,NULL
724,1530,CE_GEN_2669259,low,genetic,,,,WormBase,,-,0,0,0,,NULL
725,1388,CE_GEN_2669416,low,genetic,,,,WormBase,,-,0,0,0,,NULL
725,1894,CE_GEN_2669417,low,genetic,,,,WormBase,,-,0,0,0,,NULL
725,1360,CE_GEN_2669418,low,genetic,,,,WormBase,,-,0,0,0,,NULL
725,1389,CE_GEN_2669419,low,genetic,,,,WormBase,,-,0,0,0,,NULL
725,1177,CE_GEN_2669420,low,genetic,,,,WormBase,,-,0,0,0,,NULL
725,2421,CE_GEN_2669421,low,genetic,,,,WormBase,,-,0,0,0,,NULL
725,1063,CE_GEN_2669422,low,genetic,,,,WormBase,,-,0,0,0,,NULL
725,1281,CE_GEN_2669423,low,genetic,,,,WormBase,,-,0,0,0,,NULL
725,1180,CE_GEN_2669424,low,genetic,,,,WormBase,,-,0,0,0,,NULL
725,1435,CE_GEN_2669425,low,genetic,,,,WormBase,,-,0,0,0,,NULL
725,1621,CE_GEN_2669426,moderate,genetic,,,,WormBase,,-,0,0,0,,NULL
725,2422,CE_GEN_2669427,low,genetic,,,,WormBase,,-,0,0,0,,NULL
725,757,CE_GEN_2669428,low,genetic,,,,WormBase,,-,0,0,0,,NULL
725,768,CE_GEN_2669429,low,genetic,,,,WormBase,,-,0,0,0,,NULL
725,1393,CE_GEN_2669430,low,genetic,,,,WormBase,,-,0,0,0,,NULL
726,734,CE_GEN_2669433,low,genetic,,,,WormBase,,-,0,0,0,,NULL
726,746,CE_GEN_2669434,low,genetic,,,,WormBase,,-,0,0,0,,NULL
726,1133,CE_GEN_2669435,low,genetic,,,,WormBase,,-,0,0,0,,NULL
728,733,CE_GEN_2669695,low,genetic,,,,WormBase,,-,0,0,0,,NULL
728,2468,CE_GEN_2669696,low,genetic,,,,WormBase,,-,0,0,0,,NULL
728,1281,CE_GEN_2669697,low,genetic,,,,WormBase,,-,0,0,0,,NULL
728,2111,CE_GEN_2669698,low,genetic,,,,WormBase,,-,0,0,0,,NULL
728,1312,CE_GEN_2669699,low,genetic,,,,WormBase,,-,0,0,0,,NULL
729,2085,CE_GEN_2669844,low,genetic,,,,WormBase,,-,0,0,0,,NULL
729,1629,CE_GEN_2669845,low,genetic,,,,WormBase,,-,0,0,0,,NULL
729,1036,CE_GEN_2669846,low,genetic,,,,WormBase,,-,0,0,0,,NULL
729,1059,CE_GEN_2669849,low,genetic,,,,WormBase,,-,0,0,0,,NULL
729,987,CE_GEN_2669850,low,genetic,,,,WormBase,,-,0,0,0,,NULL
729,1348,CE_GEN_2669851,low,genetic,,,,WormBase,,-,0,0,0,,NULL
731,1410,CE_GEN_2670400,low,genetic,,,,WormBase,,-,0,0,0,,NULL
731,1450,CE_GEN_2670401,low,genetic,,,,WormBase,,-,0,0,0,,NULL
731,741,CE_GEN_2670403,low,genetic,,,,WormBase,,-,0,0,0,,NULL
731,1058,CE_GEN_2670404,low,genetic,,,,WormBase,,-,0,0,0,,NULL
731,1101,CE_GEN_2670405,low,genetic,,,,WormBase,,-,0,0,0,,NULL
731,1197,CE_GEN_2670406,low,genetic,,,,WormBase,,-,0,0,0,,NULL
731,768,CE_GEN_2670407,low,genetic,,,,WormBase,,-,0,0,0,,NULL
732,767,CE_GEN_2670539,low,genetic,,,,WormBase,,-,0,0,0,,NULL
732,2528,CE_GEN_2670541,low,genetic,,,,WormBase,,-,0,0,0,,NULL
732,990,CE_GEN_2670544,low,genetic,,,,WormBase,,-,0,0,0,,NULL
732,816,CE_GEN_2670545,low,genetic,,,,WormBase,,-,0,0,0,,NULL
732,3167,CE_GEN_3540756,low,genetic,,,,WormBase,,-,0,0,0,,NULL
733,1254,CE_GEN_2670551,low,genetic,,,,WormBase,,-,0,0,0,,NULL
733,1474,CE_GEN_2670553,low,genetic,,,,WormBase,,-,0,0,0,,NULL
733,2637,CE_GEN_2670555,low,genetic,,,,WormBase,,-,0,0,0,,NULL
733,1188,CE_GEN_2670558,low,genetic,,,,WormBase,,-,0,0,0,,NULL
733,1264,CE_GEN_2670559,low,genetic,,,,WormBase,,-,0,0,0,,NULL
734,1162,CE_GEN_2670764,low,genetic,,,,WormBase,,-,0,0,0,,NULL
734,1495,CE_GEN_2670765,moderate,genetic,,,,WormBase,,-,0,0,0,,NULL
734,1168,CE_GEN_2670770,low,genetic,,,,WormBase,,-,0,0,0,,NULL
734,2681,CE_GEN_2670771,low,genetic,,,,WormBase,,-,0,0,0,,NULL
734,745,CE_GEN_2670772,low,genetic,,,,WormBase,,-,0,0,0,,NULL
734,1086,CE_GEN_2670773,low,genetic,,,,WormBase,,-,0,0,0,,NULL
734,746,CE_GEN_2670774,low,genetic,,,,WormBase,,-,0,0,0,,NULL
734,1133,CE_GEN_2670776,moderate,genetic,,,,WormBase,,-,0,0,0,,NULL
734,1101,CE_GEN_2670777,low,genetic,,,,WormBase,,-,0,0,0,,NULL
734,1348,CE_GEN_2670778,low,genetic,,,,WormBase,,-,0,0,0,,NULL
737,1176,CE_GEN_2672062,low,genetic,,,,WormBase,,-,0,0,0,,NULL
737,1813,CE_GEN_2672063,low,genetic,,,,WormBase,,-,0,0,0,,NULL
737,2084,CE_GEN_2672065,low,genetic,,,,WormBase,,-,0,0,0,,NULL
737,1360,CE_GEN_2672066,moderate,genetic,,,,WormBase,,-,0,0,0,,NULL
737,836,CE_GEN_2672067,low,genetic,,,,WormBase,,-,0,0,0,,NULL
737,1245,CE_GEN_2672069,low,genetic,,,,WormBase,,-,0,0,0,,NULL
737,1888,CE_GEN_2672070,low,genetic,,,,WormBase,,-,0,0,0,,NULL
737,1092,CE_GEN_2672072,low,genetic,,,,WormBase,,-,0,0,0,,NULL
737,1435,CE_GEN_2672073,low,genetic,,,,WormBase,,-,0,0,0,,NULL
737,2619,CE_GEN_2672075,low,genetic,,,,WormBase,,-,0,0,0,,NULL
737,1233,CE_GEN_2672076,moderate,genetic,,,,WormBase,,-,0,0,0,,NULL
737,2836,CE_GEN_2672077,low,genetic,,,,WormBase,,-,0,0,0,,NULL
737,1849,CE_GEN_2672078,low,genetic,,,,WormBase,,-,0,0,0,,NULL
737,2354,CE_GEN_2672080,low,genetic,,,,WormBase,,-,0,0,0,,NULL
737,1625,CE_GEN_2672081,low,genetic,,,,WormBase,,-,0,0,0,,NULL
738,1189,CE_GEN_2672091,low,genetic,,,,WormBase,,-,0,0,0,,NULL
738,1951,CE_GEN_2672092,low,genetic,,,,WormBase,,-,0,0,0,,NULL
738,831,CE_GEN_2672094,low,genetic,,,,WormBase,,-,0,0,0,,NULL
738,1191,CE_GEN_2672095,low,genetic,,,,WormBase,,-,0,0,0,,NULL
738,1192,CE_GEN_2672096,low,genetic,,,,WormBase,,-,0,0,0,,NULL
738,808,CE_GEN_2672097,low,genetic,,,,WormBase,,-,0,0,0,,NULL
738,1193,CE_GEN_2672098,low,genetic,,,,WormBase,,-,0,0,0,,NULL
738,1186,CE_GEN_2672099,low,genetic,,,,WormBase,,-,0,0,0,,NULL
738,1953,CE_GEN_2672100,low,genetic,,,,WormBase,,-,0,0,0,,NULL
738,1954,CE_GEN_2672101,low,genetic,,,,WormBase,,-,0,0,0,,NULL
739,1141,CE_GEN_2672383,low,genetic,,,,WormBase,,-,0,0,0,,NULL
739,1829,CE_GEN_2672384,low,genetic,,,,WormBase,,-,0,0,0,,NULL
740,1721,CE_GEN_2672515,low,genetic,,,,WormBase,,-,0,0,0,,NULL
741,1315,CE_GEN_2672617,low,genetic,,,,WormBase,,-,0,0,0,,NULL
741,1205,CE_GEN_2672618,low,genetic,,,,WormBase,,-,0,0,0,,NULL
741,2046,CE_GEN_2672620,low,genetic,,,,WormBase,,-,0,0,0,,NULL
741,1411,CE_GEN_2672621,moderate,genetic,,,,WormBase,,-,0,0,0,,NULL
741,2454,CE_GEN_2672622,low,genetic,,,,WormBase,,-,0,0,0,,NULL
741,1231,CE_GEN_2672624,low,genetic,,,,WormBase,,-,0,0,0,,NULL
741,1215,CE_GEN_2672625,low,genetic,,,,WormBase,,-,0,0,0,,NULL
741,1875,CE_GEN_2672628,low,genetic,,,,WormBase,,-,0,0,0,,NULL
741,2887,CE_GEN_2672629,low,genetic,,,,WormBase,,-,0,0,0,,NULL
741,2888,CE_GEN_2672631,low,genetic,,,,WormBase,,-,0,0,0,,NULL
741,2889,CE_GEN_2672632,low,genetic,,,,WormBase,,-,0,0,0,,NULL
741,2576,CE_GEN_2672633,low,genetic,,,,WormBase,,-,0,0,0,,NULL
741,2890,CE_GEN_2672634,low,genetic,,,,WormBase,,-,0,0,0,,NULL
741,1101,CE_GEN_2672635,low,genetic,,,,WormBase,,-,0,0,0,,NULL
741,1412,CE_GEN_2672636,low,genetic,,,,WormBase,,-,0,0,0,,NULL
741,1195,CE_GEN_2672637,low,genetic,,,,WormBase,,-,0,0,0,,NULL
742,1148,CE_GEN_2672791,low,genetic,,,,WormBase,,-,0,0,0,,NULL
743,1318,CE_GEN_2672893,moderate,genetic,,,,WormBase,,-,0,0,0,,NULL
743,806,CE_GEN_2672894,moderate,genetic,,,,WormBase,,-,0,0,0,,NULL
743,2813,CE_GEN_2672895,moderate,genetic,,,,WormBase,,-,0,0,0,,NULL
743,2876,CE_GEN_2672896,low,genetic,,,,WormBase,,-,0,0,0,,NULL
743,2916,CE_GEN_2672897,low,genetic,,,,WormBase,,-,0,0,0,,NULL
743,984,CE_GEN_2672899,moderate,genetic,,,,WormBase,,-,0,0,0,,NULL
744,1011,CE_GEN_2672973,low,genetic,,,,WormBase,,-,0,0,0,,NULL
744,1268,CE_GEN_2672975,low,genetic,,,,WormBase,,-,0,0,0,,NULL
745,2059,CE_GEN_2673184,low,genetic,,,,WormBase,,-,0,0,0,,NULL
745,1341,CE_GEN_2673189,low,genetic,,,,WormBase,,-,0,0,0,,NULL
745,1173,CE_GEN_2673190,low,genetic,,,,WormBase,,-,0,0,0,,NULL
746,1469,CE_GEN_2673374,low,genetic,,,,WormBase,,-,0,0,0,,NULL
746,1133,CE_GEN_2673378,low,genetic,,,,WormBase,,-,0,0,0,,NULL
747,1219,CE_GEN_2673582,low,genetic,,,,WormBase,,-,0,0,0,,NULL
747,2816,CE_GEN_2673584,low,genetic,,,,WormBase,,-,0,0,0,,NULL
747,1169,CE_GEN_2673586,low,genetic,,,,WormBase,,-,0,0,0,,NULL
747,2726,CE_GEN_2673587,moderate,genetic,,,,WormBase,,-,0,0,0,,NULL
748,2398,CE_GEN_2673806,low,genetic,,,,WormBase,,-,0,0,0,,NULL
748,1906,CE_GEN_2673807,low,genetic,,,,WormBase,,-,0,0,0,,NULL
749,1334,CE_GEN_2673902,low,genetic,,,,WormBase,,-,0,0,0,,NULL
749,1640,CE_GEN_2673903,low,genetic,,,,WormBase,,-,0,0,0,,NULL
749,805,CE_GEN_2673905,low,genetic,,,,WormBase,,-,0,0,0,,NULL
749,1365,CE_GEN_2673906,low,genetic,,,,WormBase,,-,0,0,0,,NULL
749,1513,CE_GEN_2673907,low,genetic,,,,WormBase,,-,0,0,0,,NULL
749,2230,CE_GEN_2673908,low,genetic,,,,WormBase,,-,0,0,0,,NULL
750,835,CE_GEN_2674243,low,genetic,,,,WormBase,,-,0,0,0,,NULL
750,1042,CE_GEN_2674244,low,genetic,,,,WormBase,,-,0,0,0,,NULL
750,1043,CE_GEN_2674245,low,genetic,,,,WormBase,,-,0,0,0,,NULL
750,1593,CE_GEN_2674246,low,genetic,,,,WormBase,,-,0,0,0,,NULL
751,1152,CE_GEN_2674328,low,genetic,,,,WormBase,,-,0,0,0,,NULL
751,1450,CE_GEN_2674329,low,genetic,,,,WormBase,,-,0,0,0,,NULL
751,1184,CE_GEN_2674330,low,genetic,,,,WormBase,,-,0,0,0,,NULL
751,1193,CE_GEN_2674331,low,genetic,,,,WormBase,,-,0,0,0,,NULL
751,1076,CE_GEN_2674332,low,genetic,,,,WormBase,,-,0,0,0,,NULL
751,1345,CE_GEN_2674333,low,genetic,,,,WormBase,,-,0,0,0,,NULL
752,1334,CE_GEN_2674384,low,genetic,,,,WormBase,,-,0,0,0,,NULL
752,1063,CE_GEN_2674388,low,genetic,,,,WormBase,,-,0,0,0,,NULL
752,1307,CE_GEN_2674389,low,genetic,,,,WormBase,,-,0,0,0,,NULL
752,2111,CE_GEN_2674390,low,genetic,,,,WormBase,,-,0,0,0,,NULL
753,836,CE_GEN_2675061,low,genetic,,,,WormBase,,-,0,0,0,,NULL
755,1268,CE_GEN_2675288,low,genetic,,,,WormBase,,-,0,0,0,,NULL
757,1204,CE_GEN_2675677,low,genetic,,,,WormBase,,-,0,0,0,,NULL
758,1740,CE_GEN_2676716,low,genetic,,,,WormBase,,-,0,0,0,,NULL
759,1139,CE_GEN_2677054,moderate,genetic,,,,WormBase,,-,0,0,0,,NULL
760,1380,CE_GEN_2677241,low,genetic,,,,WormBase,,-,0,0,0,,NULL
760,1977,CE_GEN_2677242,low,genetic,,,,WormBase,,-,0,0,0,,NULL
760,2403,CE_GEN_2677243,low,genetic,,,,WormBase,,-,0,0,0,,NULL
760,1962,CE_GEN_2677245,low,genetic,,,,WormBase,,-,0,0,0,,NULL
760,1072,CE_GEN_2677246,low,genetic,,,,WormBase,,-,0,0,0,,NULL
760,1978,CE_GEN_2677247,low,genetic,,,,WormBase,,-,0,0,0,,NULL
760,3167,CE_GEN_3540782,low,genetic,,,,WormBase,,-,0,0,0,,NULL
762,963,CE_GEN_2684818,low,genetic,,,,WormBase,,-,0,0,0,,NULL
762,2786,CE_GEN_2684820,moderate,genetic,,,,WormBase,,-,0,0,0,,NULL
762,2382,CE_GEN_2684821,low,genetic,,,,WormBase,,-,0,0,0,,NULL
762,1526,CE_GEN_2684822,low,genetic,,,,WormBase,,-,0,0,0,,NULL
763,764,CE_GEN28510,moderate,genetic,MI:0796,,,BioGrid,26247883,PMID,1,0,1,,NULL
763,1753,CE_GEN_2668594,moderate,genetic,,,,WormBase,,-,0,0,0,,NULL
763,1211,CE_GEN_2668595,low,genetic,,,,WormBase,,-,0,0,0,,NULL
763,2090,CE_GEN_2668597,low,genetic,,,,WormBase,,-,0,0,0,,NULL
763,1503,CE_GEN_2668598,low,genetic,,,,WormBase,,-,0,0,0,,NULL
763,2091,CE_GEN_2668599,low,genetic,,,,WormBase,,-,0,0,0,,NULL
763,1538,CE_GEN_2668600,low,genetic,,,,WormBase,,-,0,0,0,,NULL
763,1242,CE_GEN_2668601,low,genetic,,,,WormBase,,-,0,0,0,,NULL
763,2092,CE_GEN_2668602,moderate,genetic,,,,WormBase,,-,0,0,0,,NULL
763,1428,CE_GEN_2668603,low,genetic,,,,WormBase,,-,0,0,0,,NULL
763,1195,CE_GEN_2668604,low,genetic,,,,WormBase,,-,0,0,0,,NULL
763,2093,CE_GEN_2668605,low,genetic,,,,WormBase,,-,0,0,0,,NULL
766,1586,CE_GEN_2671274,low,genetic,,,,WormBase,,-,0,0,0,,NULL
766,1327,CE_GEN_2671276,low,genetic,,,,WormBase,,-,0,0,0,,NULL
766,1212,CE_GEN_2671277,low,genetic,,,,WormBase,,-,0,0,0,,NULL
766,1172,CE_GEN_2671278,low,genetic,,,,WormBase,,-,0,0,0,,NULL
766,2744,CE_GEN_2671279,low,genetic,,,,WormBase,,-,0,0,0,,NULL
766,2745,CE_GEN_2671280,low,genetic,,,,WormBase,,-,0,0,0,,NULL
766,2746,CE_GEN_2671281,low,genetic,,,,WormBase,,-,0,0,0,,NULL
767,1440,CE_GEN_2668623,low,genetic,,,,WormBase,,-,0,0,0,,NULL
767,1380,CE_GEN_2668624,low,genetic,,,,WormBase,,-,0,0,0,,NULL
767,2099,CE_GEN_2668625,low,genetic,,,,WormBase,,-,0,0,0,,NULL
767,1977,CE_GEN_2668626,low,genetic,,,,WormBase,,-,0,0,0,,NULL
767,1962,CE_GEN_2668629,low,genetic,,,,WormBase,,-,0,0,0,,NULL
767,1978,CE_GEN_2668630,low,genetic,,,,WormBase,,-,0,0,0,,NULL
768,1181,CE_GEN_2675766,low,genetic,,,,WormBase,,-,0,0,0,,NULL
768,1421,CE_GEN_2675769,low,genetic,,,,WormBase,,-,0,0,0,,NULL
768,1423,CE_GEN_2675771,low,genetic,,,,WormBase,,-,0,0,0,,NULL
768,1190,CE_GEN_2675772,low,genetic,,,,WormBase,,-,0,0,0,,NULL
768,1424,CE_GEN_2675775,low,genetic,,,,WormBase,,-,0,0,0,,NULL
768,1056,CE_GEN_2675776,low,genetic,,,,WormBase,,-,0,0,0,,NULL
768,2901,CE_GEN_2675778,low,genetic,,,,WormBase,,-,0,0,0,,NULL
768,1058,CE_GEN_2675779,low,genetic,,,,WormBase,,-,0,0,0,,NULL
768,1412,CE_GEN_2675782,moderate,genetic,,,,WormBase,,-,0,0,0,,NULL
768,1343,CE_GEN_2675783,low,genetic,,,,WormBase,,-,0,0,0,,NULL
768,2768,CE_GEN_2675784,low,genetic,,,,WormBase,,-,0,0,0,,NULL
768,1344,CE_GEN_2675785,low,genetic,,,,WormBase,,-,0,0,0,,NULL
768,1187,CE_GEN_2675786,moderate,genetic,,,,WormBase,,-,0,0,0,,NULL
768,1345,CE_GEN_2675788,low,genetic,,,,WormBase,,-,0,0,0,,NULL
768,1112,CE_GEN_2675789,low,genetic,,,,WormBase,,-,0,0,0,,NULL
768,2002,CE_GEN_2675790,low,genetic,,,,WormBase,,-,0,0,0,,NULL
770,771,CE_GEN28551,low,genetic,MI:0796,,,WormBase;BioGrid,23566034,PMID,1,0,1,,NULL
770,2105,CE_GEN_2668647,low,genetic,,,,WormBase,,-,0,0,0,,NULL
770,1844,CE_GEN_2668648,low,genetic,,,,WormBase,,-,0,0,0,,NULL
770,1236,CE_GEN_2668649,moderate,genetic,,,,WormBase,,-,0,0,0,,NULL
771,1788,CE_GEN_2674695,low,genetic,,,,WormBase,,-,0,0,0,,NULL
771,1152,CE_GEN_2674697,low,genetic,,,,WormBase,,-,0,0,0,,NULL
771,2410,CE_GEN_2674698,low,genetic,,,,WormBase,,-,0,0,0,,NULL
771,1587,CE_GEN_2674699,low,genetic,,,,WormBase,,-,0,0,0,,NULL
771,1131,CE_GEN_2674700,moderate,genetic,,,,WormBase,,-,0,0,0,,NULL
771,1844,CE_GEN_2674701,moderate,genetic,,,,WormBase,,-,0,0,0,,NULL
771,1848,CE_GEN_2674702,low,genetic,,,,WormBase,,-,0,0,0,,NULL
771,1303,CE_GEN_2674703,low,genetic,,,,WormBase,,-,0,0,0,,NULL
772,2043,CE_GEN_2668680,low,genetic,,,,WormBase,,-,0,0,0,,NULL
772,1231,CE_GEN_2668681,low,genetic,,,,WormBase,,-,0,0,0,,NULL
772,1236,CE_GEN_2668682,low,genetic,,,,WormBase,,-,0,0,0,,NULL
773,1267,CE_GEN_2674314,low,genetic,,,,WormBase,,-,0,0,0,,NULL
773,1283,CE_GEN_2674317,low,genetic,,,,WormBase,,-,0,0,0,,NULL
775,1181,CE_GEN_2669225,low,genetic,,,,WormBase,,-,0,0,0,,NULL
775,2056,CE_GEN_2669228,low,genetic,,,,WormBase,,-,0,0,0,,NULL
775,2384,CE_GEN_2669229,low,genetic,,,,WormBase,,-,0,0,0,,NULL
775,2385,CE_GEN_2669230,low,genetic,,,,WormBase,,-,0,0,0,,NULL
776,1708,CE_GEN_2669234,low,genetic,,,,WormBase,,-,0,0,0,,NULL
776,1156,CE_GEN_2669236,low,genetic,,,,WormBase,,-,0,0,0,,NULL
776,2386,CE_GEN_2669237,low,genetic,,,,WormBase,,-,0,0,0,,NULL
776,2387,CE_GEN_2669238,low,genetic,,,,WormBase,,-,0,0,0,,NULL
776,2388,CE_GEN_2669239,low,genetic,,,,WormBase,,-,0,0,0,,NULL
776,2254,CE_GEN_2669240,low,genetic,,,,WormBase,,-,0,0,0,,NULL
776,2389,CE_GEN_2669242,low,genetic,,,,WormBase,,-,0,0,0,,NULL
776,1273,CE_GEN_2669243,low,genetic,,,,WormBase,,-,0,0,0,,NULL
776,1236,CE_GEN_2669244,low,genetic,,,,WormBase,,-,0,0,0,,NULL
777,1161,CE_GEN_2669884,low,genetic,,,,WormBase,,-,0,0,0,,NULL
777,1281,CE_GEN_2669886,low,genetic,,,,WormBase,,-,0,0,0,,NULL
781,2615,CE_GEN_2670434,low,genetic,,,,WormBase,,-,0,0,0,,NULL
781,1801,CE_GEN_2670435,low,genetic,,,,WormBase,,-,0,0,0,,NULL
782,1161,CE_GEN_2670501,low,genetic,,,,WormBase,,-,0,0,0,,NULL
782,1173,CE_GEN_2670503,low,genetic,,,,WormBase,,-,0,0,0,,NULL
784,1951,CE_GEN_2670510,low,genetic,,,,WormBase,,-,0,0,0,,NULL
784,1100,CE_GEN_2670511,low,genetic,,,,WormBase,,-,0,0,0,,NULL
784,1186,CE_GEN_2670512,moderate,genetic,,,,WormBase,,-,0,0,0,,NULL
784,2623,CE_GEN_2670513,low,genetic,,,,WormBase,,-,0,0,0,,NULL
784,1954,CE_GEN_2670514,moderate,genetic,,,,WormBase,,-,0,0,0,,NULL
787,1765,CE_GEN_2670538,low,genetic,,,,WormBase,,-,0,0,0,,NULL
793,1161,CE_GEN_2670702,low,genetic,,,,WormBase,,-,0,0,0,,NULL
796,1127,CE_GEN_2670941,low,genetic,,,,WormBase,,-,0,0,0,,NULL
796,1383,CE_GEN_2670944,low,genetic,,,,WormBase,,-,0,0,0,,NULL
796,1465,CE_GEN_2670954,low,genetic,,,,WormBase,,-,0,0,0,,NULL
796,1474,CE_GEN_2670963,low,genetic,,,,WormBase,,-,0,0,0,,NULL
796,1475,CE_GEN_2670964,low,genetic,,,,WormBase,,-,0,0,0,,NULL
796,1480,CE_GEN_2670977,low,genetic,,,,WormBase,,-,0,0,0,,NULL
796,1202,CE_GEN_2670998,low,genetic,,,,WormBase,,-,0,0,0,,NULL
796,1489,CE_GEN_2671002,low,genetic,,,,WormBase,,-,0,0,0,,NULL
796,1490,CE_GEN_2671004,low,genetic,,,,WormBase,,-,0,0,0,,NULL
797,1378,CE_GEN_2671019,low,genetic,,,,WormBase,,-,0,0,0,,NULL
797,1169,CE_GEN_2671020,low,genetic,,,,WormBase,,-,0,0,0,,NULL
798,1572,CE_GEN_2671031,low,genetic,,,,WormBase,,-,0,0,0,,NULL
800,1131,CE_GEN_2671037,low,genetic,,,,WormBase,,-,0,0,0,,NULL
805,1176,CE_GEN_2671587,low,genetic,,,,WormBase,,-,0,0,0,,NULL
805,1418,CE_GEN_2671588,low,genetic,,,,WormBase,,-,0,0,0,,NULL
806,1318,CE_GEN_2671859,moderate,genetic,,,,WormBase,,-,0,0,0,,NULL
806,1319,CE_GEN_2671861,low,genetic,,,,WormBase,,-,0,0,0,,NULL
806,1320,CE_GEN_2671862,low,genetic,,,,WormBase,,-,0,0,0,,NULL
806,2809,CE_GEN_2671865,low,genetic,,,,WormBase,,-,0,0,0,,NULL
808,831,CE_GEN_2672279,low,genetic,,,,WormBase,,-,0,0,0,,NULL
808,2048,CE_GEN_2672281,low,genetic,,,,WormBase,,-,0,0,0,,NULL
810,1369,CE_GEN_2673723,low,genetic,,,,WormBase,,-,0,0,0,,NULL
811,1540,CE_GEN_2673946,low,genetic,,,,WormBase,,-,0,0,0,,NULL
814,1147,CE_GEN_2674725,low,genetic,,,,WormBase,,-,0,0,0,,NULL
814,1459,CE_GEN_2674726,low,genetic,,,,WormBase,,-,0,0,0,,NULL
814,1827,CE_GEN_2674727,low,genetic,,,,WormBase,,-,0,0,0,,NULL
814,1042,CE_GEN_2674728,low,genetic,,,,WormBase,,-,0,0,0,,NULL
815,1360,CE_GEN_2675286,low,genetic,,,,WormBase,,-,0,0,0,,NULL
815,1092,CE_GEN_2675287,low,genetic,,,,WormBase,,-,0,0,0,,NULL
816,1440,CE_GEN_2675336,low,genetic,,,,WormBase,,-,0,0,0,,NULL
816,1508,CE_GEN_2675340,low,genetic,,,,WormBase,,-,0,0,0,,NULL
816,1068,CE_GEN_2675341,low,genetic,,,,WormBase,,-,0,0,0,,NULL
818,1497,CE_GEN_2676385,low,genetic,,,,WormBase,,-,0,0,0,,NULL
828,1163,CE_GEN_2672802,low,genetic,,,,WormBase,,-,0,0,0,,NULL
828,1543,CE_GEN_2672810,low,genetic,,,,WormBase,,-,0,0,0,,NULL
828,1182,CE_GEN_2672811,low,genetic,,,,WormBase,,-,0,0,0,,NULL
828,1184,CE_GEN_2672814,low,genetic,,,,WormBase,,-,0,0,0,,NULL
828,1350,CE_GEN_2672815,low,genetic,,,,WormBase,,-,0,0,0,,NULL
828,1164,CE_GEN_2672817,moderate,genetic,,,,WormBase,,-,0,0,0,,NULL
828,2912,CE_GEN_2672819,low,genetic,,,,WormBase,,-,0,0,0,,NULL
828,1455,CE_GEN_2672820,low,genetic,,,,WormBase,,-,0,0,0,,NULL
828,1457,CE_GEN_2672821,low,genetic,,,,WormBase,,-,0,0,0,,NULL
830,1036,CE_GEN_2669473,low,genetic,,,,WormBase,,-,0,0,0,,NULL
830,1192,CE_GEN_2669475,low,genetic,,,,WormBase,,-,0,0,0,,NULL
831,890,CE_GEN_2669546,low,genetic,,,,WormBase,,-,0,0,0,,NULL
831,1453,CE_GEN_2669547,low,genetic,,,,WormBase,,-,0,0,0,,NULL
831,2151,CE_GEN_2669548,moderate,genetic,,,,WormBase,,-,0,0,0,,NULL
831,1268,CE_GEN_2669549,moderate,genetic,,,,WormBase,,-,0,0,0,,NULL
833,976,CE_GEN_2669564,low,genetic,,,,WormBase,,-,0,0,0,,NULL
833,1193,CE_GEN_2669565,low,genetic,,,,WormBase,,-,0,0,0,,NULL
833,982,CE_GEN_2669566,low,genetic,,,,WormBase,,-,0,0,0,,NULL
835,836,CE_GEN28837,low,genetic,MI:0796,,,WormBase;BioGrid,14992718,PMID,1,0,1,,NULL
835,837,CE_GEN28838,low,genetic,MI:0796,,,WormBase;BioGrid,14992718,PMID,1,0,1,,NULL
835,1820,CE_GEN_2669762,low,genetic,,,,WormBase,,-,0,0,0,,NULL
835,1360,CE_GEN_2669763,low,genetic,,,,WormBase,,-,0,0,0,,NULL
835,976,CE_GEN_2669765,low,genetic,,,,WormBase,,-,0,0,0,,NULL
835,1711,CE_GEN_2669766,low,genetic,,,,WormBase,,-,0,0,0,,NULL
835,1827,CE_GEN_2669767,low,genetic,,,,WormBase,,-,0,0,0,,NULL
835,1042,CE_GEN_2669768,low,genetic,,,,WormBase,,-,0,0,0,,NULL
835,1891,CE_GEN_2669770,low,genetic,,,,WormBase,,-,0,0,0,,NULL
835,1840,CE_GEN_2669771,low,genetic,,,,WormBase,,-,0,0,0,,NULL
835,1717,CE_GEN_2669772,low,genetic,,,,WormBase,,-,0,0,0,,NULL
835,1088,CE_GEN_2669773,low,genetic,,,,WormBase,,-,0,0,0,,NULL
835,1845,CE_GEN_2669774,low,genetic,,,,WormBase,,-,0,0,0,,NULL
836,1230,CE_GEN_2669988,low,genetic,,,,WormBase,,-,0,0,0,,NULL
836,1359,CE_GEN_2669989,low,genetic,,,,WormBase,,-,0,0,0,,NULL
836,1708,CE_GEN_2669990,low,genetic,,,,WormBase,,-,0,0,0,,NULL
836,1253,CE_GEN_2669991,low,genetic,,,,WormBase,,-,0,0,0,,NULL
836,1201,CE_GEN_2669994,low,genetic,,,,WormBase,,-,0,0,0,,NULL
836,1209,CE_GEN_2669995,low,genetic,,,,WormBase,,-,0,0,0,,NULL
836,888,CE_GEN_2669999,moderate,genetic,,,,WormBase,,-,0,0,0,,NULL
836,1052,CE_GEN_2670000,low,genetic,,,,WormBase,,-,0,0,0,,NULL
836,1213,CE_GEN_2670001,low,genetic,,,,WormBase,,-,0,0,0,,NULL
836,1827,CE_GEN_2670003,low,genetic,,,,WormBase,,-,0,0,0,,NULL
836,2514,CE_GEN_2670004,low,genetic,,,,WormBase,,-,0,0,0,,NULL
836,1831,CE_GEN_2670005,low,genetic,,,,WormBase,,-,0,0,0,,NULL
836,1217,CE_GEN_2670006,low,genetic,,,,WormBase,,-,0,0,0,,NULL
836,982,CE_GEN_2670007,low,genetic,,,,WormBase,,-,0,0,0,,NULL
836,983,CE_GEN_2670008,low,genetic,,,,WormBase,,-,0,0,0,,NULL
836,1042,CE_GEN_2670009,low,genetic,,,,WormBase,,-,0,0,0,,NULL
836,1891,CE_GEN_2670010,low,genetic,,,,WormBase,,-,0,0,0,,NULL
836,1838,CE_GEN_2670011,low,genetic,,,,WormBase,,-,0,0,0,,NULL
836,1546,CE_GEN_2670012,low,genetic,,,,WormBase,,-,0,0,0,,NULL
836,1249,CE_GEN_2670013,low,genetic,,,,WormBase,,-,0,0,0,,NULL
836,1717,CE_GEN_2670014,low,genetic,,,,WormBase,,-,0,0,0,,NULL
836,1712,CE_GEN_2670016,low,genetic,,,,WormBase,,-,0,0,0,,NULL
836,1088,CE_GEN_2670017,low,genetic,,,,WormBase,,-,0,0,0,,NULL
836,891,CE_GEN_2670018,low,genetic,,,,WormBase,,-,0,0,0,,NULL
836,1043,CE_GEN_2670020,low,genetic,,,,WormBase,,-,0,0,0,,NULL
836,1044,CE_GEN_2670021,low,genetic,,,,WormBase,,-,0,0,0,,NULL
836,1845,CE_GEN_2670022,low,genetic,,,,WormBase,,-,0,0,0,,NULL
836,1235,CE_GEN_2670023,low,genetic,,,,WormBase,,-,0,0,0,,NULL
836,2489,CE_GEN_2670024,low,genetic,,,,WormBase,,-,0,0,0,,NULL
836,2515,CE_GEN_2670025,low,genetic,,,,WormBase,,-,0,0,0,,NULL
836,1775,CE_GEN_2670026,low,genetic,,,,WormBase,,-,0,0,0,,NULL
836,1348,CE_GEN_2670027,low,genetic,,,,WormBase,,-,0,0,0,,NULL
837,1708,CE_GEN_2672013,low,genetic,,,,WormBase,,-,0,0,0,,NULL
837,1710,CE_GEN_2672014,low,genetic,,,,WormBase,,-,0,0,0,,NULL
837,976,CE_GEN_2672018,moderate,genetic,,,,WormBase,,-,0,0,0,,NULL
837,1711,CE_GEN_2672019,low,genetic,,,,WormBase,,-,0,0,0,,NULL
837,2833,CE_GEN_2672020,low,genetic,,,,WormBase,,-,0,0,0,,NULL
837,1838,CE_GEN_2672021,low,genetic,,,,WormBase,,-,0,0,0,,NULL
837,1044,CE_GEN_2672023,low,genetic,,,,WormBase,,-,0,0,0,,NULL
837,2489,CE_GEN_2672024,low,genetic,,,,WormBase,,-,0,0,0,,NULL
839,1275,CE_GEN_2669936,low,genetic,,,,WormBase,,-,0,0,0,,NULL
839,1503,CE_GEN_2669937,low,genetic,,,,WormBase,,-,0,0,0,,NULL
847,1169,CE_GEN_2670519,low,genetic,,,,WormBase,,-,0,0,0,,NULL
851,1152,CE_GEN_2670528,low,genetic,,,,WormBase,,-,0,0,0,,NULL
851,1750,CE_GEN_2670530,low,genetic,,,,WormBase,,-,0,0,0,,NULL
851,1153,CE_GEN_2670531,low,genetic,,,,WormBase,,-,0,0,0,,NULL
854,1192,CE_GEN_2670535,low,genetic,,,,WormBase,,-,0,0,0,,NULL
854,982,CE_GEN_2670536,low,genetic,,,,WormBase,,-,0,0,0,,NULL
868,1465,CE_GEN_2670642,low,genetic,,,,WormBase,,-,0,0,0,,NULL
868,1476,CE_GEN_2670643,low,genetic,,,,WormBase,,-,0,0,0,,NULL
868,1128,CE_GEN_2670644,low,genetic,,,,WormBase,,-,0,0,0,,NULL
868,1202,CE_GEN_2670645,low,genetic,,,,WormBase,,-,0,0,0,,NULL
870,1273,CE_GEN_2670729,low,genetic,,,,WormBase,,-,0,0,0,,NULL
877,1152,CE_GEN_2671015,low,genetic,,,,WormBase,,-,0,0,0,,NULL
877,1153,CE_GEN_2671016,low,genetic,,,,WormBase,,-,0,0,0,,NULL
878,1378,CE_GEN_2671030,low,genetic,,,,WormBase,,-,0,0,0,,NULL
880,1148,CE_GEN_2671035,low,genetic,,,,WormBase,,-,0,0,0,,NULL
887,1609,CE_GEN_2671050,low,genetic,,,,WormBase,,-,0,0,0,,NULL
887,1088,CE_GEN_2671051,low,genetic,,,,WormBase,,-,0,0,0,,NULL
888,1716,CE_GEN_2671291,low,genetic,,,,WormBase,,-,0,0,0,,NULL
888,1459,CE_GEN_2671293,low,genetic,,,,WormBase,,-,0,0,0,,NULL
888,982,CE_GEN_2671294,moderate,genetic,,,,WormBase,,-,0,0,0,,NULL
888,2405,CE_GEN_2671295,low,genetic,,,,WormBase,,-,0,0,0,,NULL
888,1462,CE_GEN_2671297,low,genetic,,,,WormBase,,-,0,0,0,,NULL
888,1984,CE_GEN_2671298,moderate,genetic,,,,WormBase,,-,0,0,0,,NULL
890,2151,CE_GEN_2674321,low,genetic,,,,WormBase,,-,0,0,0,,NULL
891,1829,CE_GEN_2675193,low,genetic,,,,WormBase,,-,0,0,0,,NULL
891,2657,CE_GEN_2675194,low,genetic,,,,WormBase,,-,0,0,0,,NULL
891,1838,CE_GEN_2675195,low,genetic,,,,WormBase,,-,0,0,0,,NULL
891,1842,CE_GEN_2675196,low,genetic,,,,WormBase,,-,0,0,0,,NULL
891,1088,CE_GEN_2675197,low,genetic,,,,WormBase,,-,0,0,0,,NULL
891,1775,CE_GEN_2675199,low,genetic,,,,WormBase,,-,0,0,0,,NULL
891,1852,CE_GEN_2675200,low,genetic,,,,WormBase,,-,0,0,0,,NULL
891,1853,CE_GEN_2675201,low,genetic,,,,WormBase,,-,0,0,0,,NULL
895,1156,CE_GEN_2675951,low,genetic,,,,WormBase,,-,0,0,0,,NULL
902,1131,CE_GEN_2676935,low,genetic,,,,WormBase,,-,0,0,0,,NULL
909,1267,CE_GEN_2682789,low,genetic,,,,WormBase,,-,0,0,0,,NULL
909,1128,CE_GEN_2682793,low,genetic,,,,WormBase,,-,0,0,0,,NULL
909,1202,CE_GEN_2682794,low,genetic,,,,WormBase,,-,0,0,0,,NULL
918,1340,CE_GEN_2670364,low,genetic,,,,WormBase,,-,0,0,0,,NULL
918,1085,CE_GEN_2670365,low,genetic,,,,WormBase,,-,0,0,0,,NULL
918,2006,CE_GEN_2670366,low,genetic,,,,WormBase,,-,0,0,0,,NULL
918,2007,CE_GEN_2670367,low,genetic,,,,WormBase,,-,0,0,0,,NULL
918,1585,CE_GEN_2670368,low,genetic,,,,WormBase,,-,0,0,0,,NULL
923,1152,CE_GEN_2670375,low,genetic,,,,WormBase,,-,0,0,0,,NULL
926,1426,CE_GEN_2670380,low,genetic,,,,WormBase,,-,0,0,0,,NULL
927,2445,CE_GEN_2670381,low,genetic,,,,WormBase,,-,0,0,0,,NULL
927,2610,CE_GEN_2670382,low,genetic,,,,WormBase,,-,0,0,0,,NULL
927,2114,CE_GEN_2670383,low,genetic,,,,WormBase,,-,0,0,0,,NULL
927,1682,CE_GEN_2670385,low,genetic,,,,WormBase,,-,0,0,0,,NULL
927,2115,CE_GEN_2670386,low,genetic,,,,WormBase,,-,0,0,0,,NULL
927,1348,CE_GEN_2670387,low,genetic,,,,WormBase,,-,0,0,0,,NULL
928,2120,CE_GEN_2670388,low,genetic,,,,WormBase,,-,0,0,0,,NULL
930,1378,CE_GEN_2670389,low,genetic,,,,WormBase,,-,0,0,0,,NULL
930,1047,CE_GEN_2670391,low,genetic,,,,WormBase,,-,0,0,0,,NULL
934,1465,CE_GEN_2670417,low,genetic,,,,WormBase,,-,0,0,0,,NULL
934,1128,CE_GEN_2670418,low,genetic,,,,WormBase,,-,0,0,0,,NULL
934,1202,CE_GEN_2670419,low,genetic,,,,WormBase,,-,0,0,0,,NULL
940,2625,CE_GEN_2670516,low,genetic,,,,WormBase,,-,0,0,0,,NULL
940,2626,CE_GEN_2670517,low,genetic,,,,WormBase,,-,0,0,0,,NULL
943,944,CE_GEN29209,moderate,genetic,MI:0441,,,BioGrid,24653001,PMID,1,0,1,,NULL
943,2628,CE_GEN_2670521,low,genetic,MI:0796,,,BioGrid,27956467,PMID,1,0,1,,NULL
944,1035,CE_GEN964937,moderate,genetic,MI:0441,,,BioGrid,24653001,PMID,1,0,1,,NULL
944,2160,CE_GEN_2684805,low,genetic,,,,WormBase,,-,0,0,0,,NULL
944,2786,CE_GEN_2684806,moderate,genetic,,,,WormBase,,-,0,0,0,,NULL
944,2441,CE_GEN_2684807,low,genetic,,,,WormBase,,-,0,0,0,,NULL
953,1604,CE_GEN_2670602,low,genetic,,,,WormBase,,-,0,0,0,,NULL
953,1152,CE_GEN_2670603,low,genetic,,,,WormBase,,-,0,0,0,,NULL
953,1587,CE_GEN_2670604,low,genetic,,,,WormBase,,-,0,0,0,,NULL
954,1740,CE_GEN_2670613,low,genetic,,,,WormBase,,-,0,0,0,,NULL
954,1133,CE_GEN_2670614,low,genetic,,,,WormBase,,-,0,0,0,,NULL
954,1134,CE_GEN_2670615,low,genetic,,,,WormBase,,-,0,0,0,,NULL
956,1131,CE_GEN_2670619,low,genetic,,,,WormBase,,-,0,0,0,,NULL
962,1042,CE_GEN_2670632,low,genetic,,,,WormBase,,-,0,0,0,,NULL
964,1678,CE_GEN_2670634,low,genetic,,,,WormBase,,-,0,0,0,,NULL
964,1169,CE_GEN_2670635,low,genetic,,,,WormBase,,-,0,0,0,,NULL
969,1506,CE_GEN_2670650,low,genetic,,,,WormBase,,-,0,0,0,,NULL
976,1710,CE_GEN_2670746,low,genetic,,,,WormBase,,-,0,0,0,,NULL
976,1459,CE_GEN_2670750,low,genetic,,,,WormBase,,-,0,0,0,,NULL
976,1711,CE_GEN_2670751,low,genetic,,,,WormBase,,-,0,0,0,,NULL
976,982,CE_GEN_2670753,low,genetic,,,,WormBase,,-,0,0,0,,NULL
976,1042,CE_GEN_2670754,low,genetic,,,,WormBase,,-,0,0,0,,NULL
976,2405,CE_GEN_2670755,low,genetic,,,,WormBase,,-,0,0,0,,NULL
976,1891,CE_GEN_2670756,low,genetic,,,,WormBase,,-,0,0,0,,NULL
976,1838,CE_GEN_2670757,low,genetic,,,,WormBase,,-,0,0,0,,NULL
976,1249,CE_GEN_2670758,low,genetic,,,,WormBase,,-,0,0,0,,NULL
976,1462,CE_GEN_2670759,low,genetic,,,,WormBase,,-,0,0,0,,NULL
976,1195,CE_GEN_2670761,low,genetic,,,,WormBase,,-,0,0,0,,NULL
976,2515,CE_GEN_2670762,low,genetic,,,,WormBase,,-,0,0,0,,NULL
976,1348,CE_GEN_2670763,low,genetic,,,,WormBase,,-,0,0,0,,NULL
977,1516,CE_GEN_2670793,low,genetic,,,,WormBase,,-,0,0,0,,NULL
977,1211,CE_GEN_2670794,low,genetic,,,,WormBase,,-,0,0,0,,NULL
977,2684,CE_GEN_2670795,low,genetic,,,,WormBase,,-,0,0,0,,NULL
977,2685,CE_GEN_2670796,low,genetic,,,,WormBase,,-,0,0,0,,NULL
977,1307,CE_GEN_2670797,low,genetic,,,,WormBase,,-,0,0,0,,NULL
977,1944,CE_GEN_2670798,low,genetic,,,,WormBase,,-,0,0,0,,NULL
978,1152,CE_GEN_2671006,low,genetic,,,,WormBase,,-,0,0,0,,NULL
978,1153,CE_GEN_2671007,low,genetic,,,,WormBase,,-,0,0,0,,NULL
982,1977,CE_GEN_2673733,low,genetic,,,,WormBase,,-,0,0,0,,NULL
982,1459,CE_GEN_2673736,low,genetic,,,,WormBase,,-,0,0,0,,NULL
982,1460,CE_GEN_2673738,moderate,genetic,,,,WormBase,,-,0,0,0,,NULL
982,1461,CE_GEN_2673739,low,genetic,,,,WormBase,,-,0,0,0,,NULL
982,2677,CE_GEN_2673741,low,genetic,,,,WormBase,,-,0,0,0,,NULL
982,1827,CE_GEN_2673742,low,genetic,,,,WormBase,,-,0,0,0,,NULL
982,1508,CE_GEN_2673743,low,genetic,,,,WormBase,,-,0,0,0,,NULL
982,1184,CE_GEN_2673744,low,genetic,,,,WormBase,,-,0,0,0,,NULL
982,2089,CE_GEN_2673745,low,genetic,,,,WormBase,,-,0,0,0,,NULL
982,2405,CE_GEN_2673746,low,genetic,,,,WormBase,,-,0,0,0,,NULL
982,1717,CE_GEN_2673747,low,genetic,,,,WormBase,,-,0,0,0,,NULL
982,1462,CE_GEN_2673748,low,genetic,,,,WormBase,,-,0,0,0,,NULL
982,1984,CE_GEN_2673749,moderate,genetic,,,,WormBase,,-,0,0,0,,NULL
984,2462,CE_GEN_2674154,moderate,genetic,,,,WormBase,,-,0,0,0,,NULL
985,1197,CE_GEN_2674304,low,genetic,,,,WormBase,,-,0,0,0,,NULL
987,1326,CE_GEN_2674748,low,genetic,,,,WormBase,,-,0,0,0,,NULL
987,1437,CE_GEN_2674749,low,genetic,,,,WormBase,,-,0,0,0,,NULL
987,1897,CE_GEN_2674750,low,genetic,,,,WormBase,,-,0,0,0,,NULL
987,1632,CE_GEN_2674758,low,genetic,,,,WormBase,,-,0,0,0,,NULL
987,1944,CE_GEN_2674760,low,genetic,,,,WormBase,,-,0,0,0,,NULL
987,1202,CE_GEN_2674761,low,genetic,,,,WormBase,,-,0,0,0,,NULL
987,2233,CE_GEN_2674762,low,genetic,,,,WormBase,,-,0,0,0,,NULL
988,1152,CE_GEN_2674967,low,genetic,,,,WormBase,,-,0,0,0,,NULL
988,1587,CE_GEN_2674968,low,genetic,,,,WormBase,,-,0,0,0,,NULL
989,1444,CE_GEN_2675058,low,genetic,,,,WormBase,,-,0,0,0,,NULL
990,1440,CE_GEN_2675108,low,genetic,,,,WormBase,,-,0,0,0,,NULL
991,1845,CE_GEN_2676032,low,genetic,,,,WormBase,,-,0,0,0,,NULL
1017,1152,CE_GEN_2671044,moderate,genetic,,,,WormBase,,-,0,0,0,,NULL
1017,1587,CE_GEN_2671045,low,genetic,,,,WormBase,,-,0,0,0,,NULL
1017,1169,CE_GEN_2671046,low,genetic,,,,WormBase,,-,0,0,0,,NULL
1020,1472,CE_GEN_2672133,low,genetic,,,,WormBase,,-,0,0,0,,NULL
1021,2016,CE_GEN_2672983,moderate,genetic,,,,WormBase,,-,0,0,0,,NULL
1021,1202,CE_GEN_2672984,low,genetic,,,,WormBase,,-,0,0,0,,NULL
1028,2911,CE_GEN_2676515,low,genetic,,,,WormBase,,-,0,0,0,,NULL
1030,1734,CE_GEN_2676655,low,genetic,,,,WormBase,,-,0,0,0,,NULL
1035,1713,CE_GEN_2671065,moderate,genetic,,,,WormBase,,-,0,0,0,,NULL
1035,2628,CE_GEN_2671066,low,genetic,MI:1271,,,BioGrid,27956467,PMID,1,0,1,,NULL
1036,2392,CE_GEN_2671070,low,genetic,,,,WormBase,,-,0,0,0,,NULL
1036,1254,CE_GEN_2671071,moderate,genetic,,,,WormBase,,-,0,0,0,,NULL
1036,1267,CE_GEN_2671077,low,genetic,,,,WormBase,,-,0,0,0,,NULL
1036,2637,CE_GEN_2671078,low,genetic,,,,WormBase,,-,0,0,0,,NULL
1036,1219,CE_GEN_2671081,low,genetic,,,,WormBase,,-,0,0,0,,NULL
1036,1944,CE_GEN_2671083,low,genetic,,,,WormBase,,-,0,0,0,,NULL
1037,1423,CE_GEN_2671324,low,genetic,,,,WormBase,,-,0,0,0,,NULL
1037,1211,CE_GEN_2671326,low,genetic,,,,WormBase,,-,0,0,0,,NULL
1037,1424,CE_GEN_2671327,low,genetic,,,,WormBase,,-,0,0,0,,NULL
1037,2624,CE_GEN_2671328,moderate,genetic,,,,WormBase,,-,0,0,0,,NULL
1037,1425,CE_GEN_2671329,low,genetic,,,,WormBase,,-,0,0,0,,NULL
1037,1056,CE_GEN_2671330,low,genetic,,,,WormBase,,-,0,0,0,,NULL
1037,1058,CE_GEN_2671332,low,genetic,,,,WormBase,,-,0,0,0,,NULL
1037,2750,CE_GEN_2671334,low,genetic,,,,WormBase,,-,0,0,0,,NULL
1037,1197,CE_GEN_2671335,low,genetic,,,,WormBase,,-,0,0,0,,NULL
1037,1812,CE_GEN_2671336,low,genetic,,,,WormBase,,-,0,0,0,,NULL
1037,2751,CE_GEN_2671337,low,genetic,,,,WormBase,,-,0,0,0,,NULL
1037,1268,CE_GEN_2671338,low,genetic,,,,WormBase,,-,0,0,0,,NULL
1040,1472,CE_GEN_2673552,low,genetic,,,,WormBase,,-,0,0,0,,NULL
1042,1147,CE_GEN_2674196,low,genetic,,,,WormBase,,-,0,0,0,,NULL
1042,1624,CE_GEN_2674197,low,genetic,,,,WormBase,,-,0,0,0,,NULL
1042,1710,CE_GEN_2674198,low,genetic,,,,WormBase,,-,0,0,0,,NULL
1042,1711,CE_GEN_2674205,low,genetic,,,,WormBase,,-,0,0,0,,NULL
1042,1827,CE_GEN_2674206,low,genetic,,,,WormBase,,-,0,0,0,,NULL
1042,2852,CE_GEN_2674207,low,genetic,,,,WormBase,,-,0,0,0,,NULL
1042,2862,CE_GEN_2674208,low,genetic,,,,WormBase,,-,0,0,0,,NULL
1042,1599,CE_GEN_2674210,low,genetic,,,,WormBase,,-,0,0,0,,NULL
1042,1248,CE_GEN_2674212,low,genetic,,,,WormBase,,-,0,0,0,,NULL
1042,2833,CE_GEN_2674214,low,genetic,,,,WormBase,,-,0,0,0,,NULL
1042,1838,CE_GEN_2674215,low,genetic,,,,WormBase,,-,0,0,0,,NULL
1042,2769,CE_GEN_2674216,low,genetic,,,,WormBase,,-,0,0,0,,NULL
1042,1235,CE_GEN_2674218,low,genetic,,,,WormBase,,-,0,0,0,,NULL
1042,2489,CE_GEN_2674219,low,genetic,,,,WormBase,,-,0,0,0,,NULL
1042,1775,CE_GEN_2674220,low,genetic,,,,WormBase,,-,0,0,0,,NULL
1043,2736,CE_GEN_2675795,low,genetic,,,,WormBase,,-,0,0,0,,NULL
1043,1216,CE_GEN_2675796,low,genetic,,,,WormBase,,-,0,0,0,,NULL
1043,1781,CE_GEN_2675798,low,genetic,,,,WormBase,,-,0,0,0,,NULL
1047,1756,CE_GEN_2671618,low,genetic,,,,WormBase,,-,0,0,0,,NULL
1047,1466,CE_GEN_2671622,low,genetic,,,,WormBase,,-,0,0,0,,NULL
1047,1319,CE_GEN_2671624,moderate,genetic,,,,WormBase,,-,0,0,0,,NULL
1047,1661,CE_GEN_2671625,low,genetic,,,,WormBase,,-,0,0,0,,NULL
1047,1267,CE_GEN_2671626,moderate,genetic,,,,WormBase,,-,0,0,0,,NULL
1047,1128,CE_GEN_2671628,low,genetic,,,,WormBase,,-,0,0,0,,NULL
1049,1156,CE_GEN_2671693,low,genetic,,,,WormBase,,-,0,0,0,,NULL
1049,1892,CE_GEN_2671695,low,genetic,,,,WormBase,,-,0,0,0,,NULL
1051,2815,CE_GEN_2671881,low,genetic,,,,WormBase,,-,0,0,0,,NULL
1051,2816,CE_GEN_2671883,low,genetic,,,,WormBase,,-,0,0,0,,NULL
1052,1053,CE_GEN29998,low,genetic,MI:0796,,,WormBase;BioGrid,10393177,PMID,1,0,1,,NULL
1052,1645,CE_GEN_2671931,low,genetic,,,,WormBase,,-,0,0,0,,NULL
1052,1402,CE_GEN_2671932,low,genetic,,,,WormBase,,-,0,0,0,,NULL
1052,1689,CE_GEN_2671934,low,genetic,,,,WormBase,,-,0,0,0,,NULL
1052,2744,CE_GEN_2671935,low,genetic,,,,WormBase,,-,0,0,0,,NULL
1052,1430,CE_GEN_2671936,low,genetic,,,,WormBase,,-,0,0,0,,NULL
1052,2820,CE_GEN_2671937,low,genetic,,,,WormBase,,-,0,0,0,,NULL
1053,1230,CE_GEN_2672570,low,genetic,,,,WormBase,,-,0,0,0,,NULL
1053,1201,CE_GEN_2672572,low,genetic,,,,WormBase,,-,0,0,0,,NULL
1053,2116,CE_GEN_2672573,low,genetic,,,,WormBase,,-,0,0,0,,NULL
1053,2784,CE_GEN_2672574,low,genetic,,,,WormBase,,-,0,0,0,,NULL
1053,2270,CE_GEN_2672575,low,genetic,,,,WormBase,,-,0,0,0,,NULL
1053,2776,CE_GEN_2672576,low,genetic,,,,WormBase,,-,0,0,0,,NULL
1053,1576,CE_GEN_2672577,moderate,genetic,,,,WormBase,,-,0,0,0,,NULL
1053,1858,CE_GEN_2672578,low,genetic,,,,WormBase,,-,0,0,0,,NULL
1054,1211,CE_GEN_2671969,low,genetic,,,,WormBase,,-,0,0,0,,NULL
1054,1307,CE_GEN_2671970,low,genetic,,,,WormBase,,-,0,0,0,,NULL
1055,1632,CE_GEN_2671978,low,genetic,,,,WormBase,,-,0,0,0,,NULL
1055,1128,CE_GEN_2671979,low,genetic,,,,WormBase,,-,0,0,0,,NULL
1055,1202,CE_GEN_2671980,low,genetic,,,,WormBase,,-,0,0,0,,NULL
1056,1181,CE_GEN_2672117,low,genetic,,,,WormBase,,-,0,0,0,,NULL
1056,1421,CE_GEN_2672119,low,genetic,,,,WormBase,,-,0,0,0,,NULL
1056,1423,CE_GEN_2672120,moderate,genetic,,,,WormBase,,-,0,0,0,,NULL
1056,1211,CE_GEN_2672121,low,genetic,,,,WormBase,,-,0,0,0,,NULL
1056,1424,CE_GEN_2672122,low,genetic,,,,WormBase,,-,0,0,0,,NULL
1056,1425,CE_GEN_2672125,low,genetic,,,,WormBase,,-,0,0,0,,NULL
1056,2841,CE_GEN_2672127,low,genetic,,,,WormBase,,-,0,0,0,,NULL
1056,1789,CE_GEN_2672128,low,genetic,,,,WormBase,,-,0,0,0,,NULL
1056,1307,CE_GEN_2672129,low,genetic,,,,WormBase,,-,0,0,0,,NULL
1056,1309,CE_GEN_2672132,low,genetic,,,,WormBase,,-,0,0,0,,NULL
1057,1848,CE_GEN_2672292,low,genetic,,,,WormBase,,-,0,0,0,,NULL
1058,1181,CE_GEN_2672942,low,genetic,,,,WormBase,,-,0,0,0,,NULL
1058,1421,CE_GEN_2672944,low,genetic,,,,WormBase,,-,0,0,0,,NULL
1058,1423,CE_GEN_2672945,low,genetic,,,,WormBase,,-,0,0,0,,NULL
1058,1878,CE_GEN_2672946,low,genetic,,,,WormBase,,-,0,0,0,,NULL
1058,1424,CE_GEN_2672948,low,genetic,,,,WormBase,,-,0,0,0,,NULL
1058,1425,CE_GEN_2672951,low,genetic,,,,WormBase,,-,0,0,0,,NULL
1058,1879,CE_GEN_2672952,low,genetic,,,,WormBase,,-,0,0,0,,NULL
1058,2841,CE_GEN_2672954,low,genetic,,,,WormBase,,-,0,0,0,,NULL
1058,1965,CE_GEN_2672955,low,genetic,,,,WormBase,,-,0,0,0,,NULL
1058,1789,CE_GEN_2672956,low,genetic,,,,WormBase,,-,0,0,0,,NULL
1058,1307,CE_GEN_2672957,low,genetic,,,,WormBase,,-,0,0,0,,NULL
1058,1309,CE_GEN_2672960,low,genetic,,,,WormBase,,-,0,0,0,,NULL
1058,1188,CE_GEN_2672961,low,genetic,,,,WormBase,,-,0,0,0,,NULL
1059,1944,CE_GEN_2673443,low,genetic,,,,WormBase,,-,0,0,0,,NULL
1061,1476,CE_GEN_2677206,low,genetic,,,,WormBase,,-,0,0,0,,NULL
1061,1128,CE_GEN_2677208,low,genetic,,,,WormBase,,-,0,0,0,,NULL
1062,2861,CE_GEN_2672360,low,genetic,,,,WormBase,,-,0,0,0,,NULL
1062,1268,CE_GEN_2672361,low,genetic,,,,WormBase,,-,0,0,0,,NULL
1063,1280,CE_GEN_2672410,low,genetic,,,,WormBase,,-,0,0,0,,NULL
1063,1177,CE_GEN_2672411,low,genetic,,,,WormBase,,-,0,0,0,,NULL
1063,1281,CE_GEN_2672412,low,genetic,,,,WormBase,,-,0,0,0,,NULL
1063,1178,CE_GEN_2672413,low,genetic,,,,WormBase,,-,0,0,0,,NULL
1063,2111,CE_GEN_2672414,low,genetic,,,,WormBase,,-,0,0,0,,NULL
1064,1655,CE_GEN_2672474,low,genetic,,,,WormBase,,-,0,0,0,,NULL
1064,1426,CE_GEN_2672477,moderate,genetic,,,,WormBase,,-,0,0,0,,NULL
1064,1307,CE_GEN_2672478,moderate,genetic,,,,WormBase,,-,0,0,0,,NULL
1064,1503,CE_GEN_2672479,low,genetic,,,,WormBase,,-,0,0,0,,NULL
1064,1242,CE_GEN_2672480,low,genetic,,,,WormBase,,-,0,0,0,,NULL
1064,1428,CE_GEN_2672481,low,genetic,,,,WormBase,,-,0,0,0,,NULL
1064,1195,CE_GEN_2672482,low,genetic,,,,WormBase,,-,0,0,0,,NULL
1064,2869,CE_GEN_2672483,low,genetic,,,,WormBase,,-,0,0,0,,NULL
1064,2093,CE_GEN_2672484,low,genetic,,,,WormBase,,-,0,0,0,,NULL
1064,1612,CE_GEN_2672485,moderate,genetic,,,,WormBase,,-,0,0,0,,NULL
1065,1069,CE_GEN32078,low,genetic,MI:0796,,,WormBase;BioGrid,20371770,PMID,1,0,1,,NULL
1065,1091,CE_GEN32079,low,genetic,MI:0796,,,WormBase;BioGrid,20371770,PMID,1,0,1,,NULL
1065,1174,CE_GEN_2682539,low,genetic,,,,WormBase,,-,0,0,0,,NULL
1065,1175,CE_GEN_2682540,low,genetic,,,,WormBase,,-,0,0,0,,NULL
1065,1548,CE_GEN_2682541,low,genetic,,,,WormBase,,-,0,0,0,,NULL
1065,1176,CE_GEN_2682542,low,genetic,,,,WormBase,,-,0,0,0,,NULL
1065,1605,CE_GEN_2682543,low,genetic,,,,WormBase,,-,0,0,0,,NULL
1065,1534,CE_GEN_2682544,low,genetic,,,,WormBase,,-,0,0,0,,NULL
1065,2494,CE_GEN_2682545,low,genetic,,,,WormBase,,-,0,0,0,,NULL
1065,1506,CE_GEN_2682546,low,genetic,,,,WormBase,,-,0,0,0,,NULL
1065,2106,CE_GEN_2682547,low,genetic,,,,WormBase,,-,0,0,0,,NULL
1065,1588,CE_GEN_2682548,low,genetic,,,,WormBase,,-,0,0,0,,NULL
1065,2004,CE_GEN_2682549,low,genetic,,,,WormBase,,-,0,0,0,,NULL
1065,2109,CE_GEN_2682550,low,genetic,,,,WormBase,,-,0,0,0,,NULL
1065,1582,CE_GEN_2682551,low,genetic,,,,WormBase,,-,0,0,0,,NULL
1065,1247,CE_GEN_2682552,low,genetic,,,,WormBase,,-,0,0,0,,NULL
1065,1085,CE_GEN_2682553,low,genetic,,,,WormBase,,-,0,0,0,,NULL
1065,2389,CE_GEN_2682554,low,genetic,,,,WormBase,,-,0,0,0,,NULL
1065,2112,CE_GEN_2682555,low,genetic,,,,WormBase,,-,0,0,0,,NULL
1065,1583,CE_GEN_2682556,low,genetic,,,,WormBase,,-,0,0,0,,NULL
1065,2956,CE_GEN_2682557,low,genetic,,,,WormBase,,-,0,0,0,,NULL
1065,1845,CE_GEN_2682558,low,genetic,,,,WormBase,,-,0,0,0,,NULL
1065,1585,CE_GEN_2682559,low,genetic,,,,WormBase,,-,0,0,0,,NULL
1065,1911,CE_GEN_2682560,low,genetic,,,,WormBase,,-,0,0,0,,NULL
1068,1588,CE_GEN_2673799,low,genetic,,,,WormBase,,-,0,0,0,,NULL
1068,2773,CE_GEN_2673800,low,genetic,,,,WormBase,,-,0,0,0,,NULL
1068,1698,CE_GEN_2673801,low,genetic,,,,WormBase,,-,0,0,0,,NULL
1072,1380,CE_GEN_2673812,low,genetic,,,,WormBase,,-,0,0,0,,NULL
1072,2099,CE_GEN_2673813,low,genetic,,,,WormBase,,-,0,0,0,,NULL
1076,1562,CE_GEN_2675258,low,genetic,,,,WormBase,,-,0,0,0,,NULL
1076,1445,CE_GEN_2675260,low,genetic,,,,WormBase,,-,0,0,0,,NULL
1076,1446,CE_GEN_2675261,low,genetic,,,,WormBase,,-,0,0,0,,NULL
1076,1740,CE_GEN_2675262,low,genetic,,,,WormBase,,-,0,0,0,,NULL
1076,1447,CE_GEN_2675263,low,genetic,,,,WormBase,,-,0,0,0,,NULL
1076,1448,CE_GEN_2675265,low,genetic,,,,WormBase,,-,0,0,0,,NULL
1076,1449,CE_GEN_2675266,low,genetic,,,,WormBase,,-,0,0,0,,NULL
1076,2793,CE_GEN_2675267,low,genetic,,,,WormBase,,-,0,0,0,,NULL
1076,1450,CE_GEN_2675268,low,genetic,,,,WormBase,,-,0,0,0,,NULL
1076,1419,CE_GEN_2675269,low,genetic,,,,WormBase,,-,0,0,0,,NULL
1076,1184,CE_GEN_2675270,moderate,genetic,,,,WormBase,,-,0,0,0,,NULL
1076,1247,CE_GEN_2675271,low,genetic,,,,WormBase,,-,0,0,0,,NULL
1076,2743,CE_GEN_2675273,low,genetic,,,,WormBase,,-,0,0,0,,NULL
1076,1631,CE_GEN_2675274,low,genetic,,,,WormBase,,-,0,0,0,,NULL
1076,2477,CE_GEN_2675275,low,genetic,,,,WormBase,,-,0,0,0,,NULL
1076,1221,CE_GEN_2675277,low,genetic,,,,WormBase,,-,0,0,0,,NULL
1076,1100,CE_GEN_2675278,low,genetic,,,,WormBase,,-,0,0,0,,NULL
1076,1712,CE_GEN_2675279,low,genetic,,,,WormBase,,-,0,0,0,,NULL
1076,1409,CE_GEN_2675280,low,genetic,,,,WormBase,,-,0,0,0,,NULL
1076,1076,CE_GEN_2675281,low,genetic,,,,WormBase,,-,0,0,0,,NULL
1076,1454,CE_GEN_2675283,low,genetic,,,,WormBase,,-,0,0,0,,NULL
1076,1456,CE_GEN_2675284,low,genetic,,,,WormBase,,-,0,0,0,,NULL
1076,2117,CE_GEN_2675285,low,genetic,,,,WormBase,,-,0,0,0,,NULL
1077,1261,CE_GEN_2675914,low,genetic,,,,WormBase,,-,0,0,0,,NULL
1079,2439,CE_GEN_2676573,low,genetic,,,,WormBase,,-,0,0,0,,NULL
1085,1440,CE_GEN_2673201,low,genetic,,,,WormBase,,-,0,0,0,,NULL
1085,1534,CE_GEN_2673202,low,genetic,,,,WormBase,,-,0,0,0,,NULL
1085,2406,CE_GEN_2673203,low,genetic,,,,WormBase,,-,0,0,0,,NULL
1085,1508,CE_GEN_2673205,low,genetic,,,,WormBase,,-,0,0,0,,NULL
1085,1962,CE_GEN_2673206,low,genetic,,,,WormBase,,-,0,0,0,,NULL
1085,1348,CE_GEN_2673207,low,genetic,,,,WormBase,,-,0,0,0,,NULL
1086,1162,CE_GEN_2673250,low,genetic,,,,WormBase,,-,0,0,0,,NULL
1087,1206,CE_GEN_2675356,low,genetic,,,,WormBase,,-,0,0,0,,NULL
1087,1213,CE_GEN_2675357,moderate,genetic,,,,WormBase,,-,0,0,0,,NULL
1088,1516,CE_GEN_2675140,low,genetic,,,,WormBase,,-,0,0,0,,NULL
1088,1727,CE_GEN_2675142,low,genetic,,,,WormBase,,-,0,0,0,,NULL
1088,2031,CE_GEN_2675143,low,genetic,,,,WormBase,,-,0,0,0,,NULL
1088,1609,CE_GEN_2675148,low,genetic,,,,WormBase,,-,0,0,0,,NULL
1088,1729,CE_GEN_2675150,low,genetic,,,,WormBase,,-,0,0,0,,NULL
1088,1734,CE_GEN_2675152,low,genetic,,,,WormBase,,-,0,0,0,,NULL
1088,1735,CE_GEN_2675153,low,genetic,,,,WormBase,,-,0,0,0,,NULL
1088,1382,CE_GEN_2675157,low,genetic,,,,WormBase,,-,0,0,0,,NULL
1088,1526,CE_GEN_2675158,low,genetic,,,,WormBase,,-,0,0,0,,NULL
1088,2001,CE_GEN_2675159,low,genetic,,,,WormBase,,-,0,0,0,,NULL
1088,1683,CE_GEN_2675160,low,genetic,,,,WormBase,,-,0,0,0,,NULL
1088,1169,CE_GEN_2675161,low,genetic,,,,WormBase,,-,0,0,0,,NULL
1090,1444,CE_GEN_2673810,low,genetic,,,,WormBase,,-,0,0,0,,NULL
1091,1152,CE_GEN_2673947,low,genetic,,,,WormBase,,-,0,0,0,,NULL
1092,1230,CE_GEN_2673975,low,genetic,,,,WormBase,,-,0,0,0,,NULL
1092,1416,CE_GEN_2673976,low,genetic,,,,WormBase,,-,0,0,0,,NULL
1092,1820,CE_GEN_2673978,low,genetic,,,,WormBase,,-,0,0,0,,NULL
1092,1201,CE_GEN_2673979,low,genetic,,,,WormBase,,-,0,0,0,,NULL
1092,1360,CE_GEN_2673980,low,genetic,,,,WormBase,,-,0,0,0,,NULL
1092,2657,CE_GEN_2673984,low,genetic,,,,WormBase,,-,0,0,0,,NULL
1092,1361,CE_GEN_2673985,low,genetic,,,,WormBase,,-,0,0,0,,NULL
1092,1840,CE_GEN_2673986,low,genetic,,,,WormBase,,-,0,0,0,,NULL
1092,1233,CE_GEN_2673989,low,genetic,,,,WormBase,,-,0,0,0,,NULL
1092,2983,CE_GEN_2673990,low,genetic,,,,WormBase,,-,0,0,0,,NULL
1092,2984,CE_GEN_2673991,low,genetic,,,,WormBase,,-,0,0,0,,NULL
1092,1775,CE_GEN_2673992,low,genetic,,,,WormBase,,-,0,0,0,,NULL
1092,1852,CE_GEN_2673993,low,genetic,,,,WormBase,,-,0,0,0,,NULL
1092,1889,CE_GEN_3540817,low,genetic,,,,WormBase,,-,0,0,0,,NULL
1094,2569,CE_GEN_2674167,moderate,genetic,,,,WormBase,,-,0,0,0,,NULL
1097,2741,CE_GEN_2675053,low,genetic,,,,WormBase,,-,0,0,0,,NULL
1097,2657,CE_GEN_2675054,low,genetic,,,,WormBase,,-,0,0,0,,NULL
1097,2742,CE_GEN_2675056,low,genetic,,,,WormBase,,-,0,0,0,,NULL
1097,1852,CE_GEN_2675057,low,genetic,,,,WormBase,,-,0,0,0,,NULL
1099,1148,CE_GEN_2676693,low,genetic,,,,WormBase,,-,0,0,0,,NULL
1100,1445,CE_GEN_2674980,low,genetic,,,,WormBase,,-,0,0,0,,NULL
1100,1951,CE_GEN_2674981,low,genetic,,,,WormBase,,-,0,0,0,,NULL
1100,1447,CE_GEN_2674983,low,genetic,,,,WormBase,,-,0,0,0,,NULL
1100,2912,CE_GEN_2674985,low,genetic,,,,WormBase,,-,0,0,0,,NULL
1100,2500,CE_GEN_2674986,low,genetic,,,,WormBase,,-,0,0,0,,NULL
1100,1954,CE_GEN_2674988,low,genetic,,,,WormBase,,-,0,0,0,,NULL
1100,1345,CE_GEN_2674989,moderate,genetic,,,,WormBase,,-,0,0,0,,NULL
1100,1268,CE_GEN_2674990,moderate,genetic,,,,WormBase,,-,0,0,0,,NULL
1101,1410,CE_GEN_2675172,low,genetic,,,,WormBase,,-,0,0,0,,NULL
1101,1411,CE_GEN_2675174,low,genetic,,,,WormBase,,-,0,0,0,,NULL
1101,2887,CE_GEN_2675179,low,genetic,,,,WormBase,,-,0,0,0,,NULL
1101,2889,CE_GEN_2675180,low,genetic,,,,WormBase,,-,0,0,0,,NULL
1101,2890,CE_GEN_2675181,low,genetic,,,,WormBase,,-,0,0,0,,NULL
1101,1412,CE_GEN_2675182,low,genetic,,,,WormBase,,-,0,0,0,,NULL
1102,1181,CE_GEN_2675202,low,genetic,,,,WormBase,,-,0,0,0,,NULL
1103,1267,CE_GEN_2675219,low,genetic,,,,WormBase,,-,0,0,0,,NULL
1103,2978,CE_GEN_2675221,low,genetic,,,,WormBase,,-,0,0,0,,NULL
1103,1128,CE_GEN_2675222,low,genetic,,,,WormBase,,-,0,0,0,,NULL
1103,2875,CE_GEN_2675223,low,genetic,,,,WormBase,,-,0,0,0,,NULL
1104,2148,CE_GEN_2676146,low,genetic,,,,WormBase,,-,0,0,0,,NULL
1104,2832,CE_GEN_2676147,low,genetic,,,,WormBase,,-,0,0,0,,NULL
1106,1148,CE_GEN_2676585,low,genetic,,,,WormBase,,-,0,0,0,,NULL
1109,1472,CE_GEN_2676816,low,genetic,,,,WormBase,,-,0,0,0,,NULL
1112,2527,CE_GEN_2678405,low,genetic,,,,WormBase,,-,0,0,0,,NULL
1112,2629,CE_GEN_2678406,low,genetic,,,,WormBase,,-,0,0,0,,NULL
1112,2852,CE_GEN_2678408,low,genetic,,,,WormBase,,-,0,0,0,,NULL
1112,1341,CE_GEN_2678409,moderate,genetic,,,,WormBase,,-,0,0,0,,NULL
1112,1342,CE_GEN_2678410,low,genetic,,,,WormBase,,-,0,0,0,,NULL
1112,1750,CE_GEN_2678411,low,genetic,,,,WormBase,,-,0,0,0,,NULL
1112,1967,CE_GEN_2678413,low,genetic,,,,WormBase,,-,0,0,0,,NULL
1114,1131,CE_GEN_2675481,low,genetic,,,,WormBase,,-,0,0,0,,NULL
1118,1360,CE_GEN_2677312,low,genetic,,,,WormBase,,-,0,0,0,,NULL
1123,1423,CE_GEN_2676496,low,genetic,,,,WormBase,,-,0,0,0,,NULL
1123,1152,CE_GEN_2676497,low,genetic,,,,WormBase,,-,0,0,0,,NULL
1123,1587,CE_GEN_2676498,low,genetic,,,,WormBase,,-,0,0,0,,NULL
1123,2287,CE_GEN_2676499,low,genetic,,,,WormBase,,-,0,0,0,,NULL
1123,1883,CE_GEN_2676500,low,genetic,,,,WormBase,,-,0,0,0,,NULL
1127,1128,CE_GEN_2666106,low,genetic,,,,WormBase,,-,0,0,0,,NULL
1128,1684,CE_GEN_2676157,low,genetic,,,,WormBase,,-,0,0,0,,NULL
1128,1465,CE_GEN_2676163,low,genetic,,,,WormBase,,-,0,0,0,,NULL
1128,2011,CE_GEN_2676164,low,genetic,,,,WormBase,,-,0,0,0,,NULL
1128,2013,CE_GEN_2676167,low,genetic,,,,WormBase,,-,0,0,0,,NULL
1128,1471,CE_GEN_2676171,low,genetic,,,,WormBase,,-,0,0,0,,NULL
1128,1474,CE_GEN_2676177,low,genetic,,,,WormBase,,-,0,0,0,,NULL
1128,1475,CE_GEN_2676178,low,genetic,,,,WormBase,,-,0,0,0,,NULL
1128,2508,CE_GEN_2676179,low,genetic,,,,WormBase,,-,0,0,0,,NULL
1128,1192,CE_GEN_2676190,low,genetic,,,,WormBase,,-,0,0,0,,NULL
1128,1480,CE_GEN_2676198,low,genetic,,,,WormBase,,-,0,0,0,,NULL
1128,2018,CE_GEN_2676207,low,genetic,,,,WormBase,,-,0,0,0,,NULL
1128,2110,CE_GEN_2676215,low,genetic,,,,WormBase,,-,0,0,0,,NULL
1128,1733,CE_GEN_2676226,low,genetic,,,,WormBase,,-,0,0,0,,NULL
1128,1373,CE_GEN_2676230,low,genetic,,,,WormBase,,-,0,0,0,,NULL
1128,1202,CE_GEN_2676233,low,genetic,,,,WormBase,,-,0,0,0,,NULL
1128,2875,CE_GEN_2676234,low,genetic,,,,WormBase,,-,0,0,0,,NULL
1128,2023,CE_GEN_2676235,low,genetic,,,,WormBase,,-,0,0,0,,NULL
1128,1489,CE_GEN_2676240,low,genetic,,,,WormBase,,-,0,0,0,,NULL
1128,1490,CE_GEN_2676243,low,genetic,,,,WormBase,,-,0,0,0,,NULL
1128,2928,CE_GEN_2676244,low,genetic,,,,WormBase,,-,0,0,0,,NULL
1130,1131,CE_GEN_2666108,low,genetic,,,,WormBase,,-,0,0,0,,NULL
1131,1142,CE_GEN_2674009,low,genetic,,,,WormBase,,-,0,0,0,,NULL
1131,1159,CE_GEN_2674010,low,genetic,,,,WormBase,,-,0,0,0,,NULL
1131,1292,CE_GEN_2674012,low,genetic,,,,WormBase,,-,0,0,0,,NULL
1131,1336,CE_GEN_2674013,low,genetic,,,,WormBase,,-,0,0,0,,NULL
1131,1396,CE_GEN_2674014,low,genetic,,,,WormBase,,-,0,0,0,,NULL
1131,1401,CE_GEN_2674015,low,genetic,,,,WormBase,,-,0,0,0,,NULL
1131,1507,CE_GEN_2674016,low,genetic,,,,WormBase,,-,0,0,0,,NULL
1131,1532,CE_GEN_2674017,low,genetic,,,,WormBase,,-,0,0,0,,NULL
1131,1556,CE_GEN_2674018,low,genetic,,,,WormBase,,-,0,0,0,,NULL
1131,1622,CE_GEN_2674019,low,genetic,,,,WormBase,,-,0,0,0,,NULL
1131,1326,CE_GEN_2674020,low,genetic,,,,WormBase,,-,0,0,0,,NULL
1131,1695,CE_GEN_2674021,low,genetic,,,,WormBase,,-,0,0,0,,NULL
1131,1706,CE_GEN_2674023,low,genetic,,,,WormBase,,-,0,0,0,,NULL
1131,1445,CE_GEN_2674024,low,genetic,,,,WormBase,,-,0,0,0,,NULL
1131,1768,CE_GEN_2674025,low,genetic,,,,WormBase,,-,0,0,0,,NULL
1131,1788,CE_GEN_2674027,low,genetic,,,,WormBase,,-,0,0,0,,NULL
1131,1795,CE_GEN_2674028,low,genetic,,,,WormBase,,-,0,0,0,,NULL
1131,1802,CE_GEN_2674029,low,genetic,,,,WormBase,,-,0,0,0,,NULL
1131,1865,CE_GEN_2674031,low,genetic,,,,WormBase,,-,0,0,0,,NULL
1131,1904,CE_GEN_2674032,low,genetic,,,,WormBase,,-,0,0,0,,NULL
1131,1958,CE_GEN_2674033,low,genetic,,,,WormBase,,-,0,0,0,,NULL
1131,1340,CE_GEN_2674034,low,genetic,,,,WormBase,,-,0,0,0,,NULL
1131,2035,CE_GEN_2674035,low,genetic,,,,WormBase,,-,0,0,0,,NULL
1131,2460,CE_GEN_2674036,low,genetic,,,,WormBase,,-,0,0,0,,NULL
1131,1156,CE_GEN_2674037,low,genetic,,,,WormBase,,-,0,0,0,,NULL
1131,2507,CE_GEN_2674038,low,genetic,,,,WormBase,,-,0,0,0,,NULL
1131,2632,CE_GEN_2674039,low,genetic,,,,WormBase,,-,0,0,0,,NULL
1131,2636,CE_GEN_2674040,low,genetic,,,,WormBase,,-,0,0,0,,NULL
1131,2649,CE_GEN_2674042,low,genetic,,,,WormBase,,-,0,0,0,,NULL
1131,2691,CE_GEN_2674043,low,genetic,,,,WormBase,,-,0,0,0,,NULL
1131,2701,CE_GEN_2674044,low,genetic,,,,WormBase,,-,0,0,0,,NULL
1131,2708,CE_GEN_2674045,low,genetic,,,,WormBase,,-,0,0,0,,NULL
1131,2730,CE_GEN_2674047,low,genetic,,,,WormBase,,-,0,0,0,,NULL
1131,2812,CE_GEN_2674049,low,genetic,,,,WormBase,,-,0,0,0,,NULL
1131,2821,CE_GEN_2674050,low,genetic,,,,WormBase,,-,0,0,0,,NULL
1131,2827,CE_GEN_2674051,low,genetic,,,,WormBase,,-,0,0,0,,NULL
1131,2842,CE_GEN_2674052,low,genetic,,,,WormBase,,-,0,0,0,,NULL
1131,2870,CE_GEN_2674053,low,genetic,,,,WormBase,,-,0,0,0,,NULL
1131,2877,CE_GEN_2674054,low,genetic,,,,WormBase,,-,0,0,0,,NULL
1131,2900,CE_GEN_2674055,low,genetic,,,,WormBase,,-,0,0,0,,NULL
1131,2554,CE_GEN_2674056,low,genetic,,,,WormBase,,-,0,0,0,,NULL
1131,2935,CE_GEN_2674057,low,genetic,,,,WormBase,,-,0,0,0,,NULL
1131,2938,CE_GEN_2674058,low,genetic,,,,WormBase,,-,0,0,0,,NULL
1131,2952,CE_GEN_2674059,low,genetic,,,,WormBase,,-,0,0,0,,NULL
1131,2958,CE_GEN_2674060,low,genetic,,,,WormBase,,-,0,0,0,,NULL
1131,2960,CE_GEN_2674061,low,genetic,,,,WormBase,,-,0,0,0,,NULL
1131,2961,CE_GEN_2674062,low,genetic,,,,WormBase,,-,0,0,0,,NULL
1131,2969,CE_GEN_2674063,low,genetic,,,,WormBase,,-,0,0,0,,NULL
1131,1867,CE_GEN_2674064,low,genetic,,,,WormBase,,-,0,0,0,,NULL
1131,2986,CE_GEN_2674066,low,genetic,,,,WormBase,,-,0,0,0,,NULL
1131,2987,CE_GEN_2674067,low,genetic,,,,WormBase,,-,0,0,0,,NULL
1131,2988,CE_GEN_2674068,low,genetic,,,,WormBase,,-,0,0,0,,NULL
1131,2989,CE_GEN_2674069,low,genetic,,,,WormBase,,-,0,0,0,,NULL
1131,1931,CE_GEN_2674070,low,genetic,,,,WormBase,,-,0,0,0,,NULL
1131,2990,CE_GEN_2674071,low,genetic,,,,WormBase,,-,0,0,0,,NULL
1131,2991,CE_GEN_2674072,low,genetic,,,,WormBase,,-,0,0,0,,NULL
1131,2992,CE_GEN_2674074,low,genetic,,,,WormBase,,-,0,0,0,,NULL
1131,2993,CE_GEN_2674076,low,genetic,,,,WormBase,,-,0,0,0,,NULL
1131,2994,CE_GEN_2674077,low,genetic,,,,WormBase,,-,0,0,0,,NULL
1131,1844,CE_GEN_2674078,low,genetic,,,,WormBase,,-,0,0,0,,NULL
1131,2995,CE_GEN_2674079,low,genetic,,,,WormBase,,-,0,0,0,,NULL
1131,2996,CE_GEN_2674080,low,genetic,,,,WormBase,,-,0,0,0,,NULL
1131,1233,CE_GEN_2674081,low,genetic,,,,WormBase,,-,0,0,0,,NULL
1131,2997,CE_GEN_2674082,low,genetic,,,,WormBase,,-,0,0,0,,NULL
1131,2998,CE_GEN_2674083,low,genetic,,,,WormBase,,-,0,0,0,,NULL
1131,2999,CE_GEN_2674084,low,genetic,,,,WormBase,,-,0,0,0,,NULL
1131,3000,CE_GEN_2674085,low,genetic,,,,WormBase,,-,0,0,0,,NULL
1131,3001,CE_GEN_2674086,low,genetic,,,,WormBase,,-,0,0,0,,NULL
1131,3002,CE_GEN_2674087,low,genetic,,,,WormBase,,-,0,0,0,,NULL
1131,3003,CE_GEN_2674088,low,genetic,,,,WormBase,,-,0,0,0,,NULL
1131,3004,CE_GEN_2674089,low,genetic,,,,WormBase,,-,0,0,0,,NULL
1131,3005,CE_GEN_2674090,low,genetic,,,,WormBase,,-,0,0,0,,NULL
1131,3006,CE_GEN_2674091,low,genetic,,,,WormBase,,-,0,0,0,,NULL
1131,3007,CE_GEN_2674092,low,genetic,,,,WormBase,,-,0,0,0,,NULL
1131,3008,CE_GEN_2674093,low,genetic,,,,WormBase,,-,0,0,0,,NULL
1131,3009,CE_GEN_2674094,low,genetic,,,,WormBase,,-,0,0,0,,NULL
1131,3010,CE_GEN_2674095,low,genetic,,,,WormBase,,-,0,0,0,,NULL
1131,3011,CE_GEN_2674096,low,genetic,,,,WormBase,,-,0,0,0,,NULL
1131,3012,CE_GEN_2674097,low,genetic,,,,WormBase,,-,0,0,0,,NULL
1131,3013,CE_GEN_2674098,low,genetic,,,,WormBase,,-,0,0,0,,NULL
1131,3014,CE_GEN_2674099,low,genetic,,,,WormBase,,-,0,0,0,,NULL
1131,3015,CE_GEN_2674100,low,genetic,,,,WormBase,,-,0,0,0,,NULL
1131,3016,CE_GEN_2674101,low,genetic,,,,WormBase,,-,0,0,0,,NULL
1131,3017,CE_GEN_2674102,low,genetic,,,,WormBase,,-,0,0,0,,NULL
1131,3018,CE_GEN_2674103,low,genetic,,,,WormBase,,-,0,0,0,,NULL
1131,3019,CE_GEN_2674104,low,genetic,,,,WormBase,,-,0,0,0,,NULL
1131,3020,CE_GEN_2674105,low,genetic,,,,WormBase,,-,0,0,0,,NULL
1131,3021,CE_GEN_2674106,low,genetic,,,,WormBase,,-,0,0,0,,NULL
1131,3022,CE_GEN_2674107,low,genetic,,,,WormBase,,-,0,0,0,,NULL
1131,3023,CE_GEN_2674108,low,genetic,,,,WormBase,,-,0,0,0,,NULL
1131,3024,CE_GEN_2674109,low,genetic,,,,WormBase,,-,0,0,0,,NULL
1131,3025,CE_GEN_2674110,low,genetic,,,,WormBase,,-,0,0,0,,NULL
1131,3026,CE_GEN_2674111,low,genetic,,,,WormBase,,-,0,0,0,,NULL
1131,3027,CE_GEN_2674112,low,genetic,,,,WormBase,,-,0,0,0,,NULL
1131,3028,CE_GEN_2674113,low,genetic,,,,WormBase,,-,0,0,0,,NULL
1131,3029,CE_GEN_2674114,low,genetic,,,,WormBase,,-,0,0,0,,NULL
1131,3030,CE_GEN_2674115,low,genetic,,,,WormBase,,-,0,0,0,,NULL
1131,3031,CE_GEN_2674116,low,genetic,,,,WormBase,,-,0,0,0,,NULL
1131,3032,CE_GEN_2674118,low,genetic,,,,WormBase,,-,0,0,0,,NULL
1131,3033,CE_GEN_2674119,low,genetic,,,,WormBase,,-,0,0,0,,NULL
1131,3034,CE_GEN_2674120,low,genetic,,,,WormBase,,-,0,0,0,,NULL
1131,3035,CE_GEN_2674121,low,genetic,,,,WormBase,,-,0,0,0,,NULL
1131,3036,CE_GEN_2674122,low,genetic,,,,WormBase,,-,0,0,0,,NULL
1131,3037,CE_GEN_2674123,low,genetic,,,,WormBase,,-,0,0,0,,NULL
1131,2673,CE_GEN_2674124,low,genetic,,,,WormBase,,-,0,0,0,,NULL
1131,3038,CE_GEN_2674125,low,genetic,,,,WormBase,,-,0,0,0,,NULL
1131,3039,CE_GEN_2674126,low,genetic,,,,WormBase,,-,0,0,0,,NULL
1131,3040,CE_GEN_2674127,low,genetic,,,,WormBase,,-,0,0,0,,NULL
1131,3041,CE_GEN_2674128,low,genetic,,,,WormBase,,-,0,0,0,,NULL
1131,3042,CE_GEN_2674129,low,genetic,,,,WormBase,,-,0,0,0,,NULL
1131,3043,CE_GEN_2674130,low,genetic,,,,WormBase,,-,0,0,0,,NULL
1131,3044,CE_GEN_2674131,low,genetic,,,,WormBase,,-,0,0,0,,NULL
1131,3045,CE_GEN_2674132,low,genetic,,,,WormBase,,-,0,0,0,,NULL
1131,3046,CE_GEN_2674133,low,genetic,,,,WormBase,,-,0,0,0,,NULL
1131,3047,CE_GEN_2674134,low,genetic,,,,WormBase,,-,0,0,0,,NULL
1131,3048,CE_GEN_2674135,low,genetic,,,,WormBase,,-,0,0,0,,NULL
1131,3049,CE_GEN_2674136,low,genetic,,,,WormBase,,-,0,0,0,,NULL
1132,1133,CE_GEN_2666109,low,genetic,,,,WormBase,,-,0,0,0,,NULL
1132,1134,CE_GEN_2666110,low,genetic,,,,WormBase,,-,0,0,0,,NULL
1133,1718,CE_GEN_2674405,low,genetic,,,,WormBase,,-,0,0,0,,NULL
1133,1152,CE_GEN_2674408,moderate,genetic,,,,WormBase,,-,0,0,0,,NULL
1133,2455,CE_GEN_2674411,low,genetic,,,,WormBase,,-,0,0,0,,NULL
1133,2694,CE_GEN_2674415,low,genetic,,,,WormBase,,-,0,0,0,,NULL
1133,2798,CE_GEN_2674416,low,genetic,,,,WormBase,,-,0,0,0,,NULL
1133,1870,CE_GEN_2674417,low,genetic,,,,WormBase,,-,0,0,0,,NULL
1133,1644,CE_GEN_2674419,low,genetic,,,,WormBase,,-,0,0,0,,NULL
1133,1890,CE_GEN_2674421,low,genetic,,,,WormBase,,-,0,0,0,,NULL
1133,2982,CE_GEN_2674423,low,genetic,,,,WormBase,,-,0,0,0,,NULL
1133,1876,CE_GEN_2674424,low,genetic,,,,WormBase,,-,0,0,0,,NULL
1133,3065,CE_GEN_2674426,low,genetic,,,,WormBase,,-,0,0,0,,NULL
1133,1153,CE_GEN_2674429,low,genetic,,,,WormBase,,-,0,0,0,,NULL
1133,2875,CE_GEN_2674430,low,genetic,,,,WormBase,,-,0,0,0,,NULL
1133,3066,CE_GEN_2674431,low,genetic,,,,WormBase,,-,0,0,0,,NULL
1133,2928,CE_GEN_2674432,low,genetic,,,,WormBase,,-,0,0,0,,NULL
1134,1718,CE_GEN_2674585,low,genetic,,,,WormBase,,-,0,0,0,,NULL
1134,2094,CE_GEN_2674587,low,genetic,,,,WormBase,,-,0,0,0,,NULL
1134,2455,CE_GEN_2674589,low,genetic,,,,WormBase,,-,0,0,0,,NULL
1134,2694,CE_GEN_2674592,low,genetic,,,,WormBase,,-,0,0,0,,NULL
1134,2798,CE_GEN_2674593,low,genetic,,,,WormBase,,-,0,0,0,,NULL
1134,2818,CE_GEN_2674594,low,genetic,,,,WormBase,,-,0,0,0,,NULL
1134,1870,CE_GEN_2674595,low,genetic,,,,WormBase,,-,0,0,0,,NULL
1134,1890,CE_GEN_2674596,low,genetic,,,,WormBase,,-,0,0,0,,NULL
1134,2982,CE_GEN_2674597,low,genetic,,,,WormBase,,-,0,0,0,,NULL
1134,1876,CE_GEN_2674598,low,genetic,,,,WormBase,,-,0,0,0,,NULL
1134,3065,CE_GEN_2674600,low,genetic,,,,WormBase,,-,0,0,0,,NULL
1134,3066,CE_GEN_2674602,low,genetic,,,,WormBase,,-,0,0,0,,NULL
1134,2928,CE_GEN_2674603,low,genetic,,,,WormBase,,-,0,0,0,,NULL
1135,1136,CE_GEN_2666111,low,genetic,,,,WormBase,,-,0,0,0,,NULL
1137,1138,CE_GEN_2666391,low,genetic,,,,WormBase,,-,0,0,0,,NULL
1137,1139,CE_GEN_2666392,low,genetic,,,,WormBase,,-,0,0,0,,NULL
1137,1140,CE_GEN_2666393,low,genetic,,,,WormBase,,-,0,0,0,,NULL
1137,1141,CE_GEN_2666394,low,genetic,,,,WormBase,,-,0,0,0,,NULL
1138,1158,CE_GEN_2666417,low,genetic,,,,WormBase,,-,0,0,0,,NULL
1139,1493,CE_GEN_2667531,moderate,genetic,,,,WormBase,,-,0,0,0,,NULL
1139,1722,CE_GEN_2667534,low,genetic,,,,WormBase,,-,0,0,0,,NULL
1140,1317,CE_GEN_2671645,low,genetic,,,,WormBase,,-,0,0,0,,NULL
1140,1328,CE_GEN_2671646,low,genetic,,,,WormBase,,-,0,0,0,,NULL
1140,1818,CE_GEN_2671648,low,genetic,,,,WormBase,,-,0,0,0,,NULL
1140,2076,CE_GEN_2671649,moderate,genetic,,,,WormBase,,-,0,0,0,,NULL
1140,1182,CE_GEN_2671651,low,genetic,,,,WormBase,,-,0,0,0,,NULL
1140,2634,CE_GEN_2671652,moderate,genetic,,,,WormBase,,-,0,0,0,,NULL
1140,2780,CE_GEN_2671653,low,genetic,,,,WormBase,,-,0,0,0,,NULL
1140,1871,CE_GEN_2671654,low,genetic,,,,WormBase,,-,0,0,0,,NULL
1140,2718,CE_GEN_2671655,moderate,genetic,,,,WormBase,,-,0,0,0,,NULL
1140,2642,CE_GEN_2671656,moderate,genetic,,,,WormBase,,-,0,0,0,,NULL
1140,2781,CE_GEN_2671657,low,genetic,,,,WormBase,,-,0,0,0,,NULL
1140,2782,CE_GEN_2671658,low,genetic,,,,WormBase,,-,0,0,0,,NULL
1140,2783,CE_GEN_2671659,low,genetic,,,,WormBase,,-,0,0,0,,NULL
1141,2388,CE_GEN_2672375,low,genetic,,,,WormBase,,-,0,0,0,,NULL
1141,2795,CE_GEN_2672376,moderate,genetic,,,,WormBase,,-,0,0,0,,NULL
1141,2561,CE_GEN_2672378,low,genetic,,,,WormBase,,-,0,0,0,,NULL
1141,2757,CE_GEN_2672379,low,genetic,,,,WormBase,,-,0,0,0,,NULL
1142,1143,CE_GEN_2666395,low,genetic,,,,WormBase,,-,0,0,0,,NULL
1142,1144,CE_GEN_2666397,low,genetic,,,,WormBase,,-,0,0,0,,NULL
1143,1637,CE_GEN_2671847,low,genetic,,,,WormBase,,-,0,0,0,,NULL
1143,1598,CE_GEN_2671848,low,genetic,,,,WormBase,,-,0,0,0,,NULL
1143,2806,CE_GEN_2671849,low,genetic,,,,WormBase,,-,0,0,0,,NULL
1143,2807,CE_GEN_2671850,low,genetic,,,,WormBase,,-,0,0,0,,NULL
1144,1598,CE_GEN_2677048,low,genetic,,,,WormBase,,-,0,0,0,,NULL
1145,1146,CE_GEN_2666399,low,genetic,,,,WormBase,,-,0,0,0,,NULL
1147,1148,CE_GEN_2666401,low,genetic,,,,WormBase,,-,0,0,0,,NULL
1148,1165,CE_GEN_2669007,low,genetic,,,,WormBase,,-,0,0,0,,NULL
1148,1166,CE_GEN_2669008,low,genetic,,,,WormBase,,-,0,0,0,,NULL
1148,1269,CE_GEN_2669010,low,genetic,,,,WormBase,,-,0,0,0,,NULL
1148,1304,CE_GEN_2669011,low,genetic,,,,WormBase,,-,0,0,0,,NULL
1148,1322,CE_GEN_2669012,low,genetic,,,,WormBase,,-,0,0,0,,NULL
1148,1339,CE_GEN_2669013,low,genetic,,,,WormBase,,-,0,0,0,,NULL
1148,1403,CE_GEN_2669014,low,genetic,,,,WormBase,,-,0,0,0,,NULL
1148,1438,CE_GEN_2669015,low,genetic,,,,WormBase,,-,0,0,0,,NULL
1148,1439,CE_GEN_2669016,low,genetic,,,,WormBase,,-,0,0,0,,NULL
1148,1442,CE_GEN_2669017,low,genetic,,,,WormBase,,-,0,0,0,,NULL
1148,1441,CE_GEN_2669019,low,genetic,,,,WormBase,,-,0,0,0,,NULL
1148,1517,CE_GEN_2669020,low,genetic,,,,WormBase,,-,0,0,0,,NULL
1148,1552,CE_GEN_2669022,low,genetic,,,,WormBase,,-,0,0,0,,NULL
1148,1608,CE_GEN_2669023,low,genetic,,,,WormBase,,-,0,0,0,,NULL
1148,1692,CE_GEN_2669024,low,genetic,,,,WormBase,,-,0,0,0,,NULL
1148,1723,CE_GEN_2669027,moderate,genetic,,,,WormBase,,-,0,0,0,,NULL
1148,1638,CE_GEN_2669028,low,genetic,,,,WormBase,,-,0,0,0,,NULL
1148,1899,CE_GEN_2669029,low,genetic,,,,WormBase,,-,0,0,0,,NULL
1148,1907,CE_GEN_2669030,low,genetic,,,,WormBase,,-,0,0,0,,NULL
1148,1913,CE_GEN_2669031,moderate,genetic,,,,WormBase,,-,0,0,0,,NULL
1148,1916,CE_GEN_2669032,low,genetic,,,,WormBase,,-,0,0,0,,NULL
1148,1943,CE_GEN_2669033,low,genetic,,,,WormBase,,-,0,0,0,,NULL
1148,2009,CE_GEN_2669036,low,genetic,,,,WormBase,,-,0,0,0,,NULL
1148,2010,CE_GEN_2669037,low,genetic,,,,WormBase,,-,0,0,0,,NULL
1148,2028,CE_GEN_2669038,low,genetic,,,,WormBase,,-,0,0,0,,NULL
1148,2030,CE_GEN_2669039,low,genetic,,,,WormBase,,-,0,0,0,,NULL
1148,1467,CE_GEN_2669040,moderate,genetic,,,,WormBase,,-,0,0,0,,NULL
1148,1887,CE_GEN_2669041,low,genetic,,,,WormBase,,-,0,0,0,,NULL
1148,2095,CE_GEN_2669042,low,genetic,,,,WormBase,,-,0,0,0,,NULL
1148,2125,CE_GEN_2669043,low,genetic,,,,WormBase,,-,0,0,0,,NULL
1148,2156,CE_GEN_2669045,low,genetic,,,,WormBase,,-,0,0,0,,NULL
1148,2234,CE_GEN_2669046,low,genetic,,,,WormBase,,-,0,0,0,,NULL
1148,2235,CE_GEN_2669047,low,genetic,,,,WormBase,,-,0,0,0,,NULL
1148,2236,CE_GEN_2669048,low,genetic,,,,WormBase,,-,0,0,0,,NULL
1148,2237,CE_GEN_2669049,low,genetic,,,,WormBase,,-,0,0,0,,NULL
1148,2238,CE_GEN_2669050,low,genetic,,,,WormBase,,-,0,0,0,,NULL
1148,2160,CE_GEN_2669052,low,genetic,,,,WormBase,,-,0,0,0,,NULL
1148,2239,CE_GEN_2669053,low,genetic,,,,WormBase,,-,0,0,0,,NULL
1148,2240,CE_GEN_2669054,low,genetic,,,,WormBase,,-,0,0,0,,NULL
1148,2241,CE_GEN_2669055,low,genetic,,,,WormBase,,-,0,0,0,,NULL
1148,2242,CE_GEN_2669056,low,genetic,,,,WormBase,,-,0,0,0,,NULL
1148,2243,CE_GEN_2669058,low,genetic,,,,WormBase,,-,0,0,0,,NULL
1148,2244,CE_GEN_2669059,low,genetic,,,,WormBase,,-,0,0,0,,NULL
1148,2245,CE_GEN_2669060,low,genetic,,,,WormBase,,-,0,0,0,,NULL
1148,2246,CE_GEN_2669061,low,genetic,,,,WormBase,,-,0,0,0,,NULL
1148,2247,CE_GEN_2669062,low,genetic,,,,WormBase,,-,0,0,0,,NULL
1148,1587,CE_GEN_2669063,low,genetic,,,,WormBase,,-,0,0,0,,NULL
1148,1659,CE_GEN_2669065,low,genetic,,,,WormBase,,-,0,0,0,,NULL
1148,2248,CE_GEN_2669066,low,genetic,,,,WormBase,,-,0,0,0,,NULL
1148,2249,CE_GEN_2669067,moderate,genetic,,,,WormBase,,-,0,0,0,,NULL
1148,2250,CE_GEN_2669068,low,genetic,,,,WormBase,,-,0,0,0,,NULL
1148,2251,CE_GEN_2669070,low,genetic,,,,WormBase,,-,0,0,0,,NULL
1148,2252,CE_GEN_2669072,low,genetic,,,,WormBase,,-,0,0,0,,NULL
1148,2253,CE_GEN_2669073,low,genetic,,,,WormBase,,-,0,0,0,,NULL
1148,2254,CE_GEN_2669074,low,genetic,,,,WormBase,,-,0,0,0,,NULL
1148,2255,CE_GEN_2669075,low,genetic,,,,WormBase,,-,0,0,0,,NULL
1148,2256,CE_GEN_2669076,low,genetic,,,,WormBase,,-,0,0,0,,NULL
1148,2257,CE_GEN_2669078,low,genetic,,,,WormBase,,-,0,0,0,,NULL
1148,2258,CE_GEN_2669079,low,genetic,,,,WormBase,,-,0,0,0,,NULL
1148,2259,CE_GEN_2669080,low,genetic,,,,WormBase,,-,0,0,0,,NULL
1148,1871,CE_GEN_2669081,low,genetic,,,,WormBase,,-,0,0,0,,NULL
1148,2260,CE_GEN_2669082,low,genetic,,,,WormBase,,-,0,0,0,,NULL
1148,2261,CE_GEN_2669083,low,genetic,,,,WormBase,,-,0,0,0,,NULL
1148,2262,CE_GEN_2669085,low,genetic,,,,WormBase,,-,0,0,0,,NULL
1148,2263,CE_GEN_2669086,low,genetic,,,,WormBase,,-,0,0,0,,NULL
1148,2264,CE_GEN_2669087,low,genetic,,,,WormBase,,-,0,0,0,,NULL
1148,2265,CE_GEN_2669089,low,genetic,,,,WormBase,,-,0,0,0,,NULL
1148,1994,CE_GEN_2669090,low,genetic,,,,WormBase,,-,0,0,0,,NULL
1148,2266,CE_GEN_2669091,low,genetic,,,,WormBase,,-,0,0,0,,NULL
1148,2267,CE_GEN_2669092,low,genetic,,,,WormBase,,-,0,0,0,,NULL
1148,2268,CE_GEN_2669093,low,genetic,,,,WormBase,,-,0,0,0,,NULL
1148,1667,CE_GEN_2669094,moderate,genetic,,,,WormBase,,-,0,0,0,,NULL
1148,2269,CE_GEN_2669095,low,genetic,,,,WormBase,,-,0,0,0,,NULL
1148,2270,CE_GEN_2669096,low,genetic,,,,WormBase,,-,0,0,0,,NULL
1148,2271,CE_GEN_2669097,low,genetic,,,,WormBase,,-,0,0,0,,NULL
1148,2272,CE_GEN_2669098,low,genetic,,,,WormBase,,-,0,0,0,,NULL
1148,1670,CE_GEN_2669099,low,genetic,,,,WormBase,,-,0,0,0,,NULL
1148,2273,CE_GEN_2669100,low,genetic,,,,WormBase,,-,0,0,0,,NULL
1148,2274,CE_GEN_2669101,low,genetic,,,,WormBase,,-,0,0,0,,NULL
1148,1952,CE_GEN_2669102,low,genetic,,,,WormBase,,-,0,0,0,,NULL
1148,2275,CE_GEN_2669103,low,genetic,,,,WormBase,,-,0,0,0,,NULL
1148,2276,CE_GEN_2669104,low,genetic,,,,WormBase,,-,0,0,0,,NULL
1148,2277,CE_GEN_2669105,low,genetic,,,,WormBase,,-,0,0,0,,NULL
1148,2278,CE_GEN_2669106,low,genetic,,,,WormBase,,-,0,0,0,,NULL
1148,2279,CE_GEN_2669107,low,genetic,,,,WormBase,,-,0,0,0,,NULL
1148,2280,CE_GEN_2669108,low,genetic,,,,WormBase,,-,0,0,0,,NULL
1148,2281,CE_GEN_2669109,low,genetic,,,,WormBase,,-,0,0,0,,NULL
1148,2282,CE_GEN_2669110,low,genetic,,,,WormBase,,-,0,0,0,,NULL
1148,2283,CE_GEN_2669112,low,genetic,,,,WormBase,,-,0,0,0,,NULL
1148,2284,CE_GEN_2669113,low,genetic,,,,WormBase,,-,0,0,0,,NULL
1148,2285,CE_GEN_2669114,low,genetic,,,,WormBase,,-,0,0,0,,NULL
1148,2286,CE_GEN_2669115,low,genetic,,,,WormBase,,-,0,0,0,,NULL
1148,2287,CE_GEN_2669116,low,genetic,,,,WormBase,,-,0,0,0,,NULL
1148,2288,CE_GEN_2669117,moderate,genetic,,,,WormBase,,-,0,0,0,,NULL
1148,2289,CE_GEN_2669118,low,genetic,,,,WormBase,,-,0,0,0,,NULL
1148,2290,CE_GEN_2669119,low,genetic,,,,WormBase,,-,0,0,0,,NULL
1148,2291,CE_GEN_2669120,low,genetic,,,,WormBase,,-,0,0,0,,NULL
1148,2200,CE_GEN_2669121,low,genetic,,,,WormBase,,-,0,0,0,,NULL
1148,2292,CE_GEN_2669122,low,genetic,,,,WormBase,,-,0,0,0,,NULL
1148,2293,CE_GEN_2669123,low,genetic,,,,WormBase,,-,0,0,0,,NULL
1148,2294,CE_GEN_2669124,low,genetic,,,,WormBase,,-,0,0,0,,NULL
1148,2295,CE_GEN_2669125,low,genetic,,,,WormBase,,-,0,0,0,,NULL
1148,2296,CE_GEN_2669126,low,genetic,,,,WormBase,,-,0,0,0,,NULL
1148,2297,CE_GEN_2669127,low,genetic,,,,WormBase,,-,0,0,0,,NULL
1148,2298,CE_GEN_2669128,low,genetic,,,,WormBase,,-,0,0,0,,NULL
1148,2299,CE_GEN_2669129,low,genetic,,,,WormBase,,-,0,0,0,,NULL
1148,2300,CE_GEN_2669131,low,genetic,,,,WormBase,,-,0,0,0,,NULL
1148,2114,CE_GEN_2669132,low,genetic,,,,WormBase,,-,0,0,0,,NULL
1148,2301,CE_GEN_2669133,low,genetic,,,,WormBase,,-,0,0,0,,NULL
1148,2302,CE_GEN_2669134,low,genetic,,,,WormBase,,-,0,0,0,,NULL
1148,2303,CE_GEN_2669135,low,genetic,,,,WormBase,,-,0,0,0,,NULL
1148,2304,CE_GEN_2669136,low,genetic,,,,WormBase,,-,0,0,0,,NULL
1148,2305,CE_GEN_2669137,low,genetic,,,,WormBase,,-,0,0,0,,NULL
1148,2306,CE_GEN_2669138,low,genetic,,,,WormBase,,-,0,0,0,,NULL
1148,2307,CE_GEN_2669139,low,genetic,,,,WormBase,,-,0,0,0,,NULL
1148,2308,CE_GEN_2669140,low,genetic,,,,WormBase,,-,0,0,0,,NULL
1148,2309,CE_GEN_2669141,low,genetic,,,,WormBase,,-,0,0,0,,NULL
1148,2310,CE_GEN_2669142,low,genetic,,,,WormBase,,-,0,0,0,,NULL
1148,2311,CE_GEN_2669143,low,genetic,,,,WormBase,,-,0,0,0,,NULL
1148,2312,CE_GEN_2669145,low,genetic,,,,WormBase,,-,0,0,0,,NULL
1148,2313,CE_GEN_2669146,low,genetic,,,,WormBase,,-,0,0,0,,NULL
1148,2314,CE_GEN_2669147,low,genetic,,,,WormBase,,-,0,0,0,,NULL
1148,2315,CE_GEN_2669148,low,genetic,,,,WormBase,,-,0,0,0,,NULL
1148,2316,CE_GEN_2669150,low,genetic,,,,WormBase,,-,0,0,0,,NULL
1148,2317,CE_GEN_2669151,low,genetic,,,,WormBase,,-,0,0,0,,NULL
1148,2318,CE_GEN_2669152,low,genetic,,,,WormBase,,-,0,0,0,,NULL
1148,2319,CE_GEN_2669153,low,genetic,,,,WormBase,,-,0,0,0,,NULL
1148,2320,CE_GEN_2669154,low,genetic,,,,WormBase,,-,0,0,0,,NULL
1148,2321,CE_GEN_2669155,low,genetic,,,,WormBase,,-,0,0,0,,NULL
1148,2322,CE_GEN_2669156,low,genetic,,,,WormBase,,-,0,0,0,,NULL
1148,2323,CE_GEN_2669157,low,genetic,,,,WormBase,,-,0,0,0,,NULL
1148,2324,CE_GEN_2669159,low,genetic,,,,WormBase,,-,0,0,0,,NULL
1148,2325,CE_GEN_2669160,low,genetic,,,,WormBase,,-,0,0,0,,NULL
1148,2326,CE_GEN_2669161,low,genetic,,,,WormBase,,-,0,0,0,,NULL
1148,2327,CE_GEN_2669162,low,genetic,,,,WormBase,,-,0,0,0,,NULL
1148,2328,CE_GEN_2669163,low,genetic,,,,WormBase,,-,0,0,0,,NULL
1148,2329,CE_GEN_2669164,low,genetic,,,,WormBase,,-,0,0,0,,NULL
1148,2330,CE_GEN_2669165,low,genetic,,,,WormBase,,-,0,0,0,,NULL
1148,2331,CE_GEN_2669166,low,genetic,,,,WormBase,,-,0,0,0,,NULL
1148,2332,CE_GEN_2669167,low,genetic,,,,WormBase,,-,0,0,0,,NULL
1148,2333,CE_GEN_2669168,low,genetic,,,,WormBase,,-,0,0,0,,NULL
1148,2334,CE_GEN_2669169,low,genetic,,,,WormBase,,-,0,0,0,,NULL
1148,2335,CE_GEN_2669170,low,genetic,,,,WormBase,,-,0,0,0,,NULL
1148,2336,CE_GEN_2669171,low,genetic,,,,WormBase,,-,0,0,0,,NULL
1148,2337,CE_GEN_2669172,low,genetic,,,,WormBase,,-,0,0,0,,NULL
1148,2338,CE_GEN_2669173,low,genetic,,,,WormBase,,-,0,0,0,,NULL
1148,2339,CE_GEN_2669174,low,genetic,,,,WormBase,,-,0,0,0,,NULL
1148,2340,CE_GEN_2669175,low,genetic,,,,WormBase,,-,0,0,0,,NULL
1148,2341,CE_GEN_2669176,low,genetic,,,,WormBase,,-,0,0,0,,NULL
1148,2342,CE_GEN_2669177,low,genetic,,,,WormBase,,-,0,0,0,,NULL
1148,2343,CE_GEN_2669178,low,genetic,,,,WormBase,,-,0,0,0,,NULL
1148,2344,CE_GEN_2669179,low,genetic,,,,WormBase,,-,0,0,0,,NULL
1148,2345,CE_GEN_2669180,low,genetic,,,,WormBase,,-,0,0,0,,NULL
1148,2346,CE_GEN_2669181,low,genetic,,,,WormBase,,-,0,0,0,,NULL
1148,2347,CE_GEN_2669182,low,genetic,,,,WormBase,,-,0,0,0,,NULL
1148,2348,CE_GEN_2669183,low,genetic,,,,WormBase,,-,0,0,0,,NULL
1148,2349,CE_GEN_2669184,low,genetic,,,,WormBase,,-,0,0,0,,NULL
1148,2350,CE_GEN_2669185,low,genetic,,,,WormBase,,-,0,0,0,,NULL
1148,2351,CE_GEN_2669186,low,genetic,,,,WormBase,,-,0,0,0,,NULL
1148,2352,CE_GEN_2669187,low,genetic,,,,WormBase,,-,0,0,0,,NULL
1148,2353,CE_GEN_2669188,low,genetic,,,,WormBase,,-,0,0,0,,NULL
1148,2354,CE_GEN_2669189,low,genetic,,,,WormBase,,-,0,0,0,,NULL
1148,2355,CE_GEN_2669190,low,genetic,,,,WormBase,,-,0,0,0,,NULL
1148,2356,CE_GEN_2669191,low,genetic,,,,WormBase,,-,0,0,0,,NULL
1148,2357,CE_GEN_2669192,low,genetic,,,,WormBase,,-,0,0,0,,NULL
1148,2358,CE_GEN_2669193,low,genetic,,,,WormBase,,-,0,0,0,,NULL
1148,2359,CE_GEN_2669194,low,genetic,,,,WormBase,,-,0,0,0,,NULL
1148,2360,CE_GEN_2669195,low,genetic,,,,WormBase,,-,0,0,0,,NULL
1148,2361,CE_GEN_2669196,low,genetic,,,,WormBase,,-,0,0,0,,NULL
1148,2362,CE_GEN_2669197,low,genetic,,,,WormBase,,-,0,0,0,,NULL
1148,2363,CE_GEN_2669198,low,genetic,,,,WormBase,,-,0,0,0,,NULL
1148,2364,CE_GEN_2669199,low,genetic,,,,WormBase,,-,0,0,0,,NULL
1148,2365,CE_GEN_2669200,low,genetic,,,,WormBase,,-,0,0,0,,NULL
1148,2366,CE_GEN_2669201,low,genetic,,,,WormBase,,-,0,0,0,,NULL
1148,2367,CE_GEN_2669202,low,genetic,,,,WormBase,,-,0,0,0,,NULL
1148,2368,CE_GEN_2669203,low,genetic,,,,WormBase,,-,0,0,0,,NULL
1148,2369,CE_GEN_2669204,low,genetic,,,,WormBase,,-,0,0,0,,NULL
1148,2370,CE_GEN_2669205,low,genetic,,,,WormBase,,-,0,0,0,,NULL
1148,2371,CE_GEN_2669206,low,genetic,,,,WormBase,,-,0,0,0,,NULL
1148,2372,CE_GEN_2669207,low,genetic,,,,WormBase,,-,0,0,0,,NULL
1148,2373,CE_GEN_2669208,low,genetic,,,,WormBase,,-,0,0,0,,NULL
1148,2374,CE_GEN_2669209,low,genetic,,,,WormBase,,-,0,0,0,,NULL
1148,2375,CE_GEN_2669210,low,genetic,,,,WormBase,,-,0,0,0,,NULL
1148,2376,CE_GEN_2669211,low,genetic,,,,WormBase,,-,0,0,0,,NULL
1148,2377,CE_GEN_2669212,low,genetic,,,,WormBase,,-,0,0,0,,NULL
1148,2378,CE_GEN_2669213,low,genetic,,,,WormBase,,-,0,0,0,,NULL
1148,2379,CE_GEN_2669214,low,genetic,,,,WormBase,,-,0,0,0,,NULL
1148,2380,CE_GEN_2669215,low,genetic,,,,WormBase,,-,0,0,0,,NULL
1151,1152,CE_GEN_2666407,low,genetic,,,,WormBase,,-,0,0,0,,NULL
1151,1153,CE_GEN_2666408,low,genetic,,,,WormBase,,-,0,0,0,,NULL
1152,1154,CE_GEN_2668853,low,genetic,,,,WormBase,,-,0,0,0,,NULL
1152,1155,CE_GEN_2668854,low,genetic,,,,WormBase,,-,0,0,0,,NULL
1152,1196,CE_GEN_2668855,low,genetic,,,,WormBase,,-,0,0,0,,NULL
1152,1243,CE_GEN_2668856,low,genetic,,,,WormBase,,-,0,0,0,,NULL
1152,1265,CE_GEN_2668857,low,genetic,,,,WormBase,,-,0,0,0,,NULL
1152,1270,CE_GEN_2668858,moderate,genetic,,,,WormBase,,-,0,0,0,,NULL
1152,1527,CE_GEN_2668860,low,genetic,,,,WormBase,,-,0,0,0,,NULL
1152,1529,CE_GEN_2668861,low,genetic,,,,WormBase,,-,0,0,0,,NULL
1152,1176,CE_GEN_2668862,low,genetic,,,,WormBase,,-,0,0,0,,NULL
1152,1530,CE_GEN_2668863,low,genetic,,,,WormBase,,-,0,0,0,,NULL
1152,1756,CE_GEN_2668865,moderate,genetic,,,,WormBase,,-,0,0,0,,NULL
1152,1760,CE_GEN_2668866,low,genetic,,,,WormBase,,-,0,0,0,,NULL
1152,1859,CE_GEN_2668869,low,genetic,,,,WormBase,,-,0,0,0,,NULL
1152,1980,CE_GEN_2668871,low,genetic,,,,WormBase,,-,0,0,0,,NULL
1152,2008,CE_GEN_2668872,low,genetic,,,,WormBase,,-,0,0,0,,NULL
1152,2054,CE_GEN_2668873,low,genetic,,,,WormBase,,-,0,0,0,,NULL
1152,1201,CE_GEN_2668876,low,genetic,,,,WormBase,,-,0,0,0,,NULL
1152,2146,CE_GEN_2668877,low,genetic,,,,WormBase,,-,0,0,0,,NULL
1152,2154,CE_GEN_2668879,low,genetic,,,,WormBase,,-,0,0,0,,NULL
1152,2157,CE_GEN_2668880,low,genetic,,,,WormBase,,-,0,0,0,,NULL
1152,2160,CE_GEN_2668881,moderate,genetic,,,,WormBase,,-,0,0,0,,NULL
1152,1156,CE_GEN_2668883,low,genetic,,,,WormBase,,-,0,0,0,,NULL
1152,1680,CE_GEN_2668884,low,genetic,,,,WormBase,,-,0,0,0,,NULL
1152,2161,CE_GEN_2668886,low,genetic,,,,WormBase,,-,0,0,0,,NULL
1152,1413,CE_GEN_2668887,low,genetic,,,,WormBase,,-,0,0,0,,NULL
1152,2106,CE_GEN_2668888,low,genetic,,,,WormBase,,-,0,0,0,,NULL
1152,2162,CE_GEN_2668890,low,genetic,,,,WormBase,,-,0,0,0,,NULL
1152,2163,CE_GEN_2668891,low,genetic,,,,WormBase,,-,0,0,0,,NULL
1152,2164,CE_GEN_2668893,low,genetic,,,,WormBase,,-,0,0,0,,NULL
1152,2165,CE_GEN_2668894,low,genetic,,,,WormBase,,-,0,0,0,,NULL
1152,2166,CE_GEN_2668897,moderate,genetic,,,,WormBase,,-,0,0,0,,NULL
1152,2167,CE_GEN_2668898,low,genetic,,,,WormBase,,-,0,0,0,,NULL
1152,2168,CE_GEN_2668902,low,genetic,,,,WormBase,,-,0,0,0,,NULL
1152,2169,CE_GEN_2668904,low,genetic,,,,WormBase,,-,0,0,0,,NULL
1152,2170,CE_GEN_2668905,low,genetic,,,,WormBase,,-,0,0,0,,NULL
1152,2171,CE_GEN_2668907,low,genetic,,,,WormBase,,-,0,0,0,,NULL
1152,2172,CE_GEN_2668908,low,genetic,,,,WormBase,,-,0,0,0,,NULL
1152,1879,CE_GEN_2668909,low,genetic,,,,WormBase,,-,0,0,0,,NULL
1152,2173,CE_GEN_2668910,low,genetic,,,,WormBase,,-,0,0,0,,NULL
1152,2174,CE_GEN_2668911,low,genetic,,,,WormBase,,-,0,0,0,,NULL
1152,2175,CE_GEN_2668912,low,genetic,,,,WormBase,,-,0,0,0,,NULL
1152,2176,CE_GEN_2668913,low,genetic,,,,WormBase,,-,0,0,0,,NULL
1152,2177,CE_GEN_2668914,low,genetic,,,,WormBase,,-,0,0,0,,NULL
1152,2178,CE_GEN_2668915,low,genetic,,,,WormBase,,-,0,0,0,,NULL
1152,2179,CE_GEN_2668916,low,genetic,,,,WormBase,,-,0,0,0,,NULL
1152,2180,CE_GEN_2668917,low,genetic,,,,WormBase,,-,0,0,0,,NULL
1152,1232,CE_GEN_2668918,low,genetic,,,,WormBase,,-,0,0,0,,NULL
1152,2181,CE_GEN_2668919,low,genetic,,,,WormBase,,-,0,0,0,,NULL
1152,2182,CE_GEN_2668920,low,genetic,,,,WormBase,,-,0,0,0,,NULL
1152,2183,CE_GEN_2668921,low,genetic,,,,WormBase,,-,0,0,0,,NULL
1152,2184,CE_GEN_2668922,low,genetic,,,,WormBase,,-,0,0,0,,NULL
1152,2185,CE_GEN_2668923,low,genetic,,,,WormBase,,-,0,0,0,,NULL
1152,2186,CE_GEN_2668924,low,genetic,,,,WormBase,,-,0,0,0,,NULL
1152,2187,CE_GEN_2668925,low,genetic,,,,WormBase,,-,0,0,0,,NULL
1152,2134,CE_GEN_2668926,moderate,genetic,,,,WormBase,,-,0,0,0,,NULL
1152,2188,CE_GEN_2668927,low,genetic,,,,WormBase,,-,0,0,0,,NULL
1152,1367,CE_GEN_2668929,low,genetic,,,,WormBase,,-,0,0,0,,NULL
1152,1875,CE_GEN_2668930,low,genetic,,,,WormBase,,-,0,0,0,,NULL
1152,2189,CE_GEN_2668933,low,genetic,,,,WormBase,,-,0,0,0,,NULL
1152,2112,CE_GEN_2668935,low,genetic,,,,WormBase,,-,0,0,0,,NULL
1152,2190,CE_GEN_2668938,low,genetic,,,,WormBase,,-,0,0,0,,NULL
1152,2147,CE_GEN_2668939,moderate,genetic,,,,WormBase,,-,0,0,0,,NULL
1152,2191,CE_GEN_2668940,low,genetic,,,,WormBase,,-,0,0,0,,NULL
1152,2192,CE_GEN_2668941,low,genetic,,,,WormBase,,-,0,0,0,,NULL
1152,2193,CE_GEN_2668942,low,genetic,,,,WormBase,,-,0,0,0,,NULL
1152,2194,CE_GEN_2668943,low,genetic,,,,WormBase,,-,0,0,0,,NULL
1152,2195,CE_GEN_2668944,low,genetic,,,,WormBase,,-,0,0,0,,NULL
1152,2196,CE_GEN_2668946,low,genetic,,,,WormBase,,-,0,0,0,,NULL
1152,2197,CE_GEN_2668948,low,genetic,,,,WormBase,,-,0,0,0,,NULL
1152,2198,CE_GEN_2668950,low,genetic,,,,WormBase,,-,0,0,0,,NULL
1152,2199,CE_GEN_2668951,low,genetic,,,,WormBase,,-,0,0,0,,NULL
1152,2200,CE_GEN_2668954,low,genetic,,,,WormBase,,-,0,0,0,,NULL
1152,2201,CE_GEN_2668956,low,genetic,,,,WormBase,,-,0,0,0,,NULL
1152,1373,CE_GEN_2668957,low,genetic,,,,WormBase,,-,0,0,0,,NULL
1152,2202,CE_GEN_2668958,low,genetic,,,,WormBase,,-,0,0,0,,NULL
1152,1750,CE_GEN_2668959,low,genetic,,,,WormBase,,-,0,0,0,,NULL
1152,1153,CE_GEN_2668960,low,genetic,,,,WormBase,,-,0,0,0,,NULL
1152,2203,CE_GEN_2668961,low,genetic,,,,WormBase,,-,0,0,0,,NULL
1152,2204,CE_GEN_2668962,low,genetic,,,,WormBase,,-,0,0,0,,NULL
1152,2205,CE_GEN_2668964,low,genetic,,,,WormBase,,-,0,0,0,,NULL
1152,2206,CE_GEN_2668966,low,genetic,,,,WormBase,,-,0,0,0,,NULL
1152,2207,CE_GEN_2668967,low,genetic,,,,WormBase,,-,0,0,0,,NULL
1152,2208,CE_GEN_2668968,low,genetic,,,,WormBase,,-,0,0,0,,NULL
1152,2209,CE_GEN_2668969,low,genetic,,,,WormBase,,-,0,0,0,,NULL
1152,2210,CE_GEN_2668970,low,genetic,,,,WormBase,,-,0,0,0,,NULL
1152,2211,CE_GEN_2668971,low,genetic,,,,WormBase,,-,0,0,0,,NULL
1152,2212,CE_GEN_2668972,low,genetic,,,,WormBase,,-,0,0,0,,NULL
1152,2213,CE_GEN_2668973,low,genetic,,,,WormBase,,-,0,0,0,,NULL
1152,2214,CE_GEN_2668977,low,genetic,,,,WormBase,,-,0,0,0,,NULL
1152,2215,CE_GEN_2668978,low,genetic,,,,WormBase,,-,0,0,0,,NULL
1152,2216,CE_GEN_2668979,low,genetic,,,,WormBase,,-,0,0,0,,NULL
1152,2217,CE_GEN_2668980,low,genetic,,,,WormBase,,-,0,0,0,,NULL
1152,2218,CE_GEN_2668981,low,genetic,,,,WormBase,,-,0,0,0,,NULL
1152,2219,CE_GEN_2668982,low,genetic,,,,WormBase,,-,0,0,0,,NULL
1152,2220,CE_GEN_2668983,low,genetic,,,,WormBase,,-,0,0,0,,NULL
1152,2221,CE_GEN_2668984,low,genetic,,,,WormBase,,-,0,0,0,,NULL
1152,2222,CE_GEN_2668985,low,genetic,,,,WormBase,,-,0,0,0,,NULL
1152,2223,CE_GEN_2668986,low,genetic,,,,WormBase,,-,0,0,0,,NULL
1152,2224,CE_GEN_2668987,low,genetic,,,,WormBase,,-,0,0,0,,NULL
1152,2225,CE_GEN_2668988,low,genetic,,,,WormBase,,-,0,0,0,,NULL
1152,2226,CE_GEN_2668989,low,genetic,,,,WormBase,,-,0,0,0,,NULL
1152,2227,CE_GEN_2668990,low,genetic,,,,WormBase,,-,0,0,0,,NULL
1152,1783,CE_GEN_2668991,low,genetic,,,,WormBase,,-,0,0,0,,NULL
1152,2228,CE_GEN_2668992,low,genetic,,,,WormBase,,-,0,0,0,,NULL
1152,2229,CE_GEN_2668993,low,genetic,,,,WormBase,,-,0,0,0,,NULL
1152,2230,CE_GEN_2668994,low,genetic,,,,WormBase,,-,0,0,0,,NULL
1152,2231,CE_GEN_2668995,low,genetic,,,,WormBase,,-,0,0,0,,NULL
1152,2232,CE_GEN_2668996,low,genetic,,,,WormBase,,-,0,0,0,,NULL
1153,1154,CE_GEN_2675837,low,genetic,,,,WormBase,,-,0,0,0,,NULL
1153,1155,CE_GEN_2675838,low,genetic,,,,WormBase,,-,0,0,0,,NULL
1153,1270,CE_GEN_2675839,low,genetic,,,,WormBase,,-,0,0,0,,NULL
1153,1529,CE_GEN_2675841,low,genetic,,,,WormBase,,-,0,0,0,,NULL
1153,1530,CE_GEN_2675842,low,genetic,,,,WormBase,,-,0,0,0,,NULL
1153,1756,CE_GEN_2675844,low,genetic,,,,WormBase,,-,0,0,0,,NULL
1153,1760,CE_GEN_2675845,low,genetic,,,,WormBase,,-,0,0,0,,NULL
1153,1799,CE_GEN_2675847,low,genetic,,,,WormBase,,-,0,0,0,,NULL
1153,1859,CE_GEN_2675849,low,genetic,,,,WormBase,,-,0,0,0,,NULL
1153,1980,CE_GEN_2675850,low,genetic,,,,WormBase,,-,0,0,0,,NULL
1153,2008,CE_GEN_2675851,low,genetic,,,,WormBase,,-,0,0,0,,NULL
1153,2054,CE_GEN_2675852,low,genetic,,,,WormBase,,-,0,0,0,,NULL
1153,1201,CE_GEN_2675854,low,genetic,,,,WormBase,,-,0,0,0,,NULL
1153,2146,CE_GEN_2675855,low,genetic,,,,WormBase,,-,0,0,0,,NULL
1153,2154,CE_GEN_2675857,low,genetic,,,,WormBase,,-,0,0,0,,NULL
1153,2157,CE_GEN_2675858,low,genetic,,,,WormBase,,-,0,0,0,,NULL
1153,1680,CE_GEN_2675861,low,genetic,,,,WormBase,,-,0,0,0,,NULL
1153,1413,CE_GEN_2675863,low,genetic,,,,WormBase,,-,0,0,0,,NULL
1153,2162,CE_GEN_2675864,low,genetic,,,,WormBase,,-,0,0,0,,NULL
1153,2163,CE_GEN_2675865,low,genetic,,,,WormBase,,-,0,0,0,,NULL
1153,2170,CE_GEN_2675870,low,genetic,,,,WormBase,,-,0,0,0,,NULL
1153,2171,CE_GEN_2675871,low,genetic,,,,WormBase,,-,0,0,0,,NULL
1153,2172,CE_GEN_2675872,low,genetic,,,,WormBase,,-,0,0,0,,NULL
1153,2173,CE_GEN_2675873,low,genetic,,,,WormBase,,-,0,0,0,,NULL
1153,2174,CE_GEN_2675874,low,genetic,,,,WormBase,,-,0,0,0,,NULL
1153,2175,CE_GEN_2675875,low,genetic,,,,WormBase,,-,0,0,0,,NULL
1153,2176,CE_GEN_2675876,low,genetic,,,,WormBase,,-,0,0,0,,NULL
1153,2177,CE_GEN_2675877,low,genetic,,,,WormBase,,-,0,0,0,,NULL
1153,2179,CE_GEN_2675878,low,genetic,,,,WormBase,,-,0,0,0,,NULL
1153,2180,CE_GEN_2675879,low,genetic,,,,WormBase,,-,0,0,0,,NULL
1153,2182,CE_GEN_2675880,low,genetic,,,,WormBase,,-,0,0,0,,NULL
1153,2183,CE_GEN_2675881,low,genetic,,,,WormBase,,-,0,0,0,,NULL
1153,2184,CE_GEN_2675882,low,genetic,,,,WormBase,,-,0,0,0,,NULL
1153,2185,CE_GEN_2675883,low,genetic,,,,WormBase,,-,0,0,0,,NULL
1153,2186,CE_GEN_2675884,low,genetic,,,,WormBase,,-,0,0,0,,NULL
1153,2187,CE_GEN_2675885,low,genetic,,,,WormBase,,-,0,0,0,,NULL
1153,2134,CE_GEN_2675886,low,genetic,,,,WormBase,,-,0,0,0,,NULL
1153,2441,CE_GEN_2675891,low,genetic,,,,WormBase,,-,0,0,0,,NULL
1153,2191,CE_GEN_2675892,low,genetic,,,,WormBase,,-,0,0,0,,NULL
1153,2193,CE_GEN_2675893,low,genetic,,,,WormBase,,-,0,0,0,,NULL
1153,2196,CE_GEN_2675894,low,genetic,,,,WormBase,,-,0,0,0,,NULL
1153,2197,CE_GEN_2675896,low,genetic,,,,WormBase,,-,0,0,0,,NULL
1153,2199,CE_GEN_2675897,low,genetic,,,,WormBase,,-,0,0,0,,NULL
1153,2200,CE_GEN_2675898,low,genetic,,,,WormBase,,-,0,0,0,,NULL
1153,1373,CE_GEN_2675899,low,genetic,,,,WormBase,,-,0,0,0,,NULL
1153,1750,CE_GEN_2675900,low,genetic,,,,WormBase,,-,0,0,0,,NULL
1153,2203,CE_GEN_2675901,low,genetic,,,,WormBase,,-,0,0,0,,NULL
1153,2206,CE_GEN_2675903,low,genetic,,,,WormBase,,-,0,0,0,,NULL
1153,2207,CE_GEN_2675904,low,genetic,,,,WormBase,,-,0,0,0,,NULL
1153,2210,CE_GEN_2675905,low,genetic,,,,WormBase,,-,0,0,0,,NULL
1153,2213,CE_GEN_2675906,low,genetic,,,,WormBase,,-,0,0,0,,NULL
1153,2220,CE_GEN_2675909,low,genetic,,,,WormBase,,-,0,0,0,,NULL
1153,2221,CE_GEN_2675910,low,genetic,,,,WormBase,,-,0,0,0,,NULL
1153,2224,CE_GEN_2675911,low,genetic,,,,WormBase,,-,0,0,0,,NULL
1153,2229,CE_GEN_2675912,low,genetic,,,,WormBase,,-,0,0,0,,NULL
1153,2230,CE_GEN_2675913,low,genetic,,,,WormBase,,-,0,0,0,,NULL
1155,1156,CE_GEN_2666412,low,genetic,,,,WormBase,,-,0,0,0,,NULL
1155,1157,CE_GEN_2666415,low,genetic,,,,WormBase,,-,0,0,0,,NULL
1156,1230,CE_GEN_2669787,low,genetic,,,,WormBase,,-,0,0,0,,NULL
1156,1528,CE_GEN_2669789,low,genetic,,,,WormBase,,-,0,0,0,,NULL
1156,2000,CE_GEN_2669792,low,genetic,,,,WormBase,,-,0,0,0,,NULL
1156,1201,CE_GEN_2669793,low,genetic,,,,WormBase,,-,0,0,0,,NULL
1156,2141,CE_GEN_2669795,low,genetic,,,,WormBase,,-,0,0,0,,NULL
1156,2482,CE_GEN_2669799,low,genetic,,,,WormBase,,-,0,0,0,,NULL
1156,2483,CE_GEN_2669800,low,genetic,,,,WormBase,,-,0,0,0,,NULL
1156,2484,CE_GEN_2669801,low,genetic,,,,WormBase,,-,0,0,0,,NULL
1156,2386,CE_GEN_2669803,low,genetic,,,,WormBase,,-,0,0,0,,NULL
1156,1627,CE_GEN_2669804,low,genetic,,,,WormBase,,-,0,0,0,,NULL
1156,2485,CE_GEN_2669805,low,genetic,,,,WormBase,,-,0,0,0,,NULL
1156,1711,CE_GEN_2669806,low,genetic,,,,WormBase,,-,0,0,0,,NULL
1156,2254,CE_GEN_2669808,low,genetic,,,,WormBase,,-,0,0,0,,NULL
1156,2173,CE_GEN_2669809,low,genetic,,,,WormBase,,-,0,0,0,,NULL
1156,1590,CE_GEN_2669811,low,genetic,,,,WormBase,,-,0,0,0,,NULL
1156,2456,CE_GEN_2669812,low,genetic,,,,WormBase,,-,0,0,0,,NULL
1156,1561,CE_GEN_2669813,low,genetic,,,,WormBase,,-,0,0,0,,NULL
1156,1503,CE_GEN_2669814,low,genetic,,,,WormBase,,-,0,0,0,,NULL
1156,1834,CE_GEN_2669816,low,genetic,,,,WormBase,,-,0,0,0,,NULL
1156,2486,CE_GEN_2669818,low,genetic,,,,WormBase,,-,0,0,0,,NULL
1156,2487,CE_GEN_2669819,low,genetic,,,,WormBase,,-,0,0,0,,NULL
1156,1836,CE_GEN_2669820,low,genetic,,,,WormBase,,-,0,0,0,,NULL
1156,2488,CE_GEN_2669822,low,genetic,,,,WormBase,,-,0,0,0,,NULL
1156,2045,CE_GEN_2669824,low,genetic,,,,WormBase,,-,0,0,0,,NULL
1156,2489,CE_GEN_2669825,low,genetic,,,,WormBase,,-,0,0,0,,NULL
1156,1703,CE_GEN_2669826,low,genetic,,,,WormBase,,-,0,0,0,,NULL
1156,1302,CE_GEN_2669827,low,genetic,,,,WormBase,,-,0,0,0,,NULL
1156,2490,CE_GEN_2669828,low,genetic,,,,WormBase,,-,0,0,0,,NULL
1156,2356,CE_GEN_2669829,low,genetic,,,,WormBase,,-,0,0,0,,NULL
1156,1851,CE_GEN_2669830,low,genetic,,,,WormBase,,-,0,0,0,,NULL
1156,2491,CE_GEN_2669831,low,genetic,,,,WormBase,,-,0,0,0,,NULL
1156,2492,CE_GEN_2669832,low,genetic,,,,WormBase,,-,0,0,0,,NULL
1157,1378,CE_GEN_2676869,low,genetic,,,,WormBase,,-,0,0,0,,NULL
1157,3139,CE_GEN_2676870,moderate,genetic,,,,WormBase,,-,0,0,0,,NULL
1160,1161,CE_GEN_2666419,low,genetic,,,,WormBase,,-,0,0,0,,NULL
1161,1313,CE_GEN_2668713,low,genetic,,,,WormBase,,-,0,0,0,,NULL
1161,1420,CE_GEN_2668714,low,genetic,,,,WormBase,,-,0,0,0,,NULL
1161,1693,CE_GEN_2668718,low,genetic,,,,WormBase,,-,0,0,0,,NULL
1161,1940,CE_GEN_2668720,low,genetic,,,,WormBase,,-,0,0,0,,NULL
1161,1991,CE_GEN_2668721,low,genetic,,,,WormBase,,-,0,0,0,,NULL
1161,1510,CE_GEN_2668722,low,genetic,,,,WormBase,,-,0,0,0,,NULL
1161,2061,CE_GEN_2668723,low,genetic,,,,WormBase,,-,0,0,0,,NULL
1161,1518,CE_GEN_2668724,low,genetic,,,,WormBase,,-,0,0,0,,NULL
1161,2127,CE_GEN_2668732,low,genetic,,,,WormBase,,-,0,0,0,,NULL
1161,2128,CE_GEN_2668733,low,genetic,,,,WormBase,,-,0,0,0,,NULL
1161,2129,CE_GEN_2668736,low,genetic,,,,WormBase,,-,0,0,0,,NULL
1161,1280,CE_GEN_2668737,low,genetic,,,,WormBase,,-,0,0,0,,NULL
1161,2130,CE_GEN_2668738,low,genetic,,,,WormBase,,-,0,0,0,,NULL
1161,2131,CE_GEN_2668739,low,genetic,,,,WormBase,,-,0,0,0,,NULL
1161,2132,CE_GEN_2668740,low,genetic,,,,WormBase,,-,0,0,0,,NULL
1161,2086,CE_GEN_2668741,low,genetic,,,,WormBase,,-,0,0,0,,NULL
1161,2133,CE_GEN_2668742,low,genetic,,,,WormBase,,-,0,0,0,,NULL
1161,2134,CE_GEN_2668746,low,genetic,,,,WormBase,,-,0,0,0,,NULL
1161,2135,CE_GEN_2668747,low,genetic,,,,WormBase,,-,0,0,0,,NULL
1161,1523,CE_GEN_2668750,low,genetic,,,,WormBase,,-,0,0,0,,NULL
1161,2022,CE_GEN_2668751,low,genetic,,,,WormBase,,-,0,0,0,,NULL
1161,2136,CE_GEN_2668752,low,genetic,,,,WormBase,,-,0,0,0,,NULL
1161,2137,CE_GEN_2668753,low,genetic,,,,WormBase,,-,0,0,0,,NULL
1161,2138,CE_GEN_2668754,low,genetic,,,,WormBase,,-,0,0,0,,NULL
1161,1737,CE_GEN_2668755,low,genetic,,,,WormBase,,-,0,0,0,,NULL
1161,2139,CE_GEN_2668756,low,genetic,,,,WormBase,,-,0,0,0,,NULL
1161,2140,CE_GEN_2668757,low,genetic,,,,WormBase,,-,0,0,0,,NULL
1163,1164,CE_GEN_2666431,low,genetic,,,,WormBase,,-,0,0,0,,NULL
1164,1777,CE_GEN_2673561,low,genetic,,,,WormBase,,-,0,0,0,,NULL
1167,1168,CE_GEN_2666435,moderate,genetic,,,,WormBase,,-,0,0,0,,NULL
1167,1169,CE_GEN_2666436,low,genetic,,,,WormBase,,-,0,0,0,,NULL
1168,1467,CE_GEN_2672517,low,genetic,,,,WormBase,,-,0,0,0,,NULL
1168,2747,CE_GEN_2672521,low,genetic,,,,WormBase,,-,0,0,0,,NULL
1169,1203,CE_GEN_2682836,low,genetic,,,,WormBase,,-,0,0,0,,NULL
1169,1414,CE_GEN_2682838,low,genetic,,,,WormBase,,-,0,0,0,,NULL
1169,1415,CE_GEN_2682839,low,genetic,,,,WormBase,,-,0,0,0,,NULL
1169,1491,CE_GEN_2682841,low,genetic,,,,WormBase,,-,0,0,0,,NULL
1169,1494,CE_GEN_2682842,low,genetic,,,,WormBase,,-,0,0,0,,NULL
1169,1568,CE_GEN_2682843,low,genetic,,,,WormBase,,-,0,0,0,,NULL
1169,1678,CE_GEN_2682846,low,genetic,,,,WormBase,,-,0,0,0,,NULL
1169,1516,CE_GEN_2682848,low,genetic,,,,WormBase,,-,0,0,0,,NULL
1169,1760,CE_GEN_2682849,low,genetic,,,,WormBase,,-,0,0,0,,NULL
1169,1896,CE_GEN_2682850,low,genetic,,,,WormBase,,-,0,0,0,,NULL
1169,1947,CE_GEN_2682854,low,genetic,,,,WormBase,,-,0,0,0,,NULL
1169,1727,CE_GEN_2682855,low,genetic,,,,WormBase,,-,0,0,0,,NULL
1169,2406,CE_GEN_2682856,low,genetic,,,,WormBase,,-,0,0,0,,NULL
1169,2409,CE_GEN_2682857,low,genetic,,,,WormBase,,-,0,0,0,,NULL
1169,2436,CE_GEN_2682858,low,genetic,,,,WormBase,,-,0,0,0,,NULL
1169,2099,CE_GEN_2682859,low,genetic,,,,WormBase,,-,0,0,0,,NULL
1169,2480,CE_GEN_2682861,low,genetic,,,,WormBase,,-,0,0,0,,NULL
1169,2481,CE_GEN_2682862,low,genetic,,,,WormBase,,-,0,0,0,,NULL
1169,2607,CE_GEN_2682864,low,genetic,,,,WormBase,,-,0,0,0,,NULL
1169,1477,CE_GEN_2682870,low,genetic,,,,WormBase,,-,0,0,0,,NULL
1169,1728,CE_GEN_2682871,low,genetic,,,,WormBase,,-,0,0,0,,NULL
1169,1729,CE_GEN_2682874,low,genetic,,,,WormBase,,-,0,0,0,,NULL
1169,2819,CE_GEN_2682875,low,genetic,,,,WormBase,,-,0,0,0,,NULL
1169,1481,CE_GEN_2682876,low,genetic,,,,WormBase,,-,0,0,0,,NULL
1169,1502,CE_GEN_2682877,low,genetic,,,,WormBase,,-,0,0,0,,NULL
1169,2871,CE_GEN_2682878,low,genetic,,,,WormBase,,-,0,0,0,,NULL
1169,2883,CE_GEN_2682879,low,genetic,,,,WormBase,,-,0,0,0,,NULL
1169,2133,CE_GEN_2682880,low,genetic,,,,WormBase,,-,0,0,0,,NULL
1169,2913,CE_GEN_2682881,low,genetic,,,,WormBase,,-,0,0,0,,NULL
1169,1994,CE_GEN_2682882,low,genetic,,,,WormBase,,-,0,0,0,,NULL
1169,1928,CE_GEN_2682884,low,genetic,,,,WormBase,,-,0,0,0,,NULL
1169,1452,CE_GEN_2682886,low,genetic,,,,WormBase,,-,0,0,0,,NULL
1169,1732,CE_GEN_2682887,low,genetic,,,,WormBase,,-,0,0,0,,NULL
1169,1876,CE_GEN_2682888,low,genetic,,,,WormBase,,-,0,0,0,,NULL
1169,2926,CE_GEN_2682891,low,genetic,,,,WormBase,,-,0,0,0,,NULL
1169,1733,CE_GEN_2682892,low,genetic,,,,WormBase,,-,0,0,0,,NULL
1169,3084,CE_GEN_2682895,low,genetic,,,,WormBase,,-,0,0,0,,NULL
1169,1734,CE_GEN_2682896,low,genetic,,,,WormBase,,-,0,0,0,,NULL
1169,1735,CE_GEN_2682898,low,genetic,,,,WormBase,,-,0,0,0,,NULL
1169,1682,CE_GEN_2682900,low,genetic,,,,WormBase,,-,0,0,0,,NULL
1169,1547,CE_GEN_2682902,low,genetic,,,,WormBase,,-,0,0,0,,NULL
1169,1845,CE_GEN_2682903,low,genetic,,,,WormBase,,-,0,0,0,,NULL
1169,3138,CE_GEN_2682905,low,genetic,,,,WormBase,,-,0,0,0,,NULL
1169,3148,CE_GEN_2682906,low,genetic,,,,WormBase,,-,0,0,0,,NULL
1169,2816,CE_GEN_2682907,low,genetic,,,,WormBase,,-,0,0,0,,NULL
1169,3153,CE_GEN_2682908,low,genetic,,,,WormBase,,-,0,0,0,,NULL
1169,3154,CE_GEN_2682909,low,genetic,,,,WormBase,,-,0,0,0,,NULL
1169,2929,CE_GEN_2682910,low,genetic,,,,WormBase,,-,0,0,0,,NULL
1169,2001,CE_GEN_2682911,low,genetic,,,,WormBase,,-,0,0,0,,NULL
1169,3160,CE_GEN_2682912,low,genetic,,,,WormBase,,-,0,0,0,,NULL
1169,2027,CE_GEN_2682913,low,genetic,,,,WormBase,,-,0,0,0,,NULL
1169,2726,CE_GEN_2682914,low,genetic,,,,WormBase,,-,0,0,0,,NULL
1170,1171,CE_GEN_2666439,low,genetic,,,,WormBase,,-,0,0,0,,NULL
1170,1172,CE_GEN_2666440,low,genetic,,,,WormBase,,-,0,0,0,,NULL
1170,1173,CE_GEN_2666441,low,genetic,,,,WormBase,,-,0,0,0,,NULL
1171,2152,CE_GEN_2672214,low,genetic,,,,WormBase,,-,0,0,0,,NULL
1171,1329,CE_GEN_2672215,low,genetic,,,,WormBase,,-,0,0,0,,NULL
1171,1221,CE_GEN_2672216,low,genetic,,,,WormBase,,-,0,0,0,,NULL
1171,2850,CE_GEN_2672217,low,genetic,,,,WormBase,,-,0,0,0,,NULL
1171,1782,CE_GEN_2672218,low,genetic,,,,WormBase,,-,0,0,0,,NULL
1172,1326,CE_GEN_2673954,low,genetic,,,,WormBase,,-,0,0,0,,NULL
1172,2919,CE_GEN_2673957,low,genetic,,,,WormBase,,-,0,0,0,,NULL
1172,1563,CE_GEN_2673958,low,genetic,,,,WormBase,,-,0,0,0,,NULL
1172,1648,CE_GEN_2673959,low,genetic,,,,WormBase,,-,0,0,0,,NULL
1173,1314,CE_GEN_2674643,low,genetic,,,,WormBase,,-,0,0,0,,NULL
1173,1493,CE_GEN_2674644,low,genetic,,,,WormBase,,-,0,0,0,,NULL
1173,1279,CE_GEN_2674645,low,genetic,,,,WormBase,,-,0,0,0,,NULL
1173,1463,CE_GEN_2674650,low,genetic,,,,WormBase,,-,0,0,0,,NULL
1173,1778,CE_GEN_2674652,low,genetic,,,,WormBase,,-,0,0,0,,NULL
1173,1779,CE_GEN_2674654,low,genetic,,,,WormBase,,-,0,0,0,,NULL
1173,2532,CE_GEN_2674656,low,genetic,,,,WormBase,,-,0,0,0,,NULL
1173,1780,CE_GEN_2674657,low,genetic,,,,WormBase,,-,0,0,0,,NULL
1173,1281,CE_GEN_2674658,low,genetic,,,,WormBase,,-,0,0,0,,NULL
1173,2048,CE_GEN_2674659,low,genetic,,,,WormBase,,-,0,0,0,,NULL
1173,2906,CE_GEN_2674661,low,genetic,,,,WormBase,,-,0,0,0,,NULL
1173,1781,CE_GEN_2674662,low,genetic,,,,WormBase,,-,0,0,0,,NULL
1173,1782,CE_GEN_2674664,low,genetic,,,,WormBase,,-,0,0,0,,NULL
1173,1412,CE_GEN_2674665,low,genetic,,,,WormBase,,-,0,0,0,,NULL
1173,1783,CE_GEN_2674666,low,genetic,,,,WormBase,,-,0,0,0,,NULL
1174,1175,CE_GEN_2666442,low,genetic,,,,WormBase,,-,0,0,0,,NULL
1174,1176,CE_GEN_2666443,low,genetic,,,,WormBase,,-,0,0,0,,NULL
1174,1177,CE_GEN_2666446,low,genetic,,,,WormBase,,-,0,0,0,,NULL
1174,1178,CE_GEN_2666447,low,genetic,,,,WormBase,,-,0,0,0,,NULL
1176,1510,CE_GEN_2667131,low,genetic,,,,WormBase,,-,0,0,0,,NULL
1176,1267,CE_GEN_2667138,low,genetic,,,,WormBase,,-,0,0,0,,NULL
1176,1554,CE_GEN_2667139,low,genetic,,,,WormBase,,-,0,0,0,,NULL
1176,1178,CE_GEN_2667140,low,genetic,,,,WormBase,,-,0,0,0,,NULL
1176,1555,CE_GEN_2667144,low,genetic,,,,WormBase,,-,0,0,0,,NULL
1177,1278,CE_GEN_2671797,low,genetic,,,,WormBase,,-,0,0,0,,NULL
1177,1605,CE_GEN_2671799,low,genetic,,,,WormBase,,-,0,0,0,,NULL
1177,1404,CE_GEN_2671802,low,genetic,,,,WormBase,,-,0,0,0,,NULL
1177,1473,CE_GEN_2671803,low,genetic,,,,WormBase,,-,0,0,0,,NULL
1177,1389,CE_GEN_2671804,low,genetic,,,,WormBase,,-,0,0,0,,NULL
1177,1281,CE_GEN_2671806,low,genetic,,,,WormBase,,-,0,0,0,,NULL
1177,1307,CE_GEN_2671807,low,genetic,,,,WormBase,,-,0,0,0,,NULL
1177,1178,CE_GEN_2671808,low,genetic,,,,WormBase,,-,0,0,0,,NULL
1177,2111,CE_GEN_2671809,low,genetic,,,,WormBase,,-,0,0,0,,NULL
1177,1219,CE_GEN_2671811,low,genetic,,,,WormBase,,-,0,0,0,,NULL
1177,1733,CE_GEN_2671812,low,genetic,,,,WormBase,,-,0,0,0,,NULL
1177,2040,CE_GEN_2671814,low,genetic,,,,WormBase,,-,0,0,0,,NULL
1177,2802,CE_GEN_2671816,low,genetic,,,,WormBase,,-,0,0,0,,NULL
1178,1982,CE_GEN_2673404,low,genetic,,,,WormBase,,-,0,0,0,,NULL
1178,1389,CE_GEN_2673407,low,genetic,,,,WormBase,,-,0,0,0,,NULL
1178,2106,CE_GEN_2673408,low,genetic,,,,WormBase,,-,0,0,0,,NULL
1178,2107,CE_GEN_2673409,low,genetic,,,,WormBase,,-,0,0,0,,NULL
1178,1281,CE_GEN_2673412,low,genetic,,,,WormBase,,-,0,0,0,,NULL
1178,2888,CE_GEN_2673413,low,genetic,,,,WormBase,,-,0,0,0,,NULL
1178,2111,CE_GEN_2673414,low,genetic,,,,WormBase,,-,0,0,0,,NULL
1178,2197,CE_GEN_2673415,low,genetic,,,,WormBase,,-,0,0,0,,NULL
1178,2113,CE_GEN_2673416,low,genetic,,,,WormBase,,-,0,0,0,,NULL
1178,2114,CE_GEN_2673417,low,genetic,,,,WormBase,,-,0,0,0,,NULL
1178,1585,CE_GEN_2673418,low,genetic,,,,WormBase,,-,0,0,0,,NULL
1178,1277,CE_GEN_2673419,low,genetic,,,,WormBase,,-,0,0,0,,NULL
1178,1593,CE_GEN_2673420,low,genetic,,,,WormBase,,-,0,0,0,,NULL
1178,1348,CE_GEN_2673421,low,genetic,,,,WormBase,,-,0,0,0,,NULL
1178,2931,CE_GEN_2673422,low,genetic,,,,WormBase,,-,0,0,0,,NULL
1179,1180,CE_GEN_2666451,low,genetic,,,,WormBase,,-,0,0,0,,NULL
1180,1346,CE_GEN_2673426,low,genetic,,,,WormBase,,-,0,0,0,,NULL
1180,1604,CE_GEN_2673427,low,genetic,,,,WormBase,,-,0,0,0,,NULL
1180,1362,CE_GEN_2673428,low,genetic,,,,WormBase,,-,0,0,0,,NULL
1180,1866,CE_GEN_2673429,low,genetic,,,,WormBase,,-,0,0,0,,NULL
1180,1584,CE_GEN_2673432,low,genetic,,,,WormBase,,-,0,0,0,,NULL
1180,2294,CE_GEN_2673433,low,genetic,,,,WormBase,,-,0,0,0,,NULL
1181,1182,CE_GEN_2666458,low,genetic,,,,WormBase,,-,0,0,0,,NULL
1181,1183,CE_GEN_2666460,low,genetic,,,,WormBase,,-,0,0,0,,NULL
1181,1184,CE_GEN_2666463,low,genetic,,,,WormBase,,-,0,0,0,,NULL
1181,1185,CE_GEN_2666465,low,genetic,,,,WormBase,,-,0,0,0,,NULL
1181,1186,CE_GEN_2666468,low,genetic,,,,WormBase,,-,0,0,0,,NULL
1181,1187,CE_GEN_2666471,low,genetic,,,,WormBase,,-,0,0,0,,NULL
1181,1188,CE_GEN_2666472,low,genetic,,,,WormBase,,-,0,0,0,,NULL
1182,2076,CE_GEN_2669737,low,genetic,,,,WormBase,,-,0,0,0,,NULL
1182,1871,CE_GEN_2669740,low,genetic,,,,WormBase,,-,0,0,0,,NULL
1182,1350,CE_GEN_2669741,low,genetic,,,,WormBase,,-,0,0,0,,NULL
1182,2477,CE_GEN_2669744,low,genetic,,,,WormBase,,-,0,0,0,,NULL
1182,1592,CE_GEN_2669745,low,genetic,,,,WormBase,,-,0,0,0,,NULL
1182,1960,CE_GEN_2669747,low,genetic,,,,WormBase,,-,0,0,0,,NULL
1182,2478,CE_GEN_2669749,low,genetic,,,,WormBase,,-,0,0,0,,NULL
1182,2479,CE_GEN_2669750,low,genetic,,,,WormBase,,-,0,0,0,,NULL
1183,1906,CE_GEN_2671614,low,genetic,,,,WormBase,,-,0,0,0,,NULL
1183,1891,CE_GEN_2671615,moderate,genetic,,,,WormBase,,-,0,0,0,,NULL
1184,1562,CE_GEN_2672388,low,genetic,,,,WormBase,,-,0,0,0,,NULL
1184,1739,CE_GEN_2672389,low,genetic,,,,WormBase,,-,0,0,0,,NULL
1184,1445,CE_GEN_2672390,low,genetic,,,,WormBase,,-,0,0,0,,NULL
1184,1446,CE_GEN_2672391,low,genetic,,,,WormBase,,-,0,0,0,,NULL
1184,1449,CE_GEN_2672393,low,genetic,,,,WormBase,,-,0,0,0,,NULL
1184,2793,CE_GEN_2672394,low,genetic,,,,WormBase,,-,0,0,0,,NULL
1184,1450,CE_GEN_2672395,low,genetic,,,,WormBase,,-,0,0,0,,NULL
1184,2862,CE_GEN_2672396,low,genetic,,,,WormBase,,-,0,0,0,,NULL
1184,2863,CE_GEN_2672397,low,genetic,,,,WormBase,,-,0,0,0,,NULL
1184,1193,CE_GEN_2672398,low,genetic,,,,WormBase,,-,0,0,0,,NULL
1184,1456,CE_GEN_2672403,low,genetic,,,,WormBase,,-,0,0,0,,NULL
1184,1345,CE_GEN_2672404,low,genetic,,,,WormBase,,-,0,0,0,,NULL
1184,1268,CE_GEN_2672405,low,genetic,,,,WormBase,,-,0,0,0,,NULL
1185,2401,CE_GEN_2673082,low,genetic,,,,WormBase,,-,0,0,0,,NULL
1186,1697,CE_GEN_2675615,low,genetic,,,,WormBase,,-,0,0,0,,NULL
1186,1951,CE_GEN_2675616,low,genetic,,,,WormBase,,-,0,0,0,,NULL
1187,1343,CE_GEN_2676853,low,genetic,,,,WormBase,,-,0,0,0,,NULL
1187,1344,CE_GEN_2676855,low,genetic,,,,WormBase,,-,0,0,0,,NULL
1187,1345,CE_GEN_2676856,low,genetic,,,,WormBase,,-,0,0,0,,NULL
1189,1190,CE_GEN_2666474,low,genetic,,,,WormBase,,-,0,0,0,,NULL
1189,1191,CE_GEN_2666476,moderate,genetic,,,,WormBase,,-,0,0,0,,NULL
1189,1192,CE_GEN_2666478,low,genetic,,,,WormBase,,-,0,0,0,,NULL
1189,1193,CE_GEN_2666480,low,genetic,,,,WormBase,,-,0,0,0,,NULL
1190,1267,CE_GEN_2668220,low,genetic,,,,WormBase,,-,0,0,0,,NULL
1190,1750,CE_GEN_2668221,low,genetic,,,,WormBase,,-,0,0,0,,NULL
1190,1966,CE_GEN_2668223,low,genetic,,,,WormBase,,-,0,0,0,,NULL
1190,1967,CE_GEN_2668224,low,genetic,,,,WormBase,,-,0,0,0,,NULL
1191,1193,CE_GEN_2669880,low,genetic,,,,WormBase,,-,0,0,0,,NULL
1192,1219,CE_GEN_2671143,low,genetic,,,,WormBase,,-,0,0,0,,NULL
1192,2727,CE_GEN_2671144,low,genetic,,,,WormBase,,-,0,0,0,,NULL
1192,1960,CE_GEN_2671146,low,genetic,,,,WormBase,,-,0,0,0,,NULL
1193,1445,CE_GEN_2672733,low,genetic,,,,WormBase,,-,0,0,0,,NULL
1194,1195,CE_GEN_2666481,low,genetic,,,,WormBase,,-,0,0,0,,NULL
1195,1533,CE_GEN_2676423,low,genetic,,,,WormBase,,-,0,0,0,,NULL
1195,1363,CE_GEN_2676427,low,genetic,,,,WormBase,,-,0,0,0,,NULL
1195,1610,CE_GEN_2676429,low,genetic,,,,WormBase,,-,0,0,0,,NULL
1195,1627,CE_GEN_2676430,low,genetic,,,,WormBase,,-,0,0,0,,NULL
1195,2498,CE_GEN_2676431,low,genetic,,,,WormBase,,-,0,0,0,,NULL
1195,1536,CE_GEN_2676434,low,genetic,,,,WormBase,,-,0,0,0,,NULL
1195,2737,CE_GEN_2676435,low,genetic,,,,WormBase,,-,0,0,0,,NULL
1195,2640,CE_GEN_2676436,low,genetic,,,,WormBase,,-,0,0,0,,NULL
1195,2954,CE_GEN_2676437,low,genetic,,,,WormBase,,-,0,0,0,,NULL
1195,1875,CE_GEN_2676438,low,genetic,,,,WormBase,,-,0,0,0,,NULL
1195,1553,CE_GEN_2676439,low,genetic,,,,WormBase,,-,0,0,0,,NULL
1195,1563,CE_GEN_2676441,low,genetic,,,,WormBase,,-,0,0,0,,NULL
1195,1537,CE_GEN_2676442,low,genetic,,,,WormBase,,-,0,0,0,,NULL
1195,2488,CE_GEN_2676443,low,genetic,,,,WormBase,,-,0,0,0,,NULL
1195,1539,CE_GEN_2676445,low,genetic,,,,WormBase,,-,0,0,0,,NULL
1195,2092,CE_GEN_2676446,low,genetic,,,,WormBase,,-,0,0,0,,NULL
1195,1540,CE_GEN_2676447,low,genetic,,,,WormBase,,-,0,0,0,,NULL
1195,2720,CE_GEN_2676448,low,genetic,,,,WormBase,,-,0,0,0,,NULL
1196,1197,CE_GEN_2666483,low,genetic,,,,WormBase,,-,0,0,0,,NULL
1197,1346,CE_GEN_2675467,low,genetic,,,,WormBase,,-,0,0,0,,NULL
1197,2473,CE_GEN_2675469,low,genetic,,,,WormBase,,-,0,0,0,,NULL
1197,2482,CE_GEN_2675471,low,genetic,,,,WormBase,,-,0,0,0,,NULL
1197,2173,CE_GEN_2675474,low,genetic,,,,WormBase,,-,0,0,0,,NULL
1197,2878,CE_GEN_2675475,low,genetic,,,,WormBase,,-,0,0,0,,NULL
1197,1582,CE_GEN_2675476,low,genetic,,,,WormBase,,-,0,0,0,,NULL
1197,2750,CE_GEN_2675478,low,genetic,,,,WormBase,,-,0,0,0,,NULL
1197,2197,CE_GEN_2675479,low,genetic,,,,WormBase,,-,0,0,0,,NULL
1197,1555,CE_GEN_2675480,low,genetic,,,,WormBase,,-,0,0,0,,NULL
1198,1199,CE_GEN_2666484,moderate,genetic,,,,WormBase,,-,0,0,0,,NULL
1200,1201,CE_GEN_2666486,low,genetic,,,,WormBase,,-,0,0,0,,NULL
1200,1202,CE_GEN_2666488,low,genetic,,,,WormBase,,-,0,0,0,,NULL
1201,1231,CE_GEN_2668572,low,genetic,,,,WormBase,,-,0,0,0,,NULL
1201,1478,CE_GEN_2668573,low,genetic,,,,WormBase,,-,0,0,0,,NULL
1201,1232,CE_GEN_2668576,low,genetic,,,,WormBase,,-,0,0,0,,NULL
1201,1233,CE_GEN_2668579,low,genetic,,,,WormBase,,-,0,0,0,,NULL
1201,1234,CE_GEN_2668580,low,genetic,,,,WormBase,,-,0,0,0,,NULL
1201,1235,CE_GEN_2668581,low,genetic,,,,WormBase,,-,0,0,0,,NULL
1201,1236,CE_GEN_2668582,moderate,genetic,,,,WormBase,,-,0,0,0,,NULL
1201,1237,CE_GEN_2668583,low,genetic,,,,WormBase,,-,0,0,0,,NULL
1202,1259,CE_GEN_2676249,low,genetic,,,,WormBase,,-,0,0,0,,NULL
1202,1351,CE_GEN_2676250,low,genetic,,,,WormBase,,-,0,0,0,,NULL
1202,1379,CE_GEN_2676251,low,genetic,,,,WormBase,,-,0,0,0,,NULL
1202,1684,CE_GEN_2676255,low,genetic,,,,WormBase,,-,0,0,0,,NULL
1202,1699,CE_GEN_2676256,low,genetic,,,,WormBase,,-,0,0,0,,NULL
1202,1738,CE_GEN_2676257,low,genetic,,,,WormBase,,-,0,0,0,,NULL
1202,1748,CE_GEN_2676258,low,genetic,,,,WormBase,,-,0,0,0,,NULL
1202,1605,CE_GEN_2676260,low,genetic,,,,WormBase,,-,0,0,0,,NULL
1202,1465,CE_GEN_2676262,low,genetic,,,,WormBase,,-,0,0,0,,NULL
1202,2097,CE_GEN_2676263,low,genetic,,,,WormBase,,-,0,0,0,,NULL
1202,2011,CE_GEN_2676264,low,genetic,,,,WormBase,,-,0,0,0,,NULL
1202,2012,CE_GEN_2676265,low,genetic,,,,WormBase,,-,0,0,0,,NULL
1202,2013,CE_GEN_2676266,low,genetic,,,,WormBase,,-,0,0,0,,NULL
1202,2400,CE_GEN_2676267,low,genetic,,,,WormBase,,-,0,0,0,,NULL
1202,2014,CE_GEN_2676268,low,genetic,,,,WormBase,,-,0,0,0,,NULL
1202,1474,CE_GEN_2676272,low,genetic,,,,WormBase,,-,0,0,0,,NULL
1202,2508,CE_GEN_2676273,low,genetic,,,,WormBase,,-,0,0,0,,NULL
1202,2015,CE_GEN_2676274,low,genetic,,,,WormBase,,-,0,0,0,,NULL
1202,2016,CE_GEN_2676275,low,genetic,,,,WormBase,,-,0,0,0,,NULL
1202,1476,CE_GEN_2676281,low,genetic,,,,WormBase,,-,0,0,0,,NULL
1202,2739,CE_GEN_2676282,low,genetic,,,,WormBase,,-,0,0,0,,NULL
1202,1478,CE_GEN_2676283,low,genetic,,,,WormBase,,-,0,0,0,,NULL
1202,1406,CE_GEN_2676285,low,genetic,,,,WormBase,,-,0,0,0,,NULL
1202,2017,CE_GEN_2676286,low,genetic,,,,WormBase,,-,0,0,0,,NULL
1202,1480,CE_GEN_2676288,low,genetic,,,,WormBase,,-,0,0,0,,NULL
1202,2822,CE_GEN_2676289,low,genetic,,,,WormBase,,-,0,0,0,,NULL
1202,1873,CE_GEN_2676294,low,genetic,,,,WormBase,,-,0,0,0,,NULL
1202,2018,CE_GEN_2676295,low,genetic,,,,WormBase,,-,0,0,0,,NULL
1202,2891,CE_GEN_2676296,low,genetic,,,,WormBase,,-,0,0,0,,NULL
1202,2019,CE_GEN_2676298,low,genetic,,,,WormBase,,-,0,0,0,,NULL
1202,2732,CE_GEN_2676300,low,genetic,,,,WormBase,,-,0,0,0,,NULL
1202,2932,CE_GEN_2676302,low,genetic,,,,WormBase,,-,0,0,0,,NULL
1202,2110,CE_GEN_2676303,low,genetic,,,,WormBase,,-,0,0,0,,NULL
1202,1483,CE_GEN_2676305,low,genetic,,,,WormBase,,-,0,0,0,,NULL
1202,2020,CE_GEN_2676306,low,genetic,,,,WormBase,,-,0,0,0,,NULL
1202,2950,CE_GEN_2676307,low,genetic,,,,WormBase,,-,0,0,0,,NULL
1202,1384,CE_GEN_2676309,low,genetic,,,,WormBase,,-,0,0,0,,NULL
1202,2972,CE_GEN_2676310,low,genetic,,,,WormBase,,-,0,0,0,,NULL
1202,2021,CE_GEN_2676311,low,genetic,,,,WormBase,,-,0,0,0,,NULL
1202,3059,CE_GEN_2676313,low,genetic,,,,WormBase,,-,0,0,0,,NULL
1202,2022,CE_GEN_2676316,low,genetic,,,,WormBase,,-,0,0,0,,NULL
1202,1733,CE_GEN_2676320,low,genetic,,,,WormBase,,-,0,0,0,,NULL
1202,3077,CE_GEN_2676322,low,genetic,,,,WormBase,,-,0,0,0,,NULL
1202,1632,CE_GEN_2676323,low,genetic,,,,WormBase,,-,0,0,0,,NULL
1202,1373,CE_GEN_2676324,low,genetic,,,,WormBase,,-,0,0,0,,NULL
1202,2023,CE_GEN_2676327,low,genetic,,,,WormBase,,-,0,0,0,,NULL
1202,2024,CE_GEN_2676328,low,genetic,,,,WormBase,,-,0,0,0,,NULL
1202,2025,CE_GEN_2676329,low,genetic,,,,WormBase,,-,0,0,0,,NULL
1202,2026,CE_GEN_2676331,low,genetic,,,,WormBase,,-,0,0,0,,NULL
1202,1489,CE_GEN_2676332,low,genetic,,,,WormBase,,-,0,0,0,,NULL
1202,1490,CE_GEN_2676333,low,genetic,,,,WormBase,,-,0,0,0,,NULL
1202,2928,CE_GEN_2676334,low,genetic,,,,WormBase,,-,0,0,0,,NULL
1202,2027,CE_GEN_2676336,low,genetic,,,,WormBase,,-,0,0,0,,NULL
1204,1438,CE_GEN_2667187,low,genetic,,,,WormBase,,-,0,0,0,,NULL
1204,1437,CE_GEN_2667188,low,genetic,,,,WormBase,,-,0,0,0,,NULL
1204,1447,CE_GEN_2667189,low,genetic,,,,WormBase,,-,0,0,0,,NULL
1204,1216,CE_GEN_2667190,low,genetic,,,,WormBase,,-,0,0,0,,NULL
1204,1573,CE_GEN_2667191,low,genetic,,,,WormBase,,-,0,0,0,,NULL
1204,1574,CE_GEN_2667193,low,genetic,,,,WormBase,,-,0,0,0,,NULL
1205,1577,CE_GEN_2667198,low,genetic,,,,WormBase,,-,0,0,0,,NULL
1205,1214,CE_GEN_2667199,low,genetic,,,,WormBase,,-,0,0,0,,NULL
1205,1215,CE_GEN_2667200,low,genetic,,,,WormBase,,-,0,0,0,,NULL
1205,1247,CE_GEN_2667202,low,genetic,,,,WormBase,,-,0,0,0,,NULL
1205,1578,CE_GEN_2667204,low,genetic,,,,WormBase,,-,0,0,0,,NULL
1205,1579,CE_GEN_2667205,low,genetic,,,,WormBase,,-,0,0,0,,NULL
1205,1580,CE_GEN_2667206,low,genetic,,,,WormBase,,-,0,0,0,,NULL
1205,1576,CE_GEN_2667207,low,genetic,,,,WormBase,,-,0,0,0,,NULL
1205,1581,CE_GEN_2667208,low,genetic,,,,WormBase,,-,0,0,0,,NULL
1206,1443,CE_GEN_2667221,low,genetic,,,,WormBase,,-,0,0,0,,NULL
1206,1447,CE_GEN_2667223,low,genetic,,,,WormBase,,-,0,0,0,,NULL
1206,1587,CE_GEN_2667224,low,genetic,,,,WormBase,,-,0,0,0,,NULL
1206,1588,CE_GEN_2667225,low,genetic,,,,WormBase,,-,0,0,0,,NULL
1206,1213,CE_GEN_2667226,low,genetic,,,,WormBase,,-,0,0,0,,NULL
1206,1536,CE_GEN_2667227,low,genetic,,,,WormBase,,-,0,0,0,,NULL
1206,1589,CE_GEN_2667228,low,genetic,,,,WormBase,,-,0,0,0,,NULL
1206,1590,CE_GEN_2667229,low,genetic,,,,WormBase,,-,0,0,0,,NULL
1206,1591,CE_GEN_2667230,low,genetic,,,,WormBase,,-,0,0,0,,NULL
1206,1592,CE_GEN_2667231,low,genetic,,,,WormBase,,-,0,0,0,,NULL
1206,1593,CE_GEN_2667233,low,genetic,,,,WormBase,,-,0,0,0,,NULL
1206,1348,CE_GEN_2667234,low,genetic,,,,WormBase,,-,0,0,0,,NULL
1206,1594,CE_GEN_2667235,low,genetic,,,,WormBase,,-,0,0,0,,NULL
1206,1595,CE_GEN_2667236,low,genetic,,,,WormBase,,-,0,0,0,,NULL
1206,1596,CE_GEN_2667237,low,genetic,,,,WormBase,,-,0,0,0,,NULL
1207,1221,CE_GEN_2667266,low,genetic,,,,WormBase,,-,0,0,0,,NULL
1208,1210,CE_GEN_2667653,low,genetic,,,,WormBase,,-,0,0,0,,NULL
1208,1212,CE_GEN_2667655,low,genetic,,,,WormBase,,-,0,0,0,,NULL
1208,1247,CE_GEN_2667656,low,genetic,,,,WormBase,,-,0,0,0,,NULL
1208,1217,CE_GEN_2667657,low,genetic,,,,WormBase,,-,0,0,0,,NULL
1208,1370,CE_GEN_2667658,low,genetic,,,,WormBase,,-,0,0,0,,NULL
1208,1600,CE_GEN_2667659,low,genetic,,,,WormBase,,-,0,0,0,,NULL
1208,1563,CE_GEN_2667660,low,genetic,,,,WormBase,,-,0,0,0,,NULL
1208,1221,CE_GEN_2667661,low,genetic,,,,WormBase,,-,0,0,0,,NULL
1209,2038,CE_GEN_2668793,low,genetic,,,,WormBase,,-,0,0,0,,NULL
1209,1213,CE_GEN_2668795,low,genetic,,,,WormBase,,-,0,0,0,,NULL
1209,1827,CE_GEN_2668796,low,genetic,,,,WormBase,,-,0,0,0,,NULL
1209,1217,CE_GEN_2668797,low,genetic,,,,WormBase,,-,0,0,0,,NULL
1209,1838,CE_GEN_2668798,low,genetic,,,,WormBase,,-,0,0,0,,NULL
1209,1249,CE_GEN_2668799,low,genetic,,,,WormBase,,-,0,0,0,,NULL
1209,1717,CE_GEN_2668800,low,genetic,,,,WormBase,,-,0,0,0,,NULL
1209,1712,CE_GEN_2668801,low,genetic,,,,WormBase,,-,0,0,0,,NULL
1209,1845,CE_GEN_2668802,low,genetic,,,,WormBase,,-,0,0,0,,NULL
1209,1236,CE_GEN_2668803,low,genetic,,,,WormBase,,-,0,0,0,,NULL
1209,1648,CE_GEN_2668804,low,genetic,,,,WormBase,,-,0,0,0,,NULL
1210,1905,CE_GEN_2669982,low,genetic,,,,WormBase,,-,0,0,0,,NULL
1210,2512,CE_GEN_2669983,low,genetic,,,,WormBase,,-,0,0,0,,NULL
1210,1221,CE_GEN_2669984,low,genetic,,,,WormBase,,-,0,0,0,,NULL
1210,2513,CE_GEN_2669985,low,genetic,,,,WormBase,,-,0,0,0,,NULL
1211,1305,CE_GEN_2670561,low,genetic,,,,WormBase,,-,0,0,0,,NULL
1211,1306,CE_GEN_2670562,low,genetic,,,,WormBase,,-,0,0,0,,NULL
1211,1623,CE_GEN_2670564,low,genetic,,,,WormBase,,-,0,0,0,,NULL
1211,1753,CE_GEN_2670566,low,genetic,,,,WormBase,,-,0,0,0,,NULL
1211,1423,CE_GEN_2670567,low,genetic,,,,WormBase,,-,0,0,0,,NULL
1211,1948,CE_GEN_2670568,low,genetic,,,,WormBase,,-,0,0,0,,NULL
1211,1970,CE_GEN_2670569,low,genetic,,,,WormBase,,-,0,0,0,,NULL
1211,2390,CE_GEN_2670572,low,genetic,,,,WormBase,,-,0,0,0,,NULL
1211,1878,CE_GEN_2670573,low,genetic,,,,WormBase,,-,0,0,0,,NULL
1211,1319,CE_GEN_2670574,low,genetic,,,,WormBase,,-,0,0,0,,NULL
1211,1425,CE_GEN_2670577,low,genetic,,,,WormBase,,-,0,0,0,,NULL
1211,2638,CE_GEN_2670578,low,genetic,,,,WormBase,,-,0,0,0,,NULL
1211,1232,CE_GEN_2670581,low,genetic,,,,WormBase,,-,0,0,0,,NULL
1211,1665,CE_GEN_2670582,low,genetic,,,,WormBase,,-,0,0,0,,NULL
1211,2639,CE_GEN_2670583,low,genetic,,,,WormBase,,-,0,0,0,,NULL
1211,2640,CE_GEN_2670584,low,genetic,,,,WormBase,,-,0,0,0,,NULL
1211,1307,CE_GEN_2670585,low,genetic,,,,WormBase,,-,0,0,0,,NULL
1211,2641,CE_GEN_2670586,low,genetic,,,,WormBase,,-,0,0,0,,NULL
1211,1219,CE_GEN_2670588,low,genetic,,,,WormBase,,-,0,0,0,,NULL
1211,1563,CE_GEN_2670589,low,genetic,,,,WormBase,,-,0,0,0,,NULL
1211,2642,CE_GEN_2670591,low,genetic,,,,WormBase,,-,0,0,0,,NULL
1211,1309,CE_GEN_2670592,low,genetic,,,,WormBase,,-,0,0,0,,NULL
1211,1971,CE_GEN_2670593,low,genetic,,,,WormBase,,-,0,0,0,,NULL
1211,1676,CE_GEN_2670594,low,genetic,,,,WormBase,,-,0,0,0,,NULL
1211,2643,CE_GEN_2670595,low,genetic,,,,WormBase,,-,0,0,0,,NULL
1211,2081,CE_GEN_2670596,low,genetic,,,,WormBase,,-,0,0,0,,NULL
1211,2644,CE_GEN_2670597,low,genetic,,,,WormBase,,-,0,0,0,,NULL
1211,1612,CE_GEN_2670598,low,genetic,,,,WormBase,,-,0,0,0,,NULL
1211,2227,CE_GEN_3540789,low,genetic,,,,WormBase,,-,0,0,0,,NULL
1212,1221,CE_GEN_2671578,low,genetic,,,,WormBase,,-,0,0,0,,NULL
1212,2772,CE_GEN_2671579,low,genetic,,,,WormBase,,-,0,0,0,,NULL
1212,1287,CE_GEN_2671580,low,genetic,,,,WormBase,,-,0,0,0,,NULL
1212,2745,CE_GEN_2671581,low,genetic,,,,WormBase,,-,0,0,0,,NULL
1213,2530,CE_GEN_2671946,low,genetic,,,,WormBase,,-,0,0,0,,NULL
1213,1247,CE_GEN_2671947,low,genetic,,,,WormBase,,-,0,0,0,,NULL
1213,1217,CE_GEN_2671948,low,genetic,,,,WormBase,,-,0,0,0,,NULL
1213,2823,CE_GEN_2671949,low,genetic,,,,WormBase,,-,0,0,0,,NULL
1213,2618,CE_GEN_2671950,low,genetic,,,,WormBase,,-,0,0,0,,NULL
1213,1430,CE_GEN_2671951,low,genetic,,,,WormBase,,-,0,0,0,,NULL
1213,1845,CE_GEN_2671954,low,genetic,,,,WormBase,,-,0,0,0,,NULL
1213,1596,CE_GEN_2671955,moderate,genetic,,,,WormBase,,-,0,0,0,,NULL
1214,1215,CE_GEN_2672008,moderate,genetic,,,,WormBase,,-,0,0,0,,NULL
1214,2832,CE_GEN_2672009,low,genetic,,,,WormBase,,-,0,0,0,,NULL
1215,1866,CE_GEN_2672602,low,genetic,,,,WormBase,,-,0,0,0,,NULL
1215,1400,CE_GEN_2672603,moderate,genetic,,,,WormBase,,-,0,0,0,,NULL
1215,2884,CE_GEN_2672606,low,genetic,,,,WormBase,,-,0,0,0,,NULL
1215,1580,CE_GEN_2672607,low,genetic,,,,WormBase,,-,0,0,0,,NULL
1215,1409,CE_GEN_2672608,low,genetic,,,,WormBase,,-,0,0,0,,NULL
1215,2885,CE_GEN_2672609,low,genetic,,,,WormBase,,-,0,0,0,,NULL
1215,2886,CE_GEN_2672610,low,genetic,,,,WormBase,,-,0,0,0,,NULL
1216,2683,CE_GEN_2672964,moderate,genetic,,,,WormBase,,-,0,0,0,,NULL
1216,1711,CE_GEN_2672965,low,genetic,,,,WormBase,,-,0,0,0,,NULL
1216,2512,CE_GEN_2672966,low,genetic,,,,WormBase,,-,0,0,0,,NULL
1216,1218,CE_GEN_2672967,moderate,genetic,,,,WormBase,,-,0,0,0,,NULL
1216,1600,CE_GEN_2672968,low,genetic,,,,WormBase,,-,0,0,0,,NULL
1217,2530,CE_GEN_2673275,low,genetic,,,,WormBase,,-,0,0,0,,NULL
1217,2618,CE_GEN_2673277,low,genetic,,,,WormBase,,-,0,0,0,,NULL
1217,1845,CE_GEN_2673279,low,genetic,,,,WormBase,,-,0,0,0,,NULL
1217,1236,CE_GEN_2673280,low,genetic,,,,WormBase,,-,0,0,0,,NULL
1217,1648,CE_GEN_2673281,low,genetic,,,,WormBase,,-,0,0,0,,NULL
1217,1348,CE_GEN_2673282,low,genetic,,,,WormBase,,-,0,0,0,,NULL
1218,1247,CE_GEN_2674181,low,genetic,,,,WormBase,,-,0,0,0,,NULL
1218,3056,CE_GEN_2674183,low,genetic,,,,WormBase,,-,0,0,0,,NULL
1219,1226,CE_GEN_2674447,low,genetic,,,,WormBase,,-,0,0,0,,NULL
1219,1798,CE_GEN_2674449,low,genetic,,,,WormBase,,-,0,0,0,,NULL
1219,1423,CE_GEN_2674450,low,genetic,,,,WormBase,,-,0,0,0,,NULL
1219,1959,CE_GEN_2674451,low,genetic,,,,WormBase,,-,0,0,0,,NULL
1219,1543,CE_GEN_2674452,low,genetic,,,,WormBase,,-,0,0,0,,NULL
1219,1870,CE_GEN_2674458,low,genetic,,,,WormBase,,-,0,0,0,,NULL
1219,1665,CE_GEN_2674460,low,genetic,,,,WormBase,,-,0,0,0,,NULL
1219,2939,CE_GEN_2674461,low,genetic,,,,WormBase,,-,0,0,0,,NULL
1219,1307,CE_GEN_2674462,low,genetic,,,,WormBase,,-,0,0,0,,NULL
1219,1971,CE_GEN_2674465,low,genetic,,,,WormBase,,-,0,0,0,,NULL
1219,1676,CE_GEN_2674466,low,genetic,,,,WormBase,,-,0,0,0,,NULL
1219,2643,CE_GEN_2674467,low,genetic,,,,WormBase,,-,0,0,0,,NULL
1219,2117,CE_GEN_2674468,low,genetic,,,,WormBase,,-,0,0,0,,NULL
1219,2726,CE_GEN_2674469,low,genetic,,,,WormBase,,-,0,0,0,,NULL
1219,1612,CE_GEN_2674470,low,genetic,,,,WormBase,,-,0,0,0,,NULL
1221,1247,CE_GEN_2674819,low,genetic,,,,WormBase,,-,0,0,0,,NULL
1221,1781,CE_GEN_2674820,low,genetic,,,,WormBase,,-,0,0,0,,NULL
1221,1600,CE_GEN_2674821,low,genetic,,,,WormBase,,-,0,0,0,,NULL
1221,2919,CE_GEN_2674822,low,genetic,,,,WormBase,,-,0,0,0,,NULL
1221,2832,CE_GEN_2674824,low,genetic,,,,WormBase,,-,0,0,0,,NULL
1221,2945,CE_GEN_2674825,low,genetic,,,,WormBase,,-,0,0,0,,NULL
1223,1224,CE_GEN_2666518,low,genetic,,,,WormBase,,-,0,0,0,,NULL
1225,1226,CE_GEN_2666519,low,genetic,,,,WormBase,,-,0,0,0,,NULL
1226,1701,CE_GEN_2667474,low,genetic,,,,WormBase,,-,0,0,0,,NULL
1226,1402,CE_GEN_2667475,low,genetic,,,,WormBase,,-,0,0,0,,NULL
1226,1702,CE_GEN_2667476,low,genetic,,,,WormBase,,-,0,0,0,,NULL
1226,1430,CE_GEN_2667478,low,genetic,,,,WormBase,,-,0,0,0,,NULL
1226,1703,CE_GEN_2667479,low,genetic,,,,WormBase,,-,0,0,0,,NULL
1226,1704,CE_GEN_2667480,low,genetic,,,,WormBase,,-,0,0,0,,NULL
1226,1705,CE_GEN_2667481,low,genetic,,,,WormBase,,-,0,0,0,,NULL
1226,1593,CE_GEN_2667482,low,genetic,,,,WormBase,,-,0,0,0,,NULL
1227,1228,CE_GEN_2666520,low,genetic,,,,WormBase,,-,0,0,0,,NULL
1227,1229,CE_GEN_2666521,low,genetic,,,,WormBase,,-,0,0,0,,NULL
1228,1228,CE_GEN_2666523,low,genetic,,,,WormBase,,-,0,0,0,,NULL
1229,2496,CE_GEN_2672372,low,genetic,,,,WormBase,,-,0,0,0,,NULL
1230,1231,CE_GEN_2666529,low,genetic,,,,WormBase,,-,0,0,0,,NULL
1230,1232,CE_GEN_2666531,low,genetic,,,,WormBase,,-,0,0,0,,NULL
1230,1233,CE_GEN_2666533,moderate,genetic,,,,WormBase,,-,0,0,0,,NULL
1230,1234,CE_GEN_2666534,low,genetic,,,,WormBase,,-,0,0,0,,NULL
1230,1235,CE_GEN_2666535,moderate,genetic,,,,WormBase,,-,0,0,0,,NULL
1230,1236,CE_GEN_2666536,low,genetic,,,,WormBase,,-,0,0,0,,NULL
1230,1237,CE_GEN_2666537,low,genetic,,,,WormBase,,-,0,0,0,,NULL
1231,1559,CE_GEN_2670653,low,genetic,,,,WormBase,,-,0,0,0,,NULL
1231,2469,CE_GEN_2670657,low,genetic,,,,WormBase,,-,0,0,0,,NULL
1231,1295,CE_GEN_2670658,low,genetic,,,,WormBase,,-,0,0,0,,NULL
1231,2242,CE_GEN_2670659,low,genetic,,,,WormBase,,-,0,0,0,,NULL
1231,1811,CE_GEN_2670660,low,genetic,,,,WormBase,,-,0,0,0,,NULL
1231,2540,CE_GEN_2670664,low,genetic,,,,WormBase,,-,0,0,0,,NULL
1231,2652,CE_GEN_2670665,low,genetic,,,,WormBase,,-,0,0,0,,NULL
1231,2653,CE_GEN_2670666,low,genetic,,,,WormBase,,-,0,0,0,,NULL
1231,1232,CE_GEN_2670669,moderate,genetic,,,,WormBase,,-,0,0,0,,NULL
1231,2558,CE_GEN_2670671,low,genetic,,,,WormBase,,-,0,0,0,,NULL
1231,1298,CE_GEN_2670673,low,genetic,,,,WormBase,,-,0,0,0,,NULL
1231,2654,CE_GEN_2670674,low,genetic,,,,WormBase,,-,0,0,0,,NULL
1231,2655,CE_GEN_2670675,low,genetic,,,,WormBase,,-,0,0,0,,NULL
1231,2656,CE_GEN_2670676,low,genetic,,,,WormBase,,-,0,0,0,,NULL
1231,2657,CE_GEN_2670678,low,genetic,,,,WormBase,,-,0,0,0,,NULL
1231,2658,CE_GEN_2670679,low,genetic,,,,WormBase,,-,0,0,0,,NULL
1231,1301,CE_GEN_2670680,low,genetic,,,,WormBase,,-,0,0,0,,NULL
1231,1836,CE_GEN_2670681,low,genetic,,,,WormBase,,-,0,0,0,,NULL
1231,1842,CE_GEN_2670682,low,genetic,,,,WormBase,,-,0,0,0,,NULL
1231,2659,CE_GEN_2670683,low,genetic,,,,WormBase,,-,0,0,0,,NULL
1231,2660,CE_GEN_2670684,low,genetic,,,,WormBase,,-,0,0,0,,NULL
1231,2661,CE_GEN_2670685,low,genetic,,,,WormBase,,-,0,0,0,,NULL
1231,2662,CE_GEN_2670686,low,genetic,,,,WormBase,,-,0,0,0,,NULL
1231,1686,CE_GEN_2670687,low,genetic,,,,WormBase,,-,0,0,0,,NULL
1231,2663,CE_GEN_2670688,low,genetic,,,,WormBase,,-,0,0,0,,NULL
1231,2664,CE_GEN_2670689,low,genetic,,,,WormBase,,-,0,0,0,,NULL
1231,2665,CE_GEN_2670690,low,genetic,,,,WormBase,,-,0,0,0,,NULL
1231,2666,CE_GEN_2670691,low,genetic,,,,WormBase,,-,0,0,0,,NULL
1231,2667,CE_GEN_2670692,low,genetic,,,,WormBase,,-,0,0,0,,NULL
1231,2668,CE_GEN_2670693,low,genetic,,,,WormBase,,-,0,0,0,,NULL
1231,1302,CE_GEN_2670694,low,genetic,,,,WormBase,,-,0,0,0,,NULL
1231,2669,CE_GEN_2670695,low,genetic,,,,WormBase,,-,0,0,0,,NULL
1231,2670,CE_GEN_2670696,low,genetic,,,,WormBase,,-,0,0,0,,NULL
1231,2671,CE_GEN_2670697,low,genetic,,,,WormBase,,-,0,0,0,,NULL
1231,2672,CE_GEN_2670698,low,genetic,,,,WormBase,,-,0,0,0,,NULL
1231,2673,CE_GEN_2670699,low,genetic,,,,WormBase,,-,0,0,0,,NULL
1231,2674,CE_GEN_2670700,low,genetic,,,,WormBase,,-,0,0,0,,NULL
1231,2457,CE_GEN_2670701,moderate,genetic,,,,WormBase,,-,0,0,0,,NULL
1232,1559,CE_GEN_2672665,low,genetic,,,,WormBase,,-,0,0,0,,NULL
1232,1981,CE_GEN_2672668,low,genetic,,,,WormBase,,-,0,0,0,,NULL
1232,1295,CE_GEN_2672671,low,genetic,,,,WormBase,,-,0,0,0,,NULL
1232,1232,CE_GEN_2672675,low,genetic,,,,WormBase,,-,0,0,0,,NULL
1232,1301,CE_GEN_2672677,low,genetic,,,,WormBase,,-,0,0,0,,NULL
1232,2897,CE_GEN_2672679,low,genetic,,,,WormBase,,-,0,0,0,,NULL
1232,1302,CE_GEN_2672680,low,genetic,,,,WormBase,,-,0,0,0,,NULL
1232,1526,CE_GEN_2672681,low,genetic,,,,WormBase,,-,0,0,0,,NULL
1233,1360,CE_GEN_2676017,moderate,genetic,,,,WormBase,,-,0,0,0,,NULL
1233,1361,CE_GEN_2676021,moderate,genetic,,,,WormBase,,-,0,0,0,,NULL
1234,2449,CE_GEN_2676136,low,genetic,,,,WormBase,,-,0,0,0,,NULL
1234,1560,CE_GEN_2676137,low,genetic,,,,WormBase,,-,0,0,0,,NULL
1234,1561,CE_GEN_2676138,low,genetic,,,,WormBase,,-,0,0,0,,NULL
1234,2893,CE_GEN_2676139,low,genetic,,,,WormBase,,-,0,0,0,,NULL
1234,2879,CE_GEN_2676140,low,genetic,,,,WormBase,,-,0,0,0,,NULL
1234,3071,CE_GEN_2676141,low,genetic,,,,WormBase,,-,0,0,0,,NULL
1234,2081,CE_GEN_2676142,low,genetic,,,,WormBase,,-,0,0,0,,NULL
1234,2419,CE_GEN_2676143,low,genetic,,,,WormBase,,-,0,0,0,,NULL
1235,1360,CE_GEN_2676352,low,genetic,,,,WormBase,,-,0,0,0,,NULL
1235,1237,CE_GEN_2676357,moderate,genetic,,,,WormBase,,-,0,0,0,,NULL
1236,1912,CE_GEN_2676407,low,genetic,,,,WormBase,,-,0,0,0,,NULL
1236,1787,CE_GEN_2676415,moderate,genetic,,,,WormBase,,-,0,0,0,,NULL
1236,2042,CE_GEN_2676416,low,genetic,,,,WormBase,,-,0,0,0,,NULL
1236,2967,CE_GEN_2676418,low,genetic,,,,WormBase,,-,0,0,0,,NULL
1236,3080,CE_GEN_2676419,low,genetic,,,,WormBase,,-,0,0,0,,NULL
1236,1849,CE_GEN_2676420,low,genetic,,,,WormBase,,-,0,0,0,,NULL
1236,1851,CE_GEN_2676421,low,genetic,,,,WormBase,,-,0,0,0,,NULL
1239,1240,CE_GEN_2666539,moderate,genetic,,,,WormBase,,-,0,0,0,,NULL
1241,1242,CE_GEN_2666540,low,genetic,,,,WormBase,,-,0,0,0,,NULL
1242,1422,CE_GEN_2675591,low,genetic,,,,WormBase,,-,0,0,0,,NULL
1242,1776,CE_GEN_2675592,low,genetic,,,,WormBase,,-,0,0,0,,NULL
1242,2096,CE_GEN_2675594,low,genetic,,,,WormBase,,-,0,0,0,,NULL
1242,2464,CE_GEN_2675595,low,genetic,,,,WormBase,,-,0,0,0,,NULL
1242,2712,CE_GEN_2675596,low,genetic,,,,WormBase,,-,0,0,0,,NULL
1242,1816,CE_GEN_2675597,low,genetic,,,,WormBase,,-,0,0,0,,NULL
1242,1502,CE_GEN_2675598,low,genetic,,,,WormBase,,-,0,0,0,,NULL
1242,2090,CE_GEN_2675600,low,genetic,,,,WormBase,,-,0,0,0,,NULL
1242,1563,CE_GEN_2675601,low,genetic,,,,WormBase,,-,0,0,0,,NULL
1242,1736,CE_GEN_2675602,low,genetic,,,,WormBase,,-,0,0,0,,NULL
1242,3098,CE_GEN_2675603,low,genetic,,,,WormBase,,-,0,0,0,,NULL
1242,3105,CE_GEN_2675604,low,genetic,,,,WormBase,,-,0,0,0,,NULL
1242,1504,CE_GEN_2675605,low,genetic,,,,WormBase,,-,0,0,0,,NULL
1242,2930,CE_GEN_2675606,low,genetic,,,,WormBase,,-,0,0,0,,NULL
1244,1245,CE_GEN_2666543,low,genetic,,,,WormBase,,-,0,0,0,,NULL
1244,1246,CE_GEN_2666544,low,genetic,,,,WormBase,,-,0,0,0,,NULL
1244,1247,CE_GEN_2666545,low,genetic,,,,WormBase,,-,0,0,0,,NULL
1244,1248,CE_GEN_2666546,low,genetic,,,,WormBase,,-,0,0,0,,NULL
1244,1249,CE_GEN_2666547,low,genetic,,,,WormBase,,-,0,0,0,,NULL
1245,1588,CE_GEN_2671233,low,genetic,,,,WormBase,,-,0,0,0,,NULL
1245,1247,CE_GEN_2671235,low,genetic,,,,WormBase,,-,0,0,0,,NULL
1245,1563,CE_GEN_2671236,low,genetic,,,,WormBase,,-,0,0,0,,NULL
1245,1249,CE_GEN_2671237,moderate,genetic,,,,WormBase,,-,0,0,0,,NULL
1246,1249,CE_GEN_2672202,low,genetic,,,,WormBase,,-,0,0,0,,NULL
1247,2046,CE_GEN_2672906,low,genetic,,,,WormBase,,-,0,0,0,,NULL
1247,1400,CE_GEN_2672908,low,genetic,,,,WormBase,,-,0,0,0,,NULL
1247,1711,CE_GEN_2672910,low,genetic,,,,WormBase,,-,0,0,0,,NULL
1247,2823,CE_GEN_2672913,low,genetic,,,,WormBase,,-,0,0,0,,NULL
1247,1838,CE_GEN_2672914,low,genetic,,,,WormBase,,-,0,0,0,,NULL
1247,1249,CE_GEN_2672916,low,genetic,,,,WormBase,,-,0,0,0,,NULL
1247,1372,CE_GEN_2672918,low,genetic,,,,WormBase,,-,0,0,0,,NULL
1248,2728,CE_GEN_2674529,low,genetic,,,,WormBase,,-,0,0,0,,NULL
1249,2885,CE_GEN_2674944,low,genetic,,,,WormBase,,-,0,0,0,,NULL
1251,1252,CE_GEN_2666549,low,genetic,,,,WormBase,,-,0,0,0,,NULL
1253,1665,CE_GEN_2667769,low,genetic,,,,WormBase,,-,0,0,0,,NULL
1253,1790,CE_GEN_2667770,low,genetic,,,,WormBase,,-,0,0,0,,NULL
1261,1639,CE_GEN_2670609,low,genetic,,,,WormBase,,-,0,0,0,,NULL
1261,1901,CE_GEN_2670610,low,genetic,,,,WormBase,,-,0,0,0,,NULL
1261,2151,CE_GEN_2670611,low,genetic,,,,WormBase,,-,0,0,0,,NULL
1264,2977,CE_GEN_2677300,low,genetic,,,,WormBase,,-,0,0,0,,NULL
1264,3149,CE_GEN_2677301,low,genetic,,,,WormBase,,-,0,0,0,,NULL
1266,1711,CE_GEN_2672139,low,genetic,,,,WormBase,,-,0,0,0,,NULL
1267,1466,CE_GEN_2672175,low,genetic,,,,WormBase,,-,0,0,0,,NULL
1267,1475,CE_GEN_2672177,low,genetic,,,,WormBase,,-,0,0,0,,NULL
1267,2845,CE_GEN_2672184,low,genetic,,,,WormBase,,-,0,0,0,,NULL
1267,2846,CE_GEN_2672189,low,genetic,,,,WormBase,,-,0,0,0,,NULL
1267,1576,CE_GEN_2672193,low,genetic,,,,WormBase,,-,0,0,0,,NULL
1267,1382,CE_GEN_2672196,low,genetic,,,,WormBase,,-,0,0,0,,NULL
1267,2847,CE_GEN_2672197,low,genetic,,,,WormBase,,-,0,0,0,,NULL
1267,1348,CE_GEN_2672198,low,genetic,,,,WormBase,,-,0,0,0,,NULL
1267,2848,CE_GEN_2672200,low,genetic,,,,WormBase,,-,0,0,0,,NULL
1268,2088,CE_GEN_2684734,low,genetic,,,,WormBase,,-,0,0,0,,NULL
1268,2414,CE_GEN_2684738,low,genetic,,,,WormBase,,-,0,0,0,,NULL
1268,2912,CE_GEN_2684739,low,genetic,,,,WormBase,,-,0,0,0,,NULL
1268,2500,CE_GEN_2684740,low,genetic,,,,WormBase,,-,0,0,0,,NULL
1268,1454,CE_GEN_2684745,moderate,genetic,,,,WormBase,,-,0,0,0,,NULL
1268,2622,CE_GEN_2684746,low,genetic,,,,WormBase,,-,0,0,0,,NULL
1268,1345,CE_GEN_2684747,low,genetic,,,,WormBase,,-,0,0,0,,NULL
1268,1593,CE_GEN_2684748,low,genetic,,,,WormBase,,-,0,0,0,,NULL
1271,1272,CE_GEN_2666613,low,genetic,,,,WormBase,,-,0,0,0,,NULL
1272,2980,CE_GEN_2673881,low,genetic,,,,WormBase,,-,0,0,0,,NULL
1273,1293,CE_GEN_2675374,low,genetic,,,,WormBase,,-,0,0,0,,NULL
1273,1305,CE_GEN_2675375,low,genetic,,,,WormBase,,-,0,0,0,,NULL
1273,1352,CE_GEN_2675376,low,genetic,,,,WormBase,,-,0,0,0,,NULL
1273,1501,CE_GEN_2675377,low,genetic,,,,WormBase,,-,0,0,0,,NULL
1273,1720,CE_GEN_2675378,low,genetic,,,,WormBase,,-,0,0,0,,NULL
1273,1747,CE_GEN_2675379,low,genetic,,,,WormBase,,-,0,0,0,,NULL
1273,1917,CE_GEN_2675381,low,genetic,,,,WormBase,,-,0,0,0,,NULL
1273,2064,CE_GEN_2675382,low,genetic,,,,WormBase,,-,0,0,0,,NULL
1273,2407,CE_GEN_2675385,low,genetic,,,,WormBase,,-,0,0,0,,NULL
1273,2609,CE_GEN_2675387,low,genetic,,,,WormBase,,-,0,0,0,,NULL
1273,1587,CE_GEN_2675389,low,genetic,,,,WormBase,,-,0,0,0,,NULL
1273,2650,CE_GEN_2675390,low,genetic,,,,WormBase,,-,0,0,0,,NULL
1273,2695,CE_GEN_2675392,low,genetic,,,,WormBase,,-,0,0,0,,NULL
1273,2533,CE_GEN_2675393,low,genetic,,,,WormBase,,-,0,0,0,,NULL
1273,2707,CE_GEN_2675394,low,genetic,,,,WormBase,,-,0,0,0,,NULL
1273,1825,CE_GEN_2675395,low,genetic,,,,WormBase,,-,0,0,0,,NULL
1273,2777,CE_GEN_2675396,low,genetic,,,,WormBase,,-,0,0,0,,NULL
1273,2808,CE_GEN_2675398,low,genetic,,,,WormBase,,-,0,0,0,,NULL
1273,2834,CE_GEN_2675399,low,genetic,,,,WormBase,,-,0,0,0,,NULL
1273,2856,CE_GEN_2675401,low,genetic,,,,WormBase,,-,0,0,0,,NULL
1273,2858,CE_GEN_2675402,low,genetic,,,,WormBase,,-,0,0,0,,NULL
1273,2177,CE_GEN_2675403,low,genetic,,,,WormBase,,-,0,0,0,,NULL
1273,2864,CE_GEN_2675405,low,genetic,,,,WormBase,,-,0,0,0,,NULL
1273,2922,CE_GEN_2675406,low,genetic,,,,WormBase,,-,0,0,0,,NULL
1273,2942,CE_GEN_2675407,low,genetic,,,,WormBase,,-,0,0,0,,NULL
1273,2865,CE_GEN_2675408,low,genetic,,,,WormBase,,-,0,0,0,,NULL
1273,2951,CE_GEN_2675409,low,genetic,,,,WormBase,,-,0,0,0,,NULL
1273,3051,CE_GEN_2675410,low,genetic,,,,WormBase,,-,0,0,0,,NULL
1273,2867,CE_GEN_2675411,low,genetic,,,,WormBase,,-,0,0,0,,NULL
1273,3083,CE_GEN_2675413,low,genetic,,,,WormBase,,-,0,0,0,,NULL
1273,1576,CE_GEN_2675414,moderate,genetic,,,,WormBase,,-,0,0,0,,NULL
1273,2868,CE_GEN_2675415,low,genetic,,,,WormBase,,-,0,0,0,,NULL
1273,3101,CE_GEN_2675416,low,genetic,,,,WormBase,,-,0,0,0,,NULL
1273,1883,CE_GEN_2675417,low,genetic,,,,WormBase,,-,0,0,0,,NULL
1273,1372,CE_GEN_2675418,moderate,genetic,,,,WormBase,,-,0,0,0,,NULL
1273,1855,CE_GEN_2675420,low,genetic,,,,WormBase,,-,0,0,0,,NULL
1274,1275,CE_GEN_2666620,low,genetic,,,,WormBase,,-,0,0,0,,NULL
1275,1912,CE_GEN_2673196,low,genetic,,,,WormBase,,-,0,0,0,,NULL
1275,2550,CE_GEN_2673199,low,genetic,,,,WormBase,,-,0,0,0,,NULL
1275,2567,CE_GEN_2673200,low,genetic,,,,WormBase,,-,0,0,0,,NULL
1276,1277,CE_GEN_2666622,moderate,genetic,,,,WormBase,,-,0,0,0,,NULL
1277,1281,CE_GEN_2677152,low,genetic,,,,WormBase,,-,0,0,0,,NULL
1278,1279,CE_GEN_2666623,low,genetic,,,,WormBase,,-,0,0,0,,NULL
1278,1280,CE_GEN_2666625,low,genetic,,,,WormBase,,-,0,0,0,,NULL
1278,1281,CE_GEN_2666627,low,genetic,,,,WormBase,,-,0,0,0,,NULL
1278,1282,CE_GEN_2666628,low,genetic,,,,WormBase,,-,0,0,0,,NULL
1278,1283,CE_GEN_2666629,low,genetic,,,,WormBase,,-,0,0,0,,NULL
1279,1281,CE_GEN_2667123,low,genetic,,,,WormBase,,-,0,0,0,,NULL
1279,1444,CE_GEN_2667124,low,genetic,,,,WormBase,,-,0,0,0,,NULL
1279,1553,CE_GEN_2667125,low,genetic,,,,WormBase,,-,0,0,0,,NULL
1280,1281,CE_GEN_2671642,low,genetic,,,,WormBase,,-,0,0,0,,NULL
1281,2061,CE_GEN_2672745,low,genetic,,,,WormBase,,-,0,0,0,,NULL
1281,1463,CE_GEN_2672746,low,genetic,,,,WormBase,,-,0,0,0,,NULL
1281,1389,CE_GEN_2672752,low,genetic,,,,WormBase,,-,0,0,0,,NULL
1281,2016,CE_GEN_2672753,low,genetic,,,,WormBase,,-,0,0,0,,NULL
1281,2906,CE_GEN_2672759,low,genetic,,,,WormBase,,-,0,0,0,,NULL
1281,2111,CE_GEN_2672760,low,genetic,,,,WormBase,,-,0,0,0,,NULL
1281,2907,CE_GEN_2672762,low,genetic,,,,WormBase,,-,0,0,0,,NULL
1282,1372,CE_GEN_2673945,low,genetic,,,,WormBase,,-,0,0,0,,NULL
1283,1629,CE_GEN_2677291,low,genetic,,,,WormBase,,-,0,0,0,,NULL
1283,1307,CE_GEN_2677294,low,genetic,,,,WormBase,,-,0,0,0,,NULL
1286,1287,CE_GEN_2666636,low,genetic,,,,WormBase,,-,0,0,0,,NULL
1287,2493,CE_GEN_2676369,low,genetic,,,,WormBase,,-,0,0,0,,NULL
1287,2772,CE_GEN_2676371,low,genetic,,,,WormBase,,-,0,0,0,,NULL
1287,2745,CE_GEN_2676372,low,genetic,,,,WormBase,,-,0,0,0,,NULL
1287,3123,CE_GEN_2676373,low,genetic,,,,WormBase,,-,0,0,0,,NULL
1288,1289,CE_GEN_2666639,low,genetic,,,,WormBase,,-,0,0,0,,NULL
1290,1291,CE_GEN_2666640,low,genetic,,,,WormBase,,-,0,0,0,,NULL
1293,1294,CE_GEN_2666642,low,genetic,,,,WormBase,,-,0,0,0,,NULL
1293,1295,CE_GEN_2666643,low,genetic,,,,WormBase,,-,0,0,0,,NULL
1293,1296,CE_GEN_2666644,low,genetic,,,,WormBase,,-,0,0,0,,NULL
1293,1297,CE_GEN_2666645,low,genetic,,,,WormBase,,-,0,0,0,,NULL
1293,1298,CE_GEN_2666646,low,genetic,,,,WormBase,,-,0,0,0,,NULL
1293,1299,CE_GEN_2666647,low,genetic,,,,WormBase,,-,0,0,0,,NULL
1293,1300,CE_GEN_2666648,low,genetic,,,,WormBase,,-,0,0,0,,NULL
1293,1301,CE_GEN_2666649,low,genetic,,,,WormBase,,-,0,0,0,,NULL
1293,1302,CE_GEN_2666652,low,genetic,,,,WormBase,,-,0,0,0,,NULL
1293,1303,CE_GEN_2666653,moderate,genetic,,,,WormBase,,-,0,0,0,,NULL
1294,2435,CE_GEN_2669493,low,genetic,,,,WormBase,,-,0,0,0,,NULL
1295,1301,CE_GEN_2669723,low,genetic,,,,WormBase,,-,0,0,0,,NULL
1295,1750,CE_GEN_2669724,moderate,genetic,,,,WormBase,,-,0,0,0,,NULL
1296,1301,CE_GEN_2670029,low,genetic,,,,WormBase,,-,0,0,0,,NULL
1297,1817,CE_GEN_2672053,low,genetic,,,,WormBase,,-,0,0,0,,NULL
1297,1303,CE_GEN_2672054,low,genetic,,,,WormBase,,-,0,0,0,,NULL
1298,1815,CE_GEN_2673504,low,genetic,,,,WormBase,,-,0,0,0,,NULL
1298,2526,CE_GEN_2673505,low,genetic,,,,WormBase,,-,0,0,0,,NULL
1298,2953,CE_GEN_2673507,low,genetic,,,,WormBase,,-,0,0,0,,NULL
1298,2435,CE_GEN_2673508,low,genetic,,,,WormBase,,-,0,0,0,,NULL
1301,1868,CE_GEN_2674436,low,genetic,,,,WormBase,,-,0,0,0,,NULL
1301,2435,CE_GEN_2674441,low,genetic,,,,WormBase,,-,0,0,0,,NULL
1301,3050,CE_GEN_2674442,low,genetic,,,,WormBase,,-,0,0,0,,NULL
1303,1654,CE_GEN_2677316,low,genetic,,,,WormBase,,-,0,0,0,,NULL
1303,1587,CE_GEN_2677318,low,genetic,,,,WormBase,,-,0,0,0,,NULL
1303,1712,CE_GEN_2677321,low,genetic,,,,WormBase,,-,0,0,0,,NULL
1303,1892,CE_GEN_2677322,low,genetic,,,,WormBase,,-,0,0,0,,NULL
1303,1576,CE_GEN_2677323,low,genetic,,,,WormBase,,-,0,0,0,,NULL
1303,1750,CE_GEN_2677324,low,genetic,,,,WormBase,,-,0,0,0,,NULL
1303,1883,CE_GEN_2677325,low,genetic,,,,WormBase,,-,0,0,0,,NULL
1305,1306,CE_GEN_2666655,moderate,genetic,,,,WormBase,,-,0,0,0,,NULL
1305,1307,CE_GEN_2666657,low,genetic,,,,WormBase,,-,0,0,0,,NULL
1305,1308,CE_GEN_2666659,low,genetic,,,,WormBase,,-,0,0,0,,NULL
1305,1309,CE_GEN_2666660,low,genetic,,,,WormBase,,-,0,0,0,,NULL
1306,1307,CE_GEN_2666774,low,genetic,,,,WormBase,,-,0,0,0,,NULL
1306,1367,CE_GEN_2666775,low,genetic,,,,WormBase,,-,0,0,0,,NULL
1306,1309,CE_GEN_2666776,low,genetic,,,,WormBase,,-,0,0,0,,NULL
1306,1368,CE_GEN_2666777,moderate,genetic,,,,WormBase,,-,0,0,0,,NULL
1307,1635,CE_GEN_2673304,low,genetic,,,,WormBase,,-,0,0,0,,NULL
1307,1753,CE_GEN_2673305,low,genetic,,,,WormBase,,-,0,0,0,,NULL
1307,1423,CE_GEN_2673306,low,genetic,,,,WormBase,,-,0,0,0,,NULL
1307,1908,CE_GEN_2673307,low,genetic,,,,WormBase,,-,0,0,0,,NULL
1307,1959,CE_GEN_2673308,low,genetic,,,,WormBase,,-,0,0,0,,NULL
1307,1970,CE_GEN_2673309,low,genetic,,,,WormBase,,-,0,0,0,,NULL
1307,1464,CE_GEN_2673310,low,genetic,,,,WormBase,,-,0,0,0,,NULL
1307,1878,CE_GEN_2673312,low,genetic,,,,WormBase,,-,0,0,0,,NULL
1307,2466,CE_GEN_2673313,low,genetic,,,,WormBase,,-,0,0,0,,NULL
1307,2476,CE_GEN_2673314,low,genetic,,,,WormBase,,-,0,0,0,,NULL
1307,2697,CE_GEN_2673318,low,genetic,,,,WormBase,,-,0,0,0,,NULL
1307,2684,CE_GEN_2673320,low,genetic,,,,WormBase,,-,0,0,0,,NULL
1307,2767,CE_GEN_2673321,low,genetic,,,,WormBase,,-,0,0,0,,NULL
1307,1425,CE_GEN_2673322,low,genetic,,,,WormBase,,-,0,0,0,,NULL
1307,2638,CE_GEN_2673324,low,genetic,,,,WormBase,,-,0,0,0,,NULL
1307,1870,CE_GEN_2673326,low,genetic,,,,WormBase,,-,0,0,0,,NULL
1307,2420,CE_GEN_2673328,low,genetic,,,,WormBase,,-,0,0,0,,NULL
1307,1762,CE_GEN_2673330,low,genetic,,,,WormBase,,-,0,0,0,,NULL
1307,1665,CE_GEN_2673331,low,genetic,,,,WormBase,,-,0,0,0,,NULL
1307,2837,CE_GEN_2673333,low,genetic,,,,WormBase,,-,0,0,0,,NULL
1307,2641,CE_GEN_2673334,low,genetic,,,,WormBase,,-,0,0,0,,NULL
1307,1367,CE_GEN_2673335,low,genetic,,,,WormBase,,-,0,0,0,,NULL
1307,2940,CE_GEN_2673337,low,genetic,,,,WormBase,,-,0,0,0,,NULL
1307,2748,CE_GEN_2673340,low,genetic,,,,WormBase,,-,0,0,0,,NULL
1307,2941,CE_GEN_2673342,low,genetic,,,,WormBase,,-,0,0,0,,NULL
1307,1308,CE_GEN_2673343,low,genetic,,,,WormBase,,-,0,0,0,,NULL
1307,1674,CE_GEN_2673344,low,genetic,,,,WormBase,,-,0,0,0,,NULL
1307,1382,CE_GEN_2673345,low,genetic,,,,WormBase,,-,0,0,0,,NULL
1307,1648,CE_GEN_2673346,low,genetic,,,,WormBase,,-,0,0,0,,NULL
1307,1675,CE_GEN_2673347,low,genetic,,,,WormBase,,-,0,0,0,,NULL
1307,1309,CE_GEN_2673348,low,genetic,,,,WormBase,,-,0,0,0,,NULL
1307,1971,CE_GEN_2673349,low,genetic,,,,WormBase,,-,0,0,0,,NULL
1307,1676,CE_GEN_2673350,low,genetic,,,,WormBase,,-,0,0,0,,NULL
1307,1967,CE_GEN_2673351,low,genetic,,,,WormBase,,-,0,0,0,,NULL
1307,2643,CE_GEN_2673352,low,genetic,,,,WormBase,,-,0,0,0,,NULL
1307,2081,CE_GEN_2673354,low,genetic,,,,WormBase,,-,0,0,0,,NULL
1307,1612,CE_GEN_2673355,moderate,genetic,,,,WormBase,,-,0,0,0,,NULL
1307,2227,CE_GEN_3540787,low,genetic,,,,WormBase,,-,0,0,0,,NULL
1307,3175,CE_HS_GEN30424,low,genetic,MI:0796,,,BioGrid,9560245,PMID,1,0,1,,NULL
1309,2638,CE_GEN_2676648,low,genetic,,,,WormBase,,-,0,0,0,,NULL
1309,1612,CE_GEN_2676653,low,genetic,,,,WormBase,,-,0,0,0,,NULL
1311,1312,CE_GEN_2666662,low,genetic,,,,WormBase,,-,0,0,0,,NULL
1312,1678,CE_GEN_2675993,low,genetic,,,,WormBase,,-,0,0,0,,NULL
1312,1516,CE_GEN_2675994,low,genetic,,,,WormBase,,-,0,0,0,,NULL
1312,1785,CE_GEN_2675996,low,genetic,,,,WormBase,,-,0,0,0,,NULL
1312,1919,CE_GEN_2675997,low,genetic,,,,WormBase,,-,0,0,0,,NULL
1312,1993,CE_GEN_2675998,low,genetic,,,,WormBase,,-,0,0,0,,NULL
1312,2733,CE_GEN_2676001,low,genetic,,,,WormBase,,-,0,0,0,,NULL
1312,1816,CE_GEN_2676002,low,genetic,,,,WormBase,,-,0,0,0,,NULL
1312,1994,CE_GEN_2676003,low,genetic,,,,WormBase,,-,0,0,0,,NULL
1312,2640,CE_GEN_2676004,low,genetic,,,,WormBase,,-,0,0,0,,NULL
1312,1682,CE_GEN_2676006,low,genetic,,,,WormBase,,-,0,0,0,,NULL
1312,1382,CE_GEN_2676007,low,genetic,,,,WormBase,,-,0,0,0,,NULL
1312,1504,CE_GEN_2676009,low,genetic,,,,WormBase,,-,0,0,0,,NULL
1312,2848,CE_GEN_2676010,low,genetic,,,,WormBase,,-,0,0,0,,NULL
1312,2930,CE_GEN_2676011,low,genetic,,,,WormBase,,-,0,0,0,,NULL
1316,1848,CE_GEN_2673790,low,genetic,,,,WormBase,,-,0,0,0,,NULL
1318,1319,CE_GEN_2666671,low,genetic,,,,WormBase,,-,0,0,0,,NULL
1318,1320,CE_GEN_2666672,low,genetic,,,,WormBase,,-,0,0,0,,NULL
1319,1612,CE_GEN_2670641,low,genetic,,,,WormBase,,-,0,0,0,,NULL
1323,1324,CE_GEN_2666678,low,genetic,,,,WormBase,,-,0,0,0,,NULL
1325,1326,CE_GEN_2666679,low,genetic,,,,WormBase,,-,0,0,0,,NULL
1325,1327,CE_GEN_2666681,low,genetic,,,,WormBase,,-,0,0,0,,NULL
1326,1629,CE_GEN_2667342,low,genetic,,,,WormBase,,-,0,0,0,,NULL
1326,1630,CE_GEN_2667345,low,genetic,,,,WormBase,,-,0,0,0,,NULL
1326,1631,CE_GEN_2667346,low,genetic,,,,WormBase,,-,0,0,0,,NULL
1326,1632,CE_GEN_2667350,low,genetic,,,,WormBase,,-,0,0,0,,NULL
1326,1593,CE_GEN_2667351,low,genetic,,,,WormBase,,-,0,0,0,,NULL
1328,1329,CE_GEN_2666683,low,genetic,,,,WormBase,,-,0,0,0,,NULL
1330,1331,CE_GEN_2666685,low,genetic,,,,WormBase,,-,0,0,0,,NULL
1330,1332,CE_GEN_2666686,low,genetic,,,,WormBase,,-,0,0,0,,NULL
1332,2806,CE_GEN_2676569,low,genetic,,,,WormBase,,-,0,0,0,,NULL
1333,1334,CE_GEN_2666687,low,genetic,,,,WormBase,,-,0,0,0,,NULL
1334,1569,CE_GEN_2668505,low,genetic,,,,WormBase,,-,0,0,0,,NULL
1334,1979,CE_GEN_2668507,low,genetic,,,,WormBase,,-,0,0,0,,NULL
1334,1707,CE_GEN_2668509,low,genetic,,,,WormBase,,-,0,0,0,,NULL
1334,2066,CE_GEN_2668510,low,genetic,,,,WormBase,,-,0,0,0,,NULL
1334,2067,CE_GEN_2668511,low,genetic,,,,WormBase,,-,0,0,0,,NULL
1334,1482,CE_GEN_2668514,low,genetic,,,,WormBase,,-,0,0,0,,NULL
1334,2068,CE_GEN_2668515,low,genetic,,,,WormBase,,-,0,0,0,,NULL
1334,2069,CE_GEN_2668516,low,genetic,,,,WormBase,,-,0,0,0,,NULL
1336,1337,CE_GEN_2666689,low,genetic,,,,WormBase,,-,0,0,0,,NULL
1337,1909,CE_GEN_2669727,low,genetic,,,,WormBase,,-,0,0,0,,NULL
1340,2005,CE_GEN_2668327,low,genetic,,,,WormBase,,-,0,0,0,,NULL
1340,2006,CE_GEN_2668328,low,genetic,,,,WormBase,,-,0,0,0,,NULL
1340,2007,CE_GEN_2668329,low,genetic,,,,WormBase,,-,0,0,0,,NULL
1341,1363,CE_GEN_2673472,moderate,genetic,,,,WormBase,,-,0,0,0,,NULL
1341,1412,CE_GEN_2673476,moderate,genetic,,,,WormBase,,-,0,0,0,,NULL
1341,2945,CE_GEN_2673477,moderate,genetic,,,,WormBase,,-,0,0,0,,NULL
1343,1345,CE_GEN_2675562,low,genetic,,,,WormBase,,-,0,0,0,,NULL
1345,1564,CE_GEN_2677116,low,genetic,,,,WormBase,,-,0,0,0,,NULL
1345,1998,CE_GEN_2677117,low,genetic,,,,WormBase,,-,0,0,0,,NULL
1345,1360,CE_GEN_2677118,low,genetic,,,,WormBase,,-,0,0,0,,NULL
1345,1448,CE_GEN_2677119,moderate,genetic,,,,WormBase,,-,0,0,0,,NULL
1345,1450,CE_GEN_2677120,low,genetic,,,,WormBase,,-,0,0,0,,NULL
1345,2500,CE_GEN_2677124,low,genetic,,,,WormBase,,-,0,0,0,,NULL
1345,2768,CE_GEN_2677127,low,genetic,,,,WormBase,,-,0,0,0,,NULL
1346,1347,CE_GEN_2666726,low,genetic,,,,WormBase,,-,0,0,0,,NULL
1346,1348,CE_GEN_2666727,low,genetic,,,,WormBase,,-,0,0,0,,NULL
1348,1739,CE_GEN_2677361,low,genetic,,,,WormBase,,-,0,0,0,,NULL
1348,1417,CE_GEN_2677363,low,genetic,,,,WormBase,,-,0,0,0,,NULL
1348,1961,CE_GEN_2677370,low,genetic,,,,WormBase,,-,0,0,0,,NULL
1348,1536,CE_GEN_2677372,low,genetic,,,,WormBase,,-,0,0,0,,NULL
1348,2104,CE_GEN_2677375,low,genetic,,,,WormBase,,-,0,0,0,,NULL
1348,1573,CE_GEN_2677378,low,genetic,,,,WormBase,,-,0,0,0,,NULL
1348,2445,CE_GEN_2677380,low,genetic,,,,WormBase,,-,0,0,0,,NULL
1348,1563,CE_GEN_2677381,low,genetic,,,,WormBase,,-,0,0,0,,NULL
1350,2076,CE_GEN_2672531,low,genetic,,,,WormBase,,-,0,0,0,,NULL
1354,1355,CE_GEN_2666750,low,genetic,,,,WormBase,,-,0,0,0,,NULL
1358,1639,CE_GEN_2673883,low,genetic,,,,WormBase,,-,0,0,0,,NULL
1358,1901,CE_GEN_2673884,low,genetic,,,,WormBase,,-,0,0,0,,NULL
1358,2981,CE_GEN_2673885,low,genetic,,,,WormBase,,-,0,0,0,,NULL
1359,1360,CE_GEN_2666758,low,genetic,,,,WormBase,,-,0,0,0,,NULL
1359,1361,CE_GEN_2666761,low,genetic,,,,WormBase,,-,0,0,0,,NULL
1360,1416,CE_GEN_2669591,moderate,genetic,,,,WormBase,,-,0,0,0,,NULL
1360,1624,CE_GEN_2669594,low,genetic,,,,WormBase,,-,0,0,0,,NULL
1360,1448,CE_GEN_2669601,low,genetic,,,,WormBase,,-,0,0,0,,NULL
1360,2420,CE_GEN_2669604,low,genetic,,,,WormBase,,-,0,0,0,,NULL
1360,2456,CE_GEN_2669606,low,genetic,,,,WormBase,,-,0,0,0,,NULL
1360,1361,CE_GEN_2669608,moderate,genetic,,,,WormBase,,-,0,0,0,,NULL
1360,1847,CE_GEN_2669614,low,genetic,,,,WormBase,,-,0,0,0,,NULL
1360,2457,CE_GEN_2669617,low,genetic,,,,WormBase,,-,0,0,0,,NULL
1360,1858,CE_GEN_2669618,low,genetic,,,,WormBase,,-,0,0,0,,NULL
1360,3167,CE_GEN_3540763,low,genetic,,,,WormBase,,-,0,0,0,,NULL
1361,1820,CE_GEN_2674847,low,genetic,,,,WormBase,,-,0,0,0,,NULL
1361,2569,CE_GEN_2674852,moderate,genetic,,,,WormBase,,-,0,0,0,,NULL
1361,1840,CE_GEN_2674853,low,genetic,,,,WormBase,,-,0,0,0,,NULL
1363,1533,CE_GEN_2670338,low,genetic,,,,WormBase,,-,0,0,0,,NULL
1363,1765,CE_GEN_2670339,low,genetic,,,,WormBase,,-,0,0,0,,NULL
1363,1900,CE_GEN_2670340,low,genetic,,,,WormBase,,-,0,0,0,,NULL
1363,1762,CE_GEN_2670341,low,genetic,,,,WormBase,,-,0,0,0,,NULL
1363,2606,CE_GEN_2670343,low,genetic,,,,WormBase,,-,0,0,0,,NULL
1363,1537,CE_GEN_2670344,low,genetic,,,,WormBase,,-,0,0,0,,NULL
1363,1539,CE_GEN_2670346,low,genetic,,,,WormBase,,-,0,0,0,,NULL
1363,1540,CE_GEN_2670347,low,genetic,,,,WormBase,,-,0,0,0,,NULL
1363,1903,CE_GEN_2670349,low,genetic,,,,WormBase,,-,0,0,0,,NULL
1364,1563,CE_GEN_2671263,low,genetic,,,,WormBase,,-,0,0,0,,NULL
1365,1617,CE_GEN_2671964,moderate,genetic,,,,WormBase,,-,0,0,0,,NULL
1365,2824,CE_GEN_2671965,low,genetic,,,,WormBase,,-,0,0,0,,NULL
1365,2826,CE_GEN_2671967,low,genetic,,,,WormBase,,-,0,0,0,,NULL
1369,1370,CE_GEN_2666778,low,genetic,,,,WormBase,,-,0,0,0,,NULL
1369,1371,CE_GEN_2666780,low,genetic,,,,WormBase,,-,0,0,0,,NULL
1369,1372,CE_GEN_2666781,low,genetic,,,,WormBase,,-,0,0,0,,NULL
1370,2487,CE_GEN_2673627,low,genetic,,,,WormBase,,-,0,0,0,,NULL
1371,1710,CE_GEN_2674514,low,genetic,,,,WormBase,,-,0,0,0,,NULL
1371,1711,CE_GEN_2674515,low,genetic,,,,WormBase,,-,0,0,0,,NULL
1372,1720,CE_GEN_2678357,low,genetic,,,,WormBase,,-,0,0,0,,NULL
1372,2868,CE_GEN_2678364,low,genetic,,,,WormBase,,-,0,0,0,,NULL
1373,1465,CE_GEN_2675503,low,genetic,,,,WormBase,,-,0,0,0,,NULL
1373,1471,CE_GEN_2675505,low,genetic,,,,WormBase,,-,0,0,0,,NULL
1373,1632,CE_GEN_2675508,low,genetic,,,,WormBase,,-,0,0,0,,NULL
1373,1750,CE_GEN_2675509,low,genetic,,,,WormBase,,-,0,0,0,,NULL
1373,1489,CE_GEN_2675513,low,genetic,,,,WormBase,,-,0,0,0,,NULL
1374,1375,CE_GEN_2666783,low,genetic,,,,WormBase,,-,0,0,0,,NULL
1374,1376,CE_GEN_2666784,low,genetic,,,,WormBase,,-,0,0,0,,NULL
1376,3099,CE_GEN_2675334,low,genetic,,,,WormBase,,-,0,0,0,,NULL
1376,2093,CE_GEN_2675335,low,genetic,,,,WormBase,,-,0,0,0,,NULL
1377,1378,CE_GEN_2666786,low,genetic,,,,WormBase,,-,0,0,0,,NULL
1378,1649,CE_GEN_2667387,low,genetic,,,,WormBase,,-,0,0,0,,NULL
1378,1650,CE_GEN_2667388,low,genetic,,,,WormBase,,-,0,0,0,,NULL
1378,1651,CE_GEN_2667389,low,genetic,,,,WormBase,,-,0,0,0,,NULL
1378,1652,CE_GEN_2667390,low,genetic,,,,WormBase,,-,0,0,0,,NULL
1378,1653,CE_GEN_2667391,low,genetic,,,,WormBase,,-,0,0,0,,NULL
1378,1654,CE_GEN_2667392,low,genetic,,,,WormBase,,-,0,0,0,,NULL
1378,1655,CE_GEN_2667393,low,genetic,,,,WormBase,,-,0,0,0,,NULL
1378,1656,CE_GEN_2667394,low,genetic,,,,WormBase,,-,0,0,0,,NULL
1378,1657,CE_GEN_2667395,low,genetic,,,,WormBase,,-,0,0,0,,NULL
1378,1658,CE_GEN_2667396,low,genetic,,,,WormBase,,-,0,0,0,,NULL
1378,1659,CE_GEN_2667398,low,genetic,,,,WormBase,,-,0,0,0,,NULL
1378,1660,CE_GEN_2667399,low,genetic,,,,WormBase,,-,0,0,0,,NULL
1378,1661,CE_GEN_2667400,low,genetic,,,,WormBase,,-,0,0,0,,NULL
1378,1662,CE_GEN_2667403,low,genetic,,,,WormBase,,-,0,0,0,,NULL
1378,1663,CE_GEN_2667404,low,genetic,,,,WormBase,,-,0,0,0,,NULL
1378,1664,CE_GEN_2667405,low,genetic,,,,WormBase,,-,0,0,0,,NULL
1378,1665,CE_GEN_2667406,low,genetic,,,,WormBase,,-,0,0,0,,NULL
1378,1666,CE_GEN_2667407,low,genetic,,,,WormBase,,-,0,0,0,,NULL
1378,1667,CE_GEN_2667408,low,genetic,,,,WormBase,,-,0,0,0,,NULL
1378,1668,CE_GEN_2667409,low,genetic,,,,WormBase,,-,0,0,0,,NULL
1378,1669,CE_GEN_2667410,low,genetic,,,,WormBase,,-,0,0,0,,NULL
1378,1670,CE_GEN_2667411,low,genetic,,,,WormBase,,-,0,0,0,,NULL
1378,1671,CE_GEN_2667412,low,genetic,,,,WormBase,,-,0,0,0,,NULL
1378,1672,CE_GEN_2667413,low,genetic,,,,WormBase,,-,0,0,0,,NULL
1378,1673,CE_GEN_2667414,low,genetic,,,,WormBase,,-,0,0,0,,NULL
1378,1674,CE_GEN_2667415,low,genetic,,,,WormBase,,-,0,0,0,,NULL
1378,1675,CE_GEN_2667416,low,genetic,,,,WormBase,,-,0,0,0,,NULL
1378,1676,CE_GEN_2667417,low,genetic,,,,WormBase,,-,0,0,0,,NULL
1380,1976,CE_GEN_2669273,low,genetic,,,,WormBase,,-,0,0,0,,NULL
1380,1977,CE_GEN_2669275,low,genetic,,,,WormBase,,-,0,0,0,,NULL
1380,2403,CE_GEN_2669276,low,genetic,,,,WormBase,,-,0,0,0,,NULL
1380,1508,CE_GEN_2669278,low,genetic,,,,WormBase,,-,0,0,0,,NULL
1380,2404,CE_GEN_2669279,low,genetic,,,,WormBase,,-,0,0,0,,NULL
1380,1962,CE_GEN_2669281,low,genetic,,,,WormBase,,-,0,0,0,,NULL
1380,2405,CE_GEN_2669283,low,genetic,,,,WormBase,,-,0,0,0,,NULL
1380,1978,CE_GEN_2669284,low,genetic,,,,WormBase,,-,0,0,0,,NULL
1380,3167,CE_GEN_3540752,low,genetic,,,,WormBase,,-,0,0,0,,NULL
1381,1382,CE_GEN_2666789,low,genetic,,,,WormBase,,-,0,0,0,,NULL
1382,1678,CE_GEN_2676389,low,genetic,,,,WormBase,,-,0,0,0,,NULL
1382,1466,CE_GEN_2676390,low,genetic,,,,WormBase,,-,0,0,0,,NULL
1382,1816,CE_GEN_2676392,low,genetic,,,,WormBase,,-,0,0,0,,NULL
1382,2640,CE_GEN_2676394,low,genetic,,,,WormBase,,-,0,0,0,,NULL
1382,1682,CE_GEN_2676398,low,genetic,,,,WormBase,,-,0,0,0,,NULL
1382,1504,CE_GEN_2676400,low,genetic,,,,WormBase,,-,0,0,0,,NULL
1382,2930,CE_GEN_2676401,low,genetic,,,,WormBase,,-,0,0,0,,NULL
1383,1384,CE_GEN_2666794,low,genetic,,,,WormBase,,-,0,0,0,,NULL
1384,1652,CE_GEN_2673654,low,genetic,,,,WormBase,,-,0,0,0,,NULL
1384,1474,CE_GEN_2673655,moderate,genetic,,,,WormBase,,-,0,0,0,,NULL
1384,1475,CE_GEN_2673656,low,genetic,,,,WormBase,,-,0,0,0,,NULL
1384,2964,CE_GEN_2673658,low,genetic,,,,WormBase,,-,0,0,0,,NULL
1385,1386,CE_GEN_2666796,low,genetic,,,,WormBase,,-,0,0,0,,NULL
1386,2100,CE_GEN_2675312,low,genetic,,,,WormBase,,-,0,0,0,,NULL
1386,1536,CE_GEN_2675313,low,genetic,,,,WormBase,,-,0,0,0,,NULL
1386,2556,CE_GEN_2675314,low,genetic,,,,WormBase,,-,0,0,0,,NULL
1386,1573,CE_GEN_2675315,low,genetic,,,,WormBase,,-,0,0,0,,NULL
1386,1596,CE_GEN_2675316,low,genetic,,,,WormBase,,-,0,0,0,,NULL
1387,1413,CE_GEN_2666840,low,genetic,,,,WormBase,,-,0,0,0,,NULL
1387,1392,CE_GEN_2666841,low,genetic,,,,WormBase,,-,0,0,0,,NULL
1388,1391,CE_GEN_2668185,moderate,genetic,,,,WormBase,,-,0,0,0,,NULL
1389,1894,CE_GEN_2669970,low,genetic,,,,WormBase,,-,0,0,0,,NULL
1391,1500,CE_GEN_2674230,low,genetic,,,,WormBase,,-,0,0,0,,NULL
1391,2949,CE_GEN_2674232,moderate,genetic,,,,WormBase,,-,0,0,0,,NULL
1392,1740,CE_GEN_2675185,low,genetic,,,,WormBase,,-,0,0,0,,NULL
1394,1395,CE_GEN_2666812,low,genetic,,,,WormBase,,-,0,0,0,,NULL
1396,1397,CE_GEN_2666815,low,genetic,,,,WormBase,,-,0,0,0,,NULL
1397,1769,CE_GEN_2676696,low,genetic,,,,WormBase,,-,0,0,0,,NULL
1399,1400,CE_GEN_2666817,low,genetic,,,,WormBase,,-,0,0,0,,NULL
1400,1411,CE_GEN_2670425,low,genetic,,,,WormBase,,-,0,0,0,,NULL
1400,2614,CE_GEN_2670428,low,genetic,,,,WormBase,,-,0,0,0,,NULL
1400,1553,CE_GEN_2670429,low,genetic,,,,WormBase,,-,0,0,0,,NULL
1400,1563,CE_GEN_2670430,low,genetic,,,,WormBase,,-,0,0,0,,NULL
1400,2117,CE_GEN_2670432,low,genetic,,,,WormBase,,-,0,0,0,,NULL
1401,1402,CE_GEN_2666818,low,genetic,,,,WormBase,,-,0,0,0,,NULL
1404,1474,CE_GEN_2669447,low,genetic,,,,WormBase,,-,0,0,0,,NULL
1405,1474,CE_GEN_2671097,low,genetic,,,,WormBase,,-,0,0,0,,NULL
1405,1480,CE_GEN_2671100,low,genetic,,,,WormBase,,-,0,0,0,,NULL
1405,1487,CE_GEN_2671104,low,genetic,,,,WormBase,,-,0,0,0,,NULL
1405,1490,CE_GEN_2671105,low,genetic,,,,WormBase,,-,0,0,0,,NULL
1406,1465,CE_GEN_2671341,low,genetic,,,,WormBase,,-,0,0,0,,NULL
1406,1474,CE_GEN_2671344,low,genetic,,,,WormBase,,-,0,0,0,,NULL
1406,1480,CE_GEN_2671348,low,genetic,,,,WormBase,,-,0,0,0,,NULL
1406,1489,CE_GEN_2671355,low,genetic,,,,WormBase,,-,0,0,0,,NULL
1406,1490,CE_GEN_2671356,low,genetic,,,,WormBase,,-,0,0,0,,NULL
1407,1408,CE_GEN_2666831,low,genetic,,,,WormBase,,-,0,0,0,,NULL
1407,1409,CE_GEN_2666832,low,genetic,,,,WormBase,,-,0,0,0,,NULL
1408,2879,CE_GEN_2673541,low,genetic,,,,WormBase,,-,0,0,0,,NULL
1408,2956,CE_GEN_2673542,moderate,genetic,,,,WormBase,,-,0,0,0,,NULL
1408,2957,CE_GEN_2673543,low,genetic,,,,WormBase,,-,0,0,0,,NULL
1410,1411,CE_GEN_2666834,low,genetic,,,,WormBase,,-,0,0,0,,NULL
1410,1412,CE_GEN_2666838,low,genetic,,,,WormBase,,-,0,0,0,,NULL
1417,2159,CE_GEN_2668837,low,genetic,,,,WormBase,,-,0,0,0,,NULL
1418,2383,CE_GEN_2671852,low,genetic,,,,WormBase,,-,0,0,0,,NULL
1418,1513,CE_GEN_2671855,low,genetic,,,,WormBase,,-,0,0,0,,NULL
1419,1514,CE_GEN_2671982,low,genetic,,,,WormBase,,-,0,0,0,,NULL
1419,2829,CE_GEN_2671985,low,genetic,,,,WormBase,,-,0,0,0,,NULL
1419,2762,CE_GEN_2671986,moderate,genetic,,,,WormBase,,-,0,0,0,,NULL
1421,1422,CE_GEN_2666855,low,genetic,,,,WormBase,,-,0,0,0,,NULL
1421,1423,CE_GEN_2666857,low,genetic,,,,WormBase,,-,0,0,0,,NULL
1421,1424,CE_GEN_2666858,low,genetic,,,,WormBase,,-,0,0,0,,NULL
1421,1425,CE_GEN_2666859,low,genetic,,,,WormBase,,-,0,0,0,,NULL
1421,1426,CE_GEN_2666860,low,genetic,,,,WormBase,,-,0,0,0,,NULL
1421,1427,CE_GEN_2666864,low,genetic,,,,WormBase,,-,0,0,0,,NULL
1421,1428,CE_GEN_2666866,moderate,genetic,,,,WormBase,,-,0,0,0,,NULL
1422,1426,CE_GEN_2667014,low,genetic,,,,WormBase,,-,0,0,0,,NULL
1422,1502,CE_GEN_2667015,low,genetic,,,,WormBase,,-,0,0,0,,NULL
1422,1503,CE_GEN_2667016,low,genetic,,,,WormBase,,-,0,0,0,,NULL
1422,1428,CE_GEN_2667018,low,genetic,,,,WormBase,,-,0,0,0,,NULL
1422,1504,CE_GEN_2667019,low,genetic,,,,WormBase,,-,0,0,0,,NULL
1423,1877,CE_GEN_2667971,low,genetic,,,,WormBase,,-,0,0,0,,NULL
1423,1878,CE_GEN_2667972,low,genetic,,,,WormBase,,-,0,0,0,,NULL
1423,1424,CE_GEN_2667974,moderate,genetic,,,,WormBase,,-,0,0,0,,NULL
1423,1879,CE_GEN_2667977,low,genetic,,,,WormBase,,-,0,0,0,,NULL
1423,1880,CE_GEN_2667983,low,genetic,,,,WormBase,,-,0,0,0,,NULL
1423,1881,CE_GEN_2667988,low,genetic,,,,WormBase,,-,0,0,0,,NULL
1423,1882,CE_GEN_2667989,low,genetic,,,,WormBase,,-,0,0,0,,NULL
1423,1883,CE_GEN_2667990,low,genetic,,,,WormBase,,-,0,0,0,,NULL
1423,1884,CE_GEN_2667991,low,genetic,,,,WormBase,,-,0,0,0,,NULL
1424,1425,CE_GEN_2670736,low,genetic,,,,WormBase,,-,0,0,0,,NULL
1424,1965,CE_GEN_2670741,low,genetic,,,,WormBase,,-,0,0,0,,NULL
1426,2464,CE_GEN_2671960,low,genetic,,,,WormBase,,-,0,0,0,,NULL
1427,1632,CE_GEN_2673392,low,genetic,,,,WormBase,,-,0,0,0,,NULL
1428,1776,CE_GEN_2676103,low,genetic,,,,WormBase,,-,0,0,0,,NULL
1428,1816,CE_GEN_2676105,low,genetic,,,,WormBase,,-,0,0,0,,NULL
1428,1502,CE_GEN_2676106,low,genetic,,,,WormBase,,-,0,0,0,,NULL
1428,2640,CE_GEN_2676108,low,genetic,,,,WormBase,,-,0,0,0,,NULL
1428,1504,CE_GEN_2676109,low,genetic,,,,WormBase,,-,0,0,0,,NULL
1428,2930,CE_GEN_2676110,low,genetic,,,,WormBase,,-,0,0,0,,NULL
1429,1430,CE_GEN_2666868,low,genetic,,,,WormBase,,-,0,0,0,,NULL
1430,1687,CE_GEN_2675228,low,genetic,,,,WormBase,,-,0,0,0,,NULL
1430,2892,CE_GEN_2675232,low,genetic,,,,WormBase,,-,0,0,0,,NULL
1430,1688,CE_GEN_2675233,low,genetic,,,,WormBase,,-,0,0,0,,NULL
1430,1689,CE_GEN_2675234,low,genetic,,,,WormBase,,-,0,0,0,,NULL
1430,2939,CE_GEN_2675235,low,genetic,,,,WormBase,,-,0,0,0,,NULL
1430,1702,CE_GEN_2675236,low,genetic,,,,WormBase,,-,0,0,0,,NULL
1430,1430,CE_GEN_2675237,low,genetic,,,,WormBase,,-,0,0,0,,NULL
1430,3094,CE_GEN_2675238,low,genetic,,,,WormBase,,-,0,0,0,,NULL
1430,2797,CE_GEN_2675239,low,genetic,,,,WormBase,,-,0,0,0,,NULL
1430,3095,CE_GEN_2675240,low,genetic,,,,WormBase,,-,0,0,0,,NULL
1430,3096,CE_GEN_2675241,low,genetic,,,,WormBase,,-,0,0,0,,NULL
1430,3097,CE_GEN_2675242,low,genetic,,,,WormBase,,-,0,0,0,,NULL
1433,1816,CE_GEN_2684751,low,genetic,,,,WormBase,,-,0,0,0,,NULL
1433,2775,CE_GEN_2684752,low,genetic,,,,WormBase,,-,0,0,0,,NULL
1433,2640,CE_GEN_2684753,low,genetic,,,,WormBase,,-,0,0,0,,NULL
1433,1736,CE_GEN_2684755,low,genetic,,,,WormBase,,-,0,0,0,,NULL
1433,3098,CE_GEN_2684756,low,genetic,,,,WormBase,,-,0,0,0,,NULL
1433,3128,CE_GEN_2684757,low,genetic,,,,WormBase,,-,0,0,0,,NULL
1433,1504,CE_GEN_2684758,low,genetic,,,,WormBase,,-,0,0,0,,NULL
1433,2930,CE_GEN_2684759,low,genetic,,,,WormBase,,-,0,0,0,,NULL
1434,1435,CE_GEN_2666884,low,genetic,,,,WormBase,,-,0,0,0,,NULL
1435,1740,CE_GEN_2674235,low,genetic,,,,WormBase,,-,0,0,0,,NULL
1435,2425,CE_GEN_2674238,low,genetic,,,,WormBase,,-,0,0,0,,NULL
1435,2389,CE_GEN_2674240,low,genetic,,,,WormBase,,-,0,0,0,,NULL
1435,1462,CE_GEN_2674241,low,genetic,,,,WormBase,,-,0,0,0,,NULL
1436,1437,CE_GEN_2666885,low,genetic,,,,WormBase,,-,0,0,0,,NULL
1437,1897,CE_GEN_2668029,low,genetic,,,,WormBase,,-,0,0,0,,NULL
1437,1898,CE_GEN_2668031,low,genetic,,,,WormBase,,-,0,0,0,,NULL
1440,1441,CE_GEN_2666890,low,genetic,,,,WormBase,,-,0,0,0,,NULL
1440,3167,CE_GEN_3540802,low,genetic,,,,WormBase,,-,0,0,0,,NULL
1441,1508,CE_GEN_2667031,low,genetic,,,,WormBase,,-,0,0,0,,NULL
1441,1509,CE_GEN_2667032,low,genetic,,,,WormBase,,-,0,0,0,,NULL
1443,1444,CE_GEN_2666903,low,genetic,,,,WormBase,,-,0,0,0,,NULL
1444,1628,CE_GEN_2673641,low,genetic,,,,WormBase,,-,0,0,0,,NULL
1444,1652,CE_GEN_2673642,low,genetic,,,,WormBase,,-,0,0,0,,NULL
1444,2904,CE_GEN_2673645,low,genetic,,,,WormBase,,-,0,0,0,,NULL
1444,2153,CE_GEN_2673648,low,genetic,,,,WormBase,,-,0,0,0,,NULL
1444,1935,CE_GEN_2673649,low,genetic,,,,WormBase,,-,0,0,0,,NULL
1445,1712,CE_GEN_2667611,low,genetic,,,,WormBase,,-,0,0,0,,NULL
1447,2065,CE_GEN_2668686,low,genetic,,,,WormBase,,-,0,0,0,,NULL
1447,2116,CE_GEN_2668688,low,genetic,,,,WormBase,,-,0,0,0,,NULL
1447,1631,CE_GEN_2668689,low,genetic,,,,WormBase,,-,0,0,0,,NULL
1447,1454,CE_GEN_2668692,low,genetic,,,,WormBase,,-,0,0,0,,NULL
1447,1456,CE_GEN_2668693,low,genetic,,,,WormBase,,-,0,0,0,,NULL
1447,2117,CE_GEN_2668694,low,genetic,,,,WormBase,,-,0,0,0,,NULL
1448,2743,CE_GEN_2671255,low,genetic,,,,WormBase,,-,0,0,0,,NULL
1448,1454,CE_GEN_2671257,low,genetic,,,,WormBase,,-,0,0,0,,NULL
1448,2002,CE_GEN_2671259,low,genetic,,,,WormBase,,-,0,0,0,,NULL
1450,2126,CE_GEN_2671923,low,genetic,,,,WormBase,,-,0,0,0,,NULL
1451,2838,CE_GEN_2672103,low,genetic,,,,WormBase,,-,0,0,0,,NULL
1452,2624,CE_GEN_2673666,low,genetic,,,,WormBase,,-,0,0,0,,NULL
1454,1633,CE_GEN_2676055,low,genetic,,,,WormBase,,-,0,0,0,,NULL
1454,2696,CE_GEN_2676058,low,genetic,,,,WormBase,,-,0,0,0,,NULL
1454,2743,CE_GEN_2676060,low,genetic,,,,WormBase,,-,0,0,0,,NULL
1454,1631,CE_GEN_2676061,low,genetic,,,,WormBase,,-,0,0,0,,NULL
1454,2912,CE_GEN_2676062,low,genetic,,,,WormBase,,-,0,0,0,,NULL
1454,1456,CE_GEN_2676064,low,genetic,,,,WormBase,,-,0,0,0,,NULL
1454,2117,CE_GEN_2676065,low,genetic,,,,WormBase,,-,0,0,0,,NULL
1454,1683,CE_GEN_2676066,low,genetic,,,,WormBase,,-,0,0,0,,NULL
1454,2093,CE_GEN_2676067,low,genetic,,,,WormBase,,-,0,0,0,,NULL
1459,1460,CE_GEN_2670719,low,genetic,,,,WormBase,,-,0,0,0,,NULL
1459,1461,CE_GEN_2670720,low,genetic,,,,WormBase,,-,0,0,0,,NULL
1459,2677,CE_GEN_2670722,low,genetic,,,,WormBase,,-,0,0,0,,NULL
1459,2089,CE_GEN_2670724,low,genetic,,,,WormBase,,-,0,0,0,,NULL
1459,1717,CE_GEN_2670726,low,genetic,,,,WormBase,,-,0,0,0,,NULL
1459,1984,CE_GEN_2670727,low,genetic,,,,WormBase,,-,0,0,0,,NULL
1460,1948,CE_GEN_2670821,low,genetic,,,,WormBase,,-,0,0,0,,NULL
1460,1462,CE_GEN_2670825,low,genetic,,,,WormBase,,-,0,0,0,,NULL
1460,1984,CE_GEN_2670826,low,genetic,,,,WormBase,,-,0,0,0,,NULL
1461,1948,CE_GEN_2670918,low,genetic,,,,WormBase,,-,0,0,0,,NULL
1461,1462,CE_GEN_2670921,low,genetic,,,,WormBase,,-,0,0,0,,NULL
1461,1984,CE_GEN_2670922,low,genetic,,,,WormBase,,-,0,0,0,,NULL
1462,1984,CE_GEN_2675353,low,genetic,,,,WormBase,,-,0,0,0,,NULL
1463,1863,CE_GEN_2668550,low,genetic,,,,WormBase,,-,0,0,0,,NULL
1463,2061,CE_GEN_2668551,low,genetic,,,,WormBase,,-,0,0,0,,NULL
1463,2012,CE_GEN_2668553,low,genetic,,,,WormBase,,-,0,0,0,,NULL
1463,2085,CE_GEN_2668554,low,genetic,,,,WormBase,,-,0,0,0,,NULL
1463,2022,CE_GEN_2668557,low,genetic,,,,WormBase,,-,0,0,0,,NULL
1463,1632,CE_GEN_2668559,low,genetic,,,,WormBase,,-,0,0,0,,NULL
1465,1684,CE_GEN_2668336,low,genetic,,,,WormBase,,-,0,0,0,,NULL
1465,1738,CE_GEN_2668337,low,genetic,,,,WormBase,,-,0,0,0,,NULL
1465,1748,CE_GEN_2668338,low,genetic,,,,WormBase,,-,0,0,0,,NULL
1465,1605,CE_GEN_2668339,low,genetic,,,,WormBase,,-,0,0,0,,NULL
1465,2011,CE_GEN_2668340,low,genetic,,,,WormBase,,-,0,0,0,,NULL
1465,2012,CE_GEN_2668341,low,genetic,,,,WormBase,,-,0,0,0,,NULL
1465,2013,CE_GEN_2668342,low,genetic,,,,WormBase,,-,0,0,0,,NULL
1465,2014,CE_GEN_2668344,low,genetic,,,,WormBase,,-,0,0,0,,NULL
1465,1475,CE_GEN_2668345,low,genetic,,,,WormBase,,-,0,0,0,,NULL
1465,2015,CE_GEN_2668346,low,genetic,,,,WormBase,,-,0,0,0,,NULL
1465,2016,CE_GEN_2668347,low,genetic,,,,WormBase,,-,0,0,0,,NULL
1465,1476,CE_GEN_2668352,low,genetic,,,,WormBase,,-,0,0,0,,NULL
1465,2017,CE_GEN_2668355,low,genetic,,,,WormBase,,-,0,0,0,,NULL
1465,1480,CE_GEN_2668357,low,genetic,,,,WormBase,,-,0,0,0,,NULL
1465,1873,CE_GEN_2668359,low,genetic,,,,WormBase,,-,0,0,0,,NULL
1465,2018,CE_GEN_2668360,low,genetic,,,,WormBase,,-,0,0,0,,NULL
1465,2019,CE_GEN_2668361,low,genetic,,,,WormBase,,-,0,0,0,,NULL
1465,2020,CE_GEN_2668363,low,genetic,,,,WormBase,,-,0,0,0,,NULL
1465,2021,CE_GEN_2668364,low,genetic,,,,WormBase,,-,0,0,0,,NULL
1465,2022,CE_GEN_2668367,low,genetic,,,,WormBase,,-,0,0,0,,NULL
1465,2023,CE_GEN_2668371,low,genetic,,,,WormBase,,-,0,0,0,,NULL
1465,2024,CE_GEN_2668372,low,genetic,,,,WormBase,,-,0,0,0,,NULL
1465,2025,CE_GEN_2668373,low,genetic,,,,WormBase,,-,0,0,0,,NULL
1465,2026,CE_GEN_2668375,low,genetic,,,,WormBase,,-,0,0,0,,NULL
1465,1490,CE_GEN_2668376,low,genetic,,,,WormBase,,-,0,0,0,,NULL
1465,2027,CE_GEN_2668377,low,genetic,,,,WormBase,,-,0,0,0,,NULL
1466,2032,CE_GEN_2668390,low,genetic,,,,WormBase,,-,0,0,0,,NULL
1466,1475,CE_GEN_2668391,low,genetic,,,,WormBase,,-,0,0,0,,NULL
1466,1789,CE_GEN_2668397,low,genetic,,,,WormBase,,-,0,0,0,,NULL
1466,2033,CE_GEN_2668398,low,genetic,,,,WormBase,,-,0,0,0,,NULL
1466,1683,CE_GEN_2668400,low,genetic,,,,WormBase,,-,0,0,0,,NULL
1466,2034,CE_GEN_2668401,low,genetic,,,,WormBase,,-,0,0,0,,NULL
1469,1473,CE_GEN_2669325,moderate,genetic,,,,WormBase,,-,0,0,0,,NULL
1470,1476,CE_GEN_2669439,low,genetic,,,,WormBase,,-,0,0,0,,NULL
1470,1482,CE_GEN_2669440,moderate,genetic,,,,WormBase,,-,0,0,0,,NULL
1471,2012,CE_GEN_2669498,low,genetic,,,,WormBase,,-,0,0,0,,NULL
1471,1476,CE_GEN_2669499,low,genetic,,,,WormBase,,-,0,0,0,,NULL
1471,2022,CE_GEN_2669500,low,genetic,,,,WormBase,,-,0,0,0,,NULL
1472,2437,CE_GEN_2669505,low,genetic,,,,WormBase,,-,0,0,0,,NULL
1472,2438,CE_GEN_2669507,low,genetic,,,,WormBase,,-,0,0,0,,NULL
1472,2439,CE_GEN_2669510,low,genetic,,,,WormBase,,-,0,0,0,,NULL
1472,2440,CE_GEN_2669511,low,genetic,,,,WormBase,,-,0,0,0,,NULL
1473,1488,CE_GEN_2669716,moderate,genetic,,,,WormBase,,-,0,0,0,,NULL
1476,1684,CE_GEN_2671167,low,genetic,,,,WormBase,,-,0,0,0,,NULL
1476,1738,CE_GEN_2671168,low,genetic,,,,WormBase,,-,0,0,0,,NULL
1476,1748,CE_GEN_2671169,low,genetic,,,,WormBase,,-,0,0,0,,NULL
1476,2011,CE_GEN_2671173,low,genetic,,,,WormBase,,-,0,0,0,,NULL
1476,2013,CE_GEN_2671174,low,genetic,,,,WormBase,,-,0,0,0,,NULL
1476,2014,CE_GEN_2671178,low,genetic,,,,WormBase,,-,0,0,0,,NULL
1476,2015,CE_GEN_2671180,low,genetic,,,,WormBase,,-,0,0,0,,NULL
1476,1480,CE_GEN_2671184,low,genetic,,,,WormBase,,-,0,0,0,,NULL
1476,1873,CE_GEN_2671187,low,genetic,,,,WormBase,,-,0,0,0,,NULL
1476,2018,CE_GEN_2671188,low,genetic,,,,WormBase,,-,0,0,0,,NULL
1476,2019,CE_GEN_2671189,low,genetic,,,,WormBase,,-,0,0,0,,NULL
1476,2732,CE_GEN_2671190,low,genetic,,,,WormBase,,-,0,0,0,,NULL
1476,2021,CE_GEN_2671192,low,genetic,,,,WormBase,,-,0,0,0,,NULL
1476,2023,CE_GEN_2671198,low,genetic,,,,WormBase,,-,0,0,0,,NULL
1476,2024,CE_GEN_2671199,low,genetic,,,,WormBase,,-,0,0,0,,NULL
1476,2025,CE_GEN_2671200,low,genetic,,,,WormBase,,-,0,0,0,,NULL
1476,2026,CE_GEN_2671202,low,genetic,,,,WormBase,,-,0,0,0,,NULL
1476,1489,CE_GEN_2671203,low,genetic,,,,WormBase,,-,0,0,0,,NULL
1476,1490,CE_GEN_2671205,low,genetic,,,,WormBase,,-,0,0,0,,NULL
1476,2027,CE_GEN_2671206,low,genetic,,,,WormBase,,-,0,0,0,,NULL
1477,1516,CE_GEN_2671210,low,genetic,,,,WormBase,,-,0,0,0,,NULL
1477,1811,CE_GEN_2671211,low,genetic,,,,WormBase,,-,0,0,0,,NULL
1477,1736,CE_GEN_2671214,low,genetic,,,,WormBase,,-,0,0,0,,NULL
1477,1682,CE_GEN_2671215,low,genetic,,,,WormBase,,-,0,0,0,,NULL
1477,2734,CE_GEN_2671216,low,genetic,,,,WormBase,,-,0,0,0,,NULL
1477,1683,CE_GEN_2671217,low,genetic,,,,WormBase,,-,0,0,0,,NULL
1478,1652,CE_GEN_2671267,low,genetic,,,,WormBase,,-,0,0,0,,NULL
1479,1481,CE_GEN_2671667,low,genetic,,,,WormBase,,-,0,0,0,,NULL
1480,1949,CE_GEN_2671912,low,genetic,,,,WormBase,,-,0,0,0,,NULL
1481,1784,CE_GEN_2672056,low,genetic,,,,WormBase,,-,0,0,0,,NULL
1481,1999,CE_GEN_2672057,low,genetic,,,,WormBase,,-,0,0,0,,NULL
1481,2835,CE_GEN_2672059,low,genetic,,,,WormBase,,-,0,0,0,,NULL
1482,1640,CE_GEN_2672207,low,genetic,,,,WormBase,,-,0,0,0,,NULL
1482,2849,CE_GEN_2672208,low,genetic,,,,WormBase,,-,0,0,0,,NULL
1482,1512,CE_GEN_2672209,low,genetic,,,,WormBase,,-,0,0,0,,NULL
1482,1513,CE_GEN_2672210,low,genetic,,,,WormBase,,-,0,0,0,,NULL
1482,2230,CE_GEN_2672211,moderate,genetic,,,,WormBase,,-,0,0,0,,NULL
1484,2963,CE_GEN_2673651,low,genetic,,,,WormBase,,-,0,0,0,,NULL
1489,2012,CE_GEN_2677099,low,genetic,,,,WormBase,,-,0,0,0,,NULL
1489,2022,CE_GEN_2677105,low,genetic,,,,WormBase,,-,0,0,0,,NULL
1495,1496,CE_GEN_2667005,low,genetic,,,,WormBase,,-,0,0,0,,NULL
1497,1498,CE_GEN_2667006,low,genetic,,,,WormBase,,-,0,0,0,,NULL
1497,1499,CE_GEN_2667007,low,genetic,,,,WormBase,,-,0,0,0,,NULL
1498,1499,CE_GEN_2674374,low,genetic,,,,WormBase,,-,0,0,0,,NULL
1503,2853,CE_GEN_2673711,low,genetic,,,,WormBase,,-,0,0,0,,NULL
1503,1771,CE_GEN_2673714,low,genetic,,,,WormBase,,-,0,0,0,,NULL
1504,1516,CE_GEN_2677068,low,genetic,,,,WormBase,,-,0,0,0,,NULL
1504,2031,CE_GEN_2677069,low,genetic,,,,WormBase,,-,0,0,0,,NULL
1505,1506,CE_GEN_2667020,low,genetic,,,,WormBase,,-,0,0,0,,NULL
1506,2160,CE_GEN_2669961,low,genetic,,,,WormBase,,-,0,0,0,,NULL
1506,1890,CE_GEN_2669963,low,genetic,,,,WormBase,,-,0,0,0,,NULL
1506,1583,CE_GEN_2669964,low,genetic,,,,WormBase,,-,0,0,0,,NULL
1506,1891,CE_GEN_2669965,low,genetic,,,,WormBase,,-,0,0,0,,NULL
1506,2509,CE_GEN_2669966,low,genetic,,,,WormBase,,-,0,0,0,,NULL
1508,2857,CE_GEN_2672301,low,genetic,,,,WormBase,,-,0,0,0,,NULL
1508,3167,CE_GEN_3540804,low,genetic,,,,WormBase,,-,0,0,0,,NULL
1510,3167,CE_GEN_3540799,low,genetic,,,,WormBase,,-,0,0,0,,NULL
1511,2120,CE_GEN_2669451,low,genetic,,,,WormBase,,-,0,0,0,,NULL
1511,1551,CE_GEN_2669454,low,genetic,,,,WormBase,,-,0,0,0,,NULL
1511,2121,CE_GEN_2669455,low,genetic,,,,WormBase,,-,0,0,0,,NULL
1513,2383,CE_GEN_2676874,low,genetic,,,,WormBase,,-,0,0,0,,NULL
1513,2452,CE_GEN_2676875,low,genetic,,,,WormBase,,-,0,0,0,,NULL
1513,2230,CE_GEN_2676880,low,genetic,,,,WormBase,,-,0,0,0,,NULL
1515,1516,CE_GEN_2667047,low,genetic,,,,WormBase,,-,0,0,0,,NULL
1516,1727,CE_GEN_2667543,low,genetic,,,,WormBase,,-,0,0,0,,NULL
1516,1728,CE_GEN_2667547,low,genetic,,,,WormBase,,-,0,0,0,,NULL
1516,1729,CE_GEN_2667549,low,genetic,,,,WormBase,,-,0,0,0,,NULL
1516,1730,CE_GEN_2667551,moderate,genetic,,,,WormBase,,-,0,0,0,,NULL
1516,1731,CE_GEN_2667552,low,genetic,,,,WormBase,,-,0,0,0,,NULL
1516,1732,CE_GEN_2667554,low,genetic,,,,WormBase,,-,0,0,0,,NULL
1516,1733,CE_GEN_2667555,low,genetic,,,,WormBase,,-,0,0,0,,NULL
1516,1734,CE_GEN_2667557,low,genetic,,,,WormBase,,-,0,0,0,,NULL
1516,1735,CE_GEN_2667559,low,genetic,,,,WormBase,,-,0,0,0,,NULL
1516,1736,CE_GEN_2667560,low,genetic,,,,WormBase,,-,0,0,0,,NULL
1516,1682,CE_GEN_2667562,low,genetic,,,,WormBase,,-,0,0,0,,NULL
1516,1737,CE_GEN_2667565,low,genetic,,,,WormBase,,-,0,0,0,,NULL
1516,1683,CE_GEN_2667567,low,genetic,,,,WormBase,,-,0,0,0,,NULL
1521,1906,CE_GEN_2671230,low,genetic,,,,WormBase,,-,0,0,0,,NULL
1526,1992,CE_GEN_2682586,low,genetic,,,,WormBase,,-,0,0,0,,NULL
1530,1642,CE_GEN_2667370,low,genetic,,,,WormBase,,-,0,0,0,,NULL
1530,1531,CE_GEN_2667371,low,genetic,,,,WormBase,,-,0,0,0,,NULL
1530,1643,CE_GEN_2667376,low,genetic,,,,WormBase,,-,0,0,0,,NULL
1530,1644,CE_GEN_2667378,low,genetic,,,,WormBase,,-,0,0,0,,NULL
1531,1764,CE_GEN_2668067,low,genetic,,,,WormBase,,-,0,0,0,,NULL
1533,1534,CE_GEN_2667081,low,genetic,,,,WormBase,,-,0,0,0,,NULL
1533,1535,CE_GEN_2667083,low,genetic,,,,WormBase,,-,0,0,0,,NULL
1533,1536,CE_GEN_2667084,low,genetic,,,,WormBase,,-,0,0,0,,NULL
1533,1537,CE_GEN_2667085,low,genetic,,,,WormBase,,-,0,0,0,,NULL
1533,1538,CE_GEN_2667086,low,genetic,,,,WormBase,,-,0,0,0,,NULL
1533,1539,CE_GEN_2667087,low,genetic,,,,WormBase,,-,0,0,0,,NULL
1533,1540,CE_GEN_2667088,low,genetic,,,,WormBase,,-,0,0,0,,NULL
1533,1541,CE_GEN_2667090,low,genetic,,,,WormBase,,-,0,0,0,,NULL
1534,1534,CE_GEN_2668999,low,genetic,,,,WormBase,,-,0,0,0,,NULL
1534,1875,CE_GEN_2669001,low,genetic,,,,WormBase,,-,0,0,0,,NULL
1534,2197,CE_GEN_2669002,low,genetic,,,,WormBase,,-,0,0,0,,NULL
1534,1584,CE_GEN_2669003,low,genetic,,,,WormBase,,-,0,0,0,,NULL
1534,2233,CE_GEN_2669004,low,genetic,,,,WormBase,,-,0,0,0,,NULL
1535,2879,CE_GEN_2672593,low,genetic,,,,WormBase,,-,0,0,0,,NULL
1535,1751,CE_GEN_2672594,low,genetic,,,,WormBase,,-,0,0,0,,NULL
1535,2419,CE_GEN_2672595,low,genetic,,,,WormBase,,-,0,0,0,,NULL
1536,2893,CE_GEN_2672649,low,genetic,,,,WormBase,,-,0,0,0,,NULL
1536,2879,CE_GEN_2672650,low,genetic,,,,WormBase,,-,0,0,0,,NULL
1536,1585,CE_GEN_2672653,low,genetic,,,,WormBase,,-,0,0,0,,NULL
1536,2894,CE_GEN_2672654,low,genetic,,,,WormBase,,-,0,0,0,,NULL
1536,2419,CE_GEN_2672656,low,genetic,,,,WormBase,,-,0,0,0,,NULL
1537,1539,CE_GEN_2675128,low,genetic,,,,WormBase,,-,0,0,0,,NULL
1537,1540,CE_GEN_2675129,low,genetic,,,,WormBase,,-,0,0,0,,NULL
1539,1900,CE_GEN_2675493,low,genetic,,,,WormBase,,-,0,0,0,,NULL
1539,3086,CE_GEN_2675495,low,genetic,,,,WormBase,,-,0,0,0,,NULL
1539,1540,CE_GEN_2675497,low,genetic,,,,WormBase,,-,0,0,0,,NULL
1540,1900,CE_GEN_2676339,low,genetic,,,,WormBase,,-,0,0,0,,NULL
1540,1541,CE_GEN_2676347,low,genetic,,,,WormBase,,-,0,0,0,,NULL
1542,1614,CE_GEN_2667303,low,genetic,,,,WormBase,,-,0,0,0,,NULL
1543,2102,CE_GEN_2669459,low,genetic,,,,WormBase,,-,0,0,0,,NULL
1544,1545,CE_GEN_2669930,low,genetic,,,,WormBase,,-,0,0,0,,NULL
1544,1665,CE_GEN_2669931,low,genetic,,,,WormBase,,-,0,0,0,,NULL
1544,1790,CE_GEN_2669932,low,genetic,,,,WormBase,,-,0,0,0,,NULL
1544,1546,CE_GEN_2669933,low,genetic,,,,WormBase,,-,0,0,0,,NULL
1544,1547,CE_GEN_2669934,low,genetic,,,,WormBase,,-,0,0,0,,NULL
1545,2637,CE_GEN_2672714,low,genetic,,,,WormBase,,-,0,0,0,,NULL
1550,1551,CE_GEN_2667116,low,genetic,,,,WormBase,,-,0,0,0,,NULL
1551,1975,CE_GEN_2675966,low,genetic,,,,WormBase,,-,0,0,0,,NULL
1551,1983,CE_GEN_2675967,low,genetic,,,,WormBase,,-,0,0,0,,NULL
1551,2120,CE_GEN_2675968,low,genetic,,,,WormBase,,-,0,0,0,,NULL
1551,2645,CE_GEN_2675970,low,genetic,,,,WormBase,,-,0,0,0,,NULL
1551,2678,CE_GEN_2675971,low,genetic,,,,WormBase,,-,0,0,0,,NULL
1551,2698,CE_GEN_2675972,low,genetic,,,,WormBase,,-,0,0,0,,NULL
1551,2898,CE_GEN_2675973,low,genetic,,,,WormBase,,-,0,0,0,,NULL
1551,2760,CE_GEN_2675974,low,genetic,,,,WormBase,,-,0,0,0,,NULL
1551,2908,CE_GEN_2675975,low,genetic,,,,WormBase,,-,0,0,0,,NULL
1551,2946,CE_GEN_2675976,low,genetic,,,,WormBase,,-,0,0,0,,NULL
1551,3108,CE_GEN_2675978,low,genetic,,,,WormBase,,-,0,0,0,,NULL
1551,3113,CE_GEN_2675979,low,genetic,,,,WormBase,,-,0,0,0,,NULL
1551,2589,CE_GEN_2675980,low,genetic,,,,WormBase,,-,0,0,0,,NULL
1551,3114,CE_GEN_2675981,low,genetic,,,,WormBase,,-,0,0,0,,NULL
1551,3115,CE_GEN_2675982,low,genetic,,,,WormBase,,-,0,0,0,,NULL
1551,3105,CE_GEN_2675983,low,genetic,,,,WormBase,,-,0,0,0,,NULL
1551,3116,CE_GEN_2675984,low,genetic,,,,WormBase,,-,0,0,0,,NULL
1553,2888,CE_GEN_2673760,low,genetic,,,,WormBase,,-,0,0,0,,NULL
1554,1698,CE_GEN_2672836,low,genetic,,,,WormBase,,-,0,0,0,,NULL
1555,1588,CE_GEN_2675132,low,genetic,,,,WormBase,,-,0,0,0,,NULL
1555,2737,CE_GEN_2675133,low,genetic,,,,WormBase,,-,0,0,0,,NULL
1557,1558,CE_GEN_2667151,low,genetic,,,,WormBase,,-,0,0,0,,NULL
1558,2077,CE_GEN_2668536,low,genetic,,,,WormBase,,-,0,0,0,,NULL
1558,2078,CE_GEN_2668537,low,genetic,,,,WormBase,,-,0,0,0,,NULL
1559,1685,CE_GEN_2667437,low,genetic,,,,WormBase,,-,0,0,0,,NULL
1559,1686,CE_GEN_2667441,low,genetic,,,,WormBase,,-,0,0,0,,NULL
1562,1563,CE_GEN_2667164,low,genetic,,,,WormBase,,-,0,0,0,,NULL
1563,1969,CE_GEN_2674617,low,genetic,,,,WormBase,,-,0,0,0,,NULL
1563,1655,CE_GEN_2674618,low,genetic,,,,WormBase,,-,0,0,0,,NULL
1563,1977,CE_GEN_2674619,low,genetic,,,,WormBase,,-,0,0,0,,NULL
1563,2752,CE_GEN_2674624,low,genetic,,,,WormBase,,-,0,0,0,,NULL
1563,2968,CE_GEN_2674626,low,genetic,,,,WormBase,,-,0,0,0,,NULL
1563,2912,CE_GEN_2674628,low,genetic,,,,WormBase,,-,0,0,0,,NULL
1563,2617,CE_GEN_2674629,low,genetic,,,,WormBase,,-,0,0,0,,NULL
1563,2618,CE_GEN_2674630,low,genetic,,,,WormBase,,-,0,0,0,,NULL
1563,2619,CE_GEN_2674632,low,genetic,,,,WormBase,,-,0,0,0,,NULL
1563,2092,CE_GEN_2674633,moderate,genetic,,,,WormBase,,-,0,0,0,,NULL
1563,2620,CE_GEN_2674634,low,genetic,,,,WormBase,,-,0,0,0,,NULL
1563,2115,CE_GEN_2674635,low,genetic,,,,WormBase,,-,0,0,0,,NULL
1563,1648,CE_GEN_2674637,low,genetic,,,,WormBase,,-,0,0,0,,NULL
1563,2720,CE_GEN_2674638,low,genetic,,,,WormBase,,-,0,0,0,,NULL
1563,2354,CE_GEN_2674639,low,genetic,,,,WormBase,,-,0,0,0,,NULL
1567,2083,CE_GEN_2677284,low,genetic,,,,WormBase,,-,0,0,0,,NULL
1567,1870,CE_GEN_2677285,low,genetic,,,,WormBase,,-,0,0,0,,NULL
1567,2637,CE_GEN_2677286,moderate,genetic,,,,WormBase,,-,0,0,0,,NULL
1567,2837,CE_GEN_2677287,low,genetic,,,,WormBase,,-,0,0,0,,NULL
1567,2968,CE_GEN_2677288,low,genetic,,,,WormBase,,-,0,0,0,,NULL
1571,1572,CE_GEN_2667185,low,genetic,,,,WormBase,,-,0,0,0,,NULL
1572,1904,CE_GEN_2672786,low,genetic,,,,WormBase,,-,0,0,0,,NULL
1573,2647,CE_GEN_2673361,low,genetic,,,,WormBase,,-,0,0,0,,NULL
1573,2648,CE_GEN_2673362,low,genetic,,,,WormBase,,-,0,0,0,,NULL
1573,2893,CE_GEN_2673363,low,genetic,,,,WormBase,,-,0,0,0,,NULL
1573,2419,CE_GEN_2673367,low,genetic,,,,WormBase,,-,0,0,0,,NULL
1575,1576,CE_GEN_2667195,low,genetic,,,,WormBase,,-,0,0,0,,NULL
1576,1599,CE_GEN_2675325,low,genetic,,,,WormBase,,-,0,0,0,,NULL
1576,1892,CE_GEN_2675326,low,genetic,,,,WormBase,,-,0,0,0,,NULL
1576,2492,CE_GEN_2675329,low,genetic,,,,WormBase,,-,0,0,0,,NULL
1576,1858,CE_GEN_2675330,low,genetic,,,,WormBase,,-,0,0,0,,NULL
1578,2965,CE_GEN_2673679,low,genetic,,,,WormBase,,-,0,0,0,,NULL
1584,3074,CE_GEN_2674746,low,genetic,,,,WormBase,,-,0,0,0,,NULL
1585,1961,CE_GEN_2676546,low,genetic,,,,WormBase,,-,0,0,0,,NULL
1585,2104,CE_GEN_2676548,low,genetic,,,,WormBase,,-,0,0,0,,NULL
1587,1799,CE_GEN_2670438,low,genetic,,,,WormBase,,-,0,0,0,,NULL
1587,2160,CE_GEN_2670442,low,genetic,,,,WormBase,,-,0,0,0,,NULL
1587,2616,CE_GEN_2670444,low,genetic,,,,WormBase,,-,0,0,0,,NULL
1587,2287,CE_GEN_2670448,low,genetic,,,,WormBase,,-,0,0,0,,NULL
1587,1750,CE_GEN_2670452,low,genetic,,,,WormBase,,-,0,0,0,,NULL
1587,1709,CE_GEN_2670453,low,genetic,,,,WormBase,,-,0,0,0,,NULL
1587,1883,CE_GEN_2670455,low,genetic,,,,WormBase,,-,0,0,0,,NULL
1589,1938,CE_GEN_2672661,low,genetic,,,,WormBase,,-,0,0,0,,NULL
1589,1689,CE_GEN_2672662,low,genetic,,,,WormBase,,-,0,0,0,,NULL
1590,1849,CE_GEN_2672924,low,genetic,,,,WormBase,,-,0,0,0,,NULL
1591,2104,CE_GEN_2673465,low,genetic,,,,WormBase,,-,0,0,0,,NULL
1592,1626,CE_GEN_2675042,low,genetic,,,,WormBase,,-,0,0,0,,NULL
1592,2076,CE_GEN_2675044,moderate,genetic,,,,WormBase,,-,0,0,0,,NULL
1592,2718,CE_GEN_2675048,moderate,genetic,,,,WormBase,,-,0,0,0,,NULL
1592,2049,CE_GEN_2675049,low,genetic,,,,WormBase,,-,0,0,0,,NULL
1593,1739,CE_GEN_2677346,low,genetic,,,,WormBase,,-,0,0,0,,NULL
1593,1961,CE_GEN_2677350,low,genetic,,,,WormBase,,-,0,0,0,,NULL
1593,2104,CE_GEN_2677351,low,genetic,,,,WormBase,,-,0,0,0,,NULL
1593,1789,CE_GEN_2677352,low,genetic,,,,WormBase,,-,0,0,0,,NULL
1593,3091,CE_GEN_2677355,low,genetic,,,,WormBase,,-,0,0,0,,NULL
1593,1743,CE_GEN_2677356,low,genetic,,,,WormBase,,-,0,0,0,,NULL
1593,2006,CE_GEN_2677357,low,genetic,,,,WormBase,,-,0,0,0,,NULL
1594,2104,CE_GEN_2677384,low,genetic,,,,WormBase,,-,0,0,0,,NULL
1595,2472,CE_GEN_2682602,low,genetic,,,,WormBase,,-,0,0,0,,NULL
1596,2117,CE_GEN_2682781,low,genetic,,,,WormBase,,-,0,0,0,,NULL
1596,3102,CE_GEN_2682782,low,genetic,,,,WormBase,,-,0,0,0,,NULL
1597,1598,CE_GEN_2667238,low,genetic,,,,WormBase,,-,0,0,0,,NULL
1598,2806,CE_GEN_2672497,low,genetic,,,,WormBase,,-,0,0,0,,NULL
1599,1765,CE_GEN_2673889,low,genetic,,,,WormBase,,-,0,0,0,,NULL
1599,1762,CE_GEN_2673890,low,genetic,,,,WormBase,,-,0,0,0,,NULL
1599,2976,CE_GEN_2673891,low,genetic,,,,WormBase,,-,0,0,0,,NULL
1599,2979,CE_GEN_2673894,low,genetic,,,,WormBase,,-,0,0,0,,NULL
1599,2715,CE_GEN_2673895,low,genetic,,,,WormBase,,-,0,0,0,,NULL
1602,1603,CE_GEN_2667264,low,genetic,,,,WormBase,,-,0,0,0,,NULL
1604,1605,CE_GEN_2667268,low,genetic,,,,WormBase,,-,0,0,0,,NULL
1604,1606,CE_GEN_2667269,low,genetic,,,,WormBase,,-,0,0,0,,NULL
1604,1607,CE_GEN_2667270,low,genetic,,,,WormBase,,-,0,0,0,,NULL
1605,1816,CE_GEN_2667818,low,genetic,,,,WormBase,,-,0,0,0,,NULL
1605,1817,CE_GEN_2667822,low,genetic,,,,WormBase,,-,0,0,0,,NULL
1610,1851,CE_GEN_2670792,low,genetic,,,,WormBase,,-,0,0,0,,NULL
1612,1636,CE_GEN_2684784,low,genetic,,,,WormBase,,-,0,0,0,,NULL
1612,1959,CE_GEN_2684785,low,genetic,,,,WormBase,,-,0,0,0,,NULL
1612,1970,CE_GEN_2684786,low,genetic,,,,WormBase,,-,0,0,0,,NULL
1612,1878,CE_GEN_2684789,low,genetic,,,,WormBase,,-,0,0,0,,NULL
1612,1627,CE_GEN_2684794,low,genetic,,,,WormBase,,-,0,0,0,,NULL
1612,2420,CE_GEN_2684795,low,genetic,,,,WormBase,,-,0,0,0,,NULL
1612,1674,CE_GEN_2684799,low,genetic,,,,WormBase,,-,0,0,0,,NULL
1612,1675,CE_GEN_2684800,low,genetic,,,,WormBase,,-,0,0,0,,NULL
1612,1971,CE_GEN_2684802,low,genetic,,,,WormBase,,-,0,0,0,,NULL
1612,2643,CE_GEN_2684803,low,genetic,,,,WormBase,,-,0,0,0,,NULL
1615,1616,CE_GEN_2667304,moderate,genetic,,,,WormBase,,-,0,0,0,,NULL
1617,1618,CE_GEN_2667306,low,genetic,,,,WormBase,,-,0,0,0,,NULL
1617,1619,CE_GEN_2667307,low,genetic,,,,WormBase,,-,0,0,0,,NULL
1620,1621,CE_GEN_2667310,moderate,genetic,,,,WormBase,,-,0,0,0,,NULL
1624,1625,CE_GEN_2667336,low,genetic,,,,WormBase,,-,0,0,0,,NULL
1625,2408,CE_GEN_2677185,low,genetic,,,,WormBase,,-,0,0,0,,NULL
1625,2530,CE_GEN_2677187,low,genetic,,,,WormBase,,-,0,0,0,,NULL
1625,1831,CE_GEN_2677189,low,genetic,,,,WormBase,,-,0,0,0,,NULL
1625,1838,CE_GEN_2677190,low,genetic,,,,WormBase,,-,0,0,0,,NULL
1625,2489,CE_GEN_2677191,low,genetic,,,,WormBase,,-,0,0,0,,NULL
1625,2742,CE_GEN_2677192,low,genetic,,,,WormBase,,-,0,0,0,,NULL
1625,3147,CE_GEN_2677193,low,genetic,,,,WormBase,,-,0,0,0,,NULL
1625,2917,CE_GEN_2677194,low,genetic,,,,WormBase,,-,0,0,0,,NULL
1626,1627,CE_GEN_2667337,low,genetic,,,,WormBase,,-,0,0,0,,NULL
1627,2561,CE_GEN_2671089,low,genetic,,,,WormBase,,-,0,0,0,,NULL
1627,2718,CE_GEN_2671090,low,genetic,,,,WormBase,,-,0,0,0,,NULL
1627,2719,CE_GEN_2671091,low,genetic,,,,WormBase,,-,0,0,0,,NULL
1627,2720,CE_GEN_2671093,low,genetic,,,,WormBase,,-,0,0,0,,NULL
1629,1944,CE_GEN_2669314,low,genetic,,,,WormBase,,-,0,0,0,,NULL
1631,1765,CE_GEN_2673870,moderate,genetic,,,,WormBase,,-,0,0,0,,NULL
1631,2150,CE_GEN_2673872,low,genetic,,,,WormBase,,-,0,0,0,,NULL
1631,1900,CE_GEN_2673873,low,genetic,,,,WormBase,,-,0,0,0,,NULL
1631,1762,CE_GEN_2673874,low,genetic,,,,WormBase,,-,0,0,0,,NULL
1631,2151,CE_GEN_2673876,low,genetic,,,,WormBase,,-,0,0,0,,NULL
1631,2979,CE_GEN_2673878,low,genetic,,,,WormBase,,-,0,0,0,,NULL
1632,2087,CE_GEN_2674892,low,genetic,,,,WormBase,,-,0,0,0,,NULL
1632,2085,CE_GEN_2674893,low,genetic,,,,WormBase,,-,0,0,0,,NULL
1632,2016,CE_GEN_2674897,low,genetic,,,,WormBase,,-,0,0,0,,NULL
1632,1874,CE_GEN_2674904,low,genetic,,,,WormBase,,-,0,0,0,,NULL
1632,3078,CE_GEN_2674907,low,genetic,,,,WormBase,,-,0,0,0,,NULL
1632,3079,CE_GEN_2674910,low,genetic,,,,WormBase,,-,0,0,0,,NULL
1632,1944,CE_GEN_2674911,low,genetic,,,,WormBase,,-,0,0,0,,NULL
1635,1636,CE_GEN_2667354,low,genetic,,,,WormBase,,-,0,0,0,,NULL
1640,1641,CE_GEN_2669623,low,genetic,,,,WormBase,,-,0,0,0,,NULL
1640,2159,CE_GEN_2669626,low,genetic,,,,WormBase,,-,0,0,0,,NULL
1642,1644,CE_GEN_2667572,low,genetic,,,,WormBase,,-,0,0,0,,NULL
1644,1906,CE_GEN_2673289,low,genetic,,,,WormBase,,-,0,0,0,,NULL
1645,1646,CE_GEN_2667381,low,genetic,,,,WormBase,,-,0,0,0,,NULL
1645,1647,CE_GEN_2667383,low,genetic,,,,WormBase,,-,0,0,0,,NULL
1645,1648,CE_GEN_2667384,low,genetic,,,,WormBase,,-,0,0,0,,NULL
1646,2794,CE_GEN_2671692,low,genetic,,,,WormBase,,-,0,0,0,,NULL
1647,1648,CE_GEN_2672511,low,genetic,,,,WormBase,,-,0,0,0,,NULL
1648,2918,CE_GEN_2676612,low,genetic,,,,WormBase,,-,0,0,0,,NULL
1652,1923,CE_GEN_2668086,low,genetic,,,,WormBase,,-,0,0,0,,NULL
1652,1924,CE_GEN_2668087,low,genetic,,,,WormBase,,-,0,0,0,,NULL
1652,1925,CE_GEN_2668088,moderate,genetic,,,,WormBase,,-,0,0,0,,NULL
1652,1926,CE_GEN_2668089,low,genetic,,,,WormBase,,-,0,0,0,,NULL
1652,1828,CE_GEN_2668091,low,genetic,,,,WormBase,,-,0,0,0,,NULL
1652,1927,CE_GEN_2668092,low,genetic,,,,WormBase,,-,0,0,0,,NULL
1652,1928,CE_GEN_2668093,low,genetic,,,,WormBase,,-,0,0,0,,NULL
1652,1832,CE_GEN_2668094,low,genetic,,,,WormBase,,-,0,0,0,,NULL
1652,1929,CE_GEN_2668095,low,genetic,,,,WormBase,,-,0,0,0,,NULL
1652,1930,CE_GEN_2668099,low,genetic,,,,WormBase,,-,0,0,0,,NULL
1652,1931,CE_GEN_2668100,low,genetic,,,,WormBase,,-,0,0,0,,NULL
1652,1932,CE_GEN_2668101,low,genetic,,,,WormBase,,-,0,0,0,,NULL
1652,1933,CE_GEN_2668102,low,genetic,,,,WormBase,,-,0,0,0,,NULL
1652,1934,CE_GEN_2668103,low,genetic,,,,WormBase,,-,0,0,0,,NULL
1652,1935,CE_GEN_2668104,low,genetic,,,,WormBase,,-,0,0,0,,NULL
1652,1936,CE_GEN_2668105,low,genetic,,,,WormBase,,-,0,0,0,,NULL
1652,1937,CE_GEN_2668106,low,genetic,,,,WormBase,,-,0,0,0,,NULL
1652,2120,CE_GEN_3540776,low,genetic,,,,WormBase,,-,0,0,0,,NULL
1654,1744,CE_GEN_2668312,low,genetic,,,,WormBase,,-,0,0,0,,NULL
1654,2002,CE_GEN_2668314,low,genetic,,,,WormBase,,-,0,0,0,,NULL
1655,1879,CE_GEN_2668539,low,genetic,,,,WormBase,,-,0,0,0,,NULL
1655,2079,CE_GEN_2668541,low,genetic,,,,WormBase,,-,0,0,0,,NULL
1655,2080,CE_GEN_2668543,low,genetic,,,,WormBase,,-,0,0,0,,NULL
1655,2081,CE_GEN_2668544,low,genetic,,,,WormBase,,-,0,0,0,,NULL
1665,1790,CE_GEN_2672863,low,genetic,,,,WormBase,,-,0,0,0,,NULL
1665,1676,CE_GEN_2672866,moderate,genetic,,,,WormBase,,-,0,0,0,,NULL
1669,1806,CE_GEN_2673240,low,genetic,,,,WormBase,,-,0,0,0,,NULL
1669,2813,CE_GEN_2673241,low,genetic,,,,WormBase,,-,0,0,0,,NULL
1669,2814,CE_GEN_2673242,low,genetic,,,,WormBase,,-,0,0,0,,NULL
1678,1679,CE_GEN_2667421,low,genetic,,,,WormBase,,-,0,0,0,,NULL
1678,1680,CE_GEN_2667422,low,genetic,,,,WormBase,,-,0,0,0,,NULL
1678,1681,CE_GEN_2667424,low,genetic,,,,WormBase,,-,0,0,0,,NULL
1678,1682,CE_GEN_2667426,low,genetic,,,,WormBase,,-,0,0,0,,NULL
1678,1683,CE_GEN_2667429,low,genetic,,,,WormBase,,-,0,0,0,,NULL
1680,1682,CE_GEN_2669927,low,genetic,,,,WormBase,,-,0,0,0,,NULL
1681,1727,CE_GEN_2674324,low,genetic,,,,WormBase,,-,0,0,0,,NULL
1681,2031,CE_GEN_2674325,low,genetic,,,,WormBase,,-,0,0,0,,NULL
1681,1682,CE_GEN_2674326,low,genetic,,,,WormBase,,-,0,0,0,,NULL
1682,1914,CE_GEN_2675735,low,genetic,,,,WormBase,,-,0,0,0,,NULL
1682,1727,CE_GEN_2675736,low,genetic,,,,WormBase,,-,0,0,0,,NULL
1682,2796,CE_GEN_2675742,low,genetic,,,,WormBase,,-,0,0,0,,NULL
1682,2110,CE_GEN_2675743,low,genetic,,,,WormBase,,-,0,0,0,,NULL
1682,2926,CE_GEN_2675746,low,genetic,,,,WormBase,,-,0,0,0,,NULL
1682,1733,CE_GEN_2675747,low,genetic,,,,WormBase,,-,0,0,0,,NULL
1682,2001,CE_GEN_2675752,low,genetic,,,,WormBase,,-,0,0,0,,NULL
1682,1683,CE_GEN_2675753,low,genetic,,,,WormBase,,-,0,0,0,,NULL
1683,1914,CE_GEN_2682825,low,genetic,,,,WormBase,,-,0,0,0,,NULL
1683,1968,CE_GEN_2682826,low,genetic,,,,WormBase,,-,0,0,0,,NULL
1683,1727,CE_GEN_2682827,low,genetic,,,,WormBase,,-,0,0,0,,NULL
1683,2001,CE_GEN_2682834,low,genetic,,,,WormBase,,-,0,0,0,,NULL
1685,2074,CE_GEN_2669408,moderate,genetic,,,,WormBase,,-,0,0,0,,NULL
1685,2075,CE_GEN_2669409,moderate,genetic,,,,WormBase,,-,0,0,0,,NULL
1685,2420,CE_GEN_2669410,moderate,genetic,,,,WormBase,,-,0,0,0,,NULL
1687,1688,CE_GEN_2667446,low,genetic,,,,WormBase,,-,0,0,0,,NULL
1687,1689,CE_GEN_2667447,moderate,genetic,,,,WormBase,,-,0,0,0,,NULL
1687,1690,CE_GEN_2667448,low,genetic,,,,WormBase,,-,0,0,0,,NULL
1687,1691,CE_GEN_2667449,low,genetic,,,,WormBase,,-,0,0,0,,NULL
1688,2921,CE_GEN_2673038,low,genetic,,,,WormBase,,-,0,0,0,,NULL
1688,1689,CE_GEN_2673039,low,genetic,,,,WormBase,,-,0,0,0,,NULL
1690,2914,CE_GEN_2673180,low,genetic,,,,WormBase,,-,0,0,0,,NULL
1697,1698,CE_GEN_2667460,low,genetic,,,,WormBase,,-,0,0,0,,NULL
1698,2477,CE_GEN_2672781,low,genetic,,,,WormBase,,-,0,0,0,,NULL
1698,2910,CE_GEN_2672782,low,genetic,,,,WormBase,,-,0,0,0,,NULL
1708,1709,CE_GEN_2667492,low,genetic,,,,WormBase,,-,0,0,0,,NULL
1709,2000,CE_GEN_2675813,low,genetic,,,,WormBase,,-,0,0,0,,NULL
1709,2699,CE_GEN_2675815,low,genetic,,,,WormBase,,-,0,0,0,,NULL
1709,2567,CE_GEN_2675817,low,genetic,,,,WormBase,,-,0,0,0,,NULL
1709,2909,CE_GEN_2675818,low,genetic,,,,WormBase,,-,0,0,0,,NULL
1710,1711,CE_GEN_2667494,low,genetic,,,,WormBase,,-,0,0,0,,NULL
1710,1712,CE_GEN_2667499,low,genetic,,,,WormBase,,-,0,0,0,,NULL
1711,2703,CE_GEN_2671558,low,genetic,,,,WormBase,,-,0,0,0,,NULL
1711,1781,CE_GEN_2671563,low,genetic,,,,WormBase,,-,0,0,0,,NULL
1711,2769,CE_GEN_2671565,low,genetic,,,,WormBase,,-,0,0,0,,NULL
1711,1712,CE_GEN_2671566,low,genetic,,,,WormBase,,-,0,0,0,,NULL
1711,2770,CE_GEN_2671569,low,genetic,,,,WormBase,,-,0,0,0,,NULL
1712,1922,CE_GEN_2675079,low,genetic,,,,WormBase,,-,0,0,0,,NULL
1712,2702,CE_GEN_2675082,low,genetic,,,,WormBase,,-,0,0,0,,NULL
1712,2512,CE_GEN_2675084,low,genetic,,,,WormBase,,-,0,0,0,,NULL
1712,2873,CE_GEN_2675085,low,genetic,,,,WormBase,,-,0,0,0,,NULL
1712,2955,CE_GEN_2675086,low,genetic,,,,WormBase,,-,0,0,0,,NULL
1712,1839,CE_GEN_2675087,low,genetic,,,,WormBase,,-,0,0,0,,NULL
1712,3087,CE_GEN_2675089,low,genetic,,,,WormBase,,-,0,0,0,,NULL
1712,2513,CE_GEN_2675090,low,genetic,,,,WormBase,,-,0,0,0,,NULL
1712,3088,CE_GEN_2675091,low,genetic,,,,WormBase,,-,0,0,0,,NULL
1714,1715,CE_GEN_2667504,low,genetic,,,,WormBase,,-,0,0,0,,NULL
1715,1756,CE_GEN_2669752,low,genetic,,,,WormBase,,-,0,0,0,,NULL
1716,1717,CE_GEN_2667506,low,genetic,,,,WormBase,,-,0,0,0,,NULL
1717,1950,CE_GEN_2674954,low,genetic,,,,WormBase,,-,0,0,0,,NULL
1718,1719,CE_GEN_2667507,low,genetic,,,,WormBase,,-,0,0,0,,NULL
1725,1726,CE_GEN_2667541,low,genetic,,,,WormBase,,-,0,0,0,,NULL
1727,1729,CE_GEN_2668295,low,genetic,,,,WormBase,,-,0,0,0,,NULL
1727,1734,CE_GEN_2668298,low,genetic,,,,WormBase,,-,0,0,0,,NULL
1727,1845,CE_GEN_2668303,low,genetic,,,,WormBase,,-,0,0,0,,NULL
1727,2001,CE_GEN_2668305,low,genetic,,,,WormBase,,-,0,0,0,,NULL
1733,2111,CE_GEN_2674575,low,genetic,,,,WormBase,,-,0,0,0,,NULL
1733,2445,CE_GEN_2674576,low,genetic,,,,WormBase,,-,0,0,0,,NULL
1733,2114,CE_GEN_2674577,low,genetic,,,,WormBase,,-,0,0,0,,NULL
1733,2233,CE_GEN_2674581,low,genetic,,,,WormBase,,-,0,0,0,,NULL
1734,2676,CE_GEN_2675101,low,genetic,,,,WormBase,,-,0,0,0,,NULL
1734,2792,CE_GEN_2675102,low,genetic,,,,WormBase,,-,0,0,0,,NULL
1734,2001,CE_GEN_2675105,low,genetic,,,,WormBase,,-,0,0,0,,NULL
1736,2031,CE_GEN_2675248,low,genetic,,,,WormBase,,-,0,0,0,,NULL
1739,1740,CE_GEN_2667576,low,genetic,,,,WormBase,,-,0,0,0,,NULL
1739,1741,CE_GEN_2667577,low,genetic,,,,WormBase,,-,0,0,0,,NULL
1739,1742,CE_GEN_2667578,low,genetic,,,,WormBase,,-,0,0,0,,NULL
1739,1743,CE_GEN_2667581,low,genetic,,,,WormBase,,-,0,0,0,,NULL
1739,1744,CE_GEN_2667582,low,genetic,,,,WormBase,,-,0,0,0,,NULL
1739,1745,CE_GEN_2667583,low,genetic,,,,WormBase,,-,0,0,0,,NULL
1740,1870,CE_GEN_2667958,low,genetic,,,,WormBase,,-,0,0,0,,NULL
1740,1871,CE_GEN_2667959,low,genetic,,,,WormBase,,-,0,0,0,,NULL
1740,1872,CE_GEN_2667960,low,genetic,,,,WormBase,,-,0,0,0,,NULL
1740,1873,CE_GEN_2667961,low,genetic,,,,WormBase,,-,0,0,0,,NULL
1740,1874,CE_GEN_2667962,low,genetic,,,,WormBase,,-,0,0,0,,NULL
1740,1875,CE_GEN_2667963,low,genetic,,,,WormBase,,-,0,0,0,,NULL
1740,1876,CE_GEN_2667964,low,genetic,,,,WormBase,,-,0,0,0,,NULL
1743,1744,CE_GEN_2676035,low,genetic,,,,WormBase,,-,0,0,0,,NULL
1750,1799,CE_GEN_2675710,low,genetic,,,,WormBase,,-,0,0,0,,NULL
1750,2172,CE_GEN_2675718,low,genetic,,,,WormBase,,-,0,0,0,,NULL
1750,2179,CE_GEN_2675719,low,genetic,,,,WormBase,,-,0,0,0,,NULL
1750,2183,CE_GEN_2675720,low,genetic,,,,WormBase,,-,0,0,0,,NULL
1750,2184,CE_GEN_2675721,low,genetic,,,,WormBase,,-,0,0,0,,NULL
1750,2186,CE_GEN_2675722,low,genetic,,,,WormBase,,-,0,0,0,,NULL
1750,2196,CE_GEN_2675725,low,genetic,,,,WormBase,,-,0,0,0,,NULL
1750,1967,CE_GEN_2675729,low,genetic,,,,WormBase,,-,0,0,0,,NULL
1750,2229,CE_GEN_2675731,low,genetic,,,,WormBase,,-,0,0,0,,NULL
1751,1797,CE_GEN_2677393,low,genetic,,,,WormBase,,-,0,0,0,,NULL
1751,1987,CE_GEN_2677394,low,genetic,,,,WormBase,,-,0,0,0,,NULL
1751,2395,CE_GEN_2677395,low,genetic,,,,WormBase,,-,0,0,0,,NULL
1751,2466,CE_GEN_2677396,low,genetic,,,,WormBase,,-,0,0,0,,NULL
1751,2985,CE_GEN_2677399,low,genetic,,,,WormBase,,-,0,0,0,,NULL
1751,3060,CE_GEN_2677400,low,genetic,,,,WormBase,,-,0,0,0,,NULL
1751,3073,CE_GEN_2677401,low,genetic,,,,WormBase,,-,0,0,0,,NULL
1751,3085,CE_GEN_2677402,low,genetic,,,,WormBase,,-,0,0,0,,NULL
1751,3104,CE_GEN_2677403,low,genetic,,,,WormBase,,-,0,0,0,,NULL
1751,3119,CE_GEN_2677404,low,genetic,,,,WormBase,,-,0,0,0,,NULL
1751,3131,CE_GEN_2677405,low,genetic,,,,WormBase,,-,0,0,0,,NULL
1751,3132,CE_GEN_2677406,low,genetic,,,,WormBase,,-,0,0,0,,NULL
1751,3134,CE_GEN_2677407,low,genetic,,,,WormBase,,-,0,0,0,,NULL
1751,3140,CE_GEN_2677408,low,genetic,,,,WormBase,,-,0,0,0,,NULL
1751,3142,CE_GEN_2677409,low,genetic,,,,WormBase,,-,0,0,0,,NULL
1751,3152,CE_GEN_2677410,low,genetic,,,,WormBase,,-,0,0,0,,NULL
1753,1754,CE_GEN_2667616,moderate,genetic,,,,WormBase,,-,0,0,0,,NULL
1753,1755,CE_GEN_2667618,moderate,genetic,,,,WormBase,,-,0,0,0,,NULL
1757,1758,CE_GEN_2667640,moderate,genetic,,,,WormBase,,-,0,0,0,,NULL
1760,1761,CE_GEN_2667646,moderate,genetic,,,,WormBase,,-,0,0,0,,NULL
1762,1765,CE_GEN_2672683,low,genetic,,,,WormBase,,-,0,0,0,,NULL
1762,1900,CE_GEN_2672684,low,genetic,,,,WormBase,,-,0,0,0,,NULL
1762,1901,CE_GEN_2672689,low,genetic,,,,WormBase,,-,0,0,0,,NULL
1762,1903,CE_GEN_2672691,low,genetic,,,,WormBase,,-,0,0,0,,NULL
1763,1979,CE_GEN_2673192,moderate,genetic,,,,WormBase,,-,0,0,0,,NULL
1764,1765,CE_GEN_2667670,low,genetic,,,,WormBase,,-,0,0,0,,NULL
1765,1900,CE_GEN_2668036,low,genetic,,,,WormBase,,-,0,0,0,,NULL
1765,1901,CE_GEN_2668042,low,genetic,,,,WormBase,,-,0,0,0,,NULL
1765,1902,CE_GEN_2668044,low,genetic,,,,WormBase,,-,0,0,0,,NULL
1765,1903,CE_GEN_2668045,low,genetic,,,,WormBase,,-,0,0,0,,NULL
1766,1767,CE_GEN_2667680,low,genetic,,,,WormBase,,-,0,0,0,,NULL
1770,2567,CE_GEN_2671698,low,genetic,,,,WormBase,,-,0,0,0,,NULL
1771,2853,CE_GEN_2676996,low,genetic,,,,WormBase,,-,0,0,0,,NULL
1773,1911,CE_GEN_2684770,low,genetic,,,,WormBase,,-,0,0,0,,NULL
1774,1775,CE_GEN_2667691,low,genetic,,,,WormBase,,-,0,0,0,,NULL
1775,1838,CE_GEN_2677089,low,genetic,,,,WormBase,,-,0,0,0,,NULL
1782,1786,CE_GEN_2675168,low,genetic,,,,WormBase,,-,0,0,0,,NULL
1782,1787,CE_GEN_2675169,low,genetic,,,,WormBase,,-,0,0,0,,NULL
1783,2227,CE_GEN_2677240,low,genetic,,,,WormBase,,-,0,0,0,,NULL
1786,1787,CE_GEN_2667748,low,genetic,,,,WormBase,,-,0,0,0,,NULL
1787,2042,CE_GEN_2670869,low,genetic,,,,WormBase,,-,0,0,0,,NULL
1789,2841,CE_GEN_2673219,low,genetic,,,,WormBase,,-,0,0,0,,NULL
1791,1792,CE_GEN_2667773,low,genetic,,,,WormBase,,-,0,0,0,,NULL
1791,1793,CE_GEN_2667774,low,genetic,,,,WormBase,,-,0,0,0,,NULL
1791,1794,CE_GEN_2667776,low,genetic,,,,WormBase,,-,0,0,0,,NULL
1793,1963,CE_GEN_2669333,low,genetic,,,,WormBase,,-,0,0,0,,NULL
1799,1800,CE_GEN_2667788,moderate,genetic,,,,WormBase,,-,0,0,0,,NULL
1799,1801,CE_GEN_2667791,low,genetic,,,,WormBase,,-,0,0,0,,NULL
1803,1804,CE_GEN_2667794,low,genetic,,,,WormBase,,-,0,0,0,,NULL
1806,1807,CE_GEN_2667802,low,genetic,,,,WormBase,,-,0,0,0,,NULL
1807,1972,CE_GEN_2668236,low,genetic,,,,WormBase,,-,0,0,0,,NULL
1807,1973,CE_GEN_2668237,low,genetic,,,,WormBase,,-,0,0,0,,NULL
1807,1974,CE_GEN_2668238,low,genetic,,,,WormBase,,-,0,0,0,,NULL
1808,1809,CE_GEN_2667804,low,genetic,,,,WormBase,,-,0,0,0,,NULL
1810,1811,CE_GEN_2667806,low,genetic,,,,WormBase,,-,0,0,0,,NULL
1811,2469,CE_GEN_2669838,low,genetic,,,,WormBase,,-,0,0,0,,NULL
1811,2042,CE_GEN_2669841,low,genetic,,,,WormBase,,-,0,0,0,,NULL
1813,1814,CE_GEN_2667809,low,genetic,,,,WormBase,,-,0,0,0,,NULL
1817,1821,CE_GEN_2675582,low,genetic,,,,WormBase,,-,0,0,0,,NULL
1817,2962,CE_GEN_2675584,low,genetic,,,,WormBase,,-,0,0,0,,NULL
1819,1915,CE_GEN_2668077,moderate,genetic,,,,WormBase,,-,0,0,0,,NULL
1820,1938,CE_GEN_2668109,low,genetic,,,,WormBase,,-,0,0,0,,NULL
1821,1834,CE_GEN_2668117,low,genetic,,,,WormBase,,-,0,0,0,,NULL
1821,1837,CE_GEN_2668118,low,genetic,,,,WormBase,,-,0,0,0,,NULL
1821,1939,CE_GEN_2668120,low,genetic,,,,WormBase,,-,0,0,0,,NULL
1822,2122,CE_GEN_2669218,low,genetic,,,,WormBase,,-,0,0,0,,NULL
1827,1885,CE_GEN_2672142,low,genetic,,,,WormBase,,-,0,0,0,,NULL
1827,2771,CE_GEN_2672148,low,genetic,,,,WormBase,,-,0,0,0,,NULL
1827,2843,CE_GEN_2672151,low,genetic,,,,WormBase,,-,0,0,0,,NULL
1827,1838,CE_GEN_2672154,low,genetic,,,,WormBase,,-,0,0,0,,NULL
1827,1845,CE_GEN_2672155,low,genetic,,,,WormBase,,-,0,0,0,,NULL
1827,1950,CE_GEN_2672156,low,genetic,,,,WormBase,,-,0,0,0,,NULL
1828,1832,CE_GEN_2672310,low,genetic,,,,WormBase,,-,0,0,0,,NULL
1830,2909,CE_GEN_2672775,low,genetic,,,,WormBase,,-,0,0,0,,NULL
1831,1838,CE_GEN_2672933,low,genetic,,,,WormBase,,-,0,0,0,,NULL
1831,2917,CE_GEN_2672935,low,genetic,,,,WormBase,,-,0,0,0,,NULL
1833,2978,CE_GEN_2673845,low,genetic,,,,WormBase,,-,0,0,0,,NULL
1834,2081,CE_GEN_2673901,low,genetic,,,,WormBase,,-,0,0,0,,NULL
1837,2467,CE_GEN_2674714,low,genetic,,,,WormBase,,-,0,0,0,,NULL
1837,2825,CE_GEN_2674715,low,genetic,,,,WormBase,,-,0,0,0,,NULL
1838,2657,CE_GEN_2674781,low,genetic,,,,WormBase,,-,0,0,0,,NULL
1838,1891,CE_GEN_2674783,low,genetic,,,,WormBase,,-,0,0,0,,NULL
1838,1845,CE_GEN_2674786,low,genetic,,,,WormBase,,-,0,0,0,,NULL
1839,1883,CE_GEN_2674810,low,genetic,,,,WormBase,,-,0,0,0,,NULL
1840,3081,CE_GEN_2674925,low,genetic,,,,WormBase,,-,0,0,0,,NULL
1841,2432,CE_GEN_2674962,low,genetic,,,,WormBase,,-,0,0,0,,NULL
1841,2489,CE_GEN_2674963,low,genetic,,,,WormBase,,-,0,0,0,,NULL
1844,2431,CE_GEN_2675703,low,genetic,,,,WormBase,,-,0,0,0,,NULL
1844,2948,CE_GEN_2675706,low,genetic,,,,WormBase,,-,0,0,0,,NULL
1845,3071,CE_GEN_2676079,low,genetic,,,,WormBase,,-,0,0,0,,NULL
1845,3117,CE_GEN_2676081,low,genetic,,,,WormBase,,-,0,0,0,,NULL
1845,2005,CE_GEN_2676082,low,genetic,,,,WormBase,,-,0,0,0,,NULL
1851,2899,CE_GEN_2677031,low,genetic,,,,WormBase,,-,0,0,0,,NULL
1851,2575,CE_GEN_2677033,low,genetic,,,,WormBase,,-,0,0,0,,NULL
1851,3129,CE_GEN_2677035,low,genetic,,,,WormBase,,-,0,0,0,,NULL
1852,2657,CE_GEN_2677168,low,genetic,,,,WormBase,,-,0,0,0,,NULL
1856,1889,CE_GEN_2684672,low,genetic,,,,WormBase,,-,0,0,0,,NULL
1856,3092,CE_GEN_2684674,low,genetic,,,,WormBase,,-,0,0,0,,NULL
1858,2776,CE_GEN_2684777,low,genetic,,,,WormBase,,-,0,0,0,,NULL
1860,1861,CE_GEN_2667937,low,genetic,,,,WormBase,,-,0,0,0,,NULL
1860,1862,CE_GEN_2667938,moderate,genetic,,,,WormBase,,-,0,0,0,,NULL
1861,1984,CE_GEN_2668265,low,genetic,,,,WormBase,,-,0,0,0,,NULL
1861,3170,CE_GEN_3540806,low,genetic,,,,WormBase,,-,0,0,0,,NULL
1866,1867,CE_GEN_2667950,low,genetic,,,,WormBase,,-,0,0,0,,NULL
1870,2837,CE_GEN_2672085,low,genetic,,,,WormBase,,-,0,0,0,,NULL
1871,1873,CE_GEN_2672230,low,genetic,,,,WormBase,,-,0,0,0,,NULL
1874,1874,CE_GEN_2673395,low,genetic,,,,WormBase,,-,0,0,0,,NULL
1875,2888,CE_GEN_2673676,low,genetic,,,,WormBase,,-,0,0,0,,NULL
1880,1883,CE_GEN_2673623,low,genetic,,,,WormBase,,-,0,0,0,,NULL
1882,1883,CE_GEN_2676536,low,genetic,,,,WormBase,,-,0,0,0,,NULL
1883,2706,CE_GEN_2676671,low,genetic,,,,WormBase,,-,0,0,0,,NULL
1883,3072,CE_GEN_2676673,low,genetic,,,,WormBase,,-,0,0,0,,NULL
1883,3130,CE_GEN_2676678,low,genetic,,,,WormBase,,-,0,0,0,,NULL
1885,1886,CE_GEN_2667996,low,genetic,,,,WormBase,,-,0,0,0,,NULL
1887,1893,CE_GEN_2668499,low,genetic,,,,WormBase,,-,0,0,0,,NULL
1889,1893,CE_GEN_2673248,low,genetic,,,,WormBase,,-,0,0,0,,NULL
1891,2787,CE_GEN_2674489,low,genetic,,,,WormBase,,-,0,0,0,,NULL
1891,2788,CE_GEN_2674490,low,genetic,,,,WormBase,,-,0,0,0,,NULL
1891,2509,CE_GEN_2674493,moderate,genetic,,,,WormBase,,-,0,0,0,,NULL
1892,2866,CE_GEN_2675212,low,genetic,,,,WormBase,,-,0,0,0,,NULL
1892,3092,CE_GEN_2675214,low,genetic,,,,WormBase,,-,0,0,0,,NULL
1897,1944,CE_GEN_2668130,low,genetic,,,,WormBase,,-,0,0,0,,NULL
1898,2430,CE_GEN_2669467,low,genetic,,,,WormBase,,-,0,0,0,,NULL
1898,2431,CE_GEN_2669468,low,genetic,,,,WormBase,,-,0,0,0,,NULL
1900,2112,CE_GEN_2669486,low,genetic,,,,WormBase,,-,0,0,0,,NULL
1900,1903,CE_GEN_2669490,low,genetic,,,,WormBase,,-,0,0,0,,NULL
1901,1903,CE_GEN_2674144,low,genetic,,,,WormBase,,-,0,0,0,,NULL
1902,2606,CE_GEN_2676451,low,genetic,,,,WormBase,,-,0,0,0,,NULL
1902,3124,CE_GEN_2676452,low,genetic,,,,WormBase,,-,0,0,0,,NULL
1903,2979,CE_GEN_2676764,low,genetic,,,,WormBase,,-,0,0,0,,NULL
1906,2474,CE_GEN_2672720,low,genetic,,,,WormBase,,-,0,0,0,,NULL
1910,1911,CE_GEN_2668061,low,genetic,,,,WormBase,,-,0,0,0,,NULL
1911,2567,CE_GEN_2677305,low,genetic,,,,WormBase,,-,0,0,0,,NULL
1920,1921,CE_GEN_2668082,low,genetic,,,,WormBase,,-,0,0,0,,NULL
1920,3169,CE_GEN_3540797,low,genetic,,,,WormBase,,-,0,0,0,,NULL
1924,1930,CE_GEN_2669302,low,genetic,,,,WormBase,,-,0,0,0,,NULL
1938,2071,CE_GEN_2668522,low,genetic,,,,WormBase,,-,0,0,0,,NULL
1941,1942,CE_GEN_2668123,low,genetic,,,,WormBase,,-,0,0,0,,NULL
1944,2085,CE_GEN_2675823,low,genetic,,,,WormBase,,-,0,0,0,,NULL
1944,2110,CE_GEN_2675831,low,genetic,,,,WormBase,,-,0,0,0,,NULL
1945,1946,CE_GEN_2668135,low,genetic,,,,WormBase,,-,0,0,0,,NULL
1946,2044,CE_GEN_2668420,low,genetic,,,,WormBase,,-,0,0,0,,NULL
1949,1950,CE_GEN_2668143,low,genetic,,,,WormBase,,-,0,0,0,,NULL
1951,1952,CE_GEN_2668147,low,genetic,,,,WormBase,,-,0,0,0,,NULL
1951,1953,CE_GEN_2668151,low,genetic,,,,WormBase,,-,0,0,0,,NULL
1951,1954,CE_GEN_2668152,low,genetic,,,,WormBase,,-,0,0,0,,NULL
1951,1955,CE_GEN_2668153,low,genetic,,,,WormBase,,-,0,0,0,,NULL
1951,1956,CE_GEN_2668154,low,genetic,,,,WormBase,,-,0,0,0,,NULL
1952,2682,CE_GEN_2673663,low,genetic,,,,WormBase,,-,0,0,0,,NULL
1952,3168,CE_GEN_3540794,low,genetic,,,,WormBase,,-,0,0,0,,NULL
1954,3107,CE_GEN_2677053,low,genetic,,,,WormBase,,-,0,0,0,,NULL
1959,1960,CE_GEN_2668175,moderate,genetic,,,,WormBase,,-,0,0,0,,NULL
1960,2624,CE_GEN_2675588,low,genetic,,,,WormBase,,-,0,0,0,,NULL
1960,2477,CE_GEN_2675589,low,genetic,,,,WormBase,,-,0,0,0,,NULL
1961,2805,CE_GEN_2671827,low,genetic,,,,WormBase,,-,0,0,0,,NULL
1962,2099,CE_GEN_2673691,low,genetic,,,,WormBase,,-,0,0,0,,NULL
1962,1977,CE_GEN_2673692,low,genetic,,,,WormBase,,-,0,0,0,,NULL
1962,1978,CE_GEN_2673694,low,genetic,,,,WormBase,,-,0,0,0,,NULL
1963,2905,CE_GEN_2672729,low,genetic,,,,WormBase,,-,0,0,0,,NULL
1970,1971,CE_GEN_2668233,low,genetic,,,,WormBase,,-,0,0,0,,NULL
1971,2766,CE_GEN_2676772,low,genetic,,,,WormBase,,-,0,0,0,,NULL
1974,2628,CE_GEN_2673457,low,genetic,MI:1271,,,BioGrid,27956467,PMID,1,0,1,,NULL
1976,1977,CE_GEN_2668241,low,genetic,,,,WormBase,,-,0,0,0,,NULL
1976,1978,CE_GEN_2668242,low,genetic,,,,WormBase,,-,0,0,0,,NULL
1977,2149,CE_GEN_2669571,low,genetic,,,,WormBase,,-,0,0,0,,NULL
1977,2099,CE_GEN_2669573,low,genetic,,,,WormBase,,-,0,0,0,,NULL
1977,2404,CE_GEN_2669577,low,genetic,,,,WormBase,,-,0,0,0,,NULL
1977,2405,CE_GEN_2669581,low,genetic,,,,WormBase,,-,0,0,0,,NULL
1977,1978,CE_GEN_2669582,low,genetic,,,,WormBase,,-,0,0,0,,NULL
1977,3167,CE_GEN_3540754,low,genetic,,,,WormBase,,-,0,0,0,,NULL
1978,2149,CE_GEN_2674288,low,genetic,,,,WormBase,,-,0,0,0,,NULL
1978,2099,CE_GEN_2674290,low,genetic,,,,WormBase,,-,0,0,0,,NULL
1978,2651,CE_GEN_2674292,low,genetic,,,,WormBase,,-,0,0,0,,NULL
1978,2404,CE_GEN_2674293,low,genetic,,,,WormBase,,-,0,0,0,,NULL
1978,3167,CE_GEN_3540778,low,genetic,,,,WormBase,,-,0,0,0,,NULL
1984,2677,CE_GEN_2675671,low,genetic,,,,WormBase,,-,0,0,0,,NULL
1984,2759,CE_GEN_2675675,low,genetic,,,,WormBase,,-,0,0,0,,NULL
1985,1986,CE_GEN_2668269,moderate,genetic,,,,WormBase,,-,0,0,0,,NULL
1989,1990,CE_GEN_2668272,low,genetic,,,,WormBase,,-,0,0,0,,NULL
1993,1994,CE_GEN_2668281,low,genetic,,,,WormBase,,-,0,0,0,,NULL
1993,1995,CE_GEN_2668282,low,genetic,,,,WormBase,,-,0,0,0,,NULL
1993,1996,CE_GEN_2668286,low,genetic,,,,WormBase,,-,0,0,0,,NULL
2001,2926,CE_GEN_2682593,low,genetic,,,,WormBase,,-,0,0,0,,NULL
2001,3159,CE_GEN_2682599,low,genetic,,,,WormBase,,-,0,0,0,,NULL
2005,2893,CE_GEN_2676097,low,genetic,,,,WormBase,,-,0,0,0,,NULL
2005,2419,CE_GEN_2676099,low,genetic,,,,WormBase,,-,0,0,0,,NULL
2006,3071,CE_GEN_2676489,low,genetic,,,,WormBase,,-,0,0,0,,NULL
2006,2007,CE_GEN_2676490,low,genetic,,,,WormBase,,-,0,0,0,,NULL
2007,3071,CE_GEN_2676531,low,genetic,,,,WormBase,,-,0,0,0,,NULL
2032,2443,CE_GEN_2669532,low,genetic,,,,WormBase,,-,0,0,0,,NULL
2039,2040,CE_GEN_2668416,low,genetic,,,,WormBase,,-,0,0,0,,NULL
2041,2042,CE_GEN_2668417,low,genetic,,,,WormBase,,-,0,0,0,,NULL
2042,2453,CE_GEN_2671300,low,genetic,,,,WormBase,,-,0,0,0,,NULL
2042,2470,CE_GEN_2671302,low,genetic,,,,WormBase,,-,0,0,0,,NULL
2042,2627,CE_GEN_2671303,low,genetic,,,,WormBase,,-,0,0,0,,NULL
2042,2749,CE_GEN_2671306,low,genetic,,,,WormBase,,-,0,0,0,,NULL
2042,2457,CE_GEN_2671307,low,genetic,,,,WormBase,,-,0,0,0,,NULL
2044,2481,CE_GEN_2676917,low,genetic,,,,WormBase,,-,0,0,0,,NULL
2045,2844,CE_GEN_2675989,low,genetic,,,,WormBase,,-,0,0,0,,NULL
2051,2052,CE_GEN_2668450,low,genetic,,,,WormBase,,-,0,0,0,,NULL
2051,2053,CE_GEN_2668451,low,genetic,,,,WormBase,,-,0,0,0,,NULL
2057,2058,CE_GEN_2668466,low,genetic,,,,WormBase,,-,0,0,0,,NULL
2058,3150,CE_GEN_2677327,low,genetic,,,,WormBase,,-,0,0,0,,NULL
2062,2063,CE_GEN_2668487,low,genetic,,,,WormBase,,-,0,0,0,,NULL
2067,2740,CE_GEN_2671248,low,genetic,,,,WormBase,,-,0,0,0,,NULL
2072,2073,CE_GEN_2668524,low,genetic,,,,WormBase,,-,0,0,0,,NULL
2074,2075,CE_GEN_2668529,low,genetic,,,,WormBase,,-,0,0,0,,NULL
2075,2423,CE_GEN_2670032,low,genetic,,,,WormBase,,-,0,0,0,,NULL
2075,2516,CE_GEN_2670033,low,genetic,,,,WormBase,,-,0,0,0,,NULL
2077,2078,CE_GEN_2676494,low,genetic,,,,WormBase,,-,0,0,0,,NULL
2093,2892,CE_GEN_2684704,low,genetic,,,,WormBase,,-,0,0,0,,NULL
2093,3057,CE_GEN_2684706,low,genetic,,,,WormBase,,-,0,0,0,,NULL
2099,2403,CE_GEN_2669522,low,genetic,,,,WormBase,,-,0,0,0,,NULL
2100,2101,CE_GEN_2668633,low,genetic,,,,WormBase,,-,0,0,0,,NULL
2101,3102,CE_GEN_2675425,low,genetic,,,,WormBase,,-,0,0,0,,NULL
2102,2797,CE_GEN_2671780,low,genetic,,,,WormBase,,-,0,0,0,,NULL
2104,2931,CE_GEN_2673175,low,genetic,,,,WormBase,,-,0,0,0,,NULL
2104,2502,CE_GEN_2673176,low,genetic,,,,WormBase,,-,0,0,0,,NULL
2107,2111,CE_GEN_2670506,low,genetic,,,,WormBase,,-,0,0,0,,NULL
2107,2115,CE_GEN_2670507,low,genetic,,,,WormBase,,-,0,0,0,,NULL
2110,2796,CE_GEN_2673231,low,genetic,,,,WormBase,,-,0,0,0,,NULL
2110,2114,CE_GEN_2673232,low,genetic,,,,WormBase,,-,0,0,0,,NULL
2111,2445,CE_GEN_2673930,low,genetic,,,,WormBase,,-,0,0,0,,NULL
2111,2113,CE_GEN_2673932,low,genetic,,,,WormBase,,-,0,0,0,,NULL
2111,2114,CE_GEN_2673933,low,genetic,,,,WormBase,,-,0,0,0,,NULL
2111,2115,CE_GEN_2673935,low,genetic,,,,WormBase,,-,0,0,0,,NULL
2113,2610,CE_GEN_2674918,low,genetic,,,,WormBase,,-,0,0,0,,NULL
2113,2114,CE_GEN_2674919,low,genetic,,,,WormBase,,-,0,0,0,,NULL
2114,2796,CE_GEN_2675454,low,genetic,,,,WormBase,,-,0,0,0,,NULL
2114,2445,CE_GEN_2675459,low,genetic,,,,WormBase,,-,0,0,0,,NULL
2114,2610,CE_GEN_2675461,low,genetic,,,,WormBase,,-,0,0,0,,NULL
2114,2115,CE_GEN_2675465,low,genetic,,,,WormBase,,-,0,0,0,,NULL
2115,2445,CE_GEN_2676364,low,genetic,,,,WormBase,,-,0,0,0,,NULL
2116,2776,CE_GEN_2671598,low,genetic,,,,WormBase,,-,0,0,0,,NULL
2117,3145,CE_GEN_2678391,low,genetic,,,,WormBase,,-,0,0,0,,NULL
2117,3102,CE_GEN_2678392,low,genetic,,,,WormBase,,-,0,0,0,,NULL
2118,2119,CE_GEN_2668702,low,genetic,,,,WormBase,,-,0,0,0,,NULL
2120,2121,CE_GEN_2668706,low,genetic,,,,WormBase,,-,0,0,0,,NULL
2122,2123,CE_GEN_2668708,low,genetic,,,,WormBase,,-,0,0,0,,NULL
2122,2124,CE_GEN_2668709,low,genetic,,,,WormBase,,-,0,0,0,,NULL
2132,2855,CE_GEN_2672295,moderate,genetic,,,,WormBase,,-,0,0,0,,NULL
2142,2143,CE_GEN_2668759,low,genetic,,,,WormBase,,-,0,0,0,,NULL
2142,2144,CE_GEN_2668760,low,genetic,,,,WormBase,,-,0,0,0,,NULL
2143,2144,CE_GEN_2672767,moderate,genetic,,,,WormBase,,-,0,0,0,,NULL
2147,2148,CE_GEN_2674227,moderate,genetic,,,,WormBase,,-,0,0,0,,NULL
2148,2832,CE_GEN_2675188,low,genetic,,,,WormBase,,-,0,0,0,,NULL
2150,2151,CE_GEN_2668806,moderate,genetic,,,,WormBase,,-,0,0,0,,NULL
2152,2153,CE_GEN_2668813,low,genetic,,,,WormBase,,-,0,0,0,,NULL
2160,2441,CE_GEN_2669517,low,genetic,,,,WormBase,,-,0,0,0,,NULL
2168,2711,CE_GEN_2671018,moderate,genetic,,,,WormBase,,-,0,0,0,,NULL
2186,2923,CE_GEN_2673053,low,genetic,,,,WormBase,,-,0,0,0,,NULL
2197,2497,CE_GEN_2674497,low,genetic,,,,WormBase,,-,0,0,0,,NULL
2197,2498,CE_GEN_2674498,low,genetic,,,,WormBase,,-,0,0,0,,NULL
2197,2499,CE_GEN_2674499,low,genetic,,,,WormBase,,-,0,0,0,,NULL
2197,2501,CE_GEN_2674503,low,genetic,,,,WormBase,,-,0,0,0,,NULL
2198,2888,CE_GEN_2674552,low,genetic,,,,WormBase,,-,0,0,0,,NULL
2227,2685,CE_GEN_3540792,low,genetic,,,,WormBase,,-,0,0,0,,NULL
2381,2382,CE_GEN_2669219,low,genetic,,,,WormBase,,-,0,0,0,,NULL
2386,2687,CE_GEN_2670830,low,genetic,,,,WormBase,,-,0,0,0,,NULL
2388,2785,CE_GEN_2671665,moderate,genetic,,,,WormBase,,-,0,0,0,,NULL
2392,2393,CE_GEN_2669253,low,genetic,,,,WormBase,,-,0,0,0,,NULL
2392,2394,CE_GEN_2669254,low,genetic,,,,WormBase,,-,0,0,0,,NULL
2398,2399,CE_GEN_2669267,low,genetic,,,,WormBase,,-,0,0,0,,NULL
2401,2402,CE_GEN_2669270,moderate,genetic,,,,WormBase,,-,0,0,0,,NULL
2402,2789,CE_GEN_2671678,low,genetic,,,,WormBase,,-,0,0,0,,NULL
2402,2790,CE_GEN_2671679,low,genetic,,,,WormBase,,-,0,0,0,,NULL
2402,2791,CE_GEN_2671680,low,genetic,,,,WormBase,,-,0,0,0,,NULL
2403,3167,CE_GEN_3540780,low,genetic,,,,WormBase,,-,0,0,0,,NULL
2404,2405,CE_GEN_2672313,low,genetic,,,,WormBase,,-,0,0,0,,NULL
2410,2411,CE_GEN_2669322,low,genetic,,,,WormBase,,-,0,0,0,,NULL
2419,2893,CE_GEN_2684697,low,genetic,,,,WormBase,,-,0,0,0,,NULL
2419,2879,CE_GEN_2684698,low,genetic,,,,WormBase,,-,0,0,0,,NULL
2419,3071,CE_GEN_2684699,low,genetic,,,,WormBase,,-,0,0,0,,NULL
2423,2424,CE_GEN_2669432,low,genetic,,,,WormBase,,-,0,0,0,,NULL
2424,2516,CE_GEN_2674932,low,genetic,,,,WormBase,,-,0,0,0,,NULL
2428,2429,CE_GEN_2669465,low,genetic,,,,WormBase,,-,0,0,0,,NULL
2431,2736,CE_GEN_2673460,low,genetic,,,,WormBase,,-,0,0,0,,NULL
2431,2948,CE_GEN_2673462,low,genetic,,,,WormBase,,-,0,0,0,,NULL
2432,2433,CE_GEN_2669471,low,genetic,,,,WormBase,,-,0,0,0,,NULL
2432,2434,CE_GEN_2669472,low,genetic,,,,WormBase,,-,0,0,0,,NULL
2439,2440,CE_GEN_2673556,low,genetic,,,,WormBase,,-,0,0,0,,NULL
2444,2445,CE_GEN_2669539,low,genetic,,,,WormBase,,-,0,0,0,,NULL
2445,2796,CE_GEN_2674518,low,genetic,,,,WormBase,,-,0,0,0,,NULL
2445,3067,CE_GEN_2674525,low,genetic,,,,WormBase,,-,0,0,0,,NULL
2447,2448,CE_GEN_2669550,low,genetic,,,,WormBase,,-,0,0,0,,NULL
2450,2451,CE_GEN_2669556,low,genetic,,,,WormBase,,-,0,0,0,,NULL
2457,2469,CE_GEN_2682535,low,genetic,,,,WormBase,,-,0,0,0,,NULL
2458,2459,CE_GEN_2669620,moderate,genetic,,,,WormBase,,-,0,0,0,,NULL
2469,2470,CE_GEN_2669701,low,genetic,,,,WormBase,,-,0,0,0,,NULL
2469,2471,CE_GEN_2669703,low,genetic,,,,WormBase,,-,0,0,0,,NULL
2477,3058,CE_GEN_2674187,low,genetic,,,,WormBase,,-,0,0,0,,NULL
2487,2763,CE_GEN_2674342,low,genetic,,,,WormBase,,-,0,0,0,,NULL
2488,2888,CE_GEN_2675245,low,genetic,,,,WormBase,,-,0,0,0,,NULL
2489,2489,CE_GEN_2676511,low,genetic,,,,WormBase,,-,0,0,0,,NULL
2492,3097,CE_GEN_2678396,low,genetic,,,,WormBase,,-,0,0,0,,NULL
2500,2912,CE_GEN_2674732,low,genetic,,,,WormBase,,-,0,0,0,,NULL
2503,2504,CE_GEN_2669938,moderate,genetic,,,,WormBase,,-,0,0,0,,NULL
2510,2511,CE_GEN_2669968,low,genetic,MI:1271,,,WormBase;BioGrid,21720028,PMID;-,1,0,1,,NULL
2510,3166,CE_GEN_3533661,low,genetic,MI:1271,,,BioGrid,21720028,PMID,1,0,1,,NULL
2512,2512,CE_GEN_2672272,low,genetic,,,,WormBase,,-,0,0,0,,NULL
2512,2513,CE_GEN_2672275,low,genetic,,,,WormBase,,-,0,0,0,,NULL
2513,2703,CE_GEN_2676961,low,genetic,,,,WormBase,,-,0,0,0,,NULL
2513,2882,CE_GEN_2676962,low,genetic,,,,WormBase,,-,0,0,0,,NULL
2513,3133,CE_GEN_2676964,low,genetic,,,,WormBase,,-,0,0,0,,NULL
2513,2513,CE_GEN_2676965,low,genetic,,,,WormBase,,-,0,0,0,,NULL
2518,2519,CE_GEN_2670035,low,genetic,,,,WormBase,,-,0,0,0,,NULL
2530,2686,CE_GEN_2670817,low,genetic,,,,WormBase,,-,0,0,0,,NULL
2535,2731,CE_GEN_2671165,low,genetic,,,,WormBase,,-,0,0,0,,NULL
2543,2628,CE_GEN_2671795,low,genetic,MI:1271,,,BioGrid,27956467,PMID,1,0,1,,NULL
2550,2872,CE_GEN_2672541,low,genetic,,,,WormBase,,-,0,0,0,,NULL
2552,2563,CE_GEN_2672580,low,genetic,,,,WormBase,,-,0,0,0,,NULL
2552,2589,CE_GEN_2672581,low,genetic,,,,WormBase,,-,0,0,0,,NULL
2581,2702,CE_GEN_2675255,low,genetic,,,,WormBase,,-,0,0,0,,NULL
2624,2768,CE_GEN_2671549,low,genetic,,,,WormBase,,-,0,0,0,,NULL
2625,2911,CE_GEN_2672790,low,genetic,,,,WormBase,,-,0,0,0,,NULL
2630,2631,CE_GEN_2670525,low,genetic,,,,WormBase,,-,0,0,0,,NULL
2641,2685,CE_GEN_2673488,low,genetic,,,,WormBase,,-,0,0,0,,NULL
2645,2646,CE_GEN_2670616,low,genetic,,,,WormBase,,-,0,0,0,,NULL
2647,2648,CE_GEN_2670620,low,genetic,,,,WormBase,,-,0,0,0,,NULL
2657,2742,CE_GEN_2673973,low,genetic,,,,WormBase,,-,0,0,0,,NULL
2675,3100,CE_GEN_2675344,low,genetic,,,,WormBase,,-,0,0,0,,NULL
2679,2680,CE_GEN_2670744,low,genetic,,,,WormBase,,-,0,0,0,,NULL
2684,2735,CE_GEN_2671220,low,genetic,,,,WormBase,,-,0,0,0,,NULL
2687,2959,CE_GEN_2676900,low,genetic,,,,WormBase,,-,0,0,0,,NULL
2688,2689,CE_GEN_2670833,low,genetic,,,,WormBase,,-,0,0,0,,NULL
2688,2690,CE_GEN_2670834,low,genetic,,,,WormBase,,-,0,0,0,,NULL
2689,2817,CE_GEN_2671895,low,genetic,,,,WormBase,,-,0,0,0,,NULL
2692,2693,CE_GEN_2670836,low,genetic,,,,WormBase,,-,0,0,0,,NULL
2702,2703,CE_GEN_2670908,low,genetic,,,,WormBase,,-,0,0,0,,NULL
2703,2714,CE_GEN_2672284,low,genetic,,,,WormBase,,-,0,0,0,,NULL
2703,2854,CE_GEN_2672286,low,genetic,,,,WormBase,,-,0,0,0,,NULL
2703,2715,CE_GEN_2672288,low,genetic,,,,WormBase,,-,0,0,0,,NULL
2704,2705,CE_GEN_2670923,moderate,genetic,,,,WormBase,,-,0,0,0,,NULL
2709,2710,CE_GEN_2671012,low,genetic,,,,WormBase,,-,0,0,0,,NULL
2714,2715,CE_GEN_2671042,low,genetic,,,,WormBase,,-,0,0,0,,NULL
2721,2722,CE_GEN_2671107,low,genetic,,,,WormBase,,-,0,0,0,,NULL
2722,3156,CE_GEN_2682567,low,genetic,,,,WormBase,,-,0,0,0,,NULL
2726,2816,CE_GEN_2684764,low,genetic,,,,WormBase,,-,0,0,0,,NULL
2727,2736,CE_GEN_2675063,low,genetic,,,,WormBase,,-,0,0,0,,NULL
2728,2729,CE_GEN_2671150,low,genetic,,,,WormBase,,-,0,0,0,,NULL
2736,2737,CE_GEN_2671238,low,genetic,,,,WormBase,,-,0,0,0,,NULL
2736,2738,CE_GEN_2671243,low,genetic,,,,WormBase,,-,0,0,0,,NULL
2741,2742,CE_GEN_2671250,low,genetic,,,,WormBase,,-,0,0,0,,NULL
2744,2944,CE_GEN_2674928,low,genetic,,,,WormBase,,-,0,0,0,,NULL
2744,2980,CE_GEN_2674929,low,genetic,,,,WormBase,,-,0,0,0,,NULL
2744,3082,CE_GEN_2674930,low,genetic,,,,WormBase,,-,0,0,0,,NULL
2745,2772,CE_GEN_2676980,low,genetic,,,,WormBase,,-,0,0,0,,NULL
2747,2748,CE_GEN_2671284,low,genetic,,,,WormBase,,-,0,0,0,,NULL
2748,2774,CE_GEN_2674472,low,genetic,,,,WormBase,,-,0,0,0,,NULL
2757,2795,CE_GEN_2674840,low,genetic,,,,WormBase,,-,0,0,0,,NULL
2758,2907,CE_GEN_2675136,low,genetic,,,,WormBase,,-,0,0,0,,NULL
2763,2927,CE_GEN_2674880,low,genetic,,,,WormBase,,-,0,0,0,,NULL
2778,2779,CE_GEN_2671643,low,genetic,,,,WormBase,,-,0,0,0,,NULL
2787,2788,CE_GEN_2671672,low,genetic,,,,WormBase,,-,0,0,0,,NULL
2794,3141,CE_GEN_2682517,low,genetic,,,,WormBase,,-,0,0,0,,NULL
2803,2804,CE_GEN_2671817,low,genetic,,,,WormBase,,-,0,0,0,,NULL
2809,3084,CE_GEN_2676027,low,genetic,,,,WormBase,,-,0,0,0,,NULL
2810,2811,CE_GEN_2671866,low,genetic,,,,WormBase,,-,0,0,0,,NULL
2811,2966,CE_GEN_2673681,low,genetic,,,,WormBase,,-,0,0,0,,NULL
2813,2814,CE_GEN_2671874,low,genetic,,,,WormBase,,-,0,0,0,,NULL
2832,2944,CE_GEN_2675528,low,genetic,,,,WormBase,,-,0,0,0,,NULL
2832,2945,CE_GEN_2675532,moderate,genetic,,,,WormBase,,-,0,0,0,,NULL
2839,2840,CE_GEN_2672111,low,genetic,,,,WormBase,,-,0,0,0,,NULL
2857,2857,CE_GEN_2672307,low,genetic,,,,WormBase,,-,0,0,0,,NULL
2859,2860,CE_GEN_2672352,low,genetic,,,,WormBase,,-,0,0,0,,NULL
2869,2954,CE_GEN_2682604,low,genetic,,,,WormBase,,-,0,0,0,,NULL
2869,3146,CE_GEN_2682605,low,genetic,,,,WormBase,,-,0,0,0,,NULL
2869,3155,CE_GEN_2682606,low,genetic,,,,WormBase,,-,0,0,0,,NULL
2875,2978,CE_GEN_2676378,low,genetic,,,,WormBase,,-,0,0,0,,NULL
2879,2893,CE_GEN_2674829,low,genetic,,,,WormBase,,-,0,0,0,,NULL
2879,2879,CE_GEN_2674831,low,genetic,,,,WormBase,,-,0,0,0,,NULL
2879,2894,CE_GEN_2674833,low,genetic,,,,WormBase,,-,0,0,0,,NULL
2880,2881,CE_GEN_2672596,low,genetic,,,,WormBase,,-,0,0,0,,NULL
2888,2973,CE_GEN_2673784,low,genetic,,,,WormBase,,-,0,0,0,,NULL
2888,2974,CE_GEN_2673785,low,genetic,,,,WormBase,,-,0,0,0,,NULL
2888,2975,CE_GEN_2673787,low,genetic,,,,WormBase,,-,0,0,0,,NULL
2889,2890,CE_GEN_2673804,moderate,genetic,,,,WormBase,,-,0,0,0,,NULL
2893,3071,CE_GEN_2674708,low,genetic,,,,WormBase,,-,0,0,0,,NULL
2895,2896,CE_GEN_2672659,low,genetic,,,,WormBase,,-,0,0,0,,NULL
2902,2903,CE_GEN_2672718,low,genetic,,,,WormBase,,-,0,0,0,,NULL
2907,2916,CE_GEN_2676954,low,genetic,,,,WormBase,,-,0,0,0,,NULL
2910,3093,CE_GEN_2676554,low,genetic,,,,WormBase,,-,0,0,0,,NULL
2918,2919,CE_GEN_2672940,low,genetic,,,,WormBase,,-,0,0,0,,NULL
2924,2925,CE_GEN_2673085,low,genetic,,,,WormBase,,-,0,0,0,,NULL
2926,2929,CE_GEN_2674348,low,genetic,,,,WormBase,,-,0,0,0,,NULL
2933,2934,CE_GEN_2673255,low,genetic,,,,WormBase,,-,0,0,0,,NULL
2936,2937,CE_GEN_2673283,low,genetic,,,,WormBase,,-,0,0,0,,NULL
2944,2945,CE_GEN_2673389,low,genetic,,,,WormBase,,-,0,0,0,,NULL
2945,3102,CE_GEN_2676668,low,genetic,,,,WormBase,,-,0,0,0,,NULL
2946,2947,CE_GEN_2673444,low,genetic,,,,WormBase,,-,0,0,0,,NULL
2956,3068,CE_GEN_2674976,low,genetic,,,,WormBase,,-,0,0,0,,NULL
2970,2971,CE_GEN_2673727,low,genetic,,,,WormBase,,-,0,0,0,,NULL
2978,3106,CE_GEN_2675682,low,genetic,,,,WormBase,,-,0,0,0,,NULL
3052,3053,CE_GEN_2674159,moderate,genetic,,,,WormBase,,-,0,0,0,,NULL
3054,3055,CE_GEN_2674168,low,genetic,,,,WormBase,,-,0,0,0,,NULL
3061,3062,CE_GEN_2674299,low,genetic,,,,WormBase,,-,0,0,0,,NULL
3063,3064,CE_GEN_2674392,low,genetic,,,,WormBase,,-,0,0,0,,NULL
3067,3125,CE_GEN_2676483,low,genetic,,,,WormBase,,-,0,0,0,,NULL
3069,3070,CE_GEN_2674540,low,genetic,,,,WormBase,,-,0,0,0,,NULL
3075,3076,CE_GEN_2674838,low,genetic,,,,WormBase,,-,0,0,0,,NULL
3089,3090,CE_GEN_2675125,low,genetic,,,,WormBase,,-,0,0,0,,NULL
3100,3103,CE_GEN_2675427,low,genetic,,,,WormBase,,-,0,0,0,,NULL
3109,3110,CE_GEN_2675820,low,genetic,,,,WormBase,,-,0,0,0,,NULL
3111,3112,CE_GEN_2675947,low,genetic,,,,WormBase,,-,0,0,0,,NULL
3112,3137,CE_GEN_2676818,low,genetic,,,,WormBase,,-,0,0,0,,NULL
3120,3121,CE_GEN_2676117,low,genetic,,,,WormBase,,-,0,0,0,,NULL
3120,3122,CE_GEN_2676118,low,genetic,,,,WormBase,,-,0,0,0,,NULL
3121,3122,CE_GEN_2676486,low,genetic,,,,WormBase,,-,0,0,0,,NULL
3126,3127,CE_GEN_2676533,low,genetic,,,,WormBase,,-,0,0,0,,NULL
3135,3136,CE_GEN_2676814,low,genetic,,,,WormBase,,-,0,0,0,,NULL
3143,3144,CE_GEN_2677013,low,genetic,,,,WormBase,,-,0,0,0,,NULL
3156,3157,CE_GEN_2682611,low,genetic,,,,WormBase,,-,0,0,0,,NULL
3156,3158,CE_GEN_2682612,low,genetic,,,,WormBase,,-,0,0,0,,NULL
3161,3162,CE_GEN_2682607,low,genetic,,,,WormBase,,-,0,0,0,,NULL
3164,3165,CE_GEN_2684714,low,genetic,,,,WormBase,,-,0,0,0,,NULL
3167,3172,CE_GEN_3540813,low,genetic,,,,WormBase,,-,0,0,0,,NULL
3173,3174,CE_GEN_3540815,low,genetic,,,,WormBase,,-,0,0,0,,NULL
3176,3177,HS_GEN121,low,genetic,MI:0441,,,BioGrid,24104479,PMID,1,0,1,,NULL
