# index, gene, tax_id, _pos
0,6239,171607,"array([4.99106275, 5.93578349])"
1,6239,175410,"array([5.17317733, 5.54128368])"
2,6239,175909,"array([4.79910432, 5.93380857])"
3,6239,178104,"array([4.71212348, 6.805402  ])"
4,6239,178846,"array([4.61067455, 6.80993823])"
5,6239,181055,"array([4.88328166, 6.38661963])"
6,6239,181291,"array([4.72433436, 6.02783434])"
7,6239,171619,"array([ 3.2960409 , 10.38988611])"
8,6239,172249,"array([3.8082056, 9.0426006])"
9,6239,171654,"array([4.78077313, 5.79981651])"
10,6239,174044,"array([4.94063421, 6.65169503])"
11,6239,180982,"array([4.62667107, 6.23853334])"
12,6239,171692,"array([ 3.0498744, 10.2591637])"
13,6239,171712,"array([ 4.14406509, 10.92515157])"
14,6239,171751,"array([6.62187335, 7.20989914])"
15,6239,173287,"array([4.33698966, 7.28584963])"
16,6239,178218,"array([5.16101446, 7.27158652])"
17,6239,171801,"array([4.40515622, 6.03898945])"
18,6239,174462,"array([4.58199316, 6.1684198 ])"
19,6239,176286,"array([4.27332282, 6.68362778])"
20,6239,171810,"array([ 2.3485953 , 10.89309118])"
21,6239,171832,"array([4.57475926, 6.47413432])"
22,6239,174473,"array([5.40976211, 6.53334238])"
23,6239,176808,"array([5.40073774, 8.28556566])"
24,6239,177870,"array([5.28590842, 7.21921689])"
25,6239,171840,"array([5.4704125, 5.5568486])"
26,6239,171849,"array([4.72131906, 7.16838533])"
27,6239,174058,"array([5.4533508 , 7.32314197])"
28,6239,179217,"array([4.63685521, 7.06807872])"
29,6239,181432,"array([4.20230467, 7.61224717])"
30,6239,171872,"array([5.10089645, 7.66868748])"
31,6239,171873,"array([3.96587156, 5.80472508])"
32,6239,171882,"array([4.15036951, 9.05883819])"
33,6239,171883,"array([5.46026171, 7.19664592])"
34,6239,171896,"array([4.91826751, 8.79303507])"
35,6239,171908,"array([ 4.46291269, 10.43878997])"
36,6239,171934,"array([4.93728399, 4.52229745])"
37,6239,171943,"array([ 2.97386313, 10.49734062])"
38,6239,171978,"array([3.56004788, 6.02505829])"
39,6239,171988,"array([5.99789905, 6.78559422])"
40,6239,177436,"array([5.50463052, 6.92366732])"
41,6239,171994,"array([4.94345183, 7.29561285])"
42,6239,172005,"array([2.55431703, 9.49653959])"
43,6239,172029,"array([ 4.38803506, 10.95216124])"
44,6239,172034,"array([ 5.345817  , 10.16683708])"
45,6239,172041,"array([5.53820856, 9.18767855])"
46,6239,172137,"array([5.97147669, 9.62191919])"
47,6239,172143,"array([6.29125612, 9.67055479])"
48,6239,172161,"array([6.25883621, 7.97288059])"
49,6239,172204,"array([5.09968791, 6.9269217 ])"
50,6239,172310,"array([ 6.61954658, 10.61740068])"
51,6239,172334,"array([ 6.40797945, 10.63398124])"
52,6239,172432,"array([ 5.82419259, 11.05067767])"
53,6239,172476,"array([ 6.50922994, 10.46055081])"
54,6239,172488,"array([6.55708094, 8.75721441])"
55,6239,172491,"array([6.11769665, 7.84121657])"
56,6239,172513,"array([5.13716864, 9.66428563])"
57,6239,172657,"array([5.03487135, 7.85653755])"
58,6239,172741,"array([4.09947408, 6.97799113])"
59,6239,172857,"array([ 4.96729797, 10.0228849 ])"
60,6239,172884,"array([5.85564899, 9.73639488])"
61,6239,172911,"array([ 6.26061347, 10.73002522])"
62,6239,173071,"array([6.03556675, 9.39203782])"
63,6239,173213,"array([ 6.55516194, 10.79787883])"
64,6239,173279,"array([6.1012642 , 9.67907956])"
65,6239,173396,"array([5.68183236, 9.02450092])"
66,6239,173512,"array([5.13715868, 8.52653891])"
67,6239,174106,"array([5.48861754, 7.81728354])"
68,6239,174155,"array([ 6.06793595, 11.06635106])"
69,6239,174165,"array([ 5.97429777, 10.90808663])"
70,6239,174295,"array([6.45513688, 8.2361498 ])"
71,6239,174527,"array([4.481411  , 9.68944389])"
72,6239,174956,"array([6.24813751, 9.83868188])"
73,6239,175359,"array([ 6.38552463, 10.87034097])"
74,6239,175666,"array([5.22173233, 7.50432212])"
75,6239,175912,"array([5.00485923, 9.65154371])"
76,6239,175922,"array([3.71480046, 7.93654045])"
77,6239,176007,"array([6.4864665 , 7.85060226])"
78,6239,176770,"array([6.02404986, 7.52325647])"
79,6239,178173,"array([ 6.2030943 , 10.92842965])"
80,6239,178217,"array([4.0061878 , 9.55220811])"
81,6239,178260,"array([ 5.77420971, 10.87157036])"
82,6239,179229,"array([5.95478659, 9.8368127 ])"
83,6239,179607,"array([5.695948  , 9.88601782])"
84,6239,179683,"array([6.17631214, 9.55462354])"
85,6239,179711,"array([5.67100846, 9.74238731])"
86,6239,180529,"array([5.05419375, 8.35867509])"
87,6239,180671,"array([5.14178308, 7.5865466 ])"
88,6239,184080,"array([ 6.14934433, 10.5985354 ])"
89,6239,186604,"array([6.38892271, 9.32185164])"
90,6239,188703,"array([5.69573126, 8.35626892])"
91,6239,188872,"array([ 6.07589806, 10.7614031 ])"
92,6239,191537,"array([ 6.31366236, 10.46547895])"
93,6239,266836,"array([5.6654118 , 9.50217837])"
94,6239,3564813,"array([5.01481537, 6.88965589])"
95,6239,172054,"array([4.66032628, 9.72225896])"
96,6239,172065,"array([5.14704196, 7.88405249])"
97,6239,172802,"array([4.69050813, 8.01187611])"
98,6239,175890,"array([5.28014748, 6.9944808 ])"
99,6239,177458,"array([4.66605083, 5.94117866])"
100,6239,180357,"array([4.94279929, 7.08527092])"
101,6239,181371,"array([4.87094914, 9.39654656])"
102,6239,172072,"array([ 3.78248486, 10.87770773])"
103,6239,172088,"array([5.3546542 , 7.17476997])"
104,6239,176065,"array([4.19729527, 5.71108568])"
105,6239,180441,"array([4.47785622, 7.26047651])"
106,6239,172123,"array([4.00036403, 8.37665702])"
107,6239,173338,"array([4.25000443, 7.17885314])"
108,6239,175275,"array([3.79954686, 7.59626769])"
109,6239,179224,"array([4.65934056, 7.60077847])"
110,6239,172140,"array([2.44531223, 8.73967721])"
111,6239,172145,"array([5.13742354, 9.5270813 ])"
112,6239,172149,"array([ 3.87715158, 10.98903287])"
113,6239,172155,"array([4.13266968, 8.76625175])"
114,6239,179070,"array([5.22556508, 7.71026972])"
115,6239,172167,"array([5.0162041 , 5.65236347])"
116,6239,176554,"array([6.64044206, 4.70385319])"
117,6239,172176,"array([ 3.486729  , 10.08683863])"
118,6239,172195,"array([5.08167009, 6.00067291])"
119,6239,172225,"array([3.34604514, 8.40194828])"
120,6239,172231,"array([ 3.31965248, 10.68285249])"
121,6239,172233,"array([5.96308903, 6.58601365])"
122,6239,172243,"array([5.67899745, 6.85794395])"
123,6239,172244,"array([3.87591262, 6.47049834])"
124,6239,172258,"array([2.64999034, 9.40327412])"
125,6239,172305,"array([4.79760505, 9.27404053])"
126,6239,172313,"array([2.12932184, 7.45909237])"
127,6239,172338,"array([3.5027772 , 7.75311365])"
128,6239,172342,"array([ 4.26887222, 10.2602953 ])"
129,6239,172368,"array([2.79960438, 6.12599123])"
130,6239,172393,"array([ 2.71297915, 11.15368652])"
131,6239,172394,"array([3.68116841, 6.80626879])"
132,6239,172396,"array([4.9367431 , 8.05592055])"
133,6239,172399,"array([3.97989667, 6.91685793])"
134,6239,172406,"array([3.10128639, 7.72826506])"
135,6239,172420,"array([5.38128296, 7.94841886])"
136,6239,172435,"array([4.52832758, 7.39123852])"
137,6239,172438,"array([6.4495188 , 7.58324831])"
138,6239,172458,"array([5.29789454, 9.01949398])"
139,6239,172459,"array([2.50317573, 9.74559032])"
140,6239,172466,"array([3.78072722, 9.94837879])"
141,6239,172467,"array([4.3673877, 8.1461034])"
142,6239,172521,"array([2.92564794, 8.73931435])"
143,6239,172529,"array([1.99458479, 9.98152835])"
144,6239,172533,"array([ 2.10745386, 10.91289632])"
145,6239,172539,"array([ 3.16647759, 10.32001039])"
146,6239,172552,"array([2.73800157, 9.93823853])"
147,6239,172581,"array([ 3.7986237 , 10.35204133])"
148,6239,172586,"array([3.95206567, 9.97869291])"
149,6239,172610,"array([4.78603894, 8.21557218])"
150,6239,172611,"array([4.73330451, 8.11940882])"
151,6239,172635,"array([ 4.51755068, 11.02332505])"
152,6239,172636,"array([4.61512926, 7.53411086])"
153,6239,172664,"array([ 4.39302835, 10.32314451])"
154,6239,172673,"array([ 3.41233986, 10.91221581])"
155,6239,172674,"array([4.19390653, 7.28437738])"
156,6239,172681,"array([ 4.08548894, 10.36343714])"
157,6239,172682,"array([4.48851834, 9.25365503])"
158,6239,172687,"array([5.52534921, 8.35946138])"
159,6239,172711,"array([ 3.69663097, 10.22714644])"
160,6239,172725,"array([2.556976  , 6.42000454])"
161,6239,172734,"array([5.78631948, 7.81517607])"
162,6239,172742,"array([ 5.09694681, 10.36810126])"
163,6239,172773,"array([4.39368858, 7.68555019])"
164,6239,172775,"array([4.34755609, 7.13235537])"
165,6239,172777,"array([ 3.85532854, 11.14291575])"
166,6239,172784,"array([5.97789042, 8.91075443])"
167,6239,172825,"array([ 2.9053821 , 10.78090446])"
168,6239,172860,"array([3.27629383, 9.54877497])"
169,6239,172917,"array([2.69904604, 8.53813543])"
170,6239,172921,"array([5.79095751, 9.26332712])"
171,6239,172924,"array([ 3.86853797, 11.53150514])"
172,6239,172939,"array([ 4.27913999, 10.13509033])"
173,6239,172944,"array([2.23246893, 9.8220003 ])"
174,6239,172979,"array([ 2.4853128 , 10.93730628])"
175,6239,173000,"array([ 2.80444299, 10.88793282])"
176,6239,173005,"array([3.90731175, 7.26560705])"
177,6239,173027,"array([ 2.88266812, 10.03226687])"
178,6239,173067,"array([ 4.52547496, 10.70575847])"
179,6239,173073,"array([4.99679847, 7.43620017])"
180,6239,173125,"array([ 3.02543248, 10.83783451])"
181,6239,173137,"array([4.7792598, 7.0300439])"
182,6239,173155,"array([2.3734769 , 9.36156237])"
183,6239,173156,"array([1.75085183, 9.41356125])"
184,6239,173221,"array([2.32900413, 8.68800994])"
185,6239,173229,"array([4.92784015, 7.1852026 ])"
186,6239,173233,"array([3.94387139, 8.97095682])"
187,6239,173235,"array([2.56378509, 8.65945927])"
188,6239,173244,"array([ 4.07498831, 10.08543894])"
189,6239,173257,"array([ 5.01181263, 10.21674194])"
190,6239,173273,"array([ 3.26297106, 10.97403659])"
191,6239,173296,"array([4.5228355, 8.9603708])"
192,6239,173310,"array([3.12058202, 8.93932155])"
193,6239,173319,"array([6.07310828, 7.95647276])"
194,6239,173320,"array([ 3.93499115, 11.76783266])"
195,6239,173335,"array([3.7810782 , 9.75777447])"
196,6239,173348,"array([2.57113224, 6.19531597])"
197,6239,173349,"array([1.65729356, 9.65482825])"
198,6239,173357,"array([ 3.68757958, 11.18363097])"
199,6239,173383,"array([ 4.72423513, 11.06226666])"
200,6239,173401,"array([ 3.7423727, 10.090861 ])"
201,6239,173431,"array([3.93386759, 9.25258505])"
202,6239,173449,"array([ 5.06797979, 10.59678928])"
203,6239,173457,"array([4.03348806, 9.05016278])"
204,6239,173484,"array([2.63188717, 6.30171141])"
205,6239,173569,"array([3.65368512, 7.29963523])"
206,6239,173597,"array([ 2.60978864, 10.33960567])"
207,6239,173653,"array([ 3.10562967, 11.13856494])"
208,6239,173749,"array([2.39198533, 8.27681773])"
209,6239,173762,"array([2.50442405, 9.89107985])"
210,6239,173763,"array([ 2.67566307, 10.95684503])"
211,6239,173764,"array([3.8203936 , 7.20362188])"
212,6239,173768,"array([ 2.70790113, 10.57420129])"
213,6239,173772,"array([ 4.20063261, 10.0235492 ])"
214,6239,173773,"array([2.26728627, 8.41600779])"
215,6239,173807,"array([ 3.92065864, 10.84639066])"
216,6239,173819,"array([ 2.67589241, 10.23235739])"
217,6239,173846,"array([6.02266862, 7.64206081])"
218,6239,173859,"array([2.56041104, 8.37315439])"
219,6239,173869,"array([5.38070417, 8.90912408])"
220,6239,173872,"array([ 3.84731765, 10.22943642])"
221,6239,173896,"array([3.16042431, 9.86035088])"
222,6239,173904,"array([6.07007768, 6.64402919])"
223,6239,173961,"array([ 1.96753565, 10.40707929])"
224,6239,173967,"array([2.96518503, 8.20693605])"
225,6239,173983,"array([2.6342383, 9.7132681])"
226,6239,173987,"array([ 3.99756977, 10.20360424])"
227,6239,174011,"array([ 3.5397811 , 10.25992871])"
228,6239,174017,"array([4.25884865, 8.19227712])"
229,6239,174031,"array([1.72861222, 9.18834852])"
230,6239,174051,"array([ 2.02445745, 10.2496836 ])"
231,6239,174070,"array([ 3.6046287 , 11.29351904])"
232,6239,174138,"array([ 2.09405528, 10.12097433])"
233,6239,174150,"array([3.35577019, 8.2442042 ])"
234,6239,174153,"array([ 4.09403081, 10.66126505])"
235,6239,174173,"array([ 3.80950597, 10.47895357])"
236,6239,174179,"array([ 3.50282048, 11.13981421])"
237,6239,174203,"array([5.13956199, 6.78474782])"
238,6239,174240,"array([3.53354794, 8.00318407])"
239,6239,174255,"array([ 4.14367115, 10.23051118])"
240,6239,174256,"array([ 3.95510702, 10.33474876])"
241,6239,174257,"array([4.72204478, 9.19544648])"
242,6239,174260,"array([4.49336339, 7.73896551])"
243,6239,174271,"array([1.84594872, 9.31016891])"
244,6239,174285,"array([5.38581201, 7.39706236])"
245,6239,174323,"array([5.32786756, 7.29700184])"
246,6239,174374,"array([ 2.79924928, 10.67695875])"
247,6239,174379,"array([ 2.93234195, 10.94389825])"
248,6239,174392,"array([4.5284382 , 6.86845959])"
249,6239,174428,"array([4.30610572, 9.25529214])"
250,6239,174452,"array([4.80063391, 8.73592946])"
251,6239,174477,"array([4.60321381, 9.99046894])"
252,6239,174482,"array([5.92720026, 8.58158677])"
253,6239,174505,"array([3.04524267, 9.73656202])"
254,6239,174542,"array([ 4.05555894, 10.52261205])"
255,6239,174543,"array([ 2.09893326, 10.48326642])"
256,6239,174553,"array([ 3.99171917, 11.14042952])"
257,6239,174588,"array([ 4.88766107, 10.29524431])"
258,6239,174597,"array([ 3.39034862, 11.06446627])"
259,6239,174600,"array([3.04383869, 8.06113931])"
260,6239,174612,"array([2.49812885, 6.2959199 ])"
261,6239,174626,"array([2.403067  , 9.99810912])"
262,6239,174649,"array([3.50830047, 9.8432516 ])"
263,6239,174661,"array([ 3.54908658, 10.54864895])"
264,6239,174673,"array([5.67738142, 9.1856531 ])"
265,6239,174695,"array([ 4.0080305 , 10.98380026])"
266,6239,174700,"array([ 3.68121926, 10.77223937])"
267,6239,174715,"array([4.49889494, 6.65183054])"
268,6239,174727,"array([4.82085103, 9.79384691])"
269,6239,174734,"array([ 4.5376163 , 10.10710431])"
270,6239,174763,"array([1.99345262, 9.32033268])"
271,6239,174807,"array([4.36153511, 8.92330485])"
272,6239,174808,"array([2.75787032, 9.79735056])"
273,6239,174824,"array([ 2.53258415, 10.22687386])"
274,6239,174834,"array([5.64498944, 8.44263823])"
275,6239,174838,"array([4.62857639, 8.8557424 ])"
276,6239,174862,"array([3.89885294, 7.36479679])"
277,6239,174869,"array([2.38323332, 9.86478787])"
278,6239,174892,"array([ 2.38930143, 10.48081379])"
279,6239,174898,"array([ 2.81539966, 11.03807955])"
280,6239,174901,"array([2.77580345, 8.05794227])"
281,6239,174974,"array([ 2.86684394, 11.22533241])"
282,6239,175001,"array([ 3.3023133 , 10.52999796])"
283,6239,175006,"array([4.66637721, 8.98861475])"
284,6239,175040,"array([4.02849969, 8.53970573])"
285,6239,175056,"array([4.33277626, 8.27713871])"
286,6239,175066,"array([4.14265594, 8.39965467])"
287,6239,175078,"array([2.80357217, 6.23907001])"
288,6239,175126,"array([5.82396807, 7.07321551])"
289,6239,175174,"array([5.67527749, 9.32077353])"
290,6239,175205,"array([4.76847212, 8.90869903])"
291,6239,175220,"array([4.06456349, 9.90229596])"
292,6239,175247,"array([ 4.66380047, 10.77717151])"
293,6239,175254,"array([2.87728071, 9.90455282])"
294,6239,175273,"array([ 3.65899895, 10.63959411])"
295,6239,175281,"array([2.86511826, 9.06939782])"
296,6239,175360,"array([ 3.41982102, 10.46489242])"
297,6239,175378,"array([4.43184824, 9.03532418])"
298,6239,175403,"array([4.1470199 , 8.92762083])"
299,6239,175413,"array([2.51320545, 9.33458537])"
300,6239,175442,"array([3.11883199, 7.47795177])"
301,6239,175460,"array([3.70091944, 6.97553987])"
302,6239,175461,"array([1.70839635, 9.81089029])"
303,6239,175502,"array([6.58277796, 7.46390017])"
304,6239,175517,"array([5.3710188 , 6.71311279])"
305,6239,175528,"array([3.0163122 , 9.86745202])"
306,6239,175536,"array([4.60600099, 7.16525735])"
307,6239,175542,"array([2.77078612, 6.34091807])"
308,6239,175545,"array([5.21361426, 7.0754314 ])"
309,6239,175556,"array([4.4407719 , 7.14000496])"
310,6239,175564,"array([4.96665619, 9.86571275])"
311,6239,175602,"array([3.46065773, 9.97075269])"
312,6239,175660,"array([4.22776434, 6.96604215])"
313,6239,175662,"array([3.79979515, 7.81881246])"
314,6239,175680,"array([4.52789977, 8.68385517])"
315,6239,175696,"array([4.2672317 , 9.53974288])"
316,6239,175700,"array([ 1.7938739 , 10.11752954])"
317,6239,175710,"array([4.28917334, 6.83064009])"
318,6239,175725,"array([5.28493642, 6.51699224])"
319,6239,175739,"array([6.8341245 , 6.67590624])"
320,6239,175754,"array([4.20269552, 6.78749259])"
321,6239,175764,"array([3.18361699, 7.38369621])"
322,6239,175786,"array([3.88424725, 6.91246104])"
323,6239,175789,"array([4.89074037, 7.42414801])"
324,6239,175844,"array([3.14429887, 9.2168002 ])"
325,6239,175865,"array([2.60447723, 9.22080249])"
326,6239,175913,"array([4.35659816, 7.51103969])"
327,6239,175944,"array([4.26176504, 7.53370309])"
328,6239,175964,"array([1.77442898, 9.55568073])"
329,6239,175972,"array([3.75749503, 7.2606693 ])"
330,6239,175983,"array([3.97867031, 8.23907182])"
331,6239,176003,"array([3.8790695, 7.6362803])"
332,6239,176010,"array([4.27282913, 7.06717873])"
333,6239,176031,"array([3.77232198, 6.55714848])"
334,6239,176050,"array([4.34196988, 7.39715315])"
335,6239,176069,"array([2.59515428, 8.80321372])"
336,6239,176089,"array([ 4.75323371, 10.90732176])"
337,6239,176109,"array([2.41961997, 9.49305445])"
338,6239,176118,"array([3.23364083, 9.70679401])"
339,6239,176180,"array([ 2.92000137, 10.37182024])"
340,6239,176197,"array([3.1055921 , 9.50683079])"
341,6239,176207,"array([1.86944415, 9.93445483])"
342,6239,176253,"array([ 3.67010776, 10.49210779])"
343,6239,176298,"array([2.76867498, 9.49275769])"
344,6239,176301,"array([4.32224611, 9.09035129])"
345,6239,176315,"array([2.89981799, 6.29296167])"
346,6239,176316,"array([ 3.41590174, 10.32575552])"
347,6239,176330,"array([ 4.11634051, 11.07021902])"
348,6239,176358,"array([ 3.60216017, 10.139363  ])"
349,6239,176359,"array([3.01728406, 9.38829685])"
350,6239,176381,"array([ 4.76096489, 10.03284414])"
351,6239,176386,"array([2.85447683, 9.34447566])"
352,6239,176402,"array([5.11088169, 7.77007412])"
353,6239,176426,"array([3.90978668, 7.74057322])"
354,6239,176439,"array([2.86235788, 6.67763853])"
355,6239,176466,"array([4.57939873, 7.92281466])"
356,6239,176482,"array([ 2.80868187, 10.45157246])"
357,6239,176486,"array([2.14361845, 9.03579853])"
358,6239,176506,"array([4.84484233, 8.27565962])"
359,6239,176527,"array([ 2.67171007, 10.44784312])"
360,6239,176538,"array([ 4.05887384, 10.8285163 ])"
361,6239,176543,"array([5.2237377 , 8.87671106])"
362,6239,176563,"array([ 3.02859864, 11.28043886])"
363,6239,176574,"array([5.89231117, 7.71044241])"
364,6239,176601,"array([1.91738502, 9.18317199])"
365,6239,176605,"array([2.69404478, 6.19172787])"
366,6239,176613,"array([ 2.56474458, 11.07344921])"
367,6239,176614,"array([4.52335454, 7.82290119])"
368,6239,176617,"array([ 3.07792325, 10.71798152])"
369,6239,176625,"array([ 5.0113359 , 10.76278196])"
370,6239,176657,"array([4.4225173 , 9.34480738])"
371,6239,176660,"array([ 2.85962328, 10.5656836 ])"
372,6239,176684,"array([4.87613746, 9.15360565])"
373,6239,176697,"array([ 3.34827047, 11.42299737])"
374,6239,176733,"array([ 2.46613239, 10.36483418])"
375,6239,176750,"array([1.91919557, 9.45884176])"
376,6239,176769,"array([ 2.13302582, 10.32948978])"
377,6239,176815,"array([4.46745219, 7.95325266])"
378,6239,176828,"array([4.16022528, 9.25823101])"
379,6239,176840,"array([ 3.82688865, 10.73485649])"
380,6239,176846,"array([3.31538398, 7.58422222])"
381,6239,176860,"array([2.65465226, 9.5882326 ])"
382,6239,176922,"array([4.81552395, 7.62661384])"
383,6239,176927,"array([4.40971199, 6.70371423])"
384,6239,176992,"array([4.71718647, 7.26949486])"
385,6239,177003,"array([4.02849379, 8.86251097])"
386,6239,177070,"array([ 2.62479547, 10.67577705])"
387,6239,177111,"array([4.87450668, 7.07186212])"
388,6239,177170,"array([ 4.30605899, 10.42231578])"
389,6239,177212,"array([4.08887584, 8.17946889])"
390,6239,177231,"array([ 4.37332174, 10.68150111])"
391,6239,177237,"array([ 3.61910782, 11.06225041])"
392,6239,177342,"array([5.49894618, 7.58830437])"
393,6239,177343,"array([5.7988696 , 6.18790517])"
394,6239,177355,"array([3.7034683 , 8.73613115])"
395,6239,177389,"array([ 1.87692601, 10.2724455 ])"
396,6239,177433,"array([ 2.95255922, 10.13596624])"
397,6239,177521,"array([2.09133738, 9.43429539])"
398,6239,177541,"array([ 2.22409095, 10.21874191])"
399,6239,177561,"array([ 4.56159181, 10.30774583])"
400,6239,177562,"array([ 3.5446407 , 11.55059186])"
401,6239,177595,"array([4.20344598, 7.46228228])"
402,6239,177611,"array([3.18560757, 9.99352356])"
403,6239,177628,"array([2.73327248, 9.28372008])"
404,6239,177633,"array([1.98263063, 9.02410562])"
405,6239,177647,"array([1.93930096, 9.81749638])"
406,6239,177673,"array([ 2.51753583, 10.60389938])"
407,6239,177816,"array([4.22064999, 9.15353327])"
408,6239,177915,"array([ 3.32987206, 11.21012139])"
409,6239,177929,"array([5.27987484, 7.90988126])"
410,6239,177979,"array([3.87553483, 8.81587623])"
411,6239,177988,"array([4.10175902, 7.48346568])"
412,6239,178001,"array([4.82021244, 7.2112114 ])"
413,6239,178006,"array([4.44402192, 8.81717719])"
414,6239,178025,"array([ 3.18893132, 11.2894554 ])"
415,6239,178049,"array([ 2.80253524, 10.17897473])"
416,6239,178052,"array([ 4.82790782, 10.41431416])"
417,6239,178067,"array([ 3.54228965, 10.6965247 ])"
418,6239,178074,"array([4.05137571, 7.87332481])"
419,6239,178130,"array([ 2.01467764, 10.60832295])"
420,6239,178146,"array([4.23356164, 9.66271292])"
421,6239,178152,"array([ 4.40137035, 10.04958416])"
422,6239,178158,"array([ 4.44655261, 11.24041893])"
423,6239,178324,"array([2.26861251, 9.95072219])"
424,6239,178354,"array([2.22327353, 8.55825771])"
425,6239,178396,"array([1.61254098, 9.48001198])"
426,6239,178414,"array([4.76457891, 8.59629991])"
427,6239,178421,"array([2.72369306, 8.94610054])"
428,6239,178443,"array([ 4.23026802, 11.16226759])"
429,6239,178447,"array([4.27137525, 9.40128778])"
430,6239,178497,"array([ 4.49189649, 10.56886843])"
431,6239,178669,"array([2.22562816, 9.18333215])"
432,6239,178788,"array([4.53063578, 7.19741034])"
433,6239,178830,"array([4.39873849, 9.17159894])"
434,6239,178831,"array([ 2.71308361, 10.783344  ])"
435,6239,178834,"array([4.2051355 , 9.85882753])"
436,6239,178840,"array([1.82855802, 9.72772567])"
437,6239,178859,"array([2.31201068, 9.08509821])"
438,6239,178938,"array([1.74873252, 8.21802281])"
439,6239,178944,"array([5.61179048, 7.81763966])"
440,6239,178958,"array([ 3.78390446, 10.61170815])"
441,6239,179030,"array([ 3.95464158, 11.30273361])"
442,6239,179045,"array([3.71475485, 7.53006731])"
443,6239,179052,"array([4.59905185, 8.07122324])"
444,6239,179063,"array([4.25514016, 8.97851208])"
445,6239,179133,"array([3.39761815, 9.7239141 ])"
446,6239,179153,"array([ 4.81297638, 10.17160433])"
447,6239,179184,"array([ 4.63672137, 10.61036555])"
448,6239,179213,"array([4.05697603, 7.06179865])"
449,6239,179233,"array([4.34743665, 9.91803974])"
450,6239,179243,"array([5.96902469, 7.2871539 ])"
451,6239,179246,"array([4.91823217, 8.17168131])"
452,6239,179309,"array([2.31758154, 9.63077048])"
453,6239,179340,"array([2.46981079, 9.62152131])"
454,6239,179341,"array([3.15618106, 8.13888231])"
455,6239,179343,"array([ 3.20555602, 10.75858745])"
456,6239,179345,"array([5.90729451, 9.2030049 ])"
457,6239,179358,"array([5.67858417, 8.60005495])"
458,6239,179417,"array([ 2.95518908, 11.0936804 ])"
459,6239,179443,"array([4.93889711, 8.92353468])"
460,6239,179445,"array([2.67718921, 6.40377253])"
461,6239,179454,"array([ 4.7457815, 10.5215807])"
462,6239,179458,"array([2.98750455, 9.19378227])"
463,6239,179477,"array([ 3.54918547, 10.82777649])"
464,6239,179486,"array([5.68108554, 8.00905943])"
465,6239,179510,"array([ 4.27988572, 11.29579999])"
466,6239,179537,"array([ 4.70691725, 10.32376327])"
467,6239,179541,"array([ 3.1882117 , 10.17757282])"
468,6239,179551,"array([3.85971487, 7.04301598])"
469,6239,179586,"array([4.79723632, 9.05665154])"
470,6239,179597,"array([3.29308761, 9.82999063])"
471,6239,179603,"array([3.79349824, 7.7092389 ])"
472,6239,179611,"array([2.36190019, 9.234204  ])"
473,6239,179686,"array([ 3.42095994, 10.60577256])"
474,6239,179802,"array([3.50395133, 9.24375928])"
475,6239,179817,"array([ 2.21727093, 10.0763022 ])"
476,6239,179824,"array([4.24236092, 7.71536925])"
477,6239,179839,"array([ 3.8879126 , 10.10486707])"
478,6239,179877,"array([ 3.39893262, 10.17789578])"
479,6239,179879,"array([ 2.23214635, 10.43701436])"
480,6239,179893,"array([4.78581267, 7.41013793])"
481,6239,179995,"array([4.90383901, 7.63557017])"
482,6239,180044,"array([ 4.34374278, 10.55975538])"
483,6239,180072,"array([ 4.86082772, 10.7880529 ])"
484,6239,180073,"array([5.51434494, 9.55483544])"
485,6239,180077,"array([1.72932485, 9.95980069])"
486,6239,180168,"array([5.52669483, 7.41931629])"
487,6239,180207,"array([3.10850267, 9.63265283])"
488,6239,180233,"array([ 4.17757975, 10.43162639])"
489,6239,180236,"array([4.32170918, 7.61523639])"
490,6239,180240,"array([ 3.29156128, 10.08037018])"
491,6239,180304,"array([2.25664091, 8.17903645])"
492,6239,180324,"array([4.26218828, 8.3668802 ])"
493,6239,180368,"array([2.17074547, 9.57830294])"
494,6239,180410,"array([2.32877656, 8.91014245])"
495,6239,180522,"array([3.50949035, 8.4461369 ])"
496,6239,180688,"array([1.91274101, 9.61121333])"
497,6239,180747,"array([ 2.24176486, 10.57415181])"
498,6239,180748,"array([2.26400077, 6.2440371 ])"
499,6239,180750,"array([5.92158334, 6.96446531])"
500,6239,180809,"array([ 3.44889244, 11.28742347])"
501,6239,180843,"array([ 2.77015228, 10.32331491])"
502,6239,180868,"array([ 2.96097091, 10.66170921])"
503,6239,180985,"array([6.99886225, 8.33712969])"
504,6239,181002,"array([4.34342757, 8.5145862 ])"
505,6239,181036,"array([6.41874655, 8.77980914])"
506,6239,181175,"array([ 2.46275389, 10.75437983])"
507,6239,181231,"array([3.98018245, 7.78323264])"
508,6239,181264,"array([5.88296674, 5.67975415])"
509,6239,181292,"array([3.55650446, 7.49303247])"
510,6239,181340,"array([2.89162395, 9.77053035])"
511,6239,181348,"array([5.53601717, 7.12214361])"
512,6239,181382,"array([2.08643209, 9.83866022])"
513,6239,181488,"array([3.03436439, 9.99053716])"
514,6239,181607,"array([ 2.31847354, 10.33851484])"
515,6239,181772,"array([5.67936879, 7.39809035])"
516,6239,181902,"array([3.89964414, 9.84442331])"
517,6239,182004,"array([2.14688266, 9.29632104])"
518,6239,182329,"array([2.94335728, 6.18690958])"
519,6239,182356,"array([ 3.15968799, 10.89141192])"
520,6239,182368,"array([3.65581195, 9.8368637 ])"
521,6239,182456,"array([ 2.61909095, 10.1113035 ])"
522,6239,182494,"array([2.78096677, 9.64681871])"
523,6239,182648,"array([ 4.60646769, 10.91249642])"
524,6239,182671,"array([2.63429051, 9.84857694])"
525,6239,182706,"array([ 3.66038861, 10.91440028])"
526,6239,183056,"array([ 2.15744921, 10.69868326])"
527,6239,183125,"array([ 2.25421639, 11.20832195])"
528,6239,183219,"array([ 4.97594219, 10.45511354])"
529,6239,183473,"array([ 2.38461002, 10.62249092])"
530,6239,183628,"array([2.47877278, 9.144478  ])"
531,6239,183640,"array([ 3.79277452, 11.29001839])"
532,6239,183789,"array([ 3.23466527, 11.103841  ])"
533,6239,183948,"array([5.90935313, 9.33611432])"
534,6239,183993,"array([ 4.21752752, 10.6933862 ])"
535,6239,184005,"array([3.41974688, 7.56156102])"
536,6239,184202,"array([ 3.43274857, 10.76542563])"
537,6239,184248,"array([ 3.91923803, 10.60655384])"
538,6239,184267,"array([ 3.08771645, 10.11676724])"
539,6239,184451,"array([3.42886359, 9.568714  ])"
540,6239,184480,"array([ 3.51718799, 10.97847749])"
541,6239,184827,"array([ 4.37556388, 11.10771432])"
542,6239,184886,"array([ 2.53738748, 10.48168715])"
543,6239,184935,"array([ 4.19676479, 10.56584363])"
544,6239,185404,"array([ 2.59132377, 10.82762877])"
545,6239,185423,"array([6.09045343, 9.24833049])"
546,6239,185569,"array([2.91300016, 9.50152343])"
547,6239,185809,"array([2.59145444, 9.99103614])"
548,6239,185853,"array([ 4.48939443, 10.82929306])"
549,6239,186085,"array([2.37837694, 8.5174928 ])"
550,6239,186223,"array([5.46192947, 8.47904939])"
551,6239,186250,"array([1.82623506, 9.05913248])"
552,6239,186326,"array([ 2.33490351, 10.12686339])"
553,6239,186584,"array([ 2.48518757, 10.09847044])"
554,6239,186670,"array([5.79098747, 9.11568605])"
555,6239,186671,"array([2.03361587, 9.70359908])"
556,6239,186673,"array([ 2.90609277, 10.24531913])"
557,6239,186798,"array([ 3.07512006, 10.57318151])"
558,6239,186855,"array([4.59177164, 9.21740363])"
559,6239,186960,"array([2.13308342, 9.96597974])"
560,6239,187124,"array([ 2.30612343, 10.74820353])"
561,6239,187311,"array([ 2.3946287 , 10.24199688])"
562,6239,187337,"array([2.06292441, 9.16907013])"
563,6239,187451,"array([ 3.0561947 , 10.40446111])"
564,6239,187639,"array([5.0007311 , 7.64609578])"
565,6239,187696,"array([ 4.77806481, 10.67590707])"
566,6239,188274,"array([4.87103158, 9.61702405])"
567,6239,188311,"array([ 3.98037169, 10.72404962])"
568,6239,188435,"array([ 3.65992667, 10.35537556])"
569,6239,188455,"array([4.5305   , 9.1024821])"
570,6239,188488,"array([3.55473585, 9.69507588])"
571,6239,188736,"array([5.18443895, 8.75706095])"
572,6239,188792,"array([ 3.93340972, 10.46257829])"
573,6239,189077,"array([2.17296147, 9.70891544])"
574,6239,189527,"array([ 4.90273949, 10.59991825])"
575,6239,189727,"array([ 3.29712259, 10.25349454])"
576,6239,189780,"array([ 3.7567526, 11.0378605])"
577,6239,189844,"array([2.93281245, 9.62857933])"
578,6239,189978,"array([ 4.25596664, 10.99843449])"
579,6239,190105,"array([ 4.58865551, 11.14864408])"
580,6239,190424,"array([ 4.35607961, 10.81936405])"
581,6239,190617,"array([4.75287838, 9.49608137])"
582,6239,190737,"array([ 4.44613525, 10.20056561])"
583,6239,191128,"array([4.63360492, 7.81457247])"
584,6239,191156,"array([ 3.07906067, 10.99559698])"
585,6239,191277,"array([ 4.91351179, 10.95230135])"
586,6239,191278,"array([ 2.75001012, 10.06209828])"
587,6239,191667,"array([2.23595771, 9.38133878])"
588,6239,191669,"array([ 1.93755512, 10.11372615])"
589,6239,191678,"array([ 3.3035964, 10.8354655])"
590,6239,191716,"array([ 3.54946408, 10.41013495])"
591,6239,191771,"array([1.19448277, 8.24113811])"
592,6239,191850,"array([ 4.61502298, 10.45732215])"
593,6239,192054,"array([4.46322628, 8.06061846])"
594,6239,266650,"array([4.66835165, 9.32326696])"
595,6239,266830,"array([3.79719564, 9.49902752])"
596,6239,3564807,"array([ 4.10261211, 11.26414174])"
597,6239,3564910,"array([ 3.20199147, 10.62111199])"
598,6239,3565010,"array([1.79135536, 7.20448668])"
599,6239,3565124,"array([ 3.17296865, 10.47046451])"
600,6239,3565442,"array([2.03711284, 9.5649552 ])"
601,6239,3896724,"array([2.36511925, 9.74604723])"
602,6239,13184661,"array([3.62280092, 9.98138754])"
603,6239,172327,"array([4.34621974, 5.93863765])"
604,6239,172353,"array([3.46986993, 6.36058495])"
605,6239,172374,"array([4.88127816, 6.9760469 ])"
606,6239,179959,"array([5.10559245, 7.01759399])"
607,6239,172414,"array([5.70723957, 5.54887242])"
608,6239,172461,"array([3.60135156, 7.58551565])"
609,6239,173794,"array([4.49402677, 6.94422763])"
610,6239,177249,"array([4.53497586, 7.09977087])"
611,6239,172504,"array([4.15628119, 6.41294443])"
612,6239,173345,"array([4.86598713, 6.87265195])"
613,6239,181557,"array([4.85592054, 6.74473543])"
614,6239,172505,"array([7.62585986, 7.03614038])"
615,6239,172856,"array([5.39311182, 7.06073889])"
616,6239,172518,"array([5.08781598, 4.48709106])"
617,6239,172520,"array([4.54904302, 5.86474442])"
618,6239,172524,"array([3.70234935, 7.16597046])"
619,6239,176282,"array([4.51806441, 7.53965658])"
620,6239,172532,"array([4.36837804, 6.9397612 ])"
621,6239,172542,"array([-13.96957175,   9.49493921])"
622,6239,176022,"array([-13.87577275,   9.16299427])"
623,6239,172582,"array([5.25403263, 6.08097351])"
624,6239,172591,"array([5.07191821, 6.58180838])"
625,6239,172842,"array([5.76437333, 5.85301936])"
626,6239,172640,"array([2.82103685, 7.17584802])"
627,6239,172677,"array([3.3734579 , 7.70392811])"
628,6239,172683,"array([6.24735086, 4.42214098])"
629,6239,172689,"array([3.81251099, 6.2468359 ])"
630,6239,172712,"array([4.4446896 , 7.46428103])"
631,6239,172737,"array([4.64890948, 8.40692406])"
632,6239,175519,"array([4.11136951, 6.79394944])"
633,6239,172747,"array([3.74785859, 7.08471387])"
634,6239,172755,"array([7.05588135, 9.12508871])"
635,6239,173347,"array([6.27858381, 8.57305446])"
636,6239,177073,"array([6.41135252, 9.08883063])"
637,6239,172789,"array([4.01387473, 9.69718006])"
638,6239,172817,"array([5.78900684, 8.67048108])"
639,6239,172826,"array([5.19384679, 6.95194687])"
640,6239,172832,"array([5.81119378, 6.08867246])"
641,6239,172839,"array([6.50606152, 6.39913089])"
642,6239,180133,"array([4.04951541, 7.40988823])"
643,6239,181556,"array([5.79617203, 4.39292172])"
644,6239,173811,"array([4.27744442, 6.33895469])"
645,6239,176237,"array([4.82753849, 7.31017855])"
646,6239,177540,"array([5.63404945, 8.22015168])"
647,6239,178537,"array([7.40523522, 6.62227059])"
648,6239,178887,"array([4.70676216, 7.71027079])"
649,6239,182029,"array([6.9407198 , 7.76825749])"
650,6239,191690,"array([3.91173179, 7.54235363])"
651,6239,266854,"array([4.44478694, 6.54275285])"
652,6239,172859,"array([4.70977905, 7.44493742])"
653,6239,175802,"array([4.08352643, 7.26266713])"
654,6239,172863,"array([6.27727002, 7.38108725])"
655,6239,172882,"array([3.4554039 , 6.49057378])"
656,6239,181263,"array([5.48259662, 6.381545  ])"
657,6239,172890,"array([5.014532  , 6.75790123])"
658,6239,177229,"array([4.30045532, 6.2019778 ])"
659,6239,172891,"array([4.28785586, 7.93352651])"
660,6239,172905,"array([3.4498044 , 7.41917844])"
661,6239,172952,"array([3.77941499, 4.82062562])"
662,6239,172981,"array([6.35443994, 5.7499681 ])"
663,6239,173078,"array([5.97922321, 6.32183032])"
664,6239,173079,"array([4.46475577, 8.28235478])"
665,6239,173143,"array([3.73549455, 5.58001688])"
666,6239,173149,"array([4.77091557, 6.29151779])"
667,6239,173180,"array([3.00412222, 5.71703871])"
668,6239,174023,"array([2.53362396, 7.92798214])"
669,6239,174244,"array([4.24330238, 8.63216137])"
670,6239,174782,"array([5.21299158, 6.84315391])"
671,6239,176091,"array([4.64579507, 6.73721487])"
672,6239,177756,"array([3.07678109, 7.11518067])"
673,6239,178191,"array([4.51756526, 6.76814919])"
674,6239,179096,"array([4.42891466, 7.37621234])"
675,6239,179671,"array([3.8484963 , 7.91551972])"
676,6239,180532,"array([5.27920753, 8.32110583])"
677,6239,180876,"array([3.65722682, 6.57843231])"
678,6239,181620,"array([3.33896758, 7.1319976 ])"
679,6239,259501,"array([4.81871444, 5.60086155])"
680,6239,266825,"array([2.88658359, 7.30321586])"
681,6239,176347,"array([2.78835561, 6.53749322])"
682,6239,177657,"array([4.0619958 , 8.30291714])"
683,6239,179393,"array([3.08881452, 8.24253213])"
684,6239,187434,"array([3.93466412, 7.45324149])"
685,6239,174788,"array([4.60166938, 7.43977685])"
686,6239,180398,"array([6.1066422 , 6.71932113])"
687,6239,181194,"array([4.62472853, 6.90959354])"
688,6239,184508,"array([4.79332856, 6.20360807])"
689,6239,177617,"array([5.38347204, 7.83234096])"
690,6239,173362,"array([4.64637273, 5.70058338])"
691,6239,173399,"array([5.28477716, 6.76364641])"
692,6239,180679,"array([4.82083905, 6.48512919])"
693,6239,173599,"array([5.97418485, 7.1672378 ])"
694,6239,173788,"array([5.37169047, 6.83032178])"
695,6239,174121,"array([5.28623281, 6.9111448 ])"
696,6239,174233,"array([5.08037881, 7.23423956])"
697,6239,174319,"array([3.2772075 , 6.86282071])"
698,6239,174830,"array([4.72273679, 7.08372883])"
699,6239,175393,"array([3.50723776, 7.62229496])"
700,6239,175462,"array([4.0937046 , 5.80591499])"
701,6239,175559,"array([4.53529145, 6.35964375])"
702,6239,175634,"array([3.70394429, 5.78421526])"
703,6239,177551,"array([3.53567739, 7.87463962])"
704,6239,177618,"array([2.92108118, 6.54513415])"
705,6239,178120,"array([5.33770313, 6.31633302])"
706,6239,181341,"array([4.09519469, 7.60455872])"
707,6239,181362,"array([4.1657346 , 7.06106693])"
708,6239,181456,"array([5.34041813, 5.87460228])"
709,6239,183457,"array([5.20351087, 6.59564857])"
710,6239,184091,"array([2.5816943 , 6.94254187])"
711,6239,191677,"array([2.77204106, 5.92778354])"
712,6239,177908,"array([6.6169764 , 6.21965939])"
713,6239,187612,"array([6.98667331, 5.82084183])"
714,6239,173854,"array([5.68157134, 6.74745757])"
715,6239,173863,"array([4.41339888, 5.82577177])"
716,6239,173920,"array([4.64612648, 6.3357727 ])"
717,6239,173985,"array([6.14048535, 6.9711593 ])"
718,6239,181644,"array([5.1839994 , 6.17480252])"
719,6239,181082,"array([5.12571396, 7.12298504])"
720,6239,174027,"array([4.57529502, 4.22962308])"
721,6239,174090,"array([4.8413937 , 6.05154088])"
722,6239,174091,"array([4.47107936, 5.93758423])"
723,6239,174137,"array([5.34848234, 7.59018228])"
724,6239,174350,"array([4.4520298 , 6.86620886])"
725,6239,174484,"array([5.5368138 , 6.59321356])"
726,6239,174504,"array([4.77297881, 6.87359885])"
727,6239,174771,"array([4.58264953, 6.0208711 ])"
728,6239,174874,"array([4.61713315, 6.66087008])"
729,6239,175089,"array([4.74840743, 6.74155886])"
730,6239,175464,"array([4.47612202, 6.23705056])"
731,6239,175504,"array([5.56290637, 6.67373165])"
732,6239,175621,"array([4.9321735 , 6.81740949])"
733,6239,175638,"array([4.66724337, 6.43725552])"
734,6239,175783,"array([4.90601737, 7.75304155])"
735,6239,176066,"array([4.99199588, 5.53690896])"
736,6239,176430,"array([4.92645418, 5.99888029])"
737,6239,176869,"array([6.47884488, 6.12804864])"
738,6239,176882,"array([5.57451185, 5.91816761])"
739,6239,177329,"array([5.53287382, 6.32289265])"
740,6239,177373,"array([4.33432855, 6.59378287])"
741,6239,177546,"array([6.02662793, 6.97294734])"
742,6239,177815,"array([3.99475908, 5.48769733])"
743,6239,177914,"array([2.23307894, 6.62505478])"
744,6239,177956,"array([4.88924286, 6.17885358])"
745,6239,178113,"array([5.11605978, 6.66974511])"
746,6239,178296,"array([4.829103  , 7.13191885])"
747,6239,178845,"array([4.13114055, 6.57349212])"
748,6239,179183,"array([3.32686062, 5.79221653])"
749,6239,179338,"array([4.66323844, 8.17239129])"
750,6239,179631,"array([6.32524227, 6.21324154])"
751,6239,179794,"array([6.57430048, 6.9459913 ])"
752,6239,179878,"array([4.33641326, 7.78103623])"
753,6239,180724,"array([5.31727124, 6.00254938])"
754,6239,180757,"array([5.01391196, 5.39882953])"
755,6239,180980,"array([5.03171489, 6.1312018 ])"
756,6239,181172,"array([4.54731272, 5.75452085])"
757,6239,181274,"array([5.3067867, 6.2180283])"
758,6239,185022,"array([5.13183276, 6.3108941 ])"
759,6239,189590,"array([5.51209295, 6.46624267])"
760,6239,191611,"array([5.04935438, 8.11095382])"
761,6239,191777,"array([3.64048245, 5.50783706])"
762,6239,3565921,"array([3.86692695, 6.08392496])"
763,6239,174050,"array([3.83049721, 6.75405756])"
764,6239,174410,"array([2.05402562, 5.82722774])"
765,6239,175840,"array([7.13650205, 6.71564302])"
766,6239,176204,"array([7.75348285, 7.47968426])"
767,6239,174107,"array([4.81872182, 7.70576376])"
768,6239,181344,"array([5.0963342 , 6.84389298])"
769,6239,174133,"array([4.79836734, 5.36210614])"
770,6239,174134,"array([7.0131665 , 4.62229305])"
771,6239,180359,"array([7.49746246, 5.16507373])"
772,6239,174141,"array([6.82195908, 6.0465151 ])"
773,6239,179732,"array([4.58767059, 7.27500794])"
774,6239,174278,"array([2.83233789, 5.79091939])"
775,6239,174317,"array([3.94590241, 7.91060691])"
776,6239,174322,"array([6.94952466, 5.31268836])"
777,6239,175117,"array([4.33191637, 6.4827356 ])"
778,6239,175444,"array([2.80704782, 4.92608689])"
779,6239,175470,"array([3.79644646, 5.15554183])"
780,6239,175501,"array([4.56078021, 5.18458986])"
781,6239,175533,"array([5.27414162, 5.039808  ])"
782,6239,175549,"array([4.75043953, 6.66384129])"
783,6239,175561,"array([3.22966281, 4.54029745])"
784,6239,175562,"array([6.26523929, 4.90426113])"
785,6239,175585,"array([4.3937853 , 5.59877676])"
786,6239,175609,"array([3.12584886, 4.64385852])"
787,6239,175610,"array([6.32316408, 7.63076263])"
788,6239,175668,"array([4.45049726, 5.16378432])"
789,6239,175709,"array([3.08396568, 5.09136338])"
790,6239,175713,"array([4.22594264, 4.66903239])"
791,6239,175714,"array([3.59693305, 4.3009695 ])"
792,6239,175728,"array([3.38607643, 4.57595921])"
793,6239,175730,"array([3.04048617, 6.81224876])"
794,6239,175751,"array([5.23502778, 4.80724791])"
795,6239,175757,"array([3.22706431, 4.78991111])"
796,6239,175986,"array([4.57659121, 8.2647812 ])"
797,6239,176006,"array([3.33713116, 5.97474673])"
798,6239,176013,"array([4.88498179, 4.17506598])"
799,6239,176024,"array([3.06868125, 4.95512333])"
800,6239,176029,"array([6.28245362, 4.0729957 ])"
801,6239,176039,"array([4.79611127, 4.59243128])"
802,6239,176054,"array([5.25417204, 5.484011  ])"
803,6239,176058,"array([3.46477224, 4.69275328])"
804,6239,176060,"array([4.65529933, 5.84083098])"
805,6239,176322,"array([5.0263031 , 7.05701278])"
806,6239,176608,"array([3.04688851, 5.56920375])"
807,6239,176667,"array([4.49542561, 6.09617562])"
808,6239,177140,"array([5.15736184, 6.50500731])"
809,6239,178864,"array([3.43216941, 5.88467284])"
810,6239,179054,"array([6.11010905, 5.18551706])"
811,6239,179382,"array([5.83276434, 8.10288903])"
812,6239,179678,"array([2.72108142, 5.20584479])"
813,6239,179788,"array([3.47994227, 4.48085454])"
814,6239,180401,"array([5.54802531, 5.72249737])"
815,6239,180978,"array([5.74461005, 5.34409557])"
816,6239,181013,"array([5.59685933, 6.82059303])"
817,6239,181057,"array([5.2162107 , 6.26105153])"
818,6239,181715,"array([6.7205101 , 7.17452802])"
819,6239,183238,"array([4.66111916, 5.47780033])"
820,6239,184199,"array([3.44514363, 5.08514662])"
821,6239,186634,"array([5.52303908, 4.89305439])"
822,6239,186828,"array([3.90505464, 4.99898271])"
823,6239,187263,"array([3.20294859, 4.93407825])"
824,6239,187528,"array([2.93589016, 4.86478265])"
825,6239,187769,"array([3.62364198, 4.41917155])"
826,6239,189253,"array([3.51622732, 6.12680073])"
827,6239,191318,"array([4.36617667, 4.83366781])"
828,6239,177821,"array([5.49562261, 6.75253614])"
829,6239,174498,"array([4.85877255, 8.58870864])"
830,6239,174585,"array([4.79873647, 7.50241771])"
831,6239,174685,"array([5.77204225, 6.8524491 ])"
832,6239,174693,"array([5.01131056, 6.3799226 ])"
833,6239,174721,"array([6.28402064, 6.45812798])"
834,6239,174958,"array([5.7017465 , 3.52104105])"
835,6239,175054,"array([6.38364602, 5.81938838])"
836,6239,175237,"array([6.19434943, 6.01065793])"
837,6239,176829,"array([6.44851517, 5.67036433])"
838,6239,175074,"array([3.28196266, 5.66547947])"
839,6239,175167,"array([6.58532563, 6.07936047])"
840,6239,175173,"array([2.60524203, 6.66382652])"
841,6239,175443,"array([4.53120656, 4.83339093])"
842,6239,175472,"array([4.0987216 , 4.90176819])"
843,6239,175511,"array([4.83158159, 4.86509909])"
844,6239,175525,"array([4.18605732, 5.91770148])"
845,6239,175552,"array([4.55621338, 4.54415064])"
846,6239,175566,"array([5.03687032, 3.2899679 ])"
847,6239,175571,"array([3.95883804, 6.13029201])"
848,6239,175577,"array([4.02365818, 4.97664975])"
849,6239,175588,"array([4.94234237, 3.42876555])"
850,6239,175592,"array([5.32399903, 5.27143061])"
851,6239,175596,"array([5.80500079, 6.98247115])"
852,6239,175600,"array([4.85862015, 4.69846212])"
853,6239,175605,"array([4.3530877 , 5.40247032])"
854,6239,175607,"array([6.05500007, 5.84068649])"
855,6239,175614,"array([4.63134844, 4.05791832])"
856,6239,175628,"array([5.45863779, 5.02004984])"
857,6239,175642,"array([4.25784927, 4.43673102])"
858,6239,175661,"array([4.32265494, 3.94824435])"
859,6239,175675,"array([5.060605  , 5.19906363])"
860,6239,175681,"array([4.82982302, 5.11162852])"
861,6239,175682,"array([6.79053889, 5.00509867])"
862,6239,175687,"array([4.22525803, 4.81667757])"
863,6239,175698,"array([4.65405969, 3.52448731])"
864,6239,175703,"array([4.66747332, 4.95165686])"
865,6239,175704,"array([5.34550458, 4.91902645])"
866,6239,175706,"array([4.31942547, 4.56071014])"
867,6239,175716,"array([4.17333706, 5.14193305])"
868,6239,175720,"array([4.1366718 , 7.35635806])"
869,6239,175726,"array([4.41267647, 4.39420523])"
870,6239,175766,"array([5.05573908, 4.63112241])"
871,6239,175767,"array([4.26758744, 5.089155  ])"
872,6239,175768,"array([5.55158631, 4.75172944])"
873,6239,175772,"array([4.34014983, 5.18802967])"
874,6239,175777,"array([4.93658574, 4.02411642])"
875,6239,175994,"array([4.46515674, 5.39786485])"
876,6239,176001,"array([5.2350227 , 5.18081441])"
877,6239,176004,"array([5.86586904, 6.86201282])"
878,6239,176011,"array([3.38555889, 5.35404362])"
879,6239,176012,"array([5.81024051, 5.14445942])"
880,6239,176015,"array([3.87645804, 3.86061693])"
881,6239,176023,"array([5.2781924, 4.6747386])"
882,6239,176027,"array([5.00161595, 3.90811668])"
883,6239,176033,"array([4.63203129, 3.67881845])"
884,6239,176051,"array([4.72072885, 5.13048355])"
885,6239,176052,"array([4.87652588, 4.98050794])"
886,6239,176055,"array([4.55563828, 4.95873247])"
887,6239,176061,"array([4.28129765, 5.86270876])"
888,6239,176229,"array([6.62550642, 6.49253357])"
889,6239,176519,"array([5.80817842, 4.06925253])"
890,6239,179770,"array([5.77235679, 6.55553996])"
891,6239,180889,"array([5.66576917, 5.79823166])"
892,6239,181041,"array([3.84307565, 5.48524237])"
893,6239,181065,"array([6.02201012, 3.52173122])"
894,6239,181407,"array([5.1450943 , 5.11552103])"
895,6239,181479,"array([6.46313203, 4.57901818])"
896,6239,181894,"array([6.75882447, 5.11667494])"
897,6239,183199,"array([5.18354699, 4.54332149])"
898,6239,183241,"array([4.48321573, 4.71167767])"
899,6239,184307,"array([5.29206765, 3.44897314])"
900,6239,184949,"array([4.98916637, 3.7515692 ])"
901,6239,184951,"array([5.51899351, 4.62823133])"
902,6239,187907,"array([6.15715987, 4.67905672])"
903,6239,188040,"array([4.18701135, 5.49878899])"
904,6239,188528,"array([4.34100693, 3.62329597])"
905,6239,188632,"array([4.87685859, 3.84326257])"
906,6239,188633,"array([5.2436462 , 3.83553267])"
907,6239,191718,"array([4.29984377, 4.93385193])"
908,6239,246008,"array([4.80607726, 5.24167983])"
909,6239,266820,"array([4.37574693, 6.79759852])"
910,6239,3565037,"array([4.10500921, 4.75180947])"
911,6239,3565201,"array([4.996495  , 5.00045164])"
912,6239,3896756,"array([4.99131503, 5.09864555])"
913,6239,175441,"array([6.04890113, 5.30003739])"
914,6239,175449,"array([4.37464712, 5.28972367])"
915,6239,175454,"array([4.30081695, 4.2804807 ])"
916,6239,175459,"array([5.08902466, 4.8119818 ])"
917,6239,175465,"array([4.32784704, 4.13688449])"
918,6239,175466,"array([6.97046107, 6.45912064])"
919,6239,175468,"array([5.67684493, 4.81890803])"
920,6239,175469,"array([5.00384648, 4.34061406])"
921,6239,175475,"array([6.44563686, 5.27174302])"
922,6239,175476,"array([3.60724876, 4.66393703])"
923,6239,175480,"array([6.42748115, 7.45392474])"
924,6239,175484,"array([4.92022851, 5.19248734])"
925,6239,175489,"array([5.36671004, 5.11060051])"
926,6239,175490,"array([3.75723288, 6.00295648])"
927,6239,175492,"array([4.66824801, 7.33999299])"
928,6239,175493,"array([2.56220954, 5.2344428 ])"
929,6239,175497,"array([3.5194684 , 4.82874367])"
930,6239,175499,"array([3.17618392, 5.75603342])"
931,6239,175507,"array([4.20662458, 4.06939262])"
932,6239,175508,"array([4.43404804, 4.94874522])"
933,6239,175514,"array([6.48973114, 5.78074175])"
934,6239,175520,"array([3.6165413 , 7.73098362])"
935,6239,175524,"array([4.10204579, 6.18089171])"
936,6239,175538,"array([3.61001688, 5.35828365])"
937,6239,175547,"array([6.07001731, 6.00478453])"
938,6239,175548,"array([3.79958406, 4.94175516])"
939,6239,175555,"array([3.90744724, 5.11838311])"
940,6239,175565,"array([4.44001454, 3.20126046])"
941,6239,175572,"array([4.6725754 , 5.22863627])"
942,6239,175576,"array([2.95678864, 5.04091011])"
943,6239,175578,"array([1.34168894, 4.64298079])"
944,6239,3565793,"array([2.9670436 , 5.24482093])"
945,6239,175581,"array([2.77052386, 5.37849134])"
946,6239,175582,"array([5.14490653, 4.68422945])"
947,6239,175591,"array([5.27286012, 4.40767912])"
948,6239,175603,"array([5.30514777, 4.55322007])"
949,6239,175644,"array([4.76473294, 4.27372022])"
950,6239,175645,"array([3.79477428, 4.36148542])"
951,6239,175646,"array([5.4077436 , 4.37422023])"
952,6239,175650,"array([3.64663229, 4.95791875])"
953,6239,175659,"array([6.16932667, 6.81959712])"
954,6239,175669,"array([5.33178933, 7.70130246])"
955,6239,175671,"array([3.56437581, 5.04307976])"
956,6239,175672,"array([6.05249716, 4.58711108])"
957,6239,175677,"array([4.03869776, 5.36821596])"
958,6239,175683,"array([4.96378911, 4.85249591])"
959,6239,175686,"array([4.15122533, 5.37303651])"
960,6239,175688,"array([3.30602651, 5.00244729])"
961,6239,175695,"array([3.92435096, 4.21298106])"
962,6239,175697,"array([5.59878013, 5.2879038 ])"
963,6239,175707,"array([3.92321622, 4.8266287 ])"
964,6239,175708,"array([3.17934889, 6.46581709])"
965,6239,175711,"array([3.8549254, 4.5733233])"
966,6239,175712,"array([4.05544142, 4.12516579])"
967,6239,175722,"array([4.352606  , 4.70632072])"
968,6239,175723,"array([4.3695876 , 5.06448853])"
969,6239,175727,"array([6.26007467, 6.31947644])"
970,6239,175737,"array([3.16712494, 4.20776529])"
971,6239,175738,"array([3.42189568, 4.93785419])"
972,6239,175744,"array([3.85010214, 4.07441295])"
973,6239,175762,"array([3.46056889, 4.31739415])"
974,6239,175769,"array([3.31375193, 4.13442083])"
975,6239,175770,"array([2.90682999, 4.49526408])"
976,6239,175781,"array([6.15263593, 6.35809218])"
977,6239,175801,"array([3.68365911, 7.43491391])"
978,6239,175987,"array([6.00508309, 6.88705923])"
979,6239,176000,"array([4.25188324, 5.25843067])"
980,6239,176017,"array([5.98084215, 6.17445948])"
981,6239,176059,"array([4.68715706, 5.35892906])"
982,6239,179068,"array([6.27394828, 6.71506388])"
983,6239,179425,"array([4.91644228, 5.79788524])"
984,6239,179488,"array([3.15123192, 5.64324676])"
985,6239,179709,"array([6.45963572, 6.97553819])"
986,6239,179752,"array([3.60298371, 5.69043265])"
987,6239,180419,"array([4.97779636, 6.96909149])"
988,6239,180613,"array([5.92773841, 7.05693656])"
989,6239,180722,"array([5.52871312, 6.19012047])"
990,6239,180785,"array([5.04242699, 7.3250915 ])"
991,6239,181539,"array([4.85400196, 6.60676194])"
992,6239,181566,"array([4.50125039, 5.06600526])"
993,6239,181830,"array([5.47775121, 5.17642247])"
994,6239,181905,"array([5.60452268, 5.02764001])"
995,6239,182593,"array([3.70826454, 5.23582316])"
996,6239,183240,"array([4.00694232, 3.99767214])"
997,6239,183767,"array([5.1209355 , 4.20127733])"
998,6239,184346,"array([3.75850881, 4.49014496])"
999,6239,184952,"array([5.49660967, 4.49722153])"
1000,6239,186574,"array([4.04482516, 4.30095065])"
1001,6239,186827,"array([4.12115977, 4.40547649])"
1002,6239,187530,"array([4.76298743, 4.9954766 ])"
1003,6239,188837,"array([4.74730391, 4.78444629])"
1004,6239,188848,"array([3.62632427, 4.54001193])"
1005,6239,191021,"array([4.95785741, 4.7305703 ])"
1006,6239,191230,"array([6.81549779, 5.926969  ])"
1007,6239,191791,"array([5.9131392 , 4.85752612])"
1008,6239,259498,"array([5.20656255, 4.93170373])"
1009,6239,3564809,"array([4.49261997, 5.29267001])"
1010,6239,175921,"array([3.4435378 , 7.29929526])"
1011,6239,175953,"array([4.28927554, 5.54312154])"
1012,6239,175985,"array([3.15994127, 8.67654952])"
1013,6239,176008,"array([5.13193453, 4.34973317])"
1014,6239,176019,"array([3.28091363, 3.93170963])"
1015,6239,176028,"array([3.74201307, 5.37730325])"
1016,6239,176037,"array([3.99374528, 4.52271289])"
1017,6239,176047,"array([5.18546527, 7.18828717])"
1018,6239,176053,"array([4.86114132, 4.38852432])"
1019,6239,176137,"array([3.76794245, 5.68996256])"
1020,6239,176970,"array([2.99668533, 6.02516217])"
1021,6239,177985,"array([3.63255952, 7.0605275 ])"
1022,6239,178063,"array([2.71922145, 4.41740163])"
1023,6239,178377,"array([3.46871899, 3.84872449])"
1024,6239,179141,"array([3.36744215, 5.47768844])"
1025,6239,179859,"array([3.12489926, 4.02759213])"
1026,6239,181098,"array([3.52974798, 5.60529645])"
1027,6239,181771,"array([3.08361104, 4.3489733 ])"
1028,6239,181904,"array([3.82766544, 3.43742567])"
1029,6239,183907,"array([2.80496116, 4.23589017])"
1030,6239,184312,"array([2.30344748, 5.54325704])"
1031,6239,184944,"array([3.49180828, 5.27014641])"
1032,6239,185914,"array([2.98288271, 4.14341406])"
1033,6239,186373,"array([2.92835615, 4.33669566])"
1034,6239,190185,"array([3.44934783, 4.02654154])"
1035,6239,176067,"array([1.15312656, 5.14692828])"
1036,6239,176068,"array([3.97597419, 7.0151788 ])"
1037,6239,176240,"array([5.12971738, 7.37751927])"
1038,6239,177116,"array([2.77084931, 7.35806025])"
1039,6239,180074,"array([3.63514494, 6.67874829])"
1040,6239,178755,"array([4.1240559 , 7.79599507])"
1041,6239,179289,"array([4.1209349 , 6.06943499])"
1042,6239,179605,"array([6.57891875, 5.85004884])"
1043,6239,181357,"array([6.73389737, 6.90473104])"
1044,6239,181481,"array([5.58576319, 5.56647033])"
1045,6239,3565703,"array([3.95284733, 5.62111581])"
1046,6239,176364,"array([2.37989943, 7.96441478])"
1047,6239,176380,"array([4.19123084, 6.89449896])"
1048,6239,176471,"array([4.43097414, 4.55442103])"
1049,6239,176473,"array([5.95645988, 5.77300549])"
1050,6239,176558,"array([3.70614751, 5.06928414])"
1051,6239,176641,"array([2.35514119, 7.68414863])"
1052,6239,176713,"array([8.27647979, 4.97725965])"
1053,6239,177460,"array([6.88851319, 4.54377915])"
1054,6239,176773,"array([4.18148383, 6.27203348])"
1055,6239,176802,"array([4.25290874, 8.04341115])"
1056,6239,176968,"array([4.7645143 , 6.57790389])"
1057,6239,177157,"array([6.08203423, 5.71225567])"
1058,6239,177942,"array([4.6808848 , 6.54676717])"
1059,6239,178411,"array([4.13994415, 6.68918715])"
1060,6239,184803,"array([2.79923646, 7.88333894])"
1061,6239,191199,"array([4.36786525, 8.00047206])"
1062,6239,177286,"array([4.7823944 , 6.39201375])"
1063,6239,177335,"array([5.38314946, 7.49765995])"
1064,6239,177345,"array([3.97352223, 6.67528163])"
1065,6239,259839,"array([6.83052337, 7.66416594])"
1066,6239,177636,"array([3.07209296, 6.31054634])"
1067,6239,177659,"array([3.1172804 , 5.97317977])"
1068,6239,179162,"array([7.52740651, 7.35312803])"
1069,6239,177932,"array([8.39149326, 8.18888768])"
1070,6239,178068,"array([2.10721235, 7.06779463])"
1071,6239,178555,"array([5.4843235, 7.9735838])"
1072,6239,179204,"array([4.96059363, 7.91407221])"
1073,6239,179276,"array([5.01203495, 8.26436524])"
1074,6239,180032,"array([4.89219935, 5.45986475])"
1075,6239,180622,"array([6.31960231, 6.98221394])"
1076,6239,180961,"array([6.88062366, 7.1752063 ])"
1077,6239,181408,"array([5.56033016, 8.56347385])"
1078,6239,181545,"array([2.86219588, 6.77535182])"
1079,6239,182980,"array([3.43250755, 6.02393187])"
1080,6239,186632,"array([3.21913655, 5.89132701])"
1081,6239,187716,"array([5.9192661 , 8.18242978])"
1082,6239,188569,"array([5.64896554, 6.04620534])"
1083,6239,188620,"array([3.21993903, 6.05904876])"
1084,6239,189992,"array([3.39386961, 5.60823207])"
1085,6239,178135,"array([5.8683614 , 7.87757592])"
1086,6239,178210,"array([4.58524472, 6.58959154])"
1087,6239,181030,"array([6.79303834, 7.25965018])"
1088,6239,180848,"array([4.21478482, 6.48721283])"
1089,6239,189700,"array([3.05795097, 5.84890282])"
1090,6239,179192,"array([4.911475 , 6.4951891])"
1091,6239,179388,"array([6.44267643, 8.10033903])"
1092,6239,179424,"array([6.35557645, 5.4220424 ])"
1093,6239,179520,"array([5.10375244, 4.94260296])"
1094,6239,179526,"array([4.44651148, 5.69676539])"
1095,6239,179638,"array([2.80061328, 8.45369097])"
1096,6239,180021,"array([3.28308945, 5.25641981])"
1097,6239,180719,"array([5.98409364, 5.64531817])"
1098,6239,181470,"array([2.33363655, 7.82534784])"
1099,6239,184809,"array([2.60623615, 5.40654768])"
1100,6239,180637,"array([6.1271977 , 5.90432127])"
1101,6239,180871,"array([5.7994814 , 7.32814591])"
1102,6239,180904,"array([4.69407271, 6.16848536])"
1103,6239,180923,"array([4.07458655, 7.13740217])"
1104,6239,181650,"array([6.94998321, 6.69929623])"
1105,6239,181957,"array([4.59245645, 5.33010524])"
1106,6239,183239,"array([3.2945961 , 4.40071055])"
1107,6239,184309,"array([3.36899274, 4.8246784 ])"
1108,6239,185322,"array([3.19762224, 5.14466741])"
1109,6239,186492,"array([3.65298406, 6.14965667])"
1110,6239,187773,"array([3.10135529, 4.82208655])"
1111,6239,191670,"array([3.74715439, 4.67787316])"
1112,6239,246019,"array([6.4294514 , 7.09915598])"
1113,6239,3565999,"array([3.93499055, 4.68122761])"
1114,6239,181069,"array([6.18251825, 4.56150316])"
1115,6239,185851,"array([4.10507796, 4.61578815])"
1116,6239,186544,"array([5.41771628, 4.81613426])"
1117,6239,190557,"array([3.23295261, 5.37126069])"
1118,6239,191737,"array([5.64823184, 5.44287993])"
1119,6239,3565725,"array([3.99915295, 5.93986892])"
1120,6239,185422,"array([3.00110465, 4.70447477])"
1121,6239,187872,"array([3.64460474, 4.15074242])"
1122,6239,191317,"array([5.70811809, 4.97782959])"
1123,6239,181800,"array([6.18719609, 6.20467929])"
1124,6239,189167,"array([8.45007663, 4.95245135])"
1125,6239,13181956,"array([7.38431952, 4.37341322])"
1126,6239,13190041,"array([2.58716378, 4.57020466])"
1127,6239,13191305,"array([3.8039197 , 9.20873514])"
1128,6239,181662,"array([4.51453364, 8.1676101 ])"
1129,6239,13198508,"array([5.88436047, 3.57934477])"
1130,6239,13213668,"array([8.59225214, 1.1378423 ])"
1131,6239,179461,"array([7.87211996, 2.70961194])"
1132,6239,13219875,"array([ 5.51009481, 10.21201905])"
1133,6239,179912,"array([5.26226778, 8.63512903])"
1134,6239,180185,"array([5.20920851, 9.26126949])"
1135,6239,13220141,"array([18.07168623, 21.16193728])"
1136,6239,180684,"array([17.81837071, 21.41064086])"
1137,6239,171601,"array([7.87000808, 9.33962807])"
1138,6239,171648,"array([ 9.11820869, 10.54856117])"
1139,6239,172748,"array([6.60880904, 8.05383461])"
1140,6239,176424,"array([6.68748728, 9.45005081])"
1141,6239,177318,"array([7.24858124, 7.7419358 ])"
1142,6239,171606,"array([9.36761961, 0.66158777])"
1143,6239,176582,"array([10.37712641, -0.8407116 ])"
1144,6239,189522,"array([10.21890668, -0.35072694])"
1145,6239,171608,"array([7.9138461 , 5.70950496])"
1146,6239,174401,"array([9.47991766, 5.49444086])"
1147,6239,171623,"array([4.78308204, 4.46677083])"
1148,6239,174309,"array([2.69918572, 3.68896925])"
1149,6239,171624,"array([5.03407847, 9.34415898])"
1150,6239,171635,"array([ 6.56463683, 10.08585354])"
1151,6239,171644,"array([7.36675567, 8.9943216 ])"
1152,6239,174305,"array([6.89251925, 8.39428095])"
1153,6239,181405,"array([6.6412466 , 8.34569548])"
1154,6239,171646,"array([7.58099129, 9.19160565])"
1155,6239,171647,"array([5.66511432, 7.04054549])"
1156,6239,175072,"array([6.76037865, 5.72966086])"
1157,6239,187120,"array([3.02932355, 6.50053685])"
1158,6239,266817,"array([ 9.91005111, 11.29089399])"
1159,6239,171652,"array([9.32951623, 1.75438033])"
1160,6239,171656,"array([2.81147249, 7.46402215])"
1161,6239,174174,"array([3.22568079, 7.95148663])"
1162,6239,171675,"array([6.06565524, 7.21156985])"
1163,6239,171677,"array([4.97360526, 6.55622287])"
1164,6239,178768,"array([5.80745212, 7.17940842])"
1165,6239,171678,"array([2.27179911, 2.57505234])"
1166,6239,171681,"array([3.44905167, 2.35764112])"
1167,6239,171683,"array([1.76075524, 7.9584145 ])"
1168,6239,177374,"array([3.24983147, 7.70186283])"
1169,6239,266952,"array([2.91382111, 7.60713059])"
1170,6239,171687,"array([6.69064963, 7.38018692])"
1171,6239,177048,"array([8.53800196, 8.08871905])"
1172,6239,179412,"array([7.07073618, 6.61173488])"
1173,6239,180321,"array([6.13266669, 7.57787481])"
1174,6239,171696,"array([5.92687735, 7.44038712])"
1175,6239,172391,"array([6.00047246, 8.05892125])"
1176,6239,172418,"array([5.72579055, 7.58056843])"
1177,6239,176548,"array([5.03510135, 7.55831714])"
1178,6239,178385,"array([5.95568517, 7.80991965])"
1179,6239,171715,"array([6.82630993, 7.42057954])"
1180,6239,178402,"array([6.4153285 , 6.89486773])"
1181,6239,171722,"array([5.30815419, 7.09829884])"
1182,6239,175020,"array([5.60614631, 7.92403955])"
1183,6239,176374,"array([5.0123563 , 5.76811502])"
1184,6239,177334,"array([6.7899018 , 6.45307834])"
1185,6239,178080,"array([6.1159125 , 9.82142725])"
1186,6239,181259,"array([6.6828334 , 6.00423735])"
1187,6239,186939,"array([5.69645464, 7.27024194])"
1188,6239,191631,"array([5.16242392, 6.41702339])"
1189,6239,171727,"array([5.86779584, 6.48729696])"
1190,6239,173351,"array([6.36423051, 7.30738373])"
1191,6239,175101,"array([6.00157213, 6.4255467 ])"
1192,6239,176093,"array([5.56919203, 6.98107084])"
1193,6239,177719,"array([6.70384627, 6.15705021])"
1194,6239,171735,"array([6.6234495, 9.611365 ])"
1195,6239,181728,"array([5.83639249, 7.99363004])"
1196,6239,171736,"array([7.58727735, 9.34072416])"
1197,6239,181062,"array([6.71511416, 8.14087876])"
1198,6239,171737,"array([23.64041719, 11.19297313])"
1199,6239,177725,"array([23.58523087, 10.84661432])"
1200,6239,171739,"array([5.38355635, 6.95565884])"
1201,6239,174034,"array([6.50852103, 6.24367806])"
1202,6239,181663,"array([3.62435083, 8.15075294])"
1203,6239,171750,"array([1.00246656, 7.59811897])"
1204,6239,172477,"array([6.96963668, 5.97966339])"
1205,6239,172483,"array([8.44120183, 6.87386237])"
1206,6239,172497,"array([7.36243484, 6.8660608 ])"
1207,6239,172519,"array([8.18664111, 7.56089091])"
1208,6239,172823,"array([7.41830912, 6.99248996])"
1209,6239,174227,"array([7.27533738, 6.18610612])"
1210,6239,175223,"array([8.73027641, 6.84886173])"
1211,6239,175643,"array([4.37546222, 7.04283774])"
1212,6239,176304,"array([8.71338295, 7.5768491 ])"
1213,6239,176743,"array([7.19605059, 6.34757514])"
1214,6239,176825,"array([8.28692664, 7.32022379])"
1215,6239,177513,"array([8.20193209, 7.07419036])"
1216,6239,177943,"array([8.19072048, 6.68019669])"
1217,6239,178233,"array([6.33570207, 6.81466674])"
1218,6239,179572,"array([8.48131949, 7.2534163 ])"
1219,6239,179943,"array([5.02974861, 6.66427608])"
1220,6239,180416,"array([8.30899197, 7.92297465])"
1221,6239,180452,"array([8.07054215, 7.2144612 ])"
1222,6239,181424,"array([6.25586148, 8.45303897])"
1223,6239,171752,"array([24.1588141 ,  8.23834393])"
1224,6239,175058,"array([24.328562  ,  7.93159443])"
1225,6239,171753,"array([8.2428077 , 3.38996672])"
1226,6239,172703,"array([7.53434281, 4.5669305 ])"
1227,6239,171764,"array([ -0.19121595, -11.61260444])"
1228,6239,171765,"array([  0.16380534, -11.50556355])"
1229,6239,177316,"array([ -0.57451092, -11.69524901])"
1230,6239,171768,"array([6.79792321, 5.60664112])"
1231,6239,175729,"array([7.17830904, 5.24133102])"
1232,6239,177609,"array([6.78840927, 6.55212712])"
1233,6239,181524,"array([6.92964243, 4.93890815])"
1234,6239,181646,"array([7.0899733 , 7.15513077])"
1235,6239,181697,"array([6.31168959, 5.61356964])"
1236,6239,181727,"array([7.53174533, 5.65050031])"
1237,6239,3565035,"array([6.69797294, 5.33763918])"
1238,6239,171776,"array([2.52064969, 5.78552024])"
1239,6239,171784,"array([-11.69922654,  17.35136309])"
1240,6239,174531,"array([-11.60553283,  17.01978398])"
1241,6239,171787,"array([0.78758585, 6.30986129])"
1242,6239,181252,"array([2.4318596 , 6.56121885])"
1243,6239,171792,"array([8.06620732, 9.85759647])"
1244,6239,171805,"array([7.99514886, 6.63991241])"
1245,6239,176155,"array([6.97623815, 6.84954404])"
1246,6239,177019,"array([8.62883481, 6.14432852])"
1247,6239,177921,"array([7.54854316, 6.78523968])"
1248,6239,180014,"array([8.77924008, 5.91862375])"
1249,6239,180570,"array([7.07483548, 6.176725  ])"
1250,6239,171807,"array([7.02534183, 4.28566853])"
1251,6239,171817,"array([-13.4049126 ,  -0.86803747])"
1252,6239,172511,"array([-13.06151448,  -0.94293593])"
1253,6239,172893,"array([3.76140934, 6.69063818])"
1254,6239,174402,"array([4.00150261, 6.23163911])"
1255,6239,176832,"array([5.31204417, 6.61293361])"
1256,6239,178338,"array([3.86894047, 6.61754566])"
1257,6239,180579,"array([5.30350405, 8.02967509])"
1258,6239,184848,"array([4.5464602 , 5.47661609])"
1259,6239,171834,"array([2.02552736, 8.52606627])"
1260,6239,172158,"array([3.54368203, 8.34183035])"
1261,6239,175667,"array([5.92194419, 9.02520239])"
1262,6239,179485,"array([4.54002113, 8.38659035])"
1263,6239,191635,"array([3.9767881 , 6.52500979])"
1264,6239,191705,"array([5.48239511, 6.09030592])"
1265,6239,171853,"array([7.61422344, 9.83334891])"
1266,6239,176989,"array([6.1234792 , 7.09834496])"
1267,6239,177016,"array([4.74533206, 6.95840948])"
1268,6239,3565419,"array([5.45224456, 6.62329729])"
1269,6239,171876,"array([1.0969604 , 3.93679025])"
1270,6239,171878,"array([7.37282943, 9.1682894 ])"
1271,6239,171879,"array([9.65362842, 7.05065183])"
1272,6239,179269,"array([10.94272293,  7.1318407 ])"
1273,6239,181043,"array([6.08782481, 5.02410278])"
1274,6239,171884,"array([7.12523249, 6.48533397])"
1275,6239,178122,"array([7.14168882, 5.5293687 ])"
1276,6239,171888,"array([5.81386797, 7.43601078])"
1277,6239,190611,"array([6.05699012, 8.21776309])"
1278,6239,171895,"array([5.672835  , 7.50182574])"
1279,6239,172413,"array([6.35220896, 7.9066458 ])"
1280,6239,176409,"array([4.67771899, 7.92265807])"
1281,6239,177734,"array([5.00816832, 7.74737332])"
1282,6239,179381,"array([7.00147161, 7.07134948])"
1283,6239,191704,"array([5.01493185, 7.16246934])"
1284,6239,174198,"array([5.29159584, 7.44953033])"
1285,6239,171898,"array([3.51714197, 5.46786152])"
1286,6239,171905,"array([11.64058594,  8.29131323])"
1287,6239,181706,"array([10.57729587,  8.21032685])"
1288,6239,171911,"array([3.22951042, 8.33421515])"
1289,6239,174261,"array([3.89696232, 8.41734421])"
1290,6239,171912,"array([ 16.47084015, -10.27517482])"
1291,6239,180263,"array([ 16.12185418, -10.26338377])"
1292,6239,171914,"array([8.06559167, 2.0121961 ])"
1293,6239,171915,"array([7.76363354, 5.92533052])"
1294,6239,174594,"array([7.74950432, 5.63526795])"
1295,6239,174953,"array([7.23382349, 6.77749822])"
1296,6239,175240,"array([8.90447488, 6.07112407])"
1297,6239,176866,"array([6.68822436, 6.62862845])"
1298,6239,178522,"array([9.29449715, 5.13651216])"
1299,6239,178895,"array([7.42256413, 5.70245426])"
1300,6239,179554,"array([9.34280961, 5.74103058])"
1301,6239,179922,"array([7.78684167, 6.43541014])"
1302,6239,185872,"array([7.28822025, 5.75039134])"
1303,6239,191743,"array([6.84817407, 6.14402022])"
1304,6239,171916,"array([3.16531984, 2.28651365])"
1305,6239,171917,"array([4.06622029, 6.33295041])"
1306,6239,172045,"array([3.22626841, 7.54763661])"
1307,6239,178272,"array([3.82712793, 7.44214916])"
1308,6239,181174,"array([2.71987868, 7.11749806])"
1309,6239,184190,"array([3.78615284, 6.83930761])"
1310,6239,171919,"array([5.95195468, 3.94244811])"
1311,6239,171921,"array([0.70454693, 7.29465255])"
1312,6239,181504,"array([2.55790128, 7.32967424])"
1313,6239,171922,"array([1.49454565, 8.55258848])"
1314,6239,171929,"array([7.36622917, 7.869306  ])"
1315,6239,171933,"array([7.43896841, 8.10655307])"
1316,6239,179138,"array([5.92316181, 4.23436387])"
1317,6239,171935,"array([ 6.78714188, 10.46268751])"
1318,6239,171939,"array([3.10874067, 5.4389717 ])"
1319,6239,175717,"array([3.37967073, 6.14232447])"
1320,6239,175885,"array([2.06640666, 4.98544885])"
1321,6239,171941,"array([6.80592906, 4.07957124])"
1322,6239,171949,"array([3.52847776, 2.15440346])"
1323,6239,171950,"array([-6.13834984, -9.61856901])"
1324,6239,172229,"array([-6.37537213, -9.36777135])"
1325,6239,171952,"array([7.18445544, 7.55230356])"
1326,6239,172597,"array([6.25287738, 6.09909743])"
1327,6239,176291,"array([8.66925396, 7.76303548])"
1328,6239,171956,"array([ 8.35577962, 10.22985278])"
1329,6239,175622,"array([9.25443369, 9.5126102 ])"
1330,6239,171960,"array([12.14452207, -3.25588714])"
1331,6239,172082,"array([12.48931468, -3.73876898])"
1332,6239,182893,"array([11.67621215, -2.58813427])"
1333,6239,171964,"array([1.39133005, 9.59654037])"
1334,6239,173956,"array([3.34707012, 9.10585388])"
1335,6239,171970,"array([1.95776682, 5.54308775])"
1336,6239,171974,"array([8.70600814, 0.86835457])"
1337,6239,174979,"array([ 9.22362056, -0.28611397])"
1338,6239,171975,"array([4.6179941 , 5.07473139])"
1339,6239,171986,"array([3.04137223, 2.89990034])"
1340,6239,173613,"array([7.5562686 , 5.31851989])"
1341,6239,178458,"array([6.2698609 , 7.81387446])"
1342,6239,179013,"array([7.419528  , 7.10714793])"
1343,6239,181227,"array([5.85969483, 6.63077769])"
1344,6239,185686,"array([5.52735576, 7.70099532])"
1345,6239,190098,"array([6.09543061, 6.53734043])"
1346,6239,171990,"array([7.59437689, 8.15232706])"
1347,6239,181944,"array([8.96497582, 9.35797734])"
1348,6239,192049,"array([6.12395679, 7.40202515])"
1349,6239,171993,"array([2.0399193 , 7.90002201])"
1350,6239,177401,"array([5.4421696 , 7.71910129])"
1351,6239,171995,"array([3.10164422, 7.61016312])"
1352,6239,171998,"array([7.01124468, 3.46167233])"
1353,6239,172009,"array([4.38331557, 6.15956022])"
1354,6239,172013,"array([ 7.30087653, 11.54027768])"
1355,6239,179853,"array([ 6.66540187, 10.2647257 ])"
1356,6239,172017,"array([3.2472793, 6.6661628])"
1357,6239,172026,"array([ 5.31532943, 10.66279404])"
1358,6239,179306,"array([ 6.40499616, 11.13499706])"
1359,6239,172035,"array([6.36741753, 5.51373515])"
1360,6239,174762,"array([5.87161034, 6.32698925])"
1361,6239,180475,"array([6.09107638, 5.57020831])"
1362,6239,172746,"array([6.74004013, 8.75732912])"
1363,6239,175419,"array([6.68501965, 9.11619524])"
1364,6239,176179,"array([6.19329567, 8.87962689])"
1365,6239,176758,"array([ 4.24417076, 10.82392537])"
1366,6239,186276,"array([5.52334414, 9.38327686])"
1367,6239,178945,"array([4.93135151, 8.47931354])"
1368,6239,3565889,"array([1.53709489, 7.79323089])"
1369,6239,172051,"array([7.7009123 , 5.30714993])"
1370,6239,178930,"array([8.28471925, 5.79288888])"
1371,6239,180004,"array([8.44229696, 5.47682749])"
1372,6239,24104671,"array([6.8616099 , 5.82795703])"
1373,6239,181110,"array([4.94300681, 8.36114941])"
1374,6239,172059,"array([7.93890355, 8.11074777])"
1375,6239,175811,"array([9.42948804, 8.68292671])"
1376,6239,181012,"array([8.24431323, 7.79616526])"
1377,6239,172061,"array([0.53660954, 4.49506519])"
1378,6239,172616,"array([1.72490047, 5.46551304])"
1379,6239,172064,"array([2.05386153, 8.37812873])"
1380,6239,174397,"array([5.27232105, 8.48365756])"
1381,6239,172076,"array([1.69242032, 6.29231853])"
1382,6239,181719,"array([3.47923463, 6.73030823])"
1383,6239,172077,"array([3.88966879, 8.58187739])"
1384,6239,178970,"array([3.28352338, 7.33330747])"
1385,6239,172078,"array([8.56214689, 8.50374963])"
1386,6239,180995,"array([8.31755069, 7.66131453])"
1387,6239,172133,"array([6.36913508, 8.90850966])"
1388,6239,173316,"array([5.57454152, 8.07325931])"
1389,6239,175217,"array([5.57852248, 7.20321136])"
1390,6239,175440,"array([6.25240344, 5.8769263 ])"
1391,6239,179624,"array([6.25597343, 9.24358491])"
1392,6239,180873,"array([6.12343505, 8.50901764])"
1393,6239,181490,"array([6.35262535, 6.56692417])"
1394,6239,172092,"array([5.02848757, 3.05916804])"
1395,6239,172401,"array([5.02323838, 1.72648935])"
1396,6239,172097,"array([8.80479289, 3.56643053])"
1397,6239,184847,"array([8.24452415, 5.14474105])"
1398,6239,172099,"array([-0.16026572,  8.44552158])"
1399,6239,172102,"array([9.0444045 , 8.62479357])"
1400,6239,175527,"array([7.45540443, 7.9925443 ])"
1401,6239,172105,"array([8.80789125, 3.06964191])"
1402,6239,173359,"array([8.58051243, 3.85383518])"
1403,6239,172108,"array([2.11897884, 2.62721525])"
1404,6239,174533,"array([3.67891227, 8.42633512])"
1405,6239,176083,"array([4.22715572, 8.49504152])"
1406,6239,176256,"array([4.18122599, 7.93026448])"
1407,6239,172127,"array([8.86929157, 7.46956339])"
1408,6239,178640,"array([7.19401001, 7.43291645])"
1409,6239,180914,"array([8.55780956, 7.41746556])"
1410,6239,172128,"array([5.59856593, 7.31360599])"
1411,6239,174586,"array([6.40051708, 7.7263012 ])"
1412,6239,181153,"array([5.63586721, 7.64375733])"
1413,6239,175277,"array([6.94663642, 9.30582   ])"
1414,6239,172134,"array([1.15470426, 7.90657456])"
1415,6239,172139,"array([0.97316413, 7.7780937 ])"
1416,6239,172141,"array([6.20214077, 5.02230632])"
1417,6239,174284,"array([6.04556397, 9.08579836])"
1418,6239,176583,"array([5.26056667, 9.40963656])"
1419,6239,176806,"array([5.81220398, 8.80132771])"
1420,6239,172146,"array([2.74004182, 6.90980378])"
1421,6239,172148,"array([4.02011211, 6.43135494])"
1422,6239,172280,"array([3.19363229, 6.21272008])"
1423,6239,173064,"array([5.16456479, 5.89019124])"
1424,6239,175773,"array([4.44445068, 6.43075245])"
1425,6239,176352,"array([4.23985568, 6.60366996])"
1426,6239,176757,"array([2.64957163, 5.91707202])"
1427,6239,178361,"array([3.3227622 , 7.44498106])"
1428,6239,181618,"array([2.73120603, 6.64595013])"
1429,6239,172150,"array([9.82685362, 4.45403499])"
1430,6239,180936,"array([8.63430303, 5.0879794 ])"
1431,6239,172162,"array([3.5783271 , 5.18598685])"
1432,6239,180919,"array([4.60183572, 4.36019997])"
1433,6239,3565492,"array([2.50079824, 6.8384297 ])"
1434,6239,172174,"array([8.64063897, 7.9258129 ])"
1435,6239,179629,"array([7.27700426, 7.14029456])"
1436,6239,172180,"array([5.47188789, 5.30035849])"
1437,6239,173121,"array([6.08271948, 6.15698266])"
1438,6239,172184,"array([4.98120001, 4.23178749])"
1439,6239,172190,"array([2.61594656, 1.72947342])"
1440,6239,172197,"array([4.93250708, 7.52175278])"
1441,6239,172333,"array([3.64574057, 6.00017118])"
1442,6239,172199,"array([1.33103648, 2.74856707])"
1443,6239,172209,"array([7.12963311, 6.85381637])"
1444,6239,178949,"array([5.46468976, 7.03626588])"
1445,6239,172788,"array([7.28746018, 5.37484051])"
1446,6239,172851,"array([7.44736416, 6.32958824])"
1447,6239,174144,"array([7.28360298, 6.62895085])"
1448,6239,176168,"array([6.23054562, 6.90511302])"
1449,6239,176231,"array([7.35662075, 6.44637887])"
1450,6239,176706,"array([6.72546599, 6.30347037])"
1451,6239,176885,"array([4.66732693, 6.97283487])"
1452,6239,178987,"array([4.80253014, 8.04751345])"
1453,6239,180690,"array([6.74749434, 7.51025619])"
1454,6239,181562,"array([6.33943419, 7.4626555 ])"
1455,6239,184064,"array([5.8383685 , 5.57511315])"
1456,6239,188900,"array([7.19408898, 7.05055753])"
1457,6239,191628,"array([5.7958988, 6.7324172])"
1458,6239,172238,"array([4.11683791, 5.2576376 ])"
1459,6239,175753,"array([6.48622025, 6.51795447])"
1460,6239,175815,"array([6.84545819, 6.91228309])"
1461,6239,175955,"array([6.89670422, 7.02112873])"
1462,6239,181022,"array([6.56355268, 6.74338524])"
1463,6239,174016,"array([4.25062304, 7.82392418])"
1464,6239,173414,"array([3.60128826, 7.19730667])"
1465,6239,173652,"array([3.86153872, 8.0984361 ])"
1466,6239,173740,"array([4.26847863, 7.35888777])"
1467,6239,173945,"array([3.5124477 , 6.62189947])"
1468,6239,174315,"array([2.53134911, 8.50633777])"
1469,6239,174458,"array([4.42609402, 7.83456101])"
1470,6239,174516,"array([4.02053786, 9.17019028])"
1471,6239,174609,"array([3.6919973 , 8.58194607])"
1472,6239,174622,"array([2.69688904, 7.0246009 ])"
1473,6239,174941,"array([3.96263713, 8.1364917 ])"
1474,6239,175096,"array([4.05096827, 7.96174562])"
1475,6239,175098,"array([4.12590927, 7.70783524])"
1476,6239,176128,"array([3.81023202, 8.17147417])"
1477,6239,176138,"array([4.74779767, 7.580202  ])"
1478,6239,176183,"array([4.47166351, 7.0266928 ])"
1479,6239,176438,"array([2.26551049, 9.4936398 ])"
1480,6239,176702,"array([4.43739933, 8.55174645])"
1481,6239,176868,"array([1.6558186 , 8.99547429])"
1482,6239,177046,"array([ 4.65847778, 10.16452138])"
1483,6239,178280,"array([4.10788361, 8.62092159])"
1484,6239,178952,"array([ 4.14501187, 11.48672964])"
1485,6239,179429,"array([1.6114919 , 9.29567308])"
1486,6239,179800,"array([3.08469067, 7.93545972])"
1487,6239,181450,"array([4.43891824, 9.50289227])"
1488,6239,181472,"array([3.02835296, 9.04676421])"
1489,6239,190028,"array([3.78365038, 8.26239619])"
1490,6239,24104625,"array([3.8183706 , 8.68229457])"
1491,6239,172255,"array([1.35116092, 7.86307929])"
1492,6239,172259,"array([2.66941529, 7.690594  ])"
1493,6239,172264,"array([6.34342872, 8.32526615])"
1494,6239,172267,"array([0.96308487, 7.94171002])"
1495,6239,172268,"array([3.92309675, 9.38106497])"
1496,6239,176369,"array([ 3.70737297, 11.47245614])"
1497,6239,172270,"array([8.96968546, 8.40340848])"
1498,6239,179834,"array([10.1915849 ,  9.01464535])"
1499,6239,180086,"array([10.06575976,  9.22300093])"
1500,6239,172275,"array([ 7.09006531, 10.6095377 ])"
1501,6239,172278,"array([6.33990031, 4.79260702])"
1502,6239,176921,"array([1.91504495, 6.72222185])"
1503,6239,179046,"array([5.24109037, 5.93626782])"
1504,6239,189705,"array([2.98289792, 6.67368087])"
1505,6239,172303,"array([8.80597943, 7.09463337])"
1506,6239,175206,"array([7.04391637, 6.95975801])"
1507,6239,172322,"array([7.47099738, 2.14374721])"
1508,6239,177187,"array([5.56502257, 7.51858888])"
1509,6239,181099,"array([2.18743646, 5.17161724])"
1510,6239,173767,"array([4.39957068, 8.39985012])"
1511,6239,174535,"array([2.33705361, 6.70495361])"
1512,6239,179049,"array([ 4.89381868, 11.39876102])"
1513,6239,187262,"array([ 5.16802088, 10.05583391])"
1514,6239,172344,"array([6.42650705, 9.84184491])"
1515,6239,172345,"array([1.6288558 , 7.26917958])"
1516,6239,172760,"array([3.34012122, 7.2417934 ])"
1517,6239,172346,"array([2.78265893, 2.50375874])"
1518,6239,174364,"array([2.19556811, 7.22197138])"
1519,6239,174689,"array([2.06915092, 5.38080723])"
1520,6239,175851,"array([1.86844513, 5.71871307])"
1521,6239,176153,"array([2.14667589, 5.92391385])"
1522,6239,178979,"array([1.73853026, 5.9372456 ])"
1523,6239,179524,"array([2.93482859, 6.86566174])"
1524,6239,191275,"array([2.94485546, 7.16384196])"
1525,6239,24104882,"array([4.23976099, 5.41947404])"
1526,6239,260100,"array([5.13814837, 5.64436762])"
1527,6239,172355,"array([ 7.64664092, 10.15888483])"
1528,6239,172358,"array([8.04504258, 4.73816459])"
1529,6239,172363,"array([7.70777735, 8.70957064])"
1530,6239,172612,"array([5.12999117, 8.28726132])"
1531,6239,173167,"array([5.63290372, 8.86005633])"
1532,6239,172387,"array([8.29822798, 1.38589848])"
1533,6239,172389,"array([6.50061988, 9.17953643])"
1534,6239,174306,"array([6.62629039, 8.49276403])"
1535,6239,177494,"array([5.5385549, 9.8421589])"
1536,6239,177594,"array([7.13277304, 8.0171224 ])"
1537,6239,180826,"array([6.78043722, 9.32564445])"
1538,6239,181035,"array([5.36121575, 8.43107732])"
1539,6239,181101,"array([6.82255271, 9.67081616])"
1540,6239,181678,"array([6.61089237, 9.27230341])"
1541,6239,191285,"array([ 7.11451241, 10.30820759])"
1542,6239,172536,"array([1.85221509, 6.4511206 ])"
1543,6239,174544,"array([5.42162574, 6.24874887])"
1544,6239,175149,"array([2.65242633, 6.52838891])"
1545,6239,177666,"array([2.355719  , 7.19537713])"
1546,6239,180459,"array([4.10506386, 5.97020014])"
1547,6239,181529,"array([2.03151032, 6.9384254 ])"
1548,6239,172397,"array([7.1690377 , 8.64474611])"
1549,6239,180751,"array([2.07267922, 6.45286054])"
1550,6239,172404,"array([-0.37694058,  5.81123798])"
1551,6239,181502,"array([1.08251355, 6.26754136])"
1552,6239,172405,"array([1.15143106, 3.7398445 ])"
1553,6239,179080,"array([7.18630677, 8.48061369])"
1554,6239,177850,"array([7.73837001, 8.0805811 ])"
1555,6239,180827,"array([7.21238275, 8.29848213])"
1556,6239,172424,"array([8.81057831, 1.39597597])"
1557,6239,172431,"array([ 5.47797226, 11.98133647])"
1558,6239,174001,"array([ 5.34914509, 10.48317569])"
1559,6239,172632,"array([6.90958846, 5.65166065])"
1560,6239,176788,"array([7.88494795, 7.7881851 ])"
1561,6239,178583,"array([7.70562251, 6.74173932])"
1562,6239,172450,"array([7.21278286, 7.26420145])"
1563,6239,180311,"array([5.68988237, 7.14723663])"
1564,6239,172455,"array([7.62035206, 5.928744  ])"
1565,6239,174447,"array([ 5.72435366, 10.63528967])"
1566,6239,182758,"array([ 5.56951644, 10.73759602])"
1567,6239,191703,"array([4.62785228, 9.55205935])"
1568,6239,172460,"array([1.17713293, 7.76661381])"
1569,6239,172468,"array([1.42938474, 9.81375613])"
1570,6239,172473,"array([1.22831354, 5.90603909])"
1571,6239,172474,"array([5.60945761, 1.04286463])"
1572,6239,177797,"array([5.5888947 , 2.25374031])"
1573,6239,178284,"array([7.89133013, 7.43156083])"
1574,6239,180029,"array([8.57610646, 5.36366045])"
1575,6239,172480,"array([8.70444458, 5.55921692])"
1576,6239,181004,"array([7.12929493, 5.93094338])"
1577,6239,172914,"array([9.97620038, 6.69476288])"
1578,6239,179003,"array([10.32775281,  7.09531265])"
1579,6239,179796,"array([9.92429229, 6.89421909])"
1580,6239,179962,"array([9.38184487, 7.05504009])"
1581,6239,191707,"array([9.96037115, 7.10513968])"
1582,6239,177514,"array([7.37621795, 8.27327318])"
1583,6239,179676,"array([7.58747975, 7.95547061])"
1584,6239,180413,"array([6.79025564, 8.59402554])"
1585,6239,182323,"array([6.90244547, 7.55944466])"
1586,6239,172493,"array([9.2819733 , 8.12803029])"
1587,6239,175541,"array([5.80306998, 5.95756149])"
1588,6239,175951,"array([7.83305137, 7.60741942])"
1589,6239,177602,"array([9.02930959, 5.67368374])"
1590,6239,177924,"array([6.57398066, 6.61884447])"
1591,6239,178427,"array([7.06666852, 7.51792198])"
1592,6239,180713,"array([6.10576507, 7.72372139])"
1593,6239,192048,"array([6.4043353 , 6.40979963])"
1594,6239,192050,"array([7.35136146, 7.25949737])"
1595,6239,260121,"array([9.32147145, 7.26539638])"
1596,6239,266648,"array([8.40927762, 7.04804377])"
1597,6239,172498,"array([11.47464062, -1.60659652])"
1598,6239,177357,"array([10.88607218, -1.13885551])"
1599,6239,179319,"array([7.76689782, 7.23296589])"
1600,6239,179707,"array([8.62053173, 7.13263999])"
1601,6239,181139,"array([9.12448356, 7.16180789])"
1602,6239,172515,"array([5.23497578, 3.06138055])"
1603,6239,182072,"array([5.33552044, 1.73354017])"
1604,6239,172523,"array([7.05943735, 7.68355272])"
1605,6239,172977,"array([5.24318963, 7.3536929 ])"
1606,6239,174367,"array([8.64282119, 8.29699366])"
1607,6239,174418,"array([6.61046501, 7.83667898])"
1608,6239,172525,"array([1.28767358, 2.90661029])"
1609,6239,175654,"array([3.8242221 , 5.78552695])"
1610,6239,175793,"array([6.18675096, 6.61415586])"
1611,6239,177241,"array([3.59197601, 6.2530139 ])"
1612,6239,3565776,"array([4.02344146, 6.8403417 ])"
1613,6239,179437,"array([ 1.27222738, 11.87034433])"
1614,6239,175838,"array([2.07239444, 6.81181742])"
1615,6239,172553,"array([-13.24620532,   0.70872108])"
1616,6239,3565633,"array([-12.93973916,   0.54835891])"
1617,6239,172554,"array([ 3.05523971, 12.54547032])"
1618,6239,177352,"array([ 2.24593451, 13.37558014])"
1619,6239,183417,"array([ 2.44278081, 13.60454294])"
1620,6239,172562,"array([5.07197686, 5.89334532])"
1621,6239,180581,"array([5.69864722, 5.20366279])"
1622,6239,172571,"array([8.63462442, 1.81915485])"
1623,6239,172584,"array([5.41545776, 5.6640213 ])"
1624,6239,172593,"array([5.91410323, 5.30964171])"
1625,6239,191014,"array([6.74398267, 4.80207435])"
1626,6239,172594,"array([7.57319184, 7.82922417])"
1627,6239,176074,"array([6.59332659, 7.31815598])"
1628,6239,172596,"array([5.18093705, 8.40566548])"
1629,6239,174437,"array([5.37125705, 6.42822309])"
1630,6239,178491,"array([5.9757772 , 6.07800887])"
1631,6239,179259,"array([7.17586583, 7.84582942])"
1632,6239,180530,"array([4.79628596, 7.89773857])"
1633,6239,172598,"array([7.12119729, 8.80497017])"
1634,6239,172600,"array([5.7120122 , 3.34433673])"
1635,6239,172604,"array([3.08118193, 7.32579001])"
1636,6239,172752,"array([2.24489026, 7.05131219])"
1637,6239,172606,"array([10.49491232, -1.58462999])"
1638,6239,172813,"array([3.43572011, 5.74813988])"
1639,6239,172864,"array([5.80838313, 9.95176345])"
1640,6239,174779,"array([4.97445932, 9.48086924])"
1641,6239,176114,"array([5.14454079, 9.82985608])"
1642,6239,172761,"array([4.57474843, 9.39033617])"
1643,6239,175982,"array([5.8004242, 8.9211475])"
1644,6239,178250,"array([4.18144032, 8.14022269])"
1645,6239,172613,"array([7.33125412, 4.10333772])"
1646,6239,176472,"array([7.16769211, 2.22323065])"
1647,6239,177370,"array([7.28700125, 4.54209846])"
1648,6239,183687,"array([6.3658326 , 6.10019938])"
1649,6239,172693,"array([0.55186885, 4.7082242 ])"
1650,6239,172805,"array([0.63512212, 5.27311077])"
1651,6239,172901,"array([0.15275201, 5.14094396])"
1652,6239,173214,"array([3.07211883, 5.26904161])"
1653,6239,173342,"array([0.76643575, 4.83441483])"
1654,6239,173520,"array([4.77396556, 5.68758787])"
1655,6239,174002,"array([3.67760491, 5.89420016])"
1656,6239,174699,"array([0.49176713, 5.11732215])"
1657,6239,175235,"array([0.1507872 , 5.35580256])"
1658,6239,175338,"array([0.76385597, 4.612808  ])"
1659,6239,175584,"array([1.32804533, 4.29303086])"
1660,6239,175901,"array([0.32509669, 5.01888871])"
1661,6239,175959,"array([2.82780493, 5.65754527])"
1662,6239,176858,"array([0.71389288, 5.04257612])"
1663,6239,177503,"array([0.14433279, 4.8954374 ])"
1664,6239,177583,"array([0.32454118, 4.79234663])"
1665,6239,177876,"array([3.7072275 , 6.46767423])"
1666,6239,178012,"array([0.33693403, 4.60033094])"
1667,6239,178083,"array([1.64149163, 4.22139106])"
1668,6239,178188,"array([0.4995753 , 5.45268151])"
1669,6239,178201,"array([-0.17287771,  5.0707495 ])"
1670,6239,178408,"array([1.50546649, 4.3300274 ])"
1671,6239,178538,"array([0.52004041, 4.90532159])"
1672,6239,179601,"array([0.34955275, 5.2660736 ])"
1673,6239,179998,"array([0.29489045, 5.530146  ])"
1674,6239,181261,"array([2.31599646, 6.40138402])"
1675,6239,183841,"array([2.86425758, 6.42975155])"
1676,6239,187062,"array([3.60194422, 6.38059861])"
1677,6239,172617,"array([0.90376208, 5.62135213])"
1678,6239,172626,"array([3.49633168, 7.09625771])"
1679,6239,175091,"array([1.73519236, 6.90473089])"
1680,6239,175145,"array([5.40234996, 8.08735007])"
1681,6239,179782,"array([2.59597751, 7.11623357])"
1682,6239,181337,"array([3.98695445, 7.3310677 ])"
1683,6239,266860,"array([4.00668509, 7.52415638])"
1684,6239,172628,"array([3.4598949 , 8.77410019])"
1685,6239,174476,"array([7.97884776, 4.51435746])"
1686,6239,181748,"array([6.7728729 , 4.65303854])"
1687,6239,172646,"array([8.42998246, 5.68203405])"
1688,6239,178031,"array([9.66104526, 4.82873149])"
1689,6239,178036,"array([9.29763011, 4.98260289])"
1690,6239,178108,"array([10.16378774,  4.94148827])"
1691,6239,178508,"array([9.74735363, 5.12018485])"
1692,6239,172651,"array([2.50762915, 2.40094978])"
1693,6239,172662,"array([2.57094156, 7.55291117])"
1694,6239,172666,"array([6.05490019, 3.83254486])"
1695,6239,172672,"array([9.16174855, 1.84623607])"
1696,6239,172676,"array([4.87444255, 3.70117129])"
1697,6239,172678,"array([8.28165073, 6.87839221])"
1698,6239,177788,"array([8.77861834, 8.10190234])"
1699,6239,172691,"array([2.72536571, 9.10543531])"
1700,6239,172697,"array([2.48006179, 5.64276648])"
1701,6239,173174,"array([8.50730939, 3.51417804])"
1702,6239,179235,"array([8.86399194, 4.09491931])"
1703,6239,184647,"array([7.7264877 , 4.30599971])"
1704,6239,185978,"array([8.09588086, 3.22699921])"
1705,6239,188857,"array([8.43380099, 3.332294  ])"
1706,6239,172710,"array([8.59455619, 2.47482953])"
1707,6239,174430,"array([3.58690442, 9.02811102])"
1708,6239,172715,"array([7.29658571, 5.51724882])"
1709,6239,181370,"array([7.51072901, 6.66095274])"
1710,6239,172723,"array([7.52616308, 5.80795733])"
1711,6239,176297,"array([7.43653021, 6.14507337])"
1712,6239,180752,"array([8.49124093, 5.9625143 ])"
1713,6239,172728,"array([0.53707019, 6.18434815])"
1714,6239,172730,"array([ 7.69398964, 11.39609269])"
1715,6239,175030,"array([ 6.92290305, 10.16705504])"
1716,6239,172732,"array([8.03222549, 6.28515013])"
1717,6239,180574,"array([7.19161363, 6.1035032 ])"
1718,6239,172733,"array([ 5.92284232, 10.32267283])"
1719,6239,172929,"array([ 6.34996458, 11.73195119])"
1720,6239,172743,"array([6.80751733, 4.90986482])"
1721,6239,3565237,"array([3.17288093, 6.5751668 ])"
1722,6239,182474,"array([8.2859784 , 8.58393569])"
1723,6239,172751,"array([3.2361011 , 2.59979355])"
1724,6239,173986,"array([6.63082799, 9.80524929])"
1725,6239,172757,"array([10.26441281, 25.76025385])"
1726,6239,176794,"array([ 9.92076973, 25.7242837 ])"
1727,6239,173503,"array([3.79294481, 6.94366815])"
1728,6239,176268,"array([1.82320768, 7.57052004])"
1729,6239,176652,"array([2.87784447, 7.0433762 ])"
1730,6239,177794,"array([3.92783337, 6.31296215])"
1731,6239,177987,"array([1.69126191, 7.74116668])"
1732,6239,179160,"array([2.5201232 , 7.71112823])"
1733,6239,180176,"array([4.12246579, 8.04872168])"
1734,6239,180783,"array([2.20642711, 6.78395731])"
1735,6239,180850,"array([2.60315116, 6.8066807 ])"
1736,6239,180949,"array([3.23587345, 6.971504  ])"
1737,6239,184953,"array([2.95789004, 7.70321967])"
1738,6239,172769,"array([3.33477934, 8.92395324])"
1739,6239,172771,"array([6.45984593, 6.01392732])"
1740,6239,173058,"array([5.93148315, 7.61557322])"
1741,6239,173175,"array([6.66494257, 5.71180405])"
1742,6239,173693,"array([7.23781809, 6.49252232])"
1743,6239,181554,"array([6.52735411, 5.12061918])"
1744,6239,181555,"array([5.84461375, 4.97615342])"
1745,6239,183819,"array([6.28554585, 4.23584434])"
1746,6239,172778,"array([5.59675482, 4.10285186])"
1747,6239,172780,"array([6.07852727, 4.474052  ])"
1748,6239,172782,"array([3.97235105, 7.16699846])"
1749,6239,172783,"array([4.16310229, 3.88855725])"
1750,6239,181334,"array([6.56986653, 7.64678896])"
1751,6239,192082,"array([ 3.58596278, 12.29412591])"
1752,6239,172792,"array([7.73746764, 7.89926835])"
1753,6239,172794,"array([2.30591055, 6.52910182])"
1754,6239,174291,"array([0.71597737, 6.05366485])"
1755,6239,176633,"array([0.83313959, 5.87098125])"
1756,6239,172801,"array([5.79578169, 8.22789911])"
1757,6239,172812,"array([11.52789527, 24.43543164])"
1758,6239,173809,"array([11.84542823, 24.29737516])"
1759,6239,172814,"array([3.91796577, 5.99172693])"
1760,6239,172815,"array([5.50583013, 8.19765736])"
1761,6239,176863,"array([6.64633409, 7.07969337])"
1762,6239,177610,"array([6.43665684, 8.62132013])"
1763,6239,178117,"array([4.03840207, 6.60973401])"
1764,6239,172831,"array([6.91338924, 9.89828967])"
1765,6239,173128,"array([7.20593674, 8.95883289])"
1766,6239,172833,"array([  3.7631021 , -12.52716917])"
1767,6239,172986,"array([  3.62633519, -12.20987821])"
1768,6239,172836,"array([7.19992917, 1.57568323])"
1769,6239,176175,"array([8.06454796, 5.75460095])"
1770,6239,176477,"array([7.84680943, 6.2956196 ])"
1771,6239,188761,"array([6.39409145, 5.17366825])"
1772,6239,191700,"array([8.20574275, 6.34323956])"
1773,6239,3565680,"array([8.22661799, 6.52532347])"
1774,6239,172840,"array([8.07568764, 5.07718955])"
1775,6239,189901,"array([6.58968295, 5.48715404])"
1776,6239,172847,"array([1.44509176, 6.33019451])"
1777,6239,176575,"array([5.88337399, 7.25119892])"
1778,6239,174274,"array([7.2868975 , 8.09160969])"
1779,6239,174803,"array([7.48072004, 7.74683851])"
1780,6239,176503,"array([7.17416655, 8.16174535])"
1781,6239,179649,"array([6.9742015 , 7.41392585])"
1782,6239,180864,"array([7.9531815 , 7.27026571])"
1783,6239,191609,"array([6.51064633, 8.50126931])"
1784,6239,172873,"array([0.46666296, 9.81081564])"
1785,6239,172883,"array([0.87071531, 7.16630915])"
1786,6239,172888,"array([9.35679985, 6.87135612])"
1787,6239,175910,"array([8.88831911, 6.27691014])"
1788,6239,172889,"array([8.18085392, 3.63075712])"
1789,6239,178159,"array([5.26862549, 6.41167695])"
1790,6239,178024,"array([3.01300677, 6.9980332 ])"
1791,6239,172896,"array([ 3.77223889, 12.89394463])"
1792,6239,173910,"array([ 3.78803003, 14.06688615])"
1793,6239,174459,"array([ 4.05950682, 13.87102617])"
1794,6239,181131,"array([ 3.49041305, 14.06371305])"
1795,6239,172897,"array([7.28402356, 1.20236322])"
1796,6239,176565,"array([3.63754657, 8.26335981])"
1797,6239,172908,"array([ 3.45592755, 13.63192133])"
1798,6239,172910,"array([3.3281962, 6.4834901])"
1799,6239,172915,"array([7.37994477, 6.75535709])"
1800,6239,176018,"array([8.97346475, 6.92752693])"
1801,6239,182681,"array([7.04373043, 5.21702119])"
1802,6239,172919,"array([8.66271502, 1.51029548])"
1803,6239,172920,"array([ 7.81050244, 26.67545139])"
1804,6239,181473,"array([ 8.15713907, 26.69910212])"
1805,6239,172942,"array([5.3670558 , 5.75668009])"
1806,6239,172946,"array([-1.37887276,  4.34850334])"
1807,6239,173370,"array([-2.02379289,  3.65504053])"
1808,6239,172948,"array([5.29383842, 9.82504619])"
1809,6239,173116,"array([ 5.7537716 , 11.39860386])"
1810,6239,172950,"array([9.28339789, 6.00891857])"
1811,6239,175085,"array([7.65324105, 6.21140558])"
1812,6239,181288,"array([3.85533248, 5.89527205])"
1813,6239,172953,"array([7.80478325, 5.21509298])"
1814,6239,174199,"array([9.22298695, 4.52999053])"
1815,6239,172966,"array([10.41187272,  4.46120864])"
1816,6239,176150,"array([3.19062427, 7.17440651])"
1817,6239,181250,"array([6.94458978, 6.57539979])"
1818,6239,172978,"array([ 7.1817287 , 10.97527062])"
1819,6239,173176,"array([7.17128137, 3.95919995])"
1820,6239,173223,"array([7.41009631, 5.24882139])"
1821,6239,173224,"array([5.79142073, 5.72974692])"
1822,6239,174312,"array([8.62574765, 4.79327749])"
1823,6239,174436,"array([6.36905479, 4.68066179])"
1824,6239,174517,"array([7.5887221 , 4.85480767])"
1825,6239,176120,"array([6.64593902, 5.0980393 ])"
1826,6239,176525,"array([7.68794664, 4.65462683])"
1827,6239,176991,"array([6.65462054, 6.3652473 ])"
1828,6239,177196,"array([4.5981072 , 4.66359097])"
1829,6239,177619,"array([6.20970182, 5.53823178])"
1830,6239,177770,"array([6.96826842, 6.27219374])"
1831,6239,177936,"array([6.36551956, 5.05382493])"
1832,6239,178463,"array([4.70313634, 4.66026156])"
1833,6239,179228,"array([4.93515681, 6.08432373])"
1834,6239,179331,"array([6.02124829, 5.45994635])"
1835,6239,179898,"array([7.21095675, 4.36061485])"
1836,6239,180326,"array([6.64988512, 4.97044171])"
1837,6239,180393,"array([6.51520847, 4.29155575])"
1838,6239,180431,"array([6.43375537, 5.89763482])"
1839,6239,180446,"array([7.62177654, 5.07020838])"
1840,6239,180553,"array([7.09571959, 4.78894881])"
1841,6239,180585,"array([7.34357673, 4.79146386])"
1842,6239,180630,"array([6.71191393, 5.50748793])"
1843,6239,180708,"array([7.876532  , 5.04251241])"
1844,6239,181321,"array([7.39427896, 4.65766004])"
1845,6239,181573,"array([5.99157538, 6.68760556])"
1846,6239,182722,"array([7.76900465, 6.93532669])"
1847,6239,184883,"array([6.2243391, 5.2935077])"
1848,6239,185136,"array([6.91411699, 4.73416543])"
1849,6239,186633,"array([6.41883154, 6.28292778])"
1850,6239,188539,"array([7.95123158, 5.20995893])"
1851,6239,189370,"array([6.3471673 , 5.30413382])"
1852,6239,190782,"array([6.54903513, 5.58919643])"
1853,6239,24104675,"array([5.97433199, 5.17259275])"
1854,6239,24104708,"array([7.14937318, 4.19171339])"
1855,6239,266853,"array([6.60286936, 4.86328883])"
1856,6239,3564920,"array([7.08168947, 6.03209787])"
1857,6239,3564977,"array([6.08078868, 4.76651928])"
1858,6239,3565745,"array([6.58017902, 5.34219528])"
1859,6239,172984,"array([7.25124535, 9.64116494])"
1860,6239,172995,"array([11.28547109,  7.74902872])"
1861,6239,173411,"array([9.72293768, 7.46179431])"
1862,6239,173918,"array([12.29260939,  7.9199003 ])"
1863,6239,172999,"array([3.41816539, 7.85230871])"
1864,6239,173007,"array([0.98626904, 8.99415764])"
1865,6239,173012,"array([7.84787109, 1.7231031 ])"
1866,6239,173038,"array([7.27756527, 5.94122215])"
1867,6239,180358,"array([7.85717499, 4.06893234])"
1868,6239,173041,"array([9.35529457, 6.55047066])"
1869,6239,173050,"array([2.41894585, 6.40004057])"
1870,6239,176877,"array([4.80018987, 8.4681902 ])"
1871,6239,177084,"array([5.18975994, 6.70246993])"
1872,6239,177101,"array([6.80187633, 8.94304835])"
1873,6239,177486,"array([4.76259295, 7.82365354])"
1874,6239,178362,"array([5.82116426, 8.3827799 ])"
1875,6239,178997,"array([6.72508322, 7.79915735])"
1876,6239,179538,"array([4.63574022, 8.69589829])"
1877,6239,173404,"array([5.6708189 , 4.51767127])"
1878,6239,174659,"array([3.84294219, 6.37130972])"
1879,6239,176816,"array([5.46011003, 6.83266309])"
1880,6239,178904,"array([5.66803447, 4.38970879])"
1881,6239,182136,"array([5.76508692, 4.27607265])"
1882,6239,182139,"array([5.93963585, 4.39007535])"
1883,6239,184469,"array([6.60901819, 4.58616866])"
1884,6239,187728,"array([5.54481754, 4.30038174])"
1885,6239,173074,"array([7.46594088, 6.49872798])"
1886,6239,176597,"array([9.0855776, 6.2609849])"
1887,6239,173954,"array([4.66363679, 4.46929003])"
1888,6239,176226,"array([5.94545163, 5.96559384])"
1889,6239,178208,"array([6.48483185, 5.46324514])"
1890,6239,178587,"array([6.27867329, 8.08628119])"
1891,6239,179971,"array([6.56387805, 5.95790211])"
1892,6239,180918,"array([7.03531232, 5.6260747 ])"
1893,6239,190025,"array([5.95602913, 4.9868663 ])"
1894,6239,173748,"array([4.90247603, 7.84185448])"
1895,6239,173085,"array([6.69001953, 7.67446156])"
1896,6239,173098,"array([1.27720106, 8.56917379])"
1897,6239,173231,"array([4.93467237, 6.29749982])"
1898,6239,174576,"array([8.2890032 , 5.57778197])"
1899,6239,173123,"array([2.44833117, 2.79218437])"
1900,6239,174587,"array([6.90997498, 9.07724427])"
1901,6239,179469,"array([6.76500463, 9.9508805 ])"
1902,6239,181743,"array([ 8.14220436, 10.51260736])"
1903,6239,185682,"array([7.33214034, 9.48800862])"
1904,6239,173141,"array([6.70053866, 1.91957458])"
1905,6239,173146,"array([10.24088614,  6.81656783])"
1906,6239,177703,"array([3.30573029, 6.24019241])"
1907,6239,173154,"array([2.7632195 , 2.66078544])"
1908,6239,173158,"array([2.17016272, 7.80760679])"
1909,6239,173160,"array([ 9.53770951, -1.05265725])"
1910,6239,173162,"array([10.10009736,  7.31747078])"
1911,6239,191713,"array([8.59017642, 6.97993239])"
1912,6239,173164,"array([8.45069454, 5.14244775])"
1913,6239,173168,"array([3.65854764, 4.8299608 ])"
1914,6239,173169,"array([3.09128674, 8.36367957])"
1915,6239,177044,"array([7.56237499, 2.76930161])"
1916,6239,173189,"array([2.44830404, 2.6044679 ])"
1917,6239,173194,"array([7.05541274, 3.65747989])"
1918,6239,173196,"array([5.43452723, 9.72048411])"
1919,6239,173198,"array([0.85086429, 7.39385779])"
1920,6239,173200,"array([ 1.18700693, 12.60063261])"
1921,6239,176270,"array([ 0.7346929 , 13.45634772])"
1922,6239,173202,"array([9.90351873, 6.00814574])"
1923,6239,173626,"array([1.7816322 , 4.45272788])"
1924,6239,174425,"array([2.16038637, 4.39889814])"
1925,6239,174812,"array([1.62113677, 4.60850796])"
1926,6239,175080,"array([2.6700755 , 5.70765296])"
1927,6239,177232,"array([2.09368047, 4.20146789])"
1928,6239,178107,"array([1.88560715, 6.22073267])"
1929,6239,178602,"array([1.83109844, 4.64776666])"
1930,6239,180772,"array([1.95194652, 4.34496557])"
1931,6239,180835,"array([5.33488218, 3.23839141])"
1932,6239,181467,"array([2.01461839, 4.55929794])"
1933,6239,181543,"array([1.62033094, 5.01244713])"
1934,6239,183391,"array([1.51206633, 4.80753565])"
1935,6239,192072,"array([4.17696667, 5.62600446])"
1936,6239,259530,"array([2.30827855, 4.15773112])"
1937,6239,3565129,"array([1.71672332, 4.82052488])"
1938,6239,173971,"array([9.22789149, 4.74576472])"
1939,6239,190251,"array([5.27865247, 5.61555791])"
1940,6239,173225,"array([2.65366485, 7.39960067])"
1941,6239,173226,"array([-11.08951766,  18.85785695])"
1942,6239,178337,"array([-10.81761628,  19.06503992])"
1943,6239,173230,"array([1.63708179, 3.42339268])"
1944,6239,181400,"array([4.39241699, 7.20779261])"
1945,6239,173241,"array([-3.17432839,  8.90715599])"
1946,6239,173777,"array([-2.35783001,  8.71363959])"
1947,6239,173260,"array([1.4923119 , 8.02154823])"
1948,6239,173277,"array([6.23219618, 7.23239284])"
1949,6239,173281,"array([5.97682127, 7.92281934])"
1950,6239,181723,"array([7.61303708, 6.93104145])"
1951,6239,173282,"array([5.85490009, 4.77355924])"
1952,6239,178980,"array([4.40138408, 2.81277272])"
1953,6239,181658,"array([6.06850537, 4.27017995])"
1954,6239,189586,"array([6.45420094, 4.44537478])"
1955,6239,190099,"array([6.13076344, 2.90196929])"
1956,6239,3564879,"array([6.36846989, 2.9779685 ])"
1957,6239,186869,"array([2.40095986, 7.54754779])"
1958,6239,173291,"array([8.88900425, 1.55578166])"
1959,6239,173293,"array([5.10227675, 7.4824355 ])"
1960,6239,181251,"array([6.15631548, 8.3368205 ])"
1961,6239,176569,"array([7.37131339, 7.68507861])"
1962,6239,179040,"array([5.37091211, 8.18500846])"
1963,6239,177709,"array([ 4.20125143, 13.3770206 ])"
1964,6239,173334,"array([3.90857062, 5.39514949])"
1965,6239,178079,"array([3.47514396, 6.25697935])"
1966,6239,183905,"array([7.97365943, 7.92794081])"
1967,6239,190051,"array([5.72823174, 7.90125847])"
1968,6239,173355,"array([2.41831092, 8.11073088])"
1969,6239,173358,"array([5.8795953 , 5.45364547])"
1970,6239,173365,"array([3.17878761, 7.05727394])"
1971,6239,185718,"array([3.33645932, 6.37109163])"
1972,6239,175337,"array([-2.85736456,  3.48558901])"
1973,6239,176209,"array([-2.72376291,  3.17205102])"
1974,6239,178418,"array([-0.82163054,  3.84417439])"
1975,6239,173373,"array([-0.23870249,  5.98090353])"
1976,6239,173382,"array([5.5066388 , 9.08766177])"
1977,6239,174731,"array([5.17254423, 8.16748115])"
1978,6239,179693,"array([5.07858968, 8.81714935])"
1979,6239,173384,"array([3.87583868, 7.12563477])"
1980,6239,173385,"array([7.9603304 , 8.70505779])"
1981,6239,173389,"array([8.58740751, 6.70591574])"
1982,6239,173392,"array([6.97401712, 8.93278873])"
1983,6239,173394,"array([-0.09280295,  6.37878805])"
1984,6239,181271,"array([7.2051847 , 6.94737514])"
1985,6239,173416,"array([-13.2395262 ,  13.14653411])"
1986,6239,183625,"array([-13.06091069,  13.43760484])"
1987,6239,173418,"array([ 3.52525011, 13.39949531])"
1988,6239,173425,"array([5.6503148 , 3.67024276])"
1989,6239,173428,"array([ 13.85922981, -11.54005542])"
1990,6239,187393,"array([ 13.54270387, -11.68310933])"
1991,6239,173440,"array([1.43904218, 8.75565865])"
1992,6239,173459,"array([5.34384336, 3.76542888])"
1993,6239,173468,"array([2.98522859, 6.38212425])"
1994,6239,177895,"array([2.28745009, 5.81186498])"
1995,6239,180315,"array([1.36364123, 5.6851237 ])"
1996,6239,191270,"array([1.46298299, 5.85103117])"
1997,6239,173493,"array([8.99303054, 6.48667317])"
1998,6239,173496,"array([7.61407178, 6.07515528])"
1999,6239,173497,"array([0.28582659, 9.36877461])"
2000,6239,173500,"array([8.22656239, 6.02587438])"
2001,6239,260115,"array([3.06514591, 7.21147082])"
2002,6239,3565400,"array([5.88342959, 5.89265921])"
2003,6239,173558,"array([5.81206445, 3.9214252 ])"
2004,6239,177397,"array([6.22799549, 7.51772246])"
2005,6239,181608,"array([7.6116612 , 6.58196121])"
2006,6239,181784,"array([7.76764184, 6.10742254])"
2007,6239,182108,"array([8.16523807, 6.18360916])"
2008,6239,173625,"array([6.96344887, 9.52340534])"
2009,6239,173641,"array([3.43615519, 2.54438788])"
2010,6239,173648,"array([2.2820416, 2.3026674])"
2011,6239,174154,"array([3.57480266, 8.68586851])"
2012,6239,174193,"array([3.791181, 7.354184])"
2013,6239,174288,"array([3.4707637 , 8.59158862])"
2014,6239,174786,"array([3.16405565, 7.83381176])"
2015,6239,175435,"array([3.29495274, 8.56837633])"
2016,6239,175474,"array([3.79080589, 8.3667552 ])"
2017,6239,176393,"array([2.91183432, 8.88311906])"
2018,6239,177560,"array([3.64420184, 8.87322835])"
2019,6239,177880,"array([3.06569644, 8.78027763])"
2020,6239,178363,"array([3.20884925, 9.05092953])"
2021,6239,179420,"array([3.00271275, 8.61472871])"
2022,6239,179833,"array([3.31424437, 8.06162639])"
2023,6239,183194,"array([3.50506222, 8.89173215])"
2024,6239,183878,"array([3.22095474, 8.82261808])"
2025,6239,187419,"array([3.32991786, 8.70540135])"
2026,6239,188233,"array([3.16385238, 8.52275724])"
2027,6239,3565337,"array([2.88157303, 8.35621113])"
2028,6239,173695,"array([3.07046269, 2.67872772])"
2029,6239,173710,"array([2.84227774, 8.17908325])"
2030,6239,173727,"array([1.80296275, 3.18428762])"
2031,6239,173738,"array([2.48240177, 6.66803424])"
2032,6239,174658,"array([3.59268347, 6.89220695])"
2033,6239,180650,"array([5.15818049, 7.99143349])"
2034,6239,3565051,"array([3.57191286, 6.78778994])"
2035,6239,173742,"array([8.81601377, 1.85274531])"
2036,6239,173744,"array([5.09454021, 5.30739474])"
2037,6239,177144,"array([0.79489397, 8.80564261])"
2038,6239,173759,"array([8.87038155, 5.58706785])"
2039,6239,173774,"array([7.86582876, 8.78773915])"
2040,6239,181907,"array([6.51226824, 8.36171509])"
2041,6239,173775,"array([10.7247694 ,  5.23667826])"
2042,6239,176230,"array([9.29087523, 5.52483521])"
2043,6239,173776,"array([8.56696108, 5.66612991])"
2044,6239,187613,"array([-1.14388518,  8.43183797])"
2045,6239,181503,"array([5.69398476, 6.354789  ])"
2046,6239,173929,"array([6.45289036, 6.7810809 ])"
2047,6239,174194,"array([2.4233577 , 6.17984018])"
2048,6239,177949,"array([5.69171814, 6.95564478])"
2049,6239,181163,"array([4.4645428 , 7.60913297])"
2050,6239,24104681,"array([4.26872605, 6.0494087 ])"
2051,6239,173795,"array([  2.17971711, -12.89900787])"
2052,6239,177845,"array([  2.00128129, -12.5759148 ])"
2053,6239,178153,"array([  2.36103603, -13.21288407])"
2054,6239,173852,"array([7.6395804 , 9.01931765])"
2055,6239,173858,"array([4.92171941, 5.314015  ])"
2056,6239,173894,"array([2.98958271, 7.39292395])"
2057,6239,173898,"array([-12.20949527,  15.64218997])"
2058,6239,191746,"array([-12.07944834,  15.30225571])"
2059,6239,173914,"array([3.3902891 , 6.62342879])"
2060,6239,173915,"array([5.75988105, 6.28632764])"
2061,6239,173931,"array([3.97609225, 8.69551769])"
2062,6239,173939,"array([-13.70271709,  14.89734591])"
2063,6239,182719,"array([-14.00382322,  14.73561589])"
2064,6239,173946,"array([6.45889367, 4.85453833])"
2065,6239,173955,"array([8.88368212, 6.66696207])"
2066,6239,175018,"array([ 1.57418779, 10.19983725])"
2067,6239,176164,"array([ 1.49676945, 10.48204875])"
2068,6239,177520,"array([ 1.4847989 , 10.00802291])"
2069,6239,177873,"array([ 1.72869237, 10.44969545])"
2070,6239,173960,"array([5.87598639, 3.79272263])"
2071,6239,175943,"array([10.24775564,  4.07253574])"
2072,6239,173976,"array([-10.05618785,  20.83069152])"
2073,6239,181698,"array([-10.04993247,  20.48396111])"
2074,6239,173990,"array([9.29393744, 3.70575002])"
2075,6239,175243,"array([9.82216527, 3.44620765])"
2076,6239,174000,"array([6.28128976, 8.75013908])"
2077,6239,181790,"array([ 5.91593725, 11.85363775])"
2078,6239,188169,"array([ 5.72294473, 11.95541856])"
2079,6239,178139,"array([2.30459234, 4.97860676])"
2080,6239,181053,"array([2.35304742, 4.79381288])"
2081,6239,260040,"array([5.06896886, 6.44777091])"
2082,6239,174004,"array([6.3381061 , 3.83449855])"
2083,6239,174005,"array([ 5.18138409, 11.23253371])"
2084,6239,174006,"array([8.13642856, 5.89010748])"
2085,6239,174197,"array([4.00085524, 7.668978  ])"
2086,6239,177824,"array([3.28598266, 7.82882336])"
2087,6239,174019,"array([4.09409729, 9.408437  ])"
2088,6239,177292,"array([4.7737926 , 6.11224045])"
2089,6239,179439,"array([5.66230427, 6.58746425])"
2090,6239,177989,"array([2.05278975, 6.14417948])"
2091,6239,180692,"array([2.17444535, 5.69183904])"
2092,6239,181444,"array([4.63268362, 7.73245193])"
2093,6239,3565200,"array([6.22148257, 7.05936457])"
2094,6239,174055,"array([ 5.56046517, 11.05083635])"
2095,6239,174059,"array([2.36879104, 2.44455639])"
2096,6239,174067,"array([0.77542835, 6.52793668])"
2097,6239,174072,"array([1.84777061, 8.59582284])"
2098,6239,174081,"array([1.48607938, 6.09377294])"
2099,6239,174653,"array([4.54076782, 8.51168694])"
2100,6239,174120,"array([8.79517206, 8.50994695])"
2101,6239,181045,"array([9.89227615, 8.50783262])"
2102,6239,176521,"array([6.16294012, 5.4428272 ])"
2103,6239,178015,"array([5.98856508, 8.43634075])"
2104,6239,178105,"array([6.29270092, 7.13009596])"
2105,6239,178772,"array([7.76702362, 3.31241325])"
2106,6239,175367,"array([6.1398905 , 8.06610217])"
2107,6239,175551,"array([5.79323164, 8.51662475])"
2108,6239,176465,"array([4.77152561, 8.35705071])"
2109,6239,177435,"array([6.63936064, 8.63083559])"
2110,6239,178196,"array([4.17246355, 8.28314777])"
2111,6239,179360,"array([4.86836983, 7.97648929])"
2112,6239,179371,"array([6.18093711, 8.2188211 ])"
2113,6239,180549,"array([4.68706158, 8.28596414])"
2114,6239,181061,"array([4.1627572 , 7.17737876])"
2115,6239,181701,"array([5.05011584, 7.993652  ])"
2116,6239,176349,"array([7.75423088, 5.01717962])"
2117,6239,24105307,"array([7.61172616, 7.25223874])"
2118,6239,174157,"array([14.49062412, -9.99400338])"
2119,6239,191697,"array([ 14.15199125, -10.07593049])"
2120,6239,174158,"array([1.6750978 , 5.70977634])"
2121,6239,191735,"array([1.04236295, 5.98145632])"
2122,6239,174161,"array([10.47096863,  3.98540049])"
2123,6239,176271,"array([11.52401997,  3.74753334])"
2124,6239,260219,"array([11.39897401,  3.46518546])"
2125,6239,174166,"array([2.21301755, 3.31889938])"
2126,6239,174169,"array([8.17008085, 5.64318866])"
2127,6239,175771,"array([1.57249727, 8.33477623])"
2128,6239,175818,"array([2.9189561 , 7.82415667])"
2129,6239,176090,"array([2.00811813, 8.83677065])"
2130,6239,176507,"array([3.33445693, 7.94559851])"
2131,6239,176668,"array([1.83657013, 8.79256802])"
2132,6239,177181,"array([2.22455916, 7.57099641])"
2133,6239,177840,"array([2.77734689, 7.74198649])"
2134,6239,178486,"array([5.37311778, 8.75763464])"
2135,6239,179140,"array([2.96396438, 7.51511461])"
2136,6239,180047,"array([2.48678208, 7.20611265])"
2137,6239,183040,"array([2.10114051, 8.70493068])"
2138,6239,183250,"array([2.66328933, 7.24430695])"
2139,6239,190485,"array([3.86996999, 8.28806728])"
2140,6239,4363023,"array([2.69034863, 7.52381439])"
2141,6239,174180,"array([7.8421051 , 4.46101604])"
2142,6239,174187,"array([-9.67626254, -6.78966494])"
2143,6239,177743,"array([-9.77070282, -7.12429457])"
2144,6239,190400,"array([-9.43466559, -7.04167872])"
2145,6239,174190,"array([4.68065161, 3.35371898])"
2146,6239,174192,"array([7.92074533, 8.91159573])"
2147,6239,179612,"array([5.79780447, 7.63373208])"
2148,6239,180880,"array([6.91651714, 7.30597805])"
2149,6239,174226,"array([4.68255242, 9.0989082 ])"
2150,6239,174230,"array([8.08314777, 8.26830177])"
2151,6239,181255,"array([6.79862935, 7.87872739])"
2152,6239,174235,"array([9.15851481, 8.31846716])"
2153,6239,190808,"array([7.70699523, 7.72811286])"
2154,6239,174242,"array([7.81924076, 8.60868918])"
2155,6239,181247,"array([3.68904553, 9.59241972])"
2156,6239,174252,"array([2.42121001, 2.24426738])"
2157,6239,174266,"array([7.77273917, 8.91319906])"
2158,6239,174275,"array([5.35767513, 9.31976211])"
2159,6239,180040,"array([4.98776286, 9.06781796])"
2160,6239,174624,"array([5.10188681, 5.78495816])"
2161,6239,175179,"array([6.83737121, 6.79447921])"
2162,6239,175414,"array([7.46445494, 9.42575178])"
2163,6239,175429,"array([7.84314123, 9.20117932])"
2164,6239,175486,"array([6.41931746, 7.20846861])"
2165,6239,175487,"array([8.50038004, 9.57839458])"
2166,6239,175748,"array([7.64015832, 9.99272938])"
2167,6239,175763,"array([8.3895319 , 9.12715638])"
2168,6239,176005,"array([8.74968319, 9.54499793])"
2169,6239,176348,"array([ 8.05653628, 10.04704617])"
2170,6239,176385,"array([7.0695031 , 9.68602739])"
2171,6239,176576,"array([7.49764897, 9.08612217])"
2172,6239,176690,"array([7.66736026, 8.29746969])"
2173,6239,176848,"array([7.43453493, 7.46847997])"
2174,6239,176873,"array([8.07960009, 8.63450091])"
2175,6239,177108,"array([7.98503517, 8.51371493])"
2176,6239,177235,"array([8.07096935, 8.81964444])"
2177,6239,177254,"array([6.64507705, 6.85107008])"
2178,6239,177281,"array([8.69286554, 9.17540729])"
2179,6239,177348,"array([7.45141711, 8.65149355])"
2180,6239,177359,"array([7.22003503, 9.41177409])"
2181,6239,177802,"array([8.03101017, 9.47836146])"
2182,6239,177837,"array([7.13735587, 9.54297861])"
2183,6239,177853,"array([7.5222282 , 8.35912372])"
2184,6239,177858,"array([7.66289628, 8.44640095])"
2185,6239,178050,"array([7.46257341, 9.27618473])"
2186,6239,178053,"array([7.66196376, 8.84547562])"
2187,6239,178472,"array([7.51392697, 8.93265871])"
2188,6239,178502,"array([8.31293263, 9.28346828])"
2189,6239,179347,"array([7.74155894, 9.69085958])"
2190,6239,179496,"array([8.47644969, 8.90444368])"
2191,6239,179663,"array([8.03610464, 8.98079568])"
2192,6239,179691,"array([8.24305884, 9.92082225])"
2193,6239,179721,"array([7.79815637, 9.04353557])"
2194,6239,179760,"array([ 7.45130432, 10.01383802])"
2195,6239,179778,"array([8.39281557, 9.76337909])"
2196,6239,179850,"array([7.29679525, 8.78453623])"
2197,6239,179972,"array([6.93757588, 8.68693583])"
2198,6239,180111,"array([8.32108482, 8.78076622])"
2199,6239,180287,"array([7.71711302, 9.32973027])"
2200,6239,180425,"array([5.36461248, 6.14286002])"
2201,6239,180983,"array([8.54636109, 9.05420447])"
2202,6239,181256,"array([8.70580766, 8.97379171])"
2203,6239,181523,"array([7.4414102 , 9.58714442])"
2204,6239,181797,"array([7.77204394, 9.87394311])"
2205,6239,183835,"array([8.50918351, 9.2336015 ])"
2206,6239,184343,"array([7.23672094, 9.12978578])"
2207,6239,184365,"array([7.32203966, 9.31534126])"
2208,6239,184410,"array([8.22144468, 9.4270255 ])"
2209,6239,184794,"array([8.499563  , 8.71929904])"
2210,6239,185108,"array([7.16231237, 9.26068801])"
2211,6239,185593,"array([ 7.83681188, 10.12782175])"
2212,6239,185908,"array([8.16743252, 9.57680538])"
2213,6239,186178,"array([7.60476037, 9.50122356])"
2214,6239,186715,"array([8.41654589, 9.41607117])"
2215,6239,186717,"array([8.21763526, 9.74433761])"
2216,6239,186789,"array([8.59292233, 9.38019684])"
2217,6239,187602,"array([8.66267148, 8.79329487])"
2218,6239,187984,"array([8.03559823, 9.67129233])"
2219,6239,188654,"array([8.3341527 , 9.58131704])"
2220,6239,188757,"array([7.07127017, 9.393371  ])"
2221,6239,189103,"array([7.7072637 , 9.15965511])"
2222,6239,189718,"array([8.30626812, 8.97649619])"
2223,6239,190620,"array([7.90949516, 9.9649771 ])"
2224,6239,190766,"array([7.93526745, 9.09505146])"
2225,6239,190999,"array([7.88089734, 9.5817631 ])"
2226,6239,191175,"array([7.90824554, 9.76804197])"
2227,6239,191608,"array([5.23117103, 8.10800711])"
2228,6239,191969,"array([8.20668273, 9.15226221])"
2229,6239,192028,"array([7.58339562, 8.5647715 ])"
2230,6239,266859,"array([5.80666646, 9.41812001])"
2231,6239,3565860,"array([6.71999063, 6.76132225])"
2232,6239,4363046,"array([8.11028289, 9.306392  ])"
2233,6239,181708,"array([5.26269837, 8.21136955])"
2234,6239,174311,"array([1.91237847, 2.41712699])"
2235,6239,174371,"array([1.19614146, 3.23705613])"
2236,6239,174416,"array([2.08635629, 3.19093621])"
2237,6239,174562,"array([0.98715555, 2.67430461])"
2238,6239,174567,"array([1.8769839 , 2.07833905])"
2239,6239,174755,"array([0.90857132, 3.40293643])"
2240,6239,174764,"array([1.616142  , 2.53212471])"
2241,6239,174778,"array([1.02570248, 3.24914859])"
2242,6239,175053,"array([5.11009568, 3.76483514])"
2243,6239,175109,"array([1.29948409, 2.4326146 ])"
2244,6239,175229,"array([1.6482027 , 3.25982358])"
2245,6239,175383,"array([1.7757971 , 3.01027106])"
2246,6239,175432,"array([3.33380242, 2.21987862])"
2247,6239,175453,"array([1.98473092, 1.95485557])"
2248,6239,175740,"array([1.75910224, 2.40705799])"
2249,6239,175861,"array([1.27993886, 2.58592574])"
2250,6239,175863,"array([3.89689293, 3.69415299])"
2251,6239,176097,"array([1.48066289, 3.95364678])"
2252,6239,176383,"array([3.558637  , 2.77871038])"
2253,6239,176401,"array([2.25430758, 3.54922267])"
2254,6239,176512,"array([5.28612223, 4.28394348])"
2255,6239,176539,"array([2.73542608, 2.22541822])"
2256,6239,176570,"array([1.63741474, 3.08995249])"
2257,6239,176634,"array([0.83609615, 3.23021666])"
2258,6239,176687,"array([2.85076876, 2.357722  ])"
2259,6239,176865,"array([1.23252016, 2.28286829])"
2260,6239,177358,"array([3.71352957, 3.93854515])"
2261,6239,177432,"array([2.42147058, 2.97586332])"
2262,6239,177474,"array([1.02772792, 3.07808332])"
2263,6239,177527,"array([2.30778718, 2.11102615])"
2264,6239,177769,"array([1.59985245, 2.3575739 ])"
2265,6239,177864,"array([2.8949097 , 2.18693627])"
2266,6239,177939,"array([2.06063675, 2.48229777])"
2267,6239,177971,"array([3.09811581, 2.48386497])"
2268,6239,178022,"array([1.46745902, 2.46303534])"
2269,6239,178222,"array([3.27788593, 2.42215394])"
2270,6239,178265,"array([4.79489397, 3.1491803 ])"
2271,6239,178328,"array([3.63700003, 2.36488864])"
2272,6239,178365,"array([1.10721578, 2.49507665])"
2273,6239,178505,"array([3.21430552, 2.08788037])"
2274,6239,178632,"array([2.93751548, 2.55518944])"
2275,6239,179069,"array([1.44370986, 2.86452894])"
2276,6239,179120,"array([2.31231997, 1.93733222])"
2277,6239,179154,"array([2.80847492, 3.23165063])"
2278,6239,179225,"array([2.61167778, 3.31166544])"
2279,6239,179230,"array([1.90249306, 2.25921282])"
2280,6239,179263,"array([1.59444945, 2.93833474])"
2281,6239,179308,"array([2.87408071, 2.97637261])"
2282,6239,179376,"array([2.80974102, 1.71749365])"
2283,6239,179493,"array([2.99921556, 1.79361795])"
2284,6239,179565,"array([1.44619433, 3.02942884])"
2285,6239,179643,"array([1.53647148, 3.55887086])"
2286,6239,179695,"array([1.30370934, 3.09944567])"
2287,6239,179720,"array([4.47030632, 5.55344605])"
2288,6239,179941,"array([3.74153273, 3.7725794 ])"
2289,6239,179968,"array([0.86478315, 3.0317266 ])"
2290,6239,180097,"array([1.37815279, 3.5823141 ])"
2291,6239,180138,"array([1.29272378, 3.40566799])"
2292,6239,180434,"array([1.64204785, 3.70051194])"
2293,6239,180521,"array([1.41066222, 2.12242715])"
2294,6239,180575,"array([4.64321578, 4.81581749])"
2295,6239,180578,"array([0.9563051, 3.7710692])"
2296,6239,180636,"array([1.95364908, 3.29361735])"
2297,6239,180664,"array([2.43025015, 1.71618998])"
2298,6239,180703,"array([1.16725156, 3.01726786])"
2299,6239,180723,"array([1.54042927, 2.74986585])"
2300,6239,181054,"array([2.8045259 , 1.88280161])"
2301,6239,181253,"array([1.87265582, 2.88514353])"
2302,6239,181293,"array([1.8333372 , 2.72184833])"
2303,6239,181347,"array([1.47103088, 3.38036894])"
2304,6239,181596,"array([0.86103346, 3.58276672])"
2305,6239,181738,"array([2.75049175, 2.83693548])"
2306,6239,181785,"array([1.10949713, 3.40261893])"
2307,6239,181810,"array([1.15793254, 2.69790011])"
2308,6239,181840,"array([1.78361681, 2.5554425 ])"
2309,6239,181882,"array([1.71203233, 2.8414191 ])"
2310,6239,182216,"array([3.37820449, 2.94091371])"
2311,6239,182309,"array([2.91677983, 2.75838404])"
2312,6239,182367,"array([1.96105836, 3.83687404])"
2313,6239,182436,"array([2.24908318, 1.72964095])"
2314,6239,182682,"array([2.06891743, 3.43429677])"
2315,6239,183000,"array([1.68682476, 3.91505209])"
2316,6239,183425,"array([2.76594246, 2.05696633])"
2317,6239,183460,"array([1.04157185, 3.57337556])"
2318,6239,183522,"array([1.94289968, 2.5900645 ])"
2319,6239,183607,"array([2.15612108, 2.02932084])"
2320,6239,183766,"array([2.1006029 , 3.68077947])"
2321,6239,183870,"array([1.45506225, 2.62362463])"
2322,6239,184153,"array([2.42967532, 3.43918329])"
2323,6239,184499,"array([2.67424825, 2.38217159])"
2324,6239,184968,"array([2.38576423, 3.24202782])"
2325,6239,185290,"array([2.703809  , 3.05320711])"
2326,6239,185407,"array([3.05485477, 2.15804841])"
2327,6239,185514,"array([3.63461625, 2.57380009])"
2328,6239,185531,"array([3.37270596, 2.72239606])"
2329,6239,185562,"array([1.2873227 , 3.97338492])"
2330,6239,185721,"array([1.58722386, 1.98117022])"
2331,6239,185772,"array([2.56927995, 2.2434319 ])"
2332,6239,185827,"array([2.9250286, 2.0015571])"
2333,6239,186552,"array([3.00408808, 2.34577026])"
2334,6239,186791,"array([2.28137134, 3.10252993])"
2335,6239,186879,"array([2.06091205, 2.31625959])"
2336,6239,186890,"array([2.26582069, 2.90572105])"
2337,6239,186975,"array([2.02776517, 2.91274588])"
2338,6239,187009,"array([1.74330897, 2.24720193])"
2339,6239,187083,"array([2.59538022, 2.70858839])"
2340,6239,187090,"array([2.60735041, 2.08581101])"
2341,6239,187165,"array([3.00070762, 3.14744768])"
2342,6239,187341,"array([3.22570159, 1.86676187])"
2343,6239,187378,"array([2.59001307, 2.90315822])"
2344,6239,187465,"array([1.67036895, 2.67460619])"
2345,6239,187891,"array([3.39057501, 2.00296292])"
2346,6239,187970,"array([1.426093 , 2.2986745])"
2347,6239,187983,"array([2.15225823, 2.79251963])"
2348,6239,188168,"array([2.631844  , 1.91612203])"
2349,6239,188228,"array([2.14979184, 1.86309625])"
2350,6239,188287,"array([3.20366826, 2.81163449])"
2351,6239,188324,"array([2.52926212, 3.11707859])"
2352,6239,188358,"array([1.31762404, 3.76963482])"
2353,6239,188384,"array([2.46880804, 1.88923304])"
2354,6239,188491,"array([4.76974528, 5.4906945 ])"
2355,6239,188512,"array([1.57871376, 2.18493311])"
2356,6239,188774,"array([4.77125916, 4.12047778])"
2357,6239,188908,"array([2.02441239, 2.14349126])"
2358,6239,189074,"array([2.12838456, 3.02483726])"
2359,6239,189111,"array([1.98734423, 1.78031389])"
2360,6239,189311,"array([2.30584706, 2.72957172])"
2361,6239,189444,"array([1.21785505, 3.56242279])"
2362,6239,189731,"array([3.19050261, 3.05126646])"
2363,6239,189839,"array([0.9418152 , 2.86493646])"
2364,6239,190065,"array([1.81286879, 3.37604123])"
2365,6239,190205,"array([1.48626282, 3.76434381])"
2366,6239,190551,"array([1.9910622 , 2.74328935])"
2367,6239,190556,"array([1.72337096, 2.07524264])"
2368,6239,190688,"array([1.50325513, 3.18363178])"
2369,6239,190748,"array([2.60619349, 2.54266026])"
2370,6239,191027,"array([2.45535225, 2.06168464])"
2371,6239,191115,"array([3.08630531, 1.96757126])"
2372,6239,191149,"array([2.20051984, 2.4310455 ])"
2373,6239,191247,"array([1.11543741, 2.8587035 ])"
2374,6239,191298,"array([1.36129211, 3.25099812])"
2375,6239,191327,"array([1.93635888, 3.55543295])"
2376,6239,191504,"array([1.93877799, 3.07592409])"
2377,6239,24104837,"array([1.79504989, 1.89107066])"
2378,6239,259659,"array([1.81506158, 3.7443547 ])"
2379,6239,259994,"array([2.16788256, 2.19557367])"
2380,6239,3565323,"array([1.759744  , 3.54953764])"
2381,6239,174313,"array([0.12626731, 6.84077814])"
2382,6239,180102,"array([1.55342323, 6.83181659])"
2383,6239,174314,"array([ 5.41627269, 10.9194931 ])"
2384,6239,174318,"array([3.56718723, 9.37932706])"
2385,6239,179897,"array([3.34390064, 9.25237302])"
2386,6239,175817,"array([8.14194303, 5.47958965])"
2387,6239,175971,"array([7.68996921, 3.92698317])"
2388,6239,176434,"array([8.39368948, 6.39775971])"
2389,6239,179077,"array([7.82132592, 6.58916958])"
2390,6239,174329,"array([2.86245949, 6.01780215])"
2391,6239,174333,"array([4.73689925, 3.78788492])"
2392,6239,174334,"array([1.2823328 , 6.94992836])"
2393,6239,177757,"array([-0.17092107,  7.00777767])"
2394,6239,191618,"array([-0.18453281,  7.26228203])"
2395,6239,174336,"array([ 3.42086017, 13.15572727])"
2396,6239,174341,"array([5.25597476, 3.65380964])"
2397,6239,174342,"array([3.36571598, 5.18945315])"
2398,6239,174373,"array([1.35397866, 5.01387065])"
2399,6239,174947,"array([0.05231371, 4.37174742])"
2400,6239,174378,"array([1.68333532, 8.78138555])"
2401,6239,174385,"array([ 6.71623747, 11.99900618])"
2402,6239,176453,"array([ 7.18882587, 13.73400251])"
2403,6239,174857,"array([5.41241861, 8.5982589 ])"
2404,6239,177206,"array([5.961436  , 8.78869034])"
2405,6239,179673,"array([6.23512731, 7.70562196])"
2406,6239,174398,"array([4.35402263, 8.67266015])"
2407,6239,174421,"array([5.93767136, 4.54124413])"
2408,6239,174431,"array([7.48388109, 3.45497203])"
2409,6239,174443,"array([0.97521629, 8.12414228])"
2410,6239,174455,"array([9.17757828, 4.09115367])"
2411,6239,181209,"array([10.26748046,  3.47883437])"
2412,6239,175632,"array([2.82232042, 5.50034863])"
2413,6239,175750,"array([2.68606265, 5.02771612])"
2414,6239,178855,"array([5.36229109, 5.50482532])"
2415,6239,179091,"array([4.87239516, 5.91441282])"
2416,6239,184946,"array([2.85150832, 5.27190729])"
2417,6239,188039,"array([3.92088341, 4.39080866])"
2418,6239,189140,"array([3.30356474, 4.67738916])"
2419,6239,3565180,"array([6.48892577, 7.37100876])"
2420,6239,177336,"array([5.53725634, 5.83223799])"
2421,6239,176855,"array([7.10149648, 7.33027149])"
2422,6239,180603,"array([4.62287909, 5.5864581 ])"
2423,6239,174494,"array([10.86813818,  2.69591484])"
2424,6239,180566,"array([11.52681174,  2.46068837])"
2425,6239,174506,"array([8.9093762 , 7.63639593])"
2426,6239,180685,"array([ 4.72886064, 11.51689051])"
2427,6239,174552,"array([3.09186602, 6.71168058])"
2428,6239,174569,"array([ 4.85807826, 26.38075157])"
2429,6239,176308,"array([ 5.12985785, 26.16562486])"
2430,6239,175963,"array([9.6305472 , 5.28406301])"
2431,6239,178424,"array([8.61467426, 5.83205848])"
2432,6239,174577,"array([7.53837631, 4.7081569 ])"
2433,6239,185023,"array([8.61800929, 3.66913096])"
2434,6239,188340,"array([8.81684485, 3.81739383])"
2435,6239,178873,"array([8.93045353, 5.78887049])"
2436,6239,174596,"array([1.24435781, 7.47185101])"
2437,6239,176084,"array([1.13728673, 6.72821535])"
2438,6239,176938,"array([1.03105275, 6.93083913])"
2439,6239,178759,"array([2.62936278, 6.04347084])"
2440,6239,180501,"array([2.45978247, 6.04967821])"
2441,6239,179462,"array([5.03955326, 6.26399512])"
2442,6239,174637,"array([5.45128815, 4.17207499])"
2443,6239,178961,"array([1.74243743, 6.60233814])"
2444,6239,174669,"array([ 5.74323789, 10.24812153])"
2445,6239,180009,"array([4.97323414, 8.62273181])"
2446,6239,174674,"array([2.93562296, 5.45169758])"
2447,6239,174687,"array([-15.32239893,   9.19394867])"
2448,6239,177188,"array([-15.23936824,   8.86034528])"
2449,6239,174692,"array([8.77935902, 7.30798624])"
2450,6239,174697,"array([23.00244591, 15.31060077])"
2451,6239,179810,"array([22.77282884, 15.58711907])"
2452,6239,174698,"array([ 5.48549468, 11.59534709])"
2453,6239,174717,"array([10.70229759,  5.49962049])"
2454,6239,174739,"array([7.05219113, 8.43863549])"
2455,6239,174759,"array([ 5.40973506, 10.02330844])"
2456,6239,178554,"array([7.4094916 , 5.86579344])"
2457,6239,259738,"array([7.44528423, 5.48235355])"
2458,6239,174775,"array([  0.49717636, -13.25561269])"
2459,6239,176540,"array([  0.14872916, -13.24724564])"
2460,6239,174784,"array([7.46844866, 1.10455588])"
2461,6239,174785,"array([2.58751354, 8.18156205])"
2462,6239,174809,"array([1.92918317, 4.85127689])"
2463,6239,174823,"array([4.48817682, 4.03098521])"
2464,6239,174827,"array([1.3397432 , 6.07100645])"
2465,6239,174841,"array([4.84284183, 3.32572187])"
2466,6239,174848,"array([3.36224547, 9.94606977])"
2467,6239,174871,"array([6.85486562, 2.73590921])"
2468,6239,176189,"array([6.39689096, 6.66202688])"
2469,6239,174881,"array([8.77541167, 5.35280522])"
2470,6239,175086,"array([9.96771989, 5.25408486])"
2471,6239,180160,"array([10.17359566,  5.15518759])"
2472,6239,174937,"array([10.61089707,  7.53575875])"
2473,6239,174951,"array([7.4431083 , 9.76681012])"
2474,6239,174960,"array([1.60737176, 5.56287456])"
2475,6239,174980,"array([2.12939494, 7.33777235])"
2476,6239,175007,"array([2.10309993, 7.68426698])"
2477,6239,179575,"array([7.46057586, 8.49012653])"
2478,6239,183203,"array([6.41679419, 9.54708862])"
2479,6239,184362,"array([6.51276278, 9.43783233])"
2480,6239,175059,"array([1.38915484, 8.33275091])"
2481,6239,175071,"array([0.51263608, 8.07206472])"
2482,6239,175175,"array([7.80602436, 7.06896257])"
2483,6239,175218,"array([6.50499982, 4.72521443])"
2484,6239,175341,"array([8.21709791, 4.81969086])"
2485,6239,176104,"array([7.90032445, 4.65461412])"
2486,6239,179616,"array([8.35649054, 5.275805  ])"
2487,6239,179806,"array([7.30904327, 5.14990859])"
2488,6239,180947,"array([7.33739272, 7.38677196])"
2489,6239,181863,"array([6.64413441, 5.22349365])"
2490,6239,186593,"array([5.67078929, 5.91256738])"
2491,6239,189476,"array([5.50924146, 5.42811222])"
2492,6239,24105308,"array([8.09781176, 4.94925349])"
2493,6239,175076,"array([11.66661685,  8.5610704 ])"
2494,6239,175103,"array([8.39646678, 8.36189966])"
2495,6239,175113,"array([1.92682301, 8.01872555])"
2496,6239,175121,"array([ -0.94138873, -11.76736488])"
2497,6239,175326,"array([7.26018115, 7.96380095])"
2498,6239,176122,"array([6.80316776, 8.25580134])"
2499,6239,176953,"array([6.79686983, 8.4548427 ])"
2500,6239,180402,"array([5.63478536, 6.44174669])"
2501,6239,190738,"array([7.04521086, 8.20511996])"
2502,6239,24104369,"array([6.34861845, 6.01116553])"
2503,6239,175172,"array([-10.86188215,  -5.32875459])"
2504,6239,178143,"array([-11.14926709,  -5.13024593])"
2505,6239,175180,"array([5.84506745, 3.43410287])"
2506,6239,175184,"array([4.65833992, 3.92486611])"
2507,6239,175185,"array([8.9517585 , 2.23281691])"
2508,6239,175195,"array([3.74470983, 8.0678313 ])"
2509,6239,180017,"array([7.91423026, 6.13485489])"
2510,6239,175212,"array([-3.25444395, 24.79822654])"
2511,6239,179022,"array([-2.90716597, 24.92171715])"
2512,6239,177117,"array([9.42442525, 6.2769479 ])"
2513,6239,188314,"array([10.09691334,  6.2706527 ])"
2514,6239,177320,"array([6.12814008, 4.87961212])"
2515,6239,183975,"array([7.18063366, 5.66928876])"
2516,6239,180122,"array([10.98971779,  2.91676814])"
2517,6239,175244,"array([2.43315856, 5.89590604])"
2518,6239,175252,"array([-9.44685489, 18.65481927])"
2519,6239,181570,"array([-9.57986131, 18.32782914])"
2520,6239,175270,"array([2.49002044, 7.42741838])"
2521,6239,176236,"array([1.8994431 , 7.83407927])"
2522,6239,177994,"array([2.11857599, 8.21221561])"
2523,6239,178293,"array([3.76774349, 6.13513778])"
2524,6239,259704,"array([2.07895267, 8.06481247])"
2525,6239,3564779,"array([1.99607934, 7.54950555])"
2526,6239,175316,"array([10.50470034,  4.67721135])"
2527,6239,175327,"array([8.11433743, 7.37671542])"
2528,6239,175342,"array([3.70475045, 6.28822369])"
2529,6239,175448,"array([5.45561677, 3.83707081])"
2530,6239,175807,"array([6.95284384, 5.44768428])"
2531,6239,175877,"array([5.11515615, 5.45166394])"
2532,6239,175925,"array([5.65042944, 6.20862028])"
2533,6239,175934,"array([5.71259172, 4.17991724])"
2534,6239,175936,"array([5.9832433 , 3.70279213])"
2535,6239,176126,"array([5.60950605, 3.13548973])"
2536,6239,176161,"array([4.02084012, 5.69485411])"
2537,6239,176196,"array([4.29806159, 5.68155666])"
2538,6239,176221,"array([4.58550943, 3.81848748])"
2539,6239,176258,"array([5.1339561 , 3.89489967])"
2540,6239,176336,"array([6.72642809, 4.45926488])"
2541,6239,176368,"array([5.18978114, 3.53681856])"
2542,6239,176452,"array([5.57201803, 3.39608919])"
2543,6239,176546,"array([2.64779845, 4.71412973])"
2544,6239,176661,"array([3.95769125, 5.26798281])"
2545,6239,176695,"array([5.42821979, 3.34640171])"
2546,6239,176857,"array([4.47000516, 3.90113406])"
2547,6239,176951,"array([4.79920714, 3.48524534])"
2548,6239,177113,"array([5.73389401, 3.80852825])"
2549,6239,177145,"array([4.76170104, 3.63059662])"
2550,6239,177416,"array([6.84180875, 6.27262523])"
2551,6239,177455,"array([3.83717387, 5.29170688])"
2552,6239,177461,"array([3.75978292, 4.21743433])"
2553,6239,177753,"array([4.08409289, 5.07487502])"
2554,6239,177787,"array([6.64911412, 3.78238878])"
2555,6239,177819,"array([5.41997131, 3.49605766])"
2556,6239,177820,"array([7.30327959, 6.29078653])"
2557,6239,178184,"array([5.30034709, 4.11321901])"
2558,6239,178190,"array([6.74759748, 4.31562089])"
2559,6239,178214,"array([5.22771364, 5.71953189])"
2560,6239,178291,"array([6.19763213, 3.89105714])"
2561,6239,178405,"array([6.88778497, 6.39392836])"
2562,6239,178547,"array([6.57553042, 4.09972222])"
2563,6239,178867,"array([4.08586941, 3.73917998])"
2564,6239,178892,"array([4.79662573, 3.95951202])"
2565,6239,178943,"array([3.85886661, 5.59541604])"
2566,6239,178981,"array([6.37699265, 3.99216619])"
2567,6239,179100,"array([7.39841806, 6.01802993])"
2568,6239,179641,"array([4.01922953, 5.17688637])"
2569,6239,180100,"array([5.40864782, 4.68901511])"
2570,6239,180162,"array([5.19041078, 3.33696997])"
2571,6239,180356,"array([5.51284075, 3.71012837])"
2572,6239,180448,"array([5.40038035, 3.63214828])"
2573,6239,180611,"array([5.21628425, 5.34680929])"
2574,6239,180695,"array([4.07364989, 5.56553076])"
2575,6239,180743,"array([6.15386427, 4.35178779])"
2576,6239,180769,"array([6.6877277 , 5.84077236])"
2577,6239,180784,"array([4.49598328, 3.56398827])"
2578,6239,180804,"array([4.36053547, 3.45313706])"
2579,6239,180821,"array([5.35824421, 3.94134929])"
2580,6239,180942,"array([5.56101725, 3.55549601])"
2581,6239,180959,"array([7.27874121, 4.93296676])"
2582,6239,181164,"array([4.23609828, 3.74589041])"
2583,6239,181297,"array([6.50327619, 3.94498924])"
2584,6239,181537,"array([5.68450527, 3.97503983])"
2585,6239,181578,"array([4.18713238, 4.99502012])"
2586,6239,181587,"array([5.59733639, 3.83440535])"
2587,6239,181681,"array([5.44346158, 4.04627851])"
2588,6239,181999,"array([6.37296514, 4.29552154])"
2589,6239,182022,"array([2.82280479, 5.1029937 ])"
2590,6239,182280,"array([6.23538549, 3.72388067])"
2591,6239,182429,"array([4.47790765, 3.70964646])"
2592,6239,183372,"array([4.19264722, 3.55342452])"
2593,6239,185238,"array([5.78375907, 3.66450549])"
2594,6239,186053,"array([6.1009299 , 3.99490432])"
2595,6239,187837,"array([5.23607116, 3.99620364])"
2596,6239,188726,"array([5.07783207, 3.61953737])"
2597,6239,189958,"array([4.52788253, 3.40990622])"
2598,6239,190327,"array([6.10393173, 4.12106966])"
2599,6239,190445,"array([6.11364372, 3.65362082])"
2600,6239,191688,"array([5.08259652, 3.45738751])"
2601,6239,266847,"array([4.94402873, 3.56896238])"
2602,6239,3564850,"array([5.54714228, 3.95596725])"
2603,6239,3564922,"array([5.95029182, 4.08357473])"
2604,6239,3565046,"array([5.09850649, 4.04995757])"
2605,6239,3565786,"array([4.36654223, 3.7917847 ])"
2606,6239,180481,"array([ 7.24188791, 10.0949608 ])"
2607,6239,175434,"array([1.14835974, 8.07253212])"
2608,6239,175445,"array([4.43998042, 4.21647666])"
2609,6239,175467,"array([6.53308353, 3.29369058])"
2610,6239,180505,"array([3.64678368, 8.02161964])"
2611,6239,177615,"array([8.14293936, 7.97257569])"
2612,6239,178804,"array([8.19774269, 8.12795797])"
2613,6239,176501,"array([2.26627893, 6.06005995])"
2614,6239,178679,"array([8.95253586, 8.79956097])"
2615,6239,175532,"array([5.46078225, 2.99372153])"
2616,6239,175587,"array([6.44002355, 4.16496798])"
2617,6239,180280,"array([5.90807606, 6.22904781])"
2618,6239,180420,"array([6.74911942, 7.0348781 ])"
2619,6239,181285,"array([6.53791521, 7.10321171])"
2620,6239,181641,"array([5.97965549, 8.30330861])"
2621,6239,184989,"array([4.38162558, 6.3309737 ])"
2622,6239,186242,"array([5.7162136 , 8.11156225])"
2623,6239,185573,"array([7.22202655, 3.53229361])"
2624,6239,176296,"array([5.51176534, 8.73367115])"
2625,6239,177807,"array([4.33812447, 1.88321237])"
2626,6239,184864,"array([4.60795895, 1.88253456])"
2627,6239,175573,"array([10.52402209,  5.10369325])"
2628,6239,181480,"array([0.7622718, 4.3089355])"
2629,6239,175583,"array([8.02794165, 7.52625362])"
2630,6239,175586,"array([  8.89430909, -11.91112828])"
2631,6239,175991,"array([  8.55528355, -12.00903484])"
2632,6239,175595,"array([8.6509883 , 2.74779666])"
2633,6239,175599,"array([2.64385928, 7.86017326])"
2634,6239,175604,"array([ 7.41211734, 10.96759656])"
2635,6239,175606,"array([5.04805064, 9.19944536])"
2636,6239,175608,"array([8.37094354, 1.74251715])"
2637,6239,177082,"array([3.68679749, 7.82524766])"
2638,6239,176635,"array([3.10339803, 6.93215322])"
2639,6239,177978,"array([2.35179501, 6.8538747 ])"
2640,6239,178005,"array([3.55618339, 7.3636915 ])"
2641,6239,178473,"array([2.81633248, 7.62954227])"
2642,6239,180800,"array([5.6437683 , 8.73845268])"
2643,6239,191625,"array([3.479975  , 6.94941255])"
2644,6239,266837,"array([4.25519783, 8.77384761])"
2645,6239,175670,"array([-0.72795877,  6.30073639])"
2646,6239,177749,"array([-1.79820397,  6.28901452])"
2647,6239,175674,"array([9.41438526, 7.82760099])"
2648,6239,177379,"array([9.48341911, 7.65908742])"
2649,6239,175690,"array([8.47493258, 1.88867841])"
2650,6239,175691,"array([6.53946492, 3.53401899])"
2651,6239,176014,"array([4.5396752 , 9.85650537])"
2652,6239,176852,"array([6.20045357, 5.69441932])"
2653,6239,177256,"array([8.11860792, 3.87512631])"
2654,6239,178706,"array([8.54466407, 4.4554302 ])"
2655,6239,178844,"array([8.49723886, 4.29782286])"
2656,6239,178926,"array([8.31785023, 4.37623007])"
2657,6239,179422,"array([6.82346316, 5.23660308])"
2658,6239,179821,"array([8.48778352, 4.66004493])"
2659,6239,180950,"array([8.74087164, 4.99322572])"
2660,6239,180997,"array([8.62105365, 4.17413065])"
2661,6239,181599,"array([8.3482129 , 4.19793466])"
2662,6239,181668,"array([8.37443202, 4.52477128])"
2663,6239,181848,"array([8.76470046, 4.72818147])"
2664,6239,181851,"array([8.2107538 , 4.09894132])"
2665,6239,183602,"array([8.83481712, 4.49670145])"
2666,6239,183622,"array([8.86763621, 4.9308545 ])"
2667,6239,185268,"array([8.29936742, 3.93352787])"
2668,6239,185591,"array([8.04668454, 4.06416784])"
2669,6239,187025,"array([8.66643653, 4.56880005])"
2670,6239,187705,"array([8.71906169, 4.3434837 ])"
2671,6239,188350,"array([8.45776247, 4.06161938])"
2672,6239,189467,"array([8.165975  , 4.29209433])"
2673,6239,189649,"array([7.8557917 , 3.66262687])"
2674,6239,191734,"array([7.92827705, 3.87137606])"
2675,6239,181021,"array([9.14195259, 6.82656738])"
2676,6239,175745,"array([0.5447535 , 6.94559824])"
2677,6239,176849,"array([7.56581432, 6.40500034])"
2678,6239,175776,"array([-0.25466999,  6.22141212])"
2679,6239,175778,"array([-0.62032264, 25.45731862])"
2680,6239,175779,"array([-0.94929206, 25.33645982])"
2681,6239,177836,"array([6.18092688, 9.05723113])"
2682,6239,175787,"array([4.25899311, 1.4641404 ])"
2683,6239,175788,"array([9.73814803, 6.59408972])"
2684,6239,176140,"array([2.78099799, 8.63598923])"
2685,6239,176490,"array([3.52312081, 8.17047591])"
2686,6239,181588,"array([7.96048866, 4.27755894])"
2687,6239,187537,"array([9.8893798 , 4.88528202])"
2688,6239,175822,"array([-6.82904549, 22.3791621 ])"
2689,6239,176666,"array([-6.4404727 , 22.41614802])"
2690,6239,177213,"array([-7.19787903, 22.32509644])"
2691,6239,175828,"array([8.43113643, 1.26095942])"
2692,6239,175833,"array([-11.55506724,  -2.50486196])"
2693,6239,181228,"array([-11.62139715,  -2.84834577])"
2694,6239,175845,"array([ 5.5661477 , 10.02219279])"
2695,6239,175867,"array([6.8521733 , 3.33899012])"
2696,6239,175870,"array([7.32912853, 8.61781537])"
2697,6239,175873,"array([1.91099359, 7.08670096])"
2698,6239,175876,"array([-0.18950987,  6.58724479])"
2699,6239,175895,"array([9.12323006, 6.62292089])"
2700,6239,191526,"array([1.93680697, 8.22440122])"
2701,6239,175938,"array([7.85960058, 0.98531723])"
2702,6239,175950,"array([8.93680264, 5.24558488])"
2703,6239,177141,"array([9.57130938, 6.02049817])"
2704,6239,175956,"array([-0.43184772,  8.75642388])"
2705,6239,190814,"array([-1.43016224,  9.09605013])"
2706,6239,175970,"array([7.26522904, 3.0752622 ])"
2707,6239,175975,"array([6.37254749, 3.17528617])"
2708,6239,175999,"array([7.66519876, 1.01489001])"
2709,6239,176002,"array([19.14781764, -6.721291  ])"
2710,6239,180781,"array([19.44517232, -6.54434176])"
2711,6239,180859,"array([ 9.76729927, 10.28860509])"
2712,6239,176009,"array([0.94945252, 6.43830357])"
2713,6239,176044,"array([1.94152933, 5.99452595])"
2714,6239,176041,"array([10.48033098,  6.36178016])"
2715,6239,190949,"array([9.56688264, 6.7554752 ])"
2716,6239,185024,"array([2.77792009, 4.60670365])"
2717,6239,185915,"array([4.13685765, 4.20328233])"
2718,6239,180468,"array([7.01500944, 8.59097233])"
2719,6239,181202,"array([8.33986013, 7.47957901])"
2720,6239,187779,"array([6.81657297, 8.04524105])"
2721,6239,176085,"array([23.36802375,  0.16810457])"
2722,6239,259895,"array([23.50641843,  0.52072977])"
2723,6239,177735,"array([3.23047167, 5.52985008])"
2724,6239,180755,"array([2.72920811, 6.76964314])"
2725,6239,183539,"array([2.94236054, 5.8636523 ])"
2726,6239,3565545,"array([3.55959801, 6.99243768])"
2727,6239,180727,"array([7.47236806, 7.58196078])"
2728,6239,176094,"array([10.52380308,  5.77022254])"
2729,6239,192081,"array([11.6587784 ,  5.58302389])"
2730,6239,176110,"array([9.06607494, 1.47265502])"
2731,6239,176125,"array([5.74169222, 1.80225349])"
2732,6239,178045,"array([2.76131368, 8.77908122])"
2733,6239,176130,"array([0.73510135, 7.56917234])"
2734,6239,266858,"array([5.35758238, 9.1733116 ])"
2735,6239,177142,"array([1.13731389, 9.26059073])"
2736,6239,176157,"array([8.04378321, 7.69775872])"
2737,6239,177938,"array([7.34517095, 8.42348058])"
2738,6239,188793,"array([9.46880868, 8.35894257])"
2739,6239,176162,"array([1.89326197, 8.40389663])"
2740,6239,176379,"array([ 0.53752766, 11.27245773])"
2741,6239,176165,"array([7.15737792, 4.6198873 ])"
2742,6239,189371,"array([6.81498069, 5.38137128])"
2743,6239,178619,"array([7.49150145, 7.22395313])"
2744,6239,180565,"array([9.53813428, 6.43186395])"
2745,6239,188499,"array([9.55376216, 7.96003902])"
2746,6239,3565011,"array([9.25632682, 7.95005066])"
2747,6239,176210,"array([1.5742519 , 7.58756638])"
2748,6239,179948,"array([1.56824854, 7.14140279])"
2749,6239,191350,"array([10.4942278 ,  5.38672232])"
2750,6239,179808,"array([6.17989151, 8.6801378 ])"
2751,6239,191484,"array([5.214352  , 9.10526471])"
2752,6239,176257,"array([7.31108038, 7.5749527 ])"
2753,6239,176332,"array([6.14900574, 7.30655138])"
2754,6239,178142,"array([2.74026681, 8.26963315])"
2755,6239,179567,"array([3.18328339, 6.81132701])"
2756,6239,180232,"array([2.66240287, 8.02375221])"
2757,6239,180463,"array([6.38879791, 8.46549031])"
2758,6239,180833,"array([2.9989763 , 8.45795058])"
2759,6239,259720,"array([6.44864508, 7.97054089])"
2760,6239,177710,"array([2.0955554 , 6.29661084])"
2761,6239,178988,"array([2.62891698, 5.56671381])"
2762,6239,179413,"array([5.08875498, 8.6198887 ])"
2763,6239,180527,"array([5.65617344, 5.66974879])"
2764,6239,181577,"array([2.34302691, 6.97437574])"
2765,6239,184563,"array([2.37840042, 7.34510129])"
2766,6239,176287,"array([1.87030395, 5.33643123])"
2767,6239,176288,"array([1.97460919, 7.24737739])"
2768,6239,181248,"array([5.85665766, 7.53646026])"
2769,6239,180655,"array([7.85950716, 5.45169154])"
2770,6239,3565463,"array([9.08086689, 5.94322765])"
2771,6239,176303,"array([8.3516018 , 5.94756484])"
2772,6239,180714,"array([10.11392521,  7.98706108])"
2773,6239,176314,"array([9.05164709, 7.88697277])"
2774,6239,176318,"array([0.12567586, 7.25086609])"
2775,6239,176327,"array([0.90266003, 6.69940089])"
2776,6239,180810,"array([7.53734106, 4.28069481])"
2777,6239,176376,"array([6.86220286, 3.54545666])"
2778,6239,176415,"array([19.9085666 , 19.31471969])"
2779,6239,181414,"array([19.92997531, 19.6616377 ])"
2780,6239,176560,"array([ 7.59478991, 10.82179636])"
2781,6239,181649,"array([ 7.56832711, 10.61312029])"
2782,6239,183941,"array([ 7.80404564, 10.64565566])"
2783,6239,183961,"array([ 7.35143746, 10.75158772])"
2784,6239,176431,"array([7.57182431, 3.17072219])"
2785,6239,179150,"array([9.85396234, 6.3127726 ])"
2786,6239,179352,"array([2.41092823, 5.44991443])"
2787,6239,176449,"array([7.75674933, 4.82940486])"
2788,6239,176450,"array([7.90531937, 4.88981662])"
2789,6239,178069,"array([ 7.44724029, 14.64357951])"
2790,6239,180408,"array([ 7.6837191 , 14.45529655])"
2791,6239,181327,"array([ 7.16065367, 14.59749622])"
2792,6239,176458,"array([0.54941907, 6.72097597])"
2793,6239,176463,"array([8.0447189 , 6.85112474])"
2794,6239,259448,"array([7.16887182, 0.60898079])"
2795,6239,176481,"array([7.51639221, 8.78053354])"
2796,6239,176509,"array([3.80037765, 8.48825189])"
2797,6239,191596,"array([7.67459216, 4.48365956])"
2798,6239,176526,"array([6.09344596, 9.97384448])"
2799,6239,177422,"array([ 5.55084892, 10.50145101])"
2800,6239,179257,"array([ 5.72332418, 10.44708833])"
2801,6239,190015,"array([ 5.90713274, 10.48752901])"
2802,6239,191363,"array([5.89706267, 6.76388739])"
2803,6239,176552,"array([24.04058904,  5.84379234])"
2804,6239,181492,"array([24.25177603,  5.57225189])"
2805,6239,178170,"array([8.95354011, 8.18867683])"
2806,6239,177849,"array([11.0834519 , -1.74302012])"
2807,6239,190958,"array([10.80183367, -1.46392897])"
2808,6239,176604,"array([6.68469095, 3.41471703])"
2809,6239,181530,"array([1.4103121 , 5.45593404])"
2810,6239,176612,"array([ 7.67588168, 13.63656386])"
2811,6239,179010,"array([ 7.21070994, 12.78637817])"
2812,6239,176620,"array([8.18955482, 2.32243355])"
2813,6239,176631,"array([0.36231526, 5.83630482])"
2814,6239,24104262,"array([-0.71860855,  5.32213978])"
2815,6239,176640,"array([0.64140908, 7.86867418])"
2816,6239,191624,"array([2.47876456, 7.04103373])"
2817,6239,180367,"array([-6.06703295, 22.44274336])"
2818,6239,176672,"array([ 5.88210884, 10.7257948 ])"
2819,6239,176710,"array([1.30893194, 8.02235854])"
2820,6239,183932,"array([9.51269383, 4.33428535])"
2821,6239,176714,"array([7.27074327, 1.98393256])"
2822,6239,176742,"array([1.69696089, 8.60455915])"
2823,6239,180203,"array([8.52956357, 6.32313274])"
2824,6239,176754,"array([ 3.59970466, 12.10907157])"
2825,6239,176755,"array([6.61086082, 2.70459945])"
2826,6239,188812,"array([ 4.21992482, 12.26463802])"
2827,6239,176783,"array([8.19408512, 1.729988  ])"
2828,6239,176790,"array([7.01675304, 7.23234892])"
2829,6239,177965,"array([ 6.43540181, 10.24088784])"
2830,6239,177616,"array([3.69952767, 7.65182498])"
2831,6239,179440,"array([3.64701578, 9.20673419])"
2832,6239,181157,"array([8.33183365, 7.17757984])"
2833,6239,180409,"array([7.43843752, 4.99201679])"
2834,6239,176834,"array([6.8593219 , 3.73785433])"
2835,6239,178900,"array([0.34236917, 9.59771555])"
2836,6239,185812,"array([7.96769136, 5.88951746])"
2837,6239,178205,"array([3.79887336, 8.93188637])"
2838,6239,180492,"array([5.24875673, 7.61793558])"
2839,6239,176924,"array([-12.89027685,  -2.60072719])"
2840,6239,178321,"array([-13.21151789,  -2.73244646])"
2841,6239,177361,"array([5.42634197, 5.98437221])"
2842,6239,176988,"array([9.30231757, 2.165979  ])"
2843,6239,179505,"array([8.00432665, 5.39660396])"
2844,6239,176993,"array([5.73319744, 7.71700301])"
2845,6239,177607,"array([3.09515143, 6.1430579 ])"
2846,6239,179033,"array([3.58088876, 6.48849274])"
2847,6239,186854,"array([3.45772758, 8.25661985])"
2848,6239,3565767,"array([3.47532404, 7.19574212])"
2849,6239,178345,"array([ 4.96999921, 11.78508046])"
2850,6239,180801,"array([9.82475692, 8.79538361])"
2851,6239,179876,"array([3.20767666, 6.35243514])"
2852,6239,177112,"array([7.68481685, 6.35271139])"
2853,6239,177137,"array([5.96250324, 4.69339559])"
2854,6239,177685,"array([10.88298271,  5.89676299])"
2855,6239,177182,"array([0.65362114, 8.20861263])"
2856,6239,177185,"array([6.70386639, 3.60143933])"
2857,6239,177190,"array([6.58669599, 8.94480124])"
2858,6239,177236,"array([5.82804894, 4.60800401])"
2859,6239,177267,"array([22.48247527, 13.73671679])"
2860,6239,180663,"array([22.30320773, 14.03267494])"
2861,6239,187518,"array([5.1487414 , 6.07971315])"
2862,6239,177366,"array([7.64961576, 5.51782043])"
2863,6239,177394,"array([8.01966849, 5.59163005])"
2864,6239,177906,"array([6.32549114, 4.55758277])"
2865,6239,178398,"array([6.95428192, 5.08354708])"
2866,6239,178507,"array([7.15858494, 5.08403321])"
2867,6239,179522,"array([7.05126734, 4.94895173])"
2868,6239,181044,"array([6.51703005, 4.99064574])"
2869,6239,260162,"array([1.74429096, 7.43128333])"
2870,6239,177353,"array([7.86117282, 1.93819557])"
2871,6239,177365,"array([1.08241521, 7.40301347])"
2872,6239,190510,"array([8.02707757, 6.46039566])"
2873,6239,177417,"array([9.81344696, 5.78368127])"
2874,6239,180992,"array([6.16630725, 6.46342351])"
2875,6239,181707,"array([4.54671413, 7.65131037])"
2876,6239,177462,"array([0.54874243, 6.4659554 ])"
2877,6239,177464,"array([8.0565374 , 0.96376494])"
2878,6239,177482,"array([7.24853022, 9.8506877 ])"
2879,6239,180458,"array([6.57353672, 8.18901583])"
2880,6239,177498,"array([15.26062541, 23.15078707])"
2881,6239,191563,"array([15.32374493, 23.49641215])"
2882,6239,177506,"array([11.31761838,  6.07097694])"
2883,6239,177512,"array([1.2420887 , 8.38350462])"
2884,6239,179472,"array([9.72534954, 7.64447023])"
2885,6239,181642,"array([8.70339678, 6.37143668])"
2886,6239,266844,"array([9.72317867, 7.27030804])"
2887,6239,179043,"array([6.91707431, 7.89858556])"
2888,6239,179125,"array([7.84693914, 8.2605475 ])"
2889,6239,179171,"array([6.69537152, 7.9545316 ])"
2890,6239,180819,"array([6.31034999, 8.2153444 ])"
2891,6239,177566,"array([1.74462934, 8.43149293])"
2892,6239,177570,"array([7.78327498, 5.8107404 ])"
2893,6239,180374,"array([7.61390349, 7.54765421])"
2894,6239,190959,"array([7.87136953, 8.42850271])"
2895,6239,177596,"array([12.29520188, 25.68184059])"
2896,6239,180700,"array([12.59402102, 25.49422262])"
2897,6239,180443,"array([8.63689215, 6.53039088])"
2898,6239,177620,"array([-0.4078873 ,  6.60374003])"
2899,6239,177660,"array([7.24636877, 3.80369414])"
2900,6239,177669,"array([8.54806668, 1.65844847])"
2901,6239,177692,"array([3.56376527, 5.83767793])"
2902,6239,177701,"array([ -3.06326458, -11.23281571])"
2903,6239,178740,"array([ -2.78974615, -11.01858213])"
2904,6239,177704,"array([4.00883816, 8.03777898])"
2905,6239,180011,"array([ 4.2642043 , 14.41756126])"
2906,6239,178469,"array([6.04871198, 8.68336849])"
2907,6239,188247,"array([2.89166904, 7.99594702])"
2908,6239,177738,"array([-0.40848012,  6.37261112])"
2909,6239,259546,"array([7.03203988, 7.93056546])"
2910,6239,182375,"array([10.37338124,  8.76460808])"
2911,6239,188971,"array([4.02368596, 2.04035725])"
2912,6239,179675,"array([5.77380124, 6.43504617])"
2913,6239,177855,"array([1.02246042, 8.3029731 ])"
2914,6239,177899,"array([11.32460733,  4.51321624])"
2915,6239,178465,"array([8.36994456, 6.15816119])"
2916,6239,178268,"array([1.46784608, 7.32113868])"
2917,6239,191687,"array([6.5947038 , 4.38252652])"
2918,6239,177940,"array([8.04951606, 6.05328224])"
2919,6239,179894,"array([8.47795602, 6.53860177])"
2920,6239,181221,"array([5.11672666, 8.96217287])"
2921,6239,178032,"array([10.80418592,  4.27357242])"
2922,6239,178046,"array([6.27151001, 3.32012081])"
2923,6239,179670,"array([8.87279391, 9.98091047])"
2924,6239,178097,"array([-10.32586131,  -3.95720033])"
2925,6239,181648,"array([-10.37277866,  -3.6072786 ])"
2926,6239,179819,"array([3.37022064, 6.8873728 ])"
2927,6239,186058,"array([4.91187105, 5.63703025])"
2928,6239,24104970,"array([4.63918036, 8.56720889])"
2929,6239,259849,"array([3.9254161 , 6.76613683])"
2930,6239,3565794,"array([2.85704753, 6.92830536])"
2931,6239,192095,"array([6.96292766, 8.109729  ])"
2932,6239,178151,"array([2.20356017, 8.84727311])"
2933,6239,178215,"array([-14.56824725,   4.07573529])"
2934,6239,181326,"array([-14.77056322,   4.36353623])"
2935,6239,178219,"array([7.70737804, 1.59864581])"
2936,6239,178237,"array([-13.42934854,   2.69350128])"
2937,6239,191652,"array([-13.45278235,   2.3450936 ])"
2938,6239,178255,"array([8.05909914, 1.47490742])"
2939,6239,178269,"array([7.08846091, 5.39339676])"
2940,6239,179328,"array([1.9506209 , 7.68350519])"
2941,6239,180536,"array([1.93529041, 7.39679477])"
2942,6239,178289,"array([6.68319504, 3.20722143])"
2943,6239,178295,"array([0.45001401, 8.58332834])"
2944,6239,178348,"array([9.50016644, 7.23929711])"
2945,6239,184419,"array([8.45540012, 7.6287481 ])"
2946,6239,178412,"array([-0.70113446,  5.93694259])"
2947,6239,178454,"array([-1.76116747,  5.75336434])"
2948,6239,185538,"array([8.94700414, 4.75353064])"
2949,6239,178451,"array([ 6.9260896 , 10.78387498])"
2950,6239,178483,"array([3.21136961, 9.35213429])"
2951,6239,178487,"array([6.99886696, 3.84012843])"
2952,6239,178518,"array([9.4922955 , 2.16284883])"
2953,6239,178523,"array([10.6586684 ,  4.83930713])"
2954,6239,178561,"array([3.43042388, 8.09660721])"
2955,6239,178624,"array([9.82839728, 5.54021472])"
2956,6239,180631,"array([8.50499129, 7.84107686])"
2957,6239,180674,"array([8.84657127, 7.89712711])"
2958,6239,178641,"array([9.24022212, 1.55837432])"
2959,6239,178725,"array([11.05042388,  4.59322054])"
2960,6239,178813,"array([8.04401104, 1.1570453 ])"
2961,6239,178843,"array([8.23651334, 2.55414134])"
2962,6239,178868,"array([8.42443836, 6.68515548])"
2963,6239,178996,"array([ 4.31232952, 12.75876006])"
2964,6239,181421,"array([3.34786953, 7.01804976])"
2965,6239,184271,"array([11.49152122,  7.21735824])"
2966,6239,179838,"array([ 6.55646298, 11.43754751])"
2967,6239,179035,"array([9.11333491, 5.3260127 ])"
2968,6239,179058,"array([5.5094433 , 8.95739616])"
2969,6239,179059,"array([8.55628085, 2.07496356])"
2970,6239,179060,"array([  5.15411064, -13.78700103])"
2971,6239,179899,"array([  5.4765945 , -13.65379797])"
2972,6239,179103,"array([2.42848639, 8.95067465])"
2973,6239,180251,"array([9.27178744, 8.87796003])"
2974,6239,180931,"array([9.35964261, 9.06483041])"
2975,6239,189220,"array([9.16783226, 9.14193345])"
2976,6239,179219,"array([9.32018352, 7.51590599])"
2977,6239,185201,"array([6.02995712, 7.40859373])"
2978,6239,181279,"array([3.31639116, 6.7411201 ])"
2979,6239,185003,"array([8.17925573, 8.42430187])"
2980,6239,181716,"array([10.85401032,  6.62721173])"
2981,6239,186194,"array([ 6.88987157, 12.33563605])"
2982,6239,179415,"array([ 5.87455093, 10.09122432])"
2983,6239,184324,"array([7.12332675, 5.79332287])"
2984,6239,186150,"array([7.48842547, 4.09334536])"
2985,6239,179453,"array([ 3.08509263, 13.0276813 ])"
2986,6239,180488,"array([7.84454903, 1.17655691])"
2987,6239,180617,"array([7.29469314, 1.77349943])"
2988,6239,180728,"array([7.08144842, 1.83799172])"
2989,6239,180737,"array([7.00153149, 1.60744201])"
2990,6239,181011,"array([8.12393202, 1.31833878])"
2991,6239,181023,"array([7.72959242, 1.3889729 ])"
2992,6239,181168,"array([9.4464988 , 1.93591645])"
2993,6239,181273,"array([7.48404839, 1.91184819])"
2994,6239,181305,"array([8.21630533, 1.55794126])"
2995,6239,181384,"array([8.24457203, 1.90260413])"
2996,6239,181451,"array([7.38935117, 1.59535924])"
2997,6239,181528,"array([9.15173739, 2.43328225])"
2998,6239,181619,"array([7.33263064, 1.40794632])"
2999,6239,182018,"array([7.68856751, 1.82687758])"
3000,6239,182243,"array([9.47453934, 2.63663819])"
3001,6239,182321,"array([8.98279783, 1.3009176 ])"
3002,6239,182546,"array([8.79806155, 2.35596569])"
3003,6239,182674,"array([8.42302005, 1.05213931])"
3004,6239,182774,"array([8.02089279, 1.64767479])"
3005,6239,183280,"array([8.02859155, 1.83372055])"
3006,6239,183500,"array([8.49107502, 1.43848899])"
3007,6239,183524,"array([9.51461268, 2.3972779 ])"
3008,6239,183853,"array([7.5048057 , 1.30639567])"
3009,6239,183924,"array([8.74449228, 1.66915427])"
3010,6239,183974,"array([8.94506156, 2.62706123])"
3011,6239,184534,"array([8.79085558, 1.19750631])"
3012,6239,184720,"array([9.13926078, 2.64905504])"
3013,6239,184730,"array([8.41251875, 2.41718025])"
3014,6239,184767,"array([8.76423181, 2.1663305 ])"
3015,6239,185095,"array([7.88178167, 1.51598251])"
3016,6239,185609,"array([8.77346817, 2.55516663])"
3017,6239,185611,"array([7.97738928, 2.34321581])"
3018,6239,185652,"array([8.60457477, 2.27318362])"
3019,6239,185744,"array([8.20329499, 2.13538424])"
3020,6239,185828,"array([7.6715668 , 2.04124598])"
3021,6239,185940,"array([7.55980951, 1.48815516])"
3022,6239,186010,"array([9.33138667, 2.34682706])"
3023,6239,186142,"array([9.26979869, 1.98329089])"
3024,6239,186362,"array([9.31807759, 2.79603688])"
3025,6239,186420,"array([7.54065589, 1.71058621])"
3026,6239,186776,"array([8.99527019, 1.89932832])"
3027,6239,186794,"array([8.71006465, 1.98527111])"
3028,6239,186932,"array([7.66800361, 1.21839433])"
3029,6239,187126,"array([8.41187513, 2.2214475 ])"
3030,6239,187607,"array([9.09943318, 1.67363259])"
3031,6239,187903,"array([8.24927854, 1.19360398])"
3032,6239,188141,"array([8.62762   , 1.32956533])"
3033,6239,188562,"array([8.37808352, 2.03422331])"
3034,6239,188818,"array([7.70465634, 2.26092294])"
3035,6239,189094,"array([9.13370788, 2.24505876])"
3036,6239,189130,"array([9.04160601, 2.8396363 ])"
3037,6239,189423,"array([8.38791329, 1.57363327])"
3038,6239,189728,"array([7.10902818, 1.37084595])"
3039,6239,190239,"array([9.18880072, 2.96487132])"
3040,6239,190242,"array([8.92731331, 1.72357564])"
3041,6239,190454,"array([9.29846537, 2.54749051])"
3042,6239,190673,"array([8.2372274 , 0.99817168])"
3043,6239,190675,"array([7.92017551, 1.3342873 ])"
3044,6239,191089,"array([8.83501289, 2.8164457 ])"
3045,6239,191095,"array([8.89882201, 2.05222501])"
3046,6239,191099,"array([8.453422  , 2.67436466])"
3047,6239,191854,"array([8.97064524, 2.43279501])"
3048,6239,192026,"array([7.91111899, 2.13929512])"
3049,6239,24105065,"array([9.09494362, 2.06819887])"
3050,6239,179481,"array([9.2721375 , 6.34696962])"
3051,6239,179494,"array([6.14468178, 3.1017042 ])"
3052,6239,179503,"array([-4.4445102 , -9.92046542])"
3053,6239,181484,"array([ -4.63624891, -10.21180235])"
3054,6239,179533,"array([-14.6792805 ,  12.21285903])"
3055,6239,179534,"array([-14.74099359,  11.86468073])"
3056,6239,186801,"array([10.00126854,  7.63236642])"
3057,6239,179574,"array([7.98346607, 7.03844855])"
3058,6239,180860,"array([8.79245576, 9.71685003])"
3059,6239,179639,"array([2.55249522, 8.96183699])"
3060,6239,179692,"array([ 2.80861632, 13.41665662])"
3061,6239,179703,"array([ 7.88866717, 25.28242059])"
3062,6239,259654,"array([ 8.19302825, 25.10865367])"
3063,6239,179885,"array([-14.96984613,   2.48226283])"
3064,6239,182176,"array([-15.10351727,   2.16157696])"
3065,6239,180435,"array([ 5.66318646, 10.11847197])"
3066,6239,188788,"array([ 6.01601216, 10.09078435])"
3067,6239,181775,"array([ 6.11019838, 10.41196133])"
3068,6239,180022,"array([9.96437766, 8.24524226])"
3069,6239,180062,"array([24.54515627,  9.79654894])"
3070,6239,185740,"array([24.87699225,  9.89792387])"
3071,6239,181443,"array([7.5084303 , 6.89394486])"
3072,6239,180399,"array([7.07574776, 3.11375578])"
3073,6239,180407,"array([ 3.72253315, 13.56216343])"
3074,6239,181020,"array([ 7.45143203, 10.25894706])"
3075,6239,180460,"array([-14.1604541 ,   5.61150027])"
3076,6239,180808,"array([-14.22122988,   5.95125331])"
3077,6239,180479,"array([1.97417458, 8.66524065])"
3078,6239,180712,"array([5.7598653, 9.5715253])"
3079,6239,181148,"array([5.33095972, 9.56813994])"
3080,6239,180547,"array([9.06202486, 5.0135226 ])"
3081,6239,191645,"array([7.93023079, 3.4883061 ])"
3082,6239,184572,"array([10.83375321,  6.31385498])"
3083,6239,180573,"array([6.09198332, 3.24793912])"
3084,6239,180672,"array([1.41472829, 6.5464102 ])"
3085,6239,180675,"array([ 3.19055098, 13.65142324])"
3086,6239,180701,"array([ 7.79512076, 10.97534329])"
3087,6239,182944,"array([10.07101481,  5.87601578])"
3088,6239,191657,"array([10.01965964,  5.64830461])"
3089,6239,180825,"array([16.24477105, -8.48278318])"
3090,6239,181010,"array([15.94586096, -8.66268594])"
3091,6239,180837,"array([6.27297587, 5.12460878])"
3092,6239,181574,"array([8.20646537, 5.35770153])"
3093,6239,180929,"array([11.32660013,  9.28095584])"
3094,6239,181246,"array([9.98210854, 4.60055754])"
3095,6239,191597,"array([9.62893585, 4.06865984])"
3096,6239,191600,"array([9.82664376, 4.2394707 ])"
3097,6239,24105310,"array([9.15275789, 4.3273099 ])"
3098,6239,180996,"array([1.25628458, 6.49096009])"
3099,6239,181051,"array([9.69966688, 8.26197427])"
3100,6239,181047,"array([10.82134979,  6.90954117])"
3101,6239,181724,"array([6.39807901, 3.42266711])"
3102,6239,24105312,"array([9.11854911, 7.69568855])"
3103,6239,185035,"array([11.93030729,  6.94622009])"
3104,6239,181178,"array([ 2.76161858, 12.96431656])"
3105,6239,183959,"array([0.91697436, 6.15198074])"
3106,6239,188574,"array([1.50888569, 6.66743403])"
3107,6239,181309,"array([6.89975556, 2.946158  ])"
3108,6239,181501,"array([2.01802035, 6.60540166])"
3109,6239,181374,"array([ 12.25561508, -10.80939752])"
3110,6239,181611,"array([ 12.05040919, -11.08568044])"
3111,6239,181468,"array([24.09588873,  3.67367952])"
3112,6239,186548,"array([23.81800116,  3.90793984])"
3113,6239,181955,"array([-0.0363968,  6.1084366])"
3114,6239,182929,"array([-0.21579568,  5.63499241])"
3115,6239,183131,"array([-0.06463092,  5.82932019])"
3116,6239,187994,"array([-0.43354121,  6.09742097])"
3117,6239,181604,"array([7.85955921, 6.7718599 ])"
3118,6239,181584,"array([8.20851408, 4.6570772 ])"
3119,6239,181630,"array([ 2.66698304, 13.17737074])"
3120,6239,181637,"array([-13.21110467,  11.47503573])"
3121,6239,181778,"array([-13.0876684 ,  11.14949976])"
3122,6239,3565050,"array([-12.86937189,  11.42140905])"
3123,6239,191768,"array([11.48574628,  8.75521958])"
3124,6239,3565610,"array([ 8.90514344, 11.4349941 ])"
3125,6239,181776,"array([ 6.78500019, 11.68173503])"
3126,6239,182125,"array([  9.41796314, -13.19745135])"
3127,6239,188090,"array([  9.71459184, -13.0101771 ])"
3128,6239,183122,"array([0.80033075, 6.88562755])"
3129,6239,183197,"array([7.40416219, 3.89755517])"
3130,6239,189814,"array([7.32177538, 3.26517611])"
3131,6239,184742,"array([ 3.70027478, 13.24415882])"
3132,6239,185084,"array([ 2.93590994, 13.21942209])"
3133,6239,185101,"array([11.3366753 ,  6.36281071])"
3134,6239,185226,"array([ 3.29017371, 13.43719948])"
3135,6239,186491,"array([  5.51145394, -11.96920995])"
3136,6239,190488,"array([  5.3170914 , -12.25483117])"
3137,6239,191210,"array([23.53993189,  4.13956638])"
3138,6239,186755,"array([1.09660999, 8.49179991])"
3139,6239,187770,"array([1.40278893, 7.04142658])"
3140,6239,187671,"array([ 3.18414448, 13.2505431 ])"
3141,6239,188252,"array([ 7.28940886, -0.39593205])"
3142,6239,188777,"array([ 3.02809342, 13.48910502])"
3143,6239,188904,"array([24.14249817, 13.42495857])"
3144,6239,190704,"array([24.02649474, 13.75351695])"
3145,6239,189815,"array([9.12931644, 7.42803724])"
3146,6239,190777,"array([0.21144184, 7.80255755])"
3147,6239,191685,"array([7.61260723, 3.60731577])"
3148,6239,191621,"array([1.34867286, 7.67978073])"
3149,6239,191706,"array([5.72937334, 4.68650846])"
3150,6239,191750,"array([-11.95886229,  14.95782243])"
3151,6239,259571,"array([-0.06412753,  8.7465161 ])"
3152,6239,3564844,"array([ 3.91314087, 13.38716041])"
3153,6239,259434,"array([1.170504  , 7.60638087])"
3154,6239,259655,"array([1.24337414, 7.29207278])"
3155,6239,259853,"array([0.21967654, 7.55901298])"
3156,6239,260223,"array([23.67099329,  0.90805256])"
3157,6239,259923,"array([23.47114832,  1.24391289])"
3158,6239,259924,"array([24.05964627,  0.99697886])"
3159,6239,3565950,"array([1.42223548, 7.46934311])"
3160,6239,260116,"array([1.39444604, 8.1635044 ])"
3161,6239,260178,"array([-5.10536814, 23.90671331])"
3162,6239,260179,"array([-4.83053754, 23.69140599])"
3163,6239,3565873,"array([1.1407736 , 7.13068534])"
3164,6239,3565279,"array([25.38903931,  6.47571943])"
3165,6239,3565632,"array([25.48709049,  6.14038032])"
3166,6239,3564957,"array([-3.57686462, 24.62888441])"
3167,6239,36805042,"array([5.26170061, 7.81484352])"
3168,6239,175796,"array([4.53602638, 1.46544691])"
3169,6239,183981,"array([ 0.47670563, 13.25411406])"
3170,6239,173410,"array([10.92421093,  7.78201158])"
3171,6239,177547,"array([3.26426995, 8.18437467])"
3172,6239,259679,"array([6.21207831, 9.39209127])"
3173,6239,36805034,"array([22.41364349, -2.18189637])"
3174,6239,181576,"array([22.73865548, -2.06310574])"
3175,9606,8996,"array([2.21446528, 7.9785886 ])"
3176,9606,641,"array([17.76318721, -9.0444778 ])"
3177,9606,6239,"array([17.87108183, -8.71170505])"
