# source, target, weight, layer
0,1,0.333333333333,1
0,2,0.333333333333,1
0,3,0.333333333333,1
0,98,0.125,2
0,99,0.125,2
0,124,0.125,2
0,238,0.125,2
0,254,0.125,2
0,255,0.125,2
0,256,0.125,2
0,257,0.125,2
0,3,0.0384615384615,3
0,7,0.0131578947368,3
0,8,0.0131578947368,3
0,9,0.0131578947368,3
0,10,0.0131578947368,3
0,52,0.0384615384615,3
0,72,0.0384615384615,3
0,83,0.0131578947368,3
0,84,0.0131578947368,3
0,98,0.0384615384615,3
0,103,0.0384615384615,3
0,117,0.0131578947368,3
0,118,0.0131578947368,3
0,119,0.0131578947368,3
0,120,0.0131578947368,3
0,121,0.0131578947368,3
0,122,0.0131578947368,3
0,123,0.0131578947368,3
0,124,0.301619433198,3
0,125,0.0131578947368,3
0,127,0.0131578947368,3
0,128,0.0131578947368,3
0,130,0.0131578947368,3
0,131,0.0516194331984,3
0,148,0.0516194331984,3
0,163,0.0384615384615,3
0,170,0.0131578947368,3
0,171,0.0131578947368,3
0,172,0.0131578947368,3
0,184,0.0131578947368,3
0,238,0.0131578947368,3
0,247,0.0131578947368,3
0,256,0.0131578947368,3
0,265,0.0131578947368,3
0,269,0.0131578947368,3
0,270,0.0131578947368,3
0,271,0.0131578947368,3
0,272,0.0131578947368,3
0,273,0.0131578947368,3
0,274,0.0131578947368,3
0,275,0.0131578947368,3
0,276,0.0131578947368,3
0,277,0.0131578947368,3
0,278,0.0131578947368,3
0,279,0.0131578947368,3
0,280,0.0131578947368,3
0,312,0.0131578947368,3
0,313,0.0131578947368,3
0,314,0.0131578947368,3
0,315,0.0131578947368,3
0,319,0.0131578947368,3
0,326,0.0131578947368,3
0,327,0.0131578947368,3
0,328,0.0131578947368,3
0,329,0.0131578947368,3
0,330,0.0131578947368,3
0,331,0.0131578947368,3
0,332,0.0516194331984,3
0,333,0.0131578947368,3
0,334,0.0131578947368,3
0,335,0.0131578947368,3
0,336,0.0131578947368,3
0,337,0.263157894737,3
0,338,0.0131578947368,3
0,339,0.0131578947368,3
0,340,0.0131578947368,3
0,341,0.0131578947368,3
0,342,0.0131578947368,3
0,343,0.0516194331984,3
0,344,0.0516194331984,3
0,345,0.0131578947368,3
0,346,0.0131578947368,3
0,347,0.0516194331984,3
0,348,0.0131578947368,3
0,349,0.0516194331984,3
0,350,0.0131578947368,3
0,351,0.0131578947368,3
0,352,0.0131578947368,3
0,353,0.0131578947368,3
0,354,0.0131578947368,3
0,355,0.0131578947368,3
0,356,0.0131578947368,3
0,361,0.0384615384615,3
0,379,0.0384615384615,3
0,448,0.0384615384615,3
0,472,0.0384615384615,3
0,473,0.0384615384615,3
0,474,0.0384615384615,3
0,475,0.0384615384615,3
0,476,0.0384615384615,3
0,477,0.0384615384615,3
0,478,0.0384615384615,3
0,479,0.0384615384615,3
0,480,0.0384615384615,3
0,124,0.25,8
0,145,0.25,8
0,146,0.25,8
0,147,0.25,8
0,124,0.333333333333,10
0,145,0.333333333333,10
0,146,0.333333333333,10
0,124,0.25,12
0,337,0.25,12
1,2,0.333333333333,1
1,3,0.333333333333,1
1,15,0.0185185185185,3
1,41,0.0185185185185,3
1,42,0.0185185185185,3
1,106,0.0185185185185,3
1,107,0.0185185185185,3
1,108,0.0185185185185,3
1,220,0.0185185185185,3
1,221,0.0185185185185,3
1,222,0.0185185185185,3
1,223,0.0185185185185,3
1,224,0.0185185185185,3
1,225,0.0185185185185,3
1,226,0.0185185185185,3
1,227,0.0185185185185,3
1,228,0.0185185185185,3
1,255,0.0185185185185,3
1,281,0.0185185185185,3
1,284,0.0185185185185,3
1,285,0.0185185185185,3
1,286,0.0185185185185,3
1,287,0.0185185185185,3
1,288,0.0185185185185,3
1,290,0.0185185185185,3
1,291,0.0185185185185,3
1,292,0.0185185185185,3
1,300,0.0185185185185,3
1,378,1.01851851852,3
1,403,0.0185185185185,3
1,404,0.0185185185185,3
1,405,0.0185185185185,3
1,406,0.0185185185185,3
1,407,0.0185185185185,3
1,408,0.0185185185185,3
1,409,0.0185185185185,3
1,410,0.0185185185185,3
1,411,0.0185185185185,3
1,412,0.0185185185185,3
1,413,0.0185185185185,3
1,414,0.0185185185185,3
1,415,0.0185185185185,3
1,416,0.0185185185185,3
1,417,0.0185185185185,3
1,418,0.0185185185185,3
1,419,0.0185185185185,3
1,420,0.0185185185185,3
1,421,0.0185185185185,3
1,422,0.0185185185185,3
1,423,0.0185185185185,3
1,424,0.0185185185185,3
1,425,0.0185185185185,3
1,426,0.0185185185185,3
1,427,0.0185185185185,3
1,428,0.0185185185185,3
1,429,0.0185185185185,3
1,229,1.0,5
2,3,0.333333333333,1
3,72,0.166666666667,2
3,210,0.166666666667,2
3,253,0.166666666667,2
3,27,0.05,3
3,52,0.0884615384615,3
3,72,0.455128205128,3
3,98,0.0384615384615,3
3,103,0.288461538462,3
3,124,0.0384615384615,3
3,131,0.0384615384615,3
3,148,0.0384615384615,3
3,163,0.0384615384615,3
3,203,0.05,3
3,210,0.166666666667,3
3,253,0.166666666667,3
3,332,0.0384615384615,3
3,343,0.0384615384615,3
3,344,0.0384615384615,3
3,347,0.0384615384615,3
3,349,0.0384615384615,3
3,361,0.288461538462,3
3,373,0.05,3
3,374,0.05,3
3,379,0.0384615384615,3
3,448,0.288461538462,3
3,472,0.0384615384615,3
3,473,0.0384615384615,3
3,474,0.0384615384615,3
3,475,0.0384615384615,3
3,476,0.0384615384615,3
3,477,0.0384615384615,3
3,478,0.0384615384615,3
3,479,0.0384615384615,3
3,480,0.0384615384615,3
3,27,0.05,6
3,52,0.05,6
3,203,0.05,6
3,373,0.05,6
3,374,0.05,6
3,27,0.05,8
3,52,0.05,8
3,203,0.05,8
3,373,0.05,8
3,374,0.05,8
3,98,0.25,11
3,160,0.25,11
3,162,0.25,11
3,163,0.25,11
3,27,0.466666666667,12
3,52,0.466666666667,12
3,144,0.166666666667,12
3,203,0.05,12
3,373,0.466666666667,12
3,374,0.466666666667,12
3,375,0.166666666667,12
3,210,1.0,13
4,5,0.5,2
4,6,0.5,2
4,5,0.111111111111,3
4,6,0.111111111111,3
4,44,0.111111111111,3
4,45,0.111111111111,3
4,53,0.111111111111,3
4,56,0.111111111111,3
4,57,0.111111111111,3
4,63,0.111111111111,3
4,65,0.111111111111,3
4,80,0.111111111111,3
4,81,0.111111111111,3
4,200,0.111111111111,3
4,201,0.111111111111,3
4,202,0.111111111111,3
4,203,0.111111111111,3
4,204,0.111111111111,3
4,205,0.111111111111,3
4,206,0.111111111111,3
4,207,0.111111111111,3
4,307,0.111111111111,3
4,352,0.111111111111,3
4,364,0.111111111111,3
4,368,0.111111111111,3
4,369,0.111111111111,3
4,370,0.111111111111,3
4,371,0.111111111111,3
4,372,0.111111111111,3
4,5,0.25,9
4,6,0.25,9
4,287,0.25,9
4,381,0.25,9
4,456,0.333333333333,12
4,457,0.333333333333,12
4,458,0.333333333333,12
5,6,1.83333333333,2
5,53,0.333333333333,2
5,109,0.333333333333,2
5,110,0.333333333333,2
5,287,0.333333333333,2
5,381,0.333333333333,2
5,6,0.361111111111,3
5,44,0.111111111111,3
5,45,0.111111111111,3
5,53,0.111111111111,3
5,56,0.111111111111,3
5,57,0.111111111111,3
5,63,0.111111111111,3
5,65,0.111111111111,3
5,80,0.111111111111,3
5,81,0.111111111111,3
5,200,0.111111111111,3
5,201,0.111111111111,3
5,202,0.111111111111,3
5,203,0.111111111111,3
5,204,0.111111111111,3
5,205,0.111111111111,3
5,206,0.111111111111,3
5,207,0.111111111111,3
5,307,0.111111111111,3
5,352,0.111111111111,3
5,364,0.111111111111,3
5,368,0.111111111111,3
5,369,0.111111111111,3
5,370,0.111111111111,3
5,371,0.111111111111,3
5,372,0.111111111111,3
5,381,0.25,3
5,512,1.0,3
5,6,0.25,9
5,287,0.25,9
5,381,0.25,9
5,6,0.833333333333,12
5,44,1.33333333333,12
5,45,1.58333333333,12
5,111,0.25,12
5,182,0.25,12
5,381,0.25,12
6,53,0.333333333333,2
6,287,0.333333333333,2
6,307,0.333333333333,2
6,311,0.333333333333,2
6,381,0.333333333333,2
6,44,0.111111111111,3
6,45,0.111111111111,3
6,53,0.111111111111,3
6,56,0.111111111111,3
6,57,0.111111111111,3
6,63,0.111111111111,3
6,65,0.111111111111,3
6,80,0.111111111111,3
6,81,0.111111111111,3
6,200,0.111111111111,3
6,201,0.111111111111,3
6,202,0.111111111111,3
6,203,0.111111111111,3
6,204,0.111111111111,3
6,205,0.111111111111,3
6,206,0.111111111111,3
6,207,0.111111111111,3
6,307,0.111111111111,3
6,352,0.111111111111,3
6,364,0.111111111111,3
6,368,0.111111111111,3
6,369,0.111111111111,3
6,370,0.111111111111,3
6,371,0.111111111111,3
6,372,0.111111111111,3
6,381,0.25,3
6,287,0.25,9
6,381,0.25,9
6,44,0.333333333333,12
6,45,0.583333333333,12
6,53,0.166666666667,12
6,111,0.25,12
6,149,0.5,12
6,150,0.5,12
6,182,0.25,12
6,203,0.166666666667,12
6,213,0.166666666667,12
6,307,0.166666666667,12
6,311,0.166666666667,12
6,364,0.166666666667,12
6,381,0.25,12
7,8,0.34649122807,3
7,9,0.34649122807,3
7,10,0.34649122807,3
7,83,0.213157894737,3
7,84,0.213157894737,3
7,117,0.0131578947368,3
7,118,0.0131578947368,3
7,119,0.0131578947368,3
7,120,0.0131578947368,3
7,121,0.0131578947368,3
7,122,0.0131578947368,3
7,123,0.0131578947368,3
7,124,0.0131578947368,3
7,125,0.0131578947368,3
7,127,0.0131578947368,3
7,128,0.0131578947368,3
7,130,0.0131578947368,3
7,131,0.0131578947368,3
7,148,0.0131578947368,3
7,170,0.0131578947368,3
7,171,0.0131578947368,3
7,172,0.0131578947368,3
7,184,0.0131578947368,3
7,238,0.0131578947368,3
7,247,0.0131578947368,3
7,256,0.0131578947368,3
7,265,0.0131578947368,3
7,269,0.0131578947368,3
7,270,0.0131578947368,3
7,271,0.0131578947368,3
7,272,0.0131578947368,3
7,273,0.0131578947368,3
7,274,0.0131578947368,3
7,275,0.0131578947368,3
7,276,0.0131578947368,3
7,277,0.0131578947368,3
7,278,0.0131578947368,3
7,279,0.0131578947368,3
7,280,0.0131578947368,3
7,312,0.0131578947368,3
7,313,0.0131578947368,3
7,314,0.0131578947368,3
7,315,0.0131578947368,3
7,319,0.513157894737,3
7,326,0.0131578947368,3
7,327,0.213157894737,3
7,328,0.0131578947368,3
7,329,0.0131578947368,3
7,330,0.0131578947368,3
7,331,0.0131578947368,3
7,332,0.213157894737,3
7,333,0.0131578947368,3
7,334,0.213157894737,3
7,335,0.0131578947368,3
7,336,0.0131578947368,3
7,337,0.0131578947368,3
7,338,0.0131578947368,3
7,339,0.0131578947368,3
7,340,0.0131578947368,3
7,341,0.0131578947368,3
7,342,0.0131578947368,3
7,343,0.0131578947368,3
7,344,0.0131578947368,3
7,345,0.0131578947368,3
7,346,0.0131578947368,3
7,347,0.0131578947368,3
7,348,0.0131578947368,3
7,349,0.0131578947368,3
7,350,0.0131578947368,3
7,351,0.0131578947368,3
7,352,0.0131578947368,3
7,353,0.0131578947368,3
7,354,0.0131578947368,3
7,355,0.0131578947368,3
7,356,0.0131578947368,3
7,488,1.0,3
7,319,0.5,8
8,9,0.34649122807,3
8,10,0.34649122807,3
8,83,0.0131578947368,3
8,84,0.0131578947368,3
8,117,0.0131578947368,3
8,118,0.0131578947368,3
8,119,0.0131578947368,3
8,120,0.0131578947368,3
8,121,0.0131578947368,3
8,122,0.0131578947368,3
8,123,0.0131578947368,3
8,124,0.0131578947368,3
8,125,0.0131578947368,3
8,127,0.0131578947368,3
8,128,0.0131578947368,3
8,130,0.0131578947368,3
8,131,0.0131578947368,3
8,148,0.0131578947368,3
8,170,0.0131578947368,3
8,171,0.0131578947368,3
8,172,0.0131578947368,3
8,184,0.0131578947368,3
8,238,0.0131578947368,3
8,247,0.0131578947368,3
8,256,0.0131578947368,3
8,265,0.0131578947368,3
8,269,0.0131578947368,3
8,270,0.0131578947368,3
8,271,0.0131578947368,3
8,272,0.0131578947368,3
8,273,0.0131578947368,3
8,274,0.0131578947368,3
8,275,0.0131578947368,3
8,276,0.0131578947368,3
8,277,0.0131578947368,3
8,278,0.0131578947368,3
8,279,0.0131578947368,3
8,280,0.0131578947368,3
8,312,0.0131578947368,3
8,313,0.0131578947368,3
8,314,0.0131578947368,3
8,315,0.0131578947368,3
8,319,0.0131578947368,3
8,326,0.0131578947368,3
8,327,0.0131578947368,3
8,328,0.0131578947368,3
8,329,0.0131578947368,3
8,330,0.0131578947368,3
8,331,0.0131578947368,3
8,332,0.0131578947368,3
8,333,0.0131578947368,3
8,334,0.0131578947368,3
8,335,0.0131578947368,3
8,336,0.0131578947368,3
8,337,0.0131578947368,3
8,338,0.0131578947368,3
8,339,0.0131578947368,3
8,340,0.0131578947368,3
8,341,0.0131578947368,3
8,342,0.0131578947368,3
8,343,0.0131578947368,3
8,344,0.0131578947368,3
8,345,0.0131578947368,3
8,346,0.0131578947368,3
8,347,0.0131578947368,3
8,348,0.0131578947368,3
8,349,0.0131578947368,3
8,350,0.0131578947368,3
8,351,0.0131578947368,3
8,352,0.0131578947368,3
8,353,0.0131578947368,3
8,354,0.0131578947368,3
8,355,0.0131578947368,3
8,356,0.0131578947368,3
9,10,0.34649122807,3
9,83,0.0131578947368,3
9,84,0.0131578947368,3
9,117,0.0131578947368,3
9,118,0.0131578947368,3
9,119,0.0131578947368,3
9,120,0.0131578947368,3
9,121,0.0131578947368,3
9,122,0.0131578947368,3
9,123,0.0131578947368,3
9,124,0.0131578947368,3
9,125,0.0131578947368,3
9,127,0.0131578947368,3
9,128,0.0131578947368,3
9,130,0.0131578947368,3
9,131,0.0131578947368,3
9,148,0.0131578947368,3
9,170,0.0131578947368,3
9,171,0.0131578947368,3
9,172,0.0131578947368,3
9,184,0.0131578947368,3
9,238,0.0131578947368,3
9,247,0.0131578947368,3
9,256,0.0131578947368,3
9,265,0.0131578947368,3
9,269,0.0131578947368,3
9,270,0.0131578947368,3
9,271,0.0131578947368,3
9,272,0.0131578947368,3
9,273,0.0131578947368,3
9,274,0.0131578947368,3
9,275,0.0131578947368,3
9,276,0.0131578947368,3
9,277,0.0131578947368,3
9,278,0.0131578947368,3
9,279,0.0131578947368,3
9,280,0.0131578947368,3
9,312,0.0131578947368,3
9,313,0.0131578947368,3
9,314,0.0131578947368,3
9,315,0.0131578947368,3
9,319,0.0131578947368,3
9,326,0.0131578947368,3
9,327,0.0131578947368,3
9,328,0.0131578947368,3
9,329,0.0131578947368,3
9,330,0.0131578947368,3
9,331,0.0131578947368,3
9,332,0.0131578947368,3
9,333,0.0131578947368,3
9,334,0.0131578947368,3
9,335,0.0131578947368,3
9,336,0.0131578947368,3
9,337,0.0131578947368,3
9,338,0.0131578947368,3
9,339,0.0131578947368,3
9,340,0.0131578947368,3
9,341,0.0131578947368,3
9,342,0.0131578947368,3
9,343,0.0131578947368,3
9,344,0.0131578947368,3
9,345,0.0131578947368,3
9,346,0.0131578947368,3
9,347,0.0131578947368,3
9,348,0.0131578947368,3
9,349,0.0131578947368,3
9,350,0.0131578947368,3
9,351,0.0131578947368,3
9,352,0.0131578947368,3
9,353,0.0131578947368,3
9,354,0.0131578947368,3
9,355,0.0131578947368,3
9,356,0.0131578947368,3
10,44,0.25,3
10,63,0.25,3
10,64,0.25,3
10,65,0.25,3
10,83,0.0131578947368,3
10,84,0.0131578947368,3
10,117,0.0131578947368,3
10,118,0.0131578947368,3
10,119,0.0131578947368,3
10,120,0.0131578947368,3
10,121,0.0131578947368,3
10,122,0.0131578947368,3
10,123,0.0131578947368,3
10,124,0.0131578947368,3
10,125,0.0131578947368,3
10,127,0.0131578947368,3
10,128,0.0131578947368,3
10,130,0.0131578947368,3
10,131,0.0131578947368,3
10,148,0.0131578947368,3
10,170,0.0131578947368,3
10,171,0.0131578947368,3
10,172,0.0131578947368,3
10,184,0.0131578947368,3
10,238,0.0131578947368,3
10,247,0.0131578947368,3
10,256,0.0131578947368,3
10,265,0.0131578947368,3
10,269,0.0131578947368,3
10,270,0.0131578947368,3
10,271,0.0131578947368,3
10,272,0.0131578947368,3
10,273,0.0131578947368,3
10,274,0.0131578947368,3
10,275,0.0131578947368,3
10,276,0.0131578947368,3
10,277,0.0131578947368,3
10,278,0.0131578947368,3
10,279,0.0131578947368,3
10,280,0.0131578947368,3
10,312,0.0131578947368,3
10,313,0.0131578947368,3
10,314,0.0131578947368,3
10,315,0.0131578947368,3
10,319,0.0131578947368,3
10,326,0.0131578947368,3
10,327,0.0131578947368,3
10,328,0.0131578947368,3
10,329,0.0131578947368,3
10,330,0.0131578947368,3
10,331,0.0131578947368,3
10,332,0.0131578947368,3
10,333,0.0131578947368,3
10,334,0.0131578947368,3
10,335,0.0131578947368,3
10,336,0.0131578947368,3
10,337,0.0131578947368,3
10,338,0.0131578947368,3
10,339,0.0131578947368,3
10,340,0.0131578947368,3
10,341,0.0131578947368,3
10,342,0.0131578947368,3
10,343,0.0131578947368,3
10,344,0.0131578947368,3
10,345,0.0131578947368,3
10,346,0.0131578947368,3
10,347,0.0131578947368,3
10,348,0.0131578947368,3
10,349,0.0131578947368,3
10,350,0.0131578947368,3
10,351,0.0131578947368,3
10,352,0.0131578947368,3
10,353,0.0131578947368,3
10,354,0.0131578947368,3
10,355,0.0131578947368,3
10,356,0.0131578947368,3
11,12,0.2,4
11,13,0.45,4
11,14,0.45,4
11,15,0.2,4
11,16,0.2,4
11,44,0.25,4
11,45,0.25,4
11,13,0.333333333333,5
11,14,0.333333333333,5
11,44,0.333333333333,5
12,16,0.5,3
12,105,0.5,3
12,13,0.2,4
12,14,0.2,4
12,15,0.2,4
12,16,0.2,4
13,14,0.45,4
13,15,0.2,4
13,16,0.2,4
13,44,3.6,4
13,45,0.5,4
13,360,0.1,4
13,397,0.25,4
13,398,0.25,4
13,14,0.333333333333,5
13,44,2.18333333333,5
13,45,0.25,5
13,360,0.1,5
13,397,0.25,5
13,398,0.25,5
13,16,1.0,6
13,44,0.1,6
13,360,0.1,6
13,378,0.5,6
13,44,0.1,9
13,360,0.1,9
13,378,0.5,10
13,44,0.6,15
13,360,0.1,15
14,15,0.2,4
14,16,0.2,4
14,44,0.25,4
14,45,0.25,4
14,44,0.333333333333,5
15,41,0.0185185185185,3
15,42,0.0185185185185,3
15,106,0.0185185185185,3
15,107,0.0185185185185,3
15,108,0.0185185185185,3
15,220,0.0185185185185,3
15,221,0.0185185185185,3
15,222,0.0185185185185,3
15,223,0.0185185185185,3
15,224,0.0185185185185,3
15,225,0.0185185185185,3
15,226,0.0185185185185,3
15,227,0.0185185185185,3
15,228,0.0185185185185,3
15,255,0.0185185185185,3
15,281,0.0185185185185,3
15,284,0.0185185185185,3
15,285,0.0185185185185,3
15,286,0.0185185185185,3
15,287,0.0185185185185,3
15,288,0.0185185185185,3
15,290,0.0185185185185,3
15,291,0.0185185185185,3
15,292,0.0185185185185,3
15,300,0.0185185185185,3
15,378,0.0185185185185,3
15,403,0.0185185185185,3
15,404,0.0185185185185,3
15,405,0.0185185185185,3
15,406,0.0185185185185,3
15,407,0.0185185185185,3
15,408,0.0185185185185,3
15,409,0.0185185185185,3
15,410,0.0185185185185,3
15,411,0.0185185185185,3
15,412,0.0185185185185,3
15,413,0.0185185185185,3
15,414,0.0185185185185,3
15,415,0.0185185185185,3
15,416,0.0185185185185,3
15,417,0.0185185185185,3
15,418,0.0185185185185,3
15,419,0.0185185185185,3
15,420,0.0185185185185,3
15,421,0.0185185185185,3
15,422,0.0185185185185,3
15,423,0.0185185185185,3
15,424,0.0185185185185,3
15,425,0.0185185185185,3
15,426,0.0185185185185,3
15,427,0.0185185185185,3
15,428,0.0185185185185,3
15,429,0.0185185185185,3
15,16,0.2,4
16,105,0.5,3
16,72,0.25,6
16,384,0.25,6
16,112,0.333333333333,7
16,166,0.333333333333,7
16,167,0.333333333333,7
16,72,0.25,9
16,384,0.25,9
17,18,1.0,5
17,18,0.333333333333,9
17,218,0.333333333333,9
17,219,0.333333333333,9
18,218,0.333333333333,9
18,219,0.333333333333,9
18,92,0.25,11
18,159,0.25,11
18,160,0.25,11
18,161,0.25,11
19,48,0.166666666667,1
19,52,0.166666666667,1
19,465,0.166666666667,1
19,20,2.25,4
19,22,0.25,4
19,20,8.41666666667,5
19,21,0.166666666667,5
19,22,1.66666666667,5
19,268,0.25,5
19,20,0.166666666667,6
19,21,0.666666666667,6
19,22,1.16666666667,6
19,268,0.5,6
19,22,0.25,8
19,48,0.166666666667,8
19,52,0.166666666667,8
19,268,0.25,8
19,465,0.166666666667,8
20,22,0.25,4
20,21,0.166666666667,5
20,22,1.41666666667,5
20,21,0.166666666667,6
20,22,0.166666666667,6
21,22,0.0909090909091,2
21,85,0.0909090909091,2
21,86,0.0909090909091,2
21,87,0.0909090909091,2
21,88,0.0909090909091,2
21,89,0.0909090909091,2
21,90,0.0909090909091,2
21,91,0.0909090909091,2
21,92,0.0909090909091,2
21,93,0.0909090909091,2
21,94,0.0909090909091,2
21,22,0.166666666667,5
21,22,0.666666666667,6
22,85,0.292929292929,2
22,86,0.181818181818,2
22,87,0.292929292929,2
22,88,0.292929292929,2
22,89,0.292929292929,2
22,90,0.292929292929,2
22,91,0.292929292929,2
22,92,0.292929292929,2
22,93,0.181818181818,2
22,94,0.292929292929,2
22,268,0.0909090909091,2
22,367,0.111111111111,2
22,268,0.25,5
22,268,0.5,6
22,85,0.1,8
22,86,0.1,8
22,87,0.1,8
22,88,0.1,8
22,89,0.1,8
22,90,0.1,8
22,91,0.1,8
22,92,0.1,8
22,94,0.1,8
22,268,0.25,8
22,367,0.1,8
22,87,0.2,11
22,92,0.2,11
22,101,0.2,11
22,102,0.2,11
22,103,0.2,11
23,24,1.0,4
23,24,3.0,5
25,54,0.5,2
25,135,0.5,2
25,54,0.25,6
25,185,0.333333333333,6
25,186,0.333333333333,6
25,187,0.333333333333,6
25,299,0.0833333333333,6
25,402,0.0833333333333,6
25,482,0.0833333333333,6
25,26,0.5,7
25,27,0.5,7
25,26,1.5,13
25,185,0.0833333333333,13
25,186,0.0833333333333,13
25,187,0.0833333333333,13
25,299,0.0833333333333,13
25,402,0.0833333333333,13
25,482,0.0833333333333,13
25,26,0.5,14
26,27,0.5,7
27,52,0.05,3
27,203,0.05,3
27,373,0.05,3
27,374,0.05,3
27,52,0.05,6
27,203,0.05,6
27,373,0.05,6
27,374,0.05,6
27,52,0.05,8
27,203,0.05,8
27,373,0.05,8
27,374,0.05,8
27,52,0.466666666667,12
27,144,0.166666666667,12
27,203,0.05,12
27,373,0.466666666667,12
27,374,0.466666666667,12
27,375,0.166666666667,12
28,29,0.25,3
28,281,0.0833333333333,3
28,286,0.25,3
28,290,0.25,3
28,29,2.75,4
28,165,0.5,4
28,281,0.0833333333333,4
28,286,0.25,4
28,290,0.25,4
28,29,0.5,5
28,165,0.5,5
28,29,0.5,9
28,290,0.5,9
28,29,0.916666666667,12
28,165,0.833333333333,12
28,281,0.0833333333333,12
28,286,0.916666666667,12
28,290,0.333333333333,12
28,310,0.25,12
28,29,0.333333333333,15
28,165,0.333333333333,15
28,266,0.333333333333,15
29,281,0.0833333333333,3
29,286,0.25,3
29,290,0.25,3
29,165,0.5,4
29,281,0.0833333333333,4
29,286,0.25,4
29,290,0.25,4
29,165,0.5,5
29,290,0.5,9
29,165,0.833333333333,12
29,281,0.0833333333333,12
29,286,0.916666666667,12
29,290,0.333333333333,12
29,310,0.25,12
29,165,0.333333333333,15
29,266,0.333333333333,15
30,61,1.0,2
30,62,1.0,2
30,32,0.142857142857,6
30,151,0.142857142857,6
30,152,0.142857142857,6
30,153,0.142857142857,6
30,154,0.142857142857,6
30,155,0.142857142857,6
30,156,0.142857142857,6
30,31,0.833333333333,8
30,32,0.5,8
30,62,0.333333333333,8
30,153,0.333333333333,8
31,32,0.5,8
31,35,0.125,8
31,62,0.333333333333,8
31,134,0.125,8
31,150,0.125,8
31,151,0.125,8
31,153,0.333333333333,8
31,192,0.125,8
31,248,0.125,8
31,499,0.125,8
31,500,0.125,8
32,151,0.142857142857,6
32,152,0.142857142857,6
32,153,0.142857142857,6
32,154,0.142857142857,6
32,155,0.142857142857,6
32,156,0.142857142857,6
33,34,0.2,2
33,35,0.2,2
33,36,0.2,2
33,37,0.2,2
33,38,0.2,2
34,35,0.2,2
34,36,0.2,2
34,37,0.2,2
34,38,0.2,2
35,36,0.2,2
35,37,0.2,2
35,38,0.2,2
35,134,0.125,8
35,150,0.125,8
35,151,0.125,8
35,192,0.125,8
35,248,0.125,8
35,499,0.125,8
35,500,0.125,8
36,37,0.2,2
36,38,0.2,2
36,259,0.2,2
36,260,0.2,2
36,261,0.2,2
36,262,0.2,2
36,263,0.2,2
37,38,0.2,2
39,40,0.25,2
39,41,0.25,2
39,42,0.25,2
39,43,0.25,2
40,41,0.25,2
40,42,0.25,2
40,43,0.25,2
41,42,0.25,2
41,43,0.25,2
41,466,1.0,2
41,42,0.268518518519,3
41,106,0.0185185185185,3
41,107,0.0185185185185,3
41,108,0.0185185185185,3
41,220,0.0185185185185,3
41,221,0.0185185185185,3
41,222,0.0185185185185,3
41,223,0.0185185185185,3
41,224,0.0185185185185,3
41,225,0.0185185185185,3
41,226,0.0185185185185,3
41,227,0.0185185185185,3
41,228,0.0185185185185,3
41,255,0.0185185185185,3
41,281,0.0185185185185,3
41,284,0.0185185185185,3
41,285,0.0185185185185,3
41,286,0.0185185185185,3
41,287,0.0185185185185,3
41,288,0.0185185185185,3
41,290,0.0185185185185,3
41,291,0.0185185185185,3
41,292,0.0185185185185,3
41,300,0.0185185185185,3
41,378,0.0185185185185,3
41,403,0.0185185185185,3
41,404,0.0185185185185,3
41,405,0.0185185185185,3
41,406,0.0185185185185,3
41,407,0.0185185185185,3
41,408,0.0185185185185,3
41,409,0.0185185185185,3
41,410,0.0185185185185,3
41,411,0.0185185185185,3
41,412,0.0185185185185,3
41,413,0.0185185185185,3
41,414,0.0185185185185,3
41,415,0.0185185185185,3
41,416,0.0185185185185,3
41,417,0.0185185185185,3
41,418,0.0185185185185,3
41,419,0.0185185185185,3
41,420,0.0185185185185,3
41,421,0.268518518519,3
41,422,0.0185185185185,3
41,423,0.0185185185185,3
41,424,0.0185185185185,3
41,425,0.0185185185185,3
41,426,0.0185185185185,3
41,427,0.0185185185185,3
41,428,0.268518518519,3
41,429,0.268518518519,3
42,43,0.25,2
42,106,0.0185185185185,3
42,107,0.0185185185185,3
42,108,0.0185185185185,3
42,220,0.0185185185185,3
42,221,0.0185185185185,3
42,222,0.0185185185185,3
42,223,0.0185185185185,3
42,224,0.0185185185185,3
42,225,0.0185185185185,3
42,226,0.0185185185185,3
42,227,0.0185185185185,3
42,228,0.0185185185185,3
42,255,0.0185185185185,3
42,281,0.0185185185185,3
42,284,0.0185185185185,3
42,285,0.0185185185185,3
42,286,0.0185185185185,3
42,287,0.0185185185185,3
42,288,0.0185185185185,3
42,290,0.0185185185185,3
42,291,0.0185185185185,3
42,292,0.0185185185185,3
42,300,0.0185185185185,3
42,378,0.0185185185185,3
42,403,0.0185185185185,3
42,404,0.0185185185185,3
42,405,0.0185185185185,3
42,406,0.0185185185185,3
42,407,0.0185185185185,3
42,408,0.0185185185185,3
42,409,0.0185185185185,3
42,410,0.0185185185185,3
42,411,0.0185185185185,3
42,412,0.0185185185185,3
42,413,0.0185185185185,3
42,414,0.0185185185185,3
42,415,0.0185185185185,3
42,416,0.0185185185185,3
42,417,0.0185185185185,3
42,418,0.0185185185185,3
42,419,0.0185185185185,3
42,420,0.0185185185185,3
42,421,0.268518518519,3
42,422,0.0185185185185,3
42,423,0.0185185185185,3
42,424,0.0185185185185,3
42,425,0.0185185185185,3
42,426,0.0185185185185,3
42,427,0.0185185185185,3
42,428,0.268518518519,3
42,429,0.268518518519,3
44,306,0.142857142857,2
44,309,0.142857142857,2
44,432,0.142857142857,2
44,433,0.142857142857,2
44,434,0.142857142857,2
44,435,0.142857142857,2
44,436,0.142857142857,2
44,45,0.111111111111,3
44,53,0.111111111111,3
44,56,0.111111111111,3
44,57,0.111111111111,3
44,63,0.361111111111,3
44,64,0.25,3
44,65,0.361111111111,3
44,80,0.111111111111,3
44,81,0.111111111111,3
44,200,0.111111111111,3
44,201,0.111111111111,3
44,202,0.111111111111,3
44,203,0.111111111111,3
44,204,0.111111111111,3
44,205,0.111111111111,3
44,206,0.111111111111,3
44,207,0.111111111111,3
44,307,0.111111111111,3
44,352,0.111111111111,3
44,364,0.111111111111,3
44,368,0.111111111111,3
44,369,0.111111111111,3
44,370,0.111111111111,3
44,371,0.111111111111,3
44,372,0.111111111111,3
44,45,2.5,4
44,132,0.5,4
44,360,0.1,4
44,361,0.5,4
44,45,0.25,5
44,360,0.1,5
44,360,0.1,6
44,360,0.1,9
44,45,1.33333333333,12
44,360,0.1,15
45,48,0.125,1
45,49,0.125,1
45,50,0.375,1
45,51,0.125,1
45,52,0.125,1
45,53,0.125,1
45,54,0.375,1
45,55,0.125,1
45,53,0.111111111111,3
45,56,0.111111111111,3
45,57,0.111111111111,3
45,63,0.111111111111,3
45,65,0.111111111111,3
45,80,0.111111111111,3
45,81,0.111111111111,3
45,200,0.111111111111,3
45,201,0.111111111111,3
45,202,0.111111111111,3
45,203,0.111111111111,3
45,204,0.111111111111,3
45,205,0.111111111111,3
45,206,0.111111111111,3
45,207,0.111111111111,3
45,307,0.111111111111,3
45,352,0.111111111111,3
45,364,0.111111111111,3
45,368,0.111111111111,3
45,369,0.111111111111,3
45,370,0.111111111111,3
45,371,0.111111111111,3
45,372,0.111111111111,3
45,132,0.5,4
45,149,1.0,4
45,361,1.5,4
45,46,1.0,5
45,50,0.25,5
45,54,0.25,5
45,361,1.0,5
45,111,0.25,12
45,182,0.25,12
46,47,1.33333333333,4
46,456,0.333333333333,4
46,483,0.333333333333,4
47,456,0.333333333333,4
47,483,0.333333333333,4
47,77,0.666666666667,5
47,78,0.666666666667,5
47,79,0.666666666667,5
48,49,0.125,1
48,50,0.125,1
48,51,0.125,1
48,52,0.291666666667,1
48,53,0.125,1
48,54,0.125,1
48,55,0.125,1
48,465,0.166666666667,1
48,52,0.166666666667,8
48,465,0.166666666667,8
49,50,0.125,1
49,51,0.475,1
49,52,0.125,1
49,53,0.225,1
49,54,0.125,1
49,55,0.475,1
49,324,0.35,1
49,325,0.35,1
49,51,0.1,5
49,53,0.1,5
49,55,0.1,5
49,324,0.1,5
49,325,0.1,5
49,58,0.25,14
49,164,0.25,14
49,446,0.25,14
49,447,0.25,14
50,51,0.125,1
50,52,0.125,1
50,53,0.125,1
50,54,0.375,1
50,55,0.125,1
50,54,0.25,5
50,53,0.5,12
50,54,0.5,12
51,52,0.125,1
51,53,0.225,1
51,54,0.125,1
51,55,0.475,1
51,324,0.35,1
51,325,0.35,1
51,53,0.1,5
51,55,0.1,5
51,324,0.1,5
51,325,0.1,5
52,53,0.125,1
52,54,0.125,1
52,55,0.125,1
52,465,0.166666666667,1
52,72,0.0384615384615,3
52,98,0.0384615384615,3
52,103,0.0384615384615,3
52,124,0.0384615384615,3
52,131,0.0384615384615,3
52,148,0.0384615384615,3
52,163,0.0384615384615,3
52,203,0.05,3
52,332,0.0384615384615,3
52,343,0.0384615384615,3
52,344,0.0384615384615,3
52,347,0.0384615384615,3
52,349,0.0384615384615,3
52,361,0.0384615384615,3
52,373,0.05,3
52,374,0.05,3
52,379,0.0384615384615,3
52,445,1.0,3
52,448,0.0384615384615,3
52,472,0.0384615384615,3
52,473,0.0384615384615,3
52,474,0.0384615384615,3
52,475,0.0384615384615,3
52,476,0.0384615384615,3
52,477,0.0384615384615,3
52,478,0.0384615384615,3
52,479,0.0384615384615,3
52,480,0.0384615384615,3
52,203,0.05,6
52,373,0.05,6
52,374,0.05,6
52,203,0.05,8
52,366,0.5,8
52,373,0.05,8
52,374,0.05,8
52,465,0.166666666667,8
52,492,0.5,8
52,56,0.1,9
52,71,0.1,9
52,72,0.1,9
52,203,0.1,9
52,213,0.1,9
52,56,0.1,12
52,71,0.1,12
52,72,0.1,12
52,144,0.166666666667,12
52,203,0.15,12
52,213,0.1,12
52,366,2.0,12
52,373,0.466666666667,12
52,374,0.466666666667,12
52,375,0.166666666667,12
53,54,0.125,1
53,55,0.225,1
53,324,0.1,1
53,325,0.1,1
53,56,0.0833333333333,2
53,109,0.333333333333,2
53,110,0.333333333333,2
53,203,0.0833333333333,2
53,207,0.0833333333333,2
53,307,0.333333333333,2
53,311,0.333333333333,2
53,363,0.0833333333333,2
53,427,0.0833333333333,2
53,489,0.0833333333333,2
53,56,0.177777777778,3
53,57,0.177777777778,3
53,63,0.177777777778,3
53,65,0.177777777778,3
53,80,0.177777777778,3
53,81,0.177777777778,3
53,84,0.0666666666667,3
53,200,0.177777777778,3
53,201,0.177777777778,3
53,202,0.177777777778,3
53,203,0.177777777778,3
53,204,0.177777777778,3
53,205,0.177777777778,3
53,206,0.177777777778,3
53,207,0.177777777778,3
53,307,0.111111111111,3
53,352,0.111111111111,3
53,364,0.111111111111,3
53,368,0.111111111111,3
53,369,0.111111111111,3
53,370,0.111111111111,3
53,371,0.111111111111,3
53,372,0.111111111111,3
53,55,0.1,5
53,324,0.1,5
53,325,0.1,5
53,56,0.0833333333333,6
53,203,0.0833333333333,6
53,207,0.0833333333333,6
53,363,0.0833333333333,6
53,427,0.0833333333333,6
53,489,0.0833333333333,6
53,54,0.5,12
53,203,0.166666666667,12
53,213,0.166666666667,12
53,307,0.166666666667,12
53,311,0.166666666667,12
53,364,0.166666666667,12
54,55,0.125,1
54,135,0.5,2
54,185,0.25,6
54,186,0.25,6
54,187,0.25,6
55,324,0.35,1
55,325,0.35,1
55,324,0.1,5
55,325,0.1,5
56,203,0.0833333333333,2
56,207,0.0833333333333,2
56,363,0.0833333333333,2
56,427,0.0833333333333,2
56,489,0.0833333333333,2
56,57,0.177777777778,3
56,63,0.177777777778,3
56,65,0.177777777778,3
56,80,0.177777777778,3
56,81,0.177777777778,3
56,84,0.0666666666667,3
56,200,0.177777777778,3
56,201,0.177777777778,3
56,202,0.177777777778,3
56,203,0.427777777778,3
56,204,0.177777777778,3
56,205,0.177777777778,3
56,206,0.177777777778,3
56,207,0.177777777778,3
56,307,0.111111111111,3
56,352,0.111111111111,3
56,364,0.111111111111,3
56,368,0.111111111111,3
56,369,0.111111111111,3
56,370,0.111111111111,3
56,371,0.111111111111,3
56,372,0.111111111111,3
56,489,0.25,3
56,57,1.0,4
56,203,0.0833333333333,6
56,207,0.0833333333333,6
56,363,0.0833333333333,6
56,427,0.0833333333333,6
56,489,0.0833333333333,6
56,71,0.1,9
56,72,0.1,9
56,203,0.1,9
56,213,0.1,9
56,71,0.1,12
56,72,0.1,12
56,203,0.35,12
56,213,0.1,12
56,489,0.25,12
57,63,0.177777777778,3
57,65,0.177777777778,3
57,80,0.177777777778,3
57,81,0.177777777778,3
57,84,0.0666666666667,3
57,200,0.177777777778,3
57,201,0.177777777778,3
57,202,0.177777777778,3
57,203,0.177777777778,3
57,204,0.177777777778,3
57,205,0.177777777778,3
57,206,0.177777777778,3
57,207,0.177777777778,3
57,307,0.111111111111,3
57,352,0.111111111111,3
57,364,0.111111111111,3
57,368,0.111111111111,3
57,369,0.111111111111,3
57,370,0.111111111111,3
57,371,0.111111111111,3
57,372,0.111111111111,3
58,59,1.0,1
58,59,0.5,9
58,60,0.5,9
58,164,0.25,14
58,446,0.25,14
58,447,0.25,14
59,60,0.5,9
61,62,1.0,2
62,153,0.333333333333,8
63,64,0.25,3
63,65,0.427777777778,3
63,80,0.177777777778,3
63,81,0.177777777778,3
63,84,0.0666666666667,3
63,200,0.177777777778,3
63,201,0.177777777778,3
63,202,0.177777777778,3
63,203,0.177777777778,3
63,204,0.177777777778,3
63,205,0.177777777778,3
63,206,0.177777777778,3
63,207,0.177777777778,3
63,307,0.111111111111,3
63,352,0.111111111111,3
63,364,0.111111111111,3
63,368,0.111111111111,3
63,369,0.111111111111,3
63,370,0.111111111111,3
63,371,0.111111111111,3
63,372,0.111111111111,3
64,65,0.25,3
64,71,0.125,7
64,73,0.125,7
64,157,0.125,7
64,203,0.125,7
64,320,0.125,7
64,321,0.125,7
64,322,0.125,7
64,323,0.125,7
64,212,0.5,12
64,213,0.5,12
65,133,0.5,2
65,134,0.5,2
65,80,0.177777777778,3
65,81,0.177777777778,3
65,84,0.0666666666667,3
65,200,0.177777777778,3
65,201,0.177777777778,3
65,202,0.177777777778,3
65,203,0.177777777778,3
65,204,0.177777777778,3
65,205,0.177777777778,3
65,206,0.177777777778,3
65,207,0.177777777778,3
65,307,0.111111111111,3
65,352,0.111111111111,3
65,364,0.111111111111,3
65,368,0.111111111111,3
65,369,0.111111111111,3
65,370,0.111111111111,3
65,371,0.111111111111,3
65,372,0.111111111111,3
66,67,0.25,2
66,68,0.25,2
66,69,0.25,2
66,70,0.25,2
67,68,0.25,2
67,69,0.25,2
67,70,0.25,2
68,69,0.25,2
68,70,0.25,2
69,70,0.25,2
71,72,0.5,6
71,73,0.5,6
71,73,0.125,7
71,157,0.125,7
71,185,0.5,7
71,203,0.125,7
71,213,0.5,7
71,320,0.125,7
71,321,0.125,7
71,322,0.125,7
71,323,0.125,7
71,72,0.1,9
71,203,0.1,9
71,213,0.1,9
71,72,0.1,12
71,203,0.1,12
71,213,0.6,12
71,501,0.5,12
72,210,0.166666666667,2
72,253,0.166666666667,2
72,98,0.0384615384615,3
72,100,0.2,3
72,103,0.288461538462,3
72,124,0.0384615384615,3
72,131,0.0384615384615,3
72,148,0.0384615384615,3
72,163,0.0384615384615,3
72,210,0.366666666667,3
72,251,0.2,3
72,252,0.2,3
72,253,0.366666666667,3
72,332,0.0384615384615,3
72,343,0.0384615384615,3
72,344,0.0384615384615,3
72,347,0.0384615384615,3
72,349,0.0384615384615,3
72,361,0.288461538462,3
72,379,0.0384615384615,3
72,448,0.288461538462,3
72,472,0.0384615384615,3
72,473,0.0384615384615,3
72,474,0.0384615384615,3
72,475,0.0384615384615,3
72,476,0.0384615384615,3
72,477,0.0384615384615,3
72,478,0.0384615384615,3
72,479,0.0384615384615,3
72,480,0.0384615384615,3
72,73,0.5,6
72,193,0.5,6
72,384,0.25,6
72,387,0.5,6
72,203,0.1,9
72,213,0.1,9
72,384,0.25,9
72,203,0.1,12
72,213,0.1,12
73,157,0.125,7
73,203,0.125,7
73,320,0.125,7
73,321,0.125,7
73,322,0.125,7
73,323,0.125,7
74,75,1.0,2
74,75,1.0,4
74,76,1.0,4
75,76,1.0,4
77,78,0.666666666667,5
77,79,0.666666666667,5
78,79,0.666666666667,5
78,124,0.333333333333,15
78,443,0.333333333333,15
78,444,0.333333333333,15
80,81,0.45,2
80,82,0.45,2
80,83,0.45,2
80,84,0.45,2
80,124,0.2,2
80,81,0.177777777778,3
80,84,0.0666666666667,3
80,118,0.0714285714286,3
80,119,0.0714285714286,3
80,120,0.0714285714286,3
80,121,0.0714285714286,3
80,122,0.0714285714286,3
80,123,0.0714285714286,3
80,124,0.0714285714286,3
80,125,0.0714285714286,3
80,126,0.0714285714286,3
80,127,0.0714285714286,3
80,128,0.0714285714286,3
80,129,0.0714285714286,3
80,130,0.0714285714286,3
80,131,0.0714285714286,3
80,200,0.177777777778,3
80,201,0.177777777778,3
80,202,0.177777777778,3
80,203,0.177777777778,3
80,204,0.177777777778,3
80,205,0.177777777778,3
80,206,0.177777777778,3
80,207,0.177777777778,3
80,307,0.111111111111,3
80,352,0.111111111111,3
80,364,0.111111111111,3
80,368,0.111111111111,3
80,369,0.111111111111,3
80,370,0.111111111111,3
80,371,0.111111111111,3
80,372,0.111111111111,3
81,82,0.45,2
81,83,0.45,2
81,84,0.45,2
81,124,0.2,2
81,84,0.0666666666667,3
81,200,0.177777777778,3
81,201,0.177777777778,3
81,202,0.177777777778,3
81,203,0.177777777778,3
81,204,0.177777777778,3
81,205,0.177777777778,3
81,206,0.177777777778,3
81,207,0.177777777778,3
81,307,0.111111111111,3
81,352,0.111111111111,3
81,364,0.111111111111,3
81,368,0.111111111111,3
81,369,0.111111111111,3
81,370,0.111111111111,3
81,371,0.111111111111,3
81,372,0.111111111111,3
82,83,0.45,2
82,84,0.45,2
82,124,0.2,2
82,96,0.5,4
82,188,0.5,4
83,84,0.45,2
83,124,0.2,2
83,84,0.213157894737,3
83,117,0.0131578947368,3
83,118,0.0131578947368,3
83,119,0.0131578947368,3
83,120,0.0131578947368,3
83,121,0.0131578947368,3
83,122,0.0131578947368,3
83,123,0.0131578947368,3
83,124,0.0131578947368,3
83,125,0.0131578947368,3
83,127,0.0131578947368,3
83,128,0.0131578947368,3
83,130,0.0131578947368,3
83,131,0.0131578947368,3
83,148,0.0131578947368,3
83,170,0.0131578947368,3
83,171,0.0131578947368,3
83,172,0.0131578947368,3
83,184,0.0131578947368,3
83,238,0.0131578947368,3
83,247,0.0131578947368,3
83,256,0.0131578947368,3
83,265,0.0131578947368,3
83,269,0.0131578947368,3
83,270,0.0131578947368,3
83,271,0.0131578947368,3
83,272,0.0131578947368,3
83,273,0.0131578947368,3
83,274,0.0131578947368,3
83,275,0.0131578947368,3
83,276,0.0131578947368,3
83,277,0.0131578947368,3
83,278,0.0131578947368,3
83,279,0.0131578947368,3
83,280,0.0131578947368,3
83,312,0.0131578947368,3
83,313,0.0131578947368,3
83,314,0.0131578947368,3
83,315,0.0131578947368,3
83,319,0.0131578947368,3
83,326,0.0131578947368,3
83,327,0.213157894737,3
83,328,0.0131578947368,3
83,329,0.0131578947368,3
83,330,0.0131578947368,3
83,331,0.0131578947368,3
83,332,0.213157894737,3
83,333,0.0131578947368,3
83,334,0.213157894737,3
83,335,0.0131578947368,3
83,336,0.0131578947368,3
83,337,0.0131578947368,3
83,338,0.0131578947368,3
83,339,0.0131578947368,3
83,340,0.0131578947368,3
83,341,0.0131578947368,3
83,342,0.0131578947368,3
83,343,0.0131578947368,3
83,344,0.0131578947368,3
83,345,0.0131578947368,3
83,346,0.0131578947368,3
83,347,0.0131578947368,3
83,348,0.0131578947368,3
83,349,0.0131578947368,3
83,350,0.0131578947368,3
83,351,0.0131578947368,3
83,352,0.0131578947368,3
83,353,0.0131578947368,3
83,354,0.0131578947368,3
83,355,0.0131578947368,3
83,356,0.0131578947368,3
84,124,0.2,2
84,117,0.0131578947368,3
84,118,0.0131578947368,3
84,119,0.0131578947368,3
84,120,0.0131578947368,3
84,121,0.0131578947368,3
84,122,0.0131578947368,3
84,123,0.0131578947368,3
84,124,0.0131578947368,3
84,125,0.0131578947368,3
84,127,0.0131578947368,3
84,128,0.0131578947368,3
84,130,0.0131578947368,3
84,131,0.0131578947368,3
84,148,0.0131578947368,3
84,170,0.0131578947368,3
84,171,0.0131578947368,3
84,172,0.0131578947368,3
84,184,0.0131578947368,3
84,200,0.0666666666667,3
84,201,0.0666666666667,3
84,202,0.0666666666667,3
84,203,0.0666666666667,3
84,204,0.0666666666667,3
84,205,0.0666666666667,3
84,206,0.0666666666667,3
84,207,0.0666666666667,3
84,238,0.0131578947368,3
84,247,0.0131578947368,3
84,256,0.0131578947368,3
84,265,0.0131578947368,3
84,269,0.0131578947368,3
84,270,0.0131578947368,3
84,271,0.0131578947368,3
84,272,0.0131578947368,3
84,273,0.0131578947368,3
84,274,0.0131578947368,3
84,275,0.0131578947368,3
84,276,0.0131578947368,3
84,277,0.0131578947368,3
84,278,0.0131578947368,3
84,279,0.0131578947368,3
84,280,0.0131578947368,3
84,312,0.0131578947368,3
84,313,0.0131578947368,3
84,314,0.0131578947368,3
84,315,0.0131578947368,3
84,319,0.0131578947368,3
84,326,0.0131578947368,3
84,327,0.213157894737,3
84,328,0.0131578947368,3
84,329,0.0131578947368,3
84,330,0.0131578947368,3
84,331,0.0131578947368,3
84,332,0.213157894737,3
84,333,0.0131578947368,3
84,334,0.213157894737,3
84,335,0.0131578947368,3
84,336,0.0131578947368,3
84,337,0.0131578947368,3
84,338,0.0131578947368,3
84,339,0.0131578947368,3
84,340,0.0131578947368,3
84,341,0.0131578947368,3
84,342,0.0131578947368,3
84,343,0.0131578947368,3
84,344,0.0131578947368,3
84,345,0.0131578947368,3
84,346,0.0131578947368,3
84,347,0.0131578947368,3
84,348,0.0131578947368,3
84,349,0.0131578947368,3
84,350,0.0131578947368,3
84,351,0.0131578947368,3
84,352,0.0131578947368,3
84,353,0.0131578947368,3
84,354,0.0131578947368,3
84,355,0.0131578947368,3
84,356,0.0131578947368,3
85,86,0.181818181818,2
85,87,0.292929292929,2
85,88,0.292929292929,2
85,89,0.292929292929,2
85,90,0.292929292929,2
85,91,0.292929292929,2
85,92,0.292929292929,2
85,93,0.181818181818,2
85,94,0.292929292929,2
85,268,0.0909090909091,2
85,367,0.111111111111,2
85,86,0.1,8
85,87,0.1,8
85,88,0.1,8
85,89,0.1,8
85,90,0.1,8
85,91,0.1,8
85,92,0.1,8
85,94,0.1,8
85,367,0.1,8
86,87,0.181818181818,2
86,88,0.181818181818,2
86,89,0.181818181818,2
86,90,0.181818181818,2
86,91,0.181818181818,2
86,92,0.181818181818,2
86,93,0.181818181818,2
86,94,0.181818181818,2
86,268,0.0909090909091,2
86,87,0.1,8
86,88,0.1,8
86,89,0.1,8
86,90,0.1,8
86,91,0.1,8
86,92,0.1,8
86,94,0.1,8
86,367,0.1,8
87,88,0.292929292929,2
87,89,0.292929292929,2
87,90,0.292929292929,2
87,91,0.292929292929,2
87,92,0.292929292929,2
87,93,0.181818181818,2
87,94,0.292929292929,2
87,268,0.0909090909091,2
87,367,0.111111111111,2
87,88,0.1,8
87,89,0.1,8
87,90,0.1,8
87,91,0.1,8
87,92,0.1,8
87,94,0.1,8
87,367,0.1,8
87,92,0.2,11
87,101,0.2,11
87,102,0.2,11
87,103,0.2,11
88,89,0.292929292929,2
88,90,0.292929292929,2
88,91,0.292929292929,2
88,92,0.292929292929,2
88,93,0.181818181818,2
88,94,0.292929292929,2
88,268,0.0909090909091,2
88,367,0.111111111111,2
88,89,0.1,8
88,90,0.1,8
88,91,0.1,8
88,92,0.1,8
88,94,0.1,8
88,367,0.1,8
89,90,0.292929292929,2
89,91,0.292929292929,2
89,92,0.292929292929,2
89,93,0.181818181818,2
89,94,0.292929292929,2
89,268,0.0909090909091,2
89,367,0.111111111111,2
89,90,0.1,8
89,91,0.1,8
89,92,0.1,8
89,94,0.1,8
89,367,0.1,8
90,91,0.292929292929,2
90,92,0.292929292929,2
90,93,0.181818181818,2
90,94,0.292929292929,2
90,268,0.0909090909091,2
90,367,0.111111111111,2
90,91,0.1,8
90,92,0.1,8
90,94,0.1,8
90,367,0.1,8
91,92,0.292929292929,2
91,93,0.181818181818,2
91,94,0.292929292929,2
91,268,0.0909090909091,2
91,367,0.111111111111,2
91,92,0.1,8
91,94,0.1,8
91,367,0.1,8
92,93,0.181818181818,2
92,94,0.292929292929,2
92,268,0.0909090909091,2
92,367,0.111111111111,2
92,94,0.1,8
92,367,0.1,8
92,101,0.2,11
92,102,0.2,11
92,103,0.2,11
92,159,0.25,11
92,160,0.25,11
92,161,0.25,11
93,94,0.181818181818,2
93,268,0.0909090909091,2
94,268,0.0909090909091,2
94,367,0.111111111111,2
94,367,0.1,8
95,96,0.5,10
95,97,0.5,10
96,188,0.5,4
96,97,0.5,10
98,99,0.125,2
98,124,0.125,2
98,238,0.125,2
98,254,0.125,2
98,255,0.125,2
98,256,0.125,2
98,257,0.125,2
98,99,0.5,3
98,100,0.5,3
98,103,0.0384615384615,3
98,124,0.0384615384615,3
98,131,0.0384615384615,3
98,148,0.0384615384615,3
98,163,0.0384615384615,3
98,332,0.0384615384615,3
98,343,0.0384615384615,3
98,344,0.0384615384615,3
98,347,0.0384615384615,3
98,349,0.0384615384615,3
98,361,0.0384615384615,3
98,379,0.0384615384615,3
98,448,0.0384615384615,3
98,472,0.0384615384615,3
98,473,0.0384615384615,3
98,474,0.0384615384615,3
98,475,0.0384615384615,3
98,476,0.0384615384615,3
98,477,0.0384615384615,3
98,478,0.0384615384615,3
98,479,0.0384615384615,3
98,480,0.0384615384615,3
98,160,0.25,11
98,162,0.25,11
98,163,0.25,11
99,124,0.125,2
99,213,0.5,2
99,238,0.125,2
99,254,0.625,2
99,255,0.125,2
99,256,0.125,2
99,257,0.125,2
99,100,0.5,3
100,210,0.2,3
100,251,0.2,3
100,252,0.2,3
100,253,0.2,3
101,102,0.2,11
101,103,0.2,11
102,103,0.2,11
103,124,0.0384615384615,3
103,131,0.0384615384615,3
103,148,0.0384615384615,3
103,163,0.0384615384615,3
103,332,0.0384615384615,3
103,343,0.0384615384615,3
103,344,0.0384615384615,3
103,347,0.0384615384615,3
103,349,0.0384615384615,3
103,361,0.288461538462,3
103,379,0.0384615384615,3
103,448,0.288461538462,3
103,472,0.0384615384615,3
103,473,0.0384615384615,3
103,474,0.0384615384615,3
103,475,0.0384615384615,3
103,476,0.0384615384615,3
103,477,0.0384615384615,3
103,478,0.0384615384615,3
103,479,0.0384615384615,3
103,480,0.0384615384615,3
104,105,1.125,6
104,106,0.125,6
104,107,0.125,6
104,108,0.125,6
104,105,0.125,9
104,106,0.125,9
104,107,0.125,9
104,108,0.125,9
104,105,1.75,10
104,106,1.75,10
104,107,1.25,10
104,108,1.25,10
104,105,0.25,12
104,106,0.25,12
104,107,0.25,12
104,108,0.25,12
105,106,0.125,6
105,107,0.125,6
105,108,0.125,6
105,106,0.125,9
105,107,0.125,9
105,108,0.125,9
105,106,1.75,10
105,107,1.25,10
105,108,1.25,10
105,106,0.25,12
105,107,0.25,12
105,108,0.25,12
106,107,0.0185185185185,3
106,108,0.0185185185185,3
106,220,0.0185185185185,3
106,221,0.0185185185185,3
106,222,0.0185185185185,3
106,223,0.0185185185185,3
106,224,0.0185185185185,3
106,225,0.0185185185185,3
106,226,0.0185185185185,3
106,227,0.0185185185185,3
106,228,0.0185185185185,3
106,255,0.0185185185185,3
106,281,0.0185185185185,3
106,284,0.0185185185185,3
106,285,0.0185185185185,3
106,286,0.0185185185185,3
106,287,0.0185185185185,3
106,288,0.0185185185185,3
106,290,0.0185185185185,3
106,291,0.0185185185185,3
106,292,0.0185185185185,3
106,300,0.0185185185185,3
106,378,0.0185185185185,3
106,403,0.0185185185185,3
106,404,0.0185185185185,3
106,405,0.0185185185185,3
106,406,0.0185185185185,3
106,407,0.0185185185185,3
106,408,0.0185185185185,3
106,409,0.0185185185185,3
106,410,0.0185185185185,3
106,411,0.0185185185185,3
106,412,0.0185185185185,3
106,413,0.0185185185185,3
106,414,0.0185185185185,3
106,415,0.0185185185185,3
106,416,0.0185185185185,3
106,417,0.0185185185185,3
106,418,0.0185185185185,3
106,419,0.0185185185185,3
106,420,0.0185185185185,3
106,421,0.0185185185185,3
106,422,0.0185185185185,3
106,423,0.0185185185185,3
106,424,0.0185185185185,3
106,425,0.0185185185185,3
106,426,0.0185185185185,3
106,427,0.0185185185185,3
106,428,0.0185185185185,3
106,429,0.0185185185185,3
106,107,0.125,6
106,108,0.125,6
106,107,0.125,9
106,108,0.125,9
106,107,1.25,10
106,108,1.25,10
106,107,0.25,12
106,108,0.25,12
107,108,0.0185185185185,3
107,220,0.0185185185185,3
107,221,0.0740740740741,3
107,222,0.0185185185185,3
107,223,0.0740740740741,3
107,224,0.0740740740741,3
107,225,0.0740740740741,3
107,226,0.0740740740741,3
107,227,0.0740740740741,3
107,228,0.0740740740741,3
107,255,0.0740740740741,3
107,281,0.0740740740741,3
107,284,0.0185185185185,3
107,285,0.0740740740741,3
107,286,0.0185185185185,3
107,287,0.0185185185185,3
107,288,0.0185185185185,3
107,290,0.0740740740741,3
107,291,0.0185185185185,3
107,292,0.0185185185185,3
107,300,0.0185185185185,3
107,378,0.0185185185185,3
107,403,0.0740740740741,3
107,404,0.0185185185185,3
107,405,0.0740740740741,3
107,406,0.0185185185185,3
107,407,0.0185185185185,3
107,408,0.0185185185185,3
107,409,0.0185185185185,3
107,410,0.0740740740741,3
107,411,0.0185185185185,3
107,412,0.0740740740741,3
107,413,0.0185185185185,3
107,414,0.0185185185185,3
107,415,0.0185185185185,3
107,416,0.0185185185185,3
107,417,0.0740740740741,3
107,418,0.0740740740741,3
107,419,0.0740740740741,3
107,420,0.0185185185185,3
107,421,0.0185185185185,3
107,422,0.0185185185185,3
107,423,0.0185185185185,3
107,424,0.0185185185185,3
107,425,0.0185185185185,3
107,426,0.0185185185185,3
107,427,0.0185185185185,3
107,428,0.0185185185185,3
107,429,0.0185185185185,3
107,108,0.125,6
107,108,0.125,9
107,108,1.25,10
107,108,0.25,12
108,220,0.0185185185185,3
108,221,0.0185185185185,3
108,222,0.0185185185185,3
108,223,0.0185185185185,3
108,224,0.0185185185185,3
108,225,0.0185185185185,3
108,226,0.0185185185185,3
108,227,0.0185185185185,3
108,228,0.0185185185185,3
108,255,0.0185185185185,3
108,281,0.0185185185185,3
108,284,0.0185185185185,3
108,285,0.0185185185185,3
108,286,0.0185185185185,3
108,287,0.0185185185185,3
108,288,0.0185185185185,3
108,290,0.0185185185185,3
108,291,0.0185185185185,3
108,292,0.0185185185185,3
108,300,0.0185185185185,3
108,378,0.0185185185185,3
108,403,0.0185185185185,3
108,404,0.0185185185185,3
108,405,0.0185185185185,3
108,406,0.0185185185185,3
108,407,0.0185185185185,3
108,408,0.0185185185185,3
108,409,0.0185185185185,3
108,410,0.0185185185185,3
108,411,0.0185185185185,3
108,412,0.0185185185185,3
108,413,0.0185185185185,3
108,414,0.0185185185185,3
108,415,0.0185185185185,3
108,416,0.0185185185185,3
108,417,0.0185185185185,3
108,418,0.0185185185185,3
108,419,0.0185185185185,3
108,420,0.0185185185185,3
108,421,0.0185185185185,3
108,422,0.0185185185185,3
108,423,0.0185185185185,3
108,424,0.0185185185185,3
108,425,0.0185185185185,3
108,426,0.0185185185185,3
108,427,0.0185185185185,3
108,428,0.0185185185185,3
108,429,0.0185185185185,3
109,110,2.33333333333,2
111,112,0.833333333333,7
111,113,0.5,7
111,114,0.5,7
111,115,0.833333333333,7
111,166,0.333333333333,7
111,182,0.25,12
112,113,0.5,7
112,114,0.5,7
112,115,0.833333333333,7
112,166,1.16666666667,7
112,167,0.833333333333,7
113,114,0.5,7
113,115,0.5,7
114,115,0.5,7
115,166,0.333333333333,7
116,117,0.333333333333,12
116,118,0.333333333333,12
116,119,0.333333333333,12
117,118,2.07565789474,3
117,119,2.07565789474,3
117,120,0.0131578947368,3
117,121,0.0131578947368,3
117,122,0.0756578947368,3
117,123,0.0131578947368,3
117,124,0.0131578947368,3
117,125,0.0756578947368,3
117,127,0.0131578947368,3
117,128,0.0131578947368,3
117,130,0.0131578947368,3
117,131,0.0131578947368,3
117,148,0.0131578947368,3
117,170,0.0131578947368,3
117,171,0.0131578947368,3
117,172,0.0131578947368,3
117,184,0.0131578947368,3
117,238,0.0131578947368,3
117,247,0.0131578947368,3
117,256,0.0131578947368,3
117,265,0.0131578947368,3
117,269,0.275657894737,3
117,270,0.0756578947368,3
117,271,0.0756578947368,3
117,272,0.275657894737,3
117,273,0.0756578947368,3
117,274,0.0756578947368,3
117,275,0.275657894737,3
117,276,1.27565789474,3
117,277,0.0756578947368,3
117,278,1.7423245614,3
117,279,0.0756578947368,3
117,280,0.0756578947368,3
117,301,0.333333333333,3
117,312,0.0131578947368,3
117,313,0.0131578947368,3
117,314,0.0131578947368,3
117,315,0.0131578947368,3
117,319,0.0131578947368,3
117,326,0.0131578947368,3
117,327,0.0131578947368,3
117,328,0.0131578947368,3
117,329,0.0131578947368,3
117,330,0.0131578947368,3
117,331,0.0131578947368,3
117,332,0.0131578947368,3
117,333,0.0131578947368,3
117,334,0.0131578947368,3
117,335,0.0131578947368,3
117,336,0.0131578947368,3
117,337,0.0131578947368,3
117,338,0.0131578947368,3
117,339,0.0131578947368,3
117,340,0.0131578947368,3
117,341,0.0131578947368,3
117,342,0.0131578947368,3
117,343,0.0131578947368,3
117,344,0.0131578947368,3
117,345,0.0131578947368,3
117,346,0.0131578947368,3
117,347,0.0131578947368,3
117,348,0.0131578947368,3
117,349,0.0131578947368,3
117,350,0.0131578947368,3
117,351,0.213157894737,3
117,352,0.0131578947368,3
117,353,0.0131578947368,3
117,354,0.0131578947368,3
117,355,0.0131578947368,3
117,356,0.0131578947368,3
117,481,1.0,3
117,118,0.125,4
117,119,0.125,4
117,278,0.125,4
117,310,0.125,4
117,118,0.125,5
117,119,0.125,5
117,278,0.125,5
117,310,0.125,5
117,118,0.333333333333,12
117,119,0.333333333333,12
118,119,3.64708646617,3
118,120,0.0845864661654,3
118,121,0.0845864661654,3
118,122,0.147086466165,3
118,123,0.0845864661654,3
118,124,0.0845864661654,3
118,125,0.147086466165,3
118,126,0.0714285714286,3
118,127,0.0845864661654,3
118,128,0.0845864661654,3
118,129,0.0714285714286,3
118,130,0.0845864661654,3
118,131,0.0845864661654,3
118,148,0.0131578947368,3
118,170,0.0131578947368,3
118,171,0.0131578947368,3
118,172,0.0131578947368,3
118,184,0.0131578947368,3
118,238,0.0131578947368,3
118,247,0.0131578947368,3
118,256,0.0131578947368,3
118,265,0.0131578947368,3
118,269,0.0756578947368,3
118,270,0.0756578947368,3
118,271,0.575657894737,3
118,272,0.0756578947368,3
118,273,0.0756578947368,3
118,274,0.0756578947368,3
118,275,0.0756578947368,3
118,276,0.0756578947368,3
118,277,0.0756578947368,3
118,278,1.7423245614,3
118,279,0.0756578947368,3
118,280,0.0756578947368,3
118,301,0.333333333333,3
118,312,0.0131578947368,3
118,313,0.0131578947368,3
118,314,0.0131578947368,3
118,315,0.0131578947368,3
118,319,0.0131578947368,3
118,326,0.0131578947368,3
118,327,0.0131578947368,3
118,328,0.0131578947368,3
118,329,0.0131578947368,3
118,330,0.0131578947368,3
118,331,0.0131578947368,3
118,332,0.0131578947368,3
118,333,0.0131578947368,3
118,334,0.0131578947368,3
118,335,0.0131578947368,3
118,336,0.0131578947368,3
118,337,0.0131578947368,3
118,338,0.0131578947368,3
118,339,0.0131578947368,3
118,340,0.0131578947368,3
118,341,0.0131578947368,3
118,342,0.0131578947368,3
118,343,0.0131578947368,3
118,344,0.0131578947368,3
118,345,0.0131578947368,3
118,346,0.0131578947368,3
118,347,0.0131578947368,3
118,348,0.0131578947368,3
118,349,0.0131578947368,3
118,350,0.0131578947368,3
118,351,0.0131578947368,3
118,352,0.0131578947368,3
118,353,0.0131578947368,3
118,354,0.0131578947368,3
118,355,0.0131578947368,3
118,356,0.0131578947368,3
118,119,0.125,4
118,278,0.125,4
118,310,0.125,4
118,119,0.125,5
118,278,0.125,5
118,310,0.125,5
118,119,0.333333333333,12
119,120,0.0845864661654,3
119,121,0.0845864661654,3
119,122,0.147086466165,3
119,123,0.0845864661654,3
119,124,0.0845864661654,3
119,125,0.147086466165,3
119,126,0.0714285714286,3
119,127,0.0845864661654,3
119,128,0.0845864661654,3
119,129,0.0714285714286,3
119,130,0.0845864661654,3
119,131,0.0845864661654,3
119,148,0.0131578947368,3
119,170,0.0131578947368,3
119,171,0.0131578947368,3
119,172,0.0131578947368,3
119,184,0.0131578947368,3
119,238,0.0131578947368,3
119,247,0.0131578947368,3
119,256,0.0131578947368,3
119,265,0.0131578947368,3
119,269,0.0756578947368,3
119,270,0.0756578947368,3
119,271,0.575657894737,3
119,272,0.0756578947368,3
119,273,0.0756578947368,3
119,274,0.0756578947368,3
119,275,0.0756578947368,3
119,276,0.0756578947368,3
119,277,0.0756578947368,3
119,278,1.7423245614,3
119,279,0.0756578947368,3
119,280,0.0756578947368,3
119,301,0.333333333333,3
119,312,0.0131578947368,3
119,313,0.0131578947368,3
119,314,0.0131578947368,3
119,315,0.0131578947368,3
119,319,0.0131578947368,3
119,326,0.0131578947368,3
119,327,0.0131578947368,3
119,328,0.0131578947368,3
119,329,0.0131578947368,3
119,330,0.0131578947368,3
119,331,0.0131578947368,3
119,332,0.0131578947368,3
119,333,0.0131578947368,3
119,334,0.0131578947368,3
119,335,0.0131578947368,3
119,336,0.0131578947368,3
119,337,0.0131578947368,3
119,338,0.0131578947368,3
119,339,0.0131578947368,3
119,340,0.0131578947368,3
119,341,0.0131578947368,3
119,342,0.0131578947368,3
119,343,0.0131578947368,3
119,344,0.0131578947368,3
119,345,0.0131578947368,3
119,346,0.0131578947368,3
119,347,0.0131578947368,3
119,348,0.0131578947368,3
119,349,0.0131578947368,3
119,350,0.0131578947368,3
119,351,0.0131578947368,3
119,352,0.0131578947368,3
119,353,0.0131578947368,3
119,354,0.0131578947368,3
119,355,0.0131578947368,3
119,356,0.0131578947368,3
119,278,0.125,4
119,310,0.125,4
119,278,0.125,5
119,310,0.125,5
120,121,0.0845864661654,3
120,122,0.0845864661654,3
120,123,0.0845864661654,3
120,124,0.0845864661654,3
120,125,0.0845864661654,3
120,126,0.0714285714286,3
120,127,0.334586466165,3
120,128,0.0845864661654,3
120,129,0.0714285714286,3
120,130,0.0845864661654,3
120,131,0.334586466165,3
120,148,0.0131578947368,3
120,170,0.0131578947368,3
120,171,0.0131578947368,3
120,172,0.0131578947368,3
120,184,0.0131578947368,3
120,238,0.0131578947368,3
120,247,0.0131578947368,3
120,256,0.0131578947368,3
120,265,0.0131578947368,3
120,269,0.0131578947368,3
120,270,0.0131578947368,3
120,271,0.0131578947368,3
120,272,0.0131578947368,3
120,273,0.0131578947368,3
120,274,0.0131578947368,3
120,275,0.0131578947368,3
120,276,0.0131578947368,3
120,277,0.0131578947368,3
120,278,0.0131578947368,3
120,279,0.0131578947368,3
120,280,0.0131578947368,3
120,312,0.0131578947368,3
120,313,0.0131578947368,3
120,314,0.0131578947368,3
120,315,0.0131578947368,3
120,319,0.0131578947368,3
120,326,0.0131578947368,3
120,327,0.0131578947368,3
120,328,0.0131578947368,3
120,329,0.263157894737,3
120,330,0.0131578947368,3
120,331,0.263157894737,3
120,332,0.0131578947368,3
120,333,0.0131578947368,3
120,334,0.0131578947368,3
120,335,0.0131578947368,3
120,336,0.0131578947368,3
120,337,0.0131578947368,3
120,338,0.0131578947368,3
120,339,0.0131578947368,3
120,340,0.0131578947368,3
120,341,0.0131578947368,3
120,342,0.0131578947368,3
120,343,0.0131578947368,3
120,344,0.0131578947368,3
120,345,0.0131578947368,3
120,346,0.0131578947368,3
120,347,0.0131578947368,3
120,348,0.0131578947368,3
120,349,0.0131578947368,3
120,350,0.0131578947368,3
120,351,0.0131578947368,3
120,352,0.0131578947368,3
120,353,0.0131578947368,3
120,354,0.0131578947368,3
120,355,0.0131578947368,3
120,356,0.0131578947368,3
121,122,0.417919799499,3
121,123,0.0845864661654,3
121,124,0.0845864661654,3
121,125,0.0845864661654,3
121,126,0.0714285714286,3
121,127,0.417919799499,3
121,128,0.0845864661654,3
121,129,0.0714285714286,3
121,130,0.0845864661654,3
121,131,0.417919799499,3
121,148,0.0131578947368,3
121,170,0.0131578947368,3
121,171,0.0131578947368,3
121,172,0.0131578947368,3
121,184,0.0131578947368,3
121,238,0.0131578947368,3
121,247,0.0131578947368,3
121,256,0.0131578947368,3
121,265,0.0131578947368,3
121,269,0.0131578947368,3
121,270,0.0131578947368,3
121,271,0.0131578947368,3
121,272,0.0131578947368,3
121,273,0.0131578947368,3
121,274,0.0131578947368,3
121,275,0.0131578947368,3
121,276,0.0131578947368,3
121,277,0.0131578947368,3
121,278,0.0131578947368,3
121,279,0.0131578947368,3
121,280,0.0131578947368,3
121,312,0.0131578947368,3
121,313,0.0131578947368,3
121,314,0.0131578947368,3
121,315,0.0131578947368,3
121,319,0.0131578947368,3
121,326,0.0131578947368,3
121,327,0.0131578947368,3
121,328,0.0131578947368,3
121,329,0.0131578947368,3
121,330,0.0131578947368,3
121,331,0.0131578947368,3
121,332,0.0131578947368,3
121,333,0.0131578947368,3
121,334,0.0131578947368,3
121,335,0.0131578947368,3
121,336,0.0131578947368,3
121,337,0.0131578947368,3
121,338,0.0131578947368,3
121,339,0.0131578947368,3
121,340,0.0131578947368,3
121,341,0.0131578947368,3
121,342,0.0131578947368,3
121,343,0.0131578947368,3
121,344,0.0131578947368,3
121,345,0.0131578947368,3
121,346,0.0131578947368,3
121,347,0.0131578947368,3
121,348,0.0131578947368,3
121,349,0.0131578947368,3
121,350,0.0131578947368,3
121,351,0.0131578947368,3
121,352,0.0131578947368,3
121,353,0.0131578947368,3
121,354,0.0131578947368,3
121,355,0.0131578947368,3
121,356,0.0131578947368,3
122,125,0.125,2
122,171,0.125,2
122,270,0.125,2
122,280,0.125,2
122,123,0.0845864661654,3
122,124,0.0845864661654,3
122,125,0.855419799499,3
122,126,0.0714285714286,3
122,127,0.417919799499,3
122,128,0.0845864661654,3
122,129,0.0714285714286,3
122,130,0.0845864661654,3
122,131,0.417919799499,3
122,148,0.0131578947368,3
122,170,0.0131578947368,3
122,171,0.138157894737,3
122,172,0.0131578947368,3
122,184,0.0131578947368,3
122,222,0.166666666667,3
122,238,0.0131578947368,3
122,247,0.0131578947368,3
122,256,0.0131578947368,3
122,265,0.0131578947368,3
122,269,0.0756578947368,3
122,270,1.45065789474,3
122,271,0.0756578947368,3
122,272,0.242324561404,3
122,273,0.0756578947368,3
122,274,0.0756578947368,3
122,275,0.0756578947368,3
122,276,0.0756578947368,3
122,277,1.15899122807,3
122,278,0.0756578947368,3
122,279,0.0756578947368,3
122,280,0.450657894737,3
122,307,0.166666666667,3
122,312,0.179824561404,3
122,313,0.0131578947368,3
122,314,0.0131578947368,3
122,315,0.0131578947368,3
122,319,0.0131578947368,3
122,326,0.0131578947368,3
122,327,0.0131578947368,3
122,328,0.0131578947368,3
122,329,0.0131578947368,3
122,330,0.0131578947368,3
122,331,0.0131578947368,3
122,332,0.0131578947368,3
122,333,0.0131578947368,3
122,334,0.0131578947368,3
122,335,0.0131578947368,3
122,336,0.0131578947368,3
122,337,0.0131578947368,3
122,338,0.0131578947368,3
122,339,0.0131578947368,3
122,340,0.0131578947368,3
122,341,0.0131578947368,3
122,342,0.0131578947368,3
122,343,0.0131578947368,3
122,344,0.0131578947368,3
122,345,0.0131578947368,3
122,346,0.0131578947368,3
122,347,0.0131578947368,3
122,348,0.0131578947368,3
122,349,0.0131578947368,3
122,350,0.0131578947368,3
122,351,0.0131578947368,3
122,352,0.0131578947368,3
122,353,0.0131578947368,3
122,354,0.0131578947368,3
122,355,0.0131578947368,3
122,356,0.0131578947368,3
122,498,0.166666666667,3
123,124,0.0845864661654,3
123,125,0.0845864661654,3
123,126,0.404761904762,3
123,127,0.0845864661654,3
123,128,0.0845864661654,3
123,129,0.0714285714286,3
123,130,0.0845864661654,3
123,131,0.0845864661654,3
123,148,0.34649122807,3
123,170,0.0131578947368,3
123,171,0.0131578947368,3
123,172,0.0131578947368,3
123,184,0.34649122807,3
123,238,0.0131578947368,3
123,247,0.0131578947368,3
123,256,0.0131578947368,3
123,265,0.0131578947368,3
123,269,0.0131578947368,3
123,270,0.0131578947368,3
123,271,0.0131578947368,3
123,272,0.0131578947368,3
123,273,0.0131578947368,3
123,274,0.0131578947368,3
123,275,0.0131578947368,3
123,276,0.0131578947368,3
123,277,0.0131578947368,3
123,278,0.0131578947368,3
123,279,0.0131578947368,3
123,280,0.0131578947368,3
123,312,0.0131578947368,3
123,313,0.0131578947368,3
123,314,0.0131578947368,3
123,315,0.0131578947368,3
123,319,0.0131578947368,3
123,326,0.0131578947368,3
123,327,0.0131578947368,3
123,328,0.0131578947368,3
123,329,0.0131578947368,3
123,330,0.0131578947368,3
123,331,0.0131578947368,3
123,332,0.0131578947368,3
123,333,0.0131578947368,3
123,334,0.0131578947368,3
123,335,0.0131578947368,3
123,336,0.0131578947368,3
123,337,0.0131578947368,3
123,338,0.0131578947368,3
123,339,0.0131578947368,3
123,340,0.0131578947368,3
123,341,0.0131578947368,3
123,342,0.0131578947368,3
123,343,0.0131578947368,3
123,344,0.0131578947368,3
123,345,0.0131578947368,3
123,346,0.0131578947368,3
123,347,0.0131578947368,3
123,348,0.0131578947368,3
123,349,0.0131578947368,3
123,350,0.0131578947368,3
123,351,0.0131578947368,3
123,352,0.0131578947368,3
123,353,0.0131578947368,3
123,354,0.0131578947368,3
123,355,0.0131578947368,3
123,356,0.0131578947368,3
124,238,0.125,2
124,254,0.125,2
124,255,0.125,2
124,256,0.125,2
124,257,0.125,2
124,125,0.0845864661654,3
124,126,0.0714285714286,3
124,127,0.0845864661654,3
124,128,0.0845864661654,3
124,129,0.0714285714286,3
124,130,0.0845864661654,3
124,131,0.123048004627,3
124,148,0.0516194331984,3
124,163,0.0384615384615,3
124,170,0.0131578947368,3
124,171,0.0131578947368,3
124,172,0.0131578947368,3
124,184,0.0131578947368,3
124,238,0.0131578947368,3
124,247,0.0131578947368,3
124,251,1.0,3
124,256,0.179824561404,3
124,265,0.0131578947368,3
124,269,0.0131578947368,3
124,270,0.179824561404,3
124,271,0.0131578947368,3
124,272,0.0131578947368,3
124,273,0.0131578947368,3
124,274,0.0131578947368,3
124,275,0.0131578947368,3
124,276,0.0131578947368,3
124,277,0.0131578947368,3
124,278,0.0131578947368,3
124,279,0.0131578947368,3
124,280,0.0131578947368,3
124,312,0.179824561404,3
124,313,0.179824561404,3
124,314,0.179824561404,3
124,315,0.179824561404,3
124,319,0.0131578947368,3
124,326,0.0131578947368,3
124,327,0.0131578947368,3
124,328,0.0131578947368,3
124,329,0.0131578947368,3
124,330,0.0131578947368,3
124,331,0.0131578947368,3
124,332,0.0516194331984,3
124,333,0.0131578947368,3
124,334,0.0131578947368,3
124,335,0.0131578947368,3
124,336,0.0131578947368,3
124,337,0.263157894737,3
124,338,0.0131578947368,3
124,339,0.0131578947368,3
124,340,0.0131578947368,3
124,341,0.0131578947368,3
124,342,0.0131578947368,3
124,343,0.0516194331984,3
124,344,0.0516194331984,3
124,345,0.0131578947368,3
124,346,0.0131578947368,3
124,347,0.0516194331984,3
124,348,0.0131578947368,3
124,349,0.0516194331984,3
124,350,0.0131578947368,3
124,351,0.0131578947368,3
124,352,0.0131578947368,3
124,353,0.0131578947368,3
124,354,0.0131578947368,3
124,355,0.0131578947368,3
124,356,0.0131578947368,3
124,361,0.0384615384615,3
124,379,0.0384615384615,3
124,448,0.0384615384615,3
124,472,0.0384615384615,3
124,473,0.0384615384615,3
124,474,0.0384615384615,3
124,475,0.0384615384615,3
124,476,0.0384615384615,3
124,477,0.0384615384615,3
124,478,0.0384615384615,3
124,479,0.0384615384615,3
124,480,0.0384615384615,3
124,145,0.25,8
124,146,0.25,8
124,147,0.25,8
124,145,0.333333333333,10
124,146,0.333333333333,10
124,337,0.25,12
124,443,0.333333333333,15
124,444,0.333333333333,15
125,171,0.125,2
125,270,0.125,2
125,280,0.125,2
125,126,0.0714285714286,3
125,127,0.0845864661654,3
125,128,0.0845864661654,3
125,129,0.0714285714286,3
125,130,0.0845864661654,3
125,131,0.0845864661654,3
125,148,0.0131578947368,3
125,170,0.0131578947368,3
125,171,0.138157894737,3
125,172,0.0131578947368,3
125,184,0.0131578947368,3
125,238,0.0131578947368,3
125,247,0.0131578947368,3
125,256,0.0131578947368,3
125,265,0.0131578947368,3
125,269,0.0756578947368,3
125,270,0.78399122807,3
125,271,0.0756578947368,3
125,272,0.0756578947368,3
125,273,0.0756578947368,3
125,274,0.0756578947368,3
125,275,0.0756578947368,3
125,276,0.0756578947368,3
125,277,0.65899122807,3
125,278,0.0756578947368,3
125,279,0.0756578947368,3
125,280,0.450657894737,3
125,312,0.0131578947368,3
125,313,0.0131578947368,3
125,314,0.0131578947368,3
125,315,0.0131578947368,3
125,319,0.0131578947368,3
125,326,0.0131578947368,3
125,327,0.0131578947368,3
125,328,0.0131578947368,3
125,329,0.0131578947368,3
125,330,0.0131578947368,3
125,331,0.0131578947368,3
125,332,0.0131578947368,3
125,333,0.0131578947368,3
125,334,0.0131578947368,3
125,335,0.0131578947368,3
125,336,0.0131578947368,3
125,337,0.0131578947368,3
125,338,0.0131578947368,3
125,339,0.0131578947368,3
125,340,0.0131578947368,3
125,341,0.0131578947368,3
125,342,0.0131578947368,3
125,343,0.0131578947368,3
125,344,0.0131578947368,3
125,345,0.0131578947368,3
125,346,0.0131578947368,3
125,347,0.0131578947368,3
125,348,0.0131578947368,3
125,349,0.0131578947368,3
125,350,0.0131578947368,3
125,351,0.0131578947368,3
125,352,0.0131578947368,3
125,353,0.0131578947368,3
125,354,0.0131578947368,3
125,355,0.0131578947368,3
125,356,0.0131578947368,3
126,127,0.0714285714286,3
126,128,0.0714285714286,3
126,129,0.0714285714286,3
126,130,0.0714285714286,3
126,131,0.0714285714286,3
126,148,0.333333333333,3
126,184,0.333333333333,3
127,128,0.0845864661654,3
127,129,0.0714285714286,3
127,130,0.0845864661654,3
127,131,2.6679197995,3
127,148,0.263157894737,3
127,170,0.0131578947368,3
127,171,0.0131578947368,3
127,172,0.0131578947368,3
127,184,0.0131578947368,3
127,238,0.0131578947368,3
127,247,0.0131578947368,3
127,256,0.0131578947368,3
127,265,0.0131578947368,3
127,269,0.0131578947368,3
127,270,0.0131578947368,3
127,271,0.0131578947368,3
127,272,0.0131578947368,3
127,273,0.0131578947368,3
127,274,0.0131578947368,3
127,275,0.0131578947368,3
127,276,0.0131578947368,3
127,277,0.0131578947368,3
127,278,0.0131578947368,3
127,279,0.0131578947368,3
127,280,0.0131578947368,3
127,312,0.0131578947368,3
127,313,0.0131578947368,3
127,314,0.0131578947368,3
127,315,0.0131578947368,3
127,319,0.0131578947368,3
127,326,0.0131578947368,3
127,327,0.0131578947368,3
127,328,0.0131578947368,3
127,329,0.263157894737,3
127,330,0.0131578947368,3
127,331,0.263157894737,3
127,332,0.263157894737,3
127,333,0.0131578947368,3
127,334,0.0131578947368,3
127,335,0.0131578947368,3
127,336,0.0131578947368,3
127,337,0.0131578947368,3
127,338,0.0131578947368,3
127,339,0.0131578947368,3
127,340,0.0131578947368,3
127,341,0.0131578947368,3
127,342,0.0131578947368,3
127,343,0.0131578947368,3
127,344,0.0131578947368,3
127,345,0.0131578947368,3
127,346,0.0131578947368,3
127,347,0.0131578947368,3
127,348,0.0131578947368,3
127,349,0.0131578947368,3
127,350,0.0131578947368,3
127,351,0.0131578947368,3
127,352,0.0131578947368,3
127,353,0.0131578947368,3
127,354,0.0131578947368,3
127,355,0.0131578947368,3
127,356,0.0131578947368,3
127,431,0.5,3
127,131,0.5,11
127,148,0.25,11
127,332,0.25,11
128,129,0.0714285714286,3
128,130,0.0845864661654,3
128,131,0.0845864661654,3
128,148,0.0131578947368,3
128,170,0.0131578947368,3
128,171,0.0131578947368,3
128,172,0.0131578947368,3
128,184,0.0131578947368,3
128,238,0.0131578947368,3
128,247,0.0131578947368,3
128,256,0.0131578947368,3
128,265,0.0131578947368,3
128,269,0.0131578947368,3
128,270,0.0131578947368,3
128,271,0.0131578947368,3
128,272,0.0131578947368,3
128,273,0.0131578947368,3
128,274,0.0131578947368,3
128,275,0.0131578947368,3
128,276,0.0131578947368,3
128,277,0.0131578947368,3
128,278,0.0131578947368,3
128,279,0.0131578947368,3
128,280,0.0131578947368,3
128,312,0.0131578947368,3
128,313,0.0131578947368,3
128,314,0.0131578947368,3
128,315,0.0131578947368,3
128,319,0.0131578947368,3
128,326,0.0131578947368,3
128,327,0.0131578947368,3
128,328,0.0131578947368,3
128,329,0.0131578947368,3
128,330,0.0131578947368,3
128,331,0.0131578947368,3
128,332,0.0131578947368,3
128,333,0.0131578947368,3
128,334,0.0131578947368,3
128,335,0.0131578947368,3
128,336,0.0131578947368,3
128,337,0.0131578947368,3
128,338,0.0131578947368,3
128,339,0.0131578947368,3
128,340,0.0131578947368,3
128,341,0.0131578947368,3
128,342,0.0131578947368,3
128,343,0.0131578947368,3
128,344,0.0131578947368,3
128,345,0.0131578947368,3
128,346,0.0131578947368,3
128,347,0.0131578947368,3
128,348,0.0131578947368,3
128,349,0.0131578947368,3
128,350,0.0131578947368,3
128,351,0.0131578947368,3
128,352,0.0131578947368,3
128,353,0.0131578947368,3
128,354,0.0131578947368,3
128,355,0.0131578947368,3
128,356,0.0131578947368,3
129,130,0.0714285714286,3
129,131,0.0714285714286,3
130,131,0.0845864661654,3
130,148,0.0131578947368,3
130,170,0.34649122807,3
130,171,1.4298245614,3
130,172,2.9298245614,3
130,184,0.0131578947368,3
130,238,0.0131578947368,3
130,247,0.513157894737,3
130,256,0.0131578947368,3
130,265,0.34649122807,3
130,269,0.0131578947368,3
130,270,0.0131578947368,3
130,271,0.179824561404,3
130,272,0.0131578947368,3
130,273,0.0131578947368,3
130,274,0.0131578947368,3
130,275,0.179824561404,3
130,276,0.179824561404,3
130,277,0.0131578947368,3
130,278,0.0131578947368,3
130,279,0.0131578947368,3
130,280,0.0131578947368,3
130,312,0.0131578947368,3
130,313,0.0131578947368,3
130,314,0.0131578947368,3
130,315,0.0131578947368,3
130,319,0.0131578947368,3
130,326,0.0131578947368,3
130,327,0.0131578947368,3
130,328,0.0131578947368,3
130,329,0.0131578947368,3
130,330,0.0131578947368,3
130,331,0.0131578947368,3
130,332,0.0131578947368,3
130,333,0.0131578947368,3
130,334,0.0131578947368,3
130,335,0.0131578947368,3
130,336,0.0131578947368,3
130,337,0.0131578947368,3
130,338,0.0131578947368,3
130,339,0.0131578947368,3
130,340,0.0131578947368,3
130,341,0.0131578947368,3
130,342,1.51315789474,3
130,343,0.0131578947368,3
130,344,0.0131578947368,3
130,345,0.263157894737,3
130,346,0.0131578947368,3
130,347,0.0131578947368,3
130,348,0.0131578947368,3
130,349,0.0131578947368,3
130,350,0.0131578947368,3
130,351,0.0131578947368,3
130,352,0.0131578947368,3
130,353,0.0131578947368,3
130,354,0.0131578947368,3
130,355,0.263157894737,3
130,356,0.0131578947368,3
131,148,0.301619433198,3
131,163,0.0384615384615,3
131,170,0.0131578947368,3
131,171,0.0131578947368,3
131,172,0.0131578947368,3
131,184,0.0131578947368,3
131,238,0.0131578947368,3
131,247,0.0131578947368,3
131,256,0.0131578947368,3
131,265,0.0131578947368,3
131,269,0.0131578947368,3
131,270,0.0131578947368,3
131,271,0.0131578947368,3
131,272,0.0131578947368,3
131,273,0.0131578947368,3
131,274,0.0131578947368,3
131,275,0.0131578947368,3
131,276,0.0131578947368,3
131,277,0.0131578947368,3
131,278,0.0131578947368,3
131,279,0.0131578947368,3
131,280,0.0131578947368,3
131,312,0.0131578947368,3
131,313,0.0131578947368,3
131,314,0.0131578947368,3
131,315,0.0131578947368,3
131,319,0.0131578947368,3
131,326,0.0131578947368,3
131,327,0.0131578947368,3
131,328,0.0131578947368,3
131,329,0.263157894737,3
131,330,0.0131578947368,3
131,331,0.263157894737,3
131,332,0.301619433198,3
131,333,0.0131578947368,3
131,334,0.0131578947368,3
131,335,0.0131578947368,3
131,336,0.0131578947368,3
131,337,0.0131578947368,3
131,338,0.0131578947368,3
131,339,0.0131578947368,3
131,340,0.0131578947368,3
131,341,0.0131578947368,3
131,342,0.0131578947368,3
131,343,0.0516194331984,3
131,344,0.0516194331984,3
131,345,0.0131578947368,3
131,346,0.0131578947368,3
131,347,0.0516194331984,3
131,348,0.0131578947368,3
131,349,0.0516194331984,3
131,350,0.0131578947368,3
131,351,0.0131578947368,3
131,352,0.0131578947368,3
131,353,0.0131578947368,3
131,354,0.0131578947368,3
131,355,0.0131578947368,3
131,356,0.0131578947368,3
131,361,0.0384615384615,3
131,379,0.0384615384615,3
131,431,0.5,3
131,448,0.0384615384615,3
131,472,0.0384615384615,3
131,473,0.0384615384615,3
131,474,0.0384615384615,3
131,475,0.0384615384615,3
131,476,0.0384615384615,3
131,477,0.0384615384615,3
131,478,0.0384615384615,3
131,479,0.0384615384615,3
131,480,0.0384615384615,3
131,148,0.25,11
131,332,0.25,11
132,159,0.0769230769231,3
132,174,0.0769230769231,3
132,306,0.0769230769231,3
132,309,0.0769230769231,3
132,357,0.0769230769231,3
132,379,0.0769230769231,3
132,380,0.0769230769231,3
132,382,0.0769230769231,3
132,383,0.0769230769231,3
132,434,0.0769230769231,3
132,450,0.0769230769231,3
132,459,0.0769230769231,3
132,460,0.0769230769231,3
133,134,0.5,2
134,150,0.125,8
134,151,0.125,8
134,192,0.125,8
134,248,0.125,8
134,499,0.125,8
134,500,0.125,8
136,137,0.516666666667,6
136,138,0.516666666667,6
136,139,0.516666666667,6
136,140,0.516666666667,6
136,141,0.516666666667,6
136,430,0.416666666667,6
136,137,0.142857142857,8
136,138,0.142857142857,8
136,139,0.142857142857,8
136,140,0.142857142857,8
136,141,0.142857142857,8
136,374,0.142857142857,8
136,430,0.142857142857,8
136,137,0.35,13
136,138,0.35,13
136,139,0.35,13
136,140,0.35,13
136,141,0.35,13
136,430,0.25,13
137,138,0.516666666667,6
137,139,0.516666666667,6
137,140,0.516666666667,6
137,141,0.516666666667,6
137,430,0.416666666667,6
137,138,0.142857142857,8
137,139,0.142857142857,8
137,140,0.142857142857,8
137,141,0.142857142857,8
137,374,0.142857142857,8
137,430,0.142857142857,8
137,138,0.35,13
137,139,0.35,13
137,140,0.35,13
137,141,0.35,13
137,430,0.25,13
138,139,0.516666666667,6
138,140,0.516666666667,6
138,141,0.516666666667,6
138,430,0.416666666667,6
138,139,0.142857142857,8
138,140,0.142857142857,8
138,141,0.142857142857,8
138,374,0.142857142857,8
138,430,0.142857142857,8
138,139,0.35,13
138,140,0.35,13
138,141,0.35,13
138,430,0.25,13
139,140,0.516666666667,6
139,141,0.516666666667,6
139,430,0.416666666667,6
139,140,0.142857142857,8
139,141,0.142857142857,8
139,374,0.142857142857,8
139,430,0.142857142857,8
139,140,0.35,13
139,141,0.35,13
139,430,0.25,13
140,141,0.516666666667,6
140,430,0.416666666667,6
140,141,0.142857142857,8
140,374,0.142857142857,8
140,430,0.142857142857,8
140,141,0.35,13
140,430,0.25,13
141,430,0.416666666667,6
141,374,0.142857142857,8
141,430,0.142857142857,8
141,430,0.25,13
142,143,0.25,6
142,144,0.25,6
142,143,0.333333333333,11
142,161,0.333333333333,11
142,258,0.333333333333,11
142,143,0.25,14
142,144,0.25,14
143,144,0.25,6
143,161,0.333333333333,11
143,258,0.333333333333,11
143,144,0.25,14
144,373,0.166666666667,12
144,374,0.166666666667,12
144,375,0.166666666667,12
145,146,0.25,8
145,147,0.25,8
145,146,0.333333333333,10
146,147,0.25,8
148,163,0.0384615384615,3
148,170,0.0131578947368,3
148,171,0.0131578947368,3
148,172,0.0131578947368,3
148,184,0.34649122807,3
148,238,0.0131578947368,3
148,247,0.0131578947368,3
148,256,0.0131578947368,3
148,265,0.0131578947368,3
148,269,0.0131578947368,3
148,270,0.0131578947368,3
148,271,0.0131578947368,3
148,272,0.0131578947368,3
148,273,0.0131578947368,3
148,274,0.0131578947368,3
148,275,0.0131578947368,3
148,276,0.0131578947368,3
148,277,0.0131578947368,3
148,278,0.0131578947368,3
148,279,0.0131578947368,3
148,280,0.0131578947368,3
148,312,0.0131578947368,3
148,313,0.0131578947368,3
148,314,0.0131578947368,3
148,315,0.0131578947368,3
148,319,0.0131578947368,3
148,326,0.0131578947368,3
148,327,0.0131578947368,3
148,328,0.0131578947368,3
148,329,0.0131578947368,3
148,330,0.0131578947368,3
148,331,0.0131578947368,3
148,332,0.0516194331984,3
148,333,0.0131578947368,3
148,334,0.0131578947368,3
148,335,0.0131578947368,3
148,336,0.0131578947368,3
148,337,0.0131578947368,3
148,338,0.0131578947368,3
148,339,0.0131578947368,3
148,340,0.0131578947368,3
148,341,0.0131578947368,3
148,342,0.0131578947368,3
148,343,0.0516194331984,3
148,344,0.0516194331984,3
148,345,0.0131578947368,3
148,346,0.0131578947368,3
148,347,0.0516194331984,3
148,348,0.0131578947368,3
148,349,0.0516194331984,3
148,350,0.0131578947368,3
148,351,0.0131578947368,3
148,352,0.0131578947368,3
148,353,0.0131578947368,3
148,354,0.0131578947368,3
148,355,0.0131578947368,3
148,356,0.0131578947368,3
148,361,0.0384615384615,3
148,379,0.0384615384615,3
148,439,0.5,3
148,440,0.5,3
148,448,0.0384615384615,3
148,472,0.0384615384615,3
148,473,0.0384615384615,3
148,474,0.0384615384615,3
148,475,0.0384615384615,3
148,476,0.0384615384615,3
148,477,0.0384615384615,3
148,478,0.0384615384615,3
148,479,0.0384615384615,3
148,480,0.0384615384615,3
149,150,0.5,12
150,151,0.125,8
150,192,0.125,8
150,248,0.125,8
150,499,0.125,8
150,500,0.125,8
151,152,0.142857142857,6
151,153,0.142857142857,6
151,154,0.142857142857,6
151,155,0.142857142857,6
151,156,0.142857142857,6
151,192,0.125,8
151,248,0.125,8
151,264,1.0,8
151,499,0.125,8
151,500,0.125,8
152,155,1.0,2
152,153,0.142857142857,6
152,154,0.142857142857,6
152,155,0.142857142857,6
152,156,0.142857142857,6
153,154,0.142857142857,6
153,155,0.142857142857,6
153,156,0.142857142857,6
154,155,0.142857142857,6
154,156,0.142857142857,6
155,156,0.142857142857,6
155,164,0.5,6
155,164,0.5,7
156,385,0.5,6
156,385,0.5,12
157,158,1.5,5
157,158,0.5,6
157,203,0.125,7
157,320,0.125,7
157,321,0.125,7
157,322,0.125,7
157,323,0.125,7
157,321,3.0,11
159,174,0.0769230769231,3
159,306,0.0769230769231,3
159,309,0.0769230769231,3
159,357,0.0769230769231,3
159,379,0.0769230769231,3
159,380,0.0769230769231,3
159,382,0.0769230769231,3
159,383,0.0769230769231,3
159,434,0.0769230769231,3
159,450,0.0769230769231,3
159,459,0.0769230769231,3
159,460,0.0769230769231,3
159,160,0.25,11
159,161,0.25,11
159,449,0.5,14
159,450,0.5,14
160,161,2.25,11
160,162,0.25,11
160,163,0.25,11
161,258,0.333333333333,11
162,163,0.25,11
163,332,0.0384615384615,3
163,343,0.0384615384615,3
163,344,0.0384615384615,3
163,347,0.0384615384615,3
163,349,0.0384615384615,3
163,361,0.0384615384615,3
163,379,0.0384615384615,3
163,448,0.0384615384615,3
163,472,0.0384615384615,3
163,473,0.0384615384615,3
163,474,0.0384615384615,3
163,475,0.0384615384615,3
163,476,0.0384615384615,3
163,477,0.0384615384615,3
163,478,0.0384615384615,3
163,479,0.0384615384615,3
163,480,0.0384615384615,3
164,446,0.25,14
164,447,0.25,14
165,286,0.833333333333,12
165,290,0.25,12
165,310,0.25,12
165,266,0.333333333333,15
166,167,0.833333333333,7
168,183,1.0,2
168,169,0.5,4
168,169,0.5,5
168,183,1.0,5
168,211,1.0,5
170,171,0.34649122807,3
170,172,0.34649122807,3
170,184,0.0131578947368,3
170,238,0.0131578947368,3
170,247,0.0131578947368,3
170,256,0.0131578947368,3
170,265,0.0131578947368,3
170,269,0.0131578947368,3
170,270,0.0131578947368,3
170,271,0.0131578947368,3
170,272,0.0131578947368,3
170,273,0.0131578947368,3
170,274,0.0131578947368,3
170,275,0.0131578947368,3
170,276,0.0131578947368,3
170,277,0.0131578947368,3
170,278,0.0131578947368,3
170,279,0.0131578947368,3
170,280,0.0131578947368,3
170,312,0.0131578947368,3
170,313,0.0131578947368,3
170,314,0.0131578947368,3
170,315,0.0131578947368,3
170,319,0.0131578947368,3
170,326,0.0131578947368,3
170,327,0.0131578947368,3
170,328,0.0131578947368,3
170,329,0.0131578947368,3
170,330,0.0131578947368,3
170,331,0.0131578947368,3
170,332,0.0131578947368,3
170,333,0.0131578947368,3
170,334,0.0131578947368,3
170,335,0.0131578947368,3
170,336,0.0131578947368,3
170,337,0.0131578947368,3
170,338,0.0131578947368,3
170,339,0.0131578947368,3
170,340,0.0131578947368,3
170,341,0.0131578947368,3
170,342,0.0131578947368,3
170,343,0.0131578947368,3
170,344,0.0131578947368,3
170,345,0.0131578947368,3
170,346,0.0131578947368,3
170,347,0.0131578947368,3
170,348,0.0131578947368,3
170,349,0.0131578947368,3
170,350,0.0131578947368,3
170,351,0.0131578947368,3
170,352,0.0131578947368,3
170,353,0.0131578947368,3
170,354,0.0131578947368,3
170,355,0.0131578947368,3
170,356,0.0131578947368,3
171,270,0.125,2
171,280,0.125,2
171,172,1.4298245614,3
171,184,0.0131578947368,3
171,238,0.0131578947368,3
171,247,0.0131578947368,3
171,256,0.0131578947368,3
171,265,0.34649122807,3
171,269,0.0131578947368,3
171,270,0.638157894737,3
171,271,0.179824561404,3
171,272,0.513157894737,3
171,273,0.0131578947368,3
171,274,0.0131578947368,3
171,275,0.179824561404,3
171,276,0.179824561404,3
171,277,0.0131578947368,3
171,278,0.0131578947368,3
171,279,0.0131578947368,3
171,280,0.138157894737,3
171,312,0.0131578947368,3
171,313,0.0131578947368,3
171,314,0.0131578947368,3
171,315,0.0131578947368,3
171,319,0.0131578947368,3
171,326,0.0131578947368,3
171,327,0.0131578947368,3
171,328,0.0131578947368,3
171,329,0.0131578947368,3
171,330,0.0131578947368,3
171,331,0.0131578947368,3
171,332,0.0131578947368,3
171,333,0.0131578947368,3
171,334,0.0131578947368,3
171,335,0.0131578947368,3
171,336,0.0131578947368,3
171,337,0.0131578947368,3
171,338,0.0131578947368,3
171,339,0.0131578947368,3
171,340,0.0131578947368,3
171,341,0.0131578947368,3
171,342,0.513157894737,3
171,343,0.0131578947368,3
171,344,0.0131578947368,3
171,345,0.263157894737,3
171,346,0.0131578947368,3
171,347,0.0131578947368,3
171,348,0.0131578947368,3
171,349,0.0131578947368,3
171,350,0.0131578947368,3
171,351,0.0131578947368,3
171,352,0.0131578947368,3
171,353,0.0131578947368,3
171,354,0.0131578947368,3
171,355,0.263157894737,3
171,356,0.0131578947368,3
172,184,0.0131578947368,3
172,238,0.0131578947368,3
172,247,0.513157894737,3
172,256,0.0131578947368,3
172,265,0.34649122807,3
172,269,0.0131578947368,3
172,270,0.0131578947368,3
172,271,0.179824561404,3
172,272,0.0131578947368,3
172,273,0.0131578947368,3
172,274,0.0131578947368,3
172,275,0.179824561404,3
172,276,0.179824561404,3
172,277,0.0131578947368,3
172,278,0.0131578947368,3
172,279,0.0131578947368,3
172,280,0.0131578947368,3
172,312,0.0131578947368,3
172,313,0.0131578947368,3
172,314,0.0131578947368,3
172,315,0.0131578947368,3
172,319,0.0131578947368,3
172,326,0.0131578947368,3
172,327,0.0131578947368,3
172,328,0.0131578947368,3
172,329,0.0131578947368,3
172,330,0.0131578947368,3
172,331,0.0131578947368,3
172,332,0.0131578947368,3
172,333,0.0131578947368,3
172,334,0.0131578947368,3
172,335,0.0131578947368,3
172,336,0.0131578947368,3
172,337,0.0131578947368,3
172,338,0.0131578947368,3
172,339,0.0131578947368,3
172,340,0.0131578947368,3
172,341,0.0131578947368,3
172,342,1.51315789474,3
172,343,0.0131578947368,3
172,344,0.0131578947368,3
172,345,0.263157894737,3
172,346,0.0131578947368,3
172,347,0.0131578947368,3
172,348,0.0131578947368,3
172,349,0.0131578947368,3
172,350,0.0131578947368,3
172,351,0.0131578947368,3
172,352,0.0131578947368,3
172,353,0.0131578947368,3
172,354,0.0131578947368,3
172,355,0.263157894737,3
172,356,0.0131578947368,3
172,486,0.25,4
172,487,0.75,4
172,487,0.05,6
172,508,0.05,6
172,509,0.05,6
172,510,0.05,6
172,511,0.05,6
172,487,0.05,9
172,508,0.05,9
172,509,0.05,9
172,510,0.05,9
172,511,0.05,9
172,486,0.25,15
172,487,0.8,15
172,508,0.05,15
172,509,0.05,15
172,510,0.05,15
172,511,0.05,15
172,487,0.05,16
172,508,0.05,16
172,509,0.05,16
172,510,0.05,16
172,511,0.05,16
173,237,0.125,2
173,240,0.125,2
173,242,0.125,2
173,243,0.125,2
173,245,0.125,2
173,246,0.125,2
173,249,0.125,2
173,250,0.125,2
173,493,0.5,5
173,174,0.5,6
173,178,1.0,9
173,174,0.5,13
173,493,0.5,15
174,377,0.25,2
174,378,0.25,2
174,306,0.0769230769231,3
174,309,0.0769230769231,3
174,357,0.24358974359,3
174,377,0.25,3
174,378,0.25,3
174,379,0.24358974359,3
174,380,0.24358974359,3
174,381,0.166666666667,3
174,382,0.24358974359,3
174,383,0.24358974359,3
174,434,0.0769230769231,3
174,450,0.0769230769231,3
174,459,0.0769230769231,3
174,460,0.0769230769231,3
174,377,1.0,8
175,386,0.5,6
175,387,0.5,6
175,176,0.5,8
175,177,0.5,8
176,177,0.5,8
179,180,0.25,2
179,311,0.25,2
179,461,0.25,2
179,462,0.25,2
179,180,0.125,5
179,311,0.125,5
179,461,0.125,5
179,462,0.125,5
179,180,1.5,11
179,181,0.5,11
179,180,0.125,12
179,311,0.125,12
179,461,0.125,12
179,462,0.125,12
180,311,0.25,2
180,461,0.25,2
180,462,0.25,2
180,311,0.125,5
180,461,0.125,5
180,462,0.125,5
180,181,0.5,11
180,311,0.125,12
180,461,0.125,12
180,462,0.125,12
183,211,1.0,5
184,238,0.0131578947368,3
184,247,0.0131578947368,3
184,256,0.0131578947368,3
184,265,0.0131578947368,3
184,269,0.0131578947368,3
184,270,0.0131578947368,3
184,271,0.0131578947368,3
184,272,0.0131578947368,3
184,273,0.0131578947368,3
184,274,0.0131578947368,3
184,275,0.0131578947368,3
184,276,0.0131578947368,3
184,277,0.0131578947368,3
184,278,0.0131578947368,3
184,279,0.0131578947368,3
184,280,0.0131578947368,3
184,312,0.0131578947368,3
184,313,0.0131578947368,3
184,314,0.0131578947368,3
184,315,0.0131578947368,3
184,319,0.0131578947368,3
184,326,0.0131578947368,3
184,327,0.0131578947368,3
184,328,0.0131578947368,3
184,329,0.0131578947368,3
184,330,0.0131578947368,3
184,331,0.0131578947368,3
184,332,0.0131578947368,3
184,333,0.0131578947368,3
184,334,0.0131578947368,3
184,335,0.0131578947368,3
184,336,0.0131578947368,3
184,337,0.0131578947368,3
184,338,0.0131578947368,3
184,339,0.0131578947368,3
184,340,0.0131578947368,3
184,341,0.0131578947368,3
184,342,0.0131578947368,3
184,343,0.0131578947368,3
184,344,0.0131578947368,3
184,345,0.0131578947368,3
184,346,0.0131578947368,3
184,347,0.0131578947368,3
184,348,0.0131578947368,3
184,349,0.0131578947368,3
184,350,0.0131578947368,3
184,351,0.0131578947368,3
184,352,0.0131578947368,3
184,353,0.0131578947368,3
184,354,0.0131578947368,3
184,355,0.0131578947368,3
184,356,0.0131578947368,3
185,186,0.333333333333,6
185,187,0.333333333333,6
185,299,0.0833333333333,6
185,402,0.0833333333333,6
185,482,0.0833333333333,6
185,213,0.5,7
185,186,0.0833333333333,13
185,187,0.0833333333333,13
185,299,0.0833333333333,13
185,402,0.0833333333333,13
185,482,0.0833333333333,13
186,187,0.5,6
186,210,0.5,6
186,299,0.25,6
186,402,0.25,6
186,482,0.0833333333333,6
186,210,0.5,8
186,187,0.25,13
186,299,0.25,13
186,402,0.25,13
186,482,0.0833333333333,13
187,293,0.142857142857,2
187,294,0.142857142857,2
187,295,0.142857142857,2
187,296,0.142857142857,2
187,297,0.142857142857,2
187,298,0.142857142857,2
187,299,0.142857142857,2
187,299,0.25,6
187,402,0.25,6
187,482,0.0833333333333,6
187,463,0.5,8
187,464,0.5,8
187,299,0.25,13
187,402,0.25,13
187,482,0.0833333333333,13
188,189,0.333333333333,5
188,190,0.333333333333,5
188,191,0.333333333333,5
188,191,1.0,9
189,190,0.333333333333,5
189,191,0.333333333333,5
190,191,0.333333333333,5
191,208,0.166666666667,6
191,209,0.166666666667,6
191,210,0.166666666667,6
191,208,0.166666666667,13
191,209,0.166666666667,13
191,210,0.166666666667,13
192,193,0.5,2
192,194,0.5,2
192,248,1.125,8
192,437,0.5,8
192,438,0.5,8
192,497,1.0,8
192,499,0.125,8
192,500,0.125,8
193,194,0.5,2
193,215,0.333333333333,5
193,216,0.333333333333,5
193,373,0.333333333333,5
193,387,0.5,6
195,196,0.25,6
195,197,0.25,6
195,198,0.25,6
195,199,0.25,6
196,197,0.583333333333,6
196,198,0.583333333333,6
196,199,0.583333333333,6
197,198,0.583333333333,6
197,199,0.583333333333,6
198,199,0.583333333333,6
200,201,0.5,1
200,267,0.5,1
200,201,0.177777777778,3
200,202,0.177777777778,3
200,203,0.177777777778,3
200,204,0.177777777778,3
200,205,0.177777777778,3
200,206,0.177777777778,3
200,207,0.177777777778,3
200,307,0.111111111111,3
200,352,0.111111111111,3
200,364,0.111111111111,3
200,368,0.111111111111,3
200,369,0.111111111111,3
200,370,0.111111111111,3
200,371,0.111111111111,3
200,372,0.111111111111,3
201,267,0.5,1
201,202,0.177777777778,3
201,203,0.177777777778,3
201,204,0.177777777778,3
201,205,0.177777777778,3
201,206,0.177777777778,3
201,207,0.177777777778,3
201,307,0.111111111111,3
201,352,0.111111111111,3
201,364,0.111111111111,3
201,368,0.111111111111,3
201,369,0.111111111111,3
201,370,0.111111111111,3
201,371,0.111111111111,3
201,372,0.111111111111,3
202,203,0.177777777778,3
202,204,0.177777777778,3
202,205,0.177777777778,3
202,206,0.177777777778,3
202,207,0.177777777778,3
202,307,0.111111111111,3
202,352,0.111111111111,3
202,364,0.111111111111,3
202,368,0.111111111111,3
202,369,0.111111111111,3
202,370,0.111111111111,3
202,371,0.111111111111,3
202,372,0.111111111111,3
203,207,0.0833333333333,2
203,363,0.0833333333333,2
203,427,0.0833333333333,2
203,489,0.0833333333333,2
203,204,0.177777777778,3
203,205,0.177777777778,3
203,206,0.177777777778,3
203,207,0.177777777778,3
203,307,0.111111111111,3
203,352,0.111111111111,3
203,364,0.111111111111,3
203,368,0.111111111111,3
203,369,0.111111111111,3
203,370,0.111111111111,3
203,371,0.111111111111,3
203,372,0.111111111111,3
203,373,0.05,3
203,374,0.05,3
203,489,0.25,3
203,207,0.0833333333333,6
203,363,0.0833333333333,6
203,373,0.05,6
203,374,0.05,6
203,427,0.0833333333333,6
203,489,0.0833333333333,6
203,320,0.125,7
203,321,0.125,7
203,322,0.125,7
203,323,0.125,7
203,373,0.05,8
203,374,0.05,8
203,213,0.1,9
203,213,0.266666666667,12
203,307,0.166666666667,12
203,311,0.166666666667,12
203,364,0.166666666667,12
203,373,0.05,12
203,374,0.05,12
203,489,0.25,12
204,205,0.177777777778,3
204,206,0.177777777778,3
204,207,0.177777777778,3
204,307,0.111111111111,3
204,352,0.111111111111,3
204,364,0.111111111111,3
204,368,0.111111111111,3
204,369,0.111111111111,3
204,370,0.111111111111,3
204,371,0.111111111111,3
204,372,0.111111111111,3
205,206,0.177777777778,3
205,207,0.177777777778,3
205,307,0.111111111111,3
205,352,0.111111111111,3
205,364,0.111111111111,3
205,368,0.111111111111,3
205,369,0.111111111111,3
205,370,0.111111111111,3
205,371,0.111111111111,3
205,372,0.111111111111,3
206,207,0.177777777778,3
206,307,0.111111111111,3
206,352,0.111111111111,3
206,364,0.111111111111,3
206,368,0.111111111111,3
206,369,0.111111111111,3
206,370,0.111111111111,3
206,371,0.111111111111,3
206,372,0.111111111111,3
207,363,0.0833333333333,2
207,427,0.0833333333333,2
207,489,0.0833333333333,2
207,307,0.111111111111,3
207,352,0.111111111111,3
207,364,0.111111111111,3
207,368,0.111111111111,3
207,369,0.111111111111,3
207,370,0.111111111111,3
207,371,0.111111111111,3
207,372,0.111111111111,3
207,363,0.0833333333333,6
207,427,0.0833333333333,6
207,489,0.0833333333333,6
208,209,0.166666666667,6
208,210,0.166666666667,6
208,209,0.166666666667,13
208,210,0.166666666667,13
209,210,0.166666666667,6
209,210,0.166666666667,13
210,215,0.5,2
210,230,0.5,2
210,253,0.166666666667,2
210,251,0.2,3
210,252,0.2,3
210,253,0.366666666667,3
210,214,0.25,5
210,215,0.25,5
210,216,0.25,5
210,217,0.25,5
211,365,1.5,6
211,365,0.5,13
212,213,0.5,12
213,254,0.5,2
213,307,0.833333333333,2
213,363,0.333333333333,2
213,364,0.333333333333,2
213,376,0.5,2
213,307,0.666666666667,12
213,311,0.166666666667,12
213,364,0.166666666667,12
213,376,0.5,12
213,455,1.0,12
213,501,0.5,12
214,215,0.0909090909091,2
214,237,0.0909090909091,2
214,238,0.0909090909091,2
214,239,0.0909090909091,2
214,240,0.0909090909091,2
214,241,0.0909090909091,2
214,242,0.0909090909091,2
214,243,0.0909090909091,2
214,244,0.0909090909091,2
214,245,0.0909090909091,2
214,246,0.0909090909091,2
214,215,0.25,5
214,216,0.25,5
214,217,0.25,5
215,230,0.5,2
215,237,0.0909090909091,2
215,238,0.0909090909091,2
215,239,0.0909090909091,2
215,240,0.0909090909091,2
215,241,0.0909090909091,2
215,242,0.0909090909091,2
215,243,0.0909090909091,2
215,244,0.0909090909091,2
215,245,0.0909090909091,2
215,246,0.0909090909091,2
215,216,0.583333333333,5
215,217,0.25,5
215,373,0.333333333333,5
216,217,0.25,5
216,373,0.333333333333,5
218,219,0.333333333333,9
220,221,0.143518518519,3
220,222,0.143518518519,3
220,223,0.143518518519,3
220,224,0.143518518519,3
220,225,0.143518518519,3
220,226,0.143518518519,3
220,227,0.143518518519,3
220,228,0.143518518519,3
220,255,0.0185185185185,3
220,281,0.0185185185185,3
220,284,0.0185185185185,3
220,285,0.0185185185185,3
220,286,0.0185185185185,3
220,287,0.0185185185185,3
220,288,0.0185185185185,3
220,290,0.0185185185185,3
220,291,0.0185185185185,3
220,292,0.0185185185185,3
220,300,0.0185185185185,3
220,378,0.0185185185185,3
220,403,0.0185185185185,3
220,404,0.0185185185185,3
220,405,0.0185185185185,3
220,406,0.0185185185185,3
220,407,0.0185185185185,3
220,408,0.0185185185185,3
220,409,0.0185185185185,3
220,410,0.0185185185185,3
220,411,0.0185185185185,3
220,412,0.0185185185185,3
220,413,0.0185185185185,3
220,414,0.0185185185185,3
220,415,0.0185185185185,3
220,416,0.0185185185185,3
220,417,0.0185185185185,3
220,418,0.0185185185185,3
220,419,0.0185185185185,3
220,420,0.0185185185185,3
220,421,0.0185185185185,3
220,422,0.0185185185185,3
220,423,0.0185185185185,3
220,424,0.0185185185185,3
220,425,0.0185185185185,3
220,426,0.0185185185185,3
220,427,0.0185185185185,3
220,428,0.0185185185185,3
220,429,0.0185185185185,3
221,304,0.166666666667,2
221,305,0.166666666667,2
221,306,0.166666666667,2
221,307,0.166666666667,2
221,308,0.166666666667,2
221,309,0.166666666667,2
221,222,0.143518518519,3
221,223,0.382407407407,3
221,224,0.382407407407,3
221,225,0.199074074074,3
221,226,0.382407407407,3
221,227,0.382407407407,3
221,228,0.382407407407,3
221,255,0.0740740740741,3
221,281,0.0740740740741,3
221,284,0.101851851852,3
221,285,0.0740740740741,3
221,286,0.0185185185185,3
221,287,0.0185185185185,3
221,288,0.101851851852,3
221,290,0.0740740740741,3
221,291,0.0185185185185,3
221,292,0.0185185185185,3
221,300,0.0185185185185,3
221,378,0.0185185185185,3
221,403,0.257407407407,3
221,404,0.118518518519,3
221,405,0.0740740740741,3
221,406,0.0185185185185,3
221,407,0.0185185185185,3
221,408,0.0185185185185,3
221,409,0.0185185185185,3
221,410,0.0740740740741,3
221,411,0.118518518519,3
221,412,0.0740740740741,3
221,413,0.0185185185185,3
221,414,0.101851851852,3
221,415,0.0185185185185,3
221,416,0.0185185185185,3
221,417,0.0740740740741,3
221,418,0.0740740740741,3
221,419,0.0740740740741,3
221,420,0.0185185185185,3
221,421,0.101851851852,3
221,422,0.118518518519,3
221,423,0.0185185185185,3
221,424,0.0185185185185,3
221,425,0.0185185185185,3
221,426,0.0185185185185,3
221,427,0.0185185185185,3
221,428,0.101851851852,3
221,429,0.101851851852,3
221,485,0.1,3
222,223,0.143518518519,3
222,224,0.143518518519,3
222,225,0.143518518519,3
222,226,0.143518518519,3
222,227,0.143518518519,3
222,228,0.143518518519,3
222,255,0.0185185185185,3
222,270,0.166666666667,3
222,272,0.166666666667,3
222,281,0.268518518519,3
222,284,0.0185185185185,3
222,285,0.268518518519,3
222,286,0.0185185185185,3
222,287,0.0185185185185,3
222,288,0.268518518519,3
222,290,0.0185185185185,3
222,291,0.0185185185185,3
222,292,0.0185185185185,3
222,300,0.268518518519,3
222,307,0.166666666667,3
222,312,0.166666666667,3
222,378,0.0185185185185,3
222,403,0.0185185185185,3
222,404,0.0185185185185,3
222,405,0.0185185185185,3
222,406,0.0185185185185,3
222,407,0.0185185185185,3
222,408,0.0185185185185,3
222,409,0.0185185185185,3
222,410,0.0185185185185,3
222,411,0.0185185185185,3
222,412,0.0185185185185,3
222,413,0.0185185185185,3
222,414,0.0185185185185,3
222,415,0.0185185185185,3
222,416,0.0185185185185,3
222,417,0.0185185185185,3
222,418,0.0185185185185,3
222,419,0.0185185185185,3
222,420,0.0185185185185,3
222,421,0.0185185185185,3
222,422,0.0185185185185,3
222,423,0.0185185185185,3
222,424,0.0185185185185,3
222,425,0.0185185185185,3
222,426,0.0185185185185,3
222,427,0.0185185185185,3
222,428,0.0185185185185,3
222,429,0.0185185185185,3
222,498,0.166666666667,3
223,224,0.382407407407,3
223,225,0.199074074074,3
223,226,0.382407407407,3
223,227,0.382407407407,3
223,228,0.549074074074,3
223,255,0.0740740740741,3
223,281,0.0740740740741,3
223,284,0.101851851852,3
223,285,0.0740740740741,3
223,286,0.0185185185185,3
223,287,0.0185185185185,3
223,288,0.101851851852,3
223,290,0.0740740740741,3
223,291,0.0185185185185,3
223,292,0.0185185185185,3
223,300,0.0185185185185,3
223,378,0.0185185185185,3
223,403,0.424074074074,3
223,404,0.285185185185,3
223,405,0.0740740740741,3
223,406,0.0185185185185,3
223,407,0.0185185185185,3
223,408,0.0185185185185,3
223,409,0.0185185185185,3
223,410,0.0740740740741,3
223,411,0.285185185185,3
223,412,0.0740740740741,3
223,413,0.0185185185185,3
223,414,0.101851851852,3
223,415,0.0185185185185,3
223,416,0.0185185185185,3
223,417,0.0740740740741,3
223,418,0.0740740740741,3
223,419,0.0740740740741,3
223,420,0.0185185185185,3
223,421,0.101851851852,3
223,422,0.285185185185,3
223,423,0.0185185185185,3
223,424,0.0185185185185,3
223,425,0.0185185185185,3
223,426,0.0185185185185,3
223,427,0.0185185185185,3
223,428,0.101851851852,3
223,429,0.101851851852,3
223,485,0.266666666667,3
224,225,0.199074074074,3
224,226,0.382407407407,3
224,227,0.382407407407,3
224,228,0.382407407407,3
224,255,0.0740740740741,3
224,281,0.157407407407,3
224,282,0.0833333333333,3
224,283,0.0833333333333,3
224,284,0.185185185185,3
224,285,0.157407407407,3
224,286,0.101851851852,3
224,287,0.101851851852,3
224,288,0.185185185185,3
224,289,0.0833333333333,3
224,290,0.157407407407,3
224,291,0.101851851852,3
224,292,0.101851851852,3
224,300,0.0185185185185,3
224,378,0.0185185185185,3
224,403,0.257407407407,3
224,404,0.118518518519,3
224,405,0.0740740740741,3
224,406,0.0185185185185,3
224,407,0.0185185185185,3
224,408,0.0185185185185,3
224,409,0.0185185185185,3
224,410,0.0740740740741,3
224,411,0.118518518519,3
224,412,0.0740740740741,3
224,413,0.0185185185185,3
224,414,0.101851851852,3
224,415,0.0185185185185,3
224,416,0.0185185185185,3
224,417,0.0740740740741,3
224,418,0.0740740740741,3
224,419,0.0740740740741,3
224,420,0.0185185185185,3
224,421,0.101851851852,3
224,422,0.118518518519,3
224,423,0.0185185185185,3
224,424,0.0185185185185,3
224,425,0.0185185185185,3
224,426,0.0185185185185,3
224,427,0.0185185185185,3
224,428,0.101851851852,3
224,429,0.101851851852,3
224,485,0.1,3
225,226,0.199074074074,3
225,227,0.199074074074,3
225,228,0.199074074074,3
225,255,0.0740740740741,3
225,281,0.0740740740741,3
225,284,0.0185185185185,3
225,285,0.0740740740741,3
225,286,0.0185185185185,3
225,287,0.0185185185185,3
225,288,0.0185185185185,3
225,290,0.0740740740741,3
225,291,0.0185185185185,3
225,292,0.0185185185185,3
225,300,0.0185185185185,3
225,378,0.0185185185185,3
225,403,0.0740740740741,3
225,404,0.0185185185185,3
225,405,0.0740740740741,3
225,406,0.0185185185185,3
225,407,0.0185185185185,3
225,408,0.0185185185185,3
225,409,0.0185185185185,3
225,410,0.0740740740741,3
225,411,0.0185185185185,3
225,412,0.0740740740741,3
225,413,0.0185185185185,3
225,414,0.0185185185185,3
225,415,0.0185185185185,3
225,416,0.0185185185185,3
225,417,0.0740740740741,3
225,418,0.0740740740741,3
225,419,0.0740740740741,3
225,420,0.0185185185185,3
225,421,0.0185185185185,3
225,422,0.0185185185185,3
225,423,0.0185185185185,3
225,424,0.0185185185185,3
225,425,0.0185185185185,3
225,426,0.0185185185185,3
225,427,0.0185185185185,3
225,428,0.0185185185185,3
225,429,0.0185185185185,3
226,227,0.382407407407,3
226,228,0.382407407407,3
226,255,0.0740740740741,3
226,281,0.0740740740741,3
226,284,0.101851851852,3
226,285,0.0740740740741,3
226,286,0.0185185185185,3
226,287,0.0185185185185,3
226,288,0.101851851852,3
226,290,0.0740740740741,3
226,291,0.0185185185185,3
226,292,0.0185185185185,3
226,300,0.0185185185185,3
226,378,0.0185185185185,3
226,403,0.257407407407,3
226,404,0.118518518519,3
226,405,0.0740740740741,3
226,406,0.0185185185185,3
226,407,0.0185185185185,3
226,408,0.0185185185185,3
226,409,0.0185185185185,3
226,410,0.0740740740741,3
226,411,0.118518518519,3
226,412,0.0740740740741,3
226,413,0.0185185185185,3
226,414,0.101851851852,3
226,415,0.0185185185185,3
226,416,0.0185185185185,3
226,417,0.0740740740741,3
226,418,0.0740740740741,3
226,419,0.0740740740741,3
226,420,0.0185185185185,3
226,421,0.101851851852,3
226,422,0.118518518519,3
226,423,0.0185185185185,3
226,424,0.0185185185185,3
226,425,0.0185185185185,3
226,426,0.0185185185185,3
226,427,0.0185185185185,3
226,428,0.101851851852,3
226,429,0.101851851852,3
226,485,0.1,3
227,228,0.382407407407,3
227,255,0.0740740740741,3
227,281,0.0740740740741,3
227,284,0.101851851852,3
227,285,0.0740740740741,3
227,286,0.0185185185185,3
227,287,0.0185185185185,3
227,288,0.101851851852,3
227,290,0.0740740740741,3
227,291,0.0185185185185,3
227,292,0.0185185185185,3
227,300,0.0185185185185,3
227,378,0.0185185185185,3
227,403,0.257407407407,3
227,404,0.118518518519,3
227,405,0.0740740740741,3
227,406,0.0185185185185,3
227,407,0.0185185185185,3
227,408,0.0185185185185,3
227,409,0.0185185185185,3
227,410,0.0740740740741,3
227,411,0.118518518519,3
227,412,0.0740740740741,3
227,413,0.0185185185185,3
227,414,0.101851851852,3
227,415,0.0185185185185,3
227,416,0.0185185185185,3
227,417,0.0740740740741,3
227,418,0.0740740740741,3
227,419,0.0740740740741,3
227,420,0.0185185185185,3
227,421,0.101851851852,3
227,422,0.118518518519,3
227,423,0.0185185185185,3
227,424,0.0185185185185,3
227,425,0.0185185185185,3
227,426,0.0185185185185,3
227,427,0.0185185185185,3
227,428,0.101851851852,3
227,429,0.101851851852,3
227,485,0.1,3
228,255,0.0740740740741,3
228,281,0.0740740740741,3
228,284,0.101851851852,3
228,285,0.0740740740741,3
228,286,0.0185185185185,3
228,287,0.0185185185185,3
228,288,0.101851851852,3
228,290,0.0740740740741,3
228,291,0.0185185185185,3
228,292,0.0185185185185,3
228,300,0.0185185185185,3
228,378,0.0185185185185,3
228,403,0.424074074074,3
228,404,0.285185185185,3
228,405,0.0740740740741,3
228,406,0.0185185185185,3
228,407,0.0185185185185,3
228,408,0.0185185185185,3
228,409,0.0185185185185,3
228,410,0.0740740740741,3
228,411,0.285185185185,3
228,412,0.0740740740741,3
228,413,0.0185185185185,3
228,414,0.101851851852,3
228,415,0.0185185185185,3
228,416,0.0185185185185,3
228,417,0.0740740740741,3
228,418,0.0740740740741,3
228,419,0.0740740740741,3
228,420,0.0185185185185,3
228,421,0.101851851852,3
228,422,0.285185185185,3
228,423,0.0185185185185,3
228,424,0.0185185185185,3
228,425,0.0185185185185,3
228,426,0.0185185185185,3
228,427,0.0185185185185,3
228,428,0.101851851852,3
228,429,0.101851851852,3
228,485,0.266666666667,3
231,232,0.7,2
231,233,0.2,2
231,234,0.7,2
231,235,0.2,2
231,236,0.2,2
231,316,0.333333333333,2
231,317,0.333333333333,2
231,318,0.333333333333,2
232,233,0.2,2
232,234,0.7,2
232,235,0.2,2
232,236,0.2,2
233,234,0.2,2
233,235,0.2,2
233,236,0.2,2
234,235,0.2,2
234,236,0.2,2
235,236,0.2,2
237,238,0.0909090909091,2
237,239,0.0909090909091,2
237,240,0.415909090909,2
237,241,0.0909090909091,2
237,242,0.415909090909,2
237,243,0.415909090909,2
237,244,0.0909090909091,2
237,245,0.415909090909,2
237,246,0.415909090909,2
237,249,0.125,2
237,250,0.125,2
238,239,0.0909090909091,2
238,240,0.0909090909091,2
238,241,0.0909090909091,2
238,242,0.0909090909091,2
238,243,0.0909090909091,2
238,244,0.0909090909091,2
238,245,0.0909090909091,2
238,246,0.0909090909091,2
238,254,0.125,2
238,255,0.125,2
238,256,0.125,2
238,257,0.125,2
238,247,0.0131578947368,3
238,256,0.0131578947368,3
238,265,0.0131578947368,3
238,269,0.0131578947368,3
238,270,0.0131578947368,3
238,271,0.0131578947368,3
238,272,0.0131578947368,3
238,273,0.0131578947368,3
238,274,0.0131578947368,3
238,275,0.0131578947368,3
238,276,0.0131578947368,3
238,277,0.0131578947368,3
238,278,0.0131578947368,3
238,279,0.0131578947368,3
238,280,0.0131578947368,3
238,312,0.0131578947368,3
238,313,0.0131578947368,3
238,314,0.0131578947368,3
238,315,0.0131578947368,3
238,319,0.0131578947368,3
238,326,0.0131578947368,3
238,327,0.0131578947368,3
238,328,0.0131578947368,3
238,329,0.0131578947368,3
238,330,0.0131578947368,3
238,331,0.0131578947368,3
238,332,0.0131578947368,3
238,333,0.0131578947368,3
238,334,0.0131578947368,3
238,335,0.0131578947368,3
238,336,0.0131578947368,3
238,337,0.0131578947368,3
238,338,0.0131578947368,3
238,339,0.0131578947368,3
238,340,0.0131578947368,3
238,341,0.0131578947368,3
238,342,0.0131578947368,3
238,343,0.0131578947368,3
238,344,0.0131578947368,3
238,345,0.0131578947368,3
238,346,0.0131578947368,3
238,347,0.0131578947368,3
238,348,0.0131578947368,3
238,349,0.0131578947368,3
238,350,0.0131578947368,3
238,351,0.0131578947368,3
238,352,0.0131578947368,3
238,353,0.0131578947368,3
238,354,0.0131578947368,3
238,355,0.0131578947368,3
238,356,0.0131578947368,3
239,240,0.0909090909091,2
239,241,0.0909090909091,2
239,242,0.0909090909091,2
239,243,0.0909090909091,2
239,244,0.0909090909091,2
239,245,0.0909090909091,2
239,246,0.0909090909091,2
240,241,0.0909090909091,2
240,242,0.415909090909,2
240,243,0.415909090909,2
240,244,0.0909090909091,2
240,245,0.415909090909,2
240,246,0.415909090909,2
240,249,0.125,2
240,250,0.125,2
241,242,0.0909090909091,2
241,243,0.0909090909091,2
241,244,0.0909090909091,2
241,245,0.0909090909091,2
241,246,0.0909090909091,2
242,243,0.415909090909,2
242,244,0.0909090909091,2
242,245,0.415909090909,2
242,246,0.415909090909,2
242,249,0.125,2
242,250,0.125,2
242,493,2.0,2
243,244,0.0909090909091,2
243,245,0.415909090909,2
243,246,0.415909090909,2
243,249,0.125,2
243,250,0.125,2
243,246,1.0,15
244,245,0.0909090909091,2
244,246,0.0909090909091,2
245,246,0.415909090909,2
245,249,0.125,2
245,250,0.125,2
245,496,0.5,4
245,496,0.5,5
246,249,0.125,2
246,250,0.125,2
247,256,0.0131578947368,3
247,265,0.0131578947368,3
247,269,0.0131578947368,3
247,270,0.0131578947368,3
247,271,0.0131578947368,3
247,272,0.0131578947368,3
247,273,0.0131578947368,3
247,274,0.0131578947368,3
247,275,0.0131578947368,3
247,276,0.0131578947368,3
247,277,0.0131578947368,3
247,278,0.0131578947368,3
247,279,0.0131578947368,3
247,280,0.0131578947368,3
247,312,0.0131578947368,3
247,313,0.0131578947368,3
247,314,0.0131578947368,3
247,315,0.0131578947368,3
247,319,0.0131578947368,3
247,326,0.0131578947368,3
247,327,0.0131578947368,3
247,328,0.0131578947368,3
247,329,0.0131578947368,3
247,330,0.0131578947368,3
247,331,0.0131578947368,3
247,332,0.0131578947368,3
247,333,0.0131578947368,3
247,334,0.0131578947368,3
247,335,0.0131578947368,3
247,336,0.0131578947368,3
247,337,0.0131578947368,3
247,338,0.0131578947368,3
247,339,0.0131578947368,3
247,340,0.0131578947368,3
247,341,0.0131578947368,3
247,342,0.0131578947368,3
247,343,0.0131578947368,3
247,344,0.0131578947368,3
247,345,0.0131578947368,3
247,346,0.0131578947368,3
247,347,0.0131578947368,3
247,348,0.0131578947368,3
247,349,0.0131578947368,3
247,350,0.0131578947368,3
247,351,0.0131578947368,3
247,352,0.0131578947368,3
247,353,0.0131578947368,3
247,354,0.0131578947368,3
247,355,0.0131578947368,3
247,356,0.0131578947368,3
248,499,0.125,8
248,500,0.125,8
249,250,0.125,2
251,252,0.2,3
251,253,0.2,3
252,253,0.2,3
254,255,0.125,2
254,256,0.125,2
254,257,0.125,2
255,256,0.125,2
255,257,0.125,2
255,281,0.0740740740741,3
255,284,0.0185185185185,3
255,285,0.0740740740741,3
255,286,0.0185185185185,3
255,287,0.0185185185185,3
255,288,0.0185185185185,3
255,290,0.0740740740741,3
255,291,0.0185185185185,3
255,292,0.0185185185185,3
255,300,0.0185185185185,3
255,378,0.0185185185185,3
255,403,0.0740740740741,3
255,404,0.0185185185185,3
255,405,0.0740740740741,3
255,406,0.0185185185185,3
255,407,0.0185185185185,3
255,408,0.0185185185185,3
255,409,0.0185185185185,3
255,410,0.0740740740741,3
255,411,0.0185185185185,3
255,412,0.0740740740741,3
255,413,0.0185185185185,3
255,414,0.0185185185185,3
255,415,0.0185185185185,3
255,416,0.0185185185185,3
255,417,0.0740740740741,3
255,418,0.0740740740741,3
255,419,0.0740740740741,3
255,420,0.0185185185185,3
255,421,0.0185185185185,3
255,422,0.0185185185185,3
255,423,0.0185185185185,3
255,424,0.0185185185185,3
255,425,0.0185185185185,3
255,426,0.0185185185185,3
255,427,0.0185185185185,3
255,428,0.0185185185185,3
255,429,0.0185185185185,3
256,257,0.125,2
256,265,0.0131578947368,3
256,269,0.0131578947368,3
256,270,0.179824561404,3
256,271,0.0131578947368,3
256,272,0.0131578947368,3
256,273,0.0131578947368,3
256,274,0.0131578947368,3
256,275,0.0131578947368,3
256,276,0.0131578947368,3
256,277,0.0131578947368,3
256,278,0.0131578947368,3
256,279,0.0131578947368,3
256,280,0.0131578947368,3
256,312,0.179824561404,3
256,313,0.179824561404,3
256,314,0.179824561404,3
256,315,0.179824561404,3
256,319,0.0131578947368,3
256,326,0.0131578947368,3
256,327,0.0131578947368,3
256,328,0.0131578947368,3
256,329,0.0131578947368,3
256,330,0.0131578947368,3
256,331,0.0131578947368,3
256,332,0.0131578947368,3
256,333,0.0131578947368,3
256,334,0.0131578947368,3
256,335,0.0131578947368,3
256,336,0.0131578947368,3
256,337,0.0131578947368,3
256,338,0.0131578947368,3
256,339,0.0131578947368,3
256,340,0.0131578947368,3
256,341,0.0131578947368,3
256,342,0.0131578947368,3
256,343,0.0131578947368,3
256,344,0.0131578947368,3
256,345,0.0131578947368,3
256,346,0.0131578947368,3
256,347,0.0131578947368,3
256,348,0.0131578947368,3
256,349,0.0131578947368,3
256,350,0.0131578947368,3
256,351,0.0131578947368,3
256,352,0.0131578947368,3
256,353,0.0131578947368,3
256,354,0.0131578947368,3
256,355,0.0131578947368,3
256,356,0.0131578947368,3
259,260,0.2,2
259,261,0.2,2
259,262,0.2,2
259,263,0.2,2
260,261,0.2,2
260,262,0.2,2
260,263,0.2,2
261,262,0.2,2
261,263,0.2,2
262,263,0.2,2
265,269,0.0131578947368,3
265,270,0.0131578947368,3
265,271,0.0131578947368,3
265,272,0.0131578947368,3
265,273,0.0131578947368,3
265,274,0.0131578947368,3
265,275,0.0131578947368,3
265,276,0.0131578947368,3
265,277,0.0131578947368,3
265,278,0.0131578947368,3
265,279,0.0131578947368,3
265,280,0.0131578947368,3
265,312,0.0131578947368,3
265,313,0.0131578947368,3
265,314,0.0131578947368,3
265,315,0.0131578947368,3
265,319,0.0131578947368,3
265,326,0.0131578947368,3
265,327,0.0131578947368,3
265,328,0.0131578947368,3
265,329,0.0131578947368,3
265,330,0.0131578947368,3
265,331,0.0131578947368,3
265,332,0.0131578947368,3
265,333,0.0131578947368,3
265,334,0.0131578947368,3
265,335,0.0131578947368,3
265,336,0.0131578947368,3
265,337,0.0131578947368,3
265,338,0.0131578947368,3
265,339,0.0131578947368,3
265,340,0.0131578947368,3
265,341,0.0131578947368,3
265,342,0.0131578947368,3
265,343,0.0131578947368,3
265,344,0.0131578947368,3
265,345,0.0131578947368,3
265,346,0.0131578947368,3
265,347,0.0131578947368,3
265,348,0.0131578947368,3
265,349,0.0131578947368,3
265,350,0.0131578947368,3
265,351,0.0131578947368,3
265,352,0.0131578947368,3
265,353,0.0131578947368,3
265,354,0.0131578947368,3
265,355,0.0131578947368,3
265,356,0.0131578947368,3
269,270,0.0756578947368,3
269,271,0.0756578947368,3
269,272,0.275657894737,3
269,273,0.0756578947368,3
269,274,0.0756578947368,3
269,275,0.275657894737,3
269,276,0.275657894737,3
269,277,0.0756578947368,3
269,278,0.0756578947368,3
269,279,0.0756578947368,3
269,280,0.0756578947368,3
269,312,0.0131578947368,3
269,313,0.0131578947368,3
269,314,0.0131578947368,3
269,315,0.0131578947368,3
269,319,0.0131578947368,3
269,326,0.0131578947368,3
269,327,0.0131578947368,3
269,328,0.0131578947368,3
269,329,0.0131578947368,3
269,330,0.0131578947368,3
269,331,0.0131578947368,3
269,332,0.0131578947368,3
269,333,0.0131578947368,3
269,334,0.0131578947368,3
269,335,0.0131578947368,3
269,336,0.0131578947368,3
269,337,0.0131578947368,3
269,338,0.0131578947368,3
269,339,0.0131578947368,3
269,340,0.0131578947368,3
269,341,0.0131578947368,3
269,342,0.0131578947368,3
269,343,0.0131578947368,3
269,344,0.0131578947368,3
269,345,0.0131578947368,3
269,346,0.0131578947368,3
269,347,0.0131578947368,3
269,348,0.0131578947368,3
269,349,0.0131578947368,3
269,350,0.0131578947368,3
269,351,0.213157894737,3
269,352,0.0131578947368,3
269,353,0.0131578947368,3
269,354,0.0131578947368,3
269,355,0.0131578947368,3
269,356,0.0131578947368,3
270,280,0.125,2
270,271,0.0756578947368,3
270,272,1.2423245614,3
270,273,0.0756578947368,3
270,274,0.0756578947368,3
270,275,0.0756578947368,3
270,276,0.0756578947368,3
270,277,1.15899122807,3
270,278,0.0756578947368,3
270,279,1.57565789474,3
270,280,0.950657894737,3
270,307,0.166666666667,3
270,312,0.84649122807,3
270,313,0.179824561404,3
270,314,0.179824561404,3
270,315,0.179824561404,3
270,319,0.0131578947368,3
270,326,0.0131578947368,3
270,327,0.0131578947368,3
270,328,0.0131578947368,3
270,329,0.0131578947368,3
270,330,0.0131578947368,3
270,331,0.0131578947368,3
270,332,0.0131578947368,3
270,333,0.0131578947368,3
270,334,0.0131578947368,3
270,335,0.0131578947368,3
270,336,0.0131578947368,3
270,337,0.0131578947368,3
270,338,0.0131578947368,3
270,339,0.0131578947368,3
270,340,0.0131578947368,3
270,341,0.0131578947368,3
270,342,0.0131578947368,3
270,343,0.0131578947368,3
270,344,0.0131578947368,3
270,345,0.0131578947368,3
270,346,0.0131578947368,3
270,347,0.0131578947368,3
270,348,0.0131578947368,3
270,349,0.0131578947368,3
270,350,0.0131578947368,3
270,351,0.0131578947368,3
270,352,0.0131578947368,3
270,353,0.0131578947368,3
270,354,0.0131578947368,3
270,355,0.0131578947368,3
270,356,0.0131578947368,3
270,498,0.166666666667,3
271,272,0.0756578947368,3
271,273,0.0756578947368,3
271,274,0.0756578947368,3
271,275,0.242324561404,3
271,276,0.242324561404,3
271,277,0.0756578947368,3
271,278,0.0756578947368,3
271,279,0.0756578947368,3
271,280,0.0756578947368,3
271,312,0.0131578947368,3
271,313,0.0131578947368,3
271,314,0.0131578947368,3
271,315,0.0131578947368,3
271,319,0.0131578947368,3
271,326,0.0131578947368,3
271,327,0.0131578947368,3
271,328,0.0131578947368,3
271,329,0.0131578947368,3
271,330,0.0131578947368,3
271,331,0.0131578947368,3
271,332,0.0131578947368,3
271,333,0.0131578947368,3
271,334,0.0131578947368,3
271,335,0.0131578947368,3
271,336,0.0131578947368,3
271,337,0.0131578947368,3
271,338,0.0131578947368,3
271,339,0.0131578947368,3
271,340,0.0131578947368,3
271,341,0.0131578947368,3
271,342,0.179824561404,3
271,343,0.0131578947368,3
271,344,0.0131578947368,3
271,345,0.0131578947368,3
271,346,0.0131578947368,3
271,347,0.0131578947368,3
271,348,0.0131578947368,3
271,349,0.0131578947368,3
271,350,0.0131578947368,3
271,351,0.0131578947368,3
271,352,0.0131578947368,3
271,353,0.0131578947368,3
271,354,0.0131578947368,3
271,355,0.0131578947368,3
271,356,0.0131578947368,3
272,273,0.0756578947368,3
272,274,0.0756578947368,3
272,275,0.275657894737,3
272,276,0.275657894737,3
272,277,0.0756578947368,3
272,278,0.0756578947368,3
272,279,0.0756578947368,3
272,280,0.0756578947368,3
272,307,0.166666666667,3
272,312,0.679824561404,3
272,313,0.0131578947368,3
272,314,0.0131578947368,3
272,315,0.0131578947368,3
272,319,0.0131578947368,3
272,326,0.0131578947368,3
272,327,0.0131578947368,3
272,328,0.0131578947368,3
272,329,0.0131578947368,3
272,330,0.0131578947368,3
272,331,0.0131578947368,3
272,332,0.0131578947368,3
272,333,0.0131578947368,3
272,334,0.0131578947368,3
272,335,0.0131578947368,3
272,336,0.0131578947368,3
272,337,0.0131578947368,3
272,338,0.0131578947368,3
272,339,0.0131578947368,3
272,340,0.0131578947368,3
272,341,0.0131578947368,3
272,342,0.0131578947368,3
272,343,0.0131578947368,3
272,344,0.0131578947368,3
272,345,0.0131578947368,3
272,346,0.0131578947368,3
272,347,0.0131578947368,3
272,348,0.0131578947368,3
272,349,0.0131578947368,3
272,350,0.0131578947368,3
272,351,0.213157894737,3
272,352,0.0131578947368,3
272,353,0.0131578947368,3
272,354,0.0131578947368,3
272,355,0.0131578947368,3
272,356,0.0131578947368,3
272,498,0.166666666667,3
273,274,0.0756578947368,3
273,275,0.0756578947368,3
273,276,0.0756578947368,3
273,277,0.0756578947368,3
273,278,0.0756578947368,3
273,279,0.0756578947368,3
273,280,0.0756578947368,3
273,312,0.0131578947368,3
273,313,0.0131578947368,3
273,314,0.0131578947368,3
273,315,0.0131578947368,3
273,319,0.0131578947368,3
273,326,0.0131578947368,3
273,327,0.0131578947368,3
273,328,0.0131578947368,3
273,329,0.0131578947368,3
273,330,0.0131578947368,3
273,331,0.0131578947368,3
273,332,0.0131578947368,3
273,333,0.0131578947368,3
273,334,0.0131578947368,3
273,335,0.0131578947368,3
273,336,0.0131578947368,3
273,337,0.0131578947368,3
273,338,0.0131578947368,3
273,339,0.0131578947368,3
273,340,0.0131578947368,3
273,341,0.0131578947368,3
273,342,0.0131578947368,3
273,343,0.0131578947368,3
273,344,0.0131578947368,3
273,345,0.0131578947368,3
273,346,0.0131578947368,3
273,347,0.0131578947368,3
273,348,0.0131578947368,3
273,349,0.0131578947368,3
273,350,0.0131578947368,3
273,351,0.0131578947368,3
273,352,0.0131578947368,3
273,353,0.0131578947368,3
273,354,0.0131578947368,3
273,355,0.0131578947368,3
273,356,0.0131578947368,3
273,275,0.5,5
273,484,0.5,5
274,275,0.0756578947368,3
274,276,0.0756578947368,3
274,277,0.0756578947368,3
274,278,0.0756578947368,3
274,279,0.0756578947368,3
274,280,0.0756578947368,3
274,312,0.0131578947368,3
274,313,0.0131578947368,3
274,314,0.0131578947368,3
274,315,0.0131578947368,3
274,319,0.0131578947368,3
274,326,0.0131578947368,3
274,327,0.0131578947368,3
274,328,0.0131578947368,3
274,329,0.0131578947368,3
274,330,0.0131578947368,3
274,331,0.0131578947368,3
274,332,0.0131578947368,3
274,333,0.0131578947368,3
274,334,0.0131578947368,3
274,335,0.0131578947368,3
274,336,0.0131578947368,3
274,337,0.0131578947368,3
274,338,0.0131578947368,3
274,339,0.0131578947368,3
274,340,0.0131578947368,3
274,341,0.0131578947368,3
274,342,0.0131578947368,3
274,343,0.0131578947368,3
274,344,0.0131578947368,3
274,345,0.0131578947368,3
274,346,0.0131578947368,3
274,347,0.0131578947368,3
274,348,0.0131578947368,3
274,349,0.0131578947368,3
274,350,0.0131578947368,3
274,351,0.0131578947368,3
274,352,0.0131578947368,3
274,353,0.0131578947368,3
274,354,0.0131578947368,3
274,355,0.0131578947368,3
274,356,0.0131578947368,3
275,276,0.442324561404,3
275,277,0.0756578947368,3
275,278,0.0756578947368,3
275,279,0.0756578947368,3
275,280,0.0756578947368,3
275,312,0.0131578947368,3
275,313,0.0131578947368,3
275,314,0.0131578947368,3
275,315,0.0131578947368,3
275,319,0.0131578947368,3
275,326,0.0131578947368,3
275,327,0.0131578947368,3
275,328,0.0131578947368,3
275,329,0.0131578947368,3
275,330,0.0131578947368,3
275,331,0.0131578947368,3
275,332,0.0131578947368,3
275,333,0.0131578947368,3
275,334,0.0131578947368,3
275,335,0.0131578947368,3
275,336,0.0131578947368,3
275,337,0.0131578947368,3
275,338,0.0131578947368,3
275,339,0.0131578947368,3
275,340,0.0131578947368,3
275,341,0.0131578947368,3
275,342,0.179824561404,3
275,343,0.0131578947368,3
275,344,0.0131578947368,3
275,345,0.0131578947368,3
275,346,0.0131578947368,3
275,347,0.0131578947368,3
275,348,0.0131578947368,3
275,349,0.0131578947368,3
275,350,0.0131578947368,3
275,351,0.213157894737,3
275,352,0.0131578947368,3
275,353,0.0131578947368,3
275,354,0.0131578947368,3
275,355,0.0131578947368,3
275,356,0.0131578947368,3
275,484,0.5,5
276,277,0.0756578947368,3
276,278,0.0756578947368,3
276,279,0.0756578947368,3
276,280,0.0756578947368,3
276,312,0.0131578947368,3
276,313,0.0131578947368,3
276,314,0.0131578947368,3
276,315,0.0131578947368,3
276,319,0.0131578947368,3
276,326,0.0131578947368,3
276,327,0.0131578947368,3
276,328,0.0131578947368,3
276,329,0.0131578947368,3
276,330,0.0131578947368,3
276,331,0.0131578947368,3
276,332,0.0131578947368,3
276,333,0.0131578947368,3
276,334,0.0131578947368,3
276,335,0.0131578947368,3
276,336,0.0131578947368,3
276,337,0.0131578947368,3
276,338,0.0131578947368,3
276,339,0.0131578947368,3
276,340,0.0131578947368,3
276,341,0.0131578947368,3
276,342,0.179824561404,3
276,343,0.0131578947368,3
276,344,0.0131578947368,3
276,345,0.0131578947368,3
276,346,0.0131578947368,3
276,347,0.0131578947368,3
276,348,0.0131578947368,3
276,349,0.0131578947368,3
276,350,0.0131578947368,3
276,351,0.213157894737,3
276,352,0.0131578947368,3
276,353,0.0131578947368,3
276,354,0.0131578947368,3
276,355,0.0131578947368,3
276,356,0.0131578947368,3
277,278,0.0756578947368,3
277,279,0.0756578947368,3
277,280,0.325657894737,3
277,312,0.0131578947368,3
277,313,0.0131578947368,3
277,314,0.0131578947368,3
277,315,0.0131578947368,3
277,319,0.0131578947368,3
277,326,0.0131578947368,3
277,327,0.0131578947368,3
277,328,0.0131578947368,3
277,329,0.0131578947368,3
277,330,0.0131578947368,3
277,331,0.0131578947368,3
277,332,0.0131578947368,3
277,333,0.0131578947368,3
277,334,0.0131578947368,3
277,335,0.0131578947368,3
277,336,0.0131578947368,3
277,337,0.0131578947368,3
277,338,0.0131578947368,3
277,339,0.0131578947368,3
277,340,0.0131578947368,3
277,341,0.0131578947368,3
277,342,0.0131578947368,3
277,343,0.0131578947368,3
277,344,0.0131578947368,3
277,345,0.0131578947368,3
277,346,0.0131578947368,3
277,347,0.0131578947368,3
277,348,0.0131578947368,3
277,349,0.0131578947368,3
277,350,0.0131578947368,3
277,351,0.0131578947368,3
277,352,0.0131578947368,3
277,353,0.0131578947368,3
277,354,0.0131578947368,3
277,355,0.0131578947368,3
277,356,0.0131578947368,3
278,279,0.0756578947368,3
278,280,0.0756578947368,3
278,312,0.0131578947368,3
278,313,0.0131578947368,3
278,314,0.0131578947368,3
278,315,0.0131578947368,3
278,319,0.0131578947368,3
278,326,0.0131578947368,3
278,327,0.0131578947368,3
278,328,0.0131578947368,3
278,329,0.0131578947368,3
278,330,0.0131578947368,3
278,331,0.0131578947368,3
278,332,0.0131578947368,3
278,333,0.0131578947368,3
278,334,0.0131578947368,3
278,335,0.0131578947368,3
278,336,0.0131578947368,3
278,337,0.0131578947368,3
278,338,0.0131578947368,3
278,339,0.0131578947368,3
278,340,0.0131578947368,3
278,341,0.0131578947368,3
278,342,0.0131578947368,3
278,343,0.0131578947368,3
278,344,0.0131578947368,3
278,345,0.0131578947368,3
278,346,0.0131578947368,3
278,347,0.0131578947368,3
278,348,0.0131578947368,3
278,349,0.0131578947368,3
278,350,0.0131578947368,3
278,351,0.0131578947368,3
278,352,0.0131578947368,3
278,353,0.0131578947368,3
278,354,0.0131578947368,3
278,355,0.0131578947368,3
278,356,0.0131578947368,3
278,310,0.125,4
278,310,0.125,5
279,280,0.575657894737,3
279,312,0.0131578947368,3
279,313,0.0131578947368,3
279,314,0.0131578947368,3
279,315,0.0131578947368,3
279,319,0.0131578947368,3
279,326,0.0131578947368,3
279,327,0.0131578947368,3
279,328,0.0131578947368,3
279,329,0.0131578947368,3
279,330,0.0131578947368,3
279,331,0.0131578947368,3
279,332,0.0131578947368,3
279,333,0.0131578947368,3
279,334,0.0131578947368,3
279,335,0.0131578947368,3
279,336,0.0131578947368,3
279,337,0.0131578947368,3
279,338,0.0131578947368,3
279,339,0.0131578947368,3
279,340,0.0131578947368,3
279,341,0.0131578947368,3
279,342,0.0131578947368,3
279,343,0.0131578947368,3
279,344,0.0131578947368,3
279,345,0.0131578947368,3
279,346,0.0131578947368,3
279,347,0.0131578947368,3
279,348,0.0131578947368,3
279,349,0.0131578947368,3
279,350,0.0131578947368,3
279,351,0.0131578947368,3
279,352,0.0131578947368,3
279,353,0.0131578947368,3
279,354,0.0131578947368,3
279,355,0.0131578947368,3
279,356,0.0131578947368,3
280,312,0.0131578947368,3
280,313,0.0131578947368,3
280,314,0.0131578947368,3
280,315,0.0131578947368,3
280,319,0.0131578947368,3
280,326,0.0131578947368,3
280,327,0.0131578947368,3
280,328,0.0131578947368,3
280,329,0.0131578947368,3
280,330,0.0131578947368,3
280,331,0.0131578947368,3
280,332,0.0131578947368,3
280,333,0.0131578947368,3
280,334,0.0131578947368,3
280,335,0.0131578947368,3
280,336,0.0131578947368,3
280,337,0.0131578947368,3
280,338,0.0131578947368,3
280,339,0.0131578947368,3
280,340,0.0131578947368,3
280,341,0.0131578947368,3
280,342,0.0131578947368,3
280,343,0.0131578947368,3
280,344,0.0131578947368,3
280,345,0.0131578947368,3
280,346,0.0131578947368,3
280,347,0.0131578947368,3
280,348,0.0131578947368,3
280,349,0.0131578947368,3
280,350,0.0131578947368,3
280,351,0.0131578947368,3
280,352,0.0131578947368,3
280,353,0.0131578947368,3
280,354,0.0131578947368,3
280,355,0.0131578947368,3
280,356,0.0131578947368,3
281,282,0.219696969697,3
281,283,0.174242424242,3
281,284,0.321548821549,3
281,285,0.627104377104,3
281,286,0.404882154882,3
281,287,0.321548821549,3
281,288,0.571548821549,3
281,289,0.0833333333333,3
281,290,0.460437710438,3
281,291,0.321548821549,3
281,292,0.321548821549,3
281,300,0.404882154882,3
281,378,0.0185185185185,3
281,403,0.0740740740741,3
281,404,0.0185185185185,3
281,405,0.0740740740741,3
281,406,0.0185185185185,3
281,407,0.0185185185185,3
281,408,0.147306397306,3
281,409,0.0185185185185,3
281,410,0.0740740740741,3
281,411,0.0185185185185,3
281,412,0.0740740740741,3
281,413,0.0185185185185,3
281,414,0.0185185185185,3
281,415,0.0185185185185,3
281,416,0.0185185185185,3
281,417,0.0740740740741,3
281,418,0.0740740740741,3
281,419,0.0740740740741,3
281,420,0.0185185185185,3
281,421,0.0185185185185,3
281,422,0.0185185185185,3
281,423,0.0185185185185,3
281,424,0.0185185185185,3
281,425,0.101851851852,3
281,426,0.0185185185185,3
281,427,0.0185185185185,3
281,428,0.0185185185185,3
281,429,0.0185185185185,3
281,503,0.0833333333333,3
281,504,0.0833333333333,3
281,286,0.0833333333333,4
281,290,0.0833333333333,4
281,282,0.0454545454545,12
281,284,0.0454545454545,12
281,285,0.0454545454545,12
281,286,0.128787878788,12
281,287,0.0454545454545,12
281,288,0.0454545454545,12
281,290,0.128787878788,12
281,291,0.0454545454545,12
281,292,0.0454545454545,12
281,300,0.0454545454545,12
281,408,0.0454545454545,12
282,283,0.174242424242,3
282,284,0.219696969697,3
282,285,0.219696969697,3
282,286,0.219696969697,3
282,287,0.219696969697,3
282,288,0.219696969697,3
282,289,0.0833333333333,3
282,290,0.219696969697,3
282,291,0.219696969697,3
282,292,0.219696969697,3
282,300,0.136363636364,3
282,408,0.0454545454545,3
282,284,0.0454545454545,12
282,285,0.0454545454545,12
282,286,0.0454545454545,12
282,287,0.0454545454545,12
282,288,0.0454545454545,12
282,290,0.0454545454545,12
282,291,0.0454545454545,12
282,292,0.0454545454545,12
282,300,0.0454545454545,12
282,408,0.0454545454545,12
283,284,0.174242424242,3
283,285,0.174242424242,3
283,286,0.174242424242,3
283,287,0.174242424242,3
283,288,0.174242424242,3
283,289,0.0833333333333,3
283,290,0.174242424242,3
283,291,0.174242424242,3
283,292,0.174242424242,3
283,300,0.0909090909091,3
284,285,0.321548821549,3
284,286,0.321548821549,3
284,287,0.321548821549,3
284,288,0.404882154882,3
284,289,0.0833333333333,3
284,290,0.321548821549,3
284,291,0.321548821549,3
284,292,0.321548821549,3
284,300,0.154882154882,3
284,378,0.0185185185185,3
284,403,0.101851851852,3
284,404,0.0185185185185,3
284,405,0.0185185185185,3
284,406,0.0185185185185,3
284,407,0.0185185185185,3
284,408,0.147306397306,3
284,409,0.0185185185185,3
284,410,0.0185185185185,3
284,411,0.0185185185185,3
284,412,0.0185185185185,3
284,413,0.0185185185185,3
284,414,0.101851851852,3
284,415,0.0185185185185,3
284,416,0.0185185185185,3
284,417,0.0185185185185,3
284,418,0.0185185185185,3
284,419,0.0185185185185,3
284,420,0.0185185185185,3
284,421,0.101851851852,3
284,422,0.0185185185185,3
284,423,0.0185185185185,3
284,424,0.0185185185185,3
284,425,0.101851851852,3
284,426,0.0185185185185,3
284,427,0.0185185185185,3
284,428,0.101851851852,3
284,429,0.101851851852,3
284,503,0.0833333333333,3
284,504,0.0833333333333,3
284,285,0.0454545454545,12
284,286,0.0454545454545,12
284,287,0.0454545454545,12
284,288,0.0454545454545,12
284,290,0.0454545454545,12
284,291,0.0454545454545,12
284,292,0.0454545454545,12
284,300,0.0454545454545,12
284,408,0.0454545454545,12
285,286,0.321548821549,3
285,287,0.321548821549,3
285,288,1.57154882155,3
285,289,0.0833333333333,3
285,290,0.377104377104,3
285,291,0.321548821549,3
285,292,0.321548821549,3
285,300,0.404882154882,3
285,378,0.0185185185185,3
285,403,0.0740740740741,3
285,404,0.0185185185185,3
285,405,0.0740740740741,3
285,406,0.0185185185185,3
285,407,0.0185185185185,3
285,408,0.147306397306,3
285,409,0.0185185185185,3
285,410,0.0740740740741,3
285,411,0.0185185185185,3
285,412,0.0740740740741,3
285,413,0.0185185185185,3
285,414,0.0185185185185,3
285,415,0.0185185185185,3
285,416,0.0185185185185,3
285,417,0.0740740740741,3
285,418,0.0740740740741,3
285,419,0.0740740740741,3
285,420,0.0185185185185,3
285,421,0.0185185185185,3
285,422,0.0185185185185,3
285,423,0.0185185185185,3
285,424,0.0185185185185,3
285,425,0.101851851852,3
285,426,0.0185185185185,3
285,427,0.0185185185185,3
285,428,0.0185185185185,3
285,429,0.0185185185185,3
285,503,0.0833333333333,3
285,504,0.0833333333333,3
285,286,0.0454545454545,12
285,287,0.0454545454545,12
285,288,0.0454545454545,12
285,290,0.0454545454545,12
285,291,0.0454545454545,12
285,292,0.0454545454545,12
285,300,0.0454545454545,12
285,408,0.0454545454545,12
286,287,0.321548821549,3
286,288,0.321548821549,3
286,289,0.0833333333333,3
286,290,0.571548821549,3
286,291,0.321548821549,3
286,292,0.321548821549,3
286,300,0.154882154882,3
286,378,0.0185185185185,3
286,403,0.0185185185185,3
286,404,0.0185185185185,3
286,405,0.0185185185185,3
286,406,0.0185185185185,3
286,407,0.0185185185185,3
286,408,0.147306397306,3
286,409,0.0185185185185,3
286,410,0.0185185185185,3
286,411,0.0185185185185,3
286,412,0.0185185185185,3
286,413,0.0185185185185,3
286,414,0.0185185185185,3
286,415,0.0185185185185,3
286,416,0.0185185185185,3
286,417,0.0185185185185,3
286,418,0.0185185185185,3
286,419,0.0185185185185,3
286,420,0.0185185185185,3
286,421,0.0185185185185,3
286,422,0.0185185185185,3
286,423,0.0185185185185,3
286,424,0.0185185185185,3
286,425,0.101851851852,3
286,426,0.0185185185185,3
286,427,0.0185185185185,3
286,428,0.0185185185185,3
286,429,0.0185185185185,3
286,503,0.0833333333333,3
286,504,0.0833333333333,3
286,290,0.25,4
286,287,0.0454545454545,12
286,288,0.0454545454545,12
286,290,0.378787878788,12
286,291,0.0454545454545,12
286,292,0.0454545454545,12
286,300,0.0454545454545,12
286,310,0.25,12
286,408,0.0454545454545,12
287,381,0.333333333333,2
287,288,0.321548821549,3
287,289,0.0833333333333,3
287,290,0.321548821549,3
287,291,0.321548821549,3
287,292,0.321548821549,3
287,300,0.154882154882,3
287,378,0.0185185185185,3
287,403,0.0185185185185,3
287,404,0.0185185185185,3
287,405,0.0185185185185,3
287,406,0.0185185185185,3
287,407,0.0185185185185,3
287,408,0.147306397306,3
287,409,0.0185185185185,3
287,410,0.0185185185185,3
287,411,0.0185185185185,3
287,412,0.0185185185185,3
287,413,0.0185185185185,3
287,414,0.0185185185185,3
287,415,0.0185185185185,3
287,416,0.0185185185185,3
287,417,0.0185185185185,3
287,418,0.0185185185185,3
287,419,0.0185185185185,3
287,420,0.0185185185185,3
287,421,0.0185185185185,3
287,422,0.0185185185185,3
287,423,0.0185185185185,3
287,424,0.0185185185185,3
287,425,0.101851851852,3
287,426,0.0185185185185,3
287,427,0.0185185185185,3
287,428,0.0185185185185,3
287,429,0.0185185185185,3
287,503,0.0833333333333,3
287,504,0.0833333333333,3
287,381,0.25,9
287,288,0.0454545454545,12
287,290,0.0454545454545,12
287,291,0.0454545454545,12
287,292,0.0454545454545,12
287,300,0.0454545454545,12
287,408,0.0454545454545,12
288,289,0.0833333333333,3
288,290,0.321548821549,3
288,291,0.321548821549,3
288,292,0.321548821549,3
288,300,0.404882154882,3
288,378,0.0185185185185,3
288,403,0.101851851852,3
288,404,0.0185185185185,3
288,405,0.0185185185185,3
288,406,0.0185185185185,3
288,407,0.0185185185185,3
288,408,0.147306397306,3
288,409,0.0185185185185,3
288,410,0.0185185185185,3
288,411,0.0185185185185,3
288,412,0.0185185185185,3
288,413,0.0185185185185,3
288,414,0.101851851852,3
288,415,0.0185185185185,3
288,416,0.0185185185185,3
288,417,0.0185185185185,3
288,418,0.0185185185185,3
288,419,0.0185185185185,3
288,420,0.0185185185185,3
288,421,0.101851851852,3
288,422,0.0185185185185,3
288,423,0.0185185185185,3
288,424,0.0185185185185,3
288,425,0.101851851852,3
288,426,0.0185185185185,3
288,427,0.0185185185185,3
288,428,0.101851851852,3
288,429,0.101851851852,3
288,503,0.0833333333333,3
288,504,0.0833333333333,3
288,290,0.0454545454545,12
288,291,0.0454545454545,12
288,292,0.0454545454545,12
288,300,0.0454545454545,12
288,408,0.0454545454545,12
289,290,0.0833333333333,3
289,291,0.0833333333333,3
289,292,0.0833333333333,3
290,291,0.321548821549,3
290,292,0.321548821549,3
290,300,0.154882154882,3
290,378,0.0185185185185,3
290,403,0.0740740740741,3
290,404,0.0185185185185,3
290,405,0.0740740740741,3
290,406,0.0185185185185,3
290,407,0.0185185185185,3
290,408,0.147306397306,3
290,409,0.0185185185185,3
290,410,0.0740740740741,3
290,411,0.0185185185185,3
290,412,0.0740740740741,3
290,413,0.0185185185185,3
290,414,0.0185185185185,3
290,415,0.0185185185185,3
290,416,0.0185185185185,3
290,417,0.0740740740741,3
290,418,0.0740740740741,3
290,419,0.0740740740741,3
290,420,0.0185185185185,3
290,421,0.0185185185185,3
290,422,0.0185185185185,3
290,423,0.0185185185185,3
290,424,0.0185185185185,3
290,425,0.101851851852,3
290,426,0.0185185185185,3
290,427,0.0185185185185,3
290,428,0.0185185185185,3
290,429,0.0185185185185,3
290,503,0.0833333333333,3
290,504,0.0833333333333,3
290,291,0.0454545454545,12
290,292,0.0454545454545,12
290,300,0.0454545454545,12
290,408,0.0454545454545,12
291,292,0.321548821549,3
291,300,0.154882154882,3
291,378,0.0185185185185,3
291,403,0.0185185185185,3
291,404,0.0185185185185,3
291,405,0.0185185185185,3
291,406,0.0185185185185,3
291,407,0.0185185185185,3
291,408,0.147306397306,3
291,409,0.0185185185185,3
291,410,0.0185185185185,3
291,411,0.0185185185185,3
291,412,0.0185185185185,3
291,413,0.0185185185185,3
291,414,0.0185185185185,3
291,415,0.0185185185185,3
291,416,0.0185185185185,3
291,417,0.0185185185185,3
291,418,0.0185185185185,3
291,419,0.0185185185185,3
291,420,0.0185185185185,3
291,421,0.0185185185185,3
291,422,0.0185185185185,3
291,423,0.0185185185185,3
291,424,0.0185185185185,3
291,425,0.101851851852,3
291,426,0.0185185185185,3
291,427,0.0185185185185,3
291,428,0.0185185185185,3
291,429,0.0185185185185,3
291,503,0.0833333333333,3
291,504,0.0833333333333,3
291,292,0.0454545454545,12
291,300,0.0454545454545,12
291,408,0.0454545454545,12
292,300,0.154882154882,3
292,378,0.0185185185185,3
292,403,0.0185185185185,3
292,404,0.0185185185185,3
292,405,0.0185185185185,3
292,406,0.0185185185185,3
292,407,0.0185185185185,3
292,408,0.147306397306,3
292,409,0.0185185185185,3
292,410,0.0185185185185,3
292,411,0.0185185185185,3
292,412,0.0185185185185,3
292,413,0.0185185185185,3
292,414,0.0185185185185,3
292,415,0.0185185185185,3
292,416,0.0185185185185,3
292,417,0.0185185185185,3
292,418,0.0185185185185,3
292,419,0.0185185185185,3
292,420,0.0185185185185,3
292,421,0.0185185185185,3
292,422,0.0185185185185,3
292,423,0.0185185185185,3
292,424,0.0185185185185,3
292,425,0.101851851852,3
292,426,0.0185185185185,3
292,427,0.0185185185185,3
292,428,0.0185185185185,3
292,429,0.0185185185185,3
292,503,0.0833333333333,3
292,504,0.0833333333333,3
292,300,0.0454545454545,12
292,408,0.0454545454545,12
293,294,0.142857142857,2
293,295,0.142857142857,2
293,296,0.142857142857,2
293,297,0.142857142857,2
293,298,0.142857142857,2
293,299,0.142857142857,2
294,295,0.142857142857,2
294,296,0.142857142857,2
294,297,0.142857142857,2
294,298,0.142857142857,2
294,299,0.142857142857,2
295,296,0.142857142857,2
295,297,0.142857142857,2
295,298,0.142857142857,2
295,299,0.142857142857,2
296,297,0.142857142857,2
296,298,0.142857142857,2
296,299,0.142857142857,2
297,298,0.142857142857,2
297,299,0.142857142857,2
298,299,0.142857142857,2
299,402,0.25,6
299,482,0.0833333333333,6
299,402,0.25,13
299,482,0.0833333333333,13
300,378,0.0185185185185,3
300,403,0.0185185185185,3
300,404,0.0185185185185,3
300,405,0.0185185185185,3
300,406,0.0185185185185,3
300,407,0.0185185185185,3
300,408,0.0639730639731,3
300,409,0.0185185185185,3
300,410,0.0185185185185,3
300,411,0.0185185185185,3
300,412,0.0185185185185,3
300,413,0.0185185185185,3
300,414,0.0185185185185,3
300,415,0.0185185185185,3
300,416,0.0185185185185,3
300,417,0.0185185185185,3
300,418,0.0185185185185,3
300,419,0.0185185185185,3
300,420,0.0185185185185,3
300,421,0.0185185185185,3
300,422,0.0185185185185,3
300,423,0.0185185185185,3
300,424,0.0185185185185,3
300,425,0.0185185185185,3
300,426,0.0185185185185,3
300,427,0.0185185185185,3
300,428,0.0185185185185,3
300,429,0.0185185185185,3
300,408,0.0454545454545,12
302,303,0.5,11
302,303,0.5,12
304,305,0.166666666667,2
304,306,0.166666666667,2
304,307,0.166666666667,2
304,308,0.166666666667,2
304,309,0.166666666667,2
305,306,0.166666666667,2
305,307,0.166666666667,2
305,308,0.166666666667,2
305,309,0.166666666667,2
306,307,0.416666666667,2
306,308,0.166666666667,2
306,309,0.559523809524,2
306,357,0.25,2
306,358,0.25,2
306,432,0.142857142857,2
306,433,0.142857142857,2
306,434,0.142857142857,2
306,435,0.142857142857,2
306,436,0.142857142857,2
306,309,0.0769230769231,3
306,357,0.576923076923,3
306,379,0.0769230769231,3
306,380,0.0769230769231,3
306,382,0.0769230769231,3
306,383,0.0769230769231,3
306,434,0.0769230769231,3
306,450,0.0769230769231,3
306,459,0.0769230769231,3
306,460,0.576923076923,3
307,308,0.166666666667,2
307,309,0.416666666667,2
307,311,0.333333333333,2
307,357,0.25,2
307,358,0.25,2
307,363,0.333333333333,2
307,364,0.333333333333,2
307,376,0.5,2
307,312,0.166666666667,3
307,352,0.111111111111,3
307,364,0.111111111111,3
307,368,0.111111111111,3
307,369,0.111111111111,3
307,370,0.111111111111,3
307,371,0.111111111111,3
307,372,0.111111111111,3
307,498,0.166666666667,3
307,311,0.166666666667,12
307,364,0.166666666667,12
307,376,0.5,12
308,309,0.166666666667,2
309,357,0.25,2
309,358,0.25,2
309,432,0.142857142857,2
309,433,0.142857142857,2
309,434,0.142857142857,2
309,435,0.142857142857,2
309,436,0.142857142857,2
309,357,0.0769230769231,3
309,379,0.0769230769231,3
309,380,0.0769230769231,3
309,382,0.0769230769231,3
309,383,0.0769230769231,3
309,434,0.0769230769231,3
309,450,0.0769230769231,3
309,459,0.0769230769231,3
309,460,0.0769230769231,3
311,461,0.25,2
311,462,0.25,2
311,461,0.125,5
311,462,0.125,5
311,364,0.166666666667,12
311,461,0.125,12
311,462,0.125,12
312,313,0.179824561404,3
312,314,0.179824561404,3
312,315,0.179824561404,3
312,319,0.0131578947368,3
312,326,0.0131578947368,3
312,327,0.0131578947368,3
312,328,0.0131578947368,3
312,329,0.0131578947368,3
312,330,0.0131578947368,3
312,331,0.0131578947368,3
312,332,0.0131578947368,3
312,333,0.0131578947368,3
312,334,0.0131578947368,3
312,335,0.0131578947368,3
312,336,0.0131578947368,3
312,337,0.0131578947368,3
312,338,0.0131578947368,3
312,339,0.0131578947368,3
312,340,0.0131578947368,3
312,341,0.0131578947368,3
312,342,0.0131578947368,3
312,343,0.0131578947368,3
312,344,0.0131578947368,3
312,345,0.0131578947368,3
312,346,0.0131578947368,3
312,347,0.0131578947368,3
312,348,0.0131578947368,3
312,349,0.0131578947368,3
312,350,0.0131578947368,3
312,351,0.0131578947368,3
312,352,0.0131578947368,3
312,353,0.0131578947368,3
312,354,0.0131578947368,3
312,355,0.0131578947368,3
312,356,0.0131578947368,3
312,498,0.166666666667,3
313,314,0.179824561404,3
313,315,0.179824561404,3
313,319,0.0131578947368,3
313,326,0.0131578947368,3
313,327,0.0131578947368,3
313,328,0.0131578947368,3
313,329,0.0131578947368,3
313,330,0.0131578947368,3
313,331,0.0131578947368,3
313,332,0.0131578947368,3
313,333,0.0131578947368,3
313,334,0.0131578947368,3
313,335,0.0131578947368,3
313,336,0.0131578947368,3
313,337,0.0131578947368,3
313,338,0.0131578947368,3
313,339,0.0131578947368,3
313,340,0.0131578947368,3
313,341,0.0131578947368,3
313,342,0.0131578947368,3
313,343,0.0131578947368,3
313,344,0.0131578947368,3
313,345,0.0131578947368,3
313,346,0.0131578947368,3
313,347,0.0131578947368,3
313,348,0.0131578947368,3
313,349,0.0131578947368,3
313,350,0.0131578947368,3
313,351,0.0131578947368,3
313,352,0.0131578947368,3
313,353,0.0131578947368,3
313,354,0.0131578947368,3
313,355,0.0131578947368,3
313,356,0.0131578947368,3
314,315,0.179824561404,3
314,319,0.0131578947368,3
314,326,0.0131578947368,3
314,327,0.0131578947368,3
314,328,0.0131578947368,3
314,329,0.0131578947368,3
314,330,0.0131578947368,3
314,331,0.0131578947368,3
314,332,0.0131578947368,3
314,333,0.0131578947368,3
314,334,0.0131578947368,3
314,335,0.0131578947368,3
314,336,0.0131578947368,3
314,337,0.0131578947368,3
314,338,0.0131578947368,3
314,339,0.0131578947368,3
314,340,0.0131578947368,3
314,341,0.0131578947368,3
314,342,0.0131578947368,3
314,343,0.0131578947368,3
314,344,0.0131578947368,3
314,345,0.0131578947368,3
314,346,0.0131578947368,3
314,347,0.0131578947368,3
314,348,0.0131578947368,3
314,349,0.0131578947368,3
314,350,0.0131578947368,3
314,351,0.0131578947368,3
314,352,0.0131578947368,3
314,353,0.0131578947368,3
314,354,0.0131578947368,3
314,355,0.0131578947368,3
314,356,0.0131578947368,3
315,319,0.0131578947368,3
315,326,0.0131578947368,3
315,327,0.0131578947368,3
315,328,0.0131578947368,3
315,329,0.0131578947368,3
315,330,0.0131578947368,3
315,331,0.0131578947368,3
315,332,0.0131578947368,3
315,333,0.0131578947368,3
315,334,0.0131578947368,3
315,335,0.0131578947368,3
315,336,0.0131578947368,3
315,337,0.0131578947368,3
315,338,0.0131578947368,3
315,339,0.0131578947368,3
315,340,0.0131578947368,3
315,341,0.0131578947368,3
315,342,0.0131578947368,3
315,343,0.0131578947368,3
315,344,0.0131578947368,3
315,345,0.0131578947368,3
315,346,0.0131578947368,3
315,347,0.0131578947368,3
315,348,0.0131578947368,3
315,349,0.0131578947368,3
315,350,0.0131578947368,3
315,351,0.0131578947368,3
315,352,0.0131578947368,3
315,353,0.0131578947368,3
315,354,0.0131578947368,3
315,355,0.0131578947368,3
315,356,0.0131578947368,3
316,317,0.333333333333,2
316,318,0.333333333333,2
317,318,0.333333333333,2
319,326,0.0131578947368,3
319,327,0.0131578947368,3
319,328,0.0131578947368,3
319,329,0.0131578947368,3
319,330,0.0131578947368,3
319,331,0.0131578947368,3
319,332,0.0131578947368,3
319,333,0.0131578947368,3
319,334,0.0131578947368,3
319,335,0.0131578947368,3
319,336,0.0131578947368,3
319,337,0.0131578947368,3
319,338,0.0131578947368,3
319,339,0.0131578947368,3
319,340,0.0131578947368,3
319,341,0.0131578947368,3
319,342,0.0131578947368,3
319,343,0.0131578947368,3
319,344,0.0131578947368,3
319,345,0.0131578947368,3
319,346,0.0131578947368,3
319,347,0.0131578947368,3
319,348,0.0131578947368,3
319,349,0.0131578947368,3
319,350,0.0131578947368,3
319,351,0.0131578947368,3
319,352,0.0131578947368,3
319,353,0.0131578947368,3
319,354,0.0131578947368,3
319,355,0.0131578947368,3
319,356,0.0131578947368,3
320,321,0.125,7
320,322,0.125,7
320,323,0.125,7
321,322,0.125,7
321,323,0.125,7
322,323,0.125,7
324,325,0.35,1
324,325,0.1,5
326,327,0.0131578947368,3
326,328,0.0131578947368,3
326,329,0.0131578947368,3
326,330,0.0131578947368,3
326,331,0.0131578947368,3
326,332,0.0131578947368,3
326,333,0.0131578947368,3
326,334,0.0131578947368,3
326,335,0.0131578947368,3
326,336,0.0131578947368,3
326,337,0.0131578947368,3
326,338,0.0131578947368,3
326,339,0.0131578947368,3
326,340,0.0131578947368,3
326,341,0.0131578947368,3
326,342,0.0131578947368,3
326,343,0.0131578947368,3
326,344,0.0131578947368,3
326,345,0.0131578947368,3
326,346,0.0131578947368,3
326,347,0.0131578947368,3
326,348,0.0131578947368,3
326,349,0.0131578947368,3
326,350,0.0131578947368,3
326,351,0.0131578947368,3
326,352,0.0131578947368,3
326,353,0.0131578947368,3
326,354,0.0131578947368,3
326,355,0.0131578947368,3
326,356,0.0131578947368,3
327,328,0.0131578947368,3
327,329,0.0131578947368,3
327,330,0.0131578947368,3
327,331,0.0131578947368,3
327,332,0.213157894737,3
327,333,0.0131578947368,3
327,334,0.213157894737,3
327,335,0.0131578947368,3
327,336,0.0131578947368,3
327,337,0.0131578947368,3
327,338,0.0131578947368,3
327,339,0.0131578947368,3
327,340,0.0131578947368,3
327,341,0.0131578947368,3
327,342,0.0131578947368,3
327,343,0.0131578947368,3
327,344,0.0131578947368,3
327,345,0.0131578947368,3
327,346,0.0131578947368,3
327,347,0.0131578947368,3
327,348,0.0131578947368,3
327,349,0.0131578947368,3
327,350,0.0131578947368,3
327,351,0.0131578947368,3
327,352,0.0131578947368,3
327,353,0.0131578947368,3
327,354,0.0131578947368,3
327,355,0.0131578947368,3
327,356,0.0131578947368,3
328,329,0.0131578947368,3
328,330,0.0131578947368,3
328,331,0.0131578947368,3
328,332,0.0131578947368,3
328,333,0.0131578947368,3
328,334,0.0131578947368,3
328,335,0.0131578947368,3
328,336,0.0131578947368,3
328,337,0.0131578947368,3
328,338,0.0131578947368,3
328,339,0.0131578947368,3
328,340,0.0131578947368,3
328,341,0.0131578947368,3
328,342,0.0131578947368,3
328,343,0.0131578947368,3
328,344,0.0131578947368,3
328,345,0.0131578947368,3
328,346,0.0131578947368,3
328,347,0.0131578947368,3
328,348,0.0131578947368,3
328,349,0.0131578947368,3
328,350,0.0131578947368,3
328,351,0.0131578947368,3
328,352,0.0131578947368,3
328,353,0.0131578947368,3
328,354,0.0131578947368,3
328,355,0.0131578947368,3
328,356,0.0131578947368,3
329,330,0.0131578947368,3
329,331,0.263157894737,3
329,332,0.0131578947368,3
329,333,0.0131578947368,3
329,334,0.0131578947368,3
329,335,0.0131578947368,3
329,336,0.0131578947368,3
329,337,0.0131578947368,3
329,338,0.0131578947368,3
329,339,0.0131578947368,3
329,340,0.0131578947368,3
329,341,0.0131578947368,3
329,342,0.0131578947368,3
329,343,0.0131578947368,3
329,344,0.0131578947368,3
329,345,0.0131578947368,3
329,346,0.0131578947368,3
329,347,0.0131578947368,3
329,348,0.0131578947368,3
329,349,0.0131578947368,3
329,350,0.0131578947368,3
329,351,0.0131578947368,3
329,352,0.0131578947368,3
329,353,0.0131578947368,3
329,354,0.0131578947368,3
329,355,0.0131578947368,3
329,356,0.0131578947368,3
330,331,0.0131578947368,3
330,332,0.0131578947368,3
330,333,0.0131578947368,3
330,334,0.0131578947368,3
330,335,0.0131578947368,3
330,336,0.0131578947368,3
330,337,0.0131578947368,3
330,338,0.0131578947368,3
330,339,0.0131578947368,3
330,340,0.0131578947368,3
330,341,0.0131578947368,3
330,342,0.0131578947368,3
330,343,0.0131578947368,3
330,344,0.0131578947368,3
330,345,0.0131578947368,3
330,346,0.0131578947368,3
330,347,0.0131578947368,3
330,348,0.0131578947368,3
330,349,0.0131578947368,3
330,350,0.0131578947368,3
330,351,0.0131578947368,3
330,352,0.0131578947368,3
330,353,0.0131578947368,3
330,354,0.0131578947368,3
330,355,0.0131578947368,3
330,356,0.0131578947368,3
331,332,0.0131578947368,3
331,333,0.0131578947368,3
331,334,0.0131578947368,3
331,335,0.0131578947368,3
331,336,0.0131578947368,3
331,337,0.0131578947368,3
331,338,0.0131578947368,3
331,339,0.0131578947368,3
331,340,0.0131578947368,3
331,341,0.0131578947368,3
331,342,0.0131578947368,3
331,343,0.0131578947368,3
331,344,0.0131578947368,3
331,345,0.0131578947368,3
331,346,0.0131578947368,3
331,347,0.0131578947368,3
331,348,0.0131578947368,3
331,349,0.0131578947368,3
331,350,0.0131578947368,3
331,351,0.0131578947368,3
331,352,0.0131578947368,3
331,353,0.0131578947368,3
331,354,0.0131578947368,3
331,355,0.0131578947368,3
331,356,0.0131578947368,3
332,333,0.0131578947368,3
332,334,0.213157894737,3
332,335,0.0131578947368,3
332,336,0.0131578947368,3
332,337,0.0131578947368,3
332,338,0.0131578947368,3
332,339,0.0131578947368,3
332,340,0.0131578947368,3
332,341,0.0131578947368,3
332,342,0.0131578947368,3
332,343,0.0516194331984,3
332,344,0.0516194331984,3
332,345,0.0131578947368,3
332,346,0.0131578947368,3
332,347,0.0516194331984,3
332,348,0.0131578947368,3
332,349,0.0516194331984,3
332,350,0.0131578947368,3
332,351,0.0131578947368,3
332,352,0.0131578947368,3
332,353,0.0131578947368,3
332,354,0.0131578947368,3
332,355,0.0131578947368,3
332,356,0.0131578947368,3
332,361,0.0384615384615,3
332,379,0.0384615384615,3
332,448,0.0384615384615,3
332,472,0.0384615384615,3
332,473,0.0384615384615,3
332,474,0.0384615384615,3
332,475,0.0384615384615,3
332,476,0.0384615384615,3
332,477,0.0384615384615,3
332,478,0.0384615384615,3
332,479,0.0384615384615,3
332,480,0.0384615384615,3
333,334,0.0131578947368,3
333,335,0.0131578947368,3
333,336,0.0131578947368,3
333,337,0.0131578947368,3
333,338,0.0131578947368,3
333,339,0.0131578947368,3
333,340,0.0131578947368,3
333,341,0.0131578947368,3
333,342,0.0131578947368,3
333,343,0.0131578947368,3
333,344,0.0131578947368,3
333,345,0.0131578947368,3
333,346,0.0131578947368,3
333,347,0.0131578947368,3
333,348,0.0131578947368,3
333,349,0.0131578947368,3
333,350,0.0131578947368,3
333,351,0.0131578947368,3
333,352,0.0131578947368,3
333,353,0.0131578947368,3
333,354,0.0131578947368,3
333,355,0.0131578947368,3
333,356,0.0131578947368,3
334,335,0.0131578947368,3
334,336,0.0131578947368,3
334,337,0.0131578947368,3
334,338,0.0131578947368,3
334,339,0.0131578947368,3
334,340,0.0131578947368,3
334,341,0.0131578947368,3
334,342,0.0131578947368,3
334,343,0.0131578947368,3
334,344,0.0131578947368,3
334,345,0.0131578947368,3
334,346,0.0131578947368,3
334,347,0.0131578947368,3
334,348,0.0131578947368,3
334,349,0.0131578947368,3
334,350,0.0131578947368,3
334,351,0.0131578947368,3
334,352,0.0131578947368,3
334,353,0.0131578947368,3
334,354,0.0131578947368,3
334,355,0.0131578947368,3
334,356,0.0131578947368,3
335,336,0.0131578947368,3
335,337,0.0131578947368,3
335,338,0.0131578947368,3
335,339,0.0131578947368,3
335,340,0.0131578947368,3
335,341,0.0131578947368,3
335,342,0.0131578947368,3
335,343,0.0131578947368,3
335,344,0.0131578947368,3
335,345,0.0131578947368,3
335,346,0.0131578947368,3
335,347,0.0131578947368,3
335,348,0.0131578947368,3
335,349,0.0131578947368,3
335,350,0.0131578947368,3
335,351,0.0131578947368,3
335,352,0.0131578947368,3
335,353,0.0131578947368,3
335,354,0.0131578947368,3
335,355,0.0131578947368,3
335,356,0.0131578947368,3
336,337,0.0131578947368,3
336,338,0.0131578947368,3
336,339,0.0131578947368,3
336,340,0.0131578947368,3
336,341,0.0131578947368,3
336,342,0.0131578947368,3
336,343,0.0131578947368,3
336,344,0.0131578947368,3
336,345,0.0131578947368,3
336,346,0.0131578947368,3
336,347,0.0131578947368,3
336,348,0.0131578947368,3
336,349,0.0131578947368,3
336,350,0.0131578947368,3
336,351,0.0131578947368,3
336,352,0.0131578947368,3
336,353,0.0131578947368,3
336,354,0.0131578947368,3
336,355,0.0131578947368,3
336,356,0.0131578947368,3
337,338,0.0131578947368,3
337,339,0.0131578947368,3
337,340,0.0131578947368,3
337,341,0.0131578947368,3
337,342,0.0131578947368,3
337,343,0.0131578947368,3
337,344,0.0131578947368,3
337,345,0.0131578947368,3
337,346,0.0131578947368,3
337,347,0.0131578947368,3
337,348,0.0131578947368,3
337,349,0.0131578947368,3
337,350,0.0131578947368,3
337,351,0.0131578947368,3
337,352,0.0131578947368,3
337,353,0.0131578947368,3
337,354,0.0131578947368,3
337,355,0.0131578947368,3
337,356,0.0131578947368,3
338,339,0.0131578947368,3
338,340,0.0131578947368,3
338,341,0.0131578947368,3
338,342,0.0131578947368,3
338,343,0.0131578947368,3
338,344,0.0131578947368,3
338,345,0.0131578947368,3
338,346,0.0131578947368,3
338,347,0.0131578947368,3
338,348,0.0131578947368,3
338,349,0.0131578947368,3
338,350,0.0131578947368,3
338,351,0.0131578947368,3
338,352,0.0131578947368,3
338,353,0.0131578947368,3
338,354,0.0131578947368,3
338,355,0.0131578947368,3
338,356,0.0131578947368,3
339,340,0.0131578947368,3
339,341,0.0131578947368,3
339,342,0.0131578947368,3
339,343,0.0131578947368,3
339,344,0.0131578947368,3
339,345,0.0131578947368,3
339,346,0.0131578947368,3
339,347,0.0131578947368,3
339,348,0.0131578947368,3
339,349,0.0131578947368,3
339,350,0.0131578947368,3
339,351,0.0131578947368,3
339,352,0.0131578947368,3
339,353,0.0131578947368,3
339,354,0.0131578947368,3
339,355,0.0131578947368,3
339,356,0.0131578947368,3
340,341,0.0131578947368,3
340,342,0.0131578947368,3
340,343,0.0131578947368,3
340,344,0.0131578947368,3
340,345,0.0131578947368,3
340,346,0.0131578947368,3
340,347,0.0131578947368,3
340,348,0.0131578947368,3
340,349,0.0131578947368,3
340,350,0.0131578947368,3
340,351,0.0131578947368,3
340,352,0.0131578947368,3
340,353,0.0131578947368,3
340,354,0.0131578947368,3
340,355,0.0131578947368,3
340,356,0.0131578947368,3
341,342,0.0131578947368,3
341,343,0.0131578947368,3
341,344,0.0131578947368,3
341,345,0.0131578947368,3
341,346,0.0131578947368,3
341,347,0.0131578947368,3
341,348,0.0131578947368,3
341,349,0.0131578947368,3
341,350,0.0131578947368,3
341,351,0.0131578947368,3
341,352,0.0131578947368,3
341,353,0.0131578947368,3
341,354,0.0131578947368,3
341,355,0.0131578947368,3
341,356,0.0131578947368,3
342,343,0.0131578947368,3
342,344,0.0131578947368,3
342,345,0.0131578947368,3
342,346,0.0131578947368,3
342,347,0.0131578947368,3
342,348,0.0131578947368,3
342,349,0.0131578947368,3
342,350,0.0131578947368,3
342,351,0.0131578947368,3
342,352,0.0131578947368,3
342,353,0.0131578947368,3
342,354,0.0131578947368,3
342,355,0.0131578947368,3
342,356,0.0131578947368,3
343,344,0.0516194331984,3
343,345,0.0131578947368,3
343,346,0.0131578947368,3
343,347,0.0516194331984,3
343,348,0.0131578947368,3
343,349,0.0516194331984,3
343,350,0.0131578947368,3
343,351,0.0131578947368,3
343,352,0.0131578947368,3
343,353,0.0131578947368,3
343,354,0.0131578947368,3
343,355,0.0131578947368,3
343,356,0.0131578947368,3
343,361,0.0384615384615,3
343,379,0.0384615384615,3
343,448,0.0384615384615,3
343,472,0.0384615384615,3
343,473,0.0384615384615,3
343,474,0.0384615384615,3
343,475,0.0384615384615,3
343,476,0.0384615384615,3
343,477,0.0384615384615,3
343,478,0.0384615384615,3
343,479,0.0384615384615,3
343,480,0.0384615384615,3
344,345,0.0131578947368,3
344,346,0.0131578947368,3
344,347,0.0516194331984,3
344,348,0.0131578947368,3
344,349,0.0516194331984,3
344,350,0.0131578947368,3
344,351,0.0131578947368,3
344,352,0.0131578947368,3
344,353,0.0131578947368,3
344,354,0.0131578947368,3
344,355,0.0131578947368,3
344,356,0.0131578947368,3
344,361,0.0384615384615,3
344,379,0.0384615384615,3
344,448,0.0384615384615,3
344,472,0.0384615384615,3
344,473,0.0384615384615,3
344,474,0.0384615384615,3
344,475,0.0384615384615,3
344,476,0.0384615384615,3
344,477,0.0384615384615,3
344,478,0.0384615384615,3
344,479,0.0384615384615,3
344,480,0.0384615384615,3
345,346,0.0131578947368,3
345,347,0.0131578947368,3
345,348,0.0131578947368,3
345,349,0.0131578947368,3
345,350,0.0131578947368,3
345,351,0.0131578947368,3
345,352,0.0131578947368,3
345,353,0.0131578947368,3
345,354,0.0131578947368,3
345,355,0.629824561404,3
345,356,0.0131578947368,3
345,451,0.366666666667,3
345,452,0.366666666667,3
345,453,0.366666666667,3
345,454,0.366666666667,3
345,495,0.166666666667,3
346,347,0.0131578947368,3
346,348,0.0131578947368,3
346,349,0.0131578947368,3
346,350,0.0131578947368,3
346,351,0.0131578947368,3
346,352,0.0131578947368,3
346,353,0.0131578947368,3
346,354,0.0131578947368,3
346,355,0.0131578947368,3
346,356,0.0131578947368,3
347,348,0.0131578947368,3
347,349,0.0516194331984,3
347,350,0.0131578947368,3
347,351,0.0131578947368,3
347,352,0.0131578947368,3
347,353,0.0131578947368,3
347,354,0.0131578947368,3
347,355,0.0131578947368,3
347,356,0.0131578947368,3
347,361,0.0384615384615,3
347,379,0.0384615384615,3
347,448,0.0384615384615,3
347,472,0.0384615384615,3
347,473,0.0384615384615,3
347,474,0.0384615384615,3
347,475,0.0384615384615,3
347,476,0.0384615384615,3
347,477,0.0384615384615,3
347,478,0.0384615384615,3
347,479,0.0384615384615,3
347,480,0.0384615384615,3
348,349,0.0131578947368,3
348,350,0.0131578947368,3
348,351,0.0131578947368,3
348,352,0.0131578947368,3
348,353,0.0131578947368,3
348,354,0.0131578947368,3
348,355,0.0131578947368,3
348,356,0.0131578947368,3
349,350,0.0131578947368,3
349,351,0.0131578947368,3
349,352,0.0131578947368,3
349,353,0.0131578947368,3
349,354,0.0131578947368,3
349,355,0.0131578947368,3
349,356,0.0131578947368,3
349,361,0.0384615384615,3
349,379,0.0384615384615,3
349,448,0.0384615384615,3
349,472,0.0384615384615,3
349,473,0.0384615384615,3
349,474,0.0384615384615,3
349,475,0.0384615384615,3
349,476,0.0384615384615,3
349,477,0.0384615384615,3
349,478,0.0384615384615,3
349,479,0.0384615384615,3
349,480,0.0384615384615,3
350,351,0.0131578947368,3
350,352,0.0131578947368,3
350,353,0.0131578947368,3
350,354,0.0131578947368,3
350,355,0.0131578947368,3
350,356,0.0131578947368,3
351,352,0.0131578947368,3
351,353,0.0131578947368,3
351,354,0.0131578947368,3
351,355,0.0131578947368,3
351,356,0.0131578947368,3
352,353,0.0131578947368,3
352,354,0.0131578947368,3
352,355,0.0131578947368,3
352,356,0.0131578947368,3
352,364,0.111111111111,3
352,368,0.111111111111,3
352,369,0.111111111111,3
352,370,0.111111111111,3
352,371,0.111111111111,3
352,372,0.111111111111,3
353,354,0.0131578947368,3
353,355,0.0131578947368,3
353,356,0.0131578947368,3
354,355,0.0131578947368,3
354,356,0.0131578947368,3
355,356,0.0131578947368,3
355,451,0.366666666667,3
355,452,0.366666666667,3
355,453,0.366666666667,3
355,454,0.366666666667,3
355,495,0.166666666667,3
357,358,0.25,2
357,379,0.24358974359,3
357,380,0.24358974359,3
357,381,0.166666666667,3
357,382,0.24358974359,3
357,383,0.24358974359,3
357,434,0.0769230769231,3
357,450,0.0769230769231,3
357,459,0.0769230769231,3
357,460,0.576923076923,3
357,502,1.0,12
357,502,1.0,13
358,377,0.0909090909091,2
358,378,0.0909090909091,2
358,388,0.0909090909091,2
358,389,0.0909090909091,2
358,390,0.0909090909091,2
358,391,0.0909090909091,2
358,392,0.0909090909091,2
358,393,0.0909090909091,2
358,394,0.0909090909091,2
358,395,0.0909090909091,2
358,396,0.0909090909091,2
359,360,0.777777777778,6
359,361,0.777777777778,6
359,362,0.777777777778,6
359,360,0.361111111111,9
359,361,0.361111111111,9
359,362,0.361111111111,9
359,401,0.25,9
359,360,0.111111111111,16
359,361,0.111111111111,16
359,362,0.111111111111,16
360,361,0.777777777778,6
360,362,0.777777777778,6
360,361,0.361111111111,9
360,362,0.361111111111,9
360,401,0.25,9
360,361,0.111111111111,16
360,362,0.111111111111,16
361,379,0.0384615384615,3
361,448,0.288461538462,3
361,472,0.0384615384615,3
361,473,0.0384615384615,3
361,474,0.0384615384615,3
361,475,0.0384615384615,3
361,476,0.0384615384615,3
361,477,0.0384615384615,3
361,478,0.0384615384615,3
361,479,0.0384615384615,3
361,480,0.0384615384615,3
361,362,0.777777777778,6
361,362,0.361111111111,9
361,401,0.25,9
361,362,0.111111111111,16
362,401,0.25,9
363,364,0.333333333333,2
363,427,0.0833333333333,2
363,489,0.0833333333333,2
363,427,0.0833333333333,6
363,489,0.0833333333333,6
364,368,0.111111111111,3
364,369,0.111111111111,3
364,370,0.111111111111,3
364,371,0.111111111111,3
364,372,0.111111111111,3
364,490,0.5,15
364,491,0.5,15
366,492,0.5,8
368,369,0.111111111111,3
368,370,0.111111111111,3
368,371,0.111111111111,3
368,372,0.111111111111,3
369,370,0.111111111111,3
369,371,0.111111111111,3
369,372,0.111111111111,3
370,371,0.111111111111,3
370,372,0.111111111111,3
371,372,0.111111111111,3
373,374,0.05,3
373,374,0.05,6
373,374,0.05,8
373,374,0.466666666667,12
373,375,0.166666666667,12
374,430,0.142857142857,8
374,375,0.166666666667,12
377,378,0.340909090909,2
377,388,0.0909090909091,2
377,389,0.0909090909091,2
377,390,0.0909090909091,2
377,391,0.0909090909091,2
377,392,0.0909090909091,2
377,393,0.0909090909091,2
377,394,0.0909090909091,2
377,395,0.0909090909091,2
377,396,0.0909090909091,2
377,378,0.75,3
377,378,0.5,10
378,388,0.0909090909091,2
378,389,0.0909090909091,2
378,390,0.0909090909091,2
378,391,0.0909090909091,2
378,392,0.0909090909091,2
378,393,0.0909090909091,2
378,394,0.0909090909091,2
378,395,0.0909090909091,2
378,396,0.0909090909091,2
378,403,0.0185185185185,3
378,404,0.0185185185185,3
378,405,0.0185185185185,3
378,406,0.0185185185185,3
378,407,0.0185185185185,3
378,408,0.0185185185185,3
378,409,0.0185185185185,3
378,410,0.0185185185185,3
378,411,0.0185185185185,3
378,412,0.0185185185185,3
378,413,0.0185185185185,3
378,414,0.0185185185185,3
378,415,0.0185185185185,3
378,416,0.0185185185185,3
378,417,0.0185185185185,3
378,418,0.0185185185185,3
378,419,0.0185185185185,3
378,420,0.0185185185185,3
378,421,0.0185185185185,3
378,422,0.0185185185185,3
378,423,0.0185185185185,3
378,424,0.0185185185185,3
378,425,0.0185185185185,3
378,426,0.0185185185185,3
378,427,0.0185185185185,3
378,428,0.0185185185185,3
378,429,0.0185185185185,3
379,380,0.24358974359,3
379,381,0.166666666667,3
379,382,0.24358974359,3
379,383,0.24358974359,3
379,434,0.0769230769231,3
379,448,0.0384615384615,3
379,450,0.0769230769231,3
379,459,0.0769230769231,3
379,460,0.0769230769231,3
379,472,0.0384615384615,3
379,473,0.0384615384615,3
379,474,0.0384615384615,3
379,475,0.0384615384615,3
379,476,0.0384615384615,3
379,477,0.0384615384615,3
379,478,0.0384615384615,3
379,479,0.0384615384615,3
379,480,0.0384615384615,3
380,381,0.166666666667,3
380,382,0.24358974359,3
380,383,0.24358974359,3
380,434,0.0769230769231,3
380,450,0.0769230769231,3
380,459,0.0769230769231,3
380,460,0.0769230769231,3
381,382,0.166666666667,3
381,383,0.166666666667,3
382,383,0.24358974359,3
382,434,0.0769230769231,3
382,450,0.0769230769231,3
382,459,0.0769230769231,3
382,460,0.0769230769231,3
383,434,0.0769230769231,3
383,450,0.0769230769231,3
383,459,0.0769230769231,3
383,460,0.0769230769231,3
386,387,1.5,6
388,389,0.0909090909091,2
388,390,0.0909090909091,2
388,391,0.0909090909091,2
388,392,0.0909090909091,2
388,393,0.0909090909091,2
388,394,0.0909090909091,2
388,395,0.0909090909091,2
388,396,0.0909090909091,2
389,390,0.0909090909091,2
389,391,0.0909090909091,2
389,392,0.0909090909091,2
389,393,0.0909090909091,2
389,394,0.0909090909091,2
389,395,0.0909090909091,2
389,396,0.0909090909091,2
390,391,0.0909090909091,2
390,392,0.0909090909091,2
390,393,0.0909090909091,2
390,394,0.0909090909091,2
390,395,0.0909090909091,2
390,396,0.0909090909091,2
391,392,0.0909090909091,2
391,393,0.0909090909091,2
391,394,0.0909090909091,2
391,395,0.0909090909091,2
391,396,0.0909090909091,2
392,393,0.0909090909091,2
392,394,0.0909090909091,2
392,395,0.0909090909091,2
392,396,0.0909090909091,2
393,394,0.0909090909091,2
393,395,0.0909090909091,2
393,396,0.0909090909091,2
394,395,0.0909090909091,2
394,396,0.0909090909091,2
395,396,0.0909090909091,2
397,398,0.25,4
397,398,0.25,5
399,400,1.0,2
399,400,1.0,8
402,482,0.0833333333333,6
402,482,0.0833333333333,13
403,404,0.285185185185,3
403,405,0.0740740740741,3
403,406,0.0185185185185,3
403,407,0.0185185185185,3
403,408,0.0185185185185,3
403,409,0.0185185185185,3
403,410,0.0740740740741,3
403,411,0.285185185185,3
403,412,0.0740740740741,3
403,413,0.0185185185185,3
403,414,0.101851851852,3
403,415,0.0185185185185,3
403,416,0.0185185185185,3
403,417,0.0740740740741,3
403,418,0.0740740740741,3
403,419,0.0740740740741,3
403,420,0.0185185185185,3
403,421,0.101851851852,3
403,422,0.285185185185,3
403,423,0.0185185185185,3
403,424,0.0185185185185,3
403,425,0.0185185185185,3
403,426,0.0185185185185,3
403,427,0.0185185185185,3
403,428,0.101851851852,3
403,429,0.101851851852,3
403,485,0.266666666667,3
404,405,0.0185185185185,3
404,406,0.0185185185185,3
404,407,0.0185185185185,3
404,408,0.0185185185185,3
404,409,0.0185185185185,3
404,410,0.0185185185185,3
404,411,0.285185185185,3
404,412,0.0185185185185,3
404,413,0.0185185185185,3
404,414,0.0185185185185,3
404,415,0.0185185185185,3
404,416,0.0185185185185,3
404,417,0.0185185185185,3
404,418,0.0185185185185,3
404,419,0.0185185185185,3
404,420,0.0185185185185,3
404,421,0.0185185185185,3
404,422,0.285185185185,3
404,423,0.0185185185185,3
404,424,0.0185185185185,3
404,425,0.0185185185185,3
404,426,0.0185185185185,3
404,427,0.0185185185185,3
404,428,0.0185185185185,3
404,429,0.0185185185185,3
404,485,0.266666666667,3
405,406,0.0185185185185,3
405,407,0.0185185185185,3
405,408,0.0185185185185,3
405,409,0.0185185185185,3
405,410,0.0740740740741,3
405,411,0.0185185185185,3
405,412,0.0740740740741,3
405,413,0.0185185185185,3
405,414,0.0185185185185,3
405,415,0.0185185185185,3
405,416,0.0185185185185,3
405,417,0.0740740740741,3
405,418,0.0740740740741,3
405,419,0.0740740740741,3
405,420,0.0185185185185,3
405,421,0.0185185185185,3
405,422,0.0185185185185,3
405,423,0.0185185185185,3
405,424,0.0185185185185,3
405,425,0.0185185185185,3
405,426,0.0185185185185,3
405,427,0.0185185185185,3
405,428,0.0185185185185,3
405,429,0.0185185185185,3
406,407,0.0185185185185,3
406,408,0.0185185185185,3
406,409,0.0185185185185,3
406,410,0.0185185185185,3
406,411,0.0185185185185,3
406,412,0.0185185185185,3
406,413,0.0185185185185,3
406,414,0.0185185185185,3
406,415,0.0185185185185,3
406,416,0.0185185185185,3
406,417,0.0185185185185,3
406,418,0.0185185185185,3
406,419,0.0185185185185,3
406,420,0.0185185185185,3
406,421,0.0185185185185,3
406,422,0.0185185185185,3
406,423,0.0185185185185,3
406,424,0.0185185185185,3
406,425,0.0185185185185,3
406,426,0.0185185185185,3
406,427,0.0185185185185,3
406,428,0.0185185185185,3
406,429,0.0185185185185,3
407,408,0.0185185185185,3
407,409,0.0185185185185,3
407,410,0.0185185185185,3
407,411,0.0185185185185,3
407,412,0.0185185185185,3
407,413,0.0185185185185,3
407,414,0.0185185185185,3
407,415,0.0185185185185,3
407,416,0.0185185185185,3
407,417,0.0185185185185,3
407,418,0.0185185185185,3
407,419,0.0185185185185,3
407,420,0.0185185185185,3
407,421,0.0185185185185,3
407,422,0.0185185185185,3
407,423,0.0185185185185,3
407,424,0.0185185185185,3
407,425,0.0185185185185,3
407,426,0.0185185185185,3
407,427,0.0185185185185,3
407,428,0.0185185185185,3
407,429,0.0185185185185,3
408,409,0.0185185185185,3
408,410,0.0185185185185,3
408,411,0.0185185185185,3
408,412,0.0185185185185,3
408,413,0.0185185185185,3
408,414,0.0185185185185,3
408,415,0.0185185185185,3
408,416,0.0185185185185,3
408,417,0.0185185185185,3
408,418,0.0185185185185,3
408,419,0.0185185185185,3
408,420,0.0185185185185,3
408,421,0.0185185185185,3
408,422,0.0185185185185,3
408,423,0.0185185185185,3
408,424,0.0185185185185,3
408,425,0.101851851852,3
408,426,0.0185185185185,3
408,427,0.0185185185185,3
408,428,0.0185185185185,3
408,429,0.0185185185185,3
408,503,0.0833333333333,3
408,504,0.0833333333333,3
409,410,0.0185185185185,3
409,411,0.0185185185185,3
409,412,0.0185185185185,3
409,413,0.0185185185185,3
409,414,0.0185185185185,3
409,415,0.0185185185185,3
409,416,0.0185185185185,3
409,417,0.0185185185185,3
409,418,0.0185185185185,3
409,419,0.0185185185185,3
409,420,0.0185185185185,3
409,421,0.0185185185185,3
409,422,0.0185185185185,3
409,423,0.0185185185185,3
409,424,0.0185185185185,3
409,425,0.0185185185185,3
409,426,0.0185185185185,3
409,427,0.0185185185185,3
409,428,0.0185185185185,3
409,429,0.0185185185185,3
410,411,0.0185185185185,3
410,412,0.0740740740741,3
410,413,0.0185185185185,3
410,414,0.0185185185185,3
410,415,0.0185185185185,3
410,416,0.0185185185185,3
410,417,0.0740740740741,3
410,418,0.0740740740741,3
410,419,0.0740740740741,3
410,420,0.0185185185185,3
410,421,0.0185185185185,3
410,422,0.0185185185185,3
410,423,0.0185185185185,3
410,424,0.0185185185185,3
410,425,0.0185185185185,3
410,426,0.0185185185185,3
410,427,0.0185185185185,3
410,428,0.0185185185185,3
410,429,0.0185185185185,3
411,412,0.0185185185185,3
411,413,0.0185185185185,3
411,414,0.0185185185185,3
411,415,0.0185185185185,3
411,416,0.0185185185185,3
411,417,0.0185185185185,3
411,418,0.0185185185185,3
411,419,0.0185185185185,3
411,420,0.0185185185185,3
411,421,0.0185185185185,3
411,422,0.285185185185,3
411,423,0.0185185185185,3
411,424,0.0185185185185,3
411,425,0.0185185185185,3
411,426,0.0185185185185,3
411,427,0.0185185185185,3
411,428,0.0185185185185,3
411,429,0.0185185185185,3
411,485,0.266666666667,3
412,413,0.0185185185185,3
412,414,0.0185185185185,3
412,415,0.0185185185185,3
412,416,0.0185185185185,3
412,417,0.0740740740741,3
412,418,0.0740740740741,3
412,419,0.0740740740741,3
412,420,0.0185185185185,3
412,421,0.0185185185185,3
412,422,0.0185185185185,3
412,423,0.0185185185185,3
412,424,0.0185185185185,3
412,425,0.0185185185185,3
412,426,0.0185185185185,3
412,427,0.0185185185185,3
412,428,0.0185185185185,3
412,429,0.0185185185185,3
413,414,0.0185185185185,3
413,415,0.0185185185185,3
413,416,0.0185185185185,3
413,417,0.0185185185185,3
413,418,0.0185185185185,3
413,419,0.0185185185185,3
413,420,0.0185185185185,3
413,421,0.0185185185185,3
413,422,0.0185185185185,3
413,423,0.0185185185185,3
413,424,0.0185185185185,3
413,425,0.0185185185185,3
413,426,0.0185185185185,3
413,427,0.0185185185185,3
413,428,0.0185185185185,3
413,429,0.0185185185185,3
414,415,0.0185185185185,3
414,416,0.0185185185185,3
414,417,0.0185185185185,3
414,418,0.0185185185185,3
414,419,0.0185185185185,3
414,420,0.0185185185185,3
414,421,0.101851851852,3
414,422,0.0185185185185,3
414,423,0.0185185185185,3
414,424,0.0185185185185,3
414,425,0.0185185185185,3
414,426,0.0185185185185,3
414,427,0.0185185185185,3
414,428,0.101851851852,3
414,429,0.101851851852,3
415,416,0.0185185185185,3
415,417,0.0185185185185,3
415,418,0.0185185185185,3
415,419,0.0185185185185,3
415,420,0.0185185185185,3
415,421,0.0185185185185,3
415,422,0.0185185185185,3
415,423,0.0185185185185,3
415,424,0.0185185185185,3
415,425,0.0185185185185,3
415,426,0.0185185185185,3
415,427,0.0185185185185,3
415,428,0.0185185185185,3
415,429,0.0185185185185,3
416,417,0.0185185185185,3
416,418,0.0185185185185,3
416,419,0.0185185185185,3
416,420,0.0185185185185,3
416,421,0.0185185185185,3
416,422,0.0185185185185,3
416,423,0.0185185185185,3
416,424,0.0185185185185,3
416,425,0.0185185185185,3
416,426,0.0185185185185,3
416,427,0.0185185185185,3
416,428,0.0185185185185,3
416,429,0.0185185185185,3
417,418,0.0740740740741,3
417,419,0.0740740740741,3
417,420,0.0185185185185,3
417,421,0.0185185185185,3
417,422,0.0185185185185,3
417,423,0.0185185185185,3
417,424,0.0185185185185,3
417,425,0.0185185185185,3
417,426,0.0185185185185,3
417,427,0.0185185185185,3
417,428,0.0185185185185,3
417,429,0.0185185185185,3
418,419,0.0740740740741,3
418,420,0.0185185185185,3
418,421,0.0185185185185,3
418,422,0.0185185185185,3
418,423,0.0185185185185,3
418,424,0.0185185185185,3
418,425,0.0185185185185,3
418,426,0.0185185185185,3
418,427,0.0185185185185,3
418,428,0.0185185185185,3
418,429,0.0185185185185,3
419,420,0.0185185185185,3
419,421,0.0185185185185,3
419,422,0.0185185185185,3
419,423,0.0185185185185,3
419,424,0.0185185185185,3
419,425,0.0185185185185,3
419,426,0.0185185185185,3
419,427,0.0185185185185,3
419,428,0.0185185185185,3
419,429,0.0185185185185,3
420,421,0.0185185185185,3
420,422,0.0185185185185,3
420,423,0.0185185185185,3
420,424,0.0185185185185,3
420,425,0.0185185185185,3
420,426,0.0185185185185,3
420,427,0.0185185185185,3
420,428,0.0185185185185,3
420,429,0.0185185185185,3
421,422,0.0185185185185,3
421,423,0.0185185185185,3
421,424,0.0185185185185,3
421,425,0.0185185185185,3
421,426,0.0185185185185,3
421,427,0.0185185185185,3
421,428,0.351851851852,3
421,429,0.351851851852,3
422,423,0.0185185185185,3
422,424,0.0185185185185,3
422,425,0.0185185185185,3
422,426,0.0185185185185,3
422,427,0.0185185185185,3
422,428,0.0185185185185,3
422,429,0.0185185185185,3
422,485,0.266666666667,3
423,424,0.0185185185185,3
423,425,0.0185185185185,3
423,426,0.0185185185185,3
423,427,0.0185185185185,3
423,428,0.0185185185185,3
423,429,0.0185185185185,3
424,425,0.0185185185185,3
424,426,0.0185185185185,3
424,427,0.0185185185185,3
424,428,0.0185185185185,3
424,429,0.0185185185185,3
425,426,0.0185185185185,3
425,427,0.0185185185185,3
425,428,0.0185185185185,3
425,429,0.0185185185185,3
425,503,0.0833333333333,3
425,504,0.0833333333333,3
426,427,0.0185185185185,3
426,428,0.0185185185185,3
426,429,0.0185185185185,3
427,489,0.0833333333333,2
427,428,0.0185185185185,3
427,429,0.0185185185185,3
427,489,0.0833333333333,6
428,429,0.351851851852,3
432,433,0.142857142857,2
432,434,0.142857142857,2
432,435,0.142857142857,2
432,436,0.142857142857,2
433,434,0.142857142857,2
433,435,0.142857142857,2
433,436,0.142857142857,2
434,435,0.142857142857,2
434,436,0.142857142857,2
434,450,0.0769230769231,3
434,459,0.0769230769231,3
434,460,0.0769230769231,3
435,436,0.142857142857,2
437,438,0.5,8
439,440,0.5,3
441,442,1.0,8
443,444,0.333333333333,15
446,447,0.25,14
448,472,0.0384615384615,3
448,473,0.0384615384615,3
448,474,0.0384615384615,3
448,475,0.0384615384615,3
448,476,0.0384615384615,3
448,477,0.0384615384615,3
448,478,0.0384615384615,3
448,479,0.0384615384615,3
448,480,0.0384615384615,3
449,450,0.5,14
450,459,0.0769230769231,3
450,460,0.0769230769231,3
451,452,0.366666666667,3
451,453,0.366666666667,3
451,454,0.366666666667,3
451,495,0.166666666667,3
452,453,0.366666666667,3
452,454,0.366666666667,3
452,495,0.166666666667,3
453,454,0.366666666667,3
453,495,0.166666666667,3
454,495,0.166666666667,3
456,483,0.333333333333,4
456,457,0.333333333333,12
456,458,0.333333333333,12
457,458,0.333333333333,12
459,460,0.0769230769231,3
459,470,0.5,8
459,471,0.5,8
461,462,0.25,2
461,462,0.125,5
461,462,0.125,12
463,464,0.5,8
467,494,1.0,8
467,468,1.0,14
467,469,1.0,15
470,471,0.5,8
472,473,0.0384615384615,3
472,474,0.0384615384615,3
472,475,0.0384615384615,3
472,476,0.0384615384615,3
472,477,0.0384615384615,3
472,478,0.0384615384615,3
472,479,0.0384615384615,3
472,480,0.0384615384615,3
473,474,0.0384615384615,3
473,475,0.0384615384615,3
473,476,0.0384615384615,3
473,477,0.0384615384615,3
473,478,0.0384615384615,3
473,479,0.0384615384615,3
473,480,0.0384615384615,3
474,475,0.0384615384615,3
474,476,0.0384615384615,3
474,477,0.0384615384615,3
474,478,0.0384615384615,3
474,479,0.0384615384615,3
474,480,0.0384615384615,3
475,476,0.0384615384615,3
475,477,0.0384615384615,3
475,478,0.0384615384615,3
475,479,0.0384615384615,3
475,480,0.0384615384615,3
476,477,0.0384615384615,3
476,478,0.0384615384615,3
476,479,0.0384615384615,3
476,480,0.0384615384615,3
477,478,0.0384615384615,3
477,479,0.0384615384615,3
477,480,0.0384615384615,3
478,479,0.0384615384615,3
478,480,0.0384615384615,3
479,480,0.0384615384615,3
482,505,0.333333333333,2
482,506,0.333333333333,2
482,507,0.333333333333,2
486,487,0.25,4
486,487,0.25,15
487,508,0.05,6
487,509,0.05,6
487,510,0.05,6
487,511,0.05,6
487,508,0.05,9
487,509,0.05,9
487,510,0.05,9
487,511,0.05,9
487,508,0.05,15
487,509,0.05,15
487,510,0.05,15
487,511,0.05,15
487,508,0.05,16
487,509,0.05,16
487,510,0.05,16
487,511,0.05,16
490,491,0.5,15
496,513,0.5,3
496,513,0.5,5
499,500,0.125,8
503,504,0.0833333333333,3
505,506,0.333333333333,2
505,507,0.333333333333,2
506,507,0.333333333333,2
508,509,0.05,6
508,510,0.05,6
508,511,0.05,6
508,509,0.05,9
508,510,0.05,9
508,511,0.05,9
508,509,0.05,15
508,510,0.05,15
508,511,0.05,15
508,509,0.05,16
508,510,0.05,16
508,511,0.05,16
509,510,0.05,6
509,511,0.05,6
509,510,0.05,9
509,511,0.05,9
509,510,0.05,15
509,511,0.05,15
509,510,0.05,16
509,511,0.05,16
510,511,0.05,6
510,511,0.05,9
510,511,0.05,15
510,511,0.05,16
