# index, gene, tax_id, _pos
0,7227,34924,"array([5.14077663, 1.42417257])"
1,7227,49140,"array([5.20422098, 1.43741044])"
2,7227,49228,"array([5.18396112, 1.48856559])"
3,7227,192509,"array([5.13928473, 1.44426677])"
4,7227,247841,"array([5.20636548, 1.42430159])"
5,7227,318164,"array([5.16759228, 1.44382282])"
6,7227,2768677,"array([5.14174157, 1.37797106])"
7,7227,2768981,"array([5.12904598, 1.46324852])"
8,7227,3355144,"array([5.14045879, 1.43982847])"
9,7227,5658071,"array([5.19895416, 1.4618064 ])"
10,7227,5658072,"array([5.17138044, 1.48349632])"
11,7227,5658073,"array([5.19516711, 1.46127881])"
12,7227,5658074,"array([5.20319003, 1.43036705])"
13,7227,5658075,"array([5.20641639, 1.40337645])"
14,7227,5658085,"array([5.19443528, 1.47565911])"
15,7227,5658086,"array([5.20720431, 1.45279433])"
16,7227,5658087,"array([5.15889576, 1.49387409])"
17,7227,5658088,"array([5.21357459, 1.43373689])"
18,7227,5658089,"array([5.12684137, 1.49525892])"
19,7227,5658090,"array([5.18769637, 1.46356779])"
20,7227,5658513,"array([5.20305045, 1.45298983])"
21,7227,5658514,"array([5.20208246, 1.46495533])"
22,7227,5658515,"array([5.20775847, 1.4073735 ])"
23,7227,5658516,"array([5.20104301, 1.44941324])"
24,7227,5658517,"array([5.1933043 , 1.47066712])"
25,7227,5658518,"array([5.19830825, 1.44595426])"
26,7227,5658519,"array([5.21153255, 1.42593999])"
27,7227,5658520,"array([5.20282135, 1.46064124])"
28,7227,5658521,"array([5.19564876, 1.46570786])"
29,7227,5658522,"array([5.1177703 , 1.49878642])"
30,7227,5658523,"array([5.14680393, 1.49444904])"
31,7227,5658524,"array([5.1392642 , 1.49777704])"
32,7227,5658525,"array([5.1067986 , 1.49486318])"
33,7227,5658526,"array([5.08370761, 1.43350617])"
34,7227,5658527,"array([5.20378298, 1.441402  ])"
35,7227,5658528,"array([5.15489049, 1.49471613])"
36,7227,5658529,"array([5.20698288, 1.44448668])"
37,7227,5658530,"array([5.1499509 , 1.38059817])"
38,7227,5658531,"array([5.07407021, 1.43174328])"
39,7227,5658532,"array([5.1972816 , 1.47163739])"
40,7227,5658533,"array([5.10526422, 1.48752455])"
41,7227,5658534,"array([5.19680081, 1.4566203 ])"
42,7227,12798547,"array([5.13730532, 1.41681679])"
43,7227,34927,"array([5.10329343, 1.4106376 ])"
44,7227,31293,"array([5.12034082, 1.43034181])"
45,7227,33753,"array([5.10369427, 1.39802652])"
46,7227,40958,"array([5.11795946, 1.3815645 ])"
47,7227,41694,"array([5.05806683, 1.41839941])"
48,7227,42059,"array([5.10662433, 1.3971703 ])"
49,7227,42445,"array([5.11721498, 1.41927734])"
50,7227,44801,"array([5.12043051, 1.37360739])"
51,7227,44849,"array([5.1375972 , 1.43493881])"
52,7227,12798434,"array([5.11146986, 1.37277077])"
53,7227,34941,"array([5.09645198, 1.30543998])"
54,7227,32080,"array([5.11789931, 1.37191344])"
55,7227,34945,"array([5.19359284, 1.49824341])"
56,7227,34947,"array([5.14037209, 1.44655915])"
57,7227,34946,"array([5.03972915, 1.43023656])"
58,7227,34364,"array([5.02564269, 1.45841229])"
59,7227,37345,"array([5.04062355, 1.43551915])"
60,7227,39430,"array([5.0154583 , 1.42698242])"
61,7227,45827,"array([5.00327324, 1.4313377 ])"
62,7227,31364,"array([5.07591012, 1.39433245])"
63,7227,31792,"array([5.12649808, 1.39166354])"
64,7227,36039,"array([5.12004824, 1.45896008])"
65,7227,36703,"array([5.1019906 , 1.42625611])"
66,7227,38850,"array([5.07990422, 1.42576808])"
67,7227,43300,"array([5.21381075, 1.47141208])"
68,7227,44275,"array([5.10395819, 1.46042561])"
69,7227,34950,"array([5.05280755, 1.39028266])"
70,7227,36329,"array([5.06113559, 1.33237574])"
71,7227,37843,"array([5.02908098, 1.37758098])"
72,7227,40832,"array([5.12272302, 1.4540571 ])"
73,7227,42940,"array([5.03963288, 1.37101843])"
74,7227,34952,"array([5.14924248, 1.31599893])"
75,7227,48973,"array([5.10817955, 1.38363864])"
76,7227,34953,"array([5.05956302, 1.42138071])"
77,7227,36555,"array([5.12276713, 1.41663869])"
78,7227,45821,"array([5.0823071 , 1.38281862])"
79,7227,34954,"array([5.17572799, 1.29313177])"
80,7227,31441,"array([5.14070206, 1.31407434])"
81,7227,31535,"array([5.15242481, 1.37383999])"
82,7227,39049,"array([5.13616242, 1.33279153])"
83,7227,40367,"array([5.21456813, 1.24773681])"
84,7227,45432,"array([5.20489724, 1.24146449])"
85,7227,34961,"array([5.16124669, 1.37686219])"
86,7227,31391,"array([5.11504731, 1.41749291])"
87,7227,31607,"array([5.16310976, 1.33403846])"
88,7227,40336,"array([5.16858661, 1.33795492])"
89,7227,34963,"array([5.05430952, 1.23968586])"
90,7227,39505,"array([5.06687847, 1.29708239])"
91,7227,34964,"array([5.1825289 , 1.35105107])"
92,7227,33507,"array([5.15336994, 1.30085351])"
93,7227,47765,"array([5.18785515, 1.29387031])"
94,7227,2768853,"array([5.15607037, 1.32495106])"
95,7227,34966,"array([5.10679617, 1.33567287])"
96,7227,31601,"array([5.19770911, 1.28805552])"
97,7227,44856,"array([5.1172974 , 1.39819527])"
98,7227,34967,"array([4.74325745, 2.07853076])"
99,7227,33520,"array([4.75282183, 2.08571131])"
100,7227,34968,"array([5.12169002, 1.34479234])"
101,7227,31838,"array([5.13340864, 1.27676632])"
102,7227,33390,"array([5.16247137, 1.3650084 ])"
103,7227,34119,"array([5.13140745, 1.43012352])"
104,7227,34404,"array([5.09218635, 1.33307475])"
105,7227,36887,"array([5.14451067, 1.3104744 ])"
106,7227,37808,"array([5.15845924, 1.28655965])"
107,7227,41140,"array([5.10069378, 1.40867952])"
108,7227,45922,"array([5.05082713, 1.3615024 ])"
109,7227,34969,"array([5.05857695, 1.39526426])"
110,7227,32498,"array([5.07831217, 1.41536182])"
111,7227,33043,"array([4.99086911, 1.41528735])"
112,7227,33072,"array([5.0290428 , 1.40755959])"
113,7227,33226,"array([5.1273059 , 1.38036332])"
114,7227,34171,"array([5.0887995 , 1.39482707])"
115,7227,35045,"array([5.08714165, 1.38255237])"
116,7227,35047,"array([5.06858185, 1.40458051])"
117,7227,37455,"array([5.10542076, 1.41566971])"
118,7227,37851,"array([5.12988642, 1.39993004])"
119,7227,38656,"array([5.04959003, 1.34390716])"
120,7227,39976,"array([5.02550214, 1.31038016])"
121,7227,40554,"array([5.08257695, 1.4286008 ])"
122,7227,41721,"array([5.10143728, 1.44160734])"
123,7227,41858,"array([5.04252358, 1.3922407 ])"
124,7227,43222,"array([5.08238304, 1.3888679 ])"
125,7227,43256,"array([5.05486114, 1.37373025])"
126,7227,43283,"array([5.01665398, 1.36146769])"
127,7227,44095,"array([5.07948452, 1.44583485])"
128,7227,46040,"array([5.03147009, 1.42118116])"
129,7227,48785,"array([5.05904477, 1.36243548])"
130,7227,34974,"array([5.07706401, 1.26584193])"
131,7227,31598,"array([5.07383792, 1.22800924])"
132,7227,36773,"array([5.09226706, 1.36036136])"
133,7227,34977,"array([5.28952052, 1.43375169])"
134,7227,42803,"array([5.22516161, 1.41906383])"
135,7227,34982,"array([5.12854926, 1.4305156 ])"
136,7227,31310,"array([5.12779308, 1.39712913])"
137,7227,33432,"array([5.09915482, 1.42694698])"
138,7227,33916,"array([5.14920951, 1.41055857])"
139,7227,40260,"array([5.11217242, 1.4158966 ])"
140,7227,42737,"array([5.14914456, 1.42238409])"
141,7227,43812,"array([5.14514162, 1.43606421])"
142,7227,34991,"array([5.20665653, 1.26954319])"
143,7227,42481,"array([5.22595856, 1.28372942])"
144,7227,43542,"array([5.15774741, 1.31848882])"
145,7227,34992,"array([5.10526611, 1.49882809])"
146,7227,30982,"array([5.12046528, 1.44712577])"
147,7227,32068,"array([5.11396497, 1.45708528])"
148,7227,40940,"array([5.12412238, 1.49877636])"
149,7227,3772180,"array([5.09051695, 1.46517622])"
150,7227,34993,"array([5.10356329, 1.35109797])"
151,7227,31373,"array([5.10152408, 1.28633051])"
152,7227,32608,"array([5.13284547, 1.31682164])"
153,7227,32981,"array([5.10544823, 1.37213181])"
154,7227,35288,"array([5.12642743, 1.33264133])"
155,7227,38146,"array([5.10533908, 1.38490604])"
156,7227,38879,"array([5.0848686, 1.3532017])"
157,7227,39340,"array([5.1225632 , 1.36911394])"
158,7227,40653,"array([5.16836678, 1.36799928])"
159,7227,43232,"array([5.0694419 , 1.30183423])"
160,7227,117503,"array([5.08899211, 1.38605385])"
161,7227,34995,"array([5.18147754, 1.37661911])"
162,7227,34328,"array([5.16710358, 1.41179408])"
163,7227,34996,"array([5.18586028, 1.39719177])"
164,7227,36054,"array([5.11897759, 1.3688162 ])"
165,7227,34997,"array([5.19989792, 1.37948989])"
166,7227,31106,"array([5.16502421, 1.42139145])"
167,7227,35001,"array([5.21210308, 1.44686501])"
168,7227,41289,"array([5.20518352, 1.49866018])"
169,7227,42504,"array([5.15634387, 1.39068538])"
170,7227,35004,"array([5.18129713, 1.40093392])"
171,7227,32813,"array([5.13357579, 1.40154006])"
172,7227,35007,"array([5.04310822, 1.4383473 ])"
173,7227,31201,"array([5.03267047, 1.40720853])"
174,7227,32314,"array([5.0171957 , 1.43234024])"
175,7227,32619,"array([5.05607656, 1.37729684])"
176,7227,32794,"array([5.03918833, 1.42632369])"
177,7227,34648,"array([5.09901106, 1.4197933 ])"
178,7227,37368,"array([4.98860201, 1.47622263])"
179,7227,38978,"array([5.03759171, 1.41627234])"
180,7227,40185,"array([4.98378742, 1.44939375])"
181,7227,40999,"array([5.04131362, 1.40064519])"
182,7227,41853,"array([5.00469098, 1.40129784])"
183,7227,41885,"array([5.01169398, 1.42451017])"
184,7227,46456,"array([5.1107725 , 1.46819141])"
185,7227,35016,"array([5.11794602, 1.60431809])"
186,7227,40160,"array([5.11939773, 1.55363094])"
187,7227,53554,"array([5.14289252, 1.39639956])"
188,7227,31262,"array([5.11263561, 1.43958941])"
189,7227,32159,"array([4.98680974, 1.41127075])"
190,7227,33148,"array([5.10652891, 1.36538916])"
191,7227,40813,"array([5.05694292, 1.4321692 ])"
192,7227,41177,"array([5.06699802, 1.44200179])"
193,7227,41633,"array([5.05643896, 1.39180055])"
194,7227,42996,"array([5.05207995, 1.43820095])"
195,7227,53579,"array([5.07675544, 1.46236261])"
196,7227,3354896,"array([5.13343365, 1.4043196 ])"
197,7227,35051,"array([5.06266361, 1.40381606])"
198,7227,31405,"array([5.10009465, 1.40336136])"
199,7227,34884,"array([5.02083912, 1.40708803])"
200,7227,36791,"array([5.1032253 , 1.40371387])"
201,7227,36810,"array([5.07328918, 1.37599877])"
202,7227,37065,"array([5.06539302, 1.4088235 ])"
203,7227,37070,"array([5.04264828, 1.42278547])"
204,7227,37757,"array([5.08447726, 1.45904453])"
205,7227,38418,"array([5.08203669, 1.41589098])"
206,7227,38580,"array([5.08481187, 1.37107316])"
207,7227,39034,"array([5.03095536, 1.41265901])"
208,7227,39536,"array([5.06538374, 1.38581081])"
209,7227,40232,"array([5.08750112, 1.34701382])"
210,7227,40489,"array([5.07980951, 1.40737053])"
211,7227,42265,"array([5.07423724, 1.36219762])"
212,7227,43331,"array([5.02023569, 1.41496576])"
213,7227,44030,"array([5.09559749, 1.38654997])"
214,7227,45928,"array([5.08897414, 1.36700918])"
215,7227,26067080,"array([5.0505089 , 1.40295403])"
216,7227,35053,"array([5.10150582, 1.46452356])"
217,7227,36461,"array([5.12850885, 1.42496029])"
218,7227,42550,"array([5.13390889, 1.41739043])"
219,7227,35058,"array([5.07221893, 1.33990278])"
220,7227,31459,"array([5.05516115, 1.36776526])"
221,7227,31717,"array([5.12489988, 1.38103197])"
222,7227,37618,"array([5.1013702 , 1.33872929])"
223,7227,35066,"array([5.09968597, 1.60777439])"
224,7227,38884,"array([5.10545603, 1.55906591])"
225,7227,35068,"array([4.82604811, 2.12573181])"
226,7227,39630,"array([4.81416316, 2.12590316])"
227,7227,35070,"array([5.06591728, 1.40576423])"
228,7227,31151,"array([5.10910651, 1.40867047])"
229,7227,32838,"array([5.06797109, 1.41198563])"
230,7227,35259,"array([5.05684442, 1.38227346])"
231,7227,37386,"array([5.10044358, 1.38544411])"
232,7227,38002,"array([5.02127261, 1.43275566])"
233,7227,40327,"array([5.06217791, 1.37524535])"
234,7227,40456,"array([5.05027444, 1.46213947])"
235,7227,44359,"array([5.05913652, 1.37285909])"
236,7227,249072,"array([5.07131934, 1.34817021])"
237,7227,3772396,"array([5.09100008, 1.43305112])"
238,7227,35071,"array([5.17852256, 1.33054809])"
239,7227,43875,"array([5.12972196, 1.38105923])"
240,7227,35073,"array([5.03711471, 1.38847957])"
241,7227,33819,"array([5.1087732 , 1.39154528])"
242,7227,35076,"array([5.16512357, 1.3369497 ])"
243,7227,39173,"array([5.14559454, 1.36935733])"
244,7227,41785,"array([5.12822666, 1.38548004])"
245,7227,35078,"array([5.15536825, 1.2410361 ])"
246,7227,38946,"array([5.17265531, 1.25371663])"
247,7227,38993,"array([5.13117151, 1.2959154 ])"
248,7227,35084,"array([5.07614554, 1.25167819])"
249,7227,45269,"array([5.08188985, 1.24819386])"
250,7227,35085,"array([5.08602745, 1.40436657])"
251,7227,32039,"array([5.10427411, 1.41749197])"
252,7227,37774,"array([5.011288  , 1.36421993])"
253,7227,38961,"array([5.09979332, 1.40082004])"
254,7227,42428,"array([5.12011938, 1.40016576])"
255,7227,43038,"array([5.0844694 , 1.42056393])"
256,7227,43327,"array([5.14803663, 1.43387119])"
257,7227,3346149,"array([5.12557979, 1.41584755])"
258,7227,35091,"array([5.01261403, 1.29106511])"
259,7227,43469,"array([5.05628013, 1.34217873])"
260,7227,35097,"array([5.10700318, 1.36852468])"
261,7227,39385,"array([5.15176391, 1.36441084])"
262,7227,35098,"array([5.19360355, 1.41042716])"
263,7227,42313,"array([5.13745196, 1.42496492])"
264,7227,42446,"array([5.15597232, 1.38550896])"
265,7227,35099,"array([5.17821727, 1.40893454])"
266,7227,39833,"array([5.12591023, 1.41793837])"
267,7227,35103,"array([5.10647532, 1.35015364])"
268,7227,32256,"array([5.11994423, 1.38069558])"
269,7227,36173,"array([5.11255412, 1.36406417])"
270,7227,42896,"array([5.08359309, 1.38611845])"
271,7227,44448,"array([5.09932603, 1.38947192])"
272,7227,35104,"array([4.93193541, 1.47106138])"
273,7227,39118,"array([4.97791805, 1.45257899])"
274,7227,35110,"array([5.11547178, 1.44563034])"
275,7227,30985,"array([5.10925899, 1.4539996 ])"
276,7227,31883,"array([5.17111422, 1.4541728 ])"
277,7227,33288,"array([5.06746527, 1.39454262])"
278,7227,34413,"array([5.10530144, 1.46523766])"
279,7227,36945,"array([5.06556719, 1.42369848])"
280,7227,38091,"array([5.12920327, 1.42807516])"
281,7227,38995,"array([5.12376942, 1.43472369])"
282,7227,39620,"array([5.12672115, 1.46096144])"
283,7227,40975,"array([5.12977835, 1.43325694])"
284,7227,42226,"array([5.11303843, 1.45281566])"
285,7227,43161,"array([5.1090856 , 1.43564387])"
286,7227,43234,"array([5.17860006, 1.45490222])"
287,7227,44189,"array([5.05417058, 1.40342523])"
288,7227,45285,"array([5.13722982, 1.51609826])"
289,7227,35115,"array([5.1829886 , 1.38712139])"
290,7227,31248,"array([5.13632023, 1.39139314])"
291,7227,32078,"array([5.11694324, 1.38680327])"
292,7227,35116,"array([5.04961374, 1.42247689])"
293,7227,40660,"array([5.09249906, 1.4045221 ])"
294,7227,35118,"array([5.00491517, 1.46313019])"
295,7227,35121,"array([5.10308057, 1.49095218])"
296,7227,32100,"array([5.12539108, 1.46376122])"
297,7227,33565,"array([5.11116539, 1.49930372])"
298,7227,37874,"array([5.0707805 , 1.48349539])"
299,7227,47869,"array([5.09993781, 1.48811576])"
300,7227,3772376,"array([5.10653306, 1.47946956])"
301,7227,35125,"array([5.0152096, 1.4760331])"
302,7227,35128,"array([5.16108779, 1.51998364])"
303,7227,44540,"array([5.13628199, 1.44583153])"
304,7227,35130,"array([5.91995922, 1.32159738])"
305,7227,32478,"array([5.90972593, 1.32050636])"
306,7227,34441,"array([5.91889807, 1.33183097])"
307,7227,39365,"array([5.90869428, 1.33076031])"
308,7227,35135,"array([5.11203301, 1.46471685])"
309,7227,35138,"array([5.00902618, 1.45995079])"
310,7227,35147,"array([5.11833752, 1.48132333])"
311,7227,32846,"array([5.14689263, 1.46498685])"
312,7227,33225,"array([5.126233  , 1.42762485])"
313,7227,35184,"array([5.10292528, 1.49509262])"
314,7227,35509,"array([5.13628303, 1.45553544])"
315,7227,35717,"array([5.06507355, 1.46195112])"
316,7227,37837,"array([5.14280375, 1.45327309])"
317,7227,38752,"array([5.10700497, 1.44465816])"
318,7227,44798,"array([5.15365744, 1.46272978])"
319,7227,35151,"array([5.14271024, 1.44830999])"
320,7227,36339,"array([5.17181244, 1.4056148 ])"
321,7227,35154,"array([5.14937606, 1.36195207])"
322,7227,32537,"array([5.11613032, 1.39268942])"
323,7227,33211,"array([5.14906318, 1.37155912])"
324,7227,34263,"array([5.11292663, 1.39360427])"
325,7227,35156,"array([5.22348271, 1.32994563])"
326,7227,45880,"array([5.16865231, 1.36200019])"
327,7227,35166,"array([5.03995165, 1.31064522])"
328,7227,35169,"array([5.07746439, 1.39706395])"
329,7227,31118,"array([5.13195057, 1.41416897])"
330,7227,32703,"array([5.06460624, 1.3664898 ])"
331,7227,35173,"array([5.1497833 , 1.38894625])"
332,7227,31666,"array([5.1734328 , 1.40244417])"
333,7227,37141,"array([5.14643546, 1.36015073])"
334,7227,37729,"array([5.13276472, 1.3729616 ])"
335,7227,39454,"array([5.13102656, 1.37719833])"
336,7227,41957,"array([5.13781737, 1.36406299])"
337,7227,43991,"array([5.13629898, 1.37797283])"
338,7227,47396,"array([5.14761629, 1.36416916])"
339,7227,35181,"array([5.00919238, 1.32080637])"
340,7227,35188,"array([4.39967298, 1.13955082])"
341,7227,47207,"array([4.39819076, 1.12776487])"
342,7227,35189,"array([5.02111483, 1.46106963])"
343,7227,39844,"array([5.08583505, 1.42325565])"
344,7227,35190,"array([5.18623567, 1.28274392])"
345,7227,38746,"array([5.15271829, 1.29570846])"
346,7227,42366,"array([5.17878462, 1.35271239])"
347,7227,35192,"array([4.9022024 , 1.36117259])"
348,7227,41458,"array([4.94792459, 1.37366101])"
349,7227,35196,"array([4.99492392, 1.46110848])"
350,7227,35197,"array([5.15268663, 1.40815219])"
351,7227,31912,"array([5.18659827, 1.44840606])"
352,7227,32221,"array([5.14360323, 1.3884792 ])"
353,7227,33529,"array([5.11405972, 1.40580226])"
354,7227,34277,"array([5.12632399, 1.41237316])"
355,7227,35800,"array([5.09736629, 1.45696831])"
356,7227,39228,"array([5.12033146, 1.39728189])"
357,7227,39744,"array([5.13962594, 1.42921281])"
358,7227,41363,"array([5.11422078, 1.42851323])"
359,7227,41737,"array([5.14599568, 1.43083434])"
360,7227,41942,"array([5.13912559, 1.43232637])"
361,7227,42130,"array([5.14249549, 1.43333073])"
362,7227,42871,"array([5.12339294, 1.39308477])"
363,7227,43151,"array([5.1372301 , 1.46331182])"
364,7227,43565,"array([5.13567689, 1.40943835])"
365,7227,326152,"array([5.11084748, 1.44996473])"
366,7227,35199,"array([5.11500187, 1.29614711])"
367,7227,33501,"array([5.15351117, 1.37973368])"
368,7227,43517,"array([5.06463621, 1.31526513])"
369,7227,248161,"array([5.10608864, 1.23585275])"
370,7227,35200,"array([5.17116044, 1.3847237 ])"
371,7227,3772082,"array([5.10511552, 1.39255447])"
372,7227,35207,"array([5.04536593, 1.50059525])"
373,7227,44355,"array([5.08282076, 1.43660925])"
374,7227,35211,"array([4.96205362, 1.47773871])"
375,7227,33941,"array([5.01411879, 1.45067944])"
376,7227,35215,"array([5.08626905, 1.38831095])"
377,7227,32207,"array([5.07850483, 1.37591306])"
378,7227,35540,"array([5.15592048, 1.41697205])"
379,7227,36468,"array([5.02696661, 1.35344352])"
380,7227,36632,"array([5.0211106 , 1.36320852])"
381,7227,36775,"array([5.09968531, 1.37093267])"
382,7227,37841,"array([5.0709754 , 1.36256864])"
383,7227,37890,"array([5.09566475, 1.42083294])"
384,7227,39441,"array([5.13907261, 1.41883203])"
385,7227,42289,"array([5.0652463 , 1.39278262])"
386,7227,42986,"array([5.085016  , 1.35855175])"
387,7227,48317,"array([5.12903374, 1.41542762])"
388,7227,35221,"array([5.0744234 , 1.35722451])"
389,7227,42447,"array([5.12051938, 1.37617814])"
390,7227,43149,"array([5.06881398, 1.40948917])"
391,7227,35223,"array([5.1478288 , 1.28597482])"
392,7227,34521,"array([5.18290971, 1.36906272])"
393,7227,34524,"array([5.09875149, 1.36036592])"
394,7227,34609,"array([5.16384311, 1.232574  ])"
395,7227,36269,"array([5.13194975, 1.26783468])"
396,7227,38669,"array([5.14381581, 1.33161145])"
397,7227,44072,"array([5.10920612, 1.24949633])"
398,7227,248915,"array([5.16988049, 1.22965418])"
399,7227,248916,"array([5.15765166, 1.23046687])"
400,7227,2768920,"array([5.12508487, 1.28179968])"
401,7227,35225,"array([5.16455214, 1.38791538])"
402,7227,30980,"array([5.17091832, 1.44594549])"
403,7227,31518,"array([5.17813078, 1.42808067])"
404,7227,41839,"array([5.13238201, 1.34296623])"
405,7227,35227,"array([5.09755777, 1.32901815])"
406,7227,37889,"array([5.11695686, 1.37462307])"
407,7227,35235,"array([5.23490483, 1.40175104])"
408,7227,33196,"array([5.20993695, 1.37309275])"
409,7227,36952,"array([5.11149138, 1.41884052])"
410,7227,48502,"array([5.29277714, 1.39228216])"
411,7227,48594,"array([5.29947237, 1.40680896])"
412,7227,48816,"array([5.29347425, 1.39935693])"
413,7227,48817,"array([5.29247815, 1.40634479])"
414,7227,48819,"array([5.296081  , 1.41346377])"
415,7227,249710,"array([5.30034659, 1.39957676])"
416,7227,251111,"array([5.29932827, 1.39188687])"
417,7227,35246,"array([5.18897611, 1.32862751])"
418,7227,39856,"array([5.2294154 , 1.27968832])"
419,7227,35248,"array([5.04709975, 1.46642949])"
420,7227,35253,"array([5.11239144, 1.40976242])"
421,7227,31027,"array([5.13127255, 1.39677285])"
422,7227,31181,"array([5.15616752, 1.43933812])"
423,7227,31339,"array([5.12811249, 1.36826329])"
424,7227,31429,"array([5.09053108, 1.42433632])"
425,7227,31490,"array([5.1220286 , 1.43288873])"
426,7227,31762,"array([5.12903753, 1.36039376])"
427,7227,32601,"array([5.12339623, 1.39875699])"
428,7227,32920,"array([5.10253201, 1.37751002])"
429,7227,33281,"array([5.12694947, 1.40876618])"
430,7227,34009,"array([5.1079521 , 1.42662803])"
431,7227,34569,"array([5.14002101, 1.43737842])"
432,7227,35340,"array([5.10519708, 1.3791349 ])"
433,7227,35524,"array([5.09701915, 1.4025229 ])"
434,7227,35555,"array([5.11934791, 1.42081829])"
435,7227,36421,"array([5.13225968, 1.42652347])"
436,7227,37149,"array([5.10908742, 1.43955592])"
437,7227,38168,"array([5.11054776, 1.43339827])"
438,7227,38424,"array([5.11816199, 1.41300807])"
439,7227,38657,"array([5.12586075, 1.4240083 ])"
440,7227,38890,"array([5.10211808, 1.38703342])"
441,7227,39567,"array([5.08914151, 1.39861164])"
442,7227,40009,"array([5.13614004, 1.38284361])"
443,7227,41749,"array([5.08883406, 1.40851821])"
444,7227,42037,"array([5.11942173, 1.46237199])"
445,7227,43856,"array([5.1343768 , 1.43645636])"
446,7227,44205,"array([5.12101006, 1.41896525])"
447,7227,45278,"array([5.10850266, 1.41664888])"
448,7227,326198,"array([5.10539307, 1.42169269])"
449,7227,2768944,"array([5.11460671, 1.441895  ])"
450,7227,12798320,"array([5.12494281, 1.40142137])"
451,7227,32115,"array([5.06989658, 1.36541718])"
452,7227,33635,"array([5.03597546, 1.43155006])"
453,7227,36673,"array([5.01459326, 1.3708215 ])"
454,7227,36790,"array([5.07830422, 1.34117546])"
455,7227,37201,"array([5.08884348, 1.3891326 ])"
456,7227,37447,"array([5.07628097, 1.41728634])"
457,7227,39443,"array([5.04668164, 1.36119088])"
458,7227,43758,"array([5.06100972, 1.34335388])"
459,7227,43974,"array([5.08047423, 1.38667939])"
460,7227,44263,"array([5.05335881, 1.43461099])"
461,7227,44885,"array([5.07127585, 1.4051855 ])"
462,7227,35261,"array([5.06564716, 1.45364433])"
463,7227,31221,"array([5.09637911, 1.41352461])"
464,7227,35267,"array([4.995816  , 1.41952212])"
465,7227,37233,"array([5.06664755, 1.40111329])"
466,7227,35277,"array([5.04761465, 1.33933398])"
467,7227,35287,"array([5.1139478 , 1.40292555])"
468,7227,31271,"array([5.15487761, 1.47197088])"
469,7227,43577,"array([5.1285831 , 1.30451462])"
470,7227,47763,"array([5.13653259, 1.46013667])"
471,7227,32321,"array([5.12263968, 1.38612599])"
472,7227,32869,"array([5.12756357, 1.27029512])"
473,7227,33965,"array([5.13666948, 1.37138749])"
474,7227,36272,"array([5.14527461, 1.27881708])"
475,7227,36986,"array([5.09844666, 1.40663139])"
476,7227,37083,"array([5.12774346, 1.33612311])"
477,7227,37916,"array([5.13808117, 1.29535237])"
478,7227,38427,"array([5.16845686, 1.34438282])"
479,7227,38428,"array([5.18160811, 1.31522267])"
480,7227,38785,"array([5.13926683, 1.35780713])"
481,7227,38905,"array([5.12731743, 1.2882191 ])"
482,7227,39540,"array([5.14414958, 1.26783341])"
483,7227,39594,"array([5.12703936, 1.27621789])"
484,7227,40438,"array([5.14924286, 1.29107413])"
485,7227,41143,"array([5.17754846, 1.36057724])"
486,7227,41145,"array([5.08860453, 1.30131589])"
487,7227,41746,"array([5.13871892, 1.3109835 ])"
488,7227,42515,"array([5.14844673, 1.37704411])"
489,7227,42876,"array([5.15303366, 1.28557061])"
490,7227,43160,"array([5.1312414 , 1.39469505])"
491,7227,43228,"array([5.08551841, 1.34249833])"
492,7227,43466,"array([5.13309068, 1.39157457])"
493,7227,43724,"array([5.13835887, 1.38470737])"
494,7227,43761,"array([5.12486165, 1.2662805 ])"
495,7227,44259,"array([5.12697727, 1.31550116])"
496,7227,44392,"array([5.14962464, 1.30803839])"
497,7227,44879,"array([5.12991222, 1.27981737])"
498,7227,47121,"array([5.11482839, 1.35097611])"
499,7227,48571,"array([5.1254762 , 1.38637527])"
500,7227,246538,"array([5.09354886, 1.36916668])"
501,7227,318579,"array([5.13145421, 1.29113543])"
502,7227,35289,"array([5.05886783, 1.35113911])"
503,7227,41066,"array([5.00738166, 1.4043596 ])"
504,7227,42297,"array([5.09097912, 1.40121237])"
505,7227,35292,"array([5.19967041, 1.50845855])"
506,7227,31012,"array([5.18423667, 1.47300431])"
507,7227,252755,"array([5.215718  , 1.50236013])"
508,7227,35293,"array([5.02686689, 1.40176168])"
509,7227,32107,"array([5.05490482, 1.3325453 ])"
510,7227,40287,"array([5.10293873, 1.44474683])"
511,7227,44380,"array([4.96584393, 1.41840664])"
512,7227,35298,"array([5.07834361, 1.33711535])"
513,7227,38515,"array([5.13037639, 1.3697152 ])"
514,7227,35306,"array([5.17236016, 1.4104878 ])"
515,7227,32536,"array([5.13071175, 1.41781987])"
516,7227,37247,"array([5.14227213, 1.39867807])"
517,7227,35315,"array([4.89442542, 1.46176732])"
518,7227,31594,"array([4.85925847, 1.46895183])"
519,7227,36975,"array([4.86297   , 1.47919552])"
520,7227,42753,"array([4.9563372 , 1.43967364])"
521,7227,35325,"array([5.02954934, 1.32522347])"
522,7227,42501,"array([5.08354101, 1.36842145])"
523,7227,35329,"array([5.11375435, 1.35562966])"
524,7227,32718,"array([5.15337058, 1.38868401])"
525,7227,39572,"array([5.11634525, 1.40217661])"
526,7227,39753,"array([5.12852638, 1.38896107])"
527,7227,40015,"array([5.13400133, 1.38281238])"
528,7227,43700,"array([5.11136861, 1.2874467 ])"
529,7227,35330,"array([4.95446727, 1.28986629])"
530,7227,36491,"array([5.00040112, 1.31803702])"
531,7227,35331,"array([5.30953437, 1.43856803])"
532,7227,31773,"array([5.24983075, 1.4318338 ])"
533,7227,35332,"array([5.19489713, 1.38984494])"
534,7227,35335,"array([4.95001403, 1.25979669])"
535,7227,39063,"array([4.9904609, 1.288397 ])"
536,7227,35336,"array([5.12796401, 1.5212449 ])"
537,7227,34338,"array([5.11643673, 1.54462491])"
538,7227,35425,"array([5.11107185, 1.38069065])"
539,7227,41398,"array([5.10097858, 1.37992057])"
540,7227,43916,"array([5.10132569, 1.35936261])"
541,7227,35341,"array([5.03486878, 1.53896023])"
542,7227,37785,"array([5.06604234, 1.4841988 ])"
543,7227,35343,"array([5.0347147 , 1.45970404])"
544,7227,37929,"array([5.01639788, 1.47022945])"
545,7227,42064,"array([5.01583723, 1.43678109])"
546,7227,318824,"array([5.03987141, 1.50186551])"
547,7227,35353,"array([4.98140131, 1.38371752])"
548,7227,44096,"array([5.05178414, 1.38599951])"
549,7227,35359,"array([5.14974883, 1.35587699])"
550,7227,33014,"array([5.09496317, 1.30186522])"
551,7227,33418,"array([5.10956016, 1.3673587 ])"
552,7227,33458,"array([5.14047299, 1.3823696 ])"
553,7227,35847,"array([5.15044671, 1.40003501])"
554,7227,35933,"array([5.16062776, 1.40089726])"
555,7227,39881,"array([5.18520483, 1.36501031])"
556,7227,42192,"array([5.19802388, 1.36554794])"
557,7227,42841,"array([5.13935706, 1.33497789])"
558,7227,35364,"array([5.10039216, 1.27406145])"
559,7227,35366,"array([5.11821173, 1.51782767])"
560,7227,35368,"array([5.08037056, 1.36392331])"
561,7227,32585,"array([5.03738333, 1.37625532])"
562,7227,32780,"array([5.04487124, 1.37568822])"
563,7227,40090,"array([5.08370976, 1.40139226])"
564,7227,35370,"array([5.11720981, 1.27390227])"
565,7227,36384,"array([5.08160942, 1.31401359])"
566,7227,42367,"array([5.15614778, 1.31521017])"
567,7227,35376,"array([5.15924217, 1.39164692])"
568,7227,45307,"array([5.10452636, 1.38221539])"
569,7227,35378,"array([5.06503227, 1.39791952])"
570,7227,39052,"array([5.07749051, 1.37877013])"
571,7227,35380,"array([5.13548981, 1.34051991])"
572,7227,40848,"array([5.06983192, 1.31514927])"
573,7227,42327,"array([5.09313292, 1.3819754 ])"
574,7227,35381,"array([5.19867221, 1.45256968])"
575,7227,34794,"array([5.25583698, 1.46942942])"
576,7227,40973,"array([5.25251788, 1.48527727])"
577,7227,41703,"array([5.22012388, 1.48371171])"
578,7227,41941,"array([5.25643821, 1.47648081])"
579,7227,35397,"array([5.19343666, 1.42633504])"
580,7227,40092,"array([5.15244058, 1.42299425])"
581,7227,43229,"array([5.14437377, 1.4011714 ])"
582,7227,35398,"array([5.18165932, 1.4399017 ])"
583,7227,37724,"array([5.22334864, 1.46884693])"
584,7227,40045,"array([5.15523033, 1.42161948])"
585,7227,35411,"array([5.20397862, 1.38066068])"
586,7227,35414,"array([5.10594238, 1.56531665])"
587,7227,35419,"array([4.97107884, 1.35041389])"
588,7227,31234,"array([5.03787748, 1.36104434])"
589,7227,35420,"array([5.07971716, 1.43717859])"
590,7227,35430,"array([5.13237382, 1.45482487])"
591,7227,43434,"array([5.06013712, 1.4118209 ])"
592,7227,35424,"array([4.37687915, 1.32910954])"
593,7227,34268,"array([4.37149662, 1.33969484])"
594,7227,38001,"array([5.09096804, 1.36261085])"
595,7227,39643,"array([5.11975363, 1.3275524 ])"
596,7227,3354888,"array([5.10707797, 1.41137791])"
597,7227,31227,"array([5.08320756, 1.48295761])"
598,7227,31665,"array([5.11547549, 1.42494638])"
599,7227,32579,"array([5.1829357 , 1.51312314])"
600,7227,35662,"array([5.15579366, 1.41315271])"
601,7227,37412,"array([5.10338526, 1.48006395])"
602,7227,39439,"array([5.15782851, 1.44583464])"
603,7227,40835,"array([5.14007522, 1.45530017])"
604,7227,41273,"array([5.13244078, 1.4423732 ])"
605,7227,43275,"array([5.11943651, 1.43350166])"
606,7227,43764,"array([5.17029949, 1.4393031 ])"
607,7227,43767,"array([5.14655026, 1.41909281])"
608,7227,44272,"array([5.11703785, 1.53015397])"
609,7227,35473,"array([4.34645507, 1.5294414 ])"
610,7227,35498,"array([4.34691494, 1.54134268])"
611,7227,35478,"array([5.00761791, 1.38135569])"
612,7227,36460,"array([5.0482014 , 1.35774544])"
613,7227,35480,"array([5.02590577, 1.46342397])"
614,7227,35483,"array([5.15322074, 1.45206231])"
615,7227,33059,"array([5.1399748 , 1.46773899])"
616,7227,38012,"array([5.15539653, 1.44282712])"
617,7227,45655,"array([5.16395348, 1.41438022])"
618,7227,35486,"array([5.15249207, 1.45693542])"
619,7227,31869,"array([5.13244599, 1.43913916])"
620,7227,34595,"array([5.1539757 , 1.44869476])"
621,7227,36612,"array([5.1472898 , 1.44810378])"
622,7227,39203,"array([5.13385739, 1.42892401])"
623,7227,39434,"array([5.13662497, 1.48373777])"
624,7227,40133,"array([5.15169056, 1.43579769])"
625,7227,40358,"array([5.14318443, 1.43857702])"
626,7227,35501,"array([5.05954456, 1.44280031])"
627,7227,35505,"array([5.10417075, 1.31959987])"
628,7227,31023,"array([5.11023747, 1.48083485])"
629,7227,31230,"array([5.14985627, 1.45413317])"
630,7227,31379,"array([5.13726643, 1.42718978])"
631,7227,32275,"array([5.08008656, 1.41054196])"
632,7227,39493,"array([5.1491235 , 1.46230414])"
633,7227,40314,"array([5.11699203, 1.4223367 ])"
634,7227,40628,"array([5.15640537, 1.49795325])"
635,7227,41740,"array([5.1424612 , 1.46038819])"
636,7227,41824,"array([5.16211638, 1.49510935])"
637,7227,42162,"array([5.12874494, 1.44306699])"
638,7227,42177,"array([5.15685863, 1.46960654])"
639,7227,43056,"array([5.14831502, 1.49790048])"
640,7227,44226,"array([5.15366643, 1.41397183])"
641,7227,53566,"array([5.16816088, 1.50279376])"
642,7227,247776,"array([5.12967925, 1.52803537])"
643,7227,35513,"array([5.28486323, 1.37906529])"
644,7227,35579,"array([5.26036679, 1.3653228 ])"
645,7227,39626,"array([5.26589591, 1.36816518])"
646,7227,41342,"array([5.27092525, 1.36563994])"
647,7227,41605,"array([5.23439955, 1.39743866])"
648,7227,41975,"array([5.26068509, 1.37532123])"
649,7227,35514,"array([4.65173359, 0.80725661])"
650,7227,35813,"array([4.64577639, 0.81756907])"
651,7227,35522,"array([5.08845662, 1.3217059 ])"
652,7227,36001,"array([5.13157098, 1.38987781])"
653,7227,36495,"array([5.06485805, 1.24445017])"
654,7227,38798,"array([5.09896856, 1.3358033 ])"
655,7227,38958,"array([5.0895922 , 1.28264632])"
656,7227,39068,"array([5.06041943, 1.30011721])"
657,7227,39961,"array([5.13600987, 1.31916647])"
658,7227,40682,"array([5.04449849, 1.28097696])"
659,7227,40830,"array([5.07259573, 1.41684393])"
660,7227,40859,"array([5.02011264, 1.28865985])"
661,7227,42946,"array([5.06631302, 1.33584834])"
662,7227,43310,"array([5.06839479, 1.25816115])"
663,7227,44870,"array([5.07366287, 1.28747785])"
664,7227,252554,"array([5.1385331 , 1.39125201])"
665,7227,35523,"array([5.07736825, 1.40976191])"
666,7227,31228,"array([5.05145786, 1.33801787])"
667,7227,31579,"array([5.12847738, 1.32814447])"
668,7227,31955,"array([5.04125911, 1.37885477])"
669,7227,32158,"array([5.02726232, 1.34914651])"
670,7227,32428,"array([5.05735561, 1.38621441])"
671,7227,36390,"array([5.15796179, 1.42707532])"
672,7227,38504,"array([5.01613055, 1.40446133])"
673,7227,41627,"array([5.13304391, 1.46412943])"
674,7227,44799,"array([5.02094028, 1.40283277])"
675,7227,31075,"array([5.07067169, 1.38640103])"
676,7227,31872,"array([5.09159171, 1.41270193])"
677,7227,33156,"array([5.10885363, 1.37801357])"
678,7227,33602,"array([5.06886009, 1.4491511 ])"
679,7227,34132,"array([5.09226529, 1.4100146 ])"
680,7227,34790,"array([5.10415918, 1.40791868])"
681,7227,34881,"array([5.11418097, 1.43586282])"
682,7227,36057,"array([5.09944883, 1.39630813])"
683,7227,36059,"array([5.09231675, 1.41617958])"
684,7227,36377,"array([5.0794692 , 1.39450377])"
685,7227,36497,"array([5.09532051, 1.42363755])"
686,7227,41118,"array([5.10288949, 1.34778052])"
687,7227,42491,"array([5.06713158, 1.35475502])"
688,7227,43146,"array([5.07885116, 1.42320177])"
689,7227,43769,"array([5.11560392, 1.41432252])"
690,7227,44642,"array([5.14580685, 1.41060771])"
691,7227,45908,"array([5.10630025, 1.41882708])"
692,7227,49637,"array([5.07985671, 1.42905386])"
693,7227,5657241,"array([5.05628067, 1.43814826])"
694,7227,35526,"array([5.04760174, 1.43869889])"
695,7227,31521,"array([5.07479868, 1.41512783])"
696,7227,33462,"array([5.0617952 , 1.44927163])"
697,7227,35970,"array([5.06335187, 1.46528718])"
698,7227,42854,"array([5.06881858, 1.417264  ])"
699,7227,35528,"array([5.1770472 , 1.37898375])"
700,7227,42761,"array([5.18255904, 1.41412855])"
701,7227,35529,"array([5.06252675, 1.23122782])"
702,7227,31245,"array([5.07843179, 1.28907133])"
703,7227,35532,"array([4.9851276 , 1.27489145])"
704,7227,33389,"array([5.02933512, 1.31239786])"
705,7227,35536,"array([5.09602575, 1.32410987])"
706,7227,30971,"array([5.18708269, 1.49426382])"
707,7227,31149,"array([5.12591306, 1.43591978])"
708,7227,31165,"array([5.1347595, 1.4251102])"
709,7227,32169,"array([5.15984178, 1.415178  ])"
710,7227,32225,"array([5.15919354, 1.45304245])"
711,7227,32243,"array([5.2242592 , 1.43217182])"
712,7227,32301,"array([5.21597839, 1.46540318])"
713,7227,32661,"array([5.0703329 , 1.44282333])"
714,7227,32679,"array([5.21531448, 1.36711661])"
715,7227,32796,"array([5.1234678, 1.4111308])"
716,7227,33782,"array([5.07403724, 1.37299673])"
717,7227,34064,"array([5.24451399, 1.47646547])"
718,7227,34377,"array([5.11795479, 1.44148963])"
719,7227,34560,"array([5.14821685, 1.45704719])"
720,7227,35900,"array([5.15794663, 1.40070365])"
721,7227,36382,"array([5.13254617, 1.40666714])"
722,7227,37822,"array([5.20015557, 1.41326711])"
723,7227,37922,"array([5.22338371, 1.41031176])"
724,7227,40014,"array([5.13069581, 1.38698506])"
725,7227,40351,"array([5.15140878, 1.41573834])"
726,7227,41225,"array([5.14081137, 1.40448825])"
727,7227,41840,"array([5.13703187, 1.41395867])"
728,7227,42853,"array([5.17719844, 1.43552904])"
729,7227,43197,"array([5.17387916, 1.38715836])"
730,7227,43604,"array([5.19085426, 1.38066586])"
731,7227,44811,"array([5.12538575, 1.43088678])"
732,7227,47767,"array([5.20594216, 1.3423516 ])"
733,7227,12798012,"array([5.15495223, 1.42752331])"
734,7227,12798384,"array([5.15369911, 1.3942438 ])"
735,7227,35552,"array([5.01230257, 1.44255629])"
736,7227,35554,"array([5.12718677, 1.30957276])"
737,7227,31376,"array([5.13447933, 1.32405052])"
738,7227,31826,"array([5.1410807 , 1.29886083])"
739,7227,32340,"array([5.14327829, 1.27275354])"
740,7227,36337,"array([5.11706172, 1.31205364])"
741,7227,37356,"array([5.12634303, 1.35551203])"
742,7227,37536,"array([5.1177629 , 1.36657919])"
743,7227,40468,"array([5.15041685, 1.26503708])"
744,7227,40471,"array([5.14804201, 1.2605553 ])"
745,7227,40506,"array([5.11271364, 1.34840439])"
746,7227,36746,"array([5.08165792, 1.39599078])"
747,7227,38065,"array([5.1592737 , 1.37982376])"
748,7227,39537,"array([5.11989277, 1.4501787 ])"
749,7227,39564,"array([5.12210158, 1.38909567])"
750,7227,40863,"array([5.12671959, 1.44111798])"
751,7227,41084,"array([5.16143672, 1.40440069])"
752,7227,41095,"array([5.11643001, 1.43818248])"
753,7227,41612,"array([5.12042409, 1.40962979])"
754,7227,41883,"array([5.08526269, 1.43059996])"
755,7227,43080,"array([5.14545752, 1.45013511])"
756,7227,43093,"array([5.12902097, 1.43903807])"
757,7227,35559,"array([5.13970987, 1.3197242 ])"
758,7227,34402,"array([5.11789927, 1.28133856])"
759,7227,37546,"array([5.11509732, 1.36403185])"
760,7227,41709,"array([5.12648845, 1.3624158 ])"
761,7227,35560,"array([5.11844052, 1.44445107])"
762,7227,32965,"array([5.14426992, 1.46331121])"
763,7227,42757,"array([5.12381181, 1.41941578])"
764,7227,42954,"array([5.14310225, 1.4783631 ])"
765,7227,35563,"array([5.09761129, 1.39326001])"
766,7227,35564,"array([5.08803955, 1.26715804])"
767,7227,35569,"array([5.05767825, 1.47851382])"
768,7227,38736,"array([5.07878476, 1.4402762 ])"
769,7227,39596,"array([5.09563436, 1.44514078])"
770,7227,42380,"array([5.05716713, 1.52215057])"
771,7227,44433,"array([5.03641737, 1.49575   ])"
772,7227,35573,"array([5.85713208, 1.46036861])"
773,7227,246620,"array([5.8665733 , 1.45342072])"
774,7227,34890,"array([5.28175306, 1.34930529])"
775,7227,35580,"array([5.29363477, 1.3618433 ])"
776,7227,38976,"array([5.18843665, 1.37752963])"
777,7227,40271,"array([5.30082015, 1.36243988])"
778,7227,41847,"array([5.29673582, 1.34954201])"
779,7227,43533,"array([5.24894893, 1.3685471 ])"
780,7227,48805,"array([5.19484626, 1.37147716])"
781,7227,326167,"array([5.29885714, 1.35557829])"
782,7227,35583,"array([4.99832999, 1.44767576])"
783,7227,35584,"array([5.08744714, 1.43453935])"
784,7227,35588,"array([5.17876338, 1.37151602])"
785,7227,38244,"array([5.11018618, 1.39368402])"
786,7227,35592,"array([4.98509267, 1.42560039])"
787,7227,35595,"array([5.13819859, 1.5201733 ])"
788,7227,35596,"array([5.06042456, 1.39771788])"
789,7227,35600,"array([5.0308988 , 1.43406462])"
790,7227,35609,"array([5.0885499, 1.3333744])"
791,7227,40165,"array([5.12243122, 1.35969065])"
792,7227,35620,"array([5.19343713, 1.26528236])"
793,7227,35623,"array([5.04299282, 1.36013679])"
794,7227,35627,"array([5.02491129, 1.4937028 ])"
795,7227,35646,"array([5.12181414, 1.31159289])"
796,7227,35649,"array([5.1140668 , 1.33337816])"
797,7227,37687,"array([5.10067653, 1.26751194])"
798,7227,42077,"array([5.11883629, 1.32211645])"
799,7227,35652,"array([5.07020672, 1.35630285])"
800,7227,32429,"array([5.10391287, 1.35638597])"
801,7227,33262,"array([5.07376085, 1.38441654])"
802,7227,37528,"array([5.0634364 , 1.39488331])"
803,7227,38412,"array([5.09020255, 1.35723504])"
804,7227,40143,"array([5.09908141, 1.36409845])"
805,7227,44039,"array([5.08159042, 1.37526245])"
806,7227,35653,"array([5.17787109, 1.39725247])"
807,7227,31713,"array([5.18692237, 1.34939215])"
808,7227,32483,"array([5.22941752, 1.39835981])"
809,7227,32855,"array([5.15854333, 1.40663032])"
810,7227,34284,"array([5.13172212, 1.40302151])"
811,7227,35851,"array([5.14574819, 1.41435512])"
812,7227,36041,"array([5.20158052, 1.4178844 ])"
813,7227,41565,"array([5.18408667, 1.41058438])"
814,7227,35654,"array([5.19895908, 1.25708196])"
815,7227,42866,"array([5.16088094, 1.31436589])"
816,7227,35655,"array([4.81136087, 2.06941586])"
817,7227,38098,"array([4.82281523, 2.07181946])"
818,7227,35656,"array([5.05504176, 1.46433895])"
819,7227,33524,"array([5.00810524, 1.4313627 ])"
820,7227,35660,"array([5.09497714, 1.49410341])"
821,7227,36527,"array([5.14630305, 1.47924634])"
822,7227,40297,"array([5.22083883, 1.39487216])"
823,7227,42210,"array([5.18337907, 1.40598069])"
824,7227,42305,"array([5.16511174, 1.34129575])"
825,7227,49701,"array([5.1198098 , 1.38615894])"
826,7227,35677,"array([5.06129056, 1.44590484])"
827,7227,35679,"array([5.1948551, 1.5030512])"
828,7227,35683,"array([5.02939932, 1.42553192])"
829,7227,35692,"array([5.04731672, 1.29737626])"
830,7227,35693,"array([5.05549292, 1.30062089])"
831,7227,35694,"array([5.01762535, 1.33877088])"
832,7227,40462,"array([5.05876531, 1.35913486])"
833,7227,35696,"array([5.03289191, 1.34900242])"
834,7227,35713,"array([4.97481413, 1.41520825])"
835,7227,45775,"array([5.04204317, 1.41524808])"
836,7227,33496,"array([5.12433818, 1.41350945])"
837,7227,34376,"array([5.05349862, 1.43066991])"
838,7227,36118,"array([5.1419663 , 1.44243518])"
839,7227,38321,"array([5.0926945 , 1.44569419])"
840,7227,38389,"array([5.12203606, 1.43703035])"
841,7227,39349,"array([5.04605421, 1.51407845])"
842,7227,39909,"array([5.09395906, 1.40146037])"
843,7227,40549,"array([5.06907226, 1.42271779])"
844,7227,40828,"array([5.08936411, 1.44165397])"
845,7227,41697,"array([5.05754319, 1.49605637])"
846,7227,41770,"array([5.09191111, 1.42188953])"
847,7227,42186,"array([5.09929353, 1.42446133])"
848,7227,42564,"array([5.0571926 , 1.40389405])"
849,7227,42822,"array([5.09593888, 1.44081028])"
850,7227,43656,"array([5.08677951, 1.48249798])"
851,7227,44052,"array([5.09368007, 1.46467316])"
852,7227,45325,"array([5.1086232, 1.4659639])"
853,7227,53560,"array([5.09886979, 1.43092402])"
854,7227,5657227,"array([5.04487326, 1.45742039])"
855,7227,5657228,"array([5.01157445, 1.50256156])"
856,7227,5657229,"array([5.03987177, 1.51779513])"
857,7227,5657230,"array([5.03188007, 1.5079629 ])"
858,7227,5657231,"array([5.02641176, 1.51770433])"
859,7227,5657232,"array([5.06347954, 1.47806133])"
860,7227,5657233,"array([5.02629838, 1.50579634])"
861,7227,5657234,"array([5.04178235, 1.52644873])"
862,7227,5657235,"array([5.02259569, 1.52220145])"
863,7227,5657236,"array([5.06028979, 1.47486715])"
864,7227,5657237,"array([5.04600669, 1.46123184])"
865,7227,5657239,"array([5.01100088, 1.49557665])"
866,7227,5657240,"array([5.05162889, 1.46620051])"
867,7227,5657242,"array([5.01725349, 1.50460642])"
868,7227,5657243,"array([5.01337093, 1.51401973])"
869,7227,5657244,"array([5.03739351, 1.52223398])"
870,7227,5657245,"array([5.06661547, 1.47463552])"
871,7227,5657246,"array([5.02021611, 1.50909517])"
872,7227,5657247,"array([5.01656623, 1.49834215])"
873,7227,5657248,"array([5.02204484, 1.50198246])"
874,7227,5657249,"array([5.03406931, 1.52745214])"
875,7227,5657250,"array([5.04565469, 1.47047234])"
876,7227,5657251,"array([5.02105554, 1.51424234])"
877,7227,5657252,"array([5.03687682, 1.5124187 ])"
878,7227,5657253,"array([5.00640437, 1.49904167])"
879,7227,5657254,"array([5.01297452, 1.50887678])"
880,7227,5657255,"array([5.03231889, 1.5199741 ])"
881,7227,5657256,"array([5.0262459 , 1.51137286])"
882,7227,5657257,"array([5.02803754, 1.52471212])"
883,7227,5657258,"array([5.01730611, 1.51855748])"
884,7227,5740204,"array([5.03171722, 1.51427513])"
885,7227,35724,"array([5.22993365, 1.46941187])"
886,7227,45830,"array([5.16596192, 1.43098447])"
887,7227,35730,"array([5.06521888, 1.33214758])"
888,7227,44289,"array([5.08377606, 1.37669112])"
889,7227,49260,"array([5.10307065, 1.3618249 ])"
890,7227,35731,"array([5.08751705, 1.40220788])"
891,7227,31805,"array([5.08381707, 1.36575605])"
892,7227,32930,"array([5.04616971, 1.38673168])"
893,7227,33107,"array([5.09593445, 1.37864501])"
894,7227,34681,"array([5.05675957, 1.38921461])"
895,7227,36032,"array([5.14399384, 1.40818482])"
896,7227,36732,"array([5.04356246, 1.40323638])"
897,7227,37778,"array([5.06871801, 1.39204179])"
898,7227,41607,"array([5.02990582, 1.40362155])"
899,7227,43725,"array([5.09549628, 1.40527143])"
900,7227,43835,"array([5.07576538, 1.4126907 ])"
901,7227,45380,"array([5.11713696, 1.37746404])"
902,7227,46000,"array([5.05577145, 1.41997251])"
903,7227,5657872,"array([5.06548314, 1.41440481])"
904,7227,35742,"array([5.1565734 , 1.35835886])"
905,7227,33569,"array([5.15180241, 1.34400869])"
906,7227,35759,"array([5.11922889, 1.35943764])"
907,7227,38654,"array([5.14407313, 1.36162589])"
908,7227,40201,"array([5.14935028, 1.35852535])"
909,7227,41432,"array([5.13987027, 1.36114156])"
910,7227,42000,"array([5.12130183, 1.37120153])"
911,7227,42549,"array([5.14628666, 1.37943816])"
912,7227,42862,"array([5.15777468, 1.3607975 ])"
913,7227,44543,"array([5.17447218, 1.39569372])"
914,7227,35747,"array([5.18848744, 1.5310372 ])"
915,7227,35756,"array([5.10155868, 1.43751128])"
916,7227,36638,"array([5.10975825, 1.35004849])"
917,7227,38516,"array([5.14715908, 1.38307308])"
918,7227,35761,"array([5.10009262, 1.35669683])"
919,7227,35762,"array([5.20311932, 1.31582738])"
920,7227,32677,"array([5.21023859, 1.31080499])"
921,7227,33399,"array([5.18625111, 1.30898558])"
922,7227,39550,"array([5.19679203, 1.31897926])"
923,7227,35771,"array([5.18636224, 1.41553836])"
924,7227,35773,"array([5.0793536 , 1.28012441])"
925,7227,43901,"array([5.09061075, 1.34642268])"
926,7227,35779,"array([5.00123637, 1.34279702])"
927,7227,35780,"array([5.10533329, 1.44734409])"
928,7227,37723,"array([5.07171901, 1.52022172])"
929,7227,27662248,"array([5.14432499, 1.40553172])"
930,7227,35781,"array([5.01878521, 1.45346591])"
931,7227,35783,"array([5.04195283, 1.38831572])"
932,7227,36993,"array([5.08772093, 1.43082596])"
933,7227,43654,"array([5.08328671, 1.36138005])"
934,7227,35784,"array([5.2254768 , 1.44926697])"
935,7227,35786,"array([5.08868413, 1.41433263])"
936,7227,35788,"array([5.12697279, 1.37238462])"
937,7227,42752,"array([5.08195547, 1.33774176])"
938,7227,42897,"array([5.0901471 , 1.40413806])"
939,7227,35790,"array([5.11081117, 1.33003441])"
940,7227,31399,"array([5.14320822, 1.28982992])"
941,7227,35793,"array([5.18143983, 1.3344952 ])"
942,7227,37203,"array([5.13666721, 1.35955138])"
943,7227,117332,"array([5.1440133 , 1.36679881])"
944,7227,35797,"array([5.17791014, 1.50755537])"
945,7227,38469,"array([5.06230668, 1.51519622])"
946,7227,35801,"array([5.12809409, 1.37781493])"
947,7227,39884,"array([5.17480367, 1.42128313])"
948,7227,35843,"array([5.16965875, 1.46732643])"
949,7227,42850,"array([5.15302306, 1.38558794])"
950,7227,35848,"array([5.05496516, 1.53591501])"
951,7227,32918,"array([5.08793497, 1.45866252])"
952,7227,36614,"array([5.08860882, 1.47176829])"
953,7227,38288,"array([5.03342178, 1.58459612])"
954,7227,40167,"array([5.02579971, 1.57901219])"
955,7227,42991,"array([5.04274631, 1.58691003])"
956,7227,30983,"array([5.10540933, 1.42682815])"
957,7227,32551,"array([5.14650733, 1.39080748])"
958,7227,33770,"array([5.12310787, 1.46803407])"
959,7227,34735,"array([5.14442043, 1.39353958])"
960,7227,36240,"array([5.15872969, 1.4244813 ])"
961,7227,36854,"array([5.15566145, 1.37285168])"
962,7227,38005,"array([5.11033735, 1.42717009])"
963,7227,38755,"array([5.1163228 , 1.35794221])"
964,7227,39013,"array([5.11268205, 1.42442795])"
965,7227,41086,"array([5.1811684 , 1.40924517])"
966,7227,42356,"array([5.12363315, 1.40798419])"
967,7227,42509,"array([5.18401576, 1.38326081])"
968,7227,43551,"array([5.19858926, 1.39033789])"
969,7227,44098,"array([5.1754956 , 1.43219935])"
970,7227,44378,"array([5.16414494, 1.4367904 ])"
971,7227,45318,"array([5.15349666, 1.43103178])"
972,7227,35859,"array([4.96122101, 1.24846215])"
973,7227,35862,"array([5.00246138, 1.35579592])"
974,7227,35865,"array([5.01248813, 1.3919138 ])"
975,7227,35878,"array([4.33549872, 1.30050946])"
976,7227,43555,"array([4.34094059, 1.28995279])"
977,7227,35881,"array([5.11843955, 1.34550287])"
978,7227,36104,"array([5.0588078 , 1.34726232])"
979,7227,31738,"array([5.21644449, 1.41717658])"
980,7227,33474,"array([5.17030359, 1.41645393])"
981,7227,5740414,"array([5.09213568, 1.3959665 ])"
982,7227,35910,"array([5.07408588, 1.26029966])"
983,7227,45815,"array([5.09000735, 1.32629389])"
984,7227,35913,"array([4.9985488 , 1.49956476])"
985,7227,12797995,"array([5.05381595, 1.46118852])"
986,7227,35922,"array([5.0960333, 1.3706287])"
987,7227,32162,"array([5.06598753, 1.36330172])"
988,7227,33245,"array([5.12095995, 1.4043444 ])"
989,7227,33613,"array([5.13417387, 1.38835995])"
990,7227,33627,"array([5.11459701, 1.40853683])"
991,7227,34166,"array([5.10254164, 1.34177989])"
992,7227,36125,"array([5.09661965, 1.36730015])"
993,7227,36139,"array([5.08469297, 1.39049705])"
994,7227,36213,"array([5.10477495, 1.33865577])"
995,7227,36747,"array([5.07759384, 1.35874062])"
996,7227,37038,"array([5.12087743, 1.39474756])"
997,7227,40246,"array([5.10748086, 1.33948534])"
998,7227,40701,"array([5.10000133, 1.3315324 ])"
999,7227,43319,"array([5.09668469, 1.38082683])"
1000,7227,43673,"array([5.09314495, 1.38868684])"
1001,7227,44011,"array([5.06322255, 1.41127083])"
1002,7227,45343,"array([5.07871589, 1.36807354])"
1003,7227,46027,"array([5.07504142, 1.36550114])"
1004,7227,35924,"array([5.07258625, 1.36713765])"
1005,7227,39981,"array([5.10961166, 1.32340185])"
1006,7227,35927,"array([5.16803861, 1.38672366])"
1007,7227,32976,"array([5.13615038, 1.40156614])"
1008,7227,35931,"array([5.14493148, 1.25546625])"
1009,7227,35932,"array([5.14108753, 1.48500462])"
1010,7227,34504,"array([5.12206255, 1.35636789])"
1011,7227,34543,"array([5.14984344, 1.40283028])"
1012,7227,35938,"array([5.12462703, 1.26092725])"
1013,7227,35939,"array([5.07367215, 1.46304898])"
1014,7227,35940,"array([5.10260169, 1.45337822])"
1015,7227,31381,"array([5.11833045, 1.45628887])"
1016,7227,40527,"array([5.13801537, 1.44878368])"
1017,7227,41025,"array([5.13611213, 1.47157933])"
1018,7227,44819,"array([5.15054763, 1.44661404])"
1019,7227,45355,"array([5.0772986 , 1.52044314])"
1020,7227,246439,"array([5.09474345, 1.43150272])"
1021,7227,35949,"array([5.13879676, 1.19974411])"
1022,7227,43508,"array([5.11958919, 1.25590008])"
1023,7227,35950,"array([5.09277182, 1.35412229])"
1024,7227,31554,"array([5.10831912, 1.37256493])"
1025,7227,33346,"array([5.09609862, 1.3902785 ])"
1026,7227,35955,"array([4.99913615, 1.39797775])"
1027,7227,35956,"array([5.08043621, 1.36008091])"
1028,7227,35966,"array([5.12948679, 1.35726954])"
1029,7227,53558,"array([5.15302273, 1.34093189])"
1030,7227,35969,"array([5.17985373, 1.33955229])"
1031,7227,36251,"array([5.17034616, 1.34972196])"
1032,7227,33716,"array([5.06852174, 1.46331324])"
1033,7227,34311,"array([5.12379502, 1.45051285])"
1034,7227,36576,"array([5.08910392, 1.45288976])"
1035,7227,37987,"array([5.03216402, 1.46890807])"
1036,7227,35971,"array([5.22830339, 1.35531481])"
1037,7227,38218,"array([5.16365361, 1.37225428])"
1038,7227,35974,"array([5.09741848, 1.28300055])"
1039,7227,32378,"array([5.02846785, 1.29827161])"
1040,7227,35975,"array([5.08741028, 1.43757693])"
1041,7227,34010,"array([5.07396877, 1.47981432])"
1042,7227,35979,"array([5.07548799, 1.47441888])"
1043,7227,35991,"array([5.2317608 , 1.47672456])"
1044,7227,41848,"array([5.17132682, 1.44927719])"
1045,7227,35997,"array([5.06170739, 1.4314438 ])"
1046,7227,34192,"array([5.07506154, 1.4066397 ])"
1047,7227,37949,"array([5.03648421, 1.40316395])"
1048,7227,39829,"array([5.01190835, 1.48132953])"
1049,7227,41248,"array([5.05580065, 1.39942881])"
1050,7227,43982,"array([5.04873951, 1.42604847])"
1051,7227,35998,"array([5.14047939, 1.38925974])"
1052,7227,53585,"array([5.16156422, 1.36855523])"
1053,7227,31084,"array([5.13546215, 1.3490062 ])"
1054,7227,34772,"array([5.10223633, 1.4060602 ])"
1055,7227,39440,"array([5.14204398, 1.41918237])"
1056,7227,40548,"array([5.18069617, 1.36645455])"
1057,7227,41446,"array([5.11651229, 1.34849264])"
1058,7227,42693,"array([5.10642389, 1.43690133])"
1059,7227,36002,"array([5.16441296, 1.35888131])"
1060,7227,39383,"array([5.15958441, 1.38601641])"
1061,7227,36003,"array([5.17961808, 1.27116025])"
1062,7227,32126,"array([5.18035684, 1.26375367])"
1063,7227,37629,"array([5.16514294, 1.24536951])"
1064,7227,42373,"array([5.21141428, 1.22636196])"
1065,7227,8673993,"array([5.20380439, 1.22390554])"
1066,7227,36010,"array([4.73039754, 0.74000691])"
1067,7227,33093,"array([4.71865559, 0.73804706])"
1068,7227,36015,"array([4.95005473, 1.34826846])"
1069,7227,36020,"array([5.19698969, 1.41254006])"
1070,7227,36030,"array([4.98715227, 1.37652084])"
1071,7227,31845,"array([5.19423297, 1.35152619])"
1072,7227,32624,"array([5.16009923, 1.397375  ])"
1073,7227,32801,"array([5.16069355, 1.47051491])"
1074,7227,34780,"array([5.13292052, 1.35858149])"
1075,7227,37655,"array([5.10636587, 1.40845795])"
1076,7227,44505,"array([5.09385078, 1.36364672])"
1077,7227,12798263,"array([5.20301105, 1.36766524])"
1078,7227,36033,"array([4.97536077, 1.59029222])"
1079,7227,3772015,"array([4.99949502, 1.55666899])"
1080,7227,31009,"array([5.13292793, 1.48566919])"
1081,7227,40834,"array([5.12268599, 1.48638003])"
1082,7227,40962,"array([5.11692551, 1.48531434])"
1083,7227,42542,"array([5.12752199, 1.54853776])"
1084,7227,43162,"array([5.12489526, 1.44729467])"
1085,7227,43650,"array([5.14810859, 1.47630872])"
1086,7227,45320,"array([5.10279899, 1.41363999])"
1087,7227,46156,"array([5.1344407 , 1.43148228])"
1088,7227,250302,"array([5.15836318, 1.47917146])"
1089,7227,36040,"array([5.14623324, 1.334582  ])"
1090,7227,33369,"array([5.1761941 , 1.31622668])"
1091,7227,33967,"array([5.17484356, 1.2830017 ])"
1092,7227,33968,"array([5.10073265, 1.39403256])"
1093,7227,37781,"array([5.08576167, 1.35504719])"
1094,7227,42807,"array([5.16743144, 1.27448284])"
1095,7227,42934,"array([5.21257221, 1.32234628])"
1096,7227,43747,"array([5.15568009, 1.36409185])"
1097,7227,36048,"array([5.03311915, 1.42876732])"
1098,7227,31581,"array([5.15944784, 1.32551686])"
1099,7227,31746,"array([5.11222094, 1.37779448])"
1100,7227,32358,"array([5.09734374, 1.37236513])"
1101,7227,32849,"array([5.1145368, 1.3441429])"
1102,7227,33212,"array([5.11766887, 1.40646268])"
1103,7227,34380,"array([5.11550479, 1.33951212])"
1104,7227,34763,"array([5.1591514 , 1.38265815])"
1105,7227,36252,"array([5.10206988, 1.30112336])"
1106,7227,36826,"array([5.08556806, 1.37421842])"
1107,7227,36914,"array([5.1439763 , 1.37617106])"
1108,7227,36990,"array([5.11113046, 1.34241988])"
1109,7227,37216,"array([5.1163045 , 1.31890283])"
1110,7227,38413,"array([5.16147413, 1.32057834])"
1111,7227,38613,"array([5.11220476, 1.35821572])"
1112,7227,38831,"array([5.10460876, 1.38877896])"
1113,7227,38863,"array([5.11695495, 1.35298232])"
1114,7227,39659,"array([5.09605195, 1.36196817])"
1115,7227,40048,"array([5.15262315, 1.34761392])"
1116,7227,41020,"array([5.1619627 , 1.35427087])"
1117,7227,41087,"array([5.07952454, 1.34491515])"
1118,7227,43558,"array([5.14054028, 1.3536419 ])"
1119,7227,3355163,"array([5.05616492, 1.40714222])"
1120,7227,3772547,"array([5.13523294, 1.39789062])"
1121,7227,31016,"array([5.13328169, 1.37546293])"
1122,7227,31309,"array([5.04909465, 1.36963876])"
1123,7227,31332,"array([5.1260523 , 1.38359954])"
1124,7227,31667,"array([5.05338356, 1.39716913])"
1125,7227,32817,"array([5.10983032, 1.38910143])"
1126,7227,33392,"array([5.11036538, 1.41056531])"
1127,7227,33991,"array([5.08337301, 1.34574999])"
1128,7227,34096,"array([5.10232134, 1.37172856])"
1129,7227,36606,"array([5.12414232, 1.44413885])"
1130,7227,37449,"array([5.14527056, 1.39778271])"
1131,7227,37741,"array([5.06064629, 1.35623635])"
1132,7227,39842,"array([5.12518675, 1.4382908 ])"
1133,7227,43749,"array([5.06058607, 1.39358177])"
1134,7227,43867,"array([5.08562355, 1.34979307])"
1135,7227,44111,"array([5.10636647, 1.3763511 ])"
1136,7227,44353,"array([5.03020637, 1.39853581])"
1137,7227,44851,"array([5.09291225, 1.37794085])"
1138,7227,33845,"array([5.04623302, 1.41554702])"
1139,7227,39329,"array([5.06149286, 1.42497008])"
1140,7227,12798465,"array([5.03860988, 1.45670303])"
1141,7227,36060,"array([5.14829422, 1.30446214])"
1142,7227,31406,"array([5.15280036, 1.31744073])"
1143,7227,44207,"array([5.18170745, 1.29517566])"
1144,7227,36072,"array([5.02230188, 1.46718359])"
1145,7227,36073,"array([5.15257913, 1.39191588])"
1146,7227,34495,"array([5.16457002, 1.39163516])"
1147,7227,36080,"array([4.97287392, 1.4655758 ])"
1148,7227,38196,"array([4.92811418, 1.48393982])"
1149,7227,40791,"array([4.93305493, 1.49218721])"
1150,7227,36102,"array([5.03583502, 1.37951763])"
1151,7227,33204,"array([5.05199721, 1.3231381 ])"
1152,7227,37037,"array([5.01012365, 1.3060721 ])"
1153,7227,38765,"array([5.06088424, 1.39020003])"
1154,7227,53569,"array([5.03821622, 1.34223145])"
1155,7227,36107,"array([5.13731037, 1.45287975])"
1156,7227,39419,"array([5.13152896, 1.43548018])"
1157,7227,36431,"array([5.14555192, 1.43943809])"
1158,7227,41168,"array([5.14785036, 1.4454081 ])"
1159,7227,41491,"array([5.11406698, 1.43177215])"
1160,7227,36122,"array([5.17355247, 1.46193191])"
1161,7227,32627,"array([5.08125108, 1.30269001])"
1162,7227,33619,"array([5.1141327 , 1.41185283])"
1163,7227,40225,"array([5.1223662 , 1.32349811])"
1164,7227,41852,"array([5.02461471, 1.38793938])"
1165,7227,36127,"array([5.02303535, 1.26272915])"
1166,7227,34626,"array([5.00718871, 1.29779876])"
1167,7227,44410,"array([4.98958537, 1.22494807])"
1168,7227,36133,"array([5.19808456, 1.48643829])"
1169,7227,32200,"array([5.03226233, 1.37976874])"
1170,7227,34170,"array([5.10927871, 1.38676502])"
1171,7227,40849,"array([5.06728686, 1.4677886 ])"
1172,7227,45374,"array([5.07424606, 1.33711977])"
1173,7227,50454,"array([5.07532388, 1.34302198])"
1174,7227,318886,"array([5.03520785, 1.37221293])"
1175,7227,326109,"array([5.04275839, 1.35029325])"
1176,7227,36146,"array([5.07199104, 1.34415862])"
1177,7227,36161,"array([4.97288637, 1.31502817])"
1178,7227,34251,"array([5.03191987, 1.34141872])"
1179,7227,36171,"array([5.09699398, 1.3993296 ])"
1180,7227,31251,"array([5.08405767, 1.32793664])"
1181,7227,38872,"array([5.03161552, 1.36432693])"
1182,7227,40240,"array([5.13846847, 1.39884265])"
1183,7227,5657873,"array([5.07542477, 1.42371249])"
1184,7227,31816,"array([5.11279058, 1.36784561])"
1185,7227,47594,"array([5.09978064, 1.37637556])"
1186,7227,36183,"array([5.00310313, 1.25752186])"
1187,7227,32534,"array([5.04163265, 1.30458253])"
1188,7227,36209,"array([5.19129521, 1.43408899])"
1189,7227,38816,"array([5.23618125, 1.44746919])"
1190,7227,39558,"array([5.19683714, 1.43739197])"
1191,7227,36210,"array([5.23038063, 1.42328471])"
1192,7227,33349,"array([5.1141881 , 1.30717017])"
1193,7227,44835,"array([5.14781565, 1.35233096])"
1194,7227,12798128,"array([5.06965626, 1.38042173])"
1195,7227,12798262,"array([5.12047782, 1.27690754])"
1196,7227,36227,"array([5.09364397, 1.54713715])"
1197,7227,36238,"array([5.15920747, 1.44249908])"
1198,7227,37069,"array([5.16153098, 1.443872  ])"
1199,7227,43819,"array([5.14009112, 1.45807324])"
1200,7227,3355130,"array([5.17323562, 1.46923282])"
1201,7227,36239,"array([5.17104669, 1.42179703])"
1202,7227,36571,"array([5.14691024, 1.42819061])"
1203,7227,44889,"array([5.15320965, 1.44223264])"
1204,7227,32567,"array([5.15204993, 1.46898352])"
1205,7227,34669,"array([5.12647163, 1.45254906])"
1206,7227,247254,"array([5.22632308, 1.4274003 ])"
1207,7227,36241,"array([5.14266725, 1.41402944])"
1208,7227,34127,"array([5.1250985 , 1.37795773])"
1209,7227,36242,"array([5.08282774, 1.50206623])"
1210,7227,36246,"array([5.01005607, 1.32644697])"
1211,7227,36418,"array([5.22633437, 1.31786546])"
1212,7227,36255,"array([5.54292429, 2.02661983])"
1213,7227,36258,"array([5.55450794, 2.02910931])"
1214,7227,36262,"array([5.14519681, 1.32393442])"
1215,7227,40155,"array([5.11896454, 1.33202406])"
1216,7227,43514,"array([5.13459742, 1.35475219])"
1217,7227,36263,"array([5.14884241, 1.3317711 ])"
1218,7227,41673,"array([5.13220504, 1.36506794])"
1219,7227,36264,"array([5.06738034, 1.37907092])"
1220,7227,42126,"array([5.06391095, 1.35433329])"
1221,7227,36266,"array([5.12713164, 1.35164037])"
1222,7227,36748,"array([5.12405448, 1.39638472])"
1223,7227,36271,"array([5.08655775, 1.4991247 ])"
1224,7227,36273,"array([5.31034754, 1.36339532])"
1225,7227,36276,"array([5.08875753, 1.37352222])"
1226,7227,36277,"array([5.23801825, 1.46086963])"
1227,7227,39628,"array([5.17370683, 1.43466272])"
1228,7227,36278,"array([5.14837036, 1.52321054])"
1229,7227,36281,"array([5.15761254, 1.31221141])"
1230,7227,41756,"array([5.17109503, 1.3296752 ])"
1231,7227,36283,"array([5.03243476, 1.43960095])"
1232,7227,43832,"array([5.07658642, 1.42029775])"
1233,7227,36285,"array([4.98840183, 1.44473236])"
1234,7227,36286,"array([5.17348806, 1.39931539])"
1235,7227,31187,"array([5.21202515, 1.41635926])"
1236,7227,36290,"array([5.29380476, 1.446111  ])"
1237,7227,48228,"array([5.2379883 , 1.43050214])"
1238,7227,36295,"array([5.06738664, 1.43285368])"
1239,7227,53425,"array([5.05328332, 1.44742927])"
1240,7227,36300,"array([5.10445315, 1.3163932 ])"
1241,7227,36304,"array([5.17827134, 1.41296165])"
1242,7227,36306,"array([4.99675409, 1.39393822])"
1243,7227,36307,"array([5.04028284, 1.45060921])"
1244,7227,36318,"array([5.13315159, 1.49761289])"
1245,7227,31162,"array([5.13070404, 1.42182915])"
1246,7227,36328,"array([5.07082201, 1.2771272 ])"
1247,7227,39015,"array([5.04708168, 1.31450247])"
1248,7227,49090,"array([5.06767726, 1.34324542])"
1249,7227,247838,"array([5.01385006, 1.27160099])"
1250,7227,3354992,"array([5.01830097, 1.28250808])"
1251,7227,43950,"array([5.11186392, 1.31864126])"
1252,7227,36361,"array([5.16307583, 1.38034627])"
1253,7227,36372,"array([5.38885161, 0.67273625])"
1254,7227,36373,"array([5.39393932, 0.68342085])"
1255,7227,32398,"array([5.14072924, 1.40137787])"
1256,7227,32400,"array([5.0864117 , 1.39672327])"
1257,7227,34453,"array([5.02879363, 1.38624018])"
1258,7227,37603,"array([5.07532444, 1.38144418])"
1259,7227,38578,"array([5.08147964, 1.3995798 ])"
1260,7227,39717,"array([5.07569173, 1.39016014])"
1261,7227,42103,"array([5.01113047, 1.40201948])"
1262,7227,44522,"array([5.08175234, 1.39206648])"
1263,7227,44839,"array([5.09420337, 1.45902832])"
1264,7227,46015,"array([5.10156161, 1.42947914])"
1265,7227,34411,"array([5.11618739, 1.36946797])"
1266,7227,39431,"array([5.14461437, 1.35769111])"
1267,7227,40141,"array([5.17290994, 1.41417573])"
1268,7227,41836,"array([5.16520141, 1.44579889])"
1269,7227,36383,"array([5.02493371, 1.41706872])"
1270,7227,32119,"array([5.03377144, 1.36901921])"
1271,7227,41569,"array([5.06530813, 1.44579839])"
1272,7227,33473,"array([5.02548671, 1.32290117])"
1273,7227,40148,"array([5.06191799, 1.25187596])"
1274,7227,40224,"array([5.11846876, 1.3041639 ])"
1275,7227,40664,"array([5.10371214, 1.36462105])"
1276,7227,43002,"array([5.05350089, 1.25422375])"
1277,7227,49297,"array([5.09526105, 1.37601255])"
1278,7227,36385,"array([5.25113278, 1.38335109])"
1279,7227,36386,"array([5.0127872 , 1.33082795])"
1280,7227,36769,"array([5.22961567, 1.45124606])"
1281,7227,38145,"array([5.15955793, 1.45962497])"
1282,7227,38565,"array([5.12763975, 1.42100548])"
1283,7227,43751,"array([5.24850872, 1.45233015])"
1284,7227,36393,"array([5.32227816, 1.35403991])"
1285,7227,36395,"array([5.03755994, 1.30738032])"
1286,7227,36405,"array([5.12060101, 1.24231039])"
1287,7227,39160,"array([5.11233471, 1.30440516])"
1288,7227,36411,"array([5.10228005, 1.42026683])"
1289,7227,31589,"array([5.11656404, 1.4309564 ])"
1290,7227,37549,"array([5.09596135, 1.46173475])"
1291,7227,40620,"array([5.10728671, 1.39447334])"
1292,7227,36415,"array([5.19717556, 1.3823673 ])"
1293,7227,36420,"array([5.10287915, 1.47172725])"
1294,7227,31442,"array([5.07399044, 1.49692975])"
1295,7227,32273,"array([5.11711424, 1.43416791])"
1296,7227,33981,"array([5.15324192, 1.39720539])"
1297,7227,34568,"array([5.15527524, 1.45492126])"
1298,7227,37387,"array([5.11535752, 1.38921595])"
1299,7227,39521,"array([5.15073797, 1.4059853 ])"
1300,7227,41868,"array([5.13223776, 1.4479427 ])"
1301,7227,48525,"array([5.16812758, 1.45744429])"
1302,7227,246846,"array([5.17477874, 1.48073785])"
1303,7227,3354994,"array([5.17048553, 1.43081671])"
1304,7227,3355136,"array([5.15836463, 1.42183445])"
1305,7227,36424,"array([5.22433347, 1.38870429])"
1306,7227,36426,"array([5.87185269, 1.15024036])"
1307,7227,39685,"array([5.88051386, 1.15842228])"
1308,7227,40231,"array([5.88310586, 1.14685068])"
1309,7227,36428,"array([5.28572816, 1.44129684])"
1310,7227,36432,"array([5.13768002, 1.42267243])"
1311,7227,40833,"array([5.14617891, 1.45461109])"
1312,7227,41850,"array([5.18770866, 1.44468945])"
1313,7227,44900,"array([5.12670196, 1.43316058])"
1314,7227,5657585,"array([5.15096615, 1.45959859])"
1315,7227,37973,"array([5.16256829, 1.46134613])"
1316,7227,36436,"array([5.05059152, 1.46975882])"
1317,7227,36440,"array([5.05061485, 1.19548103])"
1318,7227,36445,"array([5.02754781, 1.36207022])"
1319,7227,36447,"array([5.19506318, 1.30649073])"
1320,7227,36448,"array([5.06278192, 1.42034385])"
1321,7227,32543,"array([5.10494066, 1.40038933])"
1322,7227,33835,"array([5.11760321, 1.42830826])"
1323,7227,37587,"array([5.17284807, 1.44327961])"
1324,7227,37617,"array([5.16672453, 1.4397152 ])"
1325,7227,44059,"array([5.10797282, 1.38092686])"
1326,7227,5657946,"array([5.09891707, 1.4621237 ])"
1327,7227,5658003,"array([5.17894681, 1.42477448])"
1328,7227,5658004,"array([5.17959389, 1.43186024])"
1329,7227,5658005,"array([5.14834481, 1.46879343])"
1330,7227,5658006,"array([5.11475001, 1.47332321])"
1331,7227,5658007,"array([5.12658317, 1.47250965])"
1332,7227,5658008,"array([5.10364739, 1.46821081])"
1333,7227,12798504,"array([5.09693877, 1.47696375])"
1334,7227,36462,"array([5.18475177, 1.51856776])"
1335,7227,38457,"array([5.19928371, 1.50043686])"
1336,7227,38155,"array([4.95090503, 1.29657391])"
1337,7227,41014,"array([5.06102342, 1.25759221])"
1338,7227,36496,"array([5.11490568, 1.25213617])"
1339,7227,32569,"array([5.094051  , 1.39384115])"
1340,7227,32724,"array([5.10040933, 1.43373006])"
1341,7227,36498,"array([5.10750254, 1.2908313 ])"
1342,7227,40589,"array([5.07834079, 1.24461811])"
1343,7227,318206,"array([5.12685545, 1.37513988])"
1344,7227,36499,"array([4.98055119, 1.39445806])"
1345,7227,31499,"array([5.04915458, 1.39600365])"
1346,7227,36506,"array([5.18570767, 1.23845934])"
1347,7227,33477,"array([5.155657  , 1.28991447])"
1348,7227,36526,"array([4.96541199, 1.33415231])"
1349,7227,42034,"array([5.13112412, 1.46126402])"
1350,7227,42844,"array([5.15565054, 1.50745111])"
1351,7227,36538,"array([5.10170012, 1.39844758])"
1352,7227,44843,"array([5.0931271, 1.399111 ])"
1353,7227,36542,"array([5.06982797, 1.36867677])"
1354,7227,40680,"array([5.08597484, 1.41712792])"
1355,7227,42379,"array([5.05952045, 1.40659337])"
1356,7227,36543,"array([5.16595992, 1.38003374])"
1357,7227,43652,"array([5.15092681, 1.36795331])"
1358,7227,43873,"array([5.13737854, 1.38745058])"
1359,7227,36544,"array([5.11569317, 1.39541227])"
1360,7227,39429,"array([5.08252019, 1.35642407])"
1361,7227,39683,"array([5.12661352, 1.45545471])"
1362,7227,12798133,"array([5.11423857, 1.44864029])"
1363,7227,36546,"array([5.18855984, 1.30500647])"
1364,7227,36550,"array([5.11839597, 1.39479752])"
1365,7227,36551,"array([5.03613655, 1.31288775])"
1366,7227,36554,"array([5.07860904, 1.32149868])"
1367,7227,31707,"array([5.09592369, 1.45106174])"
1368,7227,34844,"array([5.13498138, 1.44248722])"
1369,7227,36682,"array([5.11625721, 1.47022722])"
1370,7227,40687,"array([5.15499735, 1.46633829])"
1371,7227,40966,"array([5.12234152, 1.34107497])"
1372,7227,41094,"array([5.11796703, 1.39015269])"
1373,7227,41387,"array([5.10010593, 1.36673519])"
1374,7227,43312,"array([5.13367171, 1.37931734])"
1375,7227,44548,"array([5.11020133, 1.40260834])"
1376,7227,44672,"array([5.12033627, 1.39169962])"
1377,7227,45959,"array([5.13468756, 1.36699735])"
1378,7227,50250,"array([5.19432087, 1.42310449])"
1379,7227,53562,"array([5.14081814, 1.41625286])"
1380,7227,36561,"array([5.21281555, 1.42096138])"
1381,7227,31789,"array([5.14219658, 1.41109738])"
1382,7227,36564,"array([5.21591524, 1.37873802])"
1383,7227,31204,"array([5.17339253, 1.38130034])"
1384,7227,326122,"array([5.15783506, 1.37614852])"
1385,7227,36565,"array([5.02622624, 1.47314766])"
1386,7227,34179,"array([5.11209576, 1.42924598])"
1387,7227,37089,"array([5.11120669, 1.41328939])"
1388,7227,41988,"array([5.14041386, 1.45111048])"
1389,7227,36575,"array([5.05321596, 1.48095061])"
1390,7227,33185,"array([5.12864472, 1.4185081 ])"
1391,7227,36578,"array([5.18127511, 1.32067052])"
1392,7227,33445,"array([5.1750448 , 1.33295071])"
1393,7227,36583,"array([5.17486049, 1.36531727])"
1394,7227,36585,"array([5.19178263, 1.28107793])"
1395,7227,36587,"array([5.07557975, 1.44896015])"
1396,7227,36589,"array([4.95861194, 1.30698151])"
1397,7227,32020,"array([4.92040334, 1.2823478 ])"
1398,7227,33427,"array([4.99373748, 1.30556956])"
1399,7227,43806,"array([4.9165251 , 1.29159149])"
1400,7227,36592,"array([5.07583777, 1.31508403])"
1401,7227,36603,"array([5.23193377, 1.44296327])"
1402,7227,36604,"array([5.12002318, 1.36275408])"
1403,7227,33161,"array([5.14162206, 1.51496603])"
1404,7227,34903,"array([5.09165988, 1.40715224])"
1405,7227,36678,"array([5.095747  , 1.42868061])"
1406,7227,40316,"array([5.18148361, 1.48206118])"
1407,7227,249850,"array([5.09968398, 1.51641997])"
1408,7227,40657,"array([5.13397648, 1.42073959])"
1409,7227,44703,"array([5.12823826, 1.4487259 ])"
1410,7227,44785,"array([5.17024072, 1.51605722])"
1411,7227,48071,"array([5.15603121, 1.45935216])"
1412,7227,36615,"array([5.12827315, 1.34649976])"
1413,7227,36619,"array([5.10856518, 1.43085087])"
1414,7227,41670,"array([5.09935253, 1.4697748 ])"
1415,7227,43415,"array([5.15458636, 1.40640163])"
1416,7227,36645,"array([5.14463882, 1.44396189])"
1417,7227,31265,"array([5.17244278, 1.50090781])"
1418,7227,44830,"array([5.14942221, 1.43090612])"
1419,7227,36651,"array([5.10104778, 1.24973675])"
1420,7227,31349,"array([5.10469461, 1.31145046])"
1421,7227,36658,"array([5.09040717, 1.45623907])"
1422,7227,36674,"array([5.09258747, 1.47926977])"
1423,7227,36681,"array([5.00199042, 1.44453287])"
1424,7227,36692,"array([5.08861088, 1.42688569])"
1425,7227,38723,"array([5.07091735, 1.41345341])"
1426,7227,43946,"array([5.11766253, 1.44801617])"
1427,7227,36694,"array([5.14224226, 1.39230402])"
1428,7227,36697,"array([5.28528364, 1.29366406])"
1429,7227,249950,"array([5.31634076, 1.28403972])"
1430,7227,3772069,"array([5.23322997, 1.3244394 ])"
1431,7227,36699,"array([5.09895934, 1.38185519])"
1432,7227,32898,"array([5.06438999, 1.37262592])"
1433,7227,32999,"array([5.08733561, 1.37687736])"
1434,7227,3355133,"array([5.08221087, 1.34881596])"
1435,7227,36702,"array([5.18990269, 1.34196613])"
1436,7227,39999,"array([5.15747925, 1.39518828])"
1437,7227,36718,"array([4.99136339, 1.31235074])"
1438,7227,33788,"array([5.04394737, 1.35432679])"
1439,7227,36726,"array([5.65535762, 0.90398593])"
1440,7227,32425,"array([5.64592495, 0.8965562 ])"
1441,7227,36727,"array([5.18804539, 1.27134296])"
1442,7227,34385,"array([5.1798028 , 1.30029282])"
1443,7227,36740,"array([5.03347744, 1.48446174])"
1444,7227,31166,"array([5.04006583, 1.46786125])"
1445,7227,38988,"array([4.99269892, 1.52649088])"
1446,7227,36741,"array([5.10883361, 1.44826161])"
1447,7227,43825,"array([5.11622556, 1.45434449])"
1448,7227,31000,"array([5.07112234, 1.43293935])"
1449,7227,32083,"array([5.09014508, 1.39243254])"
1450,7227,32746,"array([5.07829444, 1.35487099])"
1451,7227,33314,"array([5.04522406, 1.37931183])"
1452,7227,33726,"array([5.08223488, 1.40458677])"
1453,7227,39873,"array([5.08583245, 1.40842136])"
1454,7227,39958,"array([5.09652109, 1.38396186])"
1455,7227,45233,"array([5.0796439, 1.3730237])"
1456,7227,53573,"array([5.03745429, 1.4200887 ])"
1457,7227,36848,"array([5.04066814, 1.44318769])"
1458,7227,36750,"array([5.18295848, 1.44466399])"
1459,7227,36760,"array([4.95835567, 1.35789504])"
1460,7227,36772,"array([5.15854247, 1.5379455 ])"
1461,7227,31024,"array([5.08291394, 1.29892924])"
1462,7227,31683,"array([5.04354214, 1.31338455])"
1463,7227,33461,"array([5.09385619, 1.29320665])"
1464,7227,33777,"array([5.05839417, 1.30509459])"
1465,7227,33983,"array([5.10804795, 1.40491056])"
1466,7227,34070,"array([5.09675128, 1.34554967])"
1467,7227,34304,"array([5.04162801, 1.38282782])"
1468,7227,34496,"array([5.08838562, 1.29251154])"
1469,7227,34688,"array([5.11113706, 1.38479955])"
1470,7227,36846,"array([5.10403682, 1.39570817])"
1471,7227,39004,"array([5.06289966, 1.30523999])"
1472,7227,39297,"array([5.0832831 , 1.29431163])"
1473,7227,39533,"array([5.04688706, 1.34580022])"
1474,7227,44747,"array([5.12678716, 1.39963565])"
1475,7227,31292,"array([5.08768653, 1.31641071])"
1476,7227,32097,"array([5.10728576, 1.362002  ])"
1477,7227,32721,"array([5.04764603, 1.39017858])"
1478,7227,32743,"array([5.07741301, 1.36333353])"
1479,7227,33611,"array([5.07959285, 1.38325662])"
1480,7227,34633,"array([5.15552909, 1.38172549])"
1481,7227,36915,"array([5.0968471 , 1.35763382])"
1482,7227,38131,"array([5.10275159, 1.33527213])"
1483,7227,38232,"array([5.07032452, 1.37324575])"
1484,7227,40517,"array([5.09452158, 1.35178604])"
1485,7227,41958,"array([5.10606395, 1.3276888 ])"
1486,7227,43766,"array([5.06948275, 1.37668532])"
1487,7227,44071,"array([5.07673411, 1.32550671])"
1488,7227,44155,"array([5.09407224, 1.32091688])"
1489,7227,47998,"array([5.09028015, 1.38374359])"
1490,7227,49070,"array([5.08878777, 1.3597214 ])"
1491,7227,2768948,"array([5.09067114, 1.30497426])"
1492,7227,3355109,"array([5.13428448, 1.31293883])"
1493,7227,3355131,"array([5.10541199, 1.33175085])"
1494,7227,3355143,"array([5.08725433, 1.36953854])"
1495,7227,3771890,"array([5.09221377, 1.36630058])"
1496,7227,5658474,"array([5.06251952, 1.34794108])"
1497,7227,5658475,"array([5.08040085, 1.33299187])"
1498,7227,5658476,"array([5.07423197, 1.32181344])"
1499,7227,5658478,"array([5.08376177, 1.3198811 ])"
1500,7227,5658483,"array([5.0757978 , 1.33382033])"
1501,7227,36782,"array([5.61052695, 1.93149277])"
1502,7227,33373,"array([5.61743487, 1.92188104])"
1503,7227,36788,"array([5.09253301, 1.47442821])"
1504,7227,31425,"array([5.07209428, 1.37057256])"
1505,7227,39169,"array([5.17493265, 1.45855073])"
1506,7227,36793,"array([5.17143404, 1.34146884])"
1507,7227,36797,"array([5.04505366, 1.25500801])"
1508,7227,43385,"array([5.07475247, 1.31074055])"
1509,7227,36809,"array([4.95015144, 1.39592423])"
1510,7227,31002,"array([5.09964708, 1.34240929])"
1511,7227,31179,"array([5.00359644, 1.36520027])"
1512,7227,33863,"array([5.08192373, 1.43984694])"
1513,7227,38491,"array([5.01872213, 1.32713132])"
1514,7227,39130,"array([5.02419453, 1.34315515])"
1515,7227,39445,"array([5.09248904, 1.39120461])"
1516,7227,43392,"array([5.15101944, 1.43955746])"
1517,7227,44086,"array([5.07662763, 1.38695672])"
1518,7227,53472,"array([5.06178332, 1.37897122])"
1519,7227,36813,"array([5.17355931, 1.32541655])"
1520,7227,36816,"array([5.16852615, 1.49717259])"
1521,7227,36821,"array([5.1473826 , 1.36715752])"
1522,7227,40424,"array([4.98179401, 1.47799406])"
1523,7227,36853,"array([5.03728174, 1.29262492])"
1524,7227,33218,"array([5.1193293 , 1.40242286])"
1525,7227,40633,"array([5.21284079, 1.33549374])"
1526,7227,43236,"array([5.12456747, 1.34933193])"
1527,7227,44326,"array([5.21553001, 1.33965515])"
1528,7227,36864,"array([5.26400632, 1.41330266])"
1529,7227,12798161,"array([5.20414647, 1.4067545 ])"
1530,7227,36878,"array([5.14926038, 1.3207985 ])"
1531,7227,31806,"array([5.17259432, 1.27049245])"
1532,7227,37636,"array([5.15781596, 1.33657738])"
1533,7227,39251,"array([5.1322772 , 1.33800277])"
1534,7227,42004,"array([5.15978177, 1.25632476])"
1535,7227,44291,"array([5.16064209, 1.34295764])"
1536,7227,47877,"array([5.11494873, 1.37605842])"
1537,7227,36886,"array([5.05695202, 1.42831145])"
1538,7227,36897,"array([5.15877452, 1.2961349 ])"
1539,7227,32935,"array([5.12458159, 1.45743146])"
1540,7227,41561,"array([5.18415412, 1.34632943])"
1541,7227,43687,"array([5.08273358, 1.28988313])"
1542,7227,36920,"array([5.2474315 , 1.54078077])"
1543,7227,36926,"array([5.0397767 , 1.36409246])"
1544,7227,36927,"array([5.17577843, 1.38395406])"
1545,7227,36936,"array([5.67894057, 1.97054883])"
1546,7227,36937,"array([5.68880588, 1.96287085])"
1547,7227,32603,"array([5.01958885, 1.48003084])"
1548,7227,33638,"array([5.12350324, 1.3731074 ])"
1549,7227,33649,"array([5.00573237, 1.46849405])"
1550,7227,33655,"array([5.01043758, 1.47125419])"
1551,7227,37805,"array([5.08855901, 1.41841225])"
1552,7227,41265,"array([5.03656126, 1.40849622])"
1553,7227,44029,"array([5.05826675, 1.4665987 ])"
1554,7227,44920,"array([5.01055562, 1.46550976])"
1555,7227,33881,"array([5.07562765, 1.42703712])"
1556,7227,37123,"array([5.07601035, 1.43840359])"
1557,7227,38652,"array([5.12987955, 1.45390433])"
1558,7227,36956,"array([5.15425439, 1.52621897])"
1559,7227,36962,"array([5.08039633, 1.31051732])"
1560,7227,36963,"array([5.08820706, 1.2967065 ])"
1561,7227,36964,"array([5.0995113 , 1.49679266])"
1562,7227,36965,"array([5.18923766, 1.42603851])"
1563,7227,36966,"array([5.05931205, 1.46298137])"
1564,7227,36967,"array([5.16554368, 1.45431054])"
1565,7227,40168,"array([5.09375027, 1.34697284])"
1566,7227,43330,"array([5.1120554 , 1.27554812])"
1567,7227,36992,"array([5.07666988, 1.3301549 ])"
1568,7227,39610,"array([5.09351539, 1.3733695 ])"
1569,7227,32640,"array([5.09803727, 1.49215329])"
1570,7227,33419,"array([5.08452845, 1.38043171])"
1571,7227,33438,"array([5.02950762, 1.479349  ])"
1572,7227,34791,"array([5.10911603, 1.51828217])"
1573,7227,34850,"array([5.03536104, 1.48850833])"
1574,7227,37795,"array([5.1120617, 1.4604683])"
1575,7227,37844,"array([5.04384696, 1.49393449])"
1576,7227,40487,"array([5.07118989, 1.39467945])"
1577,7227,40916,"array([5.05334555, 1.50031425])"
1578,7227,41022,"array([5.04879323, 1.49522573])"
1579,7227,41783,"array([5.12095842, 1.41228285])"
1580,7227,42493,"array([5.04383296, 1.48871396])"
1581,7227,42665,"array([5.0488575, 1.3745272])"
1582,7227,43193,"array([5.0189239 , 1.38527316])"
1583,7227,43951,"array([5.08688402, 1.47821816])"
1584,7227,44018,"array([5.08337186, 1.47840564])"
1585,7227,44129,"array([5.09403225, 1.35805893])"
1586,7227,45338,"array([5.113507  , 1.49543971])"
1587,7227,45525,"array([5.13234402, 1.39921437])"
1588,7227,318604,"array([5.10873281, 1.47617854])"
1589,7227,36997,"array([4.88868446, 2.11403231])"
1590,7227,39195,"array([4.88552116, 2.12547161])"
1591,7227,36999,"array([5.09455946, 1.41181984])"
1592,7227,43651,"array([5.12413785, 1.38943971])"
1593,7227,37006,"array([4.96479892, 1.32683985])"
1594,7227,37007,"array([5.01569699, 1.45850018])"
1595,7227,37009,"array([5.06332   , 1.32204307])"
1596,7227,37014,"array([5.09651013, 1.43768307])"
1597,7227,39399,"array([5.09052472, 1.46082321])"
1598,7227,37015,"array([5.04591264, 1.37207907])"
1599,7227,37027,"array([5.07410523, 1.52781581])"
1600,7227,37028,"array([5.19510485, 1.33910621])"
1601,7227,37040,"array([5.16120016, 1.38869397])"
1602,7227,37042,"array([5.06867493, 1.28191352])"
1603,7227,38640,"array([5.091287  , 1.34034216])"
1604,7227,40300,"array([5.04222078, 1.23932456])"
1605,7227,37044,"array([5.15978012, 1.36292921])"
1606,7227,53578,"array([5.15279259, 1.31256613])"
1607,7227,34541,"array([5.02878513, 1.3904601 ])"
1608,7227,47082,"array([5.06445503, 1.41743527])"
1609,7227,37066,"array([5.1040572 , 1.30565604])"
1610,7227,37068,"array([5.2362815 , 1.41721609])"
1611,7227,31268,"array([5.17655656, 1.4670395 ])"
1612,7227,34708,"array([5.13361981, 1.38586253])"
1613,7227,40616,"array([5.16317428, 1.44017034])"
1614,7227,40793,"array([5.16304264, 1.4521209 ])"
1615,7227,43906,"array([5.13138293, 1.44515201])"
1616,7227,248175,"array([5.22538676, 1.47531142])"
1617,7227,41181,"array([5.09800042, 1.43529254])"
1618,7227,41591,"array([4.9864502 , 1.46149196])"
1619,7227,53567,"array([4.98343723, 1.45572534])"
1620,7227,37078,"array([5.09360604, 1.2485546 ])"
1621,7227,34007,"array([5.11057086, 1.42206943])"
1622,7227,37090,"array([5.17728356, 1.33604042])"
1623,7227,41162,"array([5.22649496, 1.2934371 ])"
1624,7227,37116,"array([5.04198996, 1.34641509])"
1625,7227,37121,"array([5.17067711, 1.30832903])"
1626,7227,32257,"array([5.13105018, 1.34862739])"
1627,7227,37131,"array([5.16453888, 1.31562449])"
1628,7227,43293,"array([5.20542825, 1.24983774])"
1629,7227,39078,"array([5.13011488, 1.31451125])"
1630,7227,37142,"array([5.04367257, 1.36946543])"
1631,7227,43163,"array([5.06754562, 1.34780757])"
1632,7227,37143,"array([5.18412243, 1.32491944])"
1633,7227,37147,"array([5.12569694, 1.36980844])"
1634,7227,37185,"array([5.08328285, 1.28342239])"
1635,7227,37188,"array([5.16235159, 1.47525739])"
1636,7227,37190,"array([5.04293932, 1.48261978])"
1637,7227,44013,"array([5.09406984, 1.45556754])"
1638,7227,37191,"array([5.18880444, 1.34543541])"
1639,7227,33003,"array([5.07177683, 1.42750936])"
1640,7227,39258,"array([5.02455901, 1.3575749 ])"
1641,7227,39826,"array([5.05842998, 1.36961628])"
1642,7227,39866,"array([5.06649916, 1.3827235 ])"
1643,7227,41062,"array([5.11554186, 1.37950128])"
1644,7227,317824,"array([5.11372442, 1.39999404])"
1645,7227,31543,"array([5.15174636, 1.35272923])"
1646,7227,33268,"array([5.14056376, 1.36687652])"
1647,7227,39106,"array([5.15139203, 1.37686268])"
1648,7227,40510,"array([5.14560532, 1.33969511])"
1649,7227,41071,"array([5.10917763, 1.31044172])"
1650,7227,37205,"array([5.04209982, 1.45393085])"
1651,7227,37206,"array([4.92844233, 1.4168211 ])"
1652,7227,37215,"array([4.98050227, 1.40117883])"
1653,7227,37218,"array([5.1689876 , 1.28023056])"
1654,7227,37230,"array([5.09316242, 1.31085855])"
1655,7227,37232,"array([5.04431131, 1.30218386])"
1656,7227,43828,"array([5.05928903, 1.37664727])"
1657,7227,37237,"array([5.15967632, 1.43554673])"
1658,7227,37238,"array([5.01602276, 1.29502486])"
1659,7227,41124,"array([5.05941014, 1.2960827 ])"
1660,7227,41365,"array([5.0202205 , 1.30731598])"
1661,7227,32948,"array([5.11279665, 1.39098259])"
1662,7227,33761,"array([5.16533518, 1.39883584])"
1663,7227,33882,"array([5.18780046, 1.39318172])"
1664,7227,34665,"array([5.14156476, 1.40691278])"
1665,7227,38489,"array([5.12877183, 1.36536303])"
1666,7227,40710,"array([5.12969502, 1.3923558 ])"
1667,7227,41320,"array([5.19008586, 1.41331094])"
1668,7227,42734,"array([5.16549781, 1.40209053])"
1669,7227,37254,"array([5.11879075, 1.3557526 ])"
1670,7227,37272,"array([5.0390947 , 1.33513697])"
1671,7227,38558,"array([5.01641762, 1.34472568])"
1672,7227,39663,"array([5.03411978, 1.33592508])"
1673,7227,44497,"array([5.07170332, 1.35934191])"
1674,7227,37286,"array([5.26690723, 1.40630592])"
1675,7227,37288,"array([5.18502196, 1.3794106 ])"
1676,7227,37289,"array([5.01872786, 1.42340841])"
1677,7227,39611,"array([5.06883395, 1.38429854])"
1678,7227,42810,"array([5.06630863, 1.42875543])"
1679,7227,37290,"array([5.19543522, 1.44186811])"
1680,7227,37325,"array([5.14750302, 2.16070568])"
1681,7227,318874,"array([5.13564299, 2.1629045 ])"
1682,7227,37336,"array([5.20495465, 1.41181257])"
1683,7227,42743,"array([5.15197165, 1.4119123 ])"
1684,7227,37342,"array([5.01660744, 1.35071295])"
1685,7227,37355,"array([5.07237554, 1.40834563])"
1686,7227,34673,"array([5.066317  , 1.43759448])"
1687,7227,42936,"array([5.11407292, 1.42194427])"
1688,7227,31329,"array([5.09791718, 1.3146621 ])"
1689,7227,31646,"array([5.00660674, 1.36872371])"
1690,7227,33220,"array([5.04094922, 1.37515656])"
1691,7227,33837,"array([5.13712774, 1.42980179])"
1692,7227,38047,"array([5.09106759, 1.37526972])"
1693,7227,38153,"array([5.06345618, 1.31224552])"
1694,7227,41136,"array([5.11092075, 1.34534691])"
1695,7227,41774,"array([5.07904708, 1.3177453 ])"
1696,7227,42889,"array([5.07608108, 1.34655734])"
1697,7227,43033,"array([5.17983512, 1.37987711])"
1698,7227,43096,"array([5.03479726, 1.39974162])"
1699,7227,44100,"array([5.10001659, 1.34833273])"
1700,7227,44861,"array([5.09801717, 1.40986396])"
1701,7227,47137,"array([5.05772268, 1.32915903])"
1702,7227,47873,"array([5.05872026, 1.45165437])"
1703,7227,53439,"array([5.10313987, 1.42376047])"
1704,7227,250337,"array([5.13906725, 1.41150701])"
1705,7227,5658037,"array([5.0365624 , 1.35658164])"
1706,7227,37400,"array([5.14333928, 1.26186483])"
1707,7227,37402,"array([5.05954851, 1.41496048])"
1708,7227,37403,"array([5.07343471, 1.41063161])"
1709,7227,37411,"array([5.1148875 , 1.33625897])"
1710,7227,32241,"array([5.08812016, 1.54579725])"
1711,7227,33388,"array([5.15808943, 1.47554814])"
1712,7227,34275,"array([5.13010278, 1.47341293])"
1713,7227,38090,"array([5.0751956 , 1.54342974])"
1714,7227,39581,"array([5.12181292, 1.42391528])"
1715,7227,39645,"array([5.07758094, 1.45343872])"
1716,7227,41056,"array([5.08223094, 1.54772358])"
1717,7227,37414,"array([5.08727129, 1.3072677 ])"
1718,7227,37415,"array([5.14308528, 1.33641417])"
1719,7227,39266,"array([5.11732875, 1.36360073])"
1720,7227,43739,"array([5.13377804, 1.34609569])"
1721,7227,37417,"array([5.05044007, 1.34839841])"
1722,7227,41138,"array([5.05594136, 1.3536196 ])"
1723,7227,37418,"array([5.00346693, 1.30465277])"
1724,7227,32406,"array([5.05470249, 1.34804818])"
1725,7227,37422,"array([5.15213884, 1.38271853])"
1726,7227,37428,"array([5.29542008, 1.26376418])"
1727,7227,39089,"array([5.26023909, 1.29659476])"
1728,7227,37439,"array([5.18046797, 1.25457862])"
1729,7227,37450,"array([5.2369329 , 1.42204264])"
1730,7227,37451,"array([5.13847622, 1.39550748])"
1731,7227,30981,"array([5.11673911, 1.45111333])"
1732,7227,31239,"array([5.12487811, 1.4054897 ])"
1733,7227,32547,"array([5.0829963 , 1.40823307])"
1734,7227,32876,"array([5.16352591, 1.40634691])"
1735,7227,33282,"array([5.14917718, 1.4255774 ])"
1736,7227,37573,"array([5.11161947, 1.43649719])"
1737,7227,38059,"array([5.07314089, 1.38848567])"
1738,7227,38071,"array([5.07263821, 1.37886024])"
1739,7227,38144,"array([5.08222753, 1.41901525])"
1740,7227,38160,"array([5.1141378 , 1.38527312])"
1741,7227,38539,"array([5.03068748, 1.34506899])"
1742,7227,39158,"array([5.11145201, 1.40571111])"
1743,7227,40081,"array([5.11087473, 1.37007437])"
1744,7227,40170,"array([5.13462378, 1.41478067])"
1745,7227,42160,"array([5.10873227, 1.42013177])"
1746,7227,42306,"array([5.10654124, 1.35446594])"
1747,7227,42560,"array([5.12291673, 1.47114032])"
1748,7227,44235,"array([5.13431477, 1.41177301])"
1749,7227,44317,"array([5.13202395, 1.42393727])"
1750,7227,44531,"array([5.10664994, 1.4408925 ])"
1751,7227,45328,"array([5.1351013 , 1.43383567])"
1752,7227,45339,"array([5.1458404 , 1.42415635])"
1753,7227,45931,"array([5.05369185, 1.3834933 ])"
1754,7227,47041,"array([5.14887879, 1.4149833 ])"
1755,7227,48630,"array([5.16828029, 1.40802977])"
1756,7227,49103,"array([5.12080934, 1.4275911 ])"
1757,7227,49407,"array([5.11598669, 1.46443911])"
1758,7227,53437,"array([5.10051915, 1.45655042])"
1759,7227,117353,"array([5.09008575, 1.44986761])"
1760,7227,246931,"array([5.0998254 , 1.47807765])"
1761,7227,247042,"array([5.05789504, 1.44824689])"
1762,7227,248160,"array([5.11078161, 1.45730574])"
1763,7227,250298,"array([5.08150133, 1.45099609])"
1764,7227,5656928,"array([5.07770841, 1.4888752 ])"
1765,7227,12798503,"array([5.14934706, 1.39283074])"
1766,7227,37456,"array([5.10016206, 1.58089988])"
1767,7227,40398,"array([5.10551614, 1.52274369])"
1768,7227,37458,"array([5.17308803, 1.36985529])"
1769,7227,37461,"array([5.07991986, 1.40201977])"
1770,7227,43481,"array([5.09852827, 1.38704803])"
1771,7227,37462,"array([5.13734616, 1.35225663])"
1772,7227,37464,"array([5.17208164, 1.36252409])"
1773,7227,37465,"array([5.13570768, 1.36214634])"
1774,7227,37467,"array([5.12381688, 1.33714263])"
1775,7227,38344,"array([5.14022781, 1.35008593])"
1776,7227,38913,"array([5.14214877, 1.36961231])"
1777,7227,37468,"array([4.96397976, 1.27431559])"
1778,7227,41379,"array([5.00296581, 1.30965813])"
1779,7227,37476,"array([5.1634817 , 1.49098007])"
1780,7227,37478,"array([5.18963442, 1.36493488])"
1781,7227,37480,"array([5.16743538, 1.45057298])"
1782,7227,37481,"array([5.16272862, 1.43347062])"
1783,7227,117294,"array([5.14417092, 1.41734165])"
1784,7227,37492,"array([4.42275665, 1.00961874])"
1785,7227,45960,"array([4.41242719, 1.0153932 ])"
1786,7227,37516,"array([5.185222  , 1.37492767])"
1787,7227,37517,"array([5.04933172, 1.33366811])"
1788,7227,32771,"array([5.06579318, 1.33988886])"
1789,7227,37521,"array([5.04814849, 1.35376951])"
1790,7227,34519,"array([5.07596147, 1.36939477])"
1791,7227,43402,"array([5.08747132, 1.37951694])"
1792,7227,44097,"array([5.05892604, 1.33542391])"
1793,7227,37523,"array([5.07707702, 1.27632021])"
1794,7227,31130,"array([4.99615695, 1.35819176])"
1795,7227,31565,"array([4.99682211, 1.38261304])"
1796,7227,32752,"array([5.07363776, 1.35024607])"
1797,7227,33834,"array([5.09222534, 1.38548298])"
1798,7227,34803,"array([4.99717132, 1.3876941 ])"
1799,7227,34843,"array([4.99099206, 1.36301057])"
1800,7227,39018,"array([5.09614879, 1.39681653])"
1801,7227,39612,"array([4.99888782, 1.40282636])"
1802,7227,39962,"array([5.07786478, 1.34942525])"
1803,7227,40739,"array([5.15361944, 1.44566389])"
1804,7227,41861,"array([5.05495862, 1.35755425])"
1805,7227,43838,"array([5.02974151, 1.36830211])"
1806,7227,45021,"array([5.05022665, 1.44116797])"
1807,7227,5740544,"array([5.08560708, 1.36242943])"
1808,7227,31095,"array([5.16182606, 1.3090592 ])"
1809,7227,31647,"array([5.1290434 , 1.40492792])"
1810,7227,41551,"array([5.10466398, 1.35942034])"
1811,7227,37552,"array([5.02315774, 1.3029862 ])"
1812,7227,39524,"array([5.04867727, 1.3264591 ])"
1813,7227,37554,"array([5.16255301, 1.48690685])"
1814,7227,37557,"array([5.01743424, 1.39131803])"
1815,7227,37559,"array([5.20033725, 1.35563165])"
1816,7227,37564,"array([5.13442883, 1.29974362])"
1817,7227,252655,"array([5.09347042, 1.51440508])"
1818,7227,37575,"array([5.02830445, 1.29274416])"
1819,7227,37581,"array([5.18123995, 1.45967194])"
1820,7227,37601,"array([5.13129748, 1.38316096])"
1821,7227,31011,"array([5.11042051, 1.33471733])"
1822,7227,42594,"array([5.08860835, 1.28838636])"
1823,7227,42496,"array([5.10573611, 1.40340511])"
1824,7227,49580,"array([5.19480668, 1.41635312])"
1825,7227,34592,"array([5.13497963, 1.40693349])"
1826,7227,39615,"array([5.12563223, 1.29416785])"
1827,7227,41566,"array([5.07455996, 1.2721881 ])"
1828,7227,42553,"array([5.12832474, 1.32217911])"
1829,7227,42971,"array([5.10067936, 1.353014  ])"
1830,7227,43719,"array([5.11869226, 1.33617841])"
1831,7227,44848,"array([5.11909962, 1.2945702 ])"
1832,7227,45826,"array([5.11160024, 1.35297346])"
1833,7227,45906,"array([5.0899986 , 1.31138885])"
1834,7227,59172,"array([5.08279853, 1.26808065])"
1835,7227,37619,"array([5.07779465, 1.53265821])"
1836,7227,37633,"array([5.10632435, 1.28415348])"
1837,7227,37637,"array([5.20157459, 1.4896255 ])"
1838,7227,34908,"array([5.08912099, 1.41133747])"
1839,7227,37681,"array([5.25251974, 1.51165139])"
1840,7227,37706,"array([5.30342863, 1.44359127])"
1841,7227,37720,"array([5.11138422, 1.3006133 ])"
1842,7227,40265,"array([5.03528883, 1.56622195])"
1843,7227,46326,"array([5.050575  , 1.57151706])"
1844,7227,12797892,"array([5.03201719, 1.55922242])"
1845,7227,12797956,"array([5.0578563 , 1.57262112])"
1846,7227,12798018,"array([5.04146329, 1.56122964])"
1847,7227,12798221,"array([5.04906663, 1.56413153])"
1848,7227,12798380,"array([5.04375   , 1.56896181])"
1849,7227,12798452,"array([5.08553584, 1.4724876 ])"
1850,7227,31848,"array([5.24755671, 1.46491599])"
1851,7227,32026,"array([5.2144826 , 1.48658324])"
1852,7227,33505,"array([5.20955992, 1.43561179])"
1853,7227,33847,"array([5.17598763, 1.44426013])"
1854,7227,33906,"array([5.16497441, 1.39552705])"
1855,7227,34242,"array([5.15240516, 1.41854517])"
1856,7227,34530,"array([5.28958738, 1.50220355])"
1857,7227,37730,"array([5.28158264, 1.4796712 ])"
1858,7227,38087,"array([5.21971401, 1.43963545])"
1859,7227,38221,"array([5.26268246, 1.46675523])"
1860,7227,38620,"array([5.27441986, 1.49143306])"
1861,7227,38644,"array([5.1500074 , 1.42000553])"
1862,7227,39836,"array([5.23826521, 1.49763118])"
1863,7227,40172,"array([5.27118658, 1.49869235])"
1864,7227,40723,"array([5.27019839, 1.48705871])"
1865,7227,41027,"array([5.27122197, 1.50485225])"
1866,7227,41262,"array([5.26590326, 1.50110436])"
1867,7227,41423,"array([5.26244709, 1.50654748])"
1868,7227,42314,"array([5.20803954, 1.43971763])"
1869,7227,42935,"array([5.17926911, 1.41650854])"
1870,7227,43016,"array([5.26528029, 1.51794082])"
1871,7227,43797,"array([5.26027824, 1.51270325])"
1872,7227,43913,"array([5.22088282, 1.44617768])"
1873,7227,43924,"array([5.20072116, 1.43541144])"
1874,7227,47906,"array([5.20805594, 1.47451157])"
1875,7227,318918,"array([5.25460604, 1.42110143])"
1876,7227,326215,"array([5.25890418, 1.51921607])"
1877,7227,5658298,"array([5.27667702, 1.49758332])"
1878,7227,5658299,"array([5.28024736, 1.49189849])"
1879,7227,5658300,"array([5.27625205, 1.4773307 ])"
1880,7227,5658301,"array([5.2828989 , 1.49764578])"
1881,7227,5658302,"array([5.28686268, 1.49000062])"
1882,7227,5658303,"array([5.25944773, 1.50042132])"
1883,7227,5658304,"array([5.26809943, 1.49368877])"
1884,7227,5658305,"array([5.287702  , 1.48220857])"
1885,7227,5658306,"array([5.26390845, 1.48776647])"
1886,7227,5658307,"array([5.28106668, 1.48601155])"
1887,7227,5658308,"array([5.26849863, 1.48070709])"
1888,7227,5658309,"array([5.2522367 , 1.51813786])"
1889,7227,5658310,"array([5.27534645, 1.50975903])"
1890,7227,5658311,"array([5.26172517, 1.49443897])"
1891,7227,5658312,"array([5.28425532, 1.47397997])"
1892,7227,5658313,"array([5.27781491, 1.4699557 ])"
1893,7227,5658314,"array([5.27536287, 1.48382541])"
1894,7227,5658315,"array([5.27108221, 1.51483144])"
1895,7227,5658316,"array([5.27123541, 1.47371439])"
1896,7227,5658317,"array([5.25570116, 1.50637943])"
1897,7227,5658318,"array([5.27855852, 1.50390011])"
1898,7227,5658319,"array([5.26711072, 1.50992622])"
1899,7227,32001,"array([5.14974088, 1.38563203])"
1900,7227,32007,"array([5.09347847, 1.32598968])"
1901,7227,33271,"array([5.17367587, 1.34988886])"
1902,7227,33283,"array([5.19137891, 1.3609599 ])"
1903,7227,39133,"array([5.08064833, 1.32872111])"
1904,7227,39483,"array([5.1334039 , 1.35153148])"
1905,7227,40044,"array([5.16989314, 1.33460485])"
1906,7227,40345,"array([5.14105068, 1.38590623])"
1907,7227,44496,"array([5.19142507, 1.35648254])"
1908,7227,37733,"array([5.14632134, 1.3466178 ])"
1909,7227,37734,"array([5.13714787, 1.40490187])"
1910,7227,37743,"array([5.14369991, 1.53684913])"
1911,7227,37755,"array([5.16260939, 1.34992659])"
1912,7227,37762,"array([5.03873775, 1.39408193])"
1913,7227,39259,"array([5.06200915, 1.37065735])"
1914,7227,31030,"array([5.0390367 , 1.32194667])"
1915,7227,38541,"array([5.03702776, 1.38401493])"
1916,7227,32160,"array([5.05103617, 1.39335791])"
1917,7227,32303,"array([5.04642512, 1.41213506])"
1918,7227,32589,"array([5.04763465, 1.36632979])"
1919,7227,37838,"array([5.0343002 , 1.41425095])"
1920,7227,40288,"array([5.0396622 , 1.39782443])"
1921,7227,41772,"array([5.10210994, 1.39108809])"
1922,7227,42249,"array([5.04668281, 1.34964585])"
1923,7227,42371,"array([5.04958654, 1.37767268])"
1924,7227,43804,"array([5.07392959, 1.35342022])"
1925,7227,44510,"array([5.06644452, 1.42011341])"
1926,7227,45280,"array([5.05161308, 1.40694969])"
1927,7227,37780,"array([5.00404942, 1.49063369])"
1928,7227,32977,"array([5.14359172, 1.37287231])"
1929,7227,43765,"array([5.05657496, 1.3192059 ])"
1930,7227,318095,"array([5.07735184, 1.28500373])"
1931,7227,12797939,"array([5.08281418, 1.42358264])"
1932,7227,37784,"array([5.10939866, 1.48649209])"
1933,7227,37790,"array([5.08250959, 1.34096767])"
1934,7227,53428,"array([5.08750684, 1.52840436])"
1935,7227,37798,"array([5.30234487, 1.46576053])"
1936,7227,37800,"array([5.02248982, 1.37249482])"
1937,7227,39054,"array([5.03110656, 1.35421195])"
1938,7227,39410,"array([5.00100646, 1.37288441])"
1939,7227,43997,"array([5.03890519, 1.42313288])"
1940,7227,326116,"array([5.05524636, 1.3373946 ])"
1941,7227,34896,"array([5.04867017, 1.3825604 ])"
1942,7227,40195,"array([5.05965093, 1.38251785])"
1943,7227,37820,"array([5.19742556, 1.33184534])"
1944,7227,37823,"array([5.17839037, 1.49666785])"
1945,7227,31813,"array([5.15504454, 1.48601177])"
1946,7227,33082,"array([5.18224009, 1.4285399 ])"
1947,7227,33532,"array([5.16257913, 1.50748373])"
1948,7227,34701,"array([5.16320417, 1.46767312])"
1949,7227,38451,"array([5.07302952, 1.47085423])"
1950,7227,38701,"array([5.15721782, 1.51632237])"
1951,7227,39079,"array([5.16511296, 1.49883162])"
1952,7227,39406,"array([5.19046624, 1.44996021])"
1953,7227,39491,"array([5.16110263, 1.4289401 ])"
1954,7227,43095,"array([5.16308599, 1.44826436])"
1955,7227,44965,"array([5.19696935, 1.41954581])"
1956,7227,48552,"array([5.15377713, 1.4384315 ])"
1957,7227,32631,"array([5.05994759, 1.36610696])"
1958,7227,41719,"array([5.03559438, 1.3650247 ])"
1959,7227,42389,"array([5.02884209, 1.35811046])"
1960,7227,40876,"array([5.00601809, 1.37420593])"
1961,7227,48232,"array([4.96214549, 1.3671526 ])"
1962,7227,317923,"array([4.99187449, 1.36949031])"
1963,7227,37846,"array([5.18365894, 1.39381106])"
1964,7227,37850,"array([5.01641929, 1.464951  ])"
1965,7227,32113,"array([5.16111593, 1.41014967])"
1966,7227,32979,"array([5.13909088, 1.40864182])"
1967,7227,33704,"array([5.07727923, 1.40096732])"
1968,7227,34392,"array([5.20256819, 1.39072436])"
1969,7227,38070,"array([5.1206964 , 1.40694979])"
1970,7227,38513,"array([5.11434273, 1.39740934])"
1971,7227,42634,"array([5.1450054 , 1.35416142])"
1972,7227,43288,"array([5.12076288, 1.38341875])"
1973,7227,2768852,"array([5.08608546, 1.38511292])"
1974,7227,12869582,"array([5.10899664, 1.46228708])"
1975,7227,37857,"array([5.13544597, 1.46660133])"
1976,7227,37859,"array([5.17439081, 1.44869739])"
1977,7227,39770,"array([5.23684638, 1.46932548])"
1978,7227,37873,"array([5.05972984, 1.48649564])"
1979,7227,37886,"array([5.10691184, 1.45083337])"
1980,7227,37888,"array([4.98732578, 1.30336624])"
1981,7227,42817,"array([5.13935009, 1.37559777])"
1982,7227,43999,"array([5.1161403 , 1.38335695])"
1983,7227,43190,"array([5.03282448, 1.45594154])"
1984,7227,44027,"array([5.14699418, 1.44206815])"
1985,7227,37893,"array([5.12260636, 1.38196807])"
1986,7227,37912,"array([5.20765494, 1.25706302])"
1987,7227,19893533,"array([5.23458012, 1.21790745])"
1988,7227,38797,"array([5.16353313, 1.28613631])"
1989,7227,37924,"array([5.03206555, 1.44582558])"
1990,7227,37925,"array([5.19358634, 1.33257082])"
1991,7227,37926,"array([5.20415958, 1.3860804 ])"
1992,7227,43717,"array([4.97583624, 1.4992119 ])"
1993,7227,37946,"array([5.25115957, 1.28679973])"
1994,7227,32260,"array([5.21701547, 1.31075237])"
1995,7227,44149,"array([5.22180903, 1.31209589])"
1996,7227,39215,"array([5.00009289, 1.40774065])"
1997,7227,43212,"array([4.98156936, 1.37774065])"
1998,7227,37950,"array([4.97498872, 1.37970728])"
1999,7227,37960,"array([5.21234226, 1.38963925])"
2000,7227,37961,"array([5.10634945, 1.47010827])"
2001,7227,37962,"array([5.12385289, 1.47570102])"
2002,7227,41483,"array([5.14120387, 1.48115792])"
2003,7227,37967,"array([5.07088776, 1.31092119])"
2004,7227,39064,"array([5.06086138, 1.32510746])"
2005,7227,43474,"array([5.03358341, 1.2969577 ])"
2006,7227,39091,"array([5.14091768, 1.42638201])"
2007,7227,37978,"array([5.13247738, 1.30373404])"
2008,7227,41919,"array([5.13512391, 1.25878884])"
2009,7227,42253,"array([5.13856041, 1.32441974])"
2010,7227,37981,"array([5.78614559, 1.75032578])"
2011,7227,44195,"array([5.79802724, 1.75088108])"
2012,7227,37985,"array([5.25836768, 1.39406764])"
2013,7227,37989,"array([5.15342902, 1.5389699 ])"
2014,7227,37995,"array([5.10474117, 1.47479341])"
2015,7227,37996,"array([5.21120798, 1.46009103])"
2016,7227,34882,"array([5.13354167, 1.36935207])"
2017,7227,40032,"array([5.05207193, 1.35279747])"
2018,7227,42091,"array([5.07699764, 1.38355985])"
2019,7227,42922,"array([5.09805356, 1.31905099])"
2020,7227,44855,"array([5.10678782, 1.38802512])"
2021,7227,49474,"array([5.07325755, 1.30597824])"
2022,7227,5658481,"array([5.08524642, 1.31299674])"
2023,7227,33607,"array([5.08508598, 1.49414121])"
2024,7227,33608,"array([5.07930318, 1.47565171])"
2025,7227,34629,"array([5.09531983, 1.40863697])"
2026,7227,33202,"array([5.18829097, 1.45933805])"
2027,7227,33343,"array([5.15528969, 1.48983467])"
2028,7227,33861,"array([5.1462143 , 1.47203788])"
2029,7227,34636,"array([5.11613062, 1.46034635])"
2030,7227,38175,"array([5.11924119, 1.47534668])"
2031,7227,39455,"array([5.21509715, 1.4767038 ])"
2032,7227,41032,"array([5.09897531, 1.44086693])"
2033,7227,41550,"array([5.17952243, 1.42064326])"
2034,7227,41944,"array([5.1642342 , 1.41028756])"
2035,7227,45409,"array([5.22004049, 1.47772909])"
2036,7227,45428,"array([5.21220201, 1.49116282])"
2037,7227,46068,"array([5.09913183, 1.41286276])"
2038,7227,46269,"array([5.22570922, 1.46298245])"
2039,7227,47280,"array([5.21466605, 1.48178717])"
2040,7227,252499,"array([5.20943436, 1.48705343])"
2041,7227,38013,"array([5.09743897, 1.35003221])"
2042,7227,38017,"array([5.13112295, 1.35495916])"
2043,7227,33139,"array([5.09062413, 1.38084738])"
2044,7227,39270,"array([5.14311937, 1.318841  ])"
2045,7227,26067067,"array([5.10940169, 1.36387786])"
2046,7227,38021,"array([5.03596896, 1.3484714 ])"
2047,7227,38027,"array([5.09800238, 1.41728405])"
2048,7227,38028,"array([5.09561405, 1.46804016])"
2049,7227,38045,"array([5.21806105, 1.38347362])"
2050,7227,38067,"array([5.02407577, 1.37960572])"
2051,7227,3771968,"array([5.0073423 , 1.35639209])"
2052,7227,38082,"array([5.11086804, 1.44590916])"
2053,7227,30975,"array([5.09994637, 1.45136518])"
2054,7227,39088,"array([5.17670622, 1.43912945])"
2055,7227,43152,"array([5.10761047, 1.42368991])"
2056,7227,38097,"array([5.18288143, 1.41820097])"
2057,7227,38116,"array([5.12184854, 1.51430015])"
2058,7227,44254,"array([5.12983499, 1.51262002])"
2059,7227,38121,"array([5.096583  , 1.27022605])"
2060,7227,39122,"array([5.11275284, 1.38750855])"
2061,7227,39513,"array([5.11272809, 1.31117549])"
2062,7227,250706,"array([5.12073915, 1.30782477])"
2063,7227,5656951,"array([5.1097369 , 1.26963675])"
2064,7227,38135,"array([5.03986182, 1.2778626 ])"
2065,7227,44542,"array([5.00689443, 1.23529032])"
2066,7227,38137,"array([5.08058518, 1.35203952])"
2067,7227,31175,"array([5.10993049, 1.44256288])"
2068,7227,31224,"array([5.17917534, 1.38352659])"
2069,7227,31618,"array([5.08371209, 1.39478438])"
2070,7227,31722,"array([5.13141047, 1.41062876])"
2071,7227,34021,"array([5.11164535, 1.39652386])"
2072,7227,34086,"array([5.13697164, 1.35519265])"
2073,7227,34774,"array([5.06290179, 1.38810327])"
2074,7227,39561,"array([5.06924246, 1.35187992])"
2075,7227,41427,"array([5.04653674, 1.42935861])"
2076,7227,45840,"array([5.06979788, 1.38924206])"
2077,7227,46243,"array([5.07831775, 1.39149269])"
2078,7227,34445,"array([5.03608709, 1.28506667])"
2079,7227,31617,"array([5.05482583, 1.45158553])"
2080,7227,34110,"array([5.02951073, 1.44276723])"
2081,7227,38169,"array([5.09791001, 1.42241237])"
2082,7227,40036,"array([5.14735351, 1.40755318])"
2083,7227,41085,"array([5.14177678, 1.43071574])"
2084,7227,42492,"array([5.14030568, 1.48853624])"
2085,7227,44539,"array([5.06737887, 1.50213134])"
2086,7227,45277,"array([5.15971555, 1.44815639])"
2087,7227,45341,"array([5.08235056, 1.49842662])"
2088,7227,45367,"array([5.06285648, 1.49961771])"
2089,7227,45828,"array([5.05070756, 1.42982215])"
2090,7227,47408,"array([5.06829102, 1.49729247])"
2091,7227,248110,"array([5.06246265, 1.49485325])"
2092,7227,248458,"array([5.08584154, 1.51029566])"
2093,7227,251211,"array([5.09022682, 1.50832825])"
2094,7227,252727,"array([5.09448411, 1.51012366])"
2095,7227,252815,"array([5.0712793 , 1.49334972])"
2096,7227,5657045,"array([5.10621959, 1.46238062])"
2097,7227,38173,"array([5.15299106, 1.37039915])"
2098,7227,39202,"array([5.11657838, 1.32644483])"
2099,7227,38176,"array([5.25137866, 1.27455154])"
2100,7227,38182,"array([5.88997758, 1.52007204])"
2101,7227,42657,"array([5.89625088, 1.5092598 ])"
2102,7227,38186,"array([5.05827435, 1.28263225])"
2103,7227,38197,"array([5.08718294, 1.48740597])"
2104,7227,38198,"array([5.21038724, 1.50327523])"
2105,7227,38202,"array([5.18714774, 1.5029661 ])"
2106,7227,38219,"array([5.22475829, 1.34592628])"
2107,7227,43775,"array([5.17879051, 1.36344224])"
2108,7227,47285,"array([5.08945553, 1.35436192])"
2109,7227,38231,"array([5.13814243, 1.34656356])"
2110,7227,42845,"array([5.17640394, 1.30713154])"
2111,7227,34032,"array([5.1039921 , 1.37429657])"
2112,7227,44115,"array([5.15610171, 1.40314023])"
2113,7227,38248,"array([5.12637485, 1.51562195])"
2114,7227,38264,"array([5.16101352, 1.33851124])"
2115,7227,38291,"array([5.07381813, 1.42079503])"
2116,7227,49188,"array([5.00944714, 1.44939428])"
2117,7227,38327,"array([5.18620054, 1.4840613 ])"
2118,7227,38350,"array([5.04534657, 1.33192026])"
2119,7227,38352,"array([4.97817007, 1.36108229])"
2120,7227,38375,"array([5.17973962, 1.44280901])"
2121,7227,38381,"array([5.14487093, 1.42122898])"
2122,7227,38385,"array([5.16504964, 1.29581272])"
2123,7227,33934,"array([5.07964865, 1.4198573 ])"
2124,7227,33959,"array([5.11299477, 1.38246879])"
2125,7227,38643,"array([5.16466477, 1.47156986])"
2126,7227,43582,"array([5.1808866 , 1.43636481])"
2127,7227,44431,"array([5.1232695 , 1.42859869])"
2128,7227,38402,"array([5.09265341, 1.44212618])"
2129,7227,38407,"array([5.28559952, 1.38524298])"
2130,7227,31987,"array([5.08112493, 1.37932128])"
2131,7227,33759,"array([5.05182405, 1.44425594])"
2132,7227,38420,"array([5.17495703, 1.56703693])"
2133,7227,33814,"array([5.1667455 , 1.42433075])"
2134,7227,34714,"array([5.16444918, 1.37533681])"
2135,7227,38494,"array([5.08840162, 1.42154584])"
2136,7227,33973,"array([5.16415757, 1.41734908])"
2137,7227,38436,"array([5.17364444, 1.48587024])"
2138,7227,39879,"array([5.21018369, 1.53350682])"
2139,7227,44160,"array([5.11317809, 1.44398584])"
2140,7227,40391,"array([5.04624694, 1.40884785])"
2141,7227,38453,"array([5.19236001, 1.19488883])"
2142,7227,33251,"array([5.1779961 , 1.24245044])"
2143,7227,38472,"array([5.18405324, 1.30216914])"
2144,7227,38484,"array([4.9319519 , 1.33593848])"
2145,7227,38488,"array([5.04724004, 1.27571351])"
2146,7227,39907,"array([5.02283978, 1.22716669])"
2147,7227,38492,"array([5.07258801, 1.38174136])"
2148,7227,44637,"array([5.05228712, 1.31681482])"
2149,7227,3346237,"array([5.09344412, 1.42621296])"
2150,7227,38493,"array([5.06480576, 1.37740639])"
2151,7227,38495,"array([5.075213 , 1.3002414])"
2152,7227,43393,"array([5.05467174, 1.24620673])"
2153,7227,43583,"array([5.02260612, 1.27764311])"
2154,7227,38499,"array([5.03999926, 1.47764772])"
2155,7227,38500,"array([5.17510784, 1.40766135])"
2156,7227,39150,"array([5.12375938, 1.35295047])"
2157,7227,43580,"array([5.20446371, 1.33602486])"
2158,7227,53433,"array([5.16450819, 1.36702288])"
2159,7227,38534,"array([5.06246386, 1.36190869])"
2160,7227,38898,"array([5.06697563, 1.36759766])"
2161,7227,8673992,"array([5.00531394, 1.32410889])"
2162,7227,41726,"array([5.00694284, 1.29016156])"
2163,7227,2768685,"array([4.98130102, 1.30684255])"
2164,7227,38540,"array([5.0296462 , 1.49703496])"
2165,7227,38559,"array([5.10020845, 1.41509211])"
2166,7227,41602,"array([5.10721766, 1.43308382])"
2167,7227,43928,"array([5.13628241, 1.42036937])"
2168,7227,41971,"array([5.05494612, 1.31362177])"
2169,7227,38586,"array([4.49884655, 0.94252451])"
2170,7227,31621,"array([4.48843905, 0.93532317])"
2171,7227,39571,"array([4.50895356, 0.94953186])"
2172,7227,38590,"array([5.05271716, 1.36031319])"
2173,7227,38594,"array([5.14930892, 1.23963338])"
2174,7227,38597,"array([5.20244011, 1.2743565 ])"
2175,7227,38600,"array([5.18128003, 1.30886733])"
2176,7227,38610,"array([5.06604953, 1.38975583])"
2177,7227,38611,"array([5.0456345 , 1.43408931])"
2178,7227,32071,"array([4.98830249, 1.46971227])"
2179,7227,38631,"array([5.59701242, 0.82843172])"
2180,7227,41039,"array([5.58858517, 0.81950815])"
2181,7227,5740359,"array([5.60561951, 0.83747065])"
2182,7227,38639,"array([5.19092215, 1.39768124])"
2183,7227,39557,"array([5.20330197, 1.53101143])"
2184,7227,49509,"array([5.15127226, 1.46461237])"
2185,7227,38648,"array([5.17070015, 1.37476294])"
2186,7227,38649,"array([5.12320471, 1.37620551])"
2187,7227,40562,"array([5.12128535, 1.34826594])"
2188,7227,41341,"array([5.17083282, 1.36611797])"
2189,7227,42169,"array([5.11553505, 1.36058176])"
2190,7227,43904,"array([5.12975361, 1.33967386])"
2191,7227,44251,"array([5.1594376 , 1.35200464])"
2192,7227,44446,"array([5.17309912, 1.39007289])"
2193,7227,10216624,"array([5.17211118, 1.34615511])"
2194,7227,40384,"array([5.02570186, 1.28627831])"
2195,7227,34819,"array([5.19736661, 1.42836556])"
2196,7227,39855,"array([5.14684224, 1.40407687])"
2197,7227,38661,"array([5.25916156, 1.52911512])"
2198,7227,31290,"array([5.12008057, 1.26997243])"
2199,7227,117464,"array([5.16788336, 1.57601142])"
2200,7227,38722,"array([5.20709158, 1.44922339])"
2201,7227,33727,"array([5.05484963, 1.41008792])"
2202,7227,38726,"array([4.99679238, 1.36473312])"
2203,7227,38735,"array([5.21565798, 1.51850421])"
2204,7227,38738,"array([4.92983239, 1.42575997])"
2205,7227,38742,"array([4.98698229, 1.29489149])"
2206,7227,12798261,"array([5.03738131, 1.33053828])"
2207,7227,38748,"array([5.20319156, 1.35249478])"
2208,7227,32229,"array([5.25539548, 1.31389373])"
2209,7227,32910,"array([5.24070941, 1.34894685])"
2210,7227,39570,"array([5.10120167, 1.44817624])"
2211,7227,40817,"array([5.13532568, 1.47533912])"
2212,7227,47080,"array([5.10402598, 1.43935074])"
2213,7227,38753,"array([5.04633897, 1.45252226])"
2214,7227,40935,"array([5.03871344, 1.44704913])"
2215,7227,38760,"array([5.14395404, 1.42777397])"
2216,7227,33935,"array([5.24699747, 1.42655665])"
2217,7227,38779,"array([5.087752  , 1.50452439])"
2218,7227,38793,"array([5.14731922, 1.41256231])"
2219,7227,38801,"array([5.06312775, 1.32802597])"
2220,7227,38809,"array([5.19738343, 1.21722091])"
2221,7227,41366,"array([5.1732644 , 1.26620526])"
2222,7227,42543,"array([5.19322205, 1.20616359])"
2223,7227,38811,"array([5.07244572, 1.45428065])"
2224,7227,38817,"array([5.20269544, 1.55504728])"
2225,7227,38819,"array([5.04308288, 1.29771342])"
2226,7227,38821,"array([5.17726723, 1.49252714])"
2227,7227,38823,"array([5.13298172, 1.52185659])"
2228,7227,33165,"array([5.08812521, 1.33763124])"
2229,7227,39104,"array([5.10579381, 1.32446035])"
2230,7227,40675,"array([5.11955792, 1.45371662])"
2231,7227,38835,"array([4.88464112, 1.33891613])"
2232,7227,34112,"array([4.92611654, 1.34750074])"
2233,7227,38845,"array([4.98307444, 1.4077217 ])"
2234,7227,38846,"array([5.12246722, 1.40255551])"
2235,7227,38858,"array([4.95828407, 1.2803087 ])"
2236,7227,38859,"array([4.99109088, 1.42517239])"
2237,7227,48448,"array([5.10974242, 1.36010643])"
2238,7227,40162,"array([4.96981787, 1.3414694 ])"
2239,7227,42676,"array([5.00573222, 1.33899584])"
2240,7227,31074,"array([5.04850315, 1.28596647])"
2241,7227,31289,"array([5.02427579, 1.38350271])"
2242,7227,31424,"array([5.02157156, 1.31276259])"
2243,7227,31596,"array([5.06176435, 1.28567435])"
2244,7227,31659,"array([5.03272943, 1.38432257])"
2245,7227,31678,"array([5.09072085, 1.37052056])"
2246,7227,32000,"array([5.03257483, 1.30888352])"
2247,7227,32005,"array([5.1470422 , 1.40018206])"
2248,7227,32938,"array([5.05187323, 1.28982626])"
2249,7227,33056,"array([5.02599319, 1.37507641])"
2250,7227,33500,"array([5.05363076, 1.28506121])"
2251,7227,33694,"array([5.03450737, 1.30406268])"
2252,7227,33695,"array([5.04227084, 1.29237748])"
2253,7227,34067,"array([5.0481663 , 1.30320078])"
2254,7227,34117,"array([5.03259077, 1.3158988 ])"
2255,7227,34118,"array([5.05119472, 1.29981652])"
2256,7227,34767,"array([5.10204259, 1.34477073])"
2257,7227,39212,"array([5.06272338, 1.38243876])"
2258,7227,39284,"array([5.12980851, 1.35235788])"
2259,7227,39293,"array([5.09803415, 1.3745992 ])"
2260,7227,39504,"array([5.0280434 , 1.31744866])"
2261,7227,39861,"array([5.07182758, 1.3251867 ])"
2262,7227,40248,"array([5.11565094, 1.32987864])"
2263,7227,40249,"array([5.02839056, 1.38158243])"
2264,7227,40292,"array([5.13207494, 1.32103615])"
2265,7227,40429,"array([5.09758532, 1.289025  ])"
2266,7227,40459,"array([5.08675813, 1.39231235])"
2267,7227,40640,"array([5.06666296, 1.31916048])"
2268,7227,40684,"array([5.05681333, 1.28844973])"
2269,7227,41675,"array([5.0791208 , 1.29707031])"
2270,7227,42093,"array([5.06900186, 1.28658291])"
2271,7227,42094,"array([5.03791538, 1.30122294])"
2272,7227,42199,"array([5.08920949, 1.34303109])"
2273,7227,42307,"array([5.02796263, 1.30622006])"
2274,7227,42392,"array([5.11539341, 1.29099102])"
2275,7227,42707,"array([5.07361348, 1.39256294])"
2276,7227,42735,"array([5.06382001, 1.2938559 ])"
2277,7227,43587,"array([5.01199582, 1.35344691])"
2278,7227,43936,"array([5.05126938, 1.30528645])"
2279,7227,44233,"array([5.0625227 , 1.40022888])"
2280,7227,44238,"array([5.02331371, 1.31719936])"
2281,7227,44339,"array([5.06404368, 1.34522827])"
2282,7227,44817,"array([5.05624892, 1.36302515])"
2283,7227,44873,"array([5.0308555 , 1.26083383])"
2284,7227,46006,"array([5.15280259, 1.4028592 ])"
2285,7227,47173,"array([5.137436  , 1.36845149])"
2286,7227,47220,"array([5.05272188, 1.37620559])"
2287,7227,246393,"array([5.03894051, 1.29705094])"
2288,7227,12798129,"array([5.05497528, 1.37994728])"
2289,7227,53446,"array([5.11371053, 1.53957159])"
2290,7227,318000,"array([5.0906583 , 1.31866392])"
2291,7227,38891,"array([5.07143098, 1.3324597 ])"
2292,7227,42816,"array([5.03564555, 1.27481911])"
2293,7227,34793,"array([5.04499087, 1.38337022])"
2294,7227,47781,"array([5.09389234, 1.31572024])"
2295,7227,38912,"array([5.23056107, 1.40543744])"
2296,7227,50070,"array([5.14417065, 1.38461958])"
2297,7227,38930,"array([5.05012148, 1.31980044])"
2298,7227,42985,"array([5.0713399 , 1.26833542])"
2299,7227,38941,"array([5.90244556, 1.49841773])"
2300,7227,38942,"array([5.19538588, 1.44940457])"
2301,7227,38959,"array([5.10840764, 1.30661444])"
2302,7227,45871,"array([5.09627784, 1.23130335])"
2303,7227,38974,"array([5.19896009, 1.30234046])"
2304,7227,33896,"array([4.97129454, 1.43147626])"
2305,7227,39165,"array([5.02238732, 1.43811397])"
2306,7227,38982,"array([5.12377005, 1.53802364])"
2307,7227,38983,"array([5.26069346, 1.41925552])"
2308,7227,39027,"array([5.19970801, 1.40826233])"
2309,7227,34910,"array([5.1145303 , 1.37198376])"
2310,7227,43618,"array([5.1111057 , 1.31455802])"
2311,7227,26067068,"array([5.1690568 , 1.28790695])"
2312,7227,40725,"array([5.10111818, 1.47483581])"
2313,7227,41981,"array([5.11737809, 1.41691158])"
2314,7227,39001,"array([5.19423153, 1.38622696])"
2315,7227,42115,"array([5.10509281, 1.43007391])"
2316,7227,33062,"array([5.01478653, 1.35691426])"
2317,7227,34545,"array([5.00131244, 1.26675217])"
2318,7227,39191,"array([5.03500871, 1.23133391])"
2319,7227,40665,"array([5.01249812, 1.30094482])"
2320,7227,41286,"array([5.00268293, 1.27279156])"
2321,7227,41456,"array([4.99644417, 1.27548312])"
2322,7227,117496,"array([5.00821245, 1.26910388])"
2323,7227,39017,"array([5.01239716, 1.48695867])"
2324,7227,5658628,"array([5.19060675, 1.40807445])"
2325,7227,5658629,"array([5.19446308, 1.40579525])"
2326,7227,5658630,"array([5.1901291 , 1.40402154])"
2327,7227,5658637,"array([5.18884924, 1.40089823])"
2328,7227,39031,"array([5.23453994, 1.39140827])"
2329,7227,42880,"array([5.06840665, 1.3980291 ])"
2330,7227,39036,"array([5.16282335, 1.50364729])"
2331,7227,39039,"array([5.14697507, 1.50600139])"
2332,7227,42536,"array([5.14153412, 1.50319056])"
2333,7227,39038,"array([5.1186162 , 1.49565858])"
2334,7227,44279,"array([5.088116  , 1.40575568])"
2335,7227,42402,"array([5.06120987, 1.38574122])"
2336,7227,34778,"array([5.006253  , 1.33199039])"
2337,7227,43262,"array([4.94268824, 1.24912429])"
2338,7227,41952,"array([5.04363422, 1.31857503])"
2339,7227,39075,"array([5.14071962, 1.30670757])"
2340,7227,42987,"array([5.14581208, 1.32036036])"
2341,7227,32142,"array([5.2128638 , 1.31745521])"
2342,7227,34480,"array([5.29538945, 1.27288846])"
2343,7227,40989,"array([5.23331261, 1.28897101])"
2344,7227,41202,"array([5.27615435, 1.27587096])"
2345,7227,42416,"array([5.30351495, 1.27120327])"
2346,7227,42424,"array([5.27143968, 1.27049528])"
2347,7227,326270,"array([5.30262226, 1.2807182 ])"
2348,7227,39095,"array([5.1774533 , 1.51848481])"
2349,7227,39103,"array([5.10337031, 1.43300865])"
2350,7227,31700,"array([5.1430517 , 1.34748302])"
2351,7227,39108,"array([5.20671802, 1.36499345])"
2352,7227,8674026,"array([5.04714523, 1.41937389])"
2353,7227,31580,"array([5.0003933 , 1.37758828])"
2354,7227,39142,"array([5.03269287, 1.32123508])"
2355,7227,2768992,"array([5.1227851 , 1.33344561])"
2356,7227,39156,"array([5.10716159, 1.34380941])"
2357,7227,44748,"array([5.11093103, 1.33816946])"
2358,7227,48531,"array([5.14918729, 1.32404453])"
2359,7227,39157,"array([5.1849804 , 1.38955035])"
2360,7227,40826,"array([5.13086458, 1.45006046])"
2361,7227,252579,"array([5.10852637, 1.47313269])"
2362,7227,32057,"array([5.14635294, 1.46013746])"
2363,7227,59247,"array([5.23263938, 1.48744043])"
2364,7227,32777,"array([5.1398982 , 1.37225505])"
2365,7227,33236,"array([5.15558778, 1.35060431])"
2366,7227,41460,"array([5.13330738, 1.36135416])"
2367,7227,40136,"array([5.01134709, 1.19273753])"
2368,7227,41469,"array([5.06513351, 1.18952956])"
2369,7227,39198,"array([5.15080568, 1.3968957 ])"
2370,7227,12798291,"array([5.20787638, 1.3530969 ])"
2371,7227,7354403,"array([5.10719258, 1.27508086])"
2372,7227,45945,"array([5.16566727, 1.4603357 ])"
2373,7227,39217,"array([5.15771899, 1.4193372 ])"
2374,7227,39221,"array([5.02021003, 1.3590462 ])"
2375,7227,246485,"array([5.01818797, 1.3713333 ])"
2376,7227,39238,"array([5.20217497, 1.61090139])"
2377,7227,30973,"array([5.21457489, 1.64551214])"
2378,7227,33045,"array([5.18285993, 1.5568282 ])"
2379,7227,39241,"array([5.15720303, 1.4322731 ])"
2380,7227,40508,"array([5.16160312, 1.39481764])"
2381,7227,39244,"array([5.14578728, 1.29865946])"
2382,7227,31760,"array([5.18977684, 1.32385363])"
2383,7227,34090,"array([5.18769472, 1.36050317])"
2384,7227,42295,"array([5.16699568, 1.30159375])"
2385,7227,46234,"array([5.17402596, 1.37694402])"
2386,7227,2768718,"array([5.02332466, 1.32733339])"
2387,7227,39254,"array([5.02853102, 1.37174776])"
2388,7227,39255,"array([5.04283583, 1.34257653])"
2389,7227,39262,"array([5.01149782, 1.34427318])"
2390,7227,40388,"array([5.17347651, 1.33879862])"
2391,7227,39302,"array([5.18301397, 1.36128763])"
2392,7227,39309,"array([5.19593703, 1.36132571])"
2393,7227,39315,"array([4.98319195, 1.36012064])"
2394,7227,39320,"array([4.55384425, 0.90194654])"
2395,7227,8674019,"array([4.56512634, 0.89779961])"
2396,7227,32473,"array([5.1211714 , 1.31870712])"
2397,7227,34250,"array([5.14392266, 1.30458032])"
2398,7227,43383,"array([5.0793284 , 1.49696698])"
2399,7227,39368,"array([5.18506569, 1.42139931])"
2400,7227,39375,"array([5.06804664, 1.48855541])"
2401,7227,39377,"array([5.06150968, 1.27233242])"
2402,7227,39417,"array([5.10484868, 1.25548195])"
2403,7227,39418,"array([5.13314646, 1.46929623])"
2404,7227,39432,"array([5.09305286, 1.28726992])"
2405,7227,42881,"array([5.09773978, 1.35446458])"
2406,7227,32787,"array([5.21022251, 1.49628945])"
2407,7227,40861,"array([5.08807847, 1.32944516])"
2408,7227,39450,"array([5.11238732, 1.47718186])"
2409,7227,39453,"array([5.1344454 , 1.45191916])"
2410,7227,32143,"array([5.13547663, 1.44836323])"
2411,7227,32690,"array([5.16105427, 1.32975975])"
2412,7227,34358,"array([5.18997956, 1.33654801])"
2413,7227,40700,"array([5.15646067, 1.3461271 ])"
2414,7227,40998,"array([5.17013233, 1.35817669])"
2415,7227,49116,"array([5.05342196, 1.36418693])"
2416,7227,39460,"array([5.06173525, 1.43939312])"
2417,7227,39480,"array([5.14383084, 1.49869168])"
2418,7227,39485,"array([5.06348661, 1.42781937])"
2419,7227,39494,"array([5.21064666, 1.39594212])"
2420,7227,39520,"array([5.01511144, 1.32462967])"
2421,7227,32623,"array([4.96792396, 1.28852076])"
2422,7227,39523,"array([5.20189905, 1.34751884])"
2423,7227,39527,"array([5.09742146, 1.53121035])"
2424,7227,39529,"array([5.22340293, 1.26434756])"
2425,7227,34215,"array([5.18746231, 1.31430179])"
2426,7227,33942,"array([5.00004828, 1.36183095])"
2427,7227,39583,"array([4.99815478, 1.36918636])"
2428,7227,39686,"array([5.07008661, 1.45856312])"
2429,7227,41353,"array([5.01574254, 1.37625423])"
2430,7227,42362,"array([4.9952561, 1.3737366])"
2431,7227,42414,"array([5.00588379, 1.3522276 ])"
2432,7227,43926,"array([5.04973626, 1.31112334])"
2433,7227,48975,"array([5.00094611, 1.39154927])"
2434,7227,43505,"array([5.20798139, 1.32355096])"
2435,7227,39551,"array([5.12553667, 1.48353995])"
2436,7227,39554,"array([5.07280475, 1.29624764])"
2437,7227,45969,"array([5.10069222, 1.32265654])"
2438,7227,32123,"array([5.12989813, 1.40799524])"
2439,7227,40285,"array([5.14317883, 1.42496554])"
2440,7227,44346,"array([5.176201  , 1.39133856])"
2441,7227,32805,"array([5.10192404, 1.41715104])"
2442,7227,31003,"array([5.07854311, 1.50476888])"
2443,7227,2768974,"array([5.08292387, 1.50684609])"
2444,7227,40016,"array([5.12689968, 1.4034934 ])"
2445,7227,39587,"array([5.16397054, 1.53552585])"
2446,7227,31229,"array([5.16423097, 1.42783207])"
2447,7227,33972,"array([5.14211456, 1.47043421])"
2448,7227,39751,"array([5.09563698, 1.48129864])"
2449,7227,32437,"array([5.01655502, 1.41004275])"
2450,7227,39619,"array([5.1598597 , 1.46596861])"
2451,7227,33512,"array([5.15424592, 1.43441314])"
2452,7227,250069,"array([5.10980592, 1.53258837])"
2453,7227,43786,"array([5.30833158, 1.35365803])"
2454,7227,32461,"array([5.19023767, 1.47997925])"
2455,7227,41531,"array([5.19524965, 1.39565822])"
2456,7227,41672,"array([5.22116067, 1.48781367])"
2457,7227,39629,"array([5.14351554, 1.34397531])"
2458,7227,39644,"array([5.78884508, 1.02858887])"
2459,7227,32503,"array([5.78895424, 1.01613275])"
2460,7227,32739,"array([5.78904113, 1.04126164])"
2461,7227,39651,"array([5.16069954, 1.50010612])"
2462,7227,44573,"array([5.1400317 , 1.33866926])"
2463,7227,39673,"array([5.160883  , 1.37330633])"
2464,7227,39682,"array([5.20668681, 1.4618596 ])"
2465,7227,39688,"array([5.10788294, 1.31596259])"
2466,7227,39720,"array([5.05461621, 1.39438852])"
2467,7227,39733,"array([5.01175692, 1.28031757])"
2468,7227,31716,"array([5.05091603, 1.32962517])"
2469,7227,31846,"array([5.20344268, 1.44647714])"
2470,7227,32268,"array([5.16046874, 1.43172294])"
2471,7227,252795,"array([5.17150307, 1.45848272])"
2472,7227,252796,"array([5.17489416, 1.45368694])"
2473,7227,252797,"array([5.16939344, 1.46260737])"
2474,7227,39745,"array([5.15302145, 1.3620466 ])"
2475,7227,39750,"array([5.14373444, 1.47430921])"
2476,7227,43124,"array([5.15188524, 1.54551031])"
2477,7227,12797936,"array([5.12941248, 1.47079791])"
2478,7227,31266,"array([5.17730489, 1.34883336])"
2479,7227,32274,"array([5.17963833, 1.39212606])"
2480,7227,33208,"array([5.15737208, 1.46277189])"
2481,7227,33648,"array([5.13120132, 1.33487336])"
2482,7227,33711,"array([5.15943602, 1.34762827])"
2483,7227,47384,"array([5.15349401, 1.33230269])"
2484,7227,53577,"array([5.18475428, 1.34191461])"
2485,7227,192506,"array([5.07202121, 1.40182347])"
2486,7227,39764,"array([5.20996696, 1.45594482])"
2487,7227,39765,"array([5.07075132, 1.42013778])"
2488,7227,39769,"array([5.27855678, 1.35622694])"
2489,7227,44190,"array([5.0399743 , 1.36714318])"
2490,7227,44191,"array([5.08428822, 1.33213858])"
2491,7227,39831,"array([5.16159922, 1.41902274])"
2492,7227,32660,"array([5.18442887, 1.45801327])"
2493,7227,42681,"array([5.19192512, 1.44513578])"
2494,7227,43518,"array([5.13654511, 1.44025825])"
2495,7227,44974,"array([5.1184457 , 1.42504612])"
2496,7227,45829,"array([5.10449208, 1.45666174])"
2497,7227,47163,"array([5.11475474, 1.46735337])"
2498,7227,3355124,"array([5.18342179, 1.42412958])"
2499,7227,5658055,"array([5.07394205, 1.44155657])"
2500,7227,5658056,"array([5.06976658, 1.43010721])"
2501,7227,5658057,"array([5.07524871, 1.44486549])"
2502,7227,5658058,"array([5.09496795, 1.41783157])"
2503,7227,5658059,"array([5.08142976, 1.45739911])"
2504,7227,5658060,"array([5.08581965, 1.45180116])"
2505,7227,44019,"array([5.27634713, 1.53487148])"
2506,7227,33975,"array([5.02287957, 1.45504657])"
2507,7227,39849,"array([5.11905286, 1.46856206])"
2508,7227,31802,"array([5.15125015, 1.48275487])"
2509,7227,2768721,"array([5.10808735, 1.53920322])"
2510,7227,40030,"array([5.17037446, 1.4352249 ])"
2511,7227,39858,"array([5.13207989, 1.48192666])"
2512,7227,39860,"array([5.09692807, 1.34125831])"
2513,7227,32510,"array([5.12002786, 1.35140547])"
2514,7227,39864,"array([5.00345418, 1.41826022])"
2515,7227,39878,"array([5.06322846, 1.47179509])"
2516,7227,40171,"array([5.12183907, 1.44412523])"
2517,7227,43087,"array([5.15715456, 1.44929949])"
2518,7227,45042,"array([5.23868503, 1.44087361])"
2519,7227,45043,"array([5.24131509, 1.4358815 ])"
2520,7227,45044,"array([5.24566178, 1.44595766])"
2521,7227,45045,"array([5.243736  , 1.43149265])"
2522,7227,45046,"array([5.23586055, 1.4541676 ])"
2523,7227,45047,"array([5.24911572, 1.44093289])"
2524,7227,47314,"array([5.24097077, 1.44529705])"
2525,7227,250882,"array([5.24186566, 1.42578925])"
2526,7227,250883,"array([5.17376254, 1.42474574])"
2527,7227,250884,"array([5.24100864, 1.45155605])"
2528,7227,250885,"array([5.24284097, 1.41977061])"
2529,7227,39887,"array([5.20343988, 1.29067608])"
2530,7227,39900,"array([4.98053863, 1.32616847])"
2531,7227,34352,"array([5.08608194, 1.36520892])"
2532,7227,43098,"array([5.08514362, 1.42630886])"
2533,7227,39914,"array([5.03915159, 1.57534343])"
2534,7227,39935,"array([5.16646714, 1.33139109])"
2535,7227,39943,"array([5.08719261, 1.44434735])"
2536,7227,39956,"array([5.0897839, 1.2526076])"
2537,7227,32646,"array([5.12568761, 1.31976774])"
2538,7227,33379,"array([5.10310757, 1.39310835])"
2539,7227,326197,"array([5.08619373, 1.39937882])"
2540,7227,39964,"array([5.18794035, 1.43183155])"
2541,7227,39970,"array([5.14080868, 1.33105953])"
2542,7227,31170,"array([5.13403473, 1.26316418])"
2543,7227,33219,"array([5.04994208, 1.27096034])"
2544,7227,250277,"array([4.985824  , 1.26722546])"
2545,7227,42062,"array([5.14544374, 1.35047393])"
2546,7227,43459,"array([5.08233068, 1.30666564])"
2547,7227,39987,"array([5.13690116, 1.50111593])"
2548,7227,39995,"array([5.01769218, 1.48855646])"
2549,7227,40003,"array([5.13877092, 1.29135765])"
2550,7227,34565,"array([5.13117925, 1.28498486])"
2551,7227,31764,"array([5.14886892, 1.34310296])"
2552,7227,32009,"array([5.11784244, 1.40985995])"
2553,7227,33090,"array([5.18305082, 1.35708381])"
2554,7227,33098,"array([5.13982961, 1.3794972 ])"
2555,7227,33671,"array([5.17937642, 1.35676727])"
2556,7227,34159,"array([5.15808091, 1.36946607])"
2557,7227,34167,"array([5.23082658, 1.371176  ])"
2558,7227,41260,"array([5.15856011, 1.35511802])"
2559,7227,42008,"array([5.16497439, 1.32814637])"
2560,7227,42298,"array([5.1683745 , 1.39118847])"
2561,7227,42616,"array([5.12582328, 1.36616204])"
2562,7227,43018,"array([5.16474576, 1.32428607])"
2563,7227,44315,"array([5.16131754, 1.35877964])"
2564,7227,44653,"array([5.09211391, 1.42939201])"
2565,7227,252671,"array([5.15336478, 1.32210307])"
2566,7227,5658142,"array([5.13866123, 1.30277117])"
2567,7227,12798482,"array([5.14815564, 1.39684337])"
2568,7227,33467,"array([5.10826426, 1.40015438])"
2569,7227,42964,"array([5.07766467, 1.4046612 ])"
2570,7227,40530,"array([5.17368957, 1.32094227])"
2571,7227,40017,"array([5.20299025, 1.39939774])"
2572,7227,40019,"array([5.14408429, 1.51926956])"
2573,7227,40031,"array([5.13908806, 1.28544216])"
2574,7227,32858,"array([5.22078344, 1.41938203])"
2575,7227,33229,"array([5.12885953, 1.41082462])"
2576,7227,42586,"array([5.21558238, 1.39213626])"
2577,7227,44936,"array([5.14754211, 1.45158787])"
2578,7227,40047,"array([5.05532867, 1.30816799])"
2579,7227,42049,"array([5.14446404, 1.31507528])"
2580,7227,40052,"array([5.02258702, 1.41167129])"
2581,7227,47091,"array([5.00310613, 1.38165353])"
2582,7227,40053,"array([5.23325479, 1.27403508])"
2583,7227,40083,"array([5.04379962, 1.42684317])"
2584,7227,40093,"array([5.1988485 , 1.29538724])"
2585,7227,40095,"array([5.19024869, 1.37438193])"
2586,7227,40104,"array([4.99225859, 1.39020435])"
2587,7227,5740271,"array([4.93397579, 1.38668599])"
2588,7227,41090,"array([5.17358481, 1.42937745])"
2589,7227,40134,"array([5.07781454, 1.44288402])"
2590,7227,40138,"array([5.09644033, 1.3337898 ])"
2591,7227,31801,"array([5.17484044, 1.35344488])"
2592,7227,40149,"array([4.44919327, 1.06751355])"
2593,7227,40150,"array([4.46076137, 1.0652315 ])"
2594,7227,40152,"array([5.09719901, 1.30980269])"
2595,7227,41158,"array([5.11605019, 1.47779622])"
2596,7227,32522,"array([5.12637173, 1.39426697])"
2597,7227,32919,"array([5.16308754, 1.38427004])"
2598,7227,34142,"array([5.09365657, 1.2802127 ])"
2599,7227,40169,"array([5.21950964, 1.293497  ])"
2600,7227,41151,"array([5.10094692, 1.48290965])"
2601,7227,45942,"array([5.13270842, 1.49058466])"
2602,7227,40188,"array([4.96795232, 1.30270491])"
2603,7227,40305,"array([5.08172822, 1.3710787 ])"
2604,7227,41611,"array([5.16485219, 1.36280337])"
2605,7227,40217,"array([5.12222928, 1.46370148])"
2606,7227,40221,"array([5.18871749, 1.49922964])"
2607,7227,34566,"array([5.15030385, 1.28012783])"
2608,7227,40982,"array([5.04492609, 1.30867153])"
2609,7227,41013,"array([5.12216776, 1.31499758])"
2610,7227,40233,"array([5.01203176, 1.41438523])"
2611,7227,40234,"array([5.091695  , 1.26129032])"
2612,7227,32831,"array([5.12207963, 1.29677076])"
2613,7227,40541,"array([5.08350998, 1.23430485])"
2614,7227,40918,"array([5.07719429, 1.23613337])"
2615,7227,40605,"array([5.08092489, 1.47089231])"
2616,7227,41150,"array([5.15455493, 1.39993771])"
2617,7227,42066,"array([5.06794887, 1.42564564])"
2618,7227,45884,"array([5.0715172 , 1.47653614])"
2619,7227,53442,"array([5.09178046, 1.48846939])"
2620,7227,250244,"array([5.15220725, 1.47572259])"
2621,7227,40428,"array([5.08520847, 1.41440725])"
2622,7227,44633,"array([5.06820057, 1.51168285])"
2623,7227,40295,"array([5.12837555, 1.48175118])"
2624,7227,53561,"array([5.01920584, 1.18515254])"
2625,7227,40304,"array([5.0300058 , 1.24886656])"
2626,7227,31669,"array([5.12830468, 1.34344098])"
2627,7227,41625,"array([5.01134622, 1.3395491 ])"
2628,7227,318559,"array([5.10876782, 1.41416858])"
2629,7227,40323,"array([4.99863918, 1.4652252 ])"
2630,7227,31143,"array([5.13763716, 1.3159049 ])"
2631,7227,31519,"array([5.19209387, 1.29655884])"
2632,7227,31747,"array([5.2249852 , 1.30208481])"
2633,7227,32764,"array([5.20004043, 1.30902739])"
2634,7227,34792,"array([5.21891697, 1.28605731])"
2635,7227,43829,"array([5.22068205, 1.27510259])"
2636,7227,40349,"array([5.17165439, 1.52658675])"
2637,7227,41704,"array([5.18490088, 1.45358922])"
2638,7227,43788,"array([5.13399504, 1.45808491])"
2639,7227,48301,"array([5.14461891, 1.45788405])"
2640,7227,48960,"array([5.1684224 , 1.47047808])"
2641,7227,49242,"array([5.16792708, 1.49215482])"
2642,7227,246869,"array([5.14942004, 1.51316667])"
2643,7227,5657220,"array([5.17573945, 1.47514242])"
2644,7227,5657221,"array([5.16702774, 1.48395372])"
2645,7227,40359,"array([5.05153336, 1.22111908])"
2646,7227,40370,"array([5.1642952 , 1.51516144])"
2647,7227,40378,"array([5.32652253, 1.52235814])"
2648,7227,33610,"array([5.01160279, 1.25022599])"
2649,7227,40395,"array([5.12973979, 1.46676685])"
2650,7227,40436,"array([5.0773292 , 1.47026534])"
2651,7227,44258,"array([5.09385943, 1.47071763])"
2652,7227,40437,"array([4.95354085, 1.31751188])"
2653,7227,40451,"array([5.20386202, 1.52615628])"
2654,7227,31263,"array([5.22955528, 1.5723406 ])"
2655,7227,41943,"array([5.18165657, 1.48563813])"
2656,7227,40464,"array([5.21111855, 1.40698396])"
2657,7227,32183,"array([5.27296828, 1.40010105])"
2658,7227,34751,"array([5.08289513, 1.46299491])"
2659,7227,40509,"array([5.17740011, 1.50297537])"
2660,7227,40521,"array([4.97653927, 1.29590884])"
2661,7227,43943,"array([5.1227352 , 1.46030534])"
2662,7227,40532,"array([5.18387558, 1.49255871])"
2663,7227,41034,"array([5.1924296 , 1.31510758])"
2664,7227,40551,"array([5.09430688, 1.34178111])"
2665,7227,40559,"array([5.03486837, 1.35334708])"
2666,7227,40568,"array([4.9901047 , 1.43956461])"
2667,7227,40577,"array([5.12347566, 1.52049958])"
2668,7227,40578,"array([5.20678509, 1.1671643 ])"
2669,7227,40582,"array([5.04080774, 1.33899458])"
2670,7227,40598,"array([5.16261547, 1.26836244])"
2671,7227,42435,"array([5.23138269, 1.46290787])"
2672,7227,42749,"array([5.17349724, 1.4399976 ])"
2673,7227,40623,"array([5.17346611, 1.51392502])"
2674,7227,250736,"array([5.08041621, 1.27200752])"
2675,7227,40650,"array([5.10622883, 1.13148664])"
2676,7227,31867,"array([5.10476044, 1.10083845])"
2677,7227,40744,"array([5.11000727, 1.19593987])"
2678,7227,42979,"array([5.22468506, 1.33563349])"
2679,7227,31374,"array([5.09749693, 1.45385813])"
2680,7227,42453,"array([5.1343581, 1.394659 ])"
2681,7227,64872,"array([5.049673  , 1.41061961])"
2682,7227,5658113,"array([5.0450764 , 1.39912864])"
2683,7227,5658117,"array([5.05268903, 1.41962449])"
2684,7227,5658118,"array([5.04280179, 1.41876023])"
2685,7227,5658119,"array([5.04734395, 1.40171455])"
2686,7227,40663,"array([5.00603599, 1.50627982])"
2687,7227,47065,"array([5.06101219, 1.45969517])"
2688,7227,32285,"array([5.17326359, 1.3591965 ])"
2689,7227,32556,"array([5.09150704, 1.41825353])"
2690,7227,43004,"array([4.97340735, 1.26485121])"
2691,7227,40678,"array([5.06247617, 1.52061148])"
2692,7227,40683,"array([5.1799421 , 1.47381887])"
2693,7227,40704,"array([5.1791152, 1.4781507])"
2694,7227,40712,"array([5.04889871, 1.45687677])"
2695,7227,40733,"array([5.01594621, 1.39936869])"
2696,7227,42514,"array([5.14340553, 1.28319573])"
2697,7227,40745,"array([5.62265102, 0.77646445])"
2698,7227,33022,"array([5.63297471, 0.78207251])"
2699,7227,40795,"array([5.14240066, 1.36410806])"
2700,7227,42175,"array([5.13897375, 1.49193524])"
2701,7227,34727,"array([5.01109441, 1.45463233])"
2702,7227,41965,"array([5.08717662, 1.46346671])"
2703,7227,43572,"array([5.12349206, 1.36363291])"
2704,7227,40831,"array([5.02669382, 1.3364899 ])"
2705,7227,44652,"array([5.12174279, 1.52669193])"
2706,7227,45885,"array([5.13963691, 1.52412362])"
2707,7227,49358,"array([5.15260803, 1.5035574 ])"
2708,7227,247745,"array([5.11478521, 1.52594305])"
2709,7227,252300,"array([5.13808317, 1.54180017])"
2710,7227,5657939,"array([5.16002805, 1.51431486])"
2711,7227,5657940,"array([5.13450117, 1.52663002])"
2712,7227,5657983,"array([5.13579718, 1.49458992])"
2713,7227,42596,"array([5.0760551 , 1.48558023])"
2714,7227,5658535,"array([5.1228076 , 1.55982781])"
2715,7227,5658536,"array([5.11365202, 1.55169729])"
2716,7227,5658537,"array([5.1074791 , 1.55186082])"
2717,7227,5658538,"array([5.11513508, 1.55807291])"
2718,7227,5658539,"array([5.13297077, 1.55751913])"
2719,7227,5658540,"array([5.12692328, 1.5553606 ])"
2720,7227,41217,"array([5.14048809, 1.52990356])"
2721,7227,43793,"array([5.12976242, 1.48805358])"
2722,7227,250137,"array([5.17237365, 1.52080594])"
2723,7227,250151,"array([5.17701312, 1.47137235])"
2724,7227,250198,"array([5.14494944, 1.52673956])"
2725,7227,40844,"array([5.16920436, 1.53177927])"
2726,7227,46121,"array([5.0547768 , 1.32570863])"
2727,7227,40850,"array([5.12241595, 1.4941197 ])"
2728,7227,40858,"array([5.16744854, 1.35160457])"
2729,7227,33136,"array([4.98043451, 1.25293569])"
2730,7227,40860,"array([5.13542755, 1.28811135])"
2731,7227,43528,"array([5.15281559, 1.35871702])"
2732,7227,31269,"array([4.95282031, 1.36863675])"
2733,7227,40879,"array([5.15058456, 1.4504726 ])"
2734,7227,40913,"array([4.98426542, 1.37228272])"
2735,7227,42646,"array([4.97551015, 1.38580529])"
2736,7227,33424,"array([5.0744681 , 1.51279032])"
2737,7227,45881,"array([5.09713013, 1.50156017])"
2738,7227,40946,"array([5.17409586, 1.50993853])"
2739,7227,40987,"array([5.02491633, 1.42615897])"
2740,7227,43668,"array([5.2352288 , 1.25647678])"
2741,7227,40990,"array([5.17942185, 1.40503585])"
2742,7227,40993,"array([5.00556504, 1.28453623])"
2743,7227,43842,"array([5.22495681, 1.32411387])"
2744,7227,31705,"array([5.12297559, 1.3041126 ])"
2745,7227,42065,"array([5.03983745, 1.20748154])"
2746,7227,43023,"array([5.11018072, 1.49453769])"
2747,7227,41035,"array([5.20533328, 1.43402269])"
2748,7227,41042,"array([5.22863631, 1.43438596])"
2749,7227,41054,"array([5.06408572, 1.44200057])"
2750,7227,250690,"array([4.95109167, 1.43308342])"
2751,7227,250691,"array([4.94331301, 1.39674687])"
2752,7227,250692,"array([4.95135295, 1.40246998])"
2753,7227,250693,"array([4.95296526, 1.42640375])"
2754,7227,250694,"array([4.95440028, 1.40813578])"
2755,7227,250695,"array([4.94328287, 1.42074764])"
2756,7227,250696,"array([4.94190204, 1.41448471])"
2757,7227,250697,"array([4.94764874, 1.40841329])"
2758,7227,250698,"array([4.95034453, 1.4202227 ])"
2759,7227,250699,"array([4.9571013, 1.4215255])"
2760,7227,250700,"array([4.9442603 , 1.40275925])"
2761,7227,250701,"array([4.95528728, 1.41478734])"
2762,7227,250739,"array([4.94043871, 1.40826953])"
2763,7227,250740,"array([4.95817787, 1.43039466])"
2764,7227,250741,"array([4.94645904, 1.42673932])"
2765,7227,250742,"array([4.94871222, 1.41427331])"
2766,7227,5658185,"array([4.96844904, 1.38461349])"
2767,7227,5658186,"array([4.97189332, 1.39930579])"
2768,7227,5658187,"array([4.96761052, 1.40506168])"
2769,7227,5658188,"array([4.96744367, 1.39507163])"
2770,7227,5658189,"array([4.97358749, 1.40437651])"
2771,7227,5658190,"array([4.96550624, 1.38971831])"
2772,7227,5658191,"array([4.97027153, 1.40988972])"
2773,7227,5658192,"array([4.96585639, 1.40007282])"
2774,7227,5658193,"array([4.9739592 , 1.39457467])"
2775,7227,41067,"array([4.9155061 , 1.37014102])"
2776,7227,3354863,"array([4.9653558, 1.3758512])"
2777,7227,33035,"array([5.10330932, 1.45027578])"
2778,7227,43791,"array([5.15978853, 1.43878183])"
2779,7227,44831,"array([5.18669869, 1.43639844])"
2780,7227,45467,"array([5.04104719, 1.28550647])"
2781,7227,41091,"array([5.02476091, 1.34698614])"
2782,7227,42272,"array([5.01125051, 1.35964857])"
2783,7227,41102,"array([5.1763377 , 1.54247614])"
2784,7227,41104,"array([5.17423397, 1.35635305])"
2785,7227,41107,"array([5.15012725, 1.44271936])"
2786,7227,41183,"array([5.02126901, 1.24704043])"
2787,7227,42819,"array([5.0336089 , 1.24067451])"
2788,7227,45952,"array([5.03696074, 1.24665243])"
2789,7227,249599,"array([5.02671574, 1.24228923])"
2790,7227,31567,"array([5.02712818, 1.41414754])"
2791,7227,31696,"array([5.03911779, 1.40623595])"
2792,7227,32328,"array([5.05615881, 1.47328932])"
2793,7227,32792,"array([5.03188699, 1.39435519])"
2794,7227,32941,"array([5.10083902, 1.4601059 ])"
2795,7227,32947,"array([5.15635804, 1.40882538])"
2796,7227,33210,"array([5.15859176, 1.36668207])"
2797,7227,33775,"array([5.09688243, 1.47281963])"
2798,7227,33989,"array([5.06740794, 1.45693268])"
2799,7227,34024,"array([5.02641086, 1.43384171])"
2800,7227,34432,"array([5.0349264 , 1.43615874])"
2801,7227,34610,"array([5.02846708, 1.43002377])"
2802,7227,34622,"array([5.06129965, 1.43659497])"
2803,7227,41741,"array([5.07357114, 1.45852574])"
2804,7227,42393,"array([5.03582458, 1.44380073])"
2805,7227,42499,"array([5.12860744, 1.43617268])"
2806,7227,42900,"array([5.06016944, 1.42830386])"
2807,7227,44367,"array([5.07954226, 1.43323999])"
2808,7227,45976,"array([5.08556096, 1.44027004])"
2809,7227,46080,"array([5.08067451, 1.36721032])"
2810,7227,46145,"array([5.0960352 , 1.48452587])"
2811,7227,47733,"array([5.06379876, 1.35105833])"
2812,7227,47929,"array([5.15806094, 1.45651615])"
2813,7227,64880,"array([5.12508943, 1.35920474])"
2814,7227,246638,"array([5.07836203, 1.45960445])"
2815,7227,249341,"array([5.06178333, 1.40872205])"
2816,7227,249342,"array([5.07231717, 1.45105425])"
2817,7227,252595,"array([5.0508129 , 1.39995166])"
2818,7227,252596,"array([5.03742335, 1.43993096])"
2819,7227,252597,"array([5.02545946, 1.40899636])"
2820,7227,252601,"array([5.05592932, 1.44278017])"
2821,7227,252602,"array([5.06076265, 1.45420891])"
2822,7227,252603,"array([5.03368681, 1.44932715])"
2823,7227,3354921,"array([5.03655077, 1.4523672 ])"
2824,7227,3355010,"array([5.04351443, 1.46480015])"
2825,7227,5656998,"array([5.03292935, 1.39039281])"
2826,7227,5657459,"array([5.07296541, 1.4469996 ])"
2827,7227,5657460,"array([5.05415125, 1.42685584])"
2828,7227,5657461,"array([5.06385599, 1.43436224])"
2829,7227,5657462,"array([5.04616063, 1.42362211])"
2830,7227,5657463,"array([5.05731266, 1.42442172])"
2831,7227,5657464,"array([5.06952663, 1.44578348])"
2832,7227,5657465,"array([5.07820265, 1.44992514])"
2833,7227,5657466,"array([5.06959018, 1.43941004])"
2834,7227,5657467,"array([5.05287569, 1.42376331])"
2835,7227,5657469,"array([5.05481557, 1.41603073])"
2836,7227,5657470,"array([5.07654384, 1.45613836])"
2837,7227,5658029,"array([5.11870567, 1.43679454])"
2838,7227,5658030,"array([5.07253644, 1.43695413])"
2839,7227,5658031,"array([5.09204413, 1.43907241])"
2840,7227,5658032,"array([5.08546307, 1.44811115])"
2841,7227,5658033,"array([5.14809879, 1.41767597])"
2842,7227,5658034,"array([5.06927245, 1.43587311])"
2843,7227,5658210,"array([5.11917186, 1.47265229])"
2844,7227,41144,"array([5.12349899, 1.42208183])"
2845,7227,41147,"array([5.13699037, 1.50669147])"
2846,7227,41744,"array([5.2217873 , 1.37956855])"
2847,7227,41179,"array([5.06544861, 1.45024708])"
2848,7227,41193,"array([5.8612557 , 1.24439254])"
2849,7227,3355084,"array([5.86035244, 1.25627404])"
2850,7227,41198,"array([5.01740023, 1.36609231])"
2851,7227,41209,"array([5.06576436, 1.50628938])"
2852,7227,41309,"array([5.09893234, 1.44474057])"
2853,7227,33778,"array([5.24119245, 1.54767455])"
2854,7227,41295,"array([5.15831985, 1.41204679])"
2855,7227,41311,"array([4.98988546, 1.35505344])"
2856,7227,41313,"array([5.20711757, 1.39103181])"
2857,7227,41343,"array([5.15844198, 1.48533723])"
2858,7227,31622,"array([5.12768173, 1.47817588])"
2859,7227,44786,"array([5.10811139, 1.45896398])"
2860,7227,12798294,"array([5.17032859, 1.42690493])"
2861,7227,31044,"array([5.17907565, 1.21747914])"
2862,7227,117419,"array([5.18957984, 1.21624454])"
2863,7227,41377,"array([4.97532358, 1.42490578])"
2864,7227,43633,"array([5.04227234, 1.41087541])"
2865,7227,41390,"array([5.10151686, 1.23974928])"
2866,7227,41399,"array([5.0827205 , 1.54177589])"
2867,7227,41431,"array([5.14081549, 1.34254443])"
2868,7227,32351,"array([5.12114411, 1.36584535])"
2869,7227,41455,"array([5.0728015 , 1.31793283])"
2870,7227,42028,"array([4.90037362, 1.37818321])"
2871,7227,42957,"array([4.89959347, 1.36967826])"
2872,7227,41474,"array([5.25928026, 1.24409037])"
2873,7227,33000,"array([5.09006872, 1.46859014])"
2874,7227,5657996,"array([5.14557285, 1.55448731])"
2875,7227,41524,"array([5.05530598, 1.52821435])"
2876,7227,41549,"array([4.93625118, 1.30885233])"
2877,7227,42652,"array([4.89767178, 1.29267868])"
2878,7227,42572,"array([5.17996842, 1.4627872 ])"
2879,7227,41562,"array([5.2944055, 1.374937 ])"
2880,7227,5657809,"array([5.21791244, 1.40178277])"
2881,7227,41571,"array([5.13986608, 1.27349094])"
2882,7227,32322,"array([5.14823687, 1.32796149])"
2883,7227,43718,"array([5.14105764, 1.42163786])"
2884,7227,32974,"array([5.17025441, 1.35432396])"
2885,7227,41615,"array([5.14710301, 1.24962273])"
2886,7227,41843,"array([5.16145627, 1.48280326])"
2887,7227,41656,"array([5.01607993, 1.41481958])"
2888,7227,41666,"array([5.13000862, 1.36279854])"
2889,7227,32458,"array([5.08083837, 1.41319042])"
2890,7227,34370,"array([5.07198159, 1.53576337])"
2891,7227,41679,"array([5.17713146, 1.25003246])"
2892,7227,31057,"array([5.00290857, 1.45037329])"
2893,7227,31314,"array([4.98455257, 1.44015554])"
2894,7227,31481,"array([4.99947701, 1.44006059])"
2895,7227,31566,"array([4.99376101, 1.44564355])"
2896,7227,31843,"array([4.98575845, 1.4349365 ])"
2897,7227,32163,"array([4.99493316, 1.44080537])"
2898,7227,32408,"array([4.98834127, 1.43000796])"
2899,7227,32818,"array([5.03256621, 1.41778394])"
2900,7227,32874,"array([4.99006204, 1.45029628])"
2901,7227,33034,"array([4.9943832 , 1.43002367])"
2902,7227,34264,"array([5.09761167, 1.44819549])"
2903,7227,34309,"array([5.00805131, 1.44458594])"
2904,7227,34330,"array([5.1266562 , 1.44533577])"
2905,7227,34613,"array([5.00023215, 1.45974095])"
2906,7227,34656,"array([5.00424157, 1.45568499])"
2907,7227,42664,"array([5.0693862 , 1.45321168])"
2908,7227,43450,"array([4.99152829, 1.43491569])"
2909,7227,50003,"array([4.99697306, 1.4351736 ])"
2910,7227,318990,"array([4.99867866, 1.45461823])"
2911,7227,326227,"array([4.99505191, 1.45163181])"
2912,7227,326237,"array([4.99258493, 1.45621461])"
2913,7227,43493,"array([5.14595715, 1.29472656])"
2914,7227,43682,"array([5.12236674, 1.28969061])"
2915,7227,41718,"array([5.05309063, 1.37014542])"
2916,7227,5657876,"array([5.05913018, 1.50530405])"
2917,7227,12798171,"array([4.9933821 , 1.25336931])"
2918,7227,32762,"array([5.1439436 , 1.46713217])"
2919,7227,44117,"array([5.16032256, 1.55220332])"
2920,7227,41743,"array([5.13941875, 1.24985015])"
2921,7227,43130,"array([5.15461324, 1.30865501])"
2922,7227,44260,"array([5.16603033, 1.34829958])"
2923,7227,3771806,"array([5.14970214, 1.27157997])"
2924,7227,3772646,"array([5.10131972, 1.31302221])"
2925,7227,41748,"array([4.97843098, 1.37352686])"
2926,7227,41767,"array([5.18022169, 1.34526176])"
2927,7227,42615,"array([5.10586996, 1.4538137 ])"
2928,7227,41798,"array([5.76632263, 1.80982021])"
2929,7227,31795,"array([5.77808334, 1.81091221])"
2930,7227,41800,"array([5.24254624, 1.3197458 ])"
2931,7227,41829,"array([5.15378286, 1.51829918])"
2932,7227,7354473,"array([5.1173257 , 1.30053858])"
2933,7227,45268,"array([5.18220648, 1.37305997])"
2934,7227,41844,"array([5.21043936, 1.34852687])"
2935,7227,44173,"array([4.94555366, 1.38974969])"
2936,7227,42791,"array([4.9797378 , 1.41664312])"
2937,7227,41876,"array([4.95957948, 1.46207122])"
2938,7227,41887,"array([5.09027492, 1.3779694 ])"
2939,7227,41889,"array([5.18047229, 1.28910446])"
2940,7227,34615,"array([5.18868833, 1.29966924])"
2941,7227,41899,"array([5.12474833, 1.30047784])"
2942,7227,41911,"array([5.08303424, 1.47493661])"
2943,7227,41921,"array([5.05057855, 1.45164634])"
2944,7227,41925,"array([5.19113451, 1.41946327])"
2945,7227,41935,"array([5.12071912, 1.37850428])"
2946,7227,32049,"array([4.99751686, 1.28506063])"
2947,7227,47096,"array([5.15851544, 1.3067923 ])"
2948,7227,248212,"array([5.13757341, 1.265751  ])"
2949,7227,41983,"array([5.22036542, 1.35053274])"
2950,7227,34427,"array([5.28436776, 1.33056866])"
2951,7227,43020,"array([5.11969391, 1.49171037])"
2952,7227,41992,"array([5.17537317, 1.41768875])"
2953,7227,41995,"array([5.1357864 , 1.37462021])"
2954,7227,42846,"array([5.19398336, 1.37588052])"
2955,7227,43476,"array([5.07764776, 1.29320502])"
2956,7227,42001,"array([5.32058318, 0.62759564])"
2957,7227,42002,"array([5.32286062, 0.63902619])"
2958,7227,42025,"array([5.01149281, 1.37430901])"
2959,7227,42027,"array([5.20320635, 1.29843833])"
2960,7227,42032,"array([5.08260819, 1.57976736])"
2961,7227,32832,"array([5.08894318, 1.52396609])"
2962,7227,31205,"array([5.12961466, 1.53464378])"
2963,7227,31208,"array([5.10011759, 1.52178282])"
2964,7227,43981,"array([5.1194286 , 1.53469905])"
2965,7227,46032,"array([5.1041489 , 1.51562142])"
2966,7227,248524,"array([5.12500444, 1.53187836])"
2967,7227,248615,"array([5.17766438, 1.45037089])"
2968,7227,5657439,"array([5.15003347, 1.5295759 ])"
2969,7227,5657822,"array([5.13597303, 1.48926641])"
2970,7227,42058,"array([5.19089834, 1.48423291])"
2971,7227,42956,"array([5.0568773 , 1.41244669])"
2972,7227,42100,"array([5.18237101, 1.23240014])"
2973,7227,42105,"array([5.00993069, 1.33461764])"
2974,7227,42109,"array([5.24159578, 1.26874053])"
2975,7227,3771951,"array([5.27360318, 1.23401308])"
2976,7227,42127,"array([5.03389062, 1.32654874])"
2977,7227,5658419,"array([5.18907321, 1.48808798])"
2978,7227,42131,"array([5.15663231, 1.3417895 ])"
2979,7227,42132,"array([5.22751173, 1.38085085])"
2980,7227,32950,"array([5.17839812, 1.51246875])"
2981,7227,42682,"array([5.16672182, 1.51944947])"
2982,7227,42208,"array([5.11392605, 1.24390072])"
2983,7227,33239,"array([5.20708151, 1.46570168])"
2984,7227,249086,"array([5.24557326, 1.43783774])"
2985,7227,249087,"array([5.25105304, 1.39873339])"
2986,7227,249088,"array([5.24727252, 1.39249227])"
2987,7227,249089,"array([5.24319414, 1.38829228])"
2988,7227,249090,"array([5.25261436, 1.42611446])"
2989,7227,249099,"array([5.2451796 , 1.39778464])"
2990,7227,249101,"array([5.24902028, 1.42018993])"
2991,7227,249102,"array([5.24645766, 1.40348671])"
2992,7227,249103,"array([5.2479464 , 1.40923314])"
2993,7227,249104,"array([5.24816245, 1.41471194])"
2994,7227,249105,"array([5.1773404 , 1.34328211])"
2995,7227,249359,"array([5.25214085, 1.40521101])"
2996,7227,42215,"array([5.09006695, 1.47943003])"
2997,7227,32246,"array([5.1096159 , 1.52525925])"
2998,7227,33435,"array([5.10477494, 1.52798307])"
2999,7227,43036,"array([5.09626492, 1.52544524])"
3000,7227,42261,"array([5.19310717, 1.25978282])"
3001,7227,42267,"array([5.16158283, 1.42459085])"
3002,7227,42273,"array([5.21309583, 1.29680774])"
3003,7227,42290,"array([5.0613593 , 1.48178007])"
3004,7227,42300,"array([5.10931159, 1.51319011])"
3005,7227,33705,"array([5.22046204, 1.3054585 ])"
3006,7227,31660,"array([5.13344737, 1.50209486])"
3007,7227,32700,"array([5.12380404, 1.44101105])"
3008,7227,32953,"array([5.14698536, 1.4866825 ])"
3009,7227,33526,"array([5.13266444, 1.47875107])"
3010,7227,33654,"array([5.18276796, 1.43274508])"
3011,7227,34526,"array([5.19973649, 1.44198117])"
3012,7227,44294,"array([5.15122002, 1.48684486])"
3013,7227,45012,"array([5.1811488 , 1.39720456])"
3014,7227,45918,"array([5.20202582, 1.42648804])"
3015,7227,48305,"array([5.20526202, 1.45713792])"
3016,7227,48334,"array([5.18324741, 1.47726774])"
3017,7227,48363,"array([5.09327049, 1.45146795])"
3018,7227,48523,"array([5.17240864, 1.47772559])"
3019,7227,48962,"array([5.20042593, 1.45697837])"
3020,7227,48963,"array([5.22680695, 1.45568527])"
3021,7227,251945,"array([5.18822226, 1.47198901])"
3022,7227,251946,"array([5.17771925, 1.48313984])"
3023,7227,251948,"array([5.16854055, 1.48784263])"
3024,7227,251949,"array([5.17805712, 1.4880589 ])"
3025,7227,251950,"array([5.1923826 , 1.45881964])"
3026,7227,251951,"array([5.12006431, 1.41583648])"
3027,7227,251952,"array([5.209487  , 1.43127297])"
3028,7227,251953,"array([5.21116365, 1.44324838])"
3029,7227,251964,"array([5.21254106, 1.43915549])"
3030,7227,251965,"array([5.21125276, 1.45146585])"
3031,7227,252004,"array([5.20552032, 1.41766935])"
3032,7227,252010,"array([5.19012316, 1.4753074 ])"
3033,7227,252011,"array([5.17288318, 1.48968855])"
3034,7227,5657923,"array([5.12625754, 1.46664811])"
3035,7227,34000,"array([5.02430248, 1.36535465])"
3036,7227,46059,"array([5.09321921, 1.32965564])"
3037,7227,42348,"array([5.18376709, 1.33059277])"
3038,7227,42358,"array([5.16786479, 1.25172013])"
3039,7227,42521,"array([5.19770084, 1.43267768])"
3040,7227,2768679,"array([5.22915349, 1.31262375])"
3041,7227,31144,"array([5.11883146, 1.34095071])"
3042,7227,31154,"array([5.19074074, 1.25506446])"
3043,7227,31809,"array([5.18756664, 1.26268543])"
3044,7227,34811,"array([5.21603322, 1.34932347])"
3045,7227,42398,"array([5.21163563, 1.27551789])"
3046,7227,42510,"array([5.13461006, 1.27107216])"
3047,7227,42519,"array([5.17695863, 1.25912823])"
3048,7227,43709,"array([5.18039429, 1.28010567])"
3049,7227,50225,"array([5.20013817, 1.26362792])"
3050,7227,251937,"array([5.18547708, 1.25178771])"
3051,7227,326160,"array([5.16599141, 1.26377372])"
3052,7227,34012,"array([5.23832695, 1.23567085])"
3053,7227,33441,"array([5.09408266, 1.43533083])"
3054,7227,33905,"array([5.07447876, 1.39878734])"
3055,7227,42567,"array([5.02127035, 1.39871307])"
3056,7227,43157,"array([5.11403011, 1.48137411])"
3057,7227,47132,"array([5.07282836, 1.48731596])"
3058,7227,47272,"array([5.12532752, 1.49123721])"
3059,7227,49636,"array([5.11035899, 1.39906902])"
3060,7227,247138,"array([5.10771423, 1.49054475])"
3061,7227,12798300,"array([5.16812719, 1.37739163])"
3062,7227,31703,"array([5.22175252, 1.36817786])"
3063,7227,33203,"array([5.15463356, 1.36739506])"
3064,7227,33214,"array([5.20056194, 1.42175373])"
3065,7227,33487,"array([5.16698407, 1.43446637])"
3066,7227,34149,"array([5.19940674, 1.34389226])"
3067,7227,43046,"array([5.19196329, 1.34883211])"
3068,7227,43768,"array([5.21843507, 1.35940809])"
3069,7227,45707,"array([5.22460533, 1.37267656])"
3070,7227,5658635,"array([5.22271232, 1.36363847])"
3071,7227,5658638,"array([5.22749455, 1.36556918])"
3072,7227,31350,"array([5.16641635, 1.31979956])"
3073,7227,42466,"array([5.16243099, 1.28017529])"
3074,7227,42470,"array([4.9912426 , 1.51231751])"
3075,7227,34286,"array([5.03507043, 1.47733523])"
3076,7227,43662,"array([5.26407175, 1.25126108])"
3077,7227,326219,"array([5.21766869, 1.34472704])"
3078,7227,42484,"array([5.07188717, 1.42412158])"
3079,7227,42490,"array([5.26265641, 1.2875465 ])"
3080,7227,2768716,"array([5.03051035, 1.33765056])"
3081,7227,31800,"array([5.0135503 , 1.34807506])"
3082,7227,33757,"array([5.0237741 , 1.33276396])"
3083,7227,42503,"array([5.02129281, 1.39039212])"
3084,7227,32133,"array([5.14189172, 1.32665605])"
3085,7227,43799,"array([5.11116325, 1.23396285])"
3086,7227,43803,"array([5.08771459, 1.27329047])"
3087,7227,34182,"array([5.13149863, 1.30967739])"
3088,7227,42520,"array([5.13487937, 1.53324677])"
3089,7227,252647,"array([5.17278812, 1.50525783])"
3090,7227,42525,"array([5.20371225, 1.32957468])"
3091,7227,42527,"array([5.21386341, 1.40309782])"
3092,7227,42541,"array([5.13308187, 1.59974914])"
3093,7227,42544,"array([5.19039719, 1.51487506])"
3094,7227,42578,"array([5.21347892, 1.3616162 ])"
3095,7227,42632,"array([5.16930204, 1.3955227 ])"
3096,7227,3354925,"array([5.20876206, 1.38515789])"
3097,7227,3771740,"array([5.2071078, 1.3769332])"
3098,7227,5657309,"array([5.19239684, 1.43761071])"
3099,7227,12869604,"array([5.16734301, 1.47621262])"
3100,7227,42551,"array([5.08152585, 1.51518046])"
3101,7227,42554,"array([5.20335975, 1.47713432])"
3102,7227,42561,"array([4.97667278, 1.35243529])"
3103,7227,33238,"array([5.02097448, 1.37597754])"
3104,7227,45973,"array([5.01970194, 1.38038729])"
3105,7227,45994,"array([5.04989184, 1.4171008 ])"
3106,7227,19835905,"array([4.95781094, 1.39450701])"
3107,7227,42571,"array([5.19035011, 1.49249892])"
3108,7227,42574,"array([5.06378975, 1.45632674])"
3109,7227,42580,"array([5.04869543, 1.23515206])"
3110,7227,31684,"array([5.0324762 , 1.19090372])"
3111,7227,33563,"array([5.07760497, 1.30491337])"
3112,7227,42591,"array([5.16730601, 1.31249842])"
3113,7227,33962,"array([4.92175767, 1.39066544])"
3114,7227,42658,"array([5.23964139, 1.29620532])"
3115,7227,42661,"array([5.04823201, 1.24357467])"
3116,7227,42672,"array([4.99140285, 1.32140758])"
3117,7227,31168,"array([4.9418537 , 1.29958459])"
3118,7227,34066,"array([5.1242984 , 1.50386756])"
3119,7227,42696,"array([5.22590726, 1.43858385])"
3120,7227,42702,"array([5.06714528, 1.37349945])"
3121,7227,42710,"array([4.92071344, 2.16408225])"
3122,7227,33961,"array([4.93121595, 2.15855431])"
3123,7227,42733,"array([5.06638298, 1.49269094])"
3124,7227,42898,"array([5.19004983, 1.44031382])"
3125,7227,44274,"array([5.21667364, 1.4101986 ])"
3126,7227,49045,"array([5.12978508, 1.37281059])"
3127,7227,251660,"array([5.21555549, 1.45499035])"
3128,7227,251661,"array([5.22006505, 1.45150003])"
3129,7227,42738,"array([5.19480782, 1.34471764])"
3130,7227,32132,"array([5.06151559, 1.33906912])"
3131,7227,32152,"array([5.05578987, 1.27519435])"
3132,7227,34350,"array([5.09594573, 1.48855228])"
3133,7227,44257,"array([5.11238486, 1.49041876])"
3134,7227,44293,"array([5.21195514, 1.46483791])"
3135,7227,42770,"array([5.13842686, 1.40253521])"
3136,7227,42796,"array([4.41952889, 1.73584926])"
3137,7227,318721,"array([4.40998159, 1.7287236 ])"
3138,7227,42799,"array([5.14993783, 1.49388889])"
3139,7227,5658162,"array([5.28240803, 1.44829046])"
3140,7227,43404,"array([5.14664979, 1.39480214])"
3141,7227,42824,"array([5.23595683, 1.53813923])"
3142,7227,42830,"array([5.20851615, 1.4140752 ])"
3143,7227,33658,"array([5.18532704, 1.40086843])"
3144,7227,34138,"array([5.16604259, 1.56740159])"
3145,7227,42849,"array([5.03723602, 1.31826293])"
3146,7227,43442,"array([5.08980657, 1.35091137])"
3147,7227,43740,"array([5.2118726 , 1.35670194])"
3148,7227,42874,"array([5.22647313, 1.4016273 ])"
3149,7227,42882,"array([5.16887554, 1.50831929])"
3150,7227,42890,"array([5.21536012, 1.44918207])"
3151,7227,33409,"array([5.02189934, 1.35121411])"
3152,7227,33530,"array([5.00965152, 1.38613557])"
3153,7227,34393,"array([5.10868193, 1.35701212])"
3154,7227,43003,"array([5.01378619, 1.38284349])"
3155,7227,246493,"array([5.06000051, 1.31777096])"
3156,7227,31680,"array([5.24486026, 1.48209037])"
3157,7227,43439,"array([5.23978408, 1.48693422])"
3158,7227,42930,"array([5.17573409, 1.30152504])"
3159,7227,42933,"array([5.01754837, 1.39563509])"
3160,7227,33721,"array([5.24116398, 1.28647796])"
3161,7227,42944,"array([5.12026633, 1.43984854])"
3162,7227,42945,"array([5.05198616, 1.41371166])"
3163,7227,5658092,"array([5.00664768, 1.39134333])"
3164,7227,47874,"array([5.02882671, 1.28071631])"
3165,7227,42970,"array([5.04992555, 1.50719198])"
3166,7227,34847,"array([5.08903115, 1.44706457])"
3167,7227,31971,"array([5.05838256, 1.21816619])"
3168,7227,32195,"array([5.04320089, 1.22157661])"
3169,7227,33025,"array([5.04804367, 1.21475056])"
3170,7227,44360,"array([5.06290285, 1.20969635])"
3171,7227,47169,"array([5.05496815, 1.21146566])"
3172,7227,2768929,"array([5.06554848, 1.21669448])"
3173,7227,31624,"array([5.16666801, 1.3706511 ])"
3174,7227,42990,"array([5.00009211, 1.426931  ])"
3175,7227,43008,"array([5.10175909, 1.50570287])"
3176,7227,251414,"array([5.06137744, 1.46844928])"
3177,7227,317996,"array([5.02056727, 1.47478267])"
3178,7227,12798237,"array([5.02701672, 1.46818749])"
3179,7227,12798299,"array([5.03087078, 1.47405674])"
3180,7227,31877,"array([5.20646307, 1.34635136])"
3181,7227,31457,"array([5.00451682, 1.43691184])"
3182,7227,32860,"array([4.98075916, 1.43145166])"
3183,7227,33659,"array([5.02624864, 1.39302906])"
3184,7227,43869,"array([5.07155462, 1.46619871])"
3185,7227,43150,"array([5.10631308, 1.48402006])"
3186,7227,43153,"array([5.11529074, 1.50208315])"
3187,7227,33234,"array([5.11111397, 1.47130576])"
3188,7227,34483,"array([5.11789552, 1.52218307])"
3189,7227,34181,"array([4.95642782, 1.38058637])"
3190,7227,43811,"array([5.17762939, 1.40179012])"
3191,7227,43215,"array([5.04922341, 1.53872584])"
3192,7227,43620,"array([5.03949303, 1.35221386])"
3193,7227,43223,"array([5.13021843, 1.32537519])"
3194,7227,34095,"array([5.05273216, 1.27953631])"
3195,7227,43230,"array([5.04421242, 1.44814354])"
3196,7227,31410,"array([4.98812561, 1.4855796 ])"
3197,7227,5658108,"array([5.23987074, 1.49225909])"
3198,7227,5658109,"array([5.23662482, 1.48274807])"
3199,7227,5658110,"array([5.22809029, 1.5041783 ])"
3200,7227,5658111,"array([5.23368321, 1.49320335])"
3201,7227,5658112,"array([5.24260906, 1.47118837])"
3202,7227,5658120,"array([5.23043037, 1.49821803])"
3203,7227,5658121,"array([5.23810784, 1.47727536])"
3204,7227,5658122,"array([5.23385206, 1.5028308 ])"
3205,7227,43235,"array([5.22039035, 1.40552789])"
3206,7227,33621,"array([4.91371229, 1.22523708])"
3207,7227,43265,"array([4.96507299, 1.34734379])"
3208,7227,43273,"array([5.07307645, 1.57724387])"
3209,7227,33361,"array([5.12619125, 1.50937201])"
3210,7227,45398,"array([5.22985861, 1.20851487])"
3211,7227,43350,"array([5.06787263, 1.23359144])"
3212,7227,43353,"array([5.24125363, 1.31291854])"
3213,7227,43423,"array([4.99723774, 1.34641139])"
3214,7227,43428,"array([5.10250049, 1.50187916])"
3215,7227,12797869,"array([5.1674266 , 1.42751097])"
3216,7227,43487,"array([5.08466155, 1.25367757])"
3217,7227,31240,"array([5.02583314, 1.26778498])"
3218,7227,43526,"array([5.21508119, 1.33067976])"
3219,7227,46415,"array([5.24419373, 1.37750709])"
3220,7227,32343,"array([5.18942009, 1.36995881])"
3221,7227,43550,"array([5.12396855, 1.48020014])"
3222,7227,31744,"array([5.25491968, 1.38881449])"
3223,7227,43562,"array([5.185735  , 1.44049648])"
3224,7227,318552,"array([5.18877775, 1.38841963])"
3225,7227,49241,"array([5.11881057, 1.26043305])"
3226,7227,33921,"array([5.00780255, 1.31276641])"
3227,7227,43596,"array([5.10598456, 1.26717936])"
3228,7227,49968,"array([5.05811544, 1.54363592])"
3229,7227,43683,"array([5.1578531, 1.2136791])"
3230,7227,43690,"array([5.03657431, 1.25961159])"
3231,7227,43694,"array([5.21342823, 1.38506404])"
3232,7227,43713,"array([5.1643095 , 1.53044053])"
3233,7227,31129,"array([5.16743577, 1.4048057 ])"
3234,7227,43728,"array([5.15931445, 1.49069655])"
3235,7227,31194,"array([5.15677853, 1.28171987])"
3236,7227,44915,"array([5.07701674, 1.43128269])"
3237,7227,46677,"array([4.9887144 , 1.38252006])"
3238,7227,46678,"array([4.99250009, 1.39608385])"
3239,7227,47677,"array([4.99311187, 1.4010095 ])"
3240,7227,48098,"array([4.98742032, 1.40083238])"
3241,7227,251262,"array([4.99209427, 1.38564074])"
3242,7227,251263,"array([4.99467847, 1.40584791])"
3243,7227,251264,"array([4.98757927, 1.39161054])"
3244,7227,251265,"array([4.99235562, 1.41010498])"
3245,7227,5658114,"array([4.98735205, 1.39610389])"
3246,7227,5658115,"array([4.99282259, 1.37884396])"
3247,7227,5658116,"array([4.98914814, 1.40530389])"
3248,7227,32166,"array([5.30061542, 1.47331534])"
3249,7227,47399,"array([5.09042512, 1.22477944])"
3250,7227,43833,"array([5.1462594 , 1.48276743])"
3251,7227,44108,"array([5.21687432, 1.44363708])"
3252,7227,45905,"array([5.19772853, 1.49405599])"
3253,7227,5656960,"array([5.21669554, 1.46094887])"
3254,7227,43814,"array([4.99564943, 1.47943256])"
3255,7227,5657966,"array([5.08543577, 1.52072959])"
3256,7227,43826,"array([5.16696644, 1.41650338])"
3257,7227,2768836,"array([5.21692482, 1.42338279])"
3258,7227,32544,"array([5.00339437, 1.34848251])"
3259,7227,43851,"array([5.84692742, 1.70423403])"
3260,7227,48326,"array([5.85247362, 1.69370466])"
3261,7227,43852,"array([5.24673626, 1.5284436 ])"
3262,7227,30998,"array([5.20399495, 1.48631799])"
3263,7227,45109,"array([5.18229021, 1.49706906])"
3264,7227,45276,"array([5.15073251, 1.50793398])"
3265,7227,46737,"array([5.17457084, 1.49767797])"
3266,7227,49348,"array([5.13947138, 1.51050553])"
3267,7227,59178,"array([5.19308883, 1.45440342])"
3268,7227,249591,"array([5.14552976, 1.51082387])"
3269,7227,43862,"array([5.07131361, 1.39880429])"
3270,7227,45175,"array([5.1705567 , 1.31784311])"
3271,7227,45414,"array([5.20040039, 1.36074237])"
3272,7227,46891,"array([5.17914259, 1.32666992])"
3273,7227,46972,"array([5.17753223, 1.32279452])"
3274,7227,47005,"array([5.18732315, 1.33336366])"
3275,7227,47014,"array([5.1960334 , 1.35564145])"
3276,7227,48166,"array([5.16947252, 1.32435717])"
3277,7227,43892,"array([5.03300656, 1.36029713])"
3278,7227,33374,"array([5.06307602, 1.27988175])"
3279,7227,33979,"array([5.05926273, 1.26455031])"
3280,7227,34550,"array([5.06915421, 1.29217484])"
3281,7227,34554,"array([5.07361162, 1.28124466])"
3282,7227,319046,"array([5.06632943, 1.275774  ])"
3283,7227,3885589,"array([5.08753656, 1.27889972])"
3284,7227,8674084,"array([5.09333368, 1.27590435])"
3285,7227,33824,"array([5.20956661, 1.4000917 ])"
3286,7227,32506,"array([5.12739188, 1.256258  ])"
3287,7227,43958,"array([5.0531717, 1.3429159])"
3288,7227,43990,"array([5.00155961, 1.33673358])"
3289,7227,5740362,"array([5.16498695, 1.30652237])"
3290,7227,32748,"array([5.05552011, 1.46975256])"
3291,7227,44008,"array([5.46796768, 0.71768547])"
3292,7227,33277,"array([5.46033925, 0.70866721])"
3293,7227,44014,"array([4.96090035, 1.26119246])"
3294,7227,45354,"array([4.99809497, 1.29209736])"
3295,7227,44015,"array([5.22112201, 1.51625568])"
3296,7227,44527,"array([5.06268262, 1.53975274])"
3297,7227,44021,"array([5.14858174, 1.53890401])"
3298,7227,53556,"array([5.02378563, 1.33912164])"
3299,7227,44066,"array([5.09355306, 1.50416497])"
3300,7227,44067,"array([5.11427112, 1.51291075])"
3301,7227,44084,"array([5.01999226, 1.34381279])"
3302,7227,44090,"array([5.11629266, 1.49126783])"
3303,7227,45970,"array([5.05906654, 1.40151785])"
3304,7227,34822,"array([5.17160423, 1.60026113])"
3305,7227,31054,"array([5.08490953, 1.46798126])"
3306,7227,44192,"array([5.00259233, 1.38702037])"
3307,7227,44193,"array([5.01196679, 1.41972478])"
3308,7227,44196,"array([4.95585941, 1.44763611])"
3309,7227,44228,"array([5.18749099, 1.4112097 ])"
3310,7227,44261,"array([4.98746649, 1.41875628])"
3311,7227,44266,"array([4.94678833, 1.35609933])"
3312,7227,31184,"array([5.19490243, 1.29204532])"
3313,7227,49222,"array([5.21926466, 1.47215393])"
3314,7227,5657044,"array([5.25182956, 1.4988092 ])"
3315,7227,44323,"array([4.99158219, 1.35020491])"
3316,7227,44325,"array([5.1825084 , 1.46553593])"
3317,7227,49712,"array([5.20319513, 1.50438153])"
3318,7227,44379,"array([5.03429327, 1.42518507])"
3319,7227,44385,"array([5.18282224, 1.54535542])"
3320,7227,5657522,"array([5.18344464, 1.54000107])"
3321,7227,44388,"array([5.00036371, 1.42212537])"
3322,7227,44389,"array([5.0107604 , 1.36931891])"
3323,7227,326205,"array([5.1593262 , 1.24762194])"
3324,7227,44438,"array([4.97902825, 1.41003149])"
3325,7227,48797,"array([5.15314396, 1.33599982])"
3326,7227,249607,"array([5.02540845, 1.39691432])"
3327,7227,44498,"array([5.19998361, 1.33749299])"
3328,7227,32114,"array([5.04374734, 1.32851705])"
3329,7227,5658473,"array([5.05967742, 1.31038998])"
3330,7227,5658477,"array([5.09260387, 1.29770806])"
3331,7227,5658479,"array([5.06695503, 1.30707263])"
3332,7227,44513,"array([5.1068565 , 1.30083544])"
3333,7227,33191,"array([5.19409492, 1.48716111])"
3334,7227,33974,"array([5.14896533, 1.51804113])"
3335,7227,34281,"array([5.18706892, 1.40647807])"
3336,7227,34383,"array([5.16564608, 1.51125215])"
3337,7227,45848,"array([5.15302809, 1.4790415 ])"
3338,7227,49425,"array([5.18290158, 1.50690244])"
3339,7227,246653,"array([5.16212337, 1.45695275])"
3340,7227,248043,"array([5.15194251, 1.49091609])"
3341,7227,3355150,"array([5.18186438, 1.50202416])"
3342,7227,14462788,"array([5.15605186, 1.52161747])"
3343,7227,26067356,"array([5.13245818, 1.51721743])"
3344,7227,34487,"array([5.23819694, 1.38157794])"
3345,7227,44643,"array([5.0851576 , 1.33612314])"
3346,7227,44669,"array([5.04706818, 1.26535543])"
3347,7227,44679,"array([5.00968354, 1.43690367])"
3348,7227,44698,"array([5.02492902, 1.44298339])"
3349,7227,44701,"array([5.06851996, 1.47928059])"
3350,7227,44793,"array([5.75274786, 0.9288414 ])"
3351,7227,5657017,"array([5.74387886, 0.92063946])"
3352,7227,247226,"array([5.20490295, 1.51158882])"
3353,7227,247881,"array([5.20016904, 1.51469179])"
3354,7227,248480,"array([5.19505494, 1.51164211])"
3355,7227,249737,"array([5.19509722, 1.51751103])"
3356,7227,252740,"array([5.18990428, 1.52021626])"
3357,7227,5656851,"array([5.1308167 , 1.49393151])"
3358,7227,34093,"array([5.13802161, 1.32871359])"
3359,7227,326214,"array([5.17062022, 1.37910659])"
3360,7227,26067584,"array([5.10641775, 1.34729645])"
3361,7227,3772415,"array([5.11937663, 1.48788428])"
3362,7227,44812,"array([5.09029654, 1.53793293])"
3363,7227,44813,"array([5.18626884, 1.42794878])"
3364,7227,44815,"array([4.97847946, 1.36635583])"
3365,7227,32130,"array([5.20253855, 1.37570818])"
3366,7227,44841,"array([5.15860534, 1.51060432])"
3367,7227,44846,"array([5.09395293, 1.52065109])"
3368,7227,31824,"array([5.20791861, 1.46987039])"
3369,7227,32205,"array([5.19178044, 1.46475563])"
3370,7227,32889,"array([5.14265764, 1.50752876])"
3371,7227,32925,"array([5.15781886, 1.50337318])"
3372,7227,33224,"array([5.15225215, 1.42646572])"
3373,7227,33769,"array([5.14327528, 1.49184572])"
3374,7227,33903,"array([5.19899521, 1.48084628])"
3375,7227,192508,"array([5.19481102, 1.48101148])"
3376,7227,3772576,"array([5.17217167, 1.4941928 ])"
3377,7227,5658103,"array([5.19850083, 1.46831986])"
3378,7227,44857,"array([5.22639215, 1.51169579])"
3379,7227,249939,"array([5.02723925, 1.44806413])"
3380,7227,250292,"array([5.001079  , 1.41456274])"
3381,7227,318841,"array([5.13211892, 1.33168291])"
3382,7227,5657560,"array([5.00642124, 1.42174364])"
3383,7227,5657714,"array([5.00562088, 1.42632483])"
3384,7227,5657715,"array([5.00887716, 1.4090401 ])"
3385,7227,44887,"array([5.05656237, 1.23259558])"
3386,7227,44937,"array([5.15470791, 1.55026155])"
3387,7227,44978,"array([5.20788038, 1.36109054])"
3388,7227,45067,"array([5.08270708, 1.44706492])"
3389,7227,32341,"array([5.23800142, 1.36116711])"
3390,7227,50392,"array([5.22514317, 1.38402029])"
3391,7227,45273,"array([5.7237048 , 1.86456059])"
3392,7227,247777,"array([5.73493498, 1.86086515])"
3393,7227,45274,"array([5.16437739, 1.2576664 ])"
3394,7227,45670,"array([5.14286931, 1.57486524])"
3395,7227,47952,"array([5.1592608 , 1.52753484])"
3396,7227,49638,"array([5.09795037, 1.46569454])"
3397,7227,32125,"array([5.18652359, 1.4789469 ])"
3398,7227,45930,"array([5.20411712, 1.47256345])"
3399,7227,32202,"array([5.02705971, 1.32961965])"
3400,7227,45350,"array([5.10941864, 1.57674929])"
3401,7227,45359,"array([4.37766164, 1.63095247])"
3402,7227,47079,"array([4.36995583, 1.62225207])"
3403,7227,45363,"array([5.09599032, 1.57391272])"
3404,7227,45382,"array([4.95587674, 1.34370429])"
3405,7227,45399,"array([5.06675228, 1.52393158])"
3406,7227,45401,"array([5.16719303, 1.54061069])"
3407,7227,45477,"array([4.97804154, 1.45990476])"
3408,7227,45481,"array([4.97655838, 1.44535856])"
3409,7227,45574,"array([5.13060403, 1.25122685])"
3410,7227,45588,"array([5.00007769, 1.48414016])"
3411,7227,31362,"array([5.23059343, 1.42957476])"
3412,7227,31657,"array([5.22820784, 1.40946398])"
3413,7227,32557,"array([5.23219423, 1.43806242])"
3414,7227,32741,"array([5.20232426, 1.46952749])"
3415,7227,33709,"array([5.15712456, 1.43667571])"
3416,7227,34018,"array([5.22695351, 1.44353373])"
3417,7227,2768940,"array([5.23003955, 1.3925673 ])"
3418,7227,45668,"array([5.22578616, 1.39484523])"
3419,7227,45683,"array([5.10124884, 1.32647123])"
3420,7227,45779,"array([5.01442799, 1.38732172])"
3421,7227,45845,"array([4.93083108, 1.44978832])"
3422,7227,45851,"array([5.2261095 , 1.48643085])"
3423,7227,33937,"array([5.12995792, 1.24211522])"
3424,7227,45875,"array([5.12839573, 1.50371524])"
3425,7227,45883,"array([4.35518428, 1.44782654])"
3426,7227,45923,"array([4.35130344, 1.43599899])"
3427,7227,45893,"array([5.14573099, 1.59329665])"
3428,7227,45901,"array([5.01061961, 1.55121041])"
3429,7227,45902,"array([5.17474324, 1.534069  ])"
3430,7227,247510,"array([5.07022517, 1.24970993])"
3431,7227,3355164,"array([5.03660998, 1.33944417])"
3432,7227,4379834,"array([5.03208626, 1.33072384])"
3433,7227,33692,"array([5.04029786, 1.3261401 ])"
3434,7227,45936,"array([5.00286376, 1.32871684])"
3435,7227,45937,"array([5.14656563, 1.37418965])"
3436,7227,326166,"array([5.16170118, 1.30081278])"
3437,7227,45980,"array([5.12561334, 1.48726958])"
3438,7227,5657875,"array([5.02836109, 1.43862112])"
3439,7227,46085,"array([5.23924128, 1.40391247])"
3440,7227,46349,"array([5.18011757, 1.44750174])"
3441,7227,46434,"array([5.06721219, 1.55556128])"
3442,7227,33110,"array([5.1013118 , 1.53777618])"
3443,7227,46546,"array([5.00304273, 1.29412342])"
3444,7227,46719,"array([5.18637573, 1.46822211])"
3445,7227,46738,"array([5.05716529, 1.45829978])"
3446,7227,33599,"array([5.01247251, 1.4307695 ])"
3447,7227,47084,"array([5.16374306, 1.47993001])"
3448,7227,250148,"array([4.94059598, 1.37335888])"
3449,7227,20520587,"array([4.94360079, 1.36585048])"
3450,7227,20520588,"array([4.94354356, 1.38042194])"
3451,7227,47107,"array([5.69137879, 0.8644889 ])"
3452,7227,48455,"array([5.68169838, 0.85645619])"
3453,7227,47151,"array([5.20542327, 1.39537455])"
3454,7227,47166,"array([5.14241185, 1.54370993])"
3455,7227,47167,"array([5.13152554, 1.54102103])"
3456,7227,47191,"array([4.43762857, 1.68447412])"
3457,7227,5656854,"array([4.43876047, 1.67268759])"
3458,7227,47204,"array([5.12847178, 1.49884141])"
3459,7227,47210,"array([5.12556701, 1.54444011])"
3460,7227,246875,"array([5.12432757, 1.59447461])"
3461,7227,47249,"array([5.19175851, 1.52645819])"
3462,7227,34824,"array([5.11446385, 1.32288455])"
3463,7227,140439,"array([5.05318198, 1.29570009])"
3464,7227,8674098,"array([5.17611724, 1.27649154])"
3465,7227,47457,"array([4.48281587, 1.00180855])"
3466,7227,117407,"array([4.47152615, 1.00547936])"
3467,7227,47573,"array([5.23891093, 1.39608146])"
3468,7227,47601,"array([5.23458021, 1.43355672])"
3469,7227,48533,"array([5.24983573, 1.3002613 ])"
3470,7227,252294,"array([5.26147863, 1.30891856])"
3471,7227,47850,"array([5.8950812 , 1.40794214])"
3472,7227,5656952,"array([5.8867678 , 1.39950384])"
3473,7227,47903,"array([5.19345464, 1.40191397])"
3474,7227,48263,"array([5.14241475, 1.4953359 ])"
3475,7227,48281,"array([5.20744244, 1.42812096])"
3476,7227,48311,"array([5.19746074, 1.39906693])"
3477,7227,32581,"array([5.11359433, 1.48607456])"
3478,7227,12797881,"array([5.17654825, 1.46358721])"
3479,7227,48322,"array([5.21435541, 1.4294572 ])"
3480,7227,49115,"array([5.6715713 , 0.84905804])"
3481,7227,48481,"array([5.22277469, 1.35838519])"
3482,7227,48524,"array([5.22871732, 1.48251302])"
3483,7227,48539,"array([5.19056995, 1.46806008])"
3484,7227,48694,"array([4.97004695, 1.44255706])"
3485,7227,48695,"array([4.97119449, 1.44925073])"
3486,7227,48740,"array([5.01780713, 1.55098261])"
3487,7227,246867,"array([5.28583249, 1.4652952 ])"
3488,7227,48971,"array([5.07243453, 1.3287788 ])"
3489,7227,34651,"array([5.0210993 , 1.29623959])"
3490,7227,49111,"array([5.18550154, 1.53545221])"
3491,7227,49210,"array([5.23235281, 1.34112208])"
3492,7227,49214,"array([5.23437583, 1.33599617])"
3493,7227,49216,"array([5.23674453, 1.35437518])"
3494,7227,49220,"array([5.23159669, 1.33124295])"
3495,7227,248007,"array([5.20637563, 1.54262459])"
3496,7227,248008,"array([5.2216728 , 1.54789526])"
3497,7227,248009,"array([5.19952916, 1.54764418])"
3498,7227,248022,"array([5.22696496, 1.54442019])"
3499,7227,248023,"array([5.23016634, 1.52336786])"
3500,7227,248024,"array([5.21620545, 1.55117296])"
3501,7227,248025,"array([5.22192155, 1.54005017])"
3502,7227,248026,"array([5.21772038, 1.53528565])"
3503,7227,248027,"array([5.21256373, 1.53968014])"
3504,7227,248028,"array([5.23100032, 1.53212201])"
3505,7227,248029,"array([5.22902672, 1.53847532])"
3506,7227,248030,"array([5.22424558, 1.53428431])"
3507,7227,248031,"array([5.21704664, 1.54326653])"
3508,7227,248042,"array([5.19573782, 1.55375558])"
3509,7227,248044,"array([5.2369717 , 1.52159436])"
3510,7227,248045,"array([5.21021448, 1.55364149])"
3511,7227,248047,"array([5.22016995, 1.52918931])"
3512,7227,248048,"array([5.23573537, 1.52835341])"
3513,7227,5657149,"array([5.20557126, 1.54886819])"
3514,7227,5657800,"array([5.22611325, 1.52782424])"
3515,7227,246445,"array([5.08380094, 1.2771534 ])"
3516,7227,49327,"array([5.10026194, 1.51035416])"
3517,7227,49529,"array([4.44448032, 1.79429676])"
3518,7227,34902,"array([4.44425851, 1.80613803])"
3519,7227,49805,"array([5.15168471, 1.25575442])"
3520,7227,50005,"array([5.15399107, 1.53379544])"
3521,7227,50050,"array([5.1669958 , 1.35681265])"
3522,7227,50391,"array([5.09067338, 1.48412429])"
3523,7227,53445,"array([5.81477319, 1.66058914])"
3524,7227,31014,"array([5.80747721, 1.66981334])"
3525,7227,32316,"array([5.00367297, 1.15164423])"
3526,7227,2768949,"array([5.19206304, 1.24492738])"
3527,7227,53581,"array([5.23847279, 1.27817446])"
3528,7227,64874,"array([5.27446089, 1.32612853])"
3529,7227,64875,"array([5.2072689 , 1.56756461])"
3530,7227,117369,"array([5.06738824, 1.32862502])"
3531,7227,33739,"array([5.03621656, 1.26846099])"
3532,7227,34640,"array([5.0814877 , 1.32348246])"
3533,7227,246862,"array([5.07154625, 1.50069394])"
3534,7227,246868,"array([5.10503972, 1.51032938])"
3535,7227,246871,"array([5.18272186, 1.45061651])"
3536,7227,246874,"array([5.12724087, 0.57508553])"
3537,7227,5657078,"array([5.12509684, 0.58708007])"
3538,7227,247023,"array([5.06157886, 0.63808661])"
3539,7227,249459,"array([5.0641828 , 0.64958741])"
3540,7227,247049,"array([4.59360994, 1.95477866])"
3541,7227,33194,"array([4.58470347, 1.94649442])"
3542,7227,247050,"array([5.11482912, 1.50757899])"
3543,7227,247194,"array([4.34703198, 1.1943591 ])"
3544,7227,249917,"array([4.35842271, 1.19109029])"
3545,7227,247209,"array([5.18879706, 1.54194027])"
3546,7227,247220,"array([5.66964215, 1.91546994])"
3547,7227,5657047,"array([5.6619988 , 1.92471364])"
3548,7227,247249,"array([4.91314794, 0.6562519 ])"
3549,7227,250303,"array([4.92436427, 0.65314276])"
3550,7227,247748,"array([5.19203908, 1.39267683])"
3551,7227,5657771,"array([4.97976816, 1.23405538])"
3552,7227,248192,"array([5.16592777, 1.54712078])"
3553,7227,248291,"array([5.0425803 , 1.40704032])"
3554,7227,248292,"array([5.07596536, 1.46589314])"
3555,7227,248293,"array([5.04298272, 1.43185671])"
3556,7227,248294,"array([5.04784272, 1.44552919])"
3557,7227,248500,"array([5.0004939, 1.5409433])"
3558,7227,249592,"array([5.32696111, 1.54429454])"
3559,7227,5656968,"array([5.29632127, 1.5187244 ])"
3560,7227,249868,"array([5.19337402, 1.4303569 ])"
3561,7227,249949,"array([5.28915167, 1.30025351])"
3562,7227,250271,"array([5.13945305, 1.47336464])"
3563,7227,250300,"array([5.05295794, 1.47621832])"
3564,7227,250309,"array([5.16849055, 1.4803097 ])"
3565,7227,250475,"array([4.52445189, 0.85981448])"
3566,7227,250477,"array([4.52683794, 0.8481592 ])"
3567,7227,250478,"array([4.51556384, 0.85203443])"
3568,7227,250787,"array([5.11973825, 1.20965565])"
3569,7227,250788,"array([5.13123067, 1.20527966])"
3570,7227,250789,"array([5.1222453 , 1.22173087])"
3571,7227,252015,"array([5.20651489, 1.51829666])"
3572,7227,252097,"array([4.97261581, 1.45572184])"
3573,7227,252291,"array([5.02269925, 1.48884351])"
3574,7227,252324,"array([5.04056971, 1.46171843])"
3575,7227,252608,"array([4.98118352, 1.46598573])"
3576,7227,31997,"array([5.1837956 , 1.26793644])"
3577,7227,252743,"array([5.17592048, 1.23376782])"
3578,7227,252744,"array([5.00596146, 1.54548176])"
3579,7227,252750,"array([5.21113049, 1.50891672])"
3580,7227,252791,"array([5.18631843, 1.52584405])"
3581,7227,261610,"array([4.96620047, 1.52951767])"
3582,7227,32604,"array([4.99429683, 1.48917135])"
3583,7227,33930,"array([4.99107612, 1.53714264])"
3584,7227,33836,"array([5.24689604, 1.35986409])"
3585,7227,32245,"array([5.0088042 , 1.47670082])"
3586,7227,33498,"array([5.02931949, 1.45278768])"
3587,7227,31006,"array([5.08206435, 1.5575657 ])"
3588,7227,34505,"array([5.20017199, 1.38545349])"
3589,7227,31086,"array([5.0515304 , 1.51861774])"
3590,7227,31105,"array([5.15734977, 1.33260043])"
3591,7227,12798126,"array([5.04657552, 1.39324321])"
3592,7227,12798127,"array([5.08500567, 1.45543043])"
3593,7227,31153,"array([5.03747172, 1.41196265])"
3594,7227,5657992,"array([5.19027898, 1.50646755])"
3595,7227,5657993,"array([5.20584558, 1.49225115])"
3596,7227,33111,"array([5.09289128, 1.33734534])"
3597,7227,31222,"array([4.99810629, 1.29985597])"
3598,7227,31358,"array([5.08340771, 1.44329022])"
3599,7227,31247,"array([5.09677929, 1.24449355])"
3600,7227,31363,"array([5.05324144, 1.26383527])"
3601,7227,31761,"array([5.05649631, 1.26865005])"
3602,7227,33571,"array([5.0300838 , 1.27307258])"
3603,7227,5657472,"array([5.06546377, 1.2649111 ])"
3604,7227,31264,"array([5.17061693, 1.24120968])"
3605,7227,34293,"array([5.17177405, 1.53828703])"
3606,7227,3771877,"array([5.19695668, 1.52851543])"
3607,7227,5657586,"array([5.16202993, 1.54260394])"
3608,7227,5657587,"array([5.1914671, 1.5372638])"
3609,7227,5657588,"array([5.17133856, 1.54407522])"
3610,7227,5657589,"array([5.15913344, 1.54705257])"
3611,7227,5657590,"array([5.20161754, 1.52110281])"
3612,7227,5657591,"array([5.18005656, 1.53348974])"
3613,7227,5657592,"array([5.17101992, 1.54992066])"
3614,7227,5657593,"array([5.17859331, 1.53792218])"
3615,7227,5657979,"array([5.19395552, 1.5327248 ])"
3616,7227,5657980,"array([5.18283242, 1.5294296 ])"
3617,7227,5657981,"array([5.19640371, 1.5232097 ])"
3618,7227,5658505,"array([5.17711628, 1.54762797])"
3619,7227,12798010,"array([5.17947785, 1.52303199])"
3620,7227,5658125,"array([5.09865217, 1.21514719])"
3621,7227,5658126,"array([5.14927994, 1.2210004 ])"
3622,7227,5658127,"array([5.12838387, 1.22218513])"
3623,7227,5658128,"array([5.13150189, 1.21238403])"
3624,7227,5658129,"array([5.12539881, 1.22841407])"
3625,7227,5658130,"array([5.11949715, 1.20367201])"
3626,7227,5658131,"array([5.12082226, 1.21561185])"
3627,7227,5658132,"array([5.10484771, 1.2239366 ])"
3628,7227,5658133,"array([5.10768885, 1.20475442])"
3629,7227,5658134,"array([5.14298642, 1.21003762])"
3630,7227,5658135,"array([5.10368356, 1.21005341])"
3631,7227,5658137,"array([5.13261874, 1.22704485])"
3632,7227,5658138,"array([5.10941349, 1.21175198])"
3633,7227,5658139,"array([5.1391714 , 1.22797289])"
3634,7227,5658140,"array([5.11487716, 1.21378378])"
3635,7227,5658141,"array([5.13684424, 1.20833176])"
3636,7227,5658143,"array([5.09150923, 1.2179149 ])"
3637,7227,5658144,"array([5.11132669, 1.22463495])"
3638,7227,5658145,"array([5.14307837, 1.21831631])"
3639,7227,5658146,"array([5.09306608, 1.21158535])"
3640,7227,5658147,"array([5.13784435, 1.21460238])"
3641,7227,5658148,"array([5.1266497 , 1.21609863])"
3642,7227,5658149,"array([5.09875065, 1.20682854])"
3643,7227,5658150,"array([5.13799488, 1.22196243])"
3644,7227,5658151,"array([5.10417603, 1.21689797])"
3645,7227,5658152,"array([5.11399248, 1.20658718])"
3646,7227,5658153,"array([5.11816122, 1.22687145])"
3647,7227,5658154,"array([5.13279885, 1.21848997])"
3648,7227,5658155,"array([5.11609987, 1.21986378])"
3649,7227,5658156,"array([5.14791968, 1.21397183])"
3650,7227,5658157,"array([5.12573769, 1.20948768])"
3651,7227,5658158,"array([5.10995912, 1.21843367])"
3652,7227,5658159,"array([5.09850818, 1.22175368])"
3653,7227,5658160,"array([5.14541088, 1.22627862])"
3654,7227,5658161,"array([5.12583101, 1.20291228])"
3655,7227,3354918,"array([5.13938414, 1.47702129])"
3656,7227,5657538,"array([5.09510636, 1.49824216])"
3657,7227,5657539,"array([5.12204468, 1.50828299])"
3658,7227,5657542,"array([5.11819619, 1.51047788])"
3659,7227,5657543,"array([5.09094517, 1.50069635])"
3660,7227,5657544,"array([5.11042832, 1.50841651])"
3661,7227,5657545,"array([5.0774048 , 1.49293915])"
3662,7227,5657546,"array([5.14570089, 1.50207941])"
3663,7227,5657547,"array([5.11179018, 1.50439062])"
3664,7227,5657548,"array([5.08919566, 1.49248473])"
3665,7227,5657549,"array([5.09752797, 1.50606433])"
3666,7227,5657550,"array([5.18047497, 1.46933093])"
3667,7227,5657551,"array([5.09072162, 1.49649769])"
3668,7227,5657552,"array([5.14666533, 1.49051859])"
3669,7227,5657553,"array([5.13096256, 1.50718389])"
3670,7227,5657554,"array([5.04952891, 1.43457912])"
3671,7227,5657555,"array([5.15104536, 1.49980316])"
3672,7227,5657925,"array([5.08218356, 1.49223768])"
3673,7227,5657970,"array([5.10627876, 1.50619195])"
3674,7227,12798411,"array([5.11898158, 1.5050466 ])"
3675,7227,12798412,"array([5.10780023, 1.50253502])"
3676,7227,32613,"array([4.98193303, 1.34912864])"
3677,7227,5656856,"array([4.98392161, 1.35432337])"
3678,7227,31331,"array([5.2000365 , 1.39464322])"
3679,7227,31528,"array([5.08900971, 1.24469157])"
3680,7227,32565,"array([5.09612771, 1.25397252])"
3681,7227,31359,"array([5.04426135, 1.33617455])"
3682,7227,3346162,"array([5.00587928, 1.39642502])"
3683,7227,8680154,"array([5.11561634, 1.26388384])"
3684,7227,30882178,"array([5.15493976, 1.26071111])"
3685,7227,30882179,"array([5.15742728, 1.26589818])"
3686,7227,31382,"array([5.076272  , 1.50070127])"
3687,7227,33781,"array([5.05347433, 1.45639856])"
3688,7227,33938,"array([5.16583821, 1.46531148])"
3689,7227,5657214,"array([5.08027302, 1.48469766])"
3690,7227,30882168,"array([5.1884188 , 1.42153064])"
3691,7227,33982,"array([5.04759521, 1.55034203])"
3692,7227,31444,"array([5.24711531, 1.24547199])"
3693,7227,32028,"array([5.0042557 , 1.41113502])"
3694,7227,5657581,"array([5.20110052, 1.32287759])"
3695,7227,31775,"array([5.19915377, 1.27020998])"
3696,7227,34500,"array([5.18727727, 1.28904452])"
3697,7227,32151,"array([5.17062637, 1.30318893])"
3698,7227,33832,"array([5.20320746, 1.28508924])"
3699,7227,33833,"array([5.20277599, 1.28004347])"
3700,7227,31706,"array([5.2315744 , 1.41829136])"
3701,7227,31718,"array([5.04506398, 1.4424609 ])"
3702,7227,31728,"array([5.01909503, 1.33320845])"
3703,7227,31767,"array([4.97009379, 1.29630638])"
3704,7227,33874,"array([5.30725563, 1.44977774])"
3705,7227,33892,"array([5.30053863, 1.45388927])"
3706,7227,31778,"array([4.97135062, 1.39053153])"
3707,7227,34068,"array([4.91905677, 1.38276317])"
3708,7227,31834,"array([5.17060879, 1.47363302])"
3709,7227,31840,"array([5.07928677, 1.51013642])"
3710,7227,31858,"array([5.07560537, 1.55359876])"
3711,7227,5657802,"array([5.21779494, 1.4965084 ])"
3712,7227,5657803,"array([5.21625187, 1.50954129])"
3713,7227,5657804,"array([5.22677018, 1.49248489])"
3714,7227,5657805,"array([5.22249531, 1.50087745])"
3715,7227,5657806,"array([5.22300338, 1.49552594])"
3716,7227,5658175,"array([5.22054836, 1.50585874])"
3717,7227,31902,"array([5.03530229, 1.39552421])"
3718,7227,31913,"array([5.24916299, 1.47716656])"
3719,7227,32006,"array([5.12883278, 1.29997588])"
3720,7227,19893539,"array([5.08188038, 1.26023074])"
3721,7227,5658214,"array([5.08201462, 1.4539096 ])"
3722,7227,5658215,"array([5.18934115, 1.38379535])"
3723,7227,32098,"array([5.11026518, 1.29640102])"
3724,7227,32975,"array([5.16501987, 1.3535918 ])"
3725,7227,32109,"array([5.19920582, 1.40344413])"
3726,7227,32457,"array([5.00418641, 1.27934286])"
3727,7227,33944,"array([4.96609141, 1.35522908])"
3728,7227,32154,"array([5.02430468, 1.36981866])"
3729,7227,32799,"array([4.97034531, 1.32128702])"
3730,7227,33275,"array([4.97068649, 1.32814466])"
3731,7227,33324,"array([5.15477311, 1.30494081])"
3732,7227,33988,"array([5.06968219, 1.33677133])"
3733,7227,32337,"array([5.06947846, 1.47040937])"
3734,7227,5657943,"array([5.1650726 , 1.21485809])"
3735,7227,5657951,"array([5.15974026, 1.22097006])"
3736,7227,5657952,"array([5.16836754, 1.22071525])"
3737,7227,5740853,"array([5.12251841, 1.25095489])"
3738,7227,5658633,"array([4.96852487, 1.36906606])"
3739,7227,5658639,"array([4.96989379, 1.36318032])"
3740,7227,33162,"array([5.23075327, 1.37719497])"
3741,7227,5658211,"array([5.23166419, 1.38497049])"
3742,7227,32637,"array([5.10454415, 1.29579778])"
3743,7227,5657965,"array([5.09729906, 1.55196381])"
3744,7227,32645,"array([5.13592328, 1.30751837])"
3745,7227,32671,"array([5.26071107, 1.40211609])"
3746,7227,33131,"array([5.07692542, 1.37320135])"
3747,7227,5658255,"array([4.97480846, 1.43864603])"
3748,7227,34237,"array([5.15117639, 1.47217755])"
3749,7227,34091,"array([5.13653769, 1.23911254])"
3750,7227,33298,"array([5.13641119, 1.53800114])"
3751,7227,33434,"array([5.16634907, 1.52624194])"
3752,7227,34069,"array([5.15892796, 1.53259021])"
3753,7227,12798576,"array([5.17626867, 1.52761939])"
3754,7227,33994,"array([5.23246159, 1.41212002])"
3755,7227,33995,"array([5.22776056, 1.41426871])"
3756,7227,32926,"array([5.15331251, 1.32797511])"
3757,7227,5658173,"array([5.21229437, 1.41130498])"
3758,7227,5658174,"array([5.20832974, 1.42024236])"
3759,7227,33015,"array([5.25454583, 1.41393571])"
3760,7227,33027,"array([4.95485075, 1.33634641])"
3761,7227,33033,"array([5.24062021, 1.40909294])"
3762,7227,33105,"array([5.328839  , 2.13342663])"
3763,7227,33137,"array([5.23459232, 1.42668811])"
3764,7227,5658557,"array([5.28084273, 1.37442358])"
3765,7227,5658558,"array([5.25419013, 1.3286532 ])"
3766,7227,5658559,"array([5.25794893, 1.34926223])"
3767,7227,5658560,"array([5.26626212, 1.37400452])"
3768,7227,5658561,"array([5.26488171, 1.38954364])"
3769,7227,5658562,"array([5.27549208, 1.37667361])"
3770,7227,5658563,"array([5.26223097, 1.35179444])"
3771,7227,5658564,"array([5.27528457, 1.34515858])"
3772,7227,5658565,"array([5.27051603, 1.37774418])"
3773,7227,5658566,"array([5.26864057, 1.35756521])"
3774,7227,5658567,"array([5.27733875, 1.33910377])"
3775,7227,5658568,"array([5.27627677, 1.36097737])"
3776,7227,5658569,"array([5.25197048, 1.36450783])"
3777,7227,5658570,"array([5.24713233, 1.33776086])"
3778,7227,5658571,"array([5.25947862, 1.32737669])"
3779,7227,5658572,"array([5.27322361, 1.35533634])"
3780,7227,5658573,"array([5.24187961, 1.32706308])"
3781,7227,5658574,"array([5.26177995, 1.34562339])"
3782,7227,5658575,"array([5.2763959 , 1.38799404])"
3783,7227,5658576,"array([5.27093982, 1.37159264])"
3784,7227,5658577,"array([5.27789988, 1.38182729])"
3785,7227,5658578,"array([5.25306706, 1.35730213])"
3786,7227,5658579,"array([5.26969643, 1.34436452])"
3787,7227,5658580,"array([5.25751036, 1.37971265])"
3788,7227,5658581,"array([5.26554849, 1.34102726])"
3789,7227,5658582,"array([5.24804576, 1.35463558])"
3790,7227,5658583,"array([5.27229222, 1.38333935])"
3791,7227,5658584,"array([5.26716831, 1.38432408])"
3792,7227,5658585,"array([5.25369978, 1.37471608])"
3793,7227,5658586,"array([5.28218884, 1.36271326])"
3794,7227,5658587,"array([5.27161096, 1.34965739])"
3795,7227,5658588,"array([5.26000427, 1.34092857])"
3796,7227,5658589,"array([5.25611409, 1.34424567])"
3797,7227,5658590,"array([5.26770912, 1.35265028])"
3798,7227,5658591,"array([5.25592421, 1.36178989])"
3799,7227,5658592,"array([5.27117344, 1.36125873])"
3800,7227,5658593,"array([5.28342917, 1.35673354])"
3801,7227,5658594,"array([5.26119074, 1.32167869])"
3802,7227,5658595,"array([5.26126904, 1.37049971])"
3803,7227,5658596,"array([5.27582072, 1.37110451])"
3804,7227,5658597,"array([5.2646851 , 1.37920718])"
3805,7227,5658598,"array([5.27684724, 1.3509672 ])"
3806,7227,5658599,"array([5.26378272, 1.35692994])"
3807,7227,5658600,"array([5.24531305, 1.34307017])"
3808,7227,5658601,"array([5.25149931, 1.34076826])"
3809,7227,5658602,"array([5.26338004, 1.33102665])"
3810,7227,5658603,"array([5.28068962, 1.34378116])"
3811,7227,5658604,"array([5.25158796, 1.33430744])"
3812,7227,5658605,"array([5.27395592, 1.33416116])"
3813,7227,5658606,"array([5.26072834, 1.36027904])"
3814,7227,5658607,"array([5.2691778 , 1.33041174])"
3815,7227,5658608,"array([5.25578023, 1.36940788])"
3816,7227,5658609,"array([5.26759755, 1.3357971 ])"
3817,7227,5658610,"array([5.26548411, 1.3630846 ])"
3818,7227,5658611,"array([5.24724844, 1.34928575])"
3819,7227,5658612,"array([5.28196886, 1.36862554])"
3820,7227,5658613,"array([5.24897941, 1.32890408])"
3821,7227,5658614,"array([5.24901179, 1.32324032])"
3822,7227,5658615,"array([5.26218571, 1.33618776])"
3823,7227,5658616,"array([5.27089831, 1.39027394])"
3824,7227,5658617,"array([5.27162548, 1.33968261])"
3825,7227,5658618,"array([5.25492315, 1.32229121])"
3826,7227,5658619,"array([5.25117161, 1.3462859 ])"
3827,7227,5658620,"array([5.27645019, 1.36603794])"
3828,7227,5658621,"array([5.25824599, 1.3552706 ])"
3829,7227,5658622,"array([5.26618703, 1.32534372])"
3830,7227,5658623,"array([5.25337964, 1.35161804])"
3831,7227,5658624,"array([5.2557957 , 1.33793408])"
3832,7227,5658625,"array([5.2611358 , 1.38418109])"
3833,7227,5658626,"array([5.24502955, 1.3319326 ])"
3834,7227,5658627,"array([5.26623894, 1.34782208])"
3835,7227,33228,"array([4.97744972, 1.28902671])"
3836,7227,34109,"array([5.21521475, 1.30428818])"
3837,7227,33293,"array([5.23902846, 1.41378818])"
3838,7227,33689,"array([4.94754365, 1.27962345])"
3839,7227,34004,"array([5.04778903, 1.48467145])"
3840,7227,5657874,"array([5.05698439, 1.49094325])"
3841,7227,5657950,"array([5.03257508, 1.46449348])"
3842,7227,5657953,"array([5.05137539, 1.4870987 ])"
3843,7227,5657960,"array([5.02164916, 1.44473649])"
3844,7227,5658206,"array([5.03634576, 1.46720556])"
3845,7227,5658634,"array([5.0523842 , 1.49141334])"
3846,7227,5658636,"array([5.03047842, 1.46016032])"
3847,7227,5658640,"array([5.044208  , 1.47608705])"
3848,7227,5658641,"array([5.0477675 , 1.47981746])"
3849,7227,5658644,"array([5.0258993 , 1.42282457])"
3850,7227,33513,"array([5.171602  , 1.39272336])"
3851,7227,33661,"array([5.23537744, 1.40823958])"
3852,7227,33789,"array([4.97792287, 1.33191347])"
3853,7227,34527,"array([5.05505275, 1.48417431])"
3854,7227,33946,"array([5.72000202, 0.96824115])"
3855,7227,34429,"array([5.71094246, 0.96022103])"
3856,7227,33952,"array([5.21530799, 1.39728602])"
3857,7227,34658,"array([5.06292827, 1.48890292])"
3858,7227,34804,"array([5.12368499, 1.329951  ])"
3859,7227,34187,"array([5.2145075 , 1.20446911])"
3860,7227,34280,"array([5.1784447 , 1.45802095])"
3861,7227,34359,"array([5.59718555, 1.98582607])"
3862,7227,34726,"array([5.5984107 , 1.99762547])"
3863,7227,5657954,"array([5.08938944, 1.53288729])"
3864,7227,5657955,"array([5.09552998, 1.53658637])"
3865,7227,5657956,"array([5.08329545, 1.53408012])"
3866,7227,5657957,"array([5.08038371, 1.52757982])"
3867,7227,2768680,"array([5.00119864, 1.24299894])"
3868,7227,34570,"array([5.19454913, 1.49108135])"
3869,7227,34707,"array([5.2049061 , 1.37079117])"
3870,7227,5657941,"array([5.20017748, 1.53596475])"
3871,7227,5657942,"array([5.21209407, 1.52356751])"
3872,7227,5658014,"array([5.06122977, 1.52884177])"
3873,7227,5658015,"array([5.05029823, 1.52432422])"
3874,7227,3885612,"array([5.26577746, 1.3995207 ])"
3875,7227,5656961,"array([5.28483281, 0.67939105])"
3876,7227,5656985,"array([5.27803715, 0.66944908])"
3877,7227,5657832,"array([5.07373265, 1.50651366])"
3878,7227,5657976,"array([5.18363779, 0.63556212])"
3879,7227,5657977,"array([5.17167415, 0.63715403])"
3880,7227,5658348,"array([4.71237902, 2.02914114])"
3881,7227,5658349,"array([4.70043626, 2.02794623])"
3882,7227,12797914,"array([5.26099262, 1.40826939])"
3883,7227,36150,"array([5.17671885, 1.36823401])"
3884,7227,3885565,"array([5.14926518, 1.33939412])"
3885,7227,117348,"array([4.50285271, 1.81934121])"
3886,7227,192481,"array([4.50688885, 1.83182729])"
3887,7227,117492,"array([4.5194665 , 1.83606669])"
3888,7227,12797884,"array([5.21981253, 1.4319363 ])"
3889,7227,12798217,"array([5.16944265, 1.39933428])"
3890,7227,12798333,"array([5.47811548, 2.06718786])"
3891,7227,33901,"array([5.4745119 , 2.07842609])"
3892,7227,14462605,"array([5.04118553, 1.35653891])"
3893,7227,19834718,"array([5.22951241, 1.34879126])"
3894,7227,19835457,"array([5.03283143, 1.28916807])"
3895,7227,38151,"array([5.21251252, 1.37587922])"
3896,7227,26067586,"array([5.28165894, 1.40872374])"
3897,7227,318854,"array([5.13537155, 1.33714041])"
3898,7227,40715,"array([5.03173604, 1.37396334])"
3899,7227,2768872,"array([5.1470985 , 1.19851743])"
3900,7227,2768945,"array([5.03084284, 1.3026407 ])"
3901,7227,31547,"array([5.11615505, 1.28536555])"
3902,7227,3354987,"array([5.13126467, 1.47581914])"
3903,7227,31157,"array([5.10081543, 1.30745366])"
3904,7227,38897,"array([5.20945954, 1.38039464])"
3905,7227,32167,"array([5.0442366, 1.2702894])"
3906,7227,37586,"array([5.12093149, 1.47855679])"
3907,7227,37833,"array([5.1368173 , 1.47963795])"
3908,7227,37646,"array([5.04799912, 1.40571807])"
3909,7227,38399,"array([5.18652852, 1.35531709])"
3910,7227,31342,"array([5.28797468, 1.51302305])"
3911,7227,43729,"array([5.0451787 , 1.32312846])"
3912,7227,36654,"array([5.04892392, 1.29343182])"
3913,7227,41242,"array([5.07781135, 1.48186203])"
3914,7227,37782,"array([5.13963426, 1.25769781])"
3915,7227,31394,"array([4.99084252, 1.34201413])"
3916,7227,41733,"array([5.15772865, 1.27705131])"
3917,7227,40626,"array([5.11173846, 1.25696197])"
3918,7227,31513,"array([4.98735404, 1.34657922])"
3919,7227,31524,"array([5.20515871, 1.31002756])"
3920,7227,31544,"array([5.21718083, 1.32603221])"
3921,7227,39448,"array([5.19391124, 1.27134627])"
3922,7227,31582,"array([5.08867342, 1.36303892])"
3923,7227,32081,"array([5.20859017, 1.29351528])"
3924,7227,34433,"array([5.20322731, 1.30488794])"
3925,7227,35899,"array([5.20804552, 1.28116338])"
3926,7227,38864,"array([5.19771106, 1.28096033])"
3927,7227,39327,"array([5.2087328 , 1.28756932])"
3928,7227,39366,"array([5.21390249, 1.26773514])"
3929,7227,39722,"array([5.19353209, 1.27671751])"
3930,7227,40189,"array([5.21392383, 1.29052087])"
3931,7227,42587,"array([5.19223208, 1.28593693])"
3932,7227,43808,"array([5.18646336, 1.27704556])"
3933,7227,43839,"array([5.21314406, 1.28381621])"
3934,7227,47895,"array([5.19451576, 1.30097834])"
3935,7227,31615,"array([5.01698881, 1.44618101])"
3936,7227,31698,"array([5.06718481, 1.35988795])"
3937,7227,40177,"array([5.01311092, 1.31739285])"
3938,7227,36427,"array([5.2355632 , 1.31527682])"
3939,7227,318734,"array([5.27097185, 1.41582714])"
3940,7227,33142,"array([5.27929992, 1.42588555])"
3941,7227,33948,"array([5.26876465, 1.42166464])"
3942,7227,34423,"array([5.26600799, 1.42723761])"
3943,7227,34482,"array([5.28664514, 1.41924076])"
3944,7227,34685,"array([5.26289795, 1.44020508])"
3945,7227,34779,"array([5.27392667, 1.43621219])"
3946,7227,34876,"array([5.28067726, 1.42030458])"
3947,7227,35082,"array([5.27994374, 1.43747957])"
3948,7227,35230,"array([5.27061971, 1.45248156])"
3949,7227,35349,"array([5.27735217, 1.40506079])"
3950,7227,37113,"array([5.27285127, 1.42675814])"
3951,7227,37319,"array([5.28331073, 1.41406488])"
3952,7227,37626,"array([5.28592335, 1.42553828])"
3953,7227,37941,"array([5.27457765, 1.44782224])"
3954,7227,38324,"array([5.27675077, 1.43121027])"
3955,7227,39224,"array([5.26416375, 1.45292452])"
3956,7227,39517,"array([5.26998598, 1.43198002])"
3957,7227,40580,"array([5.27730943, 1.4151175 ])"
3958,7227,41097,"array([5.26900088, 1.43886259])"
3959,7227,41116,"array([5.26396584, 1.4336918 ])"
3960,7227,41117,"array([5.26889783, 1.44501008])"
3961,7227,41298,"array([5.27497674, 1.4211126 ])"
3962,7227,43601,"array([5.27554789, 1.44207475])"
3963,7227,43642,"array([5.27368819, 1.41025541])"
3964,7227,50315,"array([5.2626329 , 1.44673502])"
3965,7227,53542,"array([5.28269221, 1.43132372])"
3966,7227,32176,"array([5.21772922, 1.37263086])"
3967,7227,34785,"array([5.12504927, 1.32615737])"
3968,7227,36876,"array([5.16977074, 1.37159078])"
3969,7227,41425,"array([5.17573258, 1.37389604])"
3970,7227,36494,"array([4.98174973, 1.50930433])"
3971,7227,37914,"array([4.97048246, 1.49621759])"
3972,7227,39083,"array([4.96703199, 1.5039062 ])"
3973,7227,39763,"array([4.97685865, 1.51578918])"
3974,7227,40698,"array([5.05840822, 1.43507727])"
3975,7227,40709,"array([4.97073115, 1.51149506])"
3976,7227,42239,"array([5.08435329, 1.41143115])"
3977,7227,42240,"array([4.98327445, 1.51899271])"
3978,7227,43426,"array([5.08090067, 1.4665844 ])"
3979,7227,43506,"array([4.96455069, 1.49404076])"
3980,7227,43734,"array([4.97527753, 1.50618173])"
3981,7227,5740252,"array([5.02821025, 1.48417907])"
3982,7227,318846,"array([5.21109045, 1.36861669])"
3983,7227,318847,"array([5.15397296, 1.51196232])"
3984,7227,31887,"array([5.03711986, 1.47264854])"
3985,7227,31957,"array([4.99425976, 1.32570054])"
3986,7227,39727,"array([5.06384748, 1.35833876])"
3987,7227,32103,"array([5.31148765, 1.4163969 ])"
3988,7227,41479,"array([5.25758449, 1.28121278])"
3989,7227,43453,"array([5.05074869, 1.38109203])"
3990,7227,32188,"array([5.19188868, 1.31004439])"
3991,7227,32222,"array([5.2426625 , 1.22670355])"
3992,7227,32228,"array([5.18830164, 1.45516984])"
3993,7227,38714,"array([5.10315687, 1.36781642])"
3994,7227,3885627,"array([5.1253871 , 1.34094684])"
3995,7227,32990,"array([5.0904153 , 1.43663699])"
3996,7227,32345,"array([4.99673286, 1.31533904])"
3997,7227,32379,"array([5.18677176, 1.32043428])"
3998,7227,36381,"array([5.06140468, 1.29069395])"
3999,7227,32552,"array([4.98741869, 1.3376385 ])"
4000,7227,40461,"array([4.98846951, 1.32790703])"
4001,7227,32582,"array([5.22266731, 1.42327177])"
4002,7227,32587,"array([5.14290435, 1.38177325])"
4003,7227,32611,"array([5.12459199, 1.3447058 ])"
4004,7227,326115,"array([5.04361807, 1.36520157])"
4005,7227,32615,"array([5.22246694, 1.34069825])"
4006,7227,32701,"array([5.19681998, 1.3134063 ])"
4007,7227,40898,"array([5.23239157, 1.26585615])"
4008,7227,32722,"array([5.20948746, 1.19039982])"
4009,7227,38646,"array([5.19452557, 1.23411954])"
4010,7227,41641,"array([5.16386659, 1.34537561])"
4011,7227,32878,"array([5.10330607, 1.08812727])"
4012,7227,42832,"array([5.10159092, 1.05949288])"
4013,7227,32886,"array([5.08910359, 1.55521345])"
4014,7227,38034,"array([5.10522809, 1.54425712])"
4015,7227,32971,"array([4.98587203, 1.57517942])"
4016,7227,36830,"array([5.01364944, 1.54029957])"
4017,7227,38490,"array([5.03959081, 1.49139297])"
4018,7227,32994,"array([5.22008295, 1.42734437])"
4019,7227,33103,"array([5.30201404, 1.37108094])"
4020,7227,34783,"array([5.24002159, 1.37068464])"
4021,7227,33119,"array([5.83547908, 1.08574135])"
4022,7227,40444,"array([5.82757068, 1.09436885])"
4023,7227,33132,"array([5.20876367, 1.33815994])"
4024,7227,35744,"array([5.25771998, 1.33284099])"
4025,7227,33270,"array([5.24620699, 1.45824946])"
4026,7227,33367,"array([5.11178544, 1.28106428])"
4027,7227,42473,"array([4.98704347, 1.31622362])"
4028,7227,39965,"array([5.07486121, 1.40341484])"
4029,7227,3346202,"array([5.01974956, 1.35471513])"
4030,7227,43354,"array([5.13747802, 1.34345782])"
4031,7227,3354971,"array([5.20595427, 1.4820874 ])"
4032,7227,43523,"array([5.13554574, 1.54914197])"
4033,7227,43716,"array([5.14599256, 1.54698963])"
4034,7227,36569,"array([5.27647011, 1.25103956])"
4035,7227,37643,"array([5.28131049, 1.25858962])"
4036,7227,33738,"array([5.21873796, 1.19368327])"
4037,7227,35527,"array([5.11091993, 1.32687455])"
4038,7227,33768,"array([4.99455917, 1.21199829])"
4039,7227,39086,"array([5.02380322, 1.25344957])"
4040,7227,34177,"array([4.9845025 , 1.38779721])"
4041,7227,34274,"array([5.1987261 , 1.47553043])"
4042,7227,34276,"array([5.09955652, 1.26038659])"
4043,7227,34341,"array([5.20887156, 1.32872216])"
4044,7227,34362,"array([5.23587096, 1.34519175])"
4045,7227,34414,"array([5.2220445 , 1.39975989])"
4046,7227,34425,"array([5.17418869, 1.31172783])"
4047,7227,34582,"array([4.95621775, 1.32637292])"
4048,7227,39389,"array([5.19861107, 1.32615625])"
4049,7227,34630,"array([5.09655386, 2.18906844])"
4050,7227,44544,"array([5.0851816 , 2.19242157])"
4051,7227,34632,"array([5.20980086, 1.47970741])"
4052,7227,34695,"array([5.28536337, 1.39821078])"
4053,7227,43438,"array([5.16725137, 1.38346936])"
4054,7227,3772064,"array([5.25345006, 1.25197228])"
4055,7227,34872,"array([5.14796118, 1.31228497])"
4056,7227,34878,"array([5.21417855, 1.23574217])"
4057,7227,35864,"array([5.02071705, 1.42050608])"
4058,7227,34906,"array([5.121692  , 1.50065242])"
4059,7227,34912,"array([4.96166081, 1.31751406])"
4060,7227,42524,"array([4.99684167, 1.41330934])"
4061,7227,3885647,"array([5.19784716, 1.34953174])"
4062,7227,35029,"array([5.1936301 , 1.36685281])"
4063,7227,37754,"array([5.14182091, 1.35657493])"
4064,7227,43031,"array([5.1031556 , 1.28027088])"
4065,7227,35111,"array([5.20461844, 1.3576146 ])"
4066,7227,42460,"array([5.14900763, 1.34853564])"
4067,7227,5740226,"array([5.15451067, 1.27243835])"
4068,7227,35342,"array([5.20757009, 1.31847327])"
4069,7227,35499,"array([5.134439  , 1.32879974])"
4070,7227,35577,"array([5.20855981, 1.30252617])"
4071,7227,40331,"array([5.25177188, 1.26634924])"
4072,7227,35594,"array([4.99776495, 1.35213597])"
4073,7227,39882,"array([4.97324195, 1.35782513])"
4074,7227,35615,"array([5.07562593, 1.43466561])"
4075,7227,35680,"array([4.99234364, 1.33545196])"
4076,7227,35882,"array([5.22126561, 1.46528318])"
4077,7227,35886,"array([5.22088828, 1.45775125])"
4078,7227,35902,"array([4.39377206, 1.563271  ])"
4079,7227,41069,"array([4.40454435, 1.55848892])"
4080,7227,35936,"array([4.9454978 , 1.26619065])"
4081,7227,35954,"array([4.98635243, 1.24641855])"
4082,7227,38895,"array([5.1074239 , 1.32070226])"
4083,7227,36130,"array([5.11626486, 1.19481485])"
4084,7227,36145,"array([5.73604838, 0.83871257])"
4085,7227,39949,"array([5.73297463, 0.82713323])"
4086,7227,39984,"array([5.74441868, 0.83030148])"
4087,7227,43513,"array([5.23972014, 1.30330037])"
4088,7227,36731,"array([5.24597676, 1.30765424])"
4089,7227,36753,"array([5.1405752 , 1.46464806])"
4090,7227,36905,"array([4.98591583, 1.33225498])"
4091,7227,37035,"array([4.98176648, 1.33740289])"
4092,7227,37106,"array([4.79144365, 0.69679618])"
4093,7227,39403,"array([4.77966588, 0.69525939])"
4094,7227,37129,"array([4.98463207, 1.34231415])"
4095,7227,37146,"array([5.0654748 , 1.28876268])"
4096,7227,48290,"array([5.02143774, 1.42785929])"
4097,7227,5740599,"array([5.09244642, 1.26910277])"
4098,7227,3772101,"array([4.97794195, 1.34264319])"
4099,7227,44005,"array([5.06627669, 1.53139979])"
4100,7227,37954,"array([5.15455495, 1.35501322])"
4101,7227,48535,"array([5.05649887, 1.2932355 ])"
4102,7227,37807,"array([5.21943538, 1.29901139])"
4103,7227,42433,"array([5.23392038, 1.30661149])"
4104,7227,38338,"array([5.02327713, 1.44960984])"
4105,7227,40847,"array([5.0936801 , 1.59491064])"
4106,7227,38050,"array([5.17884298, 1.38728512])"
4107,7227,38083,"array([5.18453599, 1.25846767])"
4108,7227,47216,"array([5.01380579, 1.23145423])"
4109,7227,38741,"array([5.13865921, 1.27831998])"
4110,7227,38769,"array([5.00119656, 1.47149114])"
4111,7227,40679,"array([5.24858499, 1.31348166])"
4112,7227,42341,"array([5.24109394, 1.33510857])"
4113,7227,38937,"array([5.18598134, 1.37069815])"
4114,7227,42018,"array([5.00966958, 1.26286461])"
4115,7227,43077,"array([4.95460737, 1.25284728])"
4116,7227,39147,"array([5.1987262 , 1.37102529])"
4117,7227,43462,"array([5.19450303, 1.32457883])"
4118,7227,41112,"array([5.18511512, 1.33750005])"
4119,7227,44250,"array([5.18946798, 1.35225356])"
4120,7227,41869,"array([5.10715806, 1.26106115])"
4121,7227,41701,"array([5.08319752, 1.487665  ])"
4122,7227,43291,"array([5.12889781, 1.45787472])"
4123,7227,40363,"array([5.21685942, 1.43618583])"
4124,7227,41159,"array([5.23277844, 1.51386867])"
4125,7227,64877,"array([4.97350216, 1.37179968])"
4126,7227,41096,"array([5.15520179, 1.37666322])"
4127,7227,41361,"array([4.99327075, 1.33063147])"
4128,7227,41384,"array([4.9985461 , 1.32288304])"
4129,7227,41631,"array([5.01186684, 1.37908423])"
4130,7227,41961,"array([5.09977129, 1.29709524])"
4131,7227,41738,"array([4.35913809, 1.45984774])"
4132,7227,41801,"array([5.19821986, 1.37589496])"
4133,7227,42759,"array([5.25606986, 1.30261633])"
4134,7227,36244,"array([5.21625351, 1.35500082])"
4135,7227,117498,"array([4.49837239, 1.84211011])"
4136,7227,39050,"array([5.14958387, 1.33580564])"
4137,7227,39136,"array([5.10167625, 1.38299715])"
4138,7227,38808,"array([5.06894262, 1.32254843])"
4139,7227,31220,"array([5.01119093, 1.39636002])"
4140,7227,3355072,"array([4.98588583, 1.36713629])"
4141,7227,36978,"array([5.01531087, 1.31275272])"
4142,7227,40120008,"array([5.15601833, 1.48132491])"
4143,7227,39877398,"array([5.05648106, 1.51297345])"
4144,7227,35977,"array([4.92330841, 1.36139727])"
4145,7227,43547,"array([4.93421138, 1.40110026])"
4146,7227,40144,"array([5.16887635, 1.41913022])"
4147,7227,37364,"array([5.08907845, 1.51453765])"
4148,7227,42266,"array([5.11015186, 1.37513283])"
4149,7227,36047,"array([5.04311899, 1.3956134 ])"
4150,7227,31119,"array([5.10613926, 1.24412979])"
4151,7227,33509,"array([5.22006013, 1.38671069])"
4152,7227,36515,"array([5.02319382, 2.12654033])"
4153,7227,36847,"array([5.03465192, 2.12024594])"
4154,7227,34716,"array([4.98139334, 1.28274436])"
4155,7227,43091,"array([5.04589294, 1.29014748])"
4156,7227,36786389,"array([5.25213122, 1.23499544])"
4157,7227,38975,"array([5.22023997, 1.31826512])"
4158,7227,38057,"array([5.66881228, 1.97821869])"
4159,7227,34197,"array([4.93844336, 1.43138953])"
4160,7227,37071,"array([5.26761107, 1.26305228])"
4161,7227,33999,"array([5.23181682, 1.29806209])"
4162,7227,39132,"array([5.03834874, 1.48258796])"
4163,7227,12797897,"array([4.99641826, 1.34006515])"
4164,7227,32821,"array([5.29090979, 1.36903189])"
4165,7227,39090,"array([4.94245802, 1.43909059])"
4166,7227,32015,"array([5.03307196, 1.21678964])"
4167,7227,12798150,"array([5.00728129, 1.41370551])"
4168,7227,41547,"array([5.01582471, 1.26249662])"
4169,7227,37938,"array([5.17032975, 1.29734586])"
4170,7227,38076,"array([5.30192736, 1.43433121])"
4171,7227,40281,"array([5.04921363, 1.47327445])"
4172,7227,38986,"array([5.01109745, 2.13384533])"
4173,7227,38750,"array([5.2203327 , 1.41386432])"
4174,7227,3355040,"array([5.13537672, 1.51146214])"
4175,7227,34674,"array([5.14715631, 1.38742883])"
4176,7227,117481,"array([5.00555503, 1.21690804])"
4177,7227,3772221,"array([4.91134005, 1.34498029])"
4178,7227,38605,"array([5.21160281, 1.54635518])"
4179,7227,326187,"array([5.01158069, 2.14720487])"
4180,7227,38813,"array([5.14914224, 1.43578644])"
4181,7227,48632,"array([5.01861133, 1.3209402 ])"
4182,7227,32253,"array([4.99923269, 1.33167534])"
4183,7227,117365,"array([4.99613821, 1.51870223])"
4184,7227,42438,"array([5.00646675, 1.3443016 ])"
4185,7227,33402,"array([4.89006569, 1.4050426 ])"
4186,7227,5740320,"array([5.17067654, 1.25952547])"
4187,7227,34450,"array([5.00276843, 1.52774551])"
4188,7227,36425,"array([5.13522644, 1.28216673])"
4189,7227,3771916,"array([4.99990114, 1.22266814])"
4190,7227,33386,"array([5.52823698, 0.74511282])"
4191,7227,33642,"array([5.53975353, 0.74246016])"
4192,7227,39065,"array([5.30522598, 1.42749134])"
4193,7227,34892,"array([4.60048674, 0.79970641])"
4194,7227,39746,"array([4.58858948, 0.8004502 ])"
4195,7227,33117,"array([5.1019084 , 1.29178539])"
4196,7227,117480,"array([5.01301959, 1.213701  ])"
4197,7227,40302,"array([5.14635021, 1.53241896])"
4198,7227,33125,"array([5.02115411, 2.19540906])"
4199,7227,43417,"array([5.00914864, 2.19545172])"
4200,7227,44483,"array([4.97524782, 1.30788833])"
4201,7227,44432,"array([4.98388617, 1.32136838])"
4202,7227,33007,"array([4.89192882, 1.32243268])"
4203,7227,35385,"array([5.06509533, 1.30090555])"
4204,7227,42679,"array([4.97902893, 1.31347508])"
4205,7227,326209,"array([4.99826116, 2.12991199])"
4206,9606,54434,"array([5.00666277, 1.36125462])"
4207,9606,4204,"array([5.06068391, 1.55206889])"
4208,4932,851545,"array([5.07273277, 1.2120278 ])"
