# index, gene, tax_id, _pos
0,6239,172712,"array([3.17069529, 2.94815636])"
1,7227,40384,"array([3.1549665 , 3.01093287])"
2,6239,173956,"array([3.19478152, 3.114421  ])"
3,7227,40682,"array([3.1707536 , 3.05439224])"
4,7227,42936,"array([3.1512353 , 3.01080396])"
5,7955,321614,"array([3.18230496, 2.97180392])"
6,7227,43765,"array([3.14343581, 3.03918269])"
7,7955,280649,"array([3.10112014, 3.08705547])"
8,7227,3354971,"array([3.16438124, 3.02086825])"
9,7227,31151,"array([3.16518866, 3.04140201])"
10,9606,607,"array([3.18353433, 2.9789956 ])"
11,9606,1387,"array([3.22074227, 3.00582958])"
12,7227,31248,"array([3.16845751, 3.04582309])"
13,9606,120892,"array([3.16081989, 3.06246663])"
14,7227,31251,"array([3.16698567, 3.0211058 ])"
15,9606,8914,"array([3.2101736 , 2.97452736])"
16,7227,31293,"array([3.16532626, 3.04306078])"
17,9606,285203,"array([3.21929893, 3.06922602])"
18,7227,31359,"array([3.13308023, 3.04799949])"
19,9606,2934,"array([3.10035546, 3.09771773])"
20,7227,31521,"array([3.15049895, 3.02789423])"
21,9606,473,"array([3.18422845, 2.97746847])"
22,9606,1822,"array([3.12315061, 2.97695142])"
23,7227,31598,"array([3.21470654, 3.01647918])"
24,9606,3018,"array([3.2618531 , 3.00837284])"
25,9606,8350,"array([3.26033012, 3.00388641])"
26,7227,31669,"array([3.13152876, 3.01944386])"
27,9606,30011,"array([3.07453964, 2.99923693])"
28,7227,31739,"array([3.19921049, 3.02422986])"
29,9606,23404,"array([3.1489821 , 3.00597953])"
30,7227,31838,"array([3.13935113, 3.03879352])"
31,9606,2782,"array([3.12780466, 3.06841079])"
32,9606,5082,"array([3.11841078, 3.06322678])"
33,7227,31840,"array([3.14500124, 3.02795609])"
34,9606,3516,"array([3.13726441, 2.97513374])"
35,9606,4851,"array([3.1627793 , 2.96805772])"
36,7227,32045,"array([3.14008933, 3.04742458])"
37,7227,32100,"array([3.17320288, 3.03314393])"
38,9606,1025,"array([3.23453573, 3.04575241])"
39,7227,32225,"array([3.17917746, 3.03759633])"
40,9606,342371,"array([3.21339144, 2.99710288])"
41,7227,32343,"array([3.19304967, 3.02641251])"
42,9606,5515,"array([3.24988324, 3.01881347])"
43,7227,32518,"array([3.13813791, 3.04004811])"
44,7227,32558,"array([3.12402832, 3.0091176 ])"
45,7227,32597,"array([3.20112554, 3.04160403])"
46,9606,5921,"array([3.25360007, 3.05421168])"
47,7227,32665,"array([3.1502543 , 3.02563374])"
48,7227,32762,"array([3.18408281, 3.02193027])"
49,9606,7157,"array([3.22504533, 3.00899684])"
50,7227,33114,"array([3.16538798, 3.0080389 ])"
51,9606,6804,"array([3.18171887, 2.96567923])"
52,7227,33196,"array([3.14567334, 3.04378172])"
53,9606,1452,"array([3.10096164, 3.08953045])"
54,9606,5566,"array([3.11729611, 3.10010926])"
55,7227,33226,"array([3.14581141, 3.01288822])"
56,9606,3315,"array([3.12610518, 2.95384737])"
57,7227,33397,"array([3.1278226 , 3.04402821])"
58,9606,7311,"array([3.07997994, 3.08409897])"
59,7227,33441,"array([3.1334478 , 2.99473342])"
60,7227,33505,"array([3.19975712, 3.04085732])"
61,9606,6749,"array([3.25401823, 3.04903748])"
62,7227,33565,"array([3.18505553, 3.02250963])"
63,9606,7321,"array([3.24330995, 3.01228436])"
64,9606,8349,"array([3.22845037, 3.01396122])"
65,7227,33611,"array([3.1480249 , 3.04530869])"
66,9606,261734,"array([3.16734496, 3.1040196 ])"
67,7227,33627,"array([3.15681024, 3.02773125])"
68,9606,23513,"array([3.22095984, 3.01401413])"
69,7227,33837,"array([3.1560494, 3.0159588])"
70,7227,33981,"array([3.14025076, 3.03513826])"
71,9606,5371,"array([3.09327204, 3.08043934])"
72,7227,34009,"array([3.15663083, 3.06720434])"
73,9606,7976,"array([3.14792444, 3.12465119])"
74,7227,34119,"array([3.1683183 , 3.02328882])"
75,9606,6597,"array([3.22871169, 3.00341569])"
76,9606,10155,"array([3.21740598, 2.98215527])"
77,7227,34225,"array([3.17550834, 2.99195108])"
78,9606,5717,"array([3.20723843, 2.94689163])"
79,9606,7067,"array([3.20356935, 2.94462452])"
80,7227,34250,"array([3.10730077, 2.99358751])"
81,9606,983,"array([3.06836793, 2.96100143])"
82,9606,1018,"array([3.07074337, 2.95797678])"
83,7227,34263,"array([3.16459547, 3.04049769])"
84,9606,5578,"array([3.22042389, 3.05501788])"
85,9606,5590,"array([3.18324195, 3.09884813])"
86,7227,34411,"array([3.14324295, 3.02021569])"
87,9606,1163,"array([3.09810788, 2.99200934])"
88,7227,34548,"array([3.13048446, 3.02504214])"
89,7227,34595,"array([3.18827001, 3.01199072])"
90,9606,1457,"array([3.21705806, 2.99655159])"
91,9606,2145,"array([3.24328136, 2.99512818])"
92,7227,34674,"array([3.14313713, 3.04398606])"
93,7227,34709,"array([3.17868956, 3.01567052])"
94,9606,3021,"array([3.23390892, 2.99470594])"
95,9606,554313,"array([3.21327422, 3.0045653 ])"
96,7227,34721,"array([3.13820421, 3.02345972])"
97,7227,34805,"array([3.17516275, 2.98506012])"
98,9606,183,"array([3.2038807 , 2.94026374])"
99,9606,3827,"array([3.19739189, 2.93814012])"
100,7227,34881,"array([3.16753223, 3.00220195])"
101,9606,6310,"array([3.19667213, 2.94748884])"
102,9606,9612,"array([3.1978486 , 2.95237636])"
103,9606,9794,"array([3.19099588, 2.94538777])"
104,9606,84934,"array([3.19998999, 2.95365483])"
105,9606,221336,"array([3.20080508, 2.95131887])"
106,7227,34969,"array([3.16572719, 3.03171658])"
107,9606,5970,"array([3.21453756, 3.07260144])"
108,7227,35076,"array([3.15879813, 3.02169511])"
109,9606,3020,"array([3.2005227 , 2.99689942])"
110,7227,35121,"array([3.1838163 , 3.02072428])"
111,7227,35173,"array([3.12224562, 3.05392266])"
112,9606,10921,"array([3.07692684, 3.08767227])"
113,7227,35223,"array([3.15830754, 3.04437064])"
114,9606,29107,"array([3.21674118, 3.04423111])"
115,7227,35225,"array([3.17554846, 3.04044157])"
116,9606,5594,"array([3.22038634, 3.06027751])"
117,7227,35332,"array([3.18714195, 2.99844597])"
118,9606,6256,"array([3.20445612, 2.97278533])"
119,7227,35540,"array([3.16239442, 3.01297959])"
120,9606,9318,"array([3.21462766, 2.97721891])"
121,7227,35744,"array([3.1499379, 3.0213708])"
122,9606,126961,"array([3.20034942, 2.97857425])"
123,9606,653604,"array([3.20285099, 2.98057833])"
124,7227,35801,"array([3.14471364, 3.00694012])"
125,7227,35882,"array([3.14110561, 3.03825639])"
126,7227,35924,"array([3.11863733, 3.03394298])"
127,9606,4116,"array([3.07685801, 3.03344043])"
128,7227,36040,"array([3.13958061, 3.04149221])"
129,9606,9927,"array([3.09198703, 3.08388571])"
130,9606,55669,"array([3.09514784, 3.08754356])"
131,7227,36308,"array([3.14149323, 3.03892587])"
132,7227,36329,"array([3.16755523, 3.04005405])"
133,9606,3783,"array([3.23028269, 3.03641274])"
134,7227,36383,"array([3.17423093, 3.02915509])"
135,9606,4137,"array([3.23703304, 3.02537269])"
136,7227,36390,"array([3.15470934, 3.03246599])"
137,9606,142,"array([3.09124974, 3.05019648])"
138,7227,36421,"array([3.16206228, 2.99017661])"
139,9606,7003,"array([3.16800842, 2.93214276])"
140,7227,36497,"array([3.15111067, 3.04375744])"
141,9606,867,"array([3.15609778, 3.10822857])"
142,7227,36544,"array([3.18590448, 3.02970231])"
143,9606,23112,"array([3.22317713, 3.03587674])"
144,7227,36766,"array([3.12659222, 3.01990248])"
145,7227,36809,"array([3.14741321, 2.94014079])"
146,9606,8932,"array([3.14559715, 2.90026501])"
147,7227,36810,"array([3.14942389, 3.03789202])"
148,9606,9638,"array([3.11552764, 3.09464411])"
149,7227,36816,"array([3.19925377, 2.98249444])"
150,7227,36897,"array([3.14635619, 3.0432289 ])"
151,9606,56288,"array([3.11478705, 3.09889349])"
152,7227,36984,"array([3.13858274, 3.09277306])"
153,9606,4297,"array([3.12619835, 3.13795277])"
154,7227,37070,"array([3.16967493, 3.02816583])"
155,9606,27327,"array([3.220191  , 2.98894854])"
156,9606,57690,"array([3.23214452, 3.04453821])"
157,7227,37238,"array([3.15603654, 3.02730201])"
158,7227,37402,"array([3.11963953, 3.02099048])"
159,9606,9775,"array([3.06048661, 3.01546466])"
160,7227,37629,"array([3.19473233, 3.03739424])"
161,7227,37755,"array([3.13592477, 3.01682024])"
162,9606,84219,"array([3.10431657, 2.96235308])"
163,7227,37780,"array([3.10223697, 3.04058496])"
164,7227,37916,"array([3.1590419 , 3.06549019])"
165,9606,2177,"array([3.16968857, 3.12347295])"
166,9606,5888,"array([3.16601404, 3.12514016])"
167,9606,23047,"array([3.16247838, 3.1248328 ])"
168,9606,23244,"array([3.08853424, 3.03579936])"
169,7227,38006,"array([3.18959198, 3.09359893])"
170,9606,8411,"array([3.19704088, 3.12276622])"
171,7227,38389,"array([3.15471166, 3.03145281])"
172,9606,2064,"array([3.22262296, 3.03152357])"
173,7227,38779,"array([3.15923147, 3.02665047])"
174,9606,8290,"array([3.20557491, 2.97621393])"
175,9606,121504,"array([3.22374464, 3.01730842])"
176,7227,38846,"array([3.17899935, 3.04881832])"
177,9606,3312,"array([3.23470871, 3.07579066])"
178,7227,38872,"array([3.16827896, 3.02990752])"
179,7227,38961,"array([3.12740216, 3.03127441])"
180,9606,1956,"array([3.0646249 , 3.02794546])"
181,7227,39164,"array([3.18350681, 3.02974051])"
182,9606,6872,"array([3.24223378, 3.02416349])"
183,7227,39165,"array([3.18066677, 3.04133998])"
184,9606,4133,"array([3.24306587, 3.04461135])"
185,7227,39203,"array([3.17869932, 3.02463451])"
186,9606,6305,"array([3.23440603, 3.00555702])"
187,7227,39421,"array([3.16037719, 2.9940497 ])"
188,7227,39463,"array([3.2059115, 2.9921651])"
189,7227,39659,"array([3.15317727, 3.0338357 ])"
190,9606,4155,"array([3.08020812, 3.03235596])"
191,7227,39753,"array([3.1568507 , 3.04140774])"
192,9606,2137,"array([3.15462591, 3.10616109])"
193,7227,39765,"array([3.17460963, 3.00512336])"
194,9606,6667,"array([3.2167964 , 2.96296926])"
195,7227,39818,"array([3.15209306, 3.03700054])"
196,9606,7072,"array([3.15522938, 3.10329889])"
197,7227,39844,"array([3.14926153, 3.04342059])"
198,9606,6607,"array([3.14464443, 3.10477709])"
199,7227,39884,"array([3.15715998, 3.0122754 ])"
200,9606,1630,"array([3.17727115, 2.9535103 ])"
201,7227,39961,"array([3.17148837, 2.98363315])"
202,9606,6879,"array([3.19106443, 2.93407915])"
203,7227,40134,"array([3.17349123, 3.01771127])"
204,7227,40141,"array([3.16448322, 3.02566115])"
205,7227,40173,"array([3.13953613, 3.03306803])"
206,7227,40336,"array([3.17250747, 3.00821199])"
207,9606,9246,"array([3.21376149, 2.96765971])"
208,7227,40718,"array([3.13305686, 3.04050205])"
209,7227,40790,"array([3.18048837, 3.04973485])"
210,9606,2962,"array([3.2373348 , 3.07260571])"
211,7227,40791,"array([3.17271326, 3.08240999])"
212,9606,9341,"array([3.20112931, 3.12621703])"
213,7227,40830,"array([3.15045547, 3.00798743])"
214,9606,6780,"array([3.15259541, 2.94425522])"
215,7227,40958,"array([3.12628393, 3.04152844])"
216,9606,8405,"array([3.07560154, 3.07590969])"
217,7227,41054,"array([3.13764028, 3.04071286])"
218,7227,41085,"array([3.18938263, 3.00031913])"
219,9606,84461,"array([3.23527606, 2.97014529])"
220,7227,41231,"array([3.14166389, 2.9846466 ])"
221,9606,7316,"array([3.14039741, 2.95958477])"
222,9606,29089,"array([3.12862637, 2.93255163])"
223,7227,41270,"array([3.13995349, 3.03122844])"
224,7227,41491,"array([3.15269824, 3.00821089])"
225,7227,41565,"array([3.18015609, 3.03842629])"
226,9606,2735,"array([3.23975414, 3.05207668])"
227,7227,41737,"array([3.17050905, 3.04388469])"
228,9606,10450,"array([3.20038063, 3.10064005])"
229,7227,41743,"array([3.18998814, 3.01916506])"
230,9606,8359,"array([3.24551297, 3.00577075])"
231,7227,41744,"array([3.09029832, 3.00330816])"
232,9606,164,"array([3.0460937 , 2.98466428])"
233,7227,41965,"array([3.16254495, 3.01549552])"
234,9606,998,"array([3.20174034, 2.93791444])"
235,7227,42029,"array([3.14011504, 3.04049241])"
236,7227,42265,"array([3.11370541, 3.03498665])"
237,7227,42313,"array([3.18163865, 3.03857963])"
238,9606,57534,"array([3.24128514, 3.05428971])"
239,7227,42428,"array([3.14552451, 3.0210886 ])"
240,9606,7341,"array([3.19046839, 2.93921713])"
241,7227,42445,"array([3.15420231, 2.99478006])"
242,7227,42453,"array([3.14158778, 3.01476253])"
243,7227,42649,"array([3.15206802, 3.03567915])"
244,7227,42816,"array([3.17118432, 3.03447484])"
245,9606,3837,"array([3.22379532, 3.02474125])"
246,7227,42871,"array([3.19241562, 3.02780901])"
247,9606,58,"array([3.24820792, 3.01537366])"
248,9606,324,"array([3.25026164, 3.02351459])"
249,9606,1499,"array([3.2337428 , 3.01041881])"
250,7227,42896,"array([3.15689516, 3.06620208])"
251,9606,5584,"array([3.15195312, 3.12311153])"
252,9606,64398,"array([3.15951355, 3.12358456])"
253,7227,42900,"array([3.15039048, 3.04447763])"
254,7227,43162,"array([3.15740179, 3.01308928])"
255,9606,861,"array([3.18682385, 2.95543697])"
256,9606,864,"array([3.19170391, 2.9597051 ])"
257,7227,43426,"array([3.18439866, 3.01985331])"
258,9606,4869,"array([3.23426505, 2.99226008])"
259,7227,43650,"array([3.15559722, 2.99803304])"
260,9606,1487,"array([3.19591485, 2.92856169])"
261,7227,43718,"array([3.15115703, 3.00430689])"
262,7227,43736,"array([3.1698736 , 3.03346469])"
263,7227,43767,"array([3.16878473, 3.02832617])"
264,9606,7874,"array([3.22802969, 3.0091001 ])"
265,7227,43791,"array([3.18948647, 3.01502722])"
266,9606,26108,"array([3.24227628, 2.99244844])"
267,7227,43808,"array([3.18260908, 3.0324494 ])"
268,9606,9337,"array([3.24362863, 3.03574934])"
269,9606,23019,"array([3.24199587, 3.03058574])"
270,7227,43819,"array([3.18506792, 3.00775613])"
271,9606,8726,"array([3.23643356, 2.9825599 ])"
272,7227,43944,"array([3.179764  , 3.02536392])"
273,9606,3612,"array([3.22829938, 2.98918222])"
274,9606,51194,"array([3.23625876, 3.00412557])"
275,7227,44451,"array([3.2064195 , 3.02810362])"
276,7227,45338,"array([3.15849741, 3.16359781])"
277,9606,629,"array([3.15476216, 3.1958705 ])"
278,9606,717,"array([3.15932443, 3.19592301])"
279,9606,722,"array([3.1568812 , 3.19138721])"
280,9606,1378,"array([3.16724668, 3.19229826])"
281,9606,1915,"array([3.16189208, 3.19129787])"
282,9606,4179,"array([3.15134232, 3.19256805])"
283,9606,5648,"array([3.16409327, 3.19563183])"
284,7227,45683,"array([3.19336275, 3.04005732])"
285,9606,8473,"array([3.24880977, 3.0523127 ])"
286,7227,46156,"array([3.18299592, 3.00788978])"
287,9606,3065,"array([3.21547511, 2.93603837])"
288,9606,3066,"array([3.21274926, 2.93496424])"
289,9606,7101,"array([3.23104934, 2.97828734])"
290,7227,49297,"array([3.13938067, 3.04080743])"
291,9606,5350,"array([3.10211142, 3.09168909])"
292,9606,6588,"array([3.0788583 , 3.06255922])"
293,7227,49805,"array([3.11415261, 3.04946472])"
294,9606,5045,"array([3.06333502, 3.07347108])"
295,7227,53560,"array([3.17839092, 3.05360919])"
296,7227,246497,"array([3.12110306, 3.05901701])"
297,9606,57575,"array([3.06927803, 3.08400168])"
298,7227,246638,"array([3.12326296, 3.04015171])"
299,9606,22866,"array([3.06230614, 3.04106887])"
300,7227,318846,"array([3.17238077, 3.02379065])"
301,9606,1647,"array([3.2055273 , 3.01552593])"
302,7227,318847,"array([3.17126577, 3.02213644])"
303,7227,318855,"array([3.17341011, 3.0306722 ])"
304,7227,318918,"array([3.21022491, 2.99351775])"
305,7227,319033,"array([3.14112711, 3.03488989])"
306,7227,326122,"array([3.12340008, 3.03302385])"
307,9606,2158,"array([3.06425088, 3.042739  ])"
308,7227,326128,"array([3.16006894, 3.02108805])"
309,9606,2648,"array([3.08769305, 3.0477177 ])"
310,7227,326273,"array([3.17945402, 3.02759401])"
311,7227,2768677,"array([3.15848869, 3.02260605])"
312,7227,3354888,"array([3.16249846, 3.04353411])"
313,9606,409,"array([3.22439257, 3.05879862])"
314,7227,3771854,"array([3.17652683, 3.02282448])"
315,9606,2033,"array([3.22398371, 3.00624937])"
316,9606,8850,"array([3.22594418, 2.99949471])"
317,9606,54815,"array([3.21873564, 3.00414873])"
318,9606,57459,"array([3.21927857, 3.00223044])"
319,7227,3772007,"array([3.15719545, 3.08108034])"
320,7227,3772575,"array([3.19098035, 3.00745967])"
321,9606,6314,"array([3.2278951 , 2.98342718])"
322,7227,3772619,"array([3.19450439, 3.00840516])"
323,7227,3772632,"array([3.19247118, 3.0226934 ])"
324,7227,5657767,"array([3.38390326, 3.01682808])"
325,9606,133,"array([3.40183515, 3.0241436 ])"
326,9606,796,"array([3.40327184, 3.00906343])"
327,9606,3672,"array([3.40899041, 3.0179955 ])"
328,9606,3673,"array([3.39979101, 3.02001296])"
329,9606,4313,"array([3.40571719, 3.01281409])"
330,9606,5118,"array([3.405291  , 3.02716262])"
331,9606,5347,"array([3.29340032, 3.02711155])"
332,9606,7052,"array([3.40253055, 3.01539794])"
333,9606,7057,"array([3.39412229, 3.01036379])"
334,9606,80781,"array([3.39890384, 3.00905719])"
335,9606,149233,"array([3.40465935, 3.01956521])"
336,7227,5740544,"array([3.16686779, 3.04940458])"
337,7227,26067080,"array([3.18596268, 3.04323091])"
338,9606,80176,"array([3.24331666, 3.05761496])"
339,9606,84727,"array([3.24244508, 3.06409539])"
340,9606,92369,"array([3.24271538, 3.06120863])"
341,7227,33212,"array([3.16309471, 3.0223032 ])"
342,9606,4204,"array([3.22422478, 3.00241723])"
343,7227,38258,"array([3.19600479, 3.0363605 ])"
344,9606,144363,"array([3.39894418, 3.00466365])"
345,9606,351,"array([3.39827715, 3.01408659])"
346,9606,4015,"array([3.40817653, 3.00832367])"
347,9606,4790,"array([3.39418158, 3.00360822])"
348,9606,51593,"array([3.40487407, 3.00447751])"
349,9606,51808,"array([3.39995091, 3.02942992])"
350,9606,5669,"array([3.4099679 , 3.01359835])"
351,9606,7936,"array([3.40807942, 3.02285484])"
352,7227,42066,"array([3.16018763, 3.03080304])"
353,9606,51251,"array([3.22258674, 3.04278143])"
354,7227,34416,"array([3.17662222, 3.01521235])"
355,9606,9125,"array([3.22155968, 2.97499492])"
356,7227,59223,"array([3.16525015, 3.06508219])"
357,9606,10367,"array([3.17867625, 3.12487484])"
358,7227,43673,"array([3.18233505, 3.01892738])"
359,9606,23435,"array([3.23831559, 2.99717693])"
360,7227,40620,"array([3.17704782, 3.04616357])"
361,9606,3265,"array([3.23685906, 3.06554287])"
362,9606,8370,"array([3.2120574 , 3.00290122])"
363,9606,3684,"array([3.40078104, 3.00087547])"
364,7227,44879,"array([3.14925739, 3.00400142])"
365,9606,8968,"array([3.12713291, 2.94827843])"
366,9606,9367,"array([3.39518911, 3.01843743])"
367,7227,31002,"array([3.12339589, 3.06727188])"
368,10090,13108,"array([3.09472141, 3.11263035])"
369,10090,19099,"array([3.0987145 , 3.07531439])"
370,10090,60597,"array([3.09156268, 3.11088727])"
371,10090,18519,"array([3.22871398, 3.04335039])"
372,10090,19664,"array([3.19478243, 2.98349623])"
373,7227,32078,"array([3.17347886, 3.02673099])"
374,10090,59036,"array([3.22122623, 3.00316046])"
375,10090,72293,"array([3.23263092, 3.00829697])"
376,10090,93960,"array([3.23442904, 3.01407843])"
377,10090,240025,"array([3.22303655, 3.00855123])"
378,10090,629378,"array([3.22356077, 3.01305694])"
379,7227,32207,"array([3.17482805, 3.02209572])"
380,10090,12631,"array([3.23647455, 3.01291536])"
381,10090,20466,"array([3.23833161, 3.05009473])"
382,7227,32752,"array([3.16750455, 3.05126146])"
383,10090,56217,"array([3.16477129, 3.11291685])"
384,7227,32796,"array([3.19490282, 2.99379451])"
385,10090,22195,"array([3.23328589, 2.95894998])"
386,10090,100042355,"array([3.23629552, 2.96184333])"
387,7227,32855,"array([3.17051601, 3.02771751])"
388,10090,17979,"array([3.23053121, 3.01263059])"
389,10090,24069,"array([3.20196565, 3.00067644])"
390,7227,33432,"array([3.17562943, 3.03031937])"
391,10090,12166,"array([3.23470318, 3.02096554])"
392,7227,33736,"array([3.16313144, 3.01031259])"
393,10090,73086,"array([3.20740662, 3.00821399])"
394,7227,33753,"array([3.15544782, 3.03988612])"
395,10090,17131,"array([3.19453912, 3.07811971])"
396,7227,33972,"array([3.13988384, 3.038651  ])"
397,10090,20423,"array([3.08672902, 3.07441718])"
398,10090,20319,"array([3.15800056, 3.12637079])"
399,10090,20378,"array([3.15434695, 3.12559069])"
400,7227,34413,"array([3.16603721, 3.00114423])"
401,10090,15110,"array([3.20216748, 2.95742543])"
402,10090,18128,"array([3.19898097, 2.94956711])"
403,7227,35478,"array([3.14302902, 3.01879475])"
404,10090,67673,"array([3.09011931, 2.97873575])"
405,10090,67923,"array([3.09395745, 2.97675061])"
406,10090,102642819,"array([3.10364404, 2.96565606])"
407,7227,35653,"array([3.17753855, 3.03082798])"
408,10090,56469,"array([3.20807308, 3.02431455])"
409,10090,69890,"array([3.23877139, 3.02891792])"
410,7227,35662,"array([3.17223076, 3.02499131])"
411,10090,14797,"array([3.23624625, 3.01955524])"
412,7227,35900,"array([3.17592688, 3.03327199])"
413,7227,36606,"array([3.16281045, 3.01869569])"
414,10090,20437,"array([3.21756743, 2.98668181])"
415,7227,37038,"array([3.16675646, 3.02186541])"
416,10090,26413,"array([3.2221414 , 2.98998243])"
417,7227,37201,"array([3.14813528, 3.02507702])"
418,10090,20779,"array([3.09187156, 2.98610443])"
419,10090,58998,"array([3.24855892, 3.0460833 ])"
420,7227,38082,"array([3.13184693, 3.00461304])"
421,10090,72135,"array([3.17053699, 2.9652634 ])"
422,10090,70799,"array([3.15450231, 2.94602589])"
423,10090,99100,"array([3.15829019, 2.94495931])"
424,7227,40517,"array([3.17656215, 3.04508968])"
425,10090,12387,"array([3.21070899, 3.02040464])"
426,10090,20853,"array([3.14867977, 2.94509199])"
427,7227,40975,"array([3.16268548, 2.99291037])"
428,10090,21413,"array([3.17750655, 2.93545166])"
429,7227,41179,"array([3.14457424, 2.99820447])"
430,10090,11789,"array([3.13277649, 2.93779911])"
431,10090,11766,"array([3.04487508, 2.98913928])"
432,10090,20473,"array([3.2041664 , 2.96984048])"
433,7227,43769,"array([3.15407899, 3.01927498])"
434,10090,56353,"array([3.23526617, 2.97986955])"
435,7227,44108,"array([3.13719398, 3.02597597])"
436,10090,21888,"array([3.0757315 , 3.01102879])"
437,7227,44801,"array([3.1480252 , 3.03092126])"
438,7227,44843,"array([3.15138126, 2.98199776])"
439,10090,13542,"array([3.15016829, 2.9601024 ])"
440,10090,13543,"array([3.14075226, 2.96146984])"
441,10090,13544,"array([3.15177802, 2.92733814])"
442,7227,48448,"array([3.14699844, 3.02526879])"
443,7227,250735,"array([3.17495274, 2.99533729])"
444,7227,3772180,"array([3.1513621 , 3.01466157])"
445,10090,18813,"array([3.13895631, 2.95254284])"
446,10090,71766,"array([3.12322428, 2.95611463])"
447,10090,20692,"array([3.39628692, 3.02534933])"
448,7227,64877,"array([3.17438852, 3.0493723 ])"
449,10090,20614,"array([3.21889301, 3.09896298])"
450,10090,22318,"array([3.23140785, 3.080129  ])"
451,7227,3885647,"array([3.10832793, 2.93830258])"
452,10090,21425,"array([3.0905884 , 2.90576872])"
453,7227,40438,"array([3.15716858, 3.06927861])"
454,10090,56210,"array([3.15123618, 3.12668551])"
455,7227,30970,"array([3.12087038, 3.05499469])"
456,7227,32165,"array([3.13657908, 3.04243007])"
457,7227,32584,"array([3.13363379, 3.03828316])"
458,7227,33019,"array([3.13173391, 3.04091512])"
459,7227,33076,"array([3.1285865 , 3.03528234])"
460,7227,33351,"array([3.13985251, 3.03929302])"
461,7227,34281,"array([3.13347732, 3.03657946])"
462,7227,35418,"array([3.13657174, 3.03663863])"
463,7227,36409,"array([3.14210393, 3.0400815 ])"
464,7227,37214,"array([3.13384695, 3.03491167])"
465,7227,37514,"array([3.15409506, 3.03240482])"
466,7227,39651,"array([3.13493766, 3.04099142])"
467,7227,40554,"array([3.13113071, 3.03167369])"
468,7227,41166,"array([3.13473251, 3.03667048])"
469,7227,41403,"array([3.13540847, 3.04670417])"
470,7227,42185,"array([3.14307277, 3.0462482 ])"
471,7227,43560,"array([3.13707297, 3.03875807])"
472,7227,43739,"array([3.1377334 , 3.03666256])"
473,7227,30971,"array([3.18314231, 3.02268154])"
474,7227,31364,"array([3.1663469 , 3.04869115])"
475,7227,32728,"array([3.13815068, 3.00485968])"
476,7227,35154,"array([3.16127969, 3.03788426])"
477,7227,39013,"array([3.16720664, 3.05271118])"
478,7227,39683,"array([3.18089123, 3.03612763])"
479,7227,41168,"array([3.17808378, 3.01394857])"
480,7227,42314,"array([3.17132161, 3.04953191])"
481,7227,43323,"array([3.15013072, 3.04175831])"
482,7227,43367,"array([3.15744899, 3.00596883])"
483,7227,47854,"array([3.15710747, 3.00786795])"
484,7227,30972,"array([3.1232557 , 3.07458099])"
485,7227,32865,"array([3.12305352, 3.02310206])"
486,7227,41392,"array([3.13856958, 3.03253092])"
487,7227,30973,"array([3.09741967, 3.08794303])"
488,7227,34636,"array([3.13806942, 3.04106179])"
489,7227,30975,"array([3.15425464, 3.01320756])"
490,7227,31208,"array([3.14807281, 3.02884115])"
491,7227,31230,"array([3.15469672, 3.00955331])"
492,7227,31280,"array([3.11556261, 2.98483729])"
493,7227,31361,"array([3.14493507, 3.00882694])"
494,7227,31444,"array([3.14859413, 3.04507513])"
495,7227,31622,"array([3.13974436, 2.99857653])"
496,7227,31657,"array([3.15459589, 3.01774748])"
497,7227,31698,"array([3.1618472 , 3.02052654])"
498,7227,31788,"array([3.17321287, 3.00988551])"
499,7227,32158,"array([3.15266315, 3.00934885])"
500,7227,32482,"array([3.13367289, 3.01051513])"
501,7227,33043,"array([3.16753824, 3.01311986])"
502,7227,33121,"array([3.12229548, 3.00996856])"
503,7227,33158,"array([3.15109304, 3.00882035])"
504,7227,33270,"array([3.16367622, 3.04678249])"
505,7227,33370,"array([3.16750941, 3.02714622])"
506,7227,34075,"array([3.14830985, 3.01354315])"
507,7227,34158,"array([3.11959292, 2.98844154])"
508,7227,34203,"array([3.19711796, 3.01836027])"
509,7227,34547,"array([3.15800846, 3.00149877])"
510,7227,34559,"array([3.18765194, 2.98499962])"
511,7227,34812,"array([3.13966767, 3.02407648])"
512,7227,34903,"array([3.16563788, 3.0039193 ])"
513,7227,34927,"array([3.17469799, 3.04455054])"
514,7227,34996,"array([3.14415355, 3.03369918])"
515,7227,35145,"array([3.15265581, 3.03782899])"
516,7227,35784,"array([3.14480041, 3.03655472])"
517,7227,36265,"array([3.13736636, 2.95032454])"
518,7227,36271,"array([3.14755535, 3.01996954])"
519,7227,36377,"array([3.17792255, 3.03355223])"
520,7227,36491,"array([3.1635396 , 3.02772015])"
521,7227,36508,"array([3.15643697, 3.05885532])"
522,7227,36554,"array([3.14421111, 2.98508804])"
523,7227,37083,"array([3.1497768 , 3.02253164])"
524,7227,37596,"array([3.13341599, 3.01124511])"
525,7227,37681,"array([3.18301029, 3.03495333])"
526,7227,39198,"array([3.18694898, 3.00948267])"
527,7227,39445,"array([3.14330587, 3.02224342])"
528,7227,39455,"array([3.15688772, 3.0216686 ])"
529,7227,39615,"array([3.14318437, 3.00879379])"
530,7227,40374,"array([3.16345182, 2.99694703])"
531,7227,40534,"array([3.14238543, 3.02571915])"
532,7227,41201,"array([3.17117432, 3.00455745])"
533,7227,41551,"array([3.14478753, 3.04258272])"
534,7227,41602,"array([3.14999311, 3.01683539])"
535,7227,41704,"array([3.15811435, 3.02136869])"
536,7227,41851,"array([3.15800681, 2.99204815])"
537,7227,42063,"array([3.13694733, 3.02527404])"
538,7227,42199,"array([3.1360987 , 3.02123893])"
539,7227,42367,"array([3.15332147, 3.02300431])"
540,7227,42761,"array([3.15669209, 3.02014113])"
541,7227,42971,"array([3.12778676, 3.02129422])"
542,7227,43180,"array([3.13544414, 3.04351955])"
543,7227,43245,"array([3.17630416, 3.00250607])"
544,7227,43417,"array([3.17486396, 2.98727935])"
545,7227,43532,"array([3.16277559, 3.02345694])"
546,7227,43656,"array([3.14082045, 3.00321367])"
547,7227,43852,"array([3.16768568, 3.04557786])"
548,7227,44811,"array([3.17290771, 3.03385722])"
549,7227,45525,"array([3.15015108, 3.03322795])"
550,7227,50415,"array([3.13173789, 3.01118169])"
551,7227,326189,"array([3.1588776, 2.9979803])"
552,7227,2768718,"array([3.1728268 , 2.97007328])"
553,7227,3355084,"array([3.12031306, 3.05118277])"
554,7227,5740590,"array([3.13331623, 2.99752304])"
555,7227,14462585,"array([3.16636344, 3.02042825])"
556,7227,30976,"array([3.21268562, 3.06606489])"
557,7227,46194,"array([3.16868214, 3.04651796])"
558,7227,30977,"array([3.15669219, 3.01154547])"
559,7227,31174,"array([3.12935462, 3.04425567])"
560,7227,31211,"array([3.19069174, 2.99630421])"
561,7227,31227,"array([3.1527655 , 3.00512489])"
562,7227,31240,"array([3.1650539 , 3.01094555])"
563,7227,31279,"array([3.17920764, 2.95260812])"
564,7227,31332,"array([3.15798656, 3.03868659])"
565,7227,31395,"array([3.15452766, 3.00281243])"
566,7227,31577,"array([3.17095941, 3.0230598 ])"
567,7227,31666,"array([3.14015753, 3.01864594])"
568,7227,31743,"array([3.18631723, 2.98772892])"
569,7227,31902,"array([3.1058985 , 3.02171053])"
570,7227,32083,"array([3.1536919 , 3.04024656])"
571,7227,32132,"array([3.15002529, 3.02638471])"
572,7227,32303,"array([3.17242319, 3.02856755])"
573,7227,32316,"array([3.16857571, 3.03693364])"
574,7227,32381,"array([3.18878741, 3.01715759])"
575,7227,32398,"array([3.15250589, 3.04487775])"
576,7227,32453,"array([3.18058119, 3.00611865])"
577,7227,32487,"array([3.17364127, 3.01518203])"
578,7227,32488,"array([3.16175105, 2.97468829])"
579,7227,32522,"array([3.17124763, 3.03579051])"
580,7227,32561,"array([3.16856545, 3.03847899])"
581,7227,32636,"array([3.14042395, 3.03234094])"
582,7227,32892,"array([3.18742226, 2.95811272])"
583,7227,32950,"array([3.15531439, 3.01021484])"
584,7227,33175,"array([3.16951099, 3.00973466])"
585,7227,33262,"array([3.15157081, 3.03532361])"
586,7227,33263,"array([3.1472019 , 3.02403803])"
587,7227,33680,"array([3.1463265, 3.0204924])"
588,7227,33702,"array([3.1628606, 3.012134 ])"
589,7227,33796,"array([3.14590211, 3.03419684])"
590,7227,33846,"array([3.17024638, 3.04453791])"
591,7227,33949,"array([3.15440671, 2.98313292])"
592,7227,33969,"array([3.17416571, 3.03469049])"
593,7227,33994,"array([3.13296024, 3.00912114])"
594,7227,34057,"array([3.16551409, 3.01168311])"
595,7227,34131,"array([3.16566092, 2.98297804])"
596,7227,34310,"array([3.16570414, 2.99311467])"
597,7227,34383,"array([3.14563508, 3.01050646])"
598,7227,34423,"array([3.14942501, 3.02027912])"
599,7227,34572,"array([3.18449025, 2.99953886])"
600,7227,34817,"array([3.13267122, 3.04387591])"
601,7227,34847,"array([3.15248038, 2.99346938])"
602,7227,35203,"array([3.16522126, 2.9785649 ])"
603,7227,35229,"array([3.16756281, 3.01782427])"
604,7227,35266,"array([3.14808175, 3.02941462])"
605,7227,35347,"array([3.15858224, 3.01155331])"
606,7227,35390,"array([3.17904238, 3.01326068])"
607,7227,35503,"array([3.18426704, 2.96695823])"
608,7227,35533,"array([3.16115539, 3.01695015])"
609,7227,35698,"array([3.1758029 , 3.02176627])"
610,7227,35751,"array([3.13424453, 2.98550202])"
611,7227,35847,"array([3.13350004, 3.02333445])"
612,7227,35931,"array([3.13136658, 3.00068696])"
613,7227,36025,"array([3.15124474, 3.02895837])"
614,7227,36068,"array([3.18018176, 3.02201568])"
615,7227,36098,"array([3.13425785, 3.04343976])"
616,7227,36101,"array([3.12989586, 2.99431553])"
617,7227,36102,"array([3.15809109, 3.02773945])"
618,7227,36121,"array([3.11953833, 3.00144867])"
619,7227,36122,"array([3.16115076, 3.0313755 ])"
620,7227,36248,"array([3.12042544, 3.02987146])"
621,7227,36252,"array([3.13559713, 3.04183812])"
622,7227,36289,"array([3.14793886, 3.01150826])"
623,7227,36318,"array([3.15859271, 3.00369786])"
624,7227,36386,"array([3.16374433, 2.98992034])"
625,7227,36540,"array([3.12236447, 3.02693127])"
626,7227,36740,"array([3.15666492, 3.01492558])"
627,7227,36811,"array([3.15627935, 3.01838443])"
628,7227,36955,"array([3.14044466, 3.00936755])"
629,7227,36974,"array([3.16854794, 3.03136635])"
630,7227,37028,"array([3.15940787, 3.01674728])"
631,7227,37044,"array([3.13957647, 3.057086  ])"
632,7227,37152,"array([3.1781694 , 3.03029922])"
633,7227,37195,"array([3.15813838, 3.01470302])"
634,7227,37239,"array([3.14081226, 2.99409962])"
635,7227,37274,"array([3.13228162, 3.00555235])"
636,7227,37412,"array([3.17612134, 2.99474388])"
637,7227,37416,"array([3.19120423, 3.00914053])"
638,7227,37433,"array([3.17970824, 3.04007971])"
639,7227,37453,"array([3.14189042, 3.05486243])"
640,7227,37458,"array([3.18680048, 2.97052939])"
641,7227,37513,"array([3.13784635, 2.98014405])"
642,7227,37528,"array([3.15421544, 3.02550177])"
643,7227,37659,"array([3.13594579, 3.04798518])"
644,7227,37698,"array([3.19295247, 3.00696121])"
645,7227,37795,"array([3.16796681, 3.00983326])"
646,7227,37859,"array([3.16483146, 3.01995438])"
647,7227,37922,"array([3.14240479, 3.0323961 ])"
648,7227,38131,"array([3.16931375, 3.0426605 ])"
649,7227,38184,"array([3.17640073, 3.01978634])"
650,7227,38256,"array([3.15058337, 3.01254724])"
651,7227,38322,"array([3.17770778, 3.00324677])"
652,7227,38438,"array([3.15213415, 3.01092692])"
653,7227,38513,"array([3.16109602, 3.02618799])"
654,7227,38643,"array([3.14235853, 3.02262434])"
655,7227,38660,"array([3.16202621, 3.011855  ])"
656,7227,38666,"array([3.1458171 , 3.02805274])"
657,7227,38726,"array([3.1412283 , 2.99224158])"
658,7227,38750,"array([3.14405366, 3.03784752])"
659,7227,38852,"array([3.17449734, 3.03243564])"
660,7227,38988,"array([3.15062755, 3.02962927])"
661,7227,39002,"array([3.1574316 , 3.04195965])"
662,7227,39008,"array([3.15658399, 2.9885157 ])"
663,7227,39071,"array([3.13340465, 3.00269243])"
664,7227,39145,"array([3.16555624, 3.05419048])"
665,7227,39369,"array([3.19123304, 3.0295329 ])"
666,7227,39666,"array([3.11681896, 3.00947687])"
667,7227,39863,"array([3.17539744, 3.02341786])"
668,7227,39885,"array([3.15442068, 3.01147427])"
669,7227,39987,"array([3.15523515, 3.00324512])"
670,7227,40031,"array([3.15019969, 2.98801449])"
671,7227,40164,"array([3.17281295, 3.00596192])"
672,7227,40330,"array([3.17184169, 3.05343834])"
673,7227,40386,"array([3.14948062, 3.01009827])"
674,7227,40418,"array([3.15458018, 2.97055057])"
675,7227,40578,"array([3.10186936, 3.03570262])"
676,7227,40583,"array([3.16987687, 3.02139278])"
677,7227,40677,"array([3.14714655, 3.01938084])"
678,7227,40701,"array([3.12962849, 3.05191924])"
679,7227,40749,"array([3.19578809, 3.02551438])"
680,7227,40767,"array([3.17593917, 2.96019924])"
681,7227,40806,"array([3.16370181, 3.0219975 ])"
682,7227,41040,"array([3.16740095, 2.99954291])"
683,7227,41059,"array([3.13343732, 2.99907279])"
684,7227,41443,"array([3.14019171, 3.01508437])"
685,7227,41445,"array([3.17185031, 2.98721946])"
686,7227,41474,"array([3.15724965, 3.0141831 ])"
687,7227,41512,"array([3.11002046, 3.03768895])"
688,7227,41603,"array([3.22079005, 2.99787375])"
689,7227,41610,"array([3.16471426, 2.97240857])"
690,7227,41722,"array([3.12189671, 3.03270918])"
691,7227,41725,"array([3.15999135, 2.96562991])"
692,7227,41817,"array([3.16812792, 3.02682497])"
693,7227,41846,"array([3.12325754, 3.00292208])"
694,7227,41873,"array([3.15584322, 3.02077151])"
695,7227,42075,"array([3.16944689, 2.99981807])"
696,7227,42130,"array([3.15403753, 3.02625351])"
697,7227,42144,"array([3.15426036, 2.99961839])"
698,7227,42145,"array([3.15940599, 3.0142011 ])"
699,7227,42285,"array([3.12455896, 3.03669377])"
700,7227,42351,"array([3.14323914, 2.98564999])"
701,7227,42352,"array([3.12630895, 3.00370875])"
702,7227,42615,"array([3.14528947, 3.02230001])"
703,7227,42742,"array([3.14931236, 2.9912746 ])"
704,7227,42766,"array([3.18919383, 2.97627856])"
705,7227,42777,"array([3.17338706, 3.00856747])"
706,7227,42824,"array([3.18363347, 2.98743596])"
707,7227,42831,"array([3.12832927, 3.04927323])"
708,7227,42941,"array([3.16140675, 3.00056478])"
709,7227,43150,"array([3.15064963, 3.020861  ])"
710,7227,43386,"array([3.14366973, 3.00519797])"
711,7227,43482,"array([3.17199336, 3.06512943])"
712,7227,43602,"array([3.09087983, 2.99001163])"
713,7227,43692,"array([3.14121918, 3.07267784])"
714,7227,43734,"array([3.16378173, 3.00357092])"
715,7227,43771,"array([3.18873402, 3.05482838])"
716,7227,43777,"array([3.14915056, 3.01280155])"
717,7227,44014,"array([3.1539727 , 3.01056233])"
718,7227,44339,"array([3.15379277, 3.03140303])"
719,7227,47091,"array([3.1480538, 3.0553365])"
720,7227,47594,"array([3.1597975 , 3.04379946])"
721,7227,50302,"array([3.14318411, 2.99638325])"
722,7227,50366,"array([3.14703053, 2.99092748])"
723,7227,50433,"array([3.17647957, 2.95119444])"
724,7227,53557,"array([3.1628153 , 3.01726008])"
725,7227,246663,"array([3.16344856, 2.98202549])"
726,7227,318562,"array([3.16022123, 3.02337232])"
727,7227,318996,"array([3.17436594, 2.97680334])"
728,7227,3346192,"array([3.18457142, 2.97994869])"
729,7227,3772393,"array([3.1425118 , 3.00243675])"
730,7227,7354426,"array([3.17963264, 3.01091611])"
731,7227,14462605,"array([3.18828163, 2.99336788])"
732,7227,26067063,"array([3.16110097, 3.01362949])"
733,7227,26067077,"array([3.16947706, 2.94970439])"
734,7227,30979,"array([3.17371658, 3.0286912 ])"
735,7227,31016,"array([3.14077523, 3.02518964])"
736,7227,31765,"array([3.14029982, 3.0123657 ])"
737,7227,32281,"array([3.1187575 , 3.02501252])"
738,7227,34102,"array([3.14607643, 3.02187102])"
739,7227,38864,"array([3.13579471, 3.0428682 ])"
740,7227,40464,"array([3.17171782, 3.0459139 ])"
741,7227,43577,"array([3.15226161, 3.0222152 ])"
742,7227,49779,"array([3.1676925 , 3.04745519])"
743,7227,4379887,"array([3.19468155, 3.05380119])"
744,7227,30980,"array([3.13718203, 2.97732464])"
745,7227,31438,"array([3.13717138, 2.98681458])"
746,7227,34010,"array([3.13463232, 3.00146961])"
747,7227,35354,"array([3.1287469 , 3.00042068])"
748,7227,37825,"array([3.10635154, 3.00245305])"
749,7227,38830,"array([3.13423155, 3.02230594])"
750,7227,42412,"array([3.13734542, 3.00165564])"
751,7227,42521,"array([3.19223282, 2.9944883 ])"
752,7227,50203,"array([3.12933362, 2.99073253])"
753,7227,59216,"array([3.14333305, 3.00117988])"
754,7227,318095,"array([3.13601443, 2.98602062])"
755,7227,30981,"array([3.15782922, 2.99831638])"
756,7227,30982,"array([3.14846021, 3.0173992 ])"
757,7227,30983,"array([3.17687316, 2.98496298])"
758,7227,30985,"array([3.14848829, 2.99313761])"
759,7227,33060,"array([3.14764462, 3.00695293])"
760,7227,35526,"array([3.16366174, 3.03759486])"
761,7227,38091,"array([3.17005999, 3.0093137 ])"
762,7227,43151,"array([3.13852034, 3.01837548])"
763,7227,43152,"array([3.15594694, 2.98961093])"
764,7227,43156,"array([3.14763175, 3.01384462])"
765,7227,43158,"array([3.14388845, 3.01452486])"
766,7227,43160,"array([3.15314512, 3.02219057])"
767,7227,43161,"array([3.15350229, 3.02680824])"
768,7227,43584,"array([3.13992521, 3.00732301])"
769,7227,44913,"array([3.16768135, 3.02879127])"
770,7227,31095,"array([3.14278452, 3.02941797])"
771,7227,32009,"array([3.13845375, 3.03145688])"
772,7227,32068,"array([3.15763568, 3.00369687])"
773,7227,32153,"array([3.14729916, 3.03249171])"
774,7227,32268,"array([3.1552914 , 3.02156332])"
775,7227,32293,"array([3.1376564 , 3.03053072])"
776,7227,33261,"array([3.13365046, 3.02923504])"
777,7227,33989,"array([3.13965641, 3.03051461])"
778,7227,34276,"array([3.13955335, 3.03590685])"
779,7227,34312,"array([3.14206741, 3.0290762 ])"
780,7227,34517,"array([3.12735679, 3.00777055])"
781,7227,35047,"array([3.15194283, 3.02359029])"
782,7227,35051,"array([3.15851966, 3.03926463])"
783,7227,35100,"array([3.14953939, 3.04476892])"
784,7227,35654,"array([3.13906571, 3.03211615])"
785,7227,35748,"array([3.13679654, 3.03549662])"
786,7227,35756,"array([3.14163676, 3.02608214])"
787,7227,35800,"array([3.14651389, 3.02293846])"
788,7227,36306,"array([3.14114762, 3.0324309 ])"
789,7227,36550,"array([3.13940537, 3.03163141])"
790,7227,36889,"array([3.14313338, 3.02844387])"
791,7227,36966,"array([3.1363539 , 3.02645745])"
792,7227,37345,"array([3.14470687, 3.03877514])"
793,7227,37559,"array([3.13817014, 3.03061738])"
794,7227,37750,"array([3.13519021, 3.03208671])"
795,7227,37914,"array([3.13954141, 3.02981948])"
796,7227,38093,"array([3.14856563, 3.02306307])"
797,7227,38601,"array([3.13697696, 3.03409418])"
798,7227,38720,"array([3.12695589, 3.01751347])"
799,7227,38756,"array([3.13774373, 3.03117788])"
800,7227,39542,"array([3.13447396, 3.03328973])"
801,7227,39612,"array([3.13675982, 3.03006636])"
802,7227,39764,"array([3.14132214, 3.03144711])"
803,7227,40781,"array([3.14702137, 3.03321678])"
804,7227,41154,"array([3.13083867, 3.03321533])"
805,7227,41670,"array([3.13914149, 3.0292354 ])"
806,7227,41883,"array([3.14040926, 3.02963607])"
807,7227,42060,"array([3.13776107, 3.03275395])"
808,7227,42460,"array([3.14089495, 3.03412373])"
809,7227,42662,"array([3.13829852, 3.03309592])"
810,7227,42903,"array([3.13723708, 3.02818101])"
811,7227,42958,"array([3.13917523, 3.03104247])"
812,7227,43157,"array([3.16478018, 2.98545885])"
813,7227,43331,"array([3.14158367, 3.0284175 ])"
814,7227,43554,"array([3.13720215, 3.02661895])"
815,7227,43764,"array([3.14253276, 3.03142587])"
816,7227,44005,"array([3.14105373, 3.02962991])"
817,7227,44409,"array([3.14300105, 3.02555225])"
818,7227,53428,"array([3.14785729, 3.02738394])"
819,7227,53444,"array([3.14145636, 3.02923721])"
820,7227,3772012,"array([3.13917791, 3.02319501])"
821,7227,43142,"array([3.15697876, 3.00965784])"
822,7227,30984,"array([3.1928009 , 2.95672887])"
823,7227,32352,"array([3.15812021, 2.99744334])"
824,7227,43528,"array([3.19275132, 2.98852928])"
825,7227,34571,"array([3.17194309, 2.99211985])"
826,7227,40832,"array([3.1488267 , 3.00687525])"
827,7227,45368,"array([3.12701492, 3.02610689])"
828,7227,30986,"array([3.13806095, 2.98147448])"
829,7227,31173,"array([3.16323639, 3.00914875])"
830,7227,35198,"array([3.1468569 , 3.00958636])"
831,7227,38740,"array([3.14339025, 3.02954649])"
832,7227,40661,"array([3.15236651, 3.00286041])"
833,7227,42819,"array([3.14880834, 3.02388759])"
834,7227,30988,"array([3.14218783, 3.00740982])"
835,7227,32205,"array([3.14780883, 3.0095817 ])"
836,7227,32624,"array([3.14153287, 3.0358761 ])"
837,7227,33132,"array([3.14346476, 3.01187072])"
838,7227,33223,"array([3.14711911, 3.01167941])"
839,7227,33281,"array([3.12580936, 3.02649262])"
840,7227,33404,"array([3.14488078, 2.99995382])"
841,7227,33602,"array([3.15466033, 3.00086719])"
842,7227,34280,"array([3.16267993, 3.00307224])"
843,7227,34353,"array([3.15267852, 3.02087137])"
844,7227,34361,"array([3.14830864, 3.00796827])"
845,7227,34564,"array([3.12463115, 3.01808581])"
846,7227,34803,"array([3.14392736, 3.01794141])"
847,7227,35232,"array([3.14808719, 2.99821859])"
848,7227,35246,"array([3.13819524, 3.03700855])"
849,7227,35490,"array([3.16682831, 3.00510531])"
850,7227,36232,"array([3.14333473, 3.00646363])"
851,7227,37220,"array([3.17019555, 3.01392848])"
852,7227,37788,"array([3.15112444, 3.01632859])"
853,7227,37948,"array([3.13947452, 3.02601057])"
854,7227,38292,"array([3.14153701, 2.99757071])"
855,7227,38817,"array([3.15305257, 3.01926334])"
856,7227,39077,"array([3.13530315, 3.0375388 ])"
857,7227,39122,"array([3.16337614, 3.01685533])"
858,7227,39439,"array([3.14524713, 2.99630477])"
859,7227,39569,"array([3.15701408, 3.00533381])"
860,7227,39919,"array([3.15151181, 3.01260829])"
861,7227,40656,"array([3.1363211 , 3.02729331])"
862,7227,41398,"array([3.15155229, 3.00997314])"
863,7227,41580,"array([3.15513196, 2.98454932])"
864,7227,42870,"array([3.13573162, 3.03160252])"
865,7227,30990,"array([3.20740149, 2.99393202])"
866,7227,32679,"array([3.17803573, 3.02078671])"
867,7227,33779,"array([3.17913943, 2.99185732])"
868,7227,35040,"array([3.17690674, 3.01879611])"
869,7227,30991,"array([3.16822329, 3.02417304])"
870,7227,31792,"array([3.16898738, 3.04919796])"
871,7227,32616,"array([3.1737627 , 3.04700031])"
872,7227,33237,"array([3.16762705, 3.04829112])"
873,7227,34109,"array([3.16176136, 3.04791587])"
874,7227,35420,"array([3.15389697, 3.01469343])"
875,7227,36001,"array([3.15804384, 3.01308453])"
876,7227,38428,"array([3.13934947, 3.00362775])"
877,7227,40429,"array([3.14283399, 3.0045236 ])"
878,7227,41034,"array([3.13657094, 3.01109899])"
879,7227,42215,"array([3.13174762, 3.03445758])"
880,7227,43415,"array([3.1515095, 3.022466 ])"
881,7227,44848,"array([3.14648761, 3.00269289])"
882,7227,53438,"array([3.16103563, 3.0213739 ])"
883,7227,318102,"array([3.16251039, 3.05076504])"
884,7227,30994,"array([3.1798073 , 2.97885304])"
885,7227,30995,"array([3.1455806 , 2.99158647])"
886,7227,31065,"array([3.1467704 , 3.00353923])"
887,7227,35561,"array([3.14348112, 3.04015895])"
888,7227,40160,"array([3.1694583 , 3.01422438])"
889,7227,318841,"array([3.15085797, 3.04239831])"
890,7227,30996,"array([3.16719881, 3.03339007])"
891,7227,32689,"array([3.13933435, 3.00604812])"
892,7227,32761,"array([3.1634978, 3.0298935])"
893,7227,32946,"array([3.17145644, 3.0517801 ])"
894,7227,33142,"array([3.14940143, 3.03907985])"
895,7227,34507,"array([3.16748392, 3.0031062 ])"
896,7227,34719,"array([3.15628895, 3.01027476])"
897,7227,37382,"array([3.17236015, 3.01009319])"
898,7227,39186,"array([3.17617727, 3.03730869])"
899,7227,39315,"array([3.16662625, 3.04190858])"
900,7227,39888,"array([3.16707523, 3.03929738])"
901,7227,40052,"array([3.15547118, 3.02395451])"
902,7227,42141,"array([3.14616448, 2.99552546])"
903,7227,50157,"array([3.17097777, 3.00579478])"
904,7227,251430,"array([3.14619322, 3.06605303])"
905,7227,30998,"array([3.19749535, 3.05902366])"
906,7227,32400,"array([3.1656751 , 3.04960479])"
907,7227,37982,"array([3.15734584, 3.02492484])"
908,7227,44289,"array([3.15158501, 3.04236202])"
909,7227,31000,"array([3.13878868, 3.01551989])"
910,7227,32245,"array([3.11768619, 3.00290254])"
911,7227,32623,"array([3.13230673, 3.0346801 ])"
912,7227,33444,"array([3.13109865, 3.03090088])"
913,7227,33864,"array([3.13277997, 3.03188995])"
914,7227,35158,"array([3.12885918, 3.03595537])"
915,7227,35311,"array([3.13227429, 3.03203685])"
916,7227,41917,"array([3.13128571, 3.0334636 ])"
917,7227,43087,"array([3.1443    , 3.00959228])"
918,7227,31001,"array([3.07986469, 3.0441846 ])"
919,7227,35296,"array([3.11963082, 3.06549927])"
920,7227,31335,"array([3.12837015, 3.02952092])"
921,7227,35922,"array([3.17805279, 3.04063494])"
922,7227,36005,"array([3.15060467, 3.04601603])"
923,7227,39244,"array([3.09999743, 3.03854829])"
924,7227,45307,"array([3.15038943, 3.05968949])"
925,7227,45970,"array([3.14777682, 3.03491866])"
926,7227,53472,"array([3.11407485, 3.0322522 ])"
927,7227,252671,"array([3.14548074, 3.03492776])"
928,7227,318211,"array([3.1267535 , 3.01486593])"
929,7227,31003,"array([3.14383873, 3.01356207])"
930,7227,31406,"array([3.1547514, 3.0389046])"
931,7227,32940,"array([3.14073848, 3.04388741])"
932,7227,33678,"array([3.14391094, 3.03473679])"
933,7227,34946,"array([3.16115368, 3.01609814])"
934,7227,35207,"array([3.12290152, 3.06152798])"
935,7227,36676,"array([3.13921899, 3.02176231])"
936,7227,38490,"array([3.13571331, 3.03391629])"
937,7227,39417,"array([3.1830629 , 3.00507317])"
938,7227,39457,"array([3.13730184, 3.06142039])"
939,7227,39480,"array([3.14016312, 3.03320093])"
940,7227,39570,"array([3.16447127, 3.00021174])"
941,7227,40179,"array([3.1296353, 3.0364336])"
942,7227,40966,"array([3.16538763, 3.01528189])"
943,7227,41095,"array([3.14694317, 3.03027465])"
944,7227,42643,"array([3.13312915, 3.0529404 ])"
945,7227,43284,"array([3.15732999, 2.99904496])"
946,7227,31004,"array([3.19202742, 3.03813805])"
947,7227,34777,"array([3.17691121, 3.02486641])"
948,7227,37247,"array([3.1604226 , 3.03173731])"
949,7227,38959,"array([3.17017386, 3.05008948])"
950,7227,41160,"array([3.16262174, 3.00873254])"
951,7227,31005,"array([3.10212117, 3.03910038])"
952,7227,33379,"array([3.14660404, 3.0381419 ])"
953,7227,35564,"array([3.12817469, 3.02341079])"
954,7227,37174,"array([3.13188391, 3.03888507])"
955,7227,37784,"array([3.14047718, 3.03876167])"
956,7227,40530,"array([3.13176906, 3.03955101])"
957,7227,31006,"array([3.12255346, 3.043062  ])"
958,7227,31363,"array([3.13644598, 3.02876828])"
959,7227,31554,"array([3.1449496 , 3.04060408])"
960,7227,32113,"array([3.13911143, 3.03029004])"
961,7227,34488,"array([3.13432439, 3.03509791])"
962,7227,34793,"array([3.13116342, 3.03418597])"
963,7227,36111,"array([3.14922303, 3.03620453])"
964,7227,37080,"array([3.13428178, 3.03024844])"
965,7227,39083,"array([3.13860932, 3.02950815])"
966,7227,39090,"array([3.14944532, 3.05225866])"
967,7227,39627,"array([3.13536332, 3.02889055])"
968,7227,39881,"array([3.15992068, 3.04590207])"
969,7227,40415,"array([3.13282352, 3.03119424])"
970,7227,40959,"array([3.14131509, 3.03302705])"
971,7227,41805,"array([3.13703085, 3.02934357])"
972,7227,42435,"array([3.13475635, 3.0358596 ])"
973,7227,43507,"array([3.13576397, 3.03641198])"
974,7227,45268,"array([3.13586579, 3.03829549])"
975,7227,47408,"array([3.13794738, 3.02650289])"
976,7227,49580,"array([3.14210956, 3.0536555 ])"
977,7227,53565,"array([3.14401584, 3.04007559])"
978,7227,317997,"array([3.06996554, 3.06786621])"
979,7227,7354399,"array([3.13242758, 3.02862363])"
980,7227,31007,"array([3.1272144 , 3.02053272])"
981,7227,33180,"array([3.12819617, 3.0286657 ])"
982,7227,33966,"array([3.14071387, 3.03161071])"
983,7227,34526,"array([3.15477267, 3.02906063])"
984,7227,34625,"array([3.13845662, 3.02886988])"
985,7227,37006,"array([3.14095224, 3.03086251])"
986,7227,38399,"array([3.14488061, 3.0231257 ])"
987,7227,38462,"array([3.19171582, 3.00649132])"
988,7227,39737,"array([3.14226111, 3.03475243])"
989,7227,40515,"array([3.06119242, 3.00110111])"
990,7227,40694,"array([3.14310929, 3.02648226])"
991,7227,41027,"array([3.13750748, 3.0347538 ])"
992,7227,41030,"array([3.13574426, 3.03026978])"
993,7227,41200,"array([3.15347411, 3.02531049])"
994,7227,41550,"array([3.14990345, 3.04763625])"
995,7227,42026,"array([3.13967714, 3.03253374])"
996,7227,43228,"array([3.14627704, 3.02738832])"
997,7227,43559,"array([3.14392914, 3.02715574])"
998,7227,47877,"array([3.1482758 , 3.03623597])"
999,7227,326166,"array([3.12664986, 3.05375797])"
1000,7227,326208,"array([3.14463465, 3.03338323])"
1001,7227,31009,"array([3.16250166, 3.03024551])"
1002,7227,31349,"array([3.1364505 , 3.03789499])"
1003,7227,32919,"array([3.15531101, 3.03592455])"
1004,7227,33139,"array([3.15669289, 3.03753778])"
1005,7227,33489,"array([3.14948741, 3.04567535])"
1006,7227,33569,"array([3.16450958, 3.04532926])"
1007,7227,37022,"array([3.15840625, 3.05781585])"
1008,7227,39032,"array([3.19433352, 2.99275226])"
1009,7227,39368,"array([3.14912874, 3.01518248])"
1010,7227,40170,"array([3.15674473, 3.03935906])"
1011,7227,40201,"array([3.15334581, 3.03727265])"
1012,7227,40559,"array([3.1639162 , 3.05247902])"
1013,7227,42549,"array([3.15631817, 3.0239426 ])"
1014,7227,44226,"array([3.14573933, 3.02041647])"
1015,7227,44260,"array([3.15232303, 3.03260195])"
1016,7227,45269,"array([3.13326468, 3.03708662])"
1017,7227,47869,"array([3.15551263, 3.00829744])"
1018,7227,48971,"array([3.14823502, 3.03734292])"
1019,7227,117332,"array([3.1500452 , 3.03855013])"
1020,7227,31010,"array([3.13699383, 3.08078781])"
1021,7227,33721,"array([3.15453474, 3.04398313])"
1022,7227,43580,"array([3.15116052, 3.03473596])"
1023,7227,31011,"array([3.15756541, 3.03985335])"
1024,7227,31022,"array([3.15912022, 3.02729407])"
1025,7227,31342,"array([3.14855919, 3.04360575])"
1026,7227,31350,"array([3.15479337, 3.0284697 ])"
1027,7227,31897,"array([3.15878406, 3.02811179])"
1028,7227,31976,"array([3.17304491, 3.04305274])"
1029,7227,32007,"array([3.14919591, 3.034611  ])"
1030,7227,32133,"array([3.16930245, 3.02970128])"
1031,7227,32556,"array([3.15693457, 3.05217566])"
1032,7227,32789,"array([3.13760822, 3.03952912])"
1033,7227,33185,"array([3.17348585, 3.04498828])"
1034,7227,34241,"array([3.13749545, 3.01465581])"
1035,7227,34331,"array([3.17464994, 3.04783353])"
1036,7227,34956,"array([3.15771364, 3.00050559])"
1037,7227,35056,"array([3.13637935, 3.03593239])"
1038,7227,35956,"array([3.14253892, 3.01816091])"
1039,7227,36264,"array([3.16793094, 3.0151978 ])"
1040,7227,36748,"array([3.15251478, 3.03621349])"
1041,7227,36914,"array([3.15694952, 3.06487201])"
1042,7227,37137,"array([3.14402236, 3.06488171])"
1043,7227,37580,"array([3.15864336, 3.03295694])"
1044,7227,37628,"array([3.16601619, 3.02861271])"
1045,7227,37646,"array([3.13373427, 3.03421506])"
1046,7227,38369,"array([3.15552664, 3.02653986])"
1047,7227,38376,"array([3.16582417, 3.02757142])"
1048,7227,38620,"array([3.14150141, 3.01876704])"
1049,7227,39251,"array([3.14102374, 3.04212491])"
1050,7227,39846,"array([3.13517291, 3.03968973])"
1051,7227,40015,"array([3.15090977, 3.03872323])"
1052,7227,40092,"array([3.15002107, 3.03590129])"
1053,7227,40351,"array([3.16185147, 3.02552728])"
1054,7227,40589,"array([3.16886712, 3.03960483])"
1055,7227,40848,"array([3.16282194, 3.03689557])"
1056,7227,40900,"array([3.1872479, 3.0115041])"
1057,7227,40904,"array([3.1550248 , 3.05398374])"
1058,7227,40979,"array([3.17356214, 3.05748049])"
1059,7227,41067,"array([3.13928902, 3.04411676])"
1060,7227,41087,"array([3.15766767, 3.01673429])"
1061,7227,41262,"array([3.15397789, 3.05133905])"
1062,7227,41263,"array([3.1552971 , 3.05916426])"
1063,7227,41840,"array([3.16117168, 3.02351049])"
1064,7227,41848,"array([3.16343918, 3.02920481])"
1065,7227,42464,"array([3.16016574, 3.02256592])"
1066,7227,42594,"array([3.1542617 , 3.03484756])"
1067,7227,43017,"array([3.16974016, 3.03251334])"
1068,7227,43041,"array([3.15160551, 3.03815739])"
1069,7227,43533,"array([3.14426112, 3.05541768])"
1070,7227,43788,"array([3.15230293, 3.02772244])"
1071,7227,45329,"array([3.15950991, 3.03053423])"
1072,7227,3772566,"array([3.19084261, 3.05328796])"
1073,7227,3772574,"array([3.12641024, 3.04550157])"
1074,7227,31012,"array([3.15362197, 2.98569406])"
1075,7227,33940,"array([3.16422077, 3.01518641])"
1076,7227,34153,"array([3.15380331, 3.02936644])"
1077,7227,36333,"array([3.15974627, 2.99764379])"
1078,7227,31013,"array([3.1219031 , 3.04697639])"
1079,7227,33758,"array([3.1494588 , 3.02529077])"
1080,7227,37631,"array([3.14884458, 3.02843717])"
1081,7227,39924,"array([3.12123032, 3.02376943])"
1082,7227,47762,"array([3.15567924, 3.04226088])"
1083,7227,31014,"array([3.11432124, 3.02473228])"
1084,7227,31665,"array([3.15206969, 3.01174874])"
1085,7227,31851,"array([3.13105432, 3.01196269])"
1086,7227,34896,"array([3.15047248, 3.04073877])"
1087,7227,35742,"array([3.14993787, 3.02475902])"
1088,7227,35780,"array([3.14679402, 3.06146512])"
1089,7227,39254,"array([3.11932509, 3.037205  ])"
1090,7227,42504,"array([3.15169888, 3.0329546 ])"
1091,7227,31015,"array([3.14682613, 3.01046815])"
1092,7227,32514,"array([3.13374665, 3.05460232])"
1093,7227,32973,"array([3.16188167, 3.03029005])"
1094,7227,34816,"array([3.15948217, 3.00401833])"
1095,7227,39452,"array([3.16009602, 3.00963923])"
1096,7227,42192,"array([3.15920359, 3.03959046])"
1097,7227,8674049,"array([3.15325637, 3.01416329])"
1098,7227,31039,"array([3.13448531, 3.01372807])"
1099,7227,31582,"array([3.15326446, 3.05782381])"
1100,7227,31600,"array([3.14064923, 3.02819101])"
1101,7227,31651,"array([3.1323372 , 3.04137846])"
1102,7227,31722,"array([3.15888637, 3.03358849])"
1103,7227,31736,"array([3.14399126, 3.04096672])"
1104,7227,31795,"array([3.13086597, 2.99717296])"
1105,7227,31872,"array([3.14606166, 3.04025622])"
1106,7227,31903,"array([3.13529283, 3.03545533])"
1107,7227,31915,"array([3.12931174, 3.04812619])"
1108,7227,32111,"array([3.17678618, 3.01636339])"
1109,7227,32123,"array([3.16213373, 3.01641663])"
1110,7227,32167,"array([3.13744729, 3.02986724])"
1111,7227,32190,"array([3.12364429, 3.04820627])"
1112,7227,32429,"array([3.14795843, 3.0511127 ])"
1113,7227,32472,"array([3.12154901, 3.04587242])"
1114,7227,32523,"array([3.12782154, 3.02773018])"
1115,7227,32532,"array([3.15885141, 3.00452184])"
1116,7227,32534,"array([3.15638769, 3.0334943 ])"
1117,7227,32607,"array([3.1464298 , 3.03133304])"
1118,7227,32617,"array([3.14396665, 3.02912081])"
1119,7227,32729,"array([3.16625391, 3.03092138])"
1120,7227,32739,"array([3.14159982, 3.01277963])"
1121,7227,32834,"array([3.1209045, 3.0368648])"
1122,7227,32849,"array([3.13203411, 3.02278159])"
1123,7227,32889,"array([3.16629519, 3.05048776])"
1124,7227,32962,"array([3.13378525, 3.05194967])"
1125,7227,32996,"array([3.12783331, 3.01281787])"
1126,7227,33045,"array([3.15986529, 3.02727922])"
1127,7227,33085,"array([3.12319377, 3.03473417])"
1128,7227,33203,"array([3.15287253, 3.03671296])"
1129,7227,33245,"array([3.15715467, 3.04504875])"
1130,7227,33479,"array([3.1233118 , 3.05401923])"
1131,7227,33503,"array([3.1662296 , 3.02367682])"
1132,7227,33526,"array([3.16213036, 3.00012946])"
1133,7227,33648,"array([3.13904588, 3.02396761])"
1134,7227,33705,"array([3.20114834, 3.02156532])"
1135,7227,33759,"array([3.14475479, 3.01788413])"
1136,7227,33781,"array([3.1385849 , 3.03764399])"
1137,7227,33783,"array([3.11901111, 3.0326981 ])"
1138,7227,33795,"array([3.16530587, 2.99511955])"
1139,7227,33920,"array([3.13242513, 3.02644574])"
1140,7227,33922,"array([3.08023957, 2.99800079])"
1141,7227,33931,"array([3.12382716, 3.05309177])"
1142,7227,33959,"array([3.13419472, 3.01622133])"
1143,7227,33960,"array([3.17924556, 3.0417998 ])"
1144,7227,34000,"array([3.15866546, 3.00051459])"
1145,7227,34180,"array([3.19313367, 3.01097289])"
1146,7227,34370,"array([3.13493269, 3.03059641])"
1147,7227,34591,"array([3.11339946, 3.03308966])"
1148,7227,34780,"array([3.14888981, 3.03079164])"
1149,7227,34790,"array([3.14719672, 3.05092954])"
1150,7227,34885,"array([3.14646865, 3.03424013])"
1151,7227,34922,"array([3.10656182, 3.0230328 ])"
1152,7227,35190,"array([3.13508906, 3.00518817])"
1153,7227,35219,"array([3.17704204, 3.03474196])"
1154,7227,35263,"array([3.13804002, 3.01907125])"
1155,7227,35333,"array([3.15353213, 3.05280506])"
1156,7227,35584,"array([3.13789242, 3.03414269])"
1157,7227,35596,"array([3.14713939, 3.04669604])"
1158,7227,35875,"array([3.12296396, 2.9792828 ])"
1159,7227,35920,"array([3.13901649, 3.0508433 ])"
1160,7227,36057,"array([3.15070033, 3.02628352])"
1161,7227,36199,"array([3.14103762, 3.04138084])"
1162,7227,36201,"array([3.1522453 , 3.04758095])"
1163,7227,36218,"array([3.11131595, 3.02940686])"
1164,7227,36240,"array([3.14969785, 3.01338799])"
1165,7227,36279,"array([3.12684222, 3.04410654])"
1166,7227,36298,"array([3.14197085, 3.01357328])"
1167,7227,36336,"array([3.16610048, 3.00617789])"
1168,7227,36426,"array([3.11273913, 3.04186797])"
1169,7227,36460,"array([3.11738952, 3.02383824])"
1170,7227,36463,"array([3.12446316, 2.9721507 ])"
1171,7227,36475,"array([3.09370423, 2.97950362])"
1172,7227,36545,"array([3.14670676, 3.03199871])"
1173,7227,36932,"array([3.16821955, 2.98721031])"
1174,7227,37084,"array([3.11475423, 3.04018485])"
1175,7227,37136,"array([3.13621862, 3.03078411])"
1176,7227,37138,"array([3.14022291, 2.9908479 ])"
1177,7227,37206,"array([3.12006254, 3.02545005])"
1178,7227,37276,"array([3.0924842 , 3.00301782])"
1179,7227,37532,"array([3.16109665, 3.04278453])"
1180,7227,37601,"array([3.18995024, 3.036222  ])"
1181,7227,37602,"array([3.1325013 , 3.01160033])"
1182,7227,37664,"array([3.15598912, 3.06565195])"
1183,7227,37723,"array([3.128891  , 2.99556216])"
1184,7227,37785,"array([3.15653946, 2.9977004 ])"
1185,7227,37942,"array([3.09535413, 2.99945427])"
1186,7227,37944,"array([3.09452846, 3.05599735])"
1187,7227,37994,"array([3.12495025, 3.01664995])"
1188,7227,38020,"array([3.12152335, 3.02742482])"
1189,7227,38062,"array([3.14069161, 3.02898074])"
1190,7227,38146,"array([3.15734305, 3.03882302])"
1191,7227,38321,"array([3.1459248 , 3.04089042])"
1192,7227,38327,"array([3.16440352, 3.02900764])"
1193,7227,38400,"array([3.14100934, 3.00716428])"
1194,7227,38443,"array([3.11066441, 3.01973511])"
1195,7227,38516,"array([3.15778157, 3.03198526])"
1196,7227,38638,"array([3.1766293 , 3.00496336])"
1197,7227,38975,"array([3.13888436, 3.01962536])"
1198,7227,39043,"array([3.13049594, 2.97878512])"
1199,7227,39062,"array([3.11753363, 3.00850375])"
1200,7227,39104,"array([3.17988473, 3.03250109])"
1201,7227,39319,"array([3.11869876, 2.98307323])"
1202,7227,39408,"array([3.13039851, 3.0284067 ])"
1203,7227,39518,"array([3.14451084, 3.03503766])"
1204,7227,39682,"array([3.14276165, 3.02176165])"
1205,7227,39685,"array([3.16324686, 2.99443912])"
1206,7227,39691,"array([3.11760178, 3.04277913])"
1207,7227,40087,"array([3.15719354, 3.04939921])"
1208,7227,40261,"array([3.12923708, 3.03286595])"
1209,7227,40270,"array([3.13351853, 3.03203654])"
1210,7227,40279,"array([3.13397777, 3.02842868])"
1211,7227,40349,"array([3.11655037, 3.00403166])"
1212,7227,40430,"array([3.12075954, 3.01855326])"
1213,7227,40432,"array([3.12251538, 3.04376707])"
1214,7227,40451,"array([3.14297851, 3.03187188])"
1215,7227,40506,"array([3.13625104, 3.04028884])"
1216,7227,40548,"array([3.1373468 , 3.02477891])"
1217,7227,40576,"array([3.14482101, 3.0380576 ])"
1218,7227,40654,"array([3.14204429, 3.03099189])"
1219,7227,40697,"array([3.14023121, 3.05612935])"
1220,7227,40782,"array([3.14508847, 3.05048121])"
1221,7227,40787,"array([3.13594756, 3.01604411])"
1222,7227,41079,"array([3.13876743, 3.03501422])"
1223,7227,41209,"array([3.11021612, 3.02585106])"
1224,7227,41446,"array([3.14113767, 3.03654348])"
1225,7227,41476,"array([3.2054758 , 3.02666264])"
1226,7227,41541,"array([3.134222  , 3.03255185])"
1227,7227,41712,"array([3.12367664, 3.03413494])"
1228,7227,41714,"array([3.10726493, 3.00568138])"
1229,7227,41719,"array([3.09316221, 3.01647669])"
1230,7227,41762,"array([3.14944931, 3.05830346])"
1231,7227,41800,"array([3.14207429, 3.02705695])"
1232,7227,41849,"array([3.14040331, 3.04293938])"
1233,7227,41935,"array([3.17272985, 3.0164055 ])"
1234,7227,42161,"array([3.14264481, 3.00565211])"
1235,7227,42286,"array([3.14310887, 3.07429668])"
1236,7227,42524,"array([3.13682206, 3.04557632])"
1237,7227,42543,"array([3.18057669, 3.02477436])"
1238,7227,42590,"array([3.13851638, 3.02706332])"
1239,7227,43126,"array([3.12067886, 3.02309402])"
1240,7227,43177,"array([3.15112669, 3.02839506])"
1241,7227,43233,"array([3.13722703, 3.05787088])"
1242,7227,43344,"array([3.13476729, 2.98088191])"
1243,7227,43402,"array([3.14657117, 3.03095448])"
1244,7227,43475,"array([3.12876194, 3.03233728])"
1245,7227,43521,"array([3.14840989, 3.05790232])"
1246,7227,43691,"array([3.1459915 , 3.04562471])"
1247,7227,43755,"array([3.14367441, 3.05449421])"
1248,7227,43951,"array([3.13061028, 3.00711032])"
1249,7227,44786,"array([3.16608027, 3.04500618])"
1250,7227,45021,"array([3.10622527, 3.03247997])"
1251,7227,45249,"array([3.16755911, 3.04472493])"
1252,7227,45906,"array([3.15260425, 2.99612035])"
1253,7227,46456,"array([3.12788928, 3.02224266])"
1254,7227,49070,"array([3.15848782, 3.03222066])"
1255,7227,50073,"array([3.11835828, 3.03280675])"
1256,7227,53445,"array([3.12608137, 3.02941551])"
1257,7227,53577,"array([3.14299238, 3.04205261])"
1258,7227,59141,"array([3.14529102, 3.00127028])"
1259,7227,246652,"array([3.12127606, 3.03091006])"
1260,7227,246668,"array([3.10979243, 3.03515441])"
1261,7227,251690,"array([3.10406866, 3.05117091])"
1262,7227,261634,"array([3.13925173, 3.05394797])"
1263,7227,318946,"array([3.12002412, 3.02642137])"
1264,7227,3346176,"array([3.12023123, 3.03105167])"
1265,7227,3772082,"array([3.15125076, 3.02606438])"
1266,7227,31017,"array([3.17010161, 3.03931198])"
1267,7227,31093,"array([3.19063489, 3.05037844])"
1268,7227,31320,"array([3.15156417, 3.06096476])"
1269,7227,31377,"array([3.18204777, 3.07557584])"
1270,7227,31393,"array([3.17873011, 3.02175764])"
1271,7227,31700,"array([3.15370477, 3.03300756])"
1272,7227,31816,"array([3.15138237, 3.04090559])"
1273,7227,32047,"array([3.14580105, 3.04435926])"
1274,7227,32136,"array([3.19625308, 3.05448953])"
1275,7227,32953,"array([3.14002035, 3.03587246])"
1276,7227,33346,"array([3.13941337, 3.03431752])"
1277,7227,33394,"array([3.17544575, 3.05911882])"
1278,7227,33654,"array([3.156368  , 3.02514895])"
1279,7227,33792,"array([3.15989627, 2.99183098])"
1280,7227,34045,"array([3.20713247, 3.05151154])"
1281,7227,34293,"array([3.17800393, 3.02529779])"
1282,7227,34680,"array([3.13696486, 3.05590969])"
1283,7227,35988,"array([3.16485254, 3.02522149])"
1284,7227,36576,"array([3.15673527, 3.03262426])"
1285,7227,37381,"array([3.14689903, 3.03502396])"
1286,7227,37804,"array([3.14925855, 3.06132386])"
1287,7227,38437,"array([3.17325081, 3.00324012])"
1288,7227,38447,"array([3.15416711, 3.03601764])"
1289,7227,38591,"array([3.18422808, 3.01658464])"
1290,7227,38794,"array([3.15868255, 3.03101217])"
1291,7227,39088,"array([3.16246631, 3.03425022])"
1292,7227,39959,"array([3.20466575, 3.03586175])"
1293,7227,40411,"array([3.15558031, 3.02803133])"
1294,7227,40665,"array([3.13657637, 3.04741176])"
1295,7227,41229,"array([3.14345305, 3.05799582])"
1296,7227,41261,"array([3.14514982, 3.02446876])"
1297,7227,41268,"array([3.18961321, 3.00268896])"
1298,7227,41343,"array([3.15745256, 3.02817765])"
1299,7227,41721,"array([3.16933714, 3.01545331])"
1300,7227,42301,"array([3.16196022, 3.05486683])"
1301,7227,42875,"array([3.17414766, 3.06122615])"
1302,7227,42986,"array([3.19530619, 3.01915941])"
1303,7227,42994,"array([3.18106826, 3.02078384])"
1304,7227,44059,"array([3.16078002, 3.03036627])"
1305,7227,49809,"array([3.19507796, 3.0475952 ])"
1306,7227,318567,"array([3.18679599, 3.05805912])"
1307,7227,3772382,"array([3.1770314 , 3.04352854])"
1308,7227,31018,"array([3.16191341, 2.98424257])"
1309,7227,34993,"array([3.1400341 , 3.02334794])"
1310,7227,35486,"array([3.15066591, 3.00607164])"
1311,7227,36084,"array([3.15513319, 3.02547785])"
1312,7227,37872,"array([3.18030106, 2.97250967])"
1313,7227,2768920,"array([3.14499314, 3.01299334])"
1314,7227,5740457,"array([3.14382549, 3.02577695])"
1315,7227,31019,"array([3.21456728, 3.07487843])"
1316,7227,40090,"array([3.16647614, 3.05447569])"
1317,7227,50257,"array([3.18936612, 3.0447986 ])"
1318,7227,31021,"array([3.14319595, 2.94737052])"
1319,7227,35343,"array([3.14766942, 3.01063101])"
1320,7227,32794,"array([3.14750298, 3.04822752])"
1321,7227,32979,"array([3.15547437, 3.03197186])"
1322,7227,33034,"array([3.15032341, 3.03264153])"
1323,7227,33842,"array([3.15675338, 3.04394256])"
1324,7227,33934,"array([3.16514442, 3.02699003])"
1325,7227,34086,"array([3.16723565, 3.0087091 ])"
1326,7227,34204,"array([3.140116  , 3.00032879])"
1327,7227,35454,"array([3.13632626, 3.013807  ])"
1328,7227,35851,"array([3.15991135, 3.02856797])"
1329,7227,37216,"array([3.15699253, 3.02891198])"
1330,7227,37967,"array([3.15941074, 3.03228467])"
1331,7227,38303,"array([3.11565407, 3.08072332])"
1332,7227,39063,"array([3.15020879, 3.0391379 ])"
1333,7227,39453,"array([3.13707667, 3.02120433])"
1334,7227,39546,"array([3.1686418 , 3.00474158])"
1335,7227,40003,"array([3.16897489, 3.01864291])"
1336,7227,40014,"array([3.1509646 , 3.04157788])"
1337,7227,40183,"array([3.14914717, 3.00123273])"
1338,7227,40205,"array([3.16791143, 3.0318807 ])"
1339,7227,42034,"array([3.15941161, 3.01264045])"
1340,7227,42186,"array([3.15727616, 3.03088671])"
1341,7227,42642,"array([3.14333788, 3.02761108])"
1342,7227,42665,"array([3.18622269, 3.0335289 ])"
1343,7227,42981,"array([3.22497878, 3.02845832])"
1344,7227,43093,"array([3.13487763, 3.01780273])"
1345,7227,44432,"array([3.15776112, 3.03273974])"
1346,7227,44672,"array([3.16884959, 3.02646688])"
1347,7227,3355109,"array([3.16580554, 3.02469992])"
1348,7227,3772105,"array([3.13398159, 3.00493319])"
1349,7227,31023,"array([3.17316014, 3.09329497])"
1350,7227,35975,"array([3.15672097, 3.08255058])"
1351,7227,31024,"array([3.12943081, 3.06663496])"
1352,7227,31810,"array([3.13991388, 3.03189057])"
1353,7227,31904,"array([3.13731959, 3.03760181])"
1354,7227,32478,"array([3.17461761, 3.05651983])"
1355,7227,39725,"array([3.12860967, 3.03309103])"
1356,7227,41991,"array([3.13279661, 3.02573277])"
1357,7227,31027,"array([3.15630687, 3.02829038])"
1358,7227,31153,"array([3.17696842, 3.03368351])"
1359,7227,31499,"array([3.19355847, 3.01374684])"
1360,7227,32543,"array([3.17028569, 3.01110386])"
1361,7227,33211,"array([3.13849488, 3.03016724])"
1362,7227,33778,"array([3.18145454, 3.07096912])"
1363,7227,34064,"array([3.13216473, 3.03559172])"
1364,7227,34924,"array([3.15477229, 3.02328179])"
1365,7227,34976,"array([3.13476283, 3.03803944])"
1366,7227,35001,"array([3.17741103, 3.05448892])"
1367,7227,35279,"array([3.13437854, 3.04240328])"
1368,7227,35381,"array([3.1524618 , 3.01000737])"
1369,7227,35426,"array([3.13690745, 3.04095562])"
1370,7227,35686,"array([3.17723522, 3.0173999 ])"
1371,7227,35933,"array([3.14068051, 3.03017931])"
1372,7227,36430,"array([3.1344621 , 3.02911006])"
1373,7227,36461,"array([3.18448466, 3.01374599])"
1374,7227,36499,"array([3.17373664, 3.01603349])"
1375,7227,36854,"array([3.14300778, 3.0139606 ])"
1376,7227,36956,"array([3.14253986, 3.03065011])"
1377,7227,37005,"array([3.13875231, 3.03082777])"
1378,7227,37081,"array([3.12708921, 3.02428541])"
1379,7227,37090,"array([3.1360705 , 3.03477349])"
1380,7227,37215,"array([3.17538832, 3.0119758 ])"
1381,7227,38231,"array([3.14347201, 3.03408862])"
1382,7227,38456,"array([3.1772165 , 3.02842101])"
1383,7227,38565,"array([3.1553436 , 3.03098701])"
1384,7227,39386,"array([3.1370005 , 3.03083285])"
1385,7227,39744,"array([3.15769432, 3.03026155])"
1386,7227,40278,"array([3.163402  , 3.04431927])"
1387,7227,40587,"array([3.1379729 , 3.02803951])"
1388,7227,40657,"array([3.15049536, 3.02362116])"
1389,7227,41162,"array([3.13264507, 3.0336678 ])"
1390,7227,41703,"array([3.17005659, 3.01941235])"
1391,7227,41836,"array([3.16504485, 3.03032487])"
1392,7227,41852,"array([3.13899808, 3.03733245])"
1393,7227,42550,"array([3.17340094, 3.01097323])"
1394,7227,326237,"array([3.17376677, 3.02255853])"
1395,7227,2768981,"array([3.16567774, 3.01781923])"
1396,7227,31029,"array([3.14708172, 2.98894237])"
1397,7227,32793,"array([3.1329808, 2.968125 ])"
1398,7227,35378,"array([3.16271784, 3.03245411])"
1399,7227,35764,"array([3.14941679, 3.01815162])"
1400,7227,31030,"array([3.1102796 , 3.05899079])"
1401,7227,31260,"array([3.12977732, 3.09571064])"
1402,7227,31269,"array([3.12994863, 3.06232742])"
1403,7227,31706,"array([3.1163184 , 3.05031373])"
1404,7227,33434,"array([3.12057516, 3.04517535])"
1405,7227,34966,"array([3.10878555, 3.05298702])"
1406,7227,36015,"array([3.13550388, 3.05248685])"
1407,7227,36080,"array([3.13242128, 3.04798882])"
1408,7227,36173,"array([3.12670524, 3.04791195])"
1409,7227,37774,"array([3.13120103, 3.03851587])"
1410,7227,37842,"array([3.12926725, 3.04233623])"
1411,7227,37897,"array([3.06731623, 3.08940295])"
1412,7227,38085,"array([3.11271351, 3.03794409])"
1413,7227,38196,"array([3.12742297, 3.051834  ])"
1414,7227,38541,"array([3.12763481, 3.0497587 ])"
1415,7227,38614,"array([3.11346069, 3.04853697])"
1416,7227,39051,"array([3.1084382 , 3.05637198])"
1417,7227,39485,"array([3.11218288, 3.05453745])"
1418,7227,39847,"array([3.11437301, 3.04617386])"
1419,7227,40094,"array([3.10507984, 3.04803827])"
1420,7227,40233,"array([3.12151511, 3.03654703])"
1421,7227,40528,"array([3.0963248 , 3.05150849])"
1422,7227,40724,"array([3.10858975, 3.04465466])"
1423,7227,41193,"array([3.11101375, 3.05486745])"
1424,7227,41239,"array([3.10373619, 3.04989978])"
1425,7227,41694,"array([3.12494281, 3.05684112])"
1426,7227,42122,"array([3.11635909, 3.06331414])"
1427,7227,42854,"array([3.12975148, 3.04307492])"
1428,7227,42933,"array([3.11034933, 3.0437567 ])"
1429,7227,48450,"array([3.12552781, 3.04079789])"
1430,7227,248102,"array([3.11320785, 3.02867733])"
1431,7227,14462485,"array([3.11162651, 3.05602633])"
1432,7227,31031,"array([3.17635609, 3.04103507])"
1433,7227,33509,"array([3.1569547 , 3.02642905])"
1434,7227,37142,"array([3.17454884, 3.04133013])"
1435,7227,40847,"array([3.15088954, 3.03549815])"
1436,7227,41693,"array([3.15375493, 2.98919853])"
1437,7227,43183,"array([3.14774111, 3.04688178])"
1438,7227,44965,"array([3.16097462, 3.05395839])"
1439,7227,3772232,"array([3.1386922 , 3.03658467])"
1440,7227,31032,"array([3.13220432, 2.95962151])"
1441,7227,35211,"array([3.13139857, 3.0059873 ])"
1442,7227,31037,"array([3.1849539 , 3.05997913])"
1443,7227,32367,"array([3.17546521, 3.04690271])"
1444,7227,3772109,"array([3.16199921, 3.04703566])"
1445,7227,31038,"array([3.15830638, 3.01631284])"
1446,7227,32567,"array([3.16047336, 3.00408113])"
1447,7227,35215,"array([3.16062593, 3.04021969])"
1448,7227,35364,"array([3.14005622, 3.02535039])"
1449,7227,37669,"array([3.14729509, 2.95217324])"
1450,7227,38022,"array([3.12902342, 3.03453058])"
1451,7227,40042,"array([3.14573236, 3.01813446])"
1452,7227,40055,"array([3.12837543, 3.04317785])"
1453,7227,41199,"array([3.18502921, 3.01792348])"
1454,7227,41305,"array([3.14404423, 3.01719161])"
1455,7227,41318,"array([3.1586858 , 3.06390876])"
1456,7227,42175,"array([3.15734961, 3.01597542])"
1457,7227,43816,"array([3.17531348, 3.00184044])"
1458,7227,43926,"array([3.15019873, 3.02228786])"
1459,7227,43952,"array([3.16162063, 3.01529219])"
1460,7227,44728,"array([3.15540228, 3.02301561])"
1461,7227,45460,"array([3.17757335, 3.06090363])"
1462,7227,34500,"array([3.13389281, 3.04044528])"
1463,7227,35129,"array([3.10595237, 3.02405992])"
1464,7227,36059,"array([3.14347321, 3.03120402])"
1465,7227,36595,"array([3.13335348, 3.033469  ])"
1466,7227,36963,"array([3.13537599, 3.02968667])"
1467,7227,40549,"array([3.17133766, 2.98996577])"
1468,7227,41589,"array([3.1351115 , 3.00968467])"
1469,7227,43670,"array([3.1455817 , 3.03158398])"
1470,7227,44001,"array([3.14010577, 3.04120528])"
1471,7227,45396,"array([3.15877096, 3.00553337])"
1472,7227,317813,"array([3.12653384, 3.0350343 ])"
1473,7227,326246,"array([3.11479337, 3.003823  ])"
1474,7227,31042,"array([3.15974414, 3.06041434])"
1475,7227,33117,"array([3.16659856, 3.04106816])"
1476,7227,37013,"array([3.13339927, 3.04658462])"
1477,7227,37068,"array([3.15529875, 3.01586786])"
1478,7227,41347,"array([3.15844024, 3.02064145])"
1479,7227,43864,"array([3.15467872, 3.02984623])"
1480,7227,46080,"array([3.14388513, 3.05886761])"
1481,7227,49821,"array([3.14179299, 3.0455539 ])"
1482,7227,53556,"array([3.16945543, 3.05112375])"
1483,7227,31043,"array([3.15814978, 2.9182553 ])"
1484,7227,39504,"array([3.15975164, 2.87578146])"
1485,7227,31044,"array([3.1121007 , 2.97152256])"
1486,7227,36136,"array([3.11851457, 2.97011806])"
1487,7227,39385,"array([3.12409053, 3.00811807])"
1488,7227,43724,"array([3.1473664 , 3.01861896])"
1489,7227,31045,"array([3.13721186, 3.00710153])"
1490,7227,31881,"array([3.14114974, 2.99027051])"
1491,7227,33615,"array([3.14534925, 3.0019445 ])"
1492,7227,33863,"array([3.16092113, 3.04727914])"
1493,7227,34629,"array([3.14597944, 3.00400794])"
1494,7227,36321,"array([3.1493851 , 3.03025602])"
1495,7227,36365,"array([3.13991847, 3.03381908])"
1496,7227,37147,"array([3.13320657, 3.02088829])"
1497,7227,37475,"array([3.13489687, 3.03141449])"
1498,7227,37776,"array([3.13578306, 3.02943381])"
1499,7227,38004,"array([3.14652387, 2.99254848])"
1500,7227,38658,"array([3.13466632, 3.01136605])"
1501,7227,38788,"array([3.14886512, 2.99886548])"
1502,7227,40412,"array([3.13349812, 2.99593919])"
1503,7227,43708,"array([3.12523206, 2.98378606])"
1504,7227,49816,"array([3.1452539 , 3.01621387])"
1505,7227,49895,"array([3.15287827, 3.00727636])"
1506,7227,3771905,"array([3.14635702, 2.98787485])"
1507,7227,3772419,"array([3.11426441, 2.97160602])"
1508,7227,31046,"array([3.21898571, 2.99006354])"
1509,7227,31048,"array([3.13661817, 2.96699587])"
1510,7227,36583,"array([3.14135541, 3.01717825])"
1511,7227,47253,"array([3.13910563, 2.98563859])"
1512,7227,31049,"array([3.10113835, 2.98614191])"
1513,7227,31050,"array([3.19152924, 3.06719157])"
1514,7227,33557,"array([3.17649122, 3.05867734])"
1515,7227,36071,"array([3.14794498, 3.07482872])"
1516,7227,39617,"array([3.1926839 , 3.03206935])"
1517,7227,40016,"array([3.16022777, 3.01351356])"
1518,7227,31052,"array([3.14714045, 3.01432033])"
1519,7227,31156,"array([3.14129954, 2.98812994])"
1520,7227,31449,"array([3.13603105, 3.01943093])"
1521,7227,31567,"array([3.13707152, 3.04011841])"
1522,7227,31603,"array([3.14553084, 2.99842372])"
1523,7227,31641,"array([3.14820531, 3.0222347 ])"
1524,7227,31967,"array([3.13634973, 3.00346076])"
1525,7227,32074,"array([3.16850859, 2.99199762])"
1526,7227,33641,"array([3.14189867, 2.99334659])"
1527,7227,34685,"array([3.15201398, 3.02886656])"
1528,7227,35411,"array([3.17121797, 3.04449545])"
1529,7227,35679,"array([3.1559995 , 3.03225578])"
1530,7227,36546,"array([3.13815309, 3.03604299])"
1531,7227,36830,"array([3.15323446, 3.01684624])"
1532,7227,36920,"array([3.16599005, 3.00200963])"
1533,7227,37926,"array([3.149786  , 3.05049441])"
1534,7227,38136,"array([3.16214473, 2.99478211])"
1535,7227,39014,"array([3.13851922, 3.02445853])"
1536,7227,40973,"array([3.16975506, 3.00236327])"
1537,7227,41296,"array([3.14522769, 3.0236035 ])"
1538,7227,41562,"array([3.15351698, 3.01867411])"
1539,7227,42805,"array([3.13482372, 3.03855462])"
1540,7227,43166,"array([3.15505635, 3.01829344])"
1541,7227,45739,"array([3.18334372, 3.03341576])"
1542,7227,46091,"array([3.16899138, 3.01717408])"
1543,7227,2768916,"array([3.13373328, 3.04281275])"
1544,7227,31054,"array([3.11701008, 3.03631408])"
1545,7227,32425,"array([3.14822494, 3.04780157])"
1546,7227,34429,"array([3.13134139, 3.04552568])"
1547,7227,40062,"array([3.16198161, 3.01738982])"
1548,7227,42028,"array([3.13485842, 3.00688556])"
1549,7227,42121,"array([3.09893748, 3.02721116])"
1550,7227,43829,"array([3.14747257, 3.0282602 ])"
1551,7227,31055,"array([3.15316383, 3.08940696])"
1552,7227,31059,"array([3.17275512, 3.05120096])"
1553,7227,33390,"array([3.14449428, 3.05659457])"
1554,7227,33686,"array([3.15493968, 3.02093037])"
1555,7227,34722,"array([3.17873899, 3.0350038 ])"
1556,7227,35032,"array([3.14624965, 3.06726471])"
1557,7227,36004,"array([3.17812985, 3.07127654])"
1558,7227,42602,"array([3.18828219, 3.06273305])"
1559,7227,43839,"array([3.16943794, 3.02261137])"
1560,7227,31061,"array([3.11028696, 3.05025312])"
1561,7227,32537,"array([3.13800146, 3.03924817])"
1562,7227,39433,"array([3.14223751, 3.03865732])"
1563,7227,31062,"array([3.20044135, 2.98948456])"
1564,7227,37810,"array([3.14910438, 3.02218828])"
1565,7227,40676,"array([3.17191078, 3.02142654])"
1566,7227,42736,"array([3.18810114, 3.00183954])"
1567,7227,31063,"array([3.13812693, 2.98471563])"
1568,7227,32513,"array([3.1586937 , 3.00267863])"
1569,7227,37299,"array([3.14446185, 3.00096705])"
1570,7227,39091,"array([3.14778113, 3.01230711])"
1571,7227,40972,"array([3.15771005, 3.00909625])"
1572,7227,31226,"array([3.16465953, 3.01246545])"
1573,7227,31787,"array([3.14473602, 3.00462408])"
1574,7227,32152,"array([3.16606817, 3.00505394])"
1575,7227,32504,"array([3.14883648, 3.01182412])"
1576,7227,32545,"array([3.13883448, 3.03569609])"
1577,7227,32641,"array([3.15468074, 2.99209343])"
1578,7227,32724,"array([3.13724904, 3.01744813])"
1579,7227,32771,"array([3.15531687, 3.01317795])"
1580,7227,34070,"array([3.15815624, 3.02513014])"
1581,7227,34381,"array([3.1572308 , 3.00686698])"
1582,7227,34480,"array([3.13761569, 3.00930166])"
1583,7227,34524,"array([3.1620619 , 3.03550869])"
1584,7227,35930,"array([3.12917271, 2.94371591])"
1585,7227,38147,"array([3.15058785, 2.98443383])"
1586,7227,38457,"array([3.13396934, 3.03879704])"
1587,7227,38629,"array([3.15971862, 3.03120002])"
1588,7227,38656,"array([3.1523251 , 3.01445638])"
1589,7227,38746,"array([3.16377882, 3.01802161])"
1590,7227,38821,"array([3.15942034, 3.02176788])"
1591,7227,39218,"array([3.17896963, 3.025892  ])"
1592,7227,39679,"array([3.14136068, 3.00995425])"
1593,7227,39785,"array([3.15831424, 2.98990516])"
1594,7227,39791,"array([3.13809875, 2.99419407])"
1595,7227,40002,"array([3.16934422, 2.98380326])"
1596,7227,40167,"array([3.13830436, 2.96871184])"
1597,7227,40409,"array([3.11543698, 2.97307711])"
1598,7227,40594,"array([3.1533136, 2.9902346])"
1599,7227,41202,"array([3.17476343, 2.99807689])"
1600,7227,42177,"array([3.15345323, 2.9985658 ])"
1601,7227,43836,"array([3.1473824 , 3.02978265])"
1602,7227,44920,"array([3.15184411, 3.01613479])"
1603,7227,44921,"array([3.1569586 , 3.02339021])"
1604,7227,48581,"array([3.14927608, 3.02799591])"
1605,7227,48582,"array([3.15294299, 3.02475929])"
1606,7227,48583,"array([3.15573854, 3.02235689])"
1607,7227,50022,"array([3.15565727, 3.01903781])"
1608,7227,31066,"array([3.17973157, 3.01623419])"
1609,7227,31439,"array([3.17945809, 3.0079739 ])"
1610,7227,31520,"array([3.1854992 , 3.01912484])"
1611,7227,31589,"array([3.16177355, 3.01971237])"
1612,7227,31880,"array([3.17389842, 3.01391756])"
1613,7227,32866,"array([3.16920779, 3.02419066])"
1614,7227,33575,"array([3.16501956, 3.00727619])"
1615,7227,35306,"array([3.16778294, 3.0224175 ])"
1616,7227,35398,"array([3.15944276, 3.02351008])"
1617,7227,35594,"array([3.16160782, 3.01441604])"
1618,7227,37012,"array([3.18180524, 3.00558224])"
1619,7227,39895,"array([3.18404335, 3.0307636 ])"
1620,7227,39951,"array([3.18001558, 3.01209899])"
1621,7227,42371,"array([3.16645825, 3.01227119])"
1622,7227,42573,"array([3.15778247, 3.01097821])"
1623,7227,43555,"array([3.17141616, 3.02694   ])"
1624,7227,31067,"array([3.10261534, 2.99024548])"
1625,7227,35052,"array([3.13078874, 3.01572439])"
1626,7227,36272,"array([3.13039913, 3.00157738])"
1627,7227,31069,"array([3.18812657, 3.01490592])"
1628,7227,34502,"array([3.18165107, 3.00822235])"
1629,7227,35690,"array([3.14184321, 3.02517633])"
1630,7227,38554,"array([3.15368014, 3.00179601])"
1631,7227,39339,"array([3.16739371, 3.01203196])"
1632,7227,31070,"array([3.15764987, 3.02915885])"
1633,7227,31461,"array([3.13730219, 3.03209017])"
1634,7227,32588,"array([3.13437968, 3.02310089])"
1635,7227,34303,"array([3.19139859, 3.01905987])"
1636,7227,34364,"array([3.14416855, 3.03290177])"
1637,7227,35799,"array([3.1368086 , 3.03485728])"
1638,7227,38515,"array([3.15060745, 3.03716013])"
1639,7227,39955,"array([3.13927486, 3.02842844])"
1640,7227,31072,"array([3.18126185, 3.064302  ])"
1641,7227,33727,"array([3.13548017, 3.03464695])"
1642,7227,43728,"array([3.16476825, 3.04209682])"
1643,7227,31074,"array([3.11998606, 3.02730712])"
1644,7227,32635,"array([3.14714088, 3.03401227])"
1645,7227,35192,"array([3.12774833, 3.03671164])"
1646,7227,38076,"array([3.13668113, 3.03729072])"
1647,7227,39132,"array([3.13825635, 3.02125189])"
1648,7227,40898,"array([3.09191588, 3.013498  ])"
1649,7227,43078,"array([3.13209347, 3.02958383])"
1650,7227,44087,"array([3.14021859, 3.03070404])"
1651,7227,49260,"array([3.14046328, 3.03783411])"
1652,7227,2768940,"array([3.1404153 , 3.03640149])"
1653,7227,31075,"array([3.18625215, 3.03580771])"
1654,7227,31078,"array([3.07250917, 3.00977035])"
1655,7227,34681,"array([3.06340528, 3.03531432])"
1656,7227,37261,"array([3.10792458, 3.03692178])"
1657,7227,37264,"array([3.07645361, 2.99652396])"
1658,7227,5740505,"array([3.09802948, 2.98482754])"
1659,7227,31079,"array([3.20019153, 3.01438199])"
1660,7227,37866,"array([3.19721898, 2.98851805])"
1661,7227,42526,"array([3.21835515, 3.00582331])"
1662,7227,31080,"array([3.18684955, 3.07452593])"
1663,7227,40207,"array([3.20337391, 3.09011148])"
1664,7227,43688,"array([3.17211314, 3.03750035])"
1665,7227,31081,"array([3.18486093, 3.06382091])"
1666,7227,37254,"array([3.16428855, 3.02715522])"
1667,7227,39241,"array([3.16261417, 3.0444816 ])"
1668,7227,31082,"array([3.13069137, 2.96151436])"
1669,7227,37392,"array([3.14288913, 3.00044732])"
1670,7227,31083,"array([3.17837345, 3.03730059])"
1671,7227,31221,"array([3.14782423, 3.03434857])"
1672,7227,35917,"array([3.16209015, 3.03789279])"
1673,7227,42862,"array([3.15687425, 3.03589147])"
1674,7227,31084,"array([3.1640162 , 3.01354358])"
1675,7227,31118,"array([3.14541144, 3.04848908])"
1676,7227,32071,"array([3.1856341 , 3.02149661])"
1677,7227,32611,"array([3.15820455, 3.01397451])"
1678,7227,32835,"array([3.14041437, 3.01315465])"
1679,7227,33148,"array([3.12537389, 3.01582285])"
1680,7227,35904,"array([3.139132 , 3.0011541])"
1681,7227,35997,"array([3.2096676 , 3.03238411])"
1682,7227,37472,"array([3.14377621, 3.00441569])"
1683,7227,37618,"array([3.14871277, 3.01454692])"
1684,7227,37973,"array([3.16047972, 3.00509147])"
1685,7227,38144,"array([3.12714825, 3.01221901])"
1686,7227,38444,"array([3.128094 , 3.0197501])"
1687,7227,41138,"array([3.15040361, 3.01873828])"
1688,7227,41436,"array([3.2172917 , 3.01318075])"
1689,7227,41643,"array([3.14218745, 2.99584247])"
1690,7227,41971,"array([3.13113804, 3.02739085])"
1691,7227,42695,"array([3.15785459, 3.03660014])"
1692,7227,43079,"array([3.18343721, 3.0237669 ])"
1693,7227,43099,"array([3.15103777, 3.01992894])"
1694,7227,43345,"array([3.19578895, 3.0450122 ])"
1695,7227,31086,"array([3.14347021, 3.0166555 ])"
1696,7227,31310,"array([3.16115832, 3.02807275])"
1697,7227,31398,"array([3.10902162, 3.04043048])"
1698,7227,31405,"array([3.14583287, 3.02668827])"
1699,7227,32362,"array([3.14417769, 3.00334877])"
1700,7227,32393,"array([3.16671803, 2.96136546])"
1701,7227,32604,"array([3.17806795, 3.01807979])"
1702,7227,32727,"array([3.12952757, 3.02302802])"
1703,7227,33013,"array([3.15737319, 3.00462475])"
1704,7227,34018,"array([3.11200071, 3.0100023 ])"
1705,7227,34179,"array([3.15923345, 3.0209258 ])"
1706,7227,34186,"array([3.13250071, 3.02457846])"
1707,7227,34446,"array([3.13068823, 2.99505162])"
1708,7227,34796,"array([3.15526055, 3.0060225 ])"
1709,7227,35142,"array([3.18246824, 3.01441339])"
1710,7227,35711,"array([3.13119471, 3.02664426])"
1711,7227,35785,"array([3.13758886, 3.02078815])"
1712,7227,35818,"array([3.12963814, 3.01323798])"
1713,7227,35927,"array([3.13774099, 3.02719721])"
1714,7227,36042,"array([3.13775714, 3.01682972])"
1715,7227,36324,"array([3.15360679, 3.00585038])"
1716,7227,36468,"array([3.15221315, 3.01901231])"
1717,7227,36670,"array([3.15465485, 2.97934446])"
1718,7227,36945,"array([3.15359818, 3.02453276])"
1719,7227,36973,"array([3.13840157, 3.02028945])"
1720,7227,38069,"array([3.13554649, 3.02737759])"
1721,7227,38229,"array([3.13931338, 3.02745658])"
1722,7227,38302,"array([3.14052655, 3.05721717])"
1723,7227,38493,"array([3.14356391, 3.03683414])"
1724,7227,38511,"array([3.15139874, 3.00794348])"
1725,7227,38540,"array([3.14106388, 3.01794459])"
1726,7227,38796,"array([3.13031753, 3.02664079])"
1727,7227,39005,"array([3.17242905, 3.01953631])"
1728,7227,39012,"array([3.13169302, 2.96603042])"
1729,7227,39018,"array([3.15446977, 3.02036677])"
1730,7227,39121,"array([3.12728179, 3.02848208])"
1731,7227,39306,"array([3.13871375, 3.03424185])"
1732,7227,39792,"array([3.13434141, 2.99895956])"
1733,7227,40091,"array([3.12916502, 3.02600041])"
1734,7227,40096,"array([3.12717613, 2.9690494 ])"
1735,7227,40581,"array([3.13691735, 3.03826558])"
1736,7227,40987,"array([3.14300629, 3.03588887])"
1737,7227,42057,"array([3.14107954, 3.02755367])"
1738,7227,42882,"array([3.17816777, 2.99649735])"
1739,7227,43353,"array([3.1613987 , 3.03606875])"
1740,7227,43358,"array([3.13632904, 3.03429746])"
1741,7227,44030,"array([3.14557   , 3.03307057])"
1742,7227,48571,"array([3.14765348, 3.01701901])"
1743,7227,50457,"array([3.15402525, 3.00416679])"
1744,7227,59227,"array([3.14654594, 2.97970602])"
1745,7227,249072,"array([3.15737969, 3.03461713])"
1746,7227,260645,"array([3.14701815, 3.00617755])"
1747,7227,318098,"array([3.16661508, 3.01307771])"
1748,7227,19893535,"array([3.13029208, 3.04449308])"
1749,7227,31090,"array([3.15139872, 3.05821308])"
1750,7227,31341,"array([3.15116955, 3.07883841])"
1751,7227,31839,"array([3.15039557, 3.05866166])"
1752,7227,32120,"array([3.16252506, 3.04088163])"
1753,7227,32357,"array([3.14122619, 3.11939374])"
1754,7227,32508,"array([3.13295419, 3.0353144 ])"
1755,7227,32788,"array([3.14234018, 3.05908504])"
1756,7227,33290,"array([3.15831301, 3.08297921])"
1757,7227,34114,"array([3.16031258, 3.06711913])"
1758,7227,35550,"array([3.17130445, 3.09867758])"
1759,7227,36626,"array([3.14438813, 3.0225631 ])"
1760,7227,41038,"array([3.18584414, 3.01256582])"
1761,7227,41185,"array([3.14473409, 3.02024575])"
1762,7227,41457,"array([3.12163928, 3.04929052])"
1763,7227,42668,"array([3.13772361, 3.00386939])"
1764,7227,37290,"array([3.14171213, 3.03712279])"
1765,7227,43385,"array([3.15948164, 3.03655267])"
1766,7227,318824,"array([3.18521041, 3.05080945])"
1767,7227,3772396,"array([3.17505594, 3.03955783])"
1768,7227,31647,"array([3.14196042, 3.01177913])"
1769,7227,32460,"array([3.14610264, 3.03754893])"
1770,7227,33025,"array([3.13331318, 3.0327585 ])"
1771,7227,33516,"array([3.15038977, 3.03418969])"
1772,7227,34079,"array([3.13257012, 3.02776913])"
1773,7227,34323,"array([3.14093335, 3.04746499])"
1774,7227,34593,"array([3.13500873, 3.02288401])"
1775,7227,34954,"array([3.13938897, 3.02502326])"
1776,7227,35878,"array([3.15170239, 3.03616152])"
1777,7227,36146,"array([3.14418866, 3.02844829])"
1778,7227,36176,"array([3.15276555, 3.03302377])"
1779,7227,36309,"array([3.1479908 , 3.03925728])"
1780,7227,36637,"array([3.13734491, 3.02189268])"
1781,7227,36686,"array([3.12127943, 3.01937572])"
1782,7227,36775,"array([3.15866513, 3.03826686])"
1783,7227,37232,"array([3.1495215 , 3.03377134])"
1784,7227,37360,"array([3.13698248, 3.03283612])"
1785,7227,37515,"array([3.13127334, 3.0360318 ])"
1786,7227,37947,"array([3.15384571, 3.038477  ])"
1787,7227,38103,"array([3.16107329, 3.04098692])"
1788,7227,38669,"array([3.13553122, 3.02216621])"
1789,7227,38808,"array([3.14067564, 3.03727872])"
1790,7227,38913,"array([3.15388821, 3.04308862])"
1791,7227,39889,"array([3.14919977, 3.02691113])"
1792,7227,39903,"array([3.14394677, 3.02258867])"
1793,7227,40249,"array([3.14704358, 3.0271678 ])"
1794,7227,40257,"array([3.12539943, 3.02272152])"
1795,7227,40507,"array([3.12232731, 3.02441504])"
1796,7227,41021,"array([3.12665907, 3.03165838])"
1797,7227,41060,"array([3.12938549, 3.02832173])"
1798,7227,41300,"array([3.11479456, 3.04306899])"
1799,7227,41570,"array([3.12987793, 3.03432834])"
1800,7227,41596,"array([3.12795449, 3.03466391])"
1801,7227,42689,"array([3.14250364, 3.0373283 ])"
1802,7227,44887,"array([3.11777959, 3.02717403])"
1803,7227,45875,"array([3.12949162, 3.022197  ])"
1804,7227,47942,"array([3.14550868, 3.03000283])"
1805,7227,31097,"array([3.1735234 , 3.03156451])"
1806,7227,35082,"array([3.13090134, 3.00508852])"
1807,7227,38655,"array([3.15065678, 2.99575807])"
1808,7227,39425,"array([3.14636589, 3.02871336])"
1809,7227,41875,"array([3.16758859, 3.02395754])"
1810,7227,31098,"array([3.13060702, 3.07671763])"
1811,7227,39824,"array([3.12177218, 3.06205347])"
1812,7227,41181,"array([3.14159642, 3.04100328])"
1813,7227,46415,"array([3.14171161, 3.04327222])"
1814,7227,31101,"array([3.19740149, 3.00537191])"
1815,7227,36802,"array([3.1548231 , 2.98995716])"
1816,7227,31102,"array([3.19256693, 3.07053205])"
1817,7227,34987,"array([3.17078952, 3.03694548])"
1818,7227,31103,"array([3.11694077, 3.10652832])"
1819,7227,32002,"array([3.09951018, 3.14348759])"
1820,7227,39076,"array([3.1281158 , 3.05279114])"
1821,7227,42499,"array([3.15058921, 3.06509344])"
1822,7227,31104,"array([3.15604138, 2.96263648])"
1823,7227,34784,"array([3.14088347, 2.99861198])"
1824,7227,31105,"array([3.13072348, 3.00302754])"
1825,7227,34264,"array([3.15098296, 3.04747392])"
1826,7227,34453,"array([3.15227968, 3.00205463])"
1827,7227,34706,"array([3.11987527, 3.01236549])"
1828,7227,47208,"array([3.1493469 , 3.01397037])"
1829,7227,31106,"array([3.1606108 , 3.02858819])"
1830,7227,33487,"array([3.13808298, 3.03192014])"
1831,7227,35227,"array([3.15609889, 3.00568298])"
1832,7227,36952,"array([3.14911927, 3.04276378])"
1833,7227,37663,"array([3.14714342, 3.02886167])"
1834,7227,39158,"array([3.14898879, 3.03673989])"
1835,7227,40331,"array([3.14405517, 3.05145623])"
1836,7227,40660,"array([3.15186212, 3.03978632])"
1837,7227,40990,"array([3.17117066, 3.01443855])"
1838,7227,42446,"array([3.15811128, 3.0406265 ])"
1839,7227,43991,"array([3.14840684, 3.03870121])"
1840,7227,252554,"array([3.15581927, 3.01670184])"
1841,7227,2768687,"array([3.16165987, 2.99840309])"
1842,7227,31109,"array([3.22907724, 3.02021886])"
1843,7227,37292,"array([3.16518096, 3.0293326 ])"
1844,7227,31110,"array([3.1797415 , 3.02397664])"
1845,7227,32028,"array([3.16037819, 3.02492945])"
1846,7227,32850,"array([3.17828796, 3.01954006])"
1847,7227,37344,"array([3.13287213, 3.01237767])"
1848,7227,37841,"array([3.16422066, 3.03353115])"
1849,7227,38816,"array([3.2199716, 3.0392678])"
1850,7227,40177,"array([3.14902161, 3.01639746])"
1851,7227,42544,"array([3.155304  , 3.01170342])"
1852,7227,31111,"array([3.18212125, 3.06301129])"
1853,7227,32437,"array([3.17005637, 3.04187826])"
1854,7227,32581,"array([3.16844026, 3.04755667])"
1855,7227,32947,"array([3.13331584, 3.07300491])"
1856,7227,33418,"array([3.14101017, 3.04442311])"
1857,7227,33529,"array([3.15413935, 3.01719027])"
1858,7227,33857,"array([3.15501871, 3.04183031])"
1859,7227,34110,"array([3.136638  , 3.01433013])"
1860,7227,35577,"array([3.13859278, 3.04453848])"
1861,7227,38735,"array([3.15806327, 3.08607151])"
1862,7227,40919,"array([3.13828495, 3.00640085])"
1863,7227,41992,"array([3.1600352 , 3.08974947])"
1864,7227,31119,"array([3.08881134, 3.03166132])"
1865,7227,33466,"array([3.11564084, 3.02643328])"
1866,7227,40976,"array([3.12090477, 3.02670022])"
1867,7227,31120,"array([3.08245878, 2.97756928])"
1868,7227,31121,"array([3.15664699, 3.01331353])"
1869,7227,32323,"array([3.14931308, 3.02106439])"
1870,7227,33774,"array([3.15258671, 2.99866577])"
1871,7227,34655,"array([3.14044778, 3.00649968])"
1872,7227,34752,"array([3.18100368, 3.00289307])"
1873,7227,35953,"array([3.16336308, 3.03139446])"
1874,7227,38033,"array([3.15353883, 3.02809966])"
1875,7227,41718,"array([3.15531689, 3.05020599])"
1876,7227,43569,"array([3.1386207, 3.0095174])"
1877,7227,43828,"array([3.15141941, 3.0401809 ])"
1878,7227,53550,"array([3.11298704, 3.00864719])"
1879,7227,31126,"array([3.09644733, 3.00146773])"
1880,7227,31535,"array([3.13648557, 3.0204153 ])"
1881,7227,35044,"array([3.1492815 , 3.02619643])"
1882,7227,31127,"array([3.13526451, 3.02097401])"
1883,7227,31648,"array([3.18048635, 2.99873907])"
1884,7227,32274,"array([3.13436638, 3.03189142])"
1885,7227,33343,"array([3.1693471 , 3.01325209])"
1886,7227,34090,"array([3.12399097, 3.03803983])"
1887,7227,41724,"array([3.0871562 , 3.04564994])"
1888,7227,42470,"array([3.1581986 , 3.02609328])"
1889,7227,42705,"array([3.14974348, 3.00288018])"
1890,7227,43703,"array([3.12224912, 3.07629069])"
1891,7227,43751,"array([3.1669111 , 3.04296903])"
1892,7227,3772329,"array([3.16535128, 3.0202153 ])"
1893,7227,31128,"array([3.12398353, 3.04603905])"
1894,7227,32262,"array([3.12737637, 3.05309055])"
1895,7227,32615,"array([3.13168543, 3.04725829])"
1896,7227,33725,"array([3.11652763, 3.04183545])"
1897,7227,34137,"array([3.13150416, 3.05240751])"
1898,7227,34359,"array([3.13094003, 3.03946201])"
1899,7227,34427,"array([3.13604101, 3.04353447])"
1900,7227,34999,"array([3.13272733, 3.03622634])"
1901,7227,35512,"array([3.13420716, 3.03600903])"
1902,7227,35559,"array([3.13540061, 3.03671026])"
1903,7227,35706,"array([3.12271148, 3.04778749])"
1904,7227,35708,"array([3.13273699, 3.04317819])"
1905,7227,36018,"array([3.13259166, 3.03876879])"
1906,7227,36046,"array([3.15004273, 3.04313806])"
1907,7227,36358,"array([3.11729215, 3.05706552])"
1908,7227,36793,"array([3.14237249, 3.04089975])"
1909,7227,36951,"array([3.13199649, 3.03655607])"
1910,7227,38096,"array([3.12842999, 3.04703656])"
1911,7227,39628,"array([3.12750217, 3.03790777])"
1912,7227,39855,"array([3.13645959, 3.03975953])"
1913,7227,41161,"array([3.13753315, 3.03337098])"
1914,7227,41531,"array([3.1347932 , 3.03469913])"
1915,7227,42211,"array([3.12930383, 3.05099118])"
1916,7227,42307,"array([3.11448671, 3.04222478])"
1917,7227,42899,"array([3.15023566, 3.0718742 ])"
1918,7227,45840,"array([3.15217199, 2.98058977])"
1919,7227,46058,"array([3.12890603, 3.03982305])"
1920,7227,31129,"array([3.08637907, 3.04401925])"
1921,7227,43722,"array([3.13260422, 3.01686627])"
1922,7227,44307,"array([3.14442849, 3.04978386])"
1923,7227,31130,"array([3.13916714, 3.05873453])"
1924,7227,31131,"array([3.17321749, 3.06961175])"
1925,7227,32087,"array([3.15106191, 3.05066461])"
1926,7227,35494,"array([3.18251681, 3.04820678])"
1927,7227,39446,"array([3.1634904 , 3.05016554])"
1928,7227,39879,"array([3.19041448, 3.02540934])"
1929,7227,41650,"array([3.16508702, 3.05328337])"
1930,7227,31132,"array([3.21458313, 3.01000385])"
1931,7227,37464,"array([3.17075184, 3.00109996])"
1932,7227,31137,"array([3.12340401, 2.98089406])"
1933,7227,34787,"array([3.15235499, 2.98620438])"
1934,7227,38454,"array([3.11978737, 2.97553791])"
1935,7227,50374,"array([3.15524616, 2.99399996])"
1936,7227,31139,"array([3.14161527, 3.08455102])"
1937,7227,32595,"array([3.12989376, 3.0421287 ])"
1938,7227,31140,"array([3.15282566, 3.01239081])"
1939,7227,31845,"array([3.15163973, 3.0216153 ])"
1940,7227,32079,"array([3.15572314, 3.01773634])"
1941,7227,33693,"array([3.14571136, 3.03218986])"
1942,7227,33694,"array([3.14460017, 3.02099062])"
1943,7227,35610,"array([3.16053461, 3.01058036])"
1944,7227,35704,"array([3.15207925, 3.02629208])"
1945,7227,37305,"array([3.15256323, 3.02419034])"
1946,7227,37535,"array([3.16485794, 3.0171101 ])"
1947,7227,37639,"array([3.15887094, 3.01517375])"
1948,7227,38073,"array([3.16028569, 3.01852527])"
1949,7227,38078,"array([3.14778677, 3.02159563])"
1950,7227,38575,"array([3.15103066, 3.02509691])"
1951,7227,38799,"array([3.15329999, 3.0200817 ])"
1952,7227,38937,"array([3.14914023, 3.02317047])"
1953,7227,39157,"array([3.15659868, 3.01653289])"
1954,7227,39552,"array([3.15451499, 3.01405938])"
1955,7227,39777,"array([3.15901093, 3.00850782])"
1956,7227,39960,"array([3.14638974, 3.01422752])"
1957,7227,40577,"array([3.16850136, 3.01371316])"
1958,7227,40696,"array([3.148186  , 3.01869376])"
1959,7227,40733,"array([3.15686375, 3.01549562])"
1960,7227,41288,"array([3.15179726, 3.0177713 ])"
1961,7227,41904,"array([3.14606301, 3.01503652])"
1962,7227,41942,"array([3.14782683, 3.0254995 ])"
1963,7227,42005,"array([3.14488166, 3.0294598 ])"
1964,7227,43906,"array([3.16179971, 3.03384847])"
1965,7227,44543,"array([3.15477588, 3.01682761])"
1966,7227,45881,"array([3.15085285, 3.00961733])"
1967,7227,48986,"array([3.14880208, 3.03306483])"
1968,7227,53566,"array([3.16717864, 3.007098  ])"
1969,7227,31141,"array([3.15664352, 3.00360115])"
1970,7227,31804,"array([3.1434689 , 2.95707578])"
1971,7227,31848,"array([3.17627967, 3.01842679])"
1972,7227,32001,"array([3.16739531, 3.02940805])"
1973,7227,32294,"array([3.13800068, 2.99186598])"
1974,7227,32335,"array([3.13864487, 2.95876442])"
1975,7227,32748,"array([3.2015069 , 3.02639986])"
1976,7227,33016,"array([3.14269605, 3.05618891])"
1977,7227,33514,"array([3.15626161, 3.00765289])"
1978,7227,33898,"array([3.18490587, 3.00325551])"
1979,7227,34060,"array([3.1492074 , 2.99563141])"
1980,7227,35759,"array([3.14570845, 3.03090366])"
1981,7227,36142,"array([3.15433978, 3.04967618])"
1982,7227,36360,"array([3.1481407 , 3.01487802])"
1983,7227,36518,"array([3.18896138, 3.01838739])"
1984,7227,36778,"array([3.17390729, 2.94538771])"
1985,7227,38100,"array([3.09811074, 3.0069024 ])"
1986,7227,38274,"array([3.15365706, 2.9572348 ])"
1987,7227,40294,"array([3.15727206, 3.02062168])"
1988,7227,41124,"array([3.14755608, 3.03881705])"
1989,7227,41178,"array([3.16084989, 2.94283715])"
1990,7227,41350,"array([3.14089429, 3.01478617])"
1991,7227,42638,"array([3.1538565 , 3.00500718])"
1992,7227,42867,"array([3.14231122, 3.03789122])"
1993,7227,43300,"array([3.19291829, 3.00568175])"
1994,7227,43332,"array([3.13823231, 3.01487011])"
1995,7227,43700,"array([3.14805859, 3.00168114])"
1996,7227,48317,"array([3.15799794, 3.02006873])"
1997,7227,3771779,"array([3.11946682, 2.99219697])"
1998,7227,31142,"array([3.17531111, 2.97425627])"
1999,7227,32516,"array([3.16715018, 3.00990085])"
2000,7227,32701,"array([3.19569794, 2.95702259])"
2001,7227,33358,"array([3.20515749, 2.93440439])"
2002,7227,33835,"array([3.15817969, 3.02850709])"
2003,7227,34196,"array([3.12487094, 2.98135886])"
2004,7227,36530,"array([3.15113122, 3.01921247])"
2005,7227,43488,"array([3.20109556, 2.93211489])"
2006,7227,31143,"array([3.13864324, 3.02805364])"
2007,7227,31266,"array([3.13921948, 3.01874232])"
2008,7227,31402,"array([3.12459212, 3.03485775])"
2009,7227,31607,"array([3.17257644, 3.03014817])"
2010,7227,31617,"array([3.14155642, 3.04662031])"
2011,7227,31620,"array([3.14134112, 3.00228519])"
2012,7227,31833,"array([3.14348129, 3.05617184])"
2013,7227,32089,"array([3.14091592, 3.03937557])"
2014,7227,32267,"array([3.11834354, 3.04075802])"
2015,7227,32279,"array([3.12007921, 3.03780657])"
2016,7227,32473,"array([3.15383551, 3.04215064])"
2017,7227,32515,"array([3.13462949, 3.04640032])"
2018,7227,32557,"array([3.15683424, 3.02996509])"
2019,7227,32582,"array([3.1609162 , 3.04553302])"
2020,7227,32602,"array([3.15162118, 3.03890264])"
2021,7227,32603,"array([3.15289529, 3.03987049])"
2022,7227,32710,"array([3.11002535, 3.04579909])"
2023,7227,32740,"array([3.13527726, 3.00784176])"
2024,7227,32976,"array([3.13131884, 3.04345982])"
2025,7227,33039,"array([3.1508921 , 3.03293673])"
2026,7227,33107,"array([3.15277639, 3.0312361 ])"
2027,7227,33220,"array([3.14065996, 3.02404244])"
2028,7227,33299,"array([3.13790536, 3.02423245])"
2029,7227,33365,"array([3.13770111, 2.99078356])"
2030,7227,33401,"array([3.1294514 , 3.03384433])"
2031,7227,33692,"array([3.12370934, 3.01129406])"
2032,7227,33853,"array([3.11882987, 3.06207226])"
2033,7227,33861,"array([3.14972745, 3.0284065 ])"
2034,7227,33916,"array([3.14615519, 3.01960144])"
2035,7227,34061,"array([3.14133154, 3.02155852])"
2036,7227,34067,"array([3.15332999, 3.00335817])"
2037,7227,34171,"array([3.15073326, 3.03628935])"
2038,7227,34460,"array([3.12834449, 3.00807066])"
2039,7227,34495,"array([3.14419785, 3.04754285])"
2040,7227,34531,"array([3.14022681, 3.00368312])"
2041,7227,34552,"array([3.10386656, 3.02312406])"
2042,7227,34684,"array([3.14888436, 3.03388985])"
2043,7227,34822,"array([3.11086695, 3.04888296])"
2044,7227,34874,"array([3.1286693 , 3.01663851])"
2045,7227,35033,"array([3.16000177, 3.00885941])"
2046,7227,35147,"array([3.15452401, 3.00699538])"
2047,7227,35261,"array([3.1319603 , 3.02126625])"
2048,7227,35492,"array([3.13318762, 3.02850578])"
2049,7227,35649,"array([3.13497556, 3.03257593])"
2050,7227,35702,"array([3.13579803, 3.04873399])"
2051,7227,35717,"array([3.14214008, 3.02399643])"
2052,7227,35842,"array([3.1297262 , 3.03956448])"
2053,7227,35949,"array([3.12566194, 3.02584299])"
2054,7227,36044,"array([3.14314224, 3.03038967])"
2055,7227,36138,"array([3.11701365, 3.0281288 ])"
2056,7227,36352,"array([3.13637216, 2.99871607])"
2057,7227,36436,"array([3.11985807, 3.03250198])"
2058,7227,36699,"array([3.14494293, 3.03186332])"
2059,7227,36848,"array([3.16313719, 3.04028627])"
2060,7227,36856,"array([3.11475203, 3.03454376])"
2061,7227,36903,"array([3.13140104, 3.01642915])"
2062,7227,36936,"array([3.10137993, 3.02766256])"
2063,7227,37111,"array([3.13019701, 3.04141269])"
2064,7227,37288,"array([3.13189571, 3.0269933 ])"
2065,7227,37306,"array([3.13433707, 3.01484827])"
2066,7227,37420,"array([3.12774439, 3.03868559])"
2067,7227,37447,"array([3.14837916, 3.03983428])"
2068,7227,37451,"array([3.12687681, 3.03249792])"
2069,7227,37592,"array([3.12969913, 3.03225967])"
2070,7227,37837,"array([3.14618121, 3.02540641])"
2071,7227,37902,"array([3.1554452 , 3.02965986])"
2072,7227,37932,"array([3.14844825, 3.02086767])"
2073,7227,37941,"array([3.09441231, 3.02780802])"
2074,7227,37943,"array([3.15040611, 3.03046672])"
2075,7227,37959,"array([3.14233893, 2.97135336])"
2076,7227,38198,"array([3.14774469, 3.00877161])"
2077,7227,38287,"array([3.12647969, 3.02794138])"
2078,7227,38301,"array([3.13382504, 3.0374715 ])"
2079,7227,38489,"array([3.16303851, 3.04877662])"
2080,7227,38588,"array([3.13392516, 3.03972562])"
2081,7227,38743,"array([3.14383676, 3.026508  ])"
2082,7227,38909,"array([3.12596422, 3.02211009])"
2083,7227,38934,"array([3.14439678, 3.03736865])"
2084,7227,38989,"array([3.14674277, 3.02600372])"
2085,7227,39102,"array([3.13305096, 3.04469515])"
2086,7227,39143,"array([3.1378767 , 3.02942357])"
2087,7227,39216,"array([3.11775029, 3.04988369])"
2088,7227,39332,"array([3.16776221, 3.04327895])"
2089,7227,39375,"array([3.15891624, 3.01979457])"
2090,7227,39454,"array([3.14855752, 3.03447334])"
2091,7227,39740,"array([3.122469  , 3.03695413])"
2092,7227,39746,"array([3.18048595, 3.03486041])"
2093,7227,39808,"array([3.14165889, 3.0197513 ])"
2094,7227,39854,"array([3.12327584, 3.01980408])"
2095,7227,39860,"array([3.13247776, 3.02008128])"
2096,7227,40114,"array([3.14327896, 3.03517613])"
2097,7227,40187,"array([3.12479781, 3.02392539])"
2098,7227,40221,"array([3.1400353 , 3.03687045])"
2099,7227,40281,"array([3.12906412, 3.03864049])"
2100,7227,40359,"array([3.17086723, 3.01922763])"
2101,7227,40436,"array([3.14866959, 3.02553916])"
2102,7227,40622,"array([3.13457201, 3.01992212])"
2103,7227,40659,"array([3.14244098, 3.03540276])"
2104,7227,40839,"array([3.14532758, 3.070774  ])"
2105,7227,40915,"array([3.12293908, 3.05281256])"
2106,7227,40974,"array([3.125074  , 3.03588821])"
2107,7227,41140,"array([3.14732743, 3.03117856])"
2108,7227,41334,"array([3.15865052, 3.01865454])"
2109,7227,41673,"array([3.14738762, 3.03549693])"
2110,7227,41832,"array([3.13189751, 3.00374657])"
2111,7227,41957,"array([3.14469508, 3.0271026 ])"
2112,7227,42126,"array([3.14613832, 3.00961904])"
2113,7227,42160,"array([3.14554936, 3.03987203])"
2114,7227,42182,"array([3.14676504, 3.03728562])"
2115,7227,42187,"array([3.15157037, 3.02737598])"
2116,7227,42284,"array([3.11098764, 3.02091427])"
2117,7227,42364,"array([3.11202171, 3.03089103])"
2118,7227,42391,"array([3.14848107, 3.02008849])"
2119,7227,42414,"array([3.13781906, 3.00034301])"
2120,7227,42468,"array([3.13610034, 3.05074439])"
2121,7227,42491,"array([3.14598668, 3.05517435])"
2122,7227,42502,"array([3.13767411, 3.02866766])"
2123,7227,42537,"array([3.14567109, 3.01722138])"
2124,7227,42891,"array([3.12255882, 3.03254984])"
2125,7227,42996,"array([3.13354715, 3.05093723])"
2126,7227,43243,"array([3.14629113, 3.03670445])"
2127,7227,43251,"array([3.12492109, 3.05001851])"
2128,7227,43261,"array([3.12186653, 3.05607528])"
2129,7227,43437,"array([3.13709932, 3.03693908])"
2130,7227,43457,"array([3.1160492 , 3.03478931])"
2131,7227,43495,"array([3.16309707, 2.99199268])"
2132,7227,43616,"array([3.13566072, 3.05610882])"
2133,7227,43669,"array([3.14373171, 3.0435412 ])"
2134,7227,43833,"array([3.16851431, 3.01288496])"
2135,7227,43856,"array([3.15007815, 3.01170614])"
2136,7227,44079,"array([3.11885741, 3.04478448])"
2137,7227,44703,"array([3.14247621, 3.01939641])"
2138,7227,44849,"array([3.14466351, 3.01411236])"
2139,7227,45374,"array([3.15039742, 3.07594652])"
2140,7227,45827,"array([3.16431774, 3.02260461])"
2141,7227,47283,"array([3.12756589, 3.04700403])"
2142,7227,49847,"array([3.14247512, 3.04208304])"
2143,7227,50403,"array([3.13167744, 3.02887888])"
2144,7227,50470,"array([3.11363049, 3.04504775])"
2145,7227,53580,"array([3.14109945, 3.02475421])"
2146,7227,64880,"array([3.15612379, 3.04078986])"
2147,7227,192611,"array([3.13126759, 3.02932732])"
2148,7227,246646,"array([3.12411891, 3.04214829])"
2149,7227,317900,"array([3.09638956, 3.02735544])"
2150,7227,326112,"array([3.1301905 , 3.04047609])"
2151,7227,326116,"array([3.13414906, 3.00958356])"
2152,7227,326171,"array([3.132902  , 3.02713088])"
2153,7227,2768999,"array([3.12486696, 3.01467546])"
2154,7227,3346239,"array([3.13785911, 3.03785809])"
2155,7227,3772101,"array([3.13507565, 3.04426332])"
2156,7227,3772576,"array([3.13632576, 3.03311476])"
2157,7227,31144,"array([3.13922275, 3.07989453])"
2158,7227,33295,"array([3.1329824, 3.0472402])"
2159,7227,37536,"array([3.15401327, 3.06205185])"
2160,7227,44360,"array([3.14089196, 3.04317174])"
2161,7227,31145,"array([3.23621052, 2.99202047])"
2162,7227,31384,"array([3.17966377, 3.01521286])"
2163,7227,31146,"array([3.17233437, 2.98072538])"
2164,7227,35256,"array([3.15387959, 3.02324475])"
2165,7227,41770,"array([3.16298081, 3.01616148])"
2166,7227,41860,"array([3.15490149, 3.03457904])"
2167,7227,31147,"array([3.15184038, 3.0253242 ])"
2168,7227,31426,"array([3.18517049, 3.01116393])"
2169,7227,33675,"array([3.14744328, 3.01278486])"
2170,7227,35963,"array([3.14568745, 3.03639993])"
2171,7227,37256,"array([3.15381013, 3.02205186])"
2172,7227,40961,"array([3.13785977, 3.04592527])"
2173,7227,41936,"array([3.16920894, 3.0033204 ])"
2174,7227,41940,"array([3.13604107, 3.02295737])"
2175,7227,44097,"array([3.14272908, 3.01140114])"
2176,7227,44702,"array([3.14990199, 3.03200039])"
2177,7227,45959,"array([3.14202327, 3.03276083])"
2178,7227,2769001,"array([3.15909994, 3.03161299])"
2179,7227,31148,"array([3.16134308, 2.97769112])"
2180,7227,33373,"array([3.16633913, 3.03868844])"
2181,7227,34187,"array([3.16109337, 3.00894989])"
2182,7227,34630,"array([3.1352973 , 2.98245546])"
2183,7227,31149,"array([3.1763966, 3.0126926])"
2184,7227,31165,"array([3.1762018 , 3.01065274])"
2185,7227,32980,"array([3.1517143 , 3.02979973])"
2186,7227,34192,"array([3.16452226, 3.04757345])"
2187,7227,34377,"array([3.16496787, 3.01901932])"
2188,7227,37851,"array([3.15646205, 3.03834593])"
2189,7227,44205,"array([3.17678889, 3.03839339])"
2190,7227,31150,"array([3.1035625 , 3.02566675])"
2191,7227,38478,"array([3.14840055, 3.02682779])"
2192,7227,38685,"array([3.12301897, 3.04094904])"
2193,7227,47757,"array([3.12759429, 3.03384472])"
2194,7227,31210,"array([3.14459612, 3.04400907])"
2195,7227,31247,"array([3.18365458, 3.06118834])"
2196,7227,31287,"array([3.18015317, 3.08111455])"
2197,7227,31425,"array([3.14500033, 2.99235019])"
2198,7227,31609,"array([3.17524074, 3.00416117])"
2199,7227,31662,"array([3.15934353, 3.06302434])"
2200,7227,31691,"array([3.16493109, 3.06363997])"
2201,7227,31692,"array([3.18866658, 3.05324942])"
2202,7227,31914,"array([3.14323765, 3.04302411])"
2203,7227,32124,"array([3.15521177, 3.05699072])"
2204,7227,32179,"array([3.17004332, 3.03442769])"
2205,7227,32221,"array([3.15933235, 3.04075192])"
2206,7227,32318,"array([3.17221014, 3.00379871])"
2207,7227,32387,"array([3.14249279, 3.01246935])"
2208,7227,32530,"array([3.14232197, 3.04621413])"
2209,7227,32540,"array([3.14200789, 3.03670863])"
2210,7227,32703,"array([3.16996782, 3.04557287])"
2211,7227,32715,"array([3.19485349, 3.04394904])"
2212,7227,32721,"array([3.13613805, 3.04633926])"
2213,7227,32914,"array([3.17247017, 3.07756079])"
2214,7227,33232,"array([3.12461411, 3.02312657])"
2215,7227,33268,"array([3.15754853, 3.02139725])"
2216,7227,33527,"array([3.09770299, 3.04970618])"
2217,7227,33578,"array([3.14612541, 3.04889852])"
2218,7227,33638,"array([3.15203729, 3.03474282])"
2219,7227,33804,"array([3.18794549, 2.98876034])"
2220,7227,33910,"array([3.17078281, 3.01318912])"
2221,7227,33987,"array([3.14792143, 3.06369476])"
2222,7227,34041,"array([3.15978614, 3.07281697])"
2223,7227,34044,"array([3.18697074, 3.03042934])"
2224,7227,34068,"array([3.14015389, 3.03445062])"
2225,7227,34193,"array([3.14151432, 3.04242553])"
2226,7227,34220,"array([3.18430029, 3.01524867])"
2227,7227,34324,"array([3.15669361, 3.04262203])"
2228,7227,34328,"array([3.16741558, 3.02805878])"
2229,7227,34420,"array([3.1540657 , 3.03082721])"
2230,7227,34445,"array([3.17660776, 3.0470308 ])"
2231,7227,34833,"array([3.19543964, 3.05759882])"
2232,7227,35070,"array([3.17721038, 3.05559238])"
2233,7227,35096,"array([3.16799396, 3.06134916])"
2234,7227,35099,"array([3.15209032, 3.0628999 ])"
2235,7227,35137,"array([3.16545447, 3.06707136])"
2236,7227,35430,"array([3.14019256, 3.01397575])"
2237,7227,35442,"array([3.17797154, 3.03265709])"
2238,7227,35681,"array([3.14676415, 3.05967921])"
2239,7227,35849,"array([3.1396398 , 3.08254537])"
2240,7227,36158,"array([3.14750649, 3.02248117])"
2241,7227,36171,"array([3.17677623, 3.04859062])"
2242,7227,36293,"array([3.13285264, 3.04557419])"
2243,7227,36542,"array([3.15975994, 3.04148118])"
2244,7227,36829,"array([3.13474039, 2.99267727])"
2245,7227,36915,"array([3.16616194, 3.05190154])"
2246,7227,37202,"array([3.18589956, 3.05721211])"
2247,7227,37221,"array([3.14105351, 3.04927144])"
2248,7227,37378,"array([3.13329441, 3.0398175 ])"
2249,7227,37386,"array([3.18201556, 3.05073457])"
2250,7227,37482,"array([3.14485941, 3.05434054])"
2251,7227,37566,"array([3.2131669 , 3.05595267])"
2252,7227,37692,"array([3.17989904, 3.08697784])"
2253,7227,37731,"array([3.151833  , 3.03170457])"
2254,7227,37874,"array([3.18572052, 3.04123653])"
2255,7227,37894,"array([3.14486338, 3.04869164])"
2256,7227,37962,"array([3.17526976, 3.01296421])"
2257,7227,38029,"array([3.20196999, 3.05653056])"
2258,7227,38059,"array([3.17136413, 3.05839744])"
2259,7227,38070,"array([3.1665782 , 3.02266844])"
2260,7227,38077,"array([3.15078763, 3.07006008])"
2261,7227,38178,"array([3.19408099, 3.03527696])"
2262,7227,38594,"array([3.14658246, 3.02658693])"
2263,7227,38611,"array([3.18254909, 3.04956047])"
2264,7227,38972,"array([3.13381507, 3.04436665])"
2265,7227,39118,"array([3.16139342, 3.0489706 ])"
2266,7227,39131,"array([3.13678013, 2.99768326])"
2267,7227,39344,"array([3.1792355 , 3.05787485])"
2268,7227,39400,"array([3.16698234, 3.02019994])"
2269,7227,39413,"array([3.18426991, 3.04404921])"
2270,7227,39443,"array([3.1883209 , 3.04784186])"
2271,7227,39483,"array([3.16582736, 3.03467069])"
2272,7227,39524,"array([3.18681781, 3.04599162])"
2273,7227,39583,"array([3.17012932, 3.06190267])"
2274,7227,39727,"array([3.19959981, 3.05545229])"
2275,7227,39934,"array([3.17405316, 3.06620726])"
2276,7227,39980,"array([3.17509154, 3.10193177])"
2277,7227,40124,"array([3.17733633, 3.06747774])"
2278,7227,40185,"array([3.15634125, 3.06138609])"
2279,7227,40375,"array([3.18246061, 3.01106502])"
2280,7227,40453,"array([3.16652117, 3.03417291])"
2281,7227,40513,"array([3.15721679, 3.04048267])"
2282,7227,40524,"array([3.14321981, 3.06680825])"
2283,7227,40643,"array([3.15257565, 3.01553164])"
2284,7227,40713,"array([3.1238209 , 3.03938874])"
2285,7227,40913,"array([3.17863233, 3.06582639])"
2286,7227,40932,"array([3.18345589, 3.049155  ])"
2287,7227,41086,"array([3.15425557, 3.05217243])"
2288,7227,41159,"array([3.19418511, 3.0364943 ])"
2289,7227,41180,"array([3.17155978, 3.03662337])"
2290,7227,41242,"array([3.16868201, 3.0724101 ])"
2291,7227,41326,"array([3.19657883, 3.07563104])"
2292,7227,41560,"array([3.18646411, 3.06490324])"
2293,7227,41586,"array([3.19976264, 3.08416495])"
2294,7227,41616,"array([3.16151303, 3.0728087 ])"
2295,7227,41709,"array([3.15852264, 3.02332814])"
2296,7227,41729,"array([3.18924366, 3.0062072 ])"
2297,7227,41798,"array([3.1604345 , 3.03875672])"
2298,7227,41815,"array([3.22716906, 3.05452597])"
2299,7227,41833,"array([3.17034858, 3.06721138])"
2300,7227,41973,"array([3.15410283, 3.04463226])"
2301,7227,42366,"array([3.14779589, 3.05633004])"
2302,7227,42439,"array([3.14194303, 3.03925227])"
2303,7227,42457,"array([3.18723425, 3.08100604])"
2304,7227,42632,"array([3.16499366, 3.03409555])"
2305,7227,42733,"array([3.18658524, 3.03455051])"
2306,7227,42758,"array([3.18392113, 3.04795273])"
2307,7227,42804,"array([3.17323634, 3.04798092])"
2308,7227,42863,"array([3.16573148, 3.03723162])"
2309,7227,42889,"array([3.17486555, 3.03810778])"
2310,7227,43071,"array([3.16511387, 3.08148521])"
2311,7227,43374,"array([3.15269793, 3.03901217])"
2312,7227,43382,"array([3.14658416, 3.07464832])"
2313,7227,43433,"array([3.14438276, 3.06585112])"
2314,7227,43565,"array([3.18470597, 3.03819785])"
2315,7227,43654,"array([3.16383402, 3.03578371])"
2316,7227,43719,"array([3.17816758, 3.0438241 ])"
2317,7227,43749,"array([3.16893157, 3.0418163 ])"
2318,7227,43803,"array([3.18332364, 3.0509037 ])"
2319,7227,43804,"array([3.12418459, 3.06287863])"
2320,7227,43901,"array([3.18028871, 3.02651117])"
2321,7227,44010,"array([3.15495203, 3.04897801])"
2322,7227,44505,"array([3.16939673, 3.00744022])"
2323,7227,44642,"array([3.18916687, 3.0162143 ])"
2324,7227,45280,"array([3.18503689, 3.05609144])"
2325,7227,45320,"array([3.16811329, 3.04236258])"
2326,7227,45574,"array([3.17940359, 3.0780505 ])"
2327,7227,45587,"array([3.18081812, 3.06276572])"
2328,7227,45830,"array([3.13418499, 3.01932129])"
2329,7227,49168,"array([3.14037328, 3.04490988])"
2330,7227,53439,"array([3.14832539, 3.03526575])"
2331,7227,53567,"array([3.14924809, 3.03168985])"
2332,7227,117346,"array([3.1756634 , 3.05077306])"
2333,7227,192507,"array([3.17199147, 3.04198204])"
2334,7227,192508,"array([3.16899714, 3.05582406])"
2335,7227,246488,"array([3.20594037, 3.05024205])"
2336,7227,249170,"array([3.13343954, 3.06391387])"
2337,7227,318854,"array([3.17828078, 3.04992003])"
2338,7227,319021,"array([3.14775407, 3.04095628])"
2339,7227,326179,"array([3.21094864, 3.06263536])"
2340,7227,3354977,"array([3.16883133, 3.0019006 ])"
2341,7227,3355143,"array([3.19503286, 3.02149687])"
2342,7227,3772715,"array([3.16600666, 3.0366475 ])"
2343,7227,19834760,"array([3.16745339, 3.08284762])"
2344,7227,31152,"array([3.12405471, 2.96700626])"
2345,7227,42375,"array([3.10593761, 2.96883404])"
2346,7227,33035,"array([3.17197963, 3.05595976])"
2347,7227,36879,"array([3.20950963, 3.01660975])"
2348,7227,38037,"array([3.15750329, 3.052699  ])"
2349,7227,38248,"array([3.16107155, 3.01876738])"
2350,7227,39265,"array([3.12939451, 3.03013846])"
2351,7227,40679,"array([3.15876642, 3.03638305])"
2352,7227,41723,"array([3.21145326, 3.05415447])"
2353,7227,41941,"array([3.17129735, 3.00963318])"
2354,7227,45931,"array([3.16567406, 3.04806099])"
2355,7227,31154,"array([3.18042938, 3.04553829])"
2356,7227,33971,"array([3.17160917, 3.02069305])"
2357,7227,41291,"array([3.16443858, 3.04321593])"
2358,7227,41600,"array([3.15796887, 3.03398458])"
2359,7227,42719,"array([3.17506754, 3.02032547])"
2360,7227,53554,"array([3.15551742, 3.03465851])"
2361,7227,4379864,"array([3.14911174, 3.00820681])"
2362,7227,19836061,"array([3.17087274, 3.04084956])"
2363,7227,31155,"array([3.12452162, 3.09258471])"
2364,7227,33077,"array([3.15624522, 2.95496818])"
2365,7227,34442,"array([3.14159716, 3.00913839])"
2366,7227,35786,"array([3.1358083 , 3.03260614])"
2367,7227,36722,"array([3.11938868, 2.97922795])"
2368,7227,31157,"array([3.14040078, 3.04856841])"
2369,7227,31772,"array([3.13121182, 3.05040823])"
2370,7227,33105,"array([3.13964397, 3.0375115 ])"
2371,7227,33849,"array([3.14736474, 3.00818648])"
2372,7227,34357,"array([3.14940447, 3.0464727 ])"
2373,7227,34840,"array([3.15898664, 3.03747213])"
2374,7227,34877,"array([3.12708581, 3.05854417])"
2375,7227,35701,"array([3.13548413, 3.03878253])"
2376,7227,37846,"array([3.13656781, 3.03227649])"
2377,7227,39422,"array([3.13263051, 3.02935439])"
2378,7227,40292,"array([3.1445267 , 3.02801641])"
2379,7227,41158,"array([3.14361041, 3.03591724])"
2380,7227,41646,"array([3.1335266 , 3.03580245])"
2381,7227,41656,"array([3.15133753, 3.06708751])"
2382,7227,42828,"array([3.1377021 , 3.03562027])"
2383,7227,43823,"array([3.12891195, 3.03687   ])"
2384,7227,45250,"array([3.13890726, 3.05624379])"
2385,7227,2768892,"array([3.1512254 , 3.09014239])"
2386,7227,31158,"array([3.16156801, 3.04048364])"
2387,7227,32780,"array([3.17656736, 3.02805197])"
2388,7227,33308,"array([3.19595161, 3.03764048])"
2389,7227,34811,"array([3.14035607, 3.06326072])"
2390,7227,35222,"array([3.16298991, 3.07745767])"
2391,7227,35762,"array([3.12540876, 3.02443649])"
2392,7227,36174,"array([3.12969343, 3.02769394])"
2393,7227,36819,"array([3.15798298, 3.05186064])"
2394,7227,37407,"array([3.16439734, 3.02342209])"
2395,7227,37526,"array([3.15049016, 3.05245714])"
2396,7227,38911,"array([3.1384908 , 3.05748659])"
2397,7227,41078,"array([3.14222533, 3.01579315])"
2398,7227,41290,"array([3.16787896, 3.03062291])"
2399,7227,41869,"array([3.13096192, 3.02336036])"
2400,7227,42493,"array([3.13946436, 3.0380923 ])"
2401,7227,42821,"array([3.14404316, 3.03146167])"
2402,7227,47121,"array([3.17540371, 3.0349608 ])"
2403,7227,117353,"array([3.14134183, 3.02087805])"
2404,7227,31162,"array([3.23380713, 3.0646807 ])"
2405,7227,31163,"array([3.08203737, 3.08799607])"
2406,7227,31487,"array([3.20098789, 3.03377149])"
2407,7227,32114,"array([3.17069663, 3.01033455])"
2408,7227,34242,"array([3.18958212, 3.02441558])"
2409,7227,36414,"array([3.2237483 , 2.97567963])"
2410,7227,37335,"array([3.16822544, 3.0408874 ])"
2411,7227,40403,"array([3.14603748, 3.00813094])"
2412,7227,41801,"array([3.14668212, 3.01831382])"
2413,7227,42385,"array([3.15380001, 3.01554426])"
2414,7227,44235,"array([3.18216404, 3.0231142 ])"
2415,7227,44830,"array([3.17040216, 3.01701326])"
2416,7227,31166,"array([3.1534099 , 3.04514095])"
2417,7227,31292,"array([3.16069931, 3.04957353])"
2418,7227,31445,"array([3.12774995, 3.04873135])"
2419,7227,31579,"array([3.14854276, 3.05047497])"
2420,7227,32314,"array([3.14643866, 3.0530947 ])"
2421,7227,32754,"array([3.16646887, 3.04017043])"
2422,7227,32955,"array([3.14588741, 3.03884388])"
2423,7227,33458,"array([3.14845013, 3.03158618])"
2424,7227,33670,"array([3.15079859, 3.01145873])"
2425,7227,33824,"array([3.14645404, 3.05711782])"
2426,7227,33905,"array([3.14251154, 3.05012493])"
2427,7227,34017,"array([3.15065399, 3.06314269])"
2428,7227,35007,"array([3.14236289, 3.05246355])"
2429,7227,35473,"array([3.15562488, 3.04939524])"
2430,7227,36527,"array([3.16559593, 3.02555249])"
2431,7227,36846,"array([3.16098265, 3.04640775])"
2432,7227,37933,"array([3.13320059, 3.06132317])"
2433,7227,38612,"array([3.14027137, 3.05418332])"
2434,7227,38831,"array([3.16278811, 3.0418342 ])"
2435,7227,39041,"array([3.15067727, 3.04825054])"
2436,7227,39348,"array([3.1158124 , 3.02101473])"
2437,7227,39864,"array([3.16059448, 3.03585296])"
2438,7227,39899,"array([3.15813237, 3.03779246])"
2439,7227,40326,"array([3.14194062, 3.04949868])"
2440,7227,40444,"array([3.14636905, 3.05220108])"
2441,7227,40789,"array([3.12904524, 3.03090719])"
2442,7227,40849,"array([3.16108249, 3.00585393])"
2443,7227,40997,"array([3.16951063, 3.02723508])"
2444,7227,41066,"array([3.16084529, 3.03442458])"
2445,7227,41372,"array([3.12726051, 3.04030401])"
2446,7227,41824,"array([3.14909594, 3.04923703])"
2447,7227,41853,"array([3.14918008, 3.04763847])"
2448,7227,42164,"array([3.13547197, 3.06174073])"
2449,7227,42832,"array([3.13811589, 3.05653488])"
2450,7227,43240,"array([3.13890174, 3.04618042])"
2451,7227,43587,"array([3.14619676, 3.04807724])"
2452,7227,43787,"array([3.1486729 , 3.05666718])"
2453,7227,44013,"array([3.1346197 , 3.05357164])"
2454,7227,44149,"array([3.14958309, 3.05117342])"
2455,7227,44228,"array([3.13706269, 3.06438737])"
2456,7227,3355102,"array([3.14319121, 3.03259524])"
2457,7227,3771877,"array([3.15137543, 3.05153252])"
2458,7227,3771968,"array([3.16079895, 3.0482075 ])"
2459,7227,31167,"array([3.14816115, 3.03233428])"
2460,7227,31264,"array([3.1496778, 3.0157024])"
2461,7227,31701,"array([3.13630509, 3.04422396])"
2462,7227,33207,"array([3.09982124, 3.03001139])"
2463,7227,33323,"array([3.1286254 , 3.01587322])"
2464,7227,33827,"array([3.15075148, 2.99254977])"
2465,7227,34245,"array([3.13567689, 3.01834811])"
2466,7227,34794,"array([3.17334799, 3.02196443])"
2467,7227,35008,"array([3.11554649, 3.05159429])"
2468,7227,35984,"array([3.13768863, 3.05951007])"
2469,7227,38263,"array([3.11472461, 3.03558244])"
2470,7227,38280,"array([3.11775931, 3.04759017])"
2471,7227,38432,"array([3.1467454 , 3.06922701])"
2472,7227,38719,"array([3.15987402, 3.01175013])"
2473,7227,38900,"array([3.1325089, 3.0396143])"
2474,7227,40178,"array([3.13033705, 3.01413597])"
2475,7227,40458,"array([3.14982322, 3.05728628])"
2476,7227,40793,"array([3.18950842, 3.04366562])"
2477,7227,40803,"array([3.16529083, 3.06001764])"
2478,7227,40828,"array([3.17091854, 3.00371669])"
2479,7227,41136,"array([3.14319923, 3.06056863])"
2480,7227,41538,"array([3.13361179, 3.05842727])"
2481,7227,41689,"array([3.1104387 , 3.02708784])"
2482,7227,41778,"array([3.14419256, 3.00755519])"
2483,7227,42773,"array([3.12724302, 3.03459475])"
2484,7227,43072,"array([3.13787154, 3.06581417])"
2485,7227,43176,"array([3.15085193, 3.03101555])"
2486,7227,43229,"array([3.16697496, 3.03616901])"
2487,7227,43312,"array([3.14075141, 3.01626001])"
2488,7227,43422,"array([3.13401627, 3.05027758])"
2489,7227,44790,"array([3.15429638, 3.05050298])"
2490,7227,47173,"array([3.14409749, 3.04907005])"
2491,7227,47218,"array([3.15842751, 3.02695342])"
2492,7227,50286,"array([3.15249181, 3.06034518])"
2493,7227,326115,"array([3.1594124 , 3.04737684])"
2494,7227,31168,"array([3.13216405, 3.10590144])"
2495,7227,31169,"array([3.18611836, 2.97327115])"
2496,7227,41993,"array([3.17853474, 2.98955231])"
2497,7227,318604,"array([3.16377309, 2.98852265])"
2498,7227,31170,"array([3.1137936 , 2.99408752])"
2499,7227,39970,"array([3.07788781, 2.9546441 ])"
2500,7227,41968,"array([3.1411956 , 3.04004187])"
2501,7227,42216,"array([3.13448122, 3.02637491])"
2502,7227,318633,"array([3.1111487 , 2.96429556])"
2503,7227,31171,"array([3.13086456, 2.98841246])"
2504,7227,36774,"array([3.1627762, 3.0241037])"
2505,7227,31172,"array([3.19695749, 2.97736606])"
2506,7227,34695,"array([3.12668837, 2.98873982])"
2507,7227,42389,"array([3.15937329, 3.04485861])"
2508,7227,59172,"array([3.18578976, 3.0273039 ])"
2509,7227,31298,"array([3.11955058, 3.02876263])"
2510,7227,32080,"array([3.13167897, 3.04812062])"
2511,7227,32911,"array([3.1167606 , 3.03745745])"
2512,7227,33108,"array([3.12676003, 3.03382569])"
2513,7227,33718,"array([3.11929019, 3.0414558 ])"
2514,7227,33904,"array([3.12741551, 3.04252002])"
2515,7227,33944,"array([3.14744358, 3.02632684])"
2516,7227,37156,"array([3.13607686, 3.04486577])"
2517,7227,37332,"array([3.12415112, 3.04484919])"
2518,7227,37707,"array([3.13553126, 3.05027952])"
2519,7227,37964,"array([3.13971481, 3.02697183])"
2520,7227,38000,"array([3.11511192, 3.02876569])"
2521,7227,39281,"array([3.13845809, 3.00546412])"
2522,7227,39450,"array([3.14008339, 3.04414008])"
2523,7227,40305,"array([3.14599493, 3.03487566])"
2524,7227,41688,"array([3.13229748, 3.05998607])"
2525,7227,43459,"array([3.1315286 , 3.04179942])"
2526,7227,43943,"array([3.12998909, 3.05050179])"
2527,7227,250710,"array([3.13144689, 3.04242124])"
2528,7227,3354965,"array([3.12512776, 3.04383329])"
2529,7227,31175,"array([3.20555717, 3.01823456])"
2530,7227,40937,"array([3.1645467 , 3.02177782])"
2531,7227,43349,"array([3.15256077, 3.02949225])"
2532,7227,31176,"array([3.08033509, 3.0299671 ])"
2533,7227,33134,"array([3.11484556, 2.99723875])"
2534,7227,41871,"array([3.08213112, 3.03511802])"
2535,7227,47769,"array([3.11524278, 3.01628058])"
2536,7227,31177,"array([3.13492226, 2.94365767])"
2537,7227,31178,"array([3.14784914, 2.96895895])"
2538,7227,31179,"array([3.14541628, 3.06275012])"
2539,7227,31597,"array([3.1451484 , 3.03914526])"
2540,7227,37471,"array([3.16972301, 3.02889516])"
2541,7227,31181,"array([3.17764199, 3.02286806])"
2542,7227,31420,"array([3.16823062, 3.00278808])"
2543,7227,31480,"array([3.16449163, 3.00851438])"
2544,7227,35287,"array([3.17909351, 3.05143038])"
2545,7227,36431,"array([3.17517019, 3.01804657])"
2546,7227,36571,"array([3.1635098 , 3.00511269])"
2547,7227,36612,"array([3.18918093, 3.03712909])"
2548,7227,37078,"array([3.16396889, 3.04858102])"
2549,7227,37476,"array([3.16459226, 3.01799246])"
2550,7227,38829,"array([3.19462359, 3.00710647])"
2551,7227,40358,"array([3.17742352, 3.0197152 ])"
2552,7227,40616,"array([3.18271241, 3.03759738])"
2553,7227,40813,"array([3.17030961, 3.02206272])"
2554,7227,41427,"array([3.15994949, 3.0659517 ])"
2555,7227,43327,"array([3.18352234, 3.02620005])"
2556,7227,43930,"array([3.17602063, 3.02436825])"
2557,7227,44889,"array([3.19128655, 3.02005455])"
2558,7227,45655,"array([3.17321616, 3.0353985 ])"
2559,7227,47900,"array([3.16650109, 3.01724487])"
2560,7227,48903,"array([3.19448692, 3.0493497 ])"
2561,7227,31184,"array([3.15371947, 3.05500497])"
2562,7227,32143,"array([3.15362432, 3.05361834])"
2563,7227,33726,"array([3.13645441, 3.03380593])"
2564,7227,42305,"array([3.17507947, 3.03307207])"
2565,7227,49952,"array([3.15319125, 3.01788962])"
2566,7227,318227,"array([3.15708032, 3.01942086])"
2567,7227,318228,"array([3.1534261 , 3.01605664])"
2568,7227,31185,"array([3.12957307, 3.04116709])"
2569,7227,31760,"array([3.13242661, 3.03783957])"
2570,7227,31809,"array([3.13197932, 3.05313748])"
2571,7227,32349,"array([3.12280365, 3.02943077])"
2572,7227,32499,"array([3.1428419 , 3.03388924])"
2573,7227,33471,"array([3.13247947, 3.04481296])"
2574,7227,34019,"array([3.13226786, 3.06688278])"
2575,7227,34953,"array([3.13185052, 3.04330186])"
2576,7227,35265,"array([3.14040698, 3.05081232])"
2577,7227,35656,"array([3.11450288, 3.04443028])"
2578,7227,35671,"array([3.13764735, 3.04325783])"
2579,7227,36202,"array([3.13709565, 3.04618877])"
2580,7227,36594,"array([3.14962873, 3.05620854])"
2581,7227,37449,"array([3.13219286, 3.04670946])"
2582,7227,37591,"array([3.13441738, 3.03420097])"
2583,7227,37680,"array([3.1399081 , 3.02913364])"
2584,7227,38413,"array([3.13068014, 3.0429872 ])"
2585,7227,38820,"array([3.13732314, 3.04262694])"
2586,7227,39304,"array([3.14657834, 3.03996547])"
2587,7227,39424,"array([3.13527691, 3.04243551])"
2588,7227,39985,"array([3.13073097, 3.05108693])"
2589,7227,40145,"array([3.13899602, 3.0501687 ])"
2590,7227,40293,"array([3.1247406 , 3.04128247])"
2591,7227,41448,"array([3.12658927, 3.05233649])"
2592,7227,41672,"array([3.12617428, 3.01826414])"
2593,7227,45233,"array([3.1407572 , 3.04089875])"
2594,7227,47718,"array([3.16146962, 2.99722343])"
2595,7227,3771915,"array([3.1194899 , 3.00379106])"
2596,7227,31186,"array([3.15562651, 3.00065888])"
2597,7227,34229,"array([3.14757905, 3.01571822])"
2598,7227,34613,"array([3.13844137, 3.03829815])"
2599,7227,34631,"array([3.1406892 , 3.04573018])"
2600,7227,34992,"array([3.17891477, 2.99574423])"
2601,7227,36376,"array([3.1545464 , 2.99860079])"
2602,7227,38154,"array([3.13682024, 3.01990617])"
2603,7227,38918,"array([3.15686377, 3.00005109])"
2604,7227,41351,"array([3.12371655, 3.0429788 ])"
2605,7227,41831,"array([3.15844384, 3.01025287])"
2606,7227,43721,"array([3.18017461, 3.03115764])"
2607,7227,31187,"array([3.22486003, 3.05214533])"
2608,7227,37557,"array([3.16347021, 3.03387132])"
2609,7227,31188,"array([3.22935913, 3.06277221])"
2610,7227,31189,"array([3.17491444, 3.03406546])"
2611,7227,31286,"array([3.23381811, 3.05230092])"
2612,7227,32319,"array([3.15325196, 3.05127868])"
2613,7227,33078,"array([3.13599197, 3.0370731 ])"
2614,7227,36481,"array([3.17165111, 3.00031656])"
2615,7227,36573,"array([3.18801429, 3.04469987])"
2616,7227,39467,"array([3.1478821, 3.0649813])"
2617,7227,40213,"array([3.17360234, 2.99834392])"
2618,7227,43429,"array([3.14722598, 3.01766938])"
2619,7227,44791,"array([3.17463997, 3.01943019])"
2620,7227,31190,"array([3.13533984, 2.98446734])"
2621,7227,33411,"array([3.12984753, 2.99896957])"
2622,7227,40953,"array([3.11781198, 3.02188135])"
2623,7227,44238,"array([3.16353023, 3.02129373])"
2624,7227,31192,"array([3.13157785, 3.06485645])"
2625,7227,34686,"array([3.13968617, 3.0486117 ])"
2626,7227,37029,"array([3.13161385, 3.04922595])"
2627,7227,38879,"array([3.16740586, 3.05036002])"
2628,7227,43620,"array([3.1391797 , 3.04563137])"
2629,7227,44438,"array([3.13592242, 3.03936999])"
2630,7227,31193,"array([3.13662915, 3.06012659])"
2631,7227,33809,"array([3.13509811, 3.02170821])"
2632,7227,38083,"array([3.12148188, 3.05719943])"
2633,7227,38433,"array([3.16120326, 3.04205739])"
2634,7227,41524,"array([3.1483753 , 3.02625817])"
2635,7227,43633,"array([3.13848806, 3.04717128])"
2636,7227,246552,"array([3.12194425, 3.03585112])"
2637,7227,3355041,"array([3.1303518 , 3.03779114])"
2638,7227,31194,"array([3.171083  , 3.10464378])"
2639,7227,38915,"array([3.17428025, 3.06985545])"
2640,7227,31195,"array([3.16254868, 2.98656961])"
2641,7227,35715,"array([3.16540618, 3.04046315])"
2642,7227,41432,"array([3.13470148, 3.02383787])"
2643,7227,31196,"array([3.15645011, 3.05486054])"
2644,7227,38648,"array([3.17057506, 3.04606001])"
2645,7227,39611,"array([3.16550903, 3.04707556])"
2646,7227,40786,"array([3.10897255, 3.03077644])"
2647,7227,41000,"array([3.14259621, 3.04542863])"
2648,7227,42753,"array([3.13890754, 3.00762404])"
2649,7227,42979,"array([3.17263064, 3.0537637 ])"
2650,7227,47065,"array([3.17099761, 3.04695413])"
2651,7227,31197,"array([3.15971555, 3.05251159])"
2652,7227,32565,"array([3.11736571, 3.06789749])"
2653,7227,36131,"array([3.14491004, 3.06178909])"
2654,7227,37713,"array([3.13737407, 3.05031448])"
2655,7227,38871,"array([3.15465361, 3.0124723 ])"
2656,7227,2768852,"array([3.15159711, 3.02815162])"
2657,7227,2768995,"array([3.19800308, 3.02334617])"
2658,7227,31198,"array([3.22545138, 3.08913247])"
2659,7227,36698,"array([3.17219364, 3.04909957])"
2660,7227,31200,"array([3.17219649, 2.99667432])"
2661,7227,31201,"array([3.15174688, 3.0430818 ])"
2662,7227,31606,"array([3.18179579, 3.02003836])"
2663,7227,31762,"array([3.13482565, 3.04167811])"
2664,7227,36586,"array([3.11222609, 3.05114345])"
2665,7227,38406,"array([3.12465985, 3.04029957])"
2666,7227,38407,"array([3.13579393, 3.05173029])"
2667,7227,38978,"array([3.15683549, 3.05342018])"
2668,7227,39138,"array([3.13445129, 3.03084077])"
2669,7227,39233,"array([3.13630113, 3.04095253])"
2670,7227,31204,"array([3.12237993, 3.05845792])"
2671,7227,31217,"array([3.152761  , 3.02144751])"
2672,7227,37466,"array([3.09951681, 3.02132361])"
2673,7227,41806,"array([3.08740948, 3.02440198])"
2674,7227,31205,"array([3.16033568, 3.07127876])"
2675,7227,39689,"array([3.14313522, 3.05323519])"
2676,7227,45871,"array([3.15039849, 3.02894853])"
2677,7227,31207,"array([3.20454658, 2.95669887])"
2678,7227,31442,"array([3.15605544, 3.03697662])"
2679,7227,31459,"array([3.1462622, 3.0295007])"
2680,7227,31696,"array([3.15405243, 3.03934039])"
2681,7227,31811,"array([3.14627785, 3.04219913])"
2682,7227,32069,"array([3.11774448, 3.03104707])"
2683,7227,32168,"array([3.13912181, 3.03381317])"
2684,7227,32361,"array([3.13414716, 3.02063415])"
2685,7227,32827,"array([3.13339016, 3.07843623])"
2686,7227,33982,"array([3.14813638, 3.03309976])"
2687,7227,34116,"array([3.15068963, 3.00340642])"
2688,7227,34565,"array([3.1681488 , 3.05962632])"
2689,7227,35114,"array([3.12718603, 3.01831528])"
2690,7227,35257,"array([3.16386914, 3.01591543])"
2691,7227,35539,"array([3.15975245, 3.04820042])"
2692,7227,35713,"array([3.15616088, 3.04164417])"
2693,7227,36304,"array([3.14538264, 3.03713169])"
2694,7227,36514,"array([3.13054953, 3.05199169])"
2695,7227,36727,"array([3.14806134, 3.01931756])"
2696,7227,36851,"array([3.16120215, 3.03301282])"
2697,7227,37116,"array([3.14288275, 3.03449695])"
2698,7227,37178,"array([3.13984999, 3.04938018])"
2699,7227,37204,"array([3.14498336, 3.03266385])"
2700,7227,37205,"array([3.1600005 , 3.03937359])"
2701,7227,38034,"array([3.1566  , 3.047708])"
2702,7227,38165,"array([3.16164391, 3.00490104])"
2703,7227,38173,"array([3.13850933, 3.02274823])"
2704,7227,39174,"array([3.14097476, 3.04654885])"
2705,7227,39419,"array([3.16126245, 3.00987882])"
2706,7227,39460,"array([3.14519518, 3.04536087])"
2707,7227,39646,"array([3.15502063, 3.01380689])"
2708,7227,39905,"array([3.14693799, 3.03619728])"
2709,7227,40043,"array([3.14586648, 2.99459924])"
2710,7227,40678,"array([3.14919967, 3.04163514])"
2711,7227,40720,"array([3.16650434, 3.01397092])"
2712,7227,40960,"array([3.13962204, 3.02265698])"
2713,7227,41437,"array([3.14925677, 3.06632387])"
2714,7227,41579,"array([3.11591957, 3.07033751])"
2715,7227,42593,"array([3.12581068, 3.04837282])"
2716,7227,42749,"array([3.17406455, 3.03572983])"
2717,7227,42845,"array([3.15694829, 3.01854759])"
2718,7227,42931,"array([3.1624836 , 3.02509577])"
2719,7227,43018,"array([3.14127129, 3.02672389])"
2720,7227,43085,"array([3.16813313, 3.01962318])"
2721,7227,43556,"array([3.14909483, 3.03844045])"
2722,7227,47781,"array([3.14471351, 3.03131996])"
2723,7227,48785,"array([3.16378207, 3.01214461])"
2724,7227,31209,"array([3.19512713, 3.03961941])"
2725,7227,43562,"array([3.15145825, 3.03744783])"
2726,7227,34149,"array([3.16210231, 3.02404365])"
2727,7227,34528,"array([3.12969077, 3.0352258 ])"
2728,7227,34967,"array([3.12525582, 3.05800152])"
2729,7227,35707,"array([3.13029992, 3.03917648])"
2730,7227,37082,"array([3.13394586, 3.03328028])"
2731,7227,39078,"array([3.14214689, 3.03362768])"
2732,7227,40231,"array([3.10330508, 3.0395553 ])"
2733,7227,42852,"array([3.1407555, 3.0356003])"
2734,7227,43775,"array([3.14798941, 3.02806748])"
2735,7227,45880,"array([3.13191485, 3.03829605])"
2736,7227,32887,"array([3.18900146, 2.98584054])"
2737,7227,35397,"array([3.18331654, 3.0316797 ])"
2738,7227,41822,"array([3.23150663, 2.96245351])"
2739,7227,42853,"array([3.19080756, 3.03731347])"
2740,7227,31212,"array([3.10429159, 3.07203269])"
2741,7227,37246,"array([3.11357735, 3.08020226])"
2742,7227,42501,"array([3.14196471, 3.04476247])"
2743,7227,31213,"array([3.16229468, 3.06630238])"
2744,7227,34716,"array([3.16224436, 3.02100094])"
2745,7227,38873,"array([3.16028506, 3.025718  ])"
2746,7227,31214,"array([3.1353251 , 3.07527583])"
2747,7227,32094,"array([3.16853225, 3.0865385 ])"
2748,7227,31215,"array([3.12742935, 3.05656131])"
2749,7227,33206,"array([3.13020669, 3.04751205])"
2750,7227,35253,"array([3.14983663, 3.03720951])"
2751,7227,38680,"array([3.12834636, 3.02711071])"
2752,7227,38682,"array([3.1323066 , 3.01929948])"
2753,7227,38791,"array([3.13432317, 3.05270054])"
2754,7227,39115,"array([3.12074778, 3.03589343])"
2755,7227,40137,"array([3.10980925, 3.06697646])"
2756,7227,40538,"array([3.12676606, 3.04218989])"
2757,7227,42456,"array([3.12481065, 3.04579601])"
2758,7227,42806,"array([3.11544468, 3.03825546])"
2759,7227,44643,"array([3.13635009, 3.04977799])"
2760,7227,46386,"array([3.1189947, 3.0508493])"
2761,7227,31822,"array([3.14908073, 2.9818824 ])"
2762,7227,32285,"array([3.16037037, 3.00807705])"
2763,7227,32551,"array([3.13792114, 3.01269341])"
2764,7227,33941,"array([3.15606252, 3.02660018])"
2765,7227,33942,"array([3.13327941, 3.06818471])"
2766,7227,34272,"array([3.16210345, 3.0107664 ])"
2767,7227,34309,"array([3.15225348, 3.03078725])"
2768,7227,35048,"array([3.16672271, 3.02802517])"
2769,7227,36109,"array([3.13141018, 3.05574108])"
2770,7227,36235,"array([3.157438  , 3.01733228])"
2771,7227,36379,"array([3.18268858, 3.00652499])"
2772,7227,36382,"array([3.16528892, 3.02203343])"
2773,7227,36924,"array([3.19659733, 3.05586773])"
2774,7227,37287,"array([3.12936496, 2.95610834])"
2775,7227,37542,"array([3.16834092, 3.01590537])"
2776,7227,37579,"array([3.17532565, 3.05768218])"
2777,7227,38501,"array([3.12161236, 3.00258232])"
2778,7227,40035,"array([3.17207767, 3.02314434])"
2779,7227,40308,"array([3.15363298, 3.00059328])"
2780,7227,40875,"array([3.14336968, 2.97285009])"
2781,7227,41361,"array([3.15196253, 3.00491106])"
2782,7227,42363,"array([3.13944839, 2.9928683 ])"
2783,7227,42450,"array([3.13536111, 3.013852  ])"
2784,7227,42619,"array([3.14871034, 3.03758061])"
2785,7227,42937,"array([3.15936319, 3.06768507])"
2786,7227,43230,"array([3.1651941 , 3.02398334])"
2787,7227,43491,"array([3.18278344, 3.06768689])"
2788,7227,45467,"array([3.16242826, 3.03136594])"
2789,7227,46121,"array([3.14227096, 3.01873166])"
2790,7227,50007,"array([3.16869286, 3.0201227 ])"
2791,7227,53569,"array([3.15798183, 3.02329299])"
2792,7227,326195,"array([3.16212276, 3.03292392])"
2793,7227,31219,"array([3.21285794, 3.0962311 ])"
2794,7227,31220,"array([3.20395109, 3.00055571])"
2795,7227,33214,"array([3.15620627, 3.01957779])"
2796,7227,41809,"array([3.20691271, 2.98443275])"
2797,7227,31613,"array([3.15970411, 3.0293467 ])"
2798,7227,32820,"array([3.13982124, 3.05112568])"
2799,7227,32869,"array([3.1549667 , 3.09381565])"
2800,7227,33496,"array([3.1815821 , 3.04055939])"
2801,7227,33607,"array([3.15014882, 3.02024973])"
2802,7227,33979,"array([3.16190721, 3.03964485])"
2803,7227,34120,"array([3.13788767, 3.02247923])"
2804,7227,34256,"array([3.17158362, 3.04363899])"
2805,7227,34289,"array([3.10790519, 3.00304106])"
2806,7227,35098,"array([3.15550104, 3.02891944])"
2807,7227,35298,"array([3.12519058, 3.01087594])"
2808,7227,35422,"array([3.15471931, 3.02433288])"
2809,7227,35440,"array([3.14229338, 2.99204107])"
2810,7227,36288,"array([3.136402 , 3.0292975])"
2811,7227,36561,"array([3.14620901, 3.0643238 ])"
2812,7227,37124,"array([3.14523217, 3.04145213])"
2813,7227,37461,"array([3.1549312 , 3.06879944])"
2814,7227,37781,"array([3.15461609, 3.01522793])"
2815,7227,37850,"array([3.148666  , 3.04852867])"
2816,7227,37888,"array([3.17243269, 3.0320923 ])"
2817,7227,37893,"array([3.17101358, 3.05311411])"
2818,7227,38175,"array([3.1410242 , 3.05038227])"
2819,7227,38232,"array([3.14538898, 3.01450737])"
2820,7227,38244,"array([3.14129184, 3.04523556])"
2821,7227,38397,"array([3.16321609, 3.03288453])"
2822,7227,38418,"array([3.14280401, 3.03654196])"
2823,7227,38494,"array([3.15168314, 3.04173092])"
2824,7227,38714,"array([3.13111912, 3.01371715])"
2825,7227,39028,"array([3.15562135, 3.03052013])"
2826,7227,39221,"array([3.14089815, 3.05564028])"
2827,7227,40174,"array([3.13869388, 3.04151522])"
2828,7227,40637,"array([3.17890007, 3.03321341])"
2829,7227,41082,"array([3.13859768, 3.01429086])"
2830,7227,41367,"array([3.13855035, 3.04398936])"
2831,7227,41569,"array([3.13675349, 3.04893361])"
2832,7227,41599,"array([3.15646932, 3.02258484])"
2833,7227,41611,"array([3.14677423, 3.04754162])"
2834,7227,42064,"array([3.1290073 , 3.00901649])"
2835,7227,42620,"array([3.15454485, 3.04599204])"
2836,7227,43103,"array([3.16506334, 3.02764097])"
2837,7227,43348,"array([3.1343618 , 3.02557526])"
2838,7227,43359,"array([3.15407091, 3.05926833])"
2839,7227,43373,"array([3.1388729 , 3.04873862])"
2840,7227,43508,"array([3.16097435, 3.06560513])"
2841,7227,43842,"array([3.15811791, 3.03333652])"
2842,7227,44150,"array([3.15941087, 3.02271953])"
2843,7227,45785,"array([3.13457096, 3.05570679])"
2844,7227,46020,"array([3.17102815, 3.04192254])"
2845,7227,48535,"array([3.15988047, 3.01792132])"
2846,7227,48973,"array([3.14433627, 3.02984315])"
2847,7227,49077,"array([3.15669367, 3.00275303])"
2848,7227,326155,"array([3.13473822, 3.02723119])"
2849,7227,3355096,"array([3.10688816, 3.04641848])"
2850,7227,31222,"array([3.15872591, 2.97336315])"
2851,7227,31224,"array([3.18953453, 3.0767531 ])"
2852,7227,34934,"array([3.15654105, 3.01713251])"
2853,7227,35155,"array([3.18033559, 3.01705427])"
2854,7227,35184,"array([3.15859908, 3.00738103])"
2855,7227,36307,"array([3.1523249 , 3.00412771])"
2856,7227,37534,"array([3.14833673, 3.01646746])"
2857,7227,39033,"array([3.18789282, 2.99926517])"
2858,7227,39373,"array([3.17487143, 3.00273865])"
2859,7227,41219,"array([3.14883978, 3.01849779])"
2860,7227,41306,"array([3.13929297, 3.01281408])"
2861,7227,43571,"array([3.15308217, 3.04767744])"
2862,7227,32817,"array([3.16032728, 3.01733081])"
2863,7227,33560,"array([3.15553828, 3.03359066])"
2864,7227,34371,"array([3.14513799, 3.01875064])"
2865,7227,34724,"array([3.14405643, 2.98672043])"
2866,7227,34725,"array([3.13591097, 3.01302104])"
2867,7227,36523,"array([3.16685681, 3.01483191])"
2868,7227,41864,"array([3.13031119, 3.03601014])"
2869,7227,42930,"array([3.13422411, 3.01187977])"
2870,7227,44548,"array([3.15920427, 3.01591998])"
2871,7227,246653,"array([3.14677821, 3.01323863])"
2872,7227,31228,"array([3.18939337, 2.95980515])"
2873,7227,31229,"array([3.12565669, 3.03201433])"
2874,7227,32320,"array([3.14181905, 3.04403187])"
2875,7227,34287,"array([3.14828362, 3.04075229])"
2876,7227,37301,"array([3.12672775, 3.02894551])"
2877,7227,38657,"array([3.1540773 , 3.06666699])"
2878,7227,39814,"array([3.15307388, 3.01489199])"
2879,7227,40690,"array([3.12627522, 3.04945659])"
2880,7227,41757,"array([3.147287, 3.066066])"
2881,7227,42737,"array([3.16227919, 3.04259926])"
2882,7227,3354988,"array([3.10976489, 3.01114821])"
2883,7227,31846,"array([3.16134743, 3.02215777])"
2884,7227,32446,"array([3.15121887, 3.03216356])"
2885,7227,35560,"array([3.17477435, 3.03552999])"
2886,7227,38204,"array([3.15149797, 3.00236861])"
2887,7227,41740,"array([3.15512552, 3.02758564])"
2888,7227,43441,"array([3.15767882, 3.0220594 ])"
2889,7227,49228,"array([3.14766619, 3.02442012])"
2890,7227,31234,"array([3.72316197, 3.45911157])"
2891,7227,31235,"array([3.16945882, 3.0435125 ])"
2892,7227,32841,"array([3.14451266, 3.032112  ])"
2893,7227,34521,"array([3.17208769, 3.04105085])"
2894,7227,36363,"array([3.15599871, 3.03518867])"
2895,7227,40693,"array([3.16403671, 3.04485523])"
2896,7227,42358,"array([3.11442017, 3.0647181 ])"
2897,7227,31237,"array([3.09684993, 3.03682138])"
2898,7227,31239,"array([3.06252745, 3.07789857])"
2899,7227,41192,"array([3.11120762, 3.0523333 ])"
2900,7227,32015,"array([3.17620354, 3.06283154])"
2901,7227,35647,"array([3.13926166, 2.99737021])"
2902,7227,35796,"array([3.16907991, 3.03499916])"
2903,7227,37598,"array([3.13813845, 2.99770903])"
2904,7227,42050,"array([3.1593698 , 3.01921945])"
2905,7227,31243,"array([3.12510773, 3.0272764 ])"
2906,7227,36565,"array([3.13631179, 3.03151695])"
2907,7227,36981,"array([3.15973037, 3.02022281])"
2908,7227,39877,"array([3.13702386, 3.03154505])"
2909,7227,40563,"array([3.15799443, 3.04140964])"
2910,7227,45682,"array([3.15391092, 3.04879996])"
2911,7227,31244,"array([3.19175822, 3.10574205])"
2912,7227,34772,"array([3.16456457, 3.05157087])"
2913,7227,31245,"array([3.15088416, 3.05440029])"
2914,7227,32199,"array([3.18046511, 3.09305135])"
2915,7227,32317,"array([3.11951522, 3.03017026])"
2916,7227,33274,"array([3.14435997, 3.07934337])"
2917,7227,37857,"array([3.13827254, 3.03499274])"
2918,7227,38015,"array([3.21319896, 3.05877248])"
2919,7227,38159,"array([3.14438181, 3.02397939])"
2920,7227,43827,"array([3.15733834, 3.05419699])"
2921,7227,31246,"array([3.21386931, 3.05338081])"
2922,7227,33988,"array([3.16408381, 3.05354102])"
2923,7227,38930,"array([3.16739504, 3.04210459])"
2924,7227,31290,"array([3.15865795, 3.0609085 ])"
2925,7227,31339,"array([3.1574466 , 3.07436913])"
2926,7227,31389,"array([3.19864724, 3.08132233])"
2927,7227,31414,"array([3.20340369, 3.05317729])"
2928,7227,31458,"array([3.19624166, 3.02267306])"
2929,7227,31537,"array([3.19005373, 3.0668609 ])"
2930,7227,31543,"array([3.13987865, 3.01732696])"
2931,7227,31550,"array([3.19369263, 3.04809521])"
2932,7227,31557,"array([3.16982819, 3.04910768])"
2933,7227,31615,"array([3.17568566, 3.03607714])"
2934,7227,31629,"array([3.18322184, 3.01852874])"
2935,7227,31704,"array([3.1367515 , 3.06540872])"
2936,7227,31713,"array([3.19129708, 3.03438795])"
2937,7227,31720,"array([3.20527225, 3.09270855])"
2938,7227,31763,"array([3.18632381, 3.00482054])"
2939,7227,31770,"array([3.15635855, 3.08760873])"
2940,7227,31793,"array([3.18794067, 3.06439257])"
2941,7227,31818,"array([3.1462456 , 3.05133076])"
2942,7227,31844,"array([3.18399937, 3.05589179])"
2943,7227,31866,"array([3.14953543, 3.03542014])"
2944,7227,31874,"array([3.12381559, 3.02475582])"
2945,7227,31934,"array([3.1783001 , 3.05477972])"
2946,7227,31935,"array([3.19377413, 3.01824101])"
2947,7227,31988,"array([3.16571077, 3.01429904])"
2948,7227,32046,"array([3.16160592, 3.06908641])"
2949,7227,32088,"array([3.15170695, 2.99809324])"
2950,7227,32090,"array([3.18215218, 3.02594854])"
2951,7227,32161,"array([3.1969264 , 3.07975053])"
2952,7227,32183,"array([3.19631691, 3.04627735])"
2953,7227,32234,"array([3.19718991, 3.08248042])"
2954,7227,32253,"array([3.19043639, 3.06096318])"
2955,7227,32322,"array([3.17597407, 3.00853914])"
2956,7227,32327,"array([3.13999299, 3.07212997])"
2957,7227,32330,"array([3.18303955, 3.01545645])"
2958,7227,32350,"array([3.16930996, 3.04544543])"
2959,7227,32373,"array([3.19248624, 3.04742266])"
2960,7227,32406,"array([3.17537241, 3.07373233])"
2961,7227,32424,"array([3.21314495, 3.09388288])"
2962,7227,32464,"array([3.14566858, 3.03563402])"
2963,7227,32495,"array([3.20999002, 3.04848047])"
2964,7227,32498,"array([3.17678494, 3.02189153])"
2965,7227,32517,"array([3.1377165, 3.0199887])"
2966,7227,32538,"array([3.19623336, 3.00285786])"
2967,7227,32568,"array([3.14503706, 3.03753997])"
2968,7227,32589,"array([3.15498632, 3.07566838])"
2969,7227,32601,"array([3.17001418, 3.07248647])"
2970,7227,32608,"array([3.19193593, 3.03325864])"
2971,7227,32613,"array([3.1785939 , 3.04248378])"
2972,7227,32627,"array([3.18437871, 3.04015037])"
2973,7227,32630,"array([3.16065178, 3.03261934])"
2974,7227,32661,"array([3.19136702, 3.04263494])"
2975,7227,32693,"array([3.18476226, 3.06679766])"
2976,7227,32698,"array([3.18342346, 3.04554008])"
2977,7227,32704,"array([3.17863085, 3.08194237])"
2978,7227,32773,"array([3.13030376, 3.07296364])"
2979,7227,32785,"array([3.17426322, 3.07274391])"
2980,7227,32790,"array([3.16320121, 3.07508214])"
2981,7227,32822,"array([3.15597713, 3.05998775])"
2982,7227,32877,"array([3.17825273, 3.02798902])"
2983,7227,32886,"array([3.16487541, 3.03873107])"
2984,7227,32902,"array([3.15238537, 3.07789889])"
2985,7227,32939,"array([3.18868637, 3.06701138])"
2986,7227,32984,"array([3.20772048, 3.04960694])"
2987,7227,33000,"array([3.18361485, 3.04690455])"
2988,7227,33005,"array([3.20329897, 3.01560018])"
2989,7227,33017,"array([3.12557575, 3.02769322])"
2990,7227,33048,"array([3.17103794, 3.07380183])"
2991,7227,33056,"array([3.20584327, 3.03175143])"
2992,7227,33104,"array([3.19370262, 3.07663605])"
2993,7227,33156,"array([3.15030943, 3.04526535])"
2994,7227,33165,"array([3.16865065, 3.06563382])"
2995,7227,33210,"array([3.16235254, 3.0591951 ])"
2996,7227,33222,"array([3.22121654, 3.07735598])"
2997,7227,33235,"array([3.16870009, 3.02756659])"
2998,7227,33341,"array([3.17528547, 3.05545022])"
2999,7227,33381,"array([3.22658438, 3.06630907])"
3000,7227,33423,"array([3.18103532, 3.02846717])"
3001,7227,33478,"array([3.21078976, 3.09710002])"
3002,7227,33513,"array([3.13506057, 3.03379485])"
3003,7227,33524,"array([3.13380197, 3.04856515])"
3004,7227,33571,"array([3.17087763, 3.03353777])"
3005,7227,33601,"array([3.1463925 , 3.08367042])"
3006,7227,33604,"array([3.17556623, 3.06889813])"
3007,7227,33606,"array([3.18717897, 3.04112675])"
3008,7227,33639,"array([3.19510141, 3.01797023])"
3009,7227,33768,"array([3.19038998, 3.06841886])"
3010,7227,33817,"array([3.14984167, 3.00469412])"
3011,7227,33825,"array([3.19650046, 3.07821796])"
3012,7227,33856,"array([3.20235849, 3.07779205])"
3013,7227,33868,"array([3.18748746, 3.03875945])"
3014,7227,33896,"array([3.17974788, 3.05288637])"
3015,7227,33950,"array([3.1890852, 3.027896 ])"
3016,7227,33951,"array([3.15861057, 3.07626067])"
3017,7227,33967,"array([3.1564711, 3.0456527])"
3018,7227,33974,"array([3.18008282, 3.05109274])"
3019,7227,34012,"array([3.181352  , 3.03086849])"
3020,7227,34030,"array([3.18193133, 3.05721826])"
3021,7227,34283,"array([3.1363729 , 3.07416614])"
3022,7227,34311,"array([3.17085124, 3.09300296])"
3023,7227,34320,"array([3.15365058, 3.04787959])"
3024,7227,34335,"array([3.18603427, 3.06369858])"
3025,7227,34336,"array([3.16794811, 3.01693108])"
3026,7227,34380,"array([3.20199352, 3.02850958])"
3027,7227,34389,"array([3.18365286, 3.06304772])"
3028,7227,34421,"array([3.13641634, 3.05753467])"
3029,7227,34449,"array([3.1141986 , 3.02316998])"
3030,7227,34527,"array([3.16492709, 3.04947463])"
3031,7227,34541,"array([3.16079079, 3.04352265])"
3032,7227,34546,"array([3.11938824, 3.00721127])"
3033,7227,34551,"array([3.17543257, 3.05297625])"
3034,7227,34553,"array([3.20677047, 3.07467238])"
3035,7227,34573,"array([3.15754211, 3.05112532])"
3036,7227,34608,"array([3.15274239, 3.03186643])"
3037,7227,34624,"array([3.12407899, 3.04077492])"
3038,7227,34671,"array([3.17775834, 3.07593207])"
3039,7227,34713,"array([3.20422586, 3.06059639])"
3040,7227,34728,"array([3.16780452, 3.07447714])"
3041,7227,34734,"array([3.1719395 , 3.01525736])"
3042,7227,34736,"array([3.13172515, 3.05809233])"
3043,7227,34764,"array([3.16482978, 3.08016728])"
3044,7227,34804,"array([3.18170739, 3.06680185])"
3045,7227,34831,"array([3.1740878 , 3.05933885])"
3046,7227,34839,"array([3.18312875, 3.0543865 ])"
3047,7227,34882,"array([3.19657463, 3.02647578])"
3048,7227,34886,"array([3.21864923, 3.05339535])"
3049,7227,34974,"array([3.20568669, 3.04849459])"
3050,7227,35042,"array([3.1662829 , 3.03578109])"
3051,7227,35058,"array([3.13285596, 3.02160473])"
3052,7227,35061,"array([3.2015519 , 3.06341614])"
3053,7227,35063,"array([3.1990722 , 3.07127111])"
3054,7227,35071,"array([3.18977876, 3.07409714])"
3055,7227,35073,"array([3.17255857, 3.07314267])"
3056,7227,35105,"array([3.20577449, 3.0781319 ])"
3057,7227,35117,"array([3.188652  , 3.02681761])"
3058,7227,35149,"array([3.16705194, 3.05559846])"
3059,7227,35174,"array([3.13685463, 3.06326967])"
3060,7227,35178,"array([3.19959549, 3.08267548])"
3061,7227,35241,"array([3.14117924, 3.0658581 ])"
3062,7227,35250,"array([3.11741976, 2.99776399])"
3063,7227,35259,"array([3.18474014, 3.03005065])"
3064,7227,35267,"array([3.20281623, 3.04100583])"
3065,7227,35340,"array([3.16557621, 3.04236503])"
3066,7227,35395,"array([3.16644647, 3.05968534])"
3067,7227,35400,"array([3.14167785, 3.03443058])"
3068,7227,35433,"array([3.18503158, 3.07056578])"
3069,7227,35475,"array([3.15829831, 3.04615042])"
3070,7227,35483,"array([3.17176235, 3.03879851])"
3071,7227,35499,"array([3.13204616, 3.07817724])"
3072,7227,35569,"array([3.12708509, 3.09096482])"
3073,7227,35680,"array([3.15383998, 3.03657002])"
3074,7227,35738,"array([3.12712699, 3.02339678])"
3075,7227,35771,"array([3.16564918, 3.0185551 ])"
3076,7227,35783,"array([3.19800333, 3.05789455])"
3077,7227,35825,"array([3.18124112, 3.03184325])"
3078,7227,35866,"array([3.15329641, 3.07673725])"
3079,7227,35877,"array([3.1622177, 3.0539843])"
3080,7227,35897,"array([3.15321216, 3.0494463 ])"
3081,7227,35910,"array([3.16541243, 3.05684763])"
3082,7227,35940,"array([3.14529057, 3.07625693])"
3083,7227,35954,"array([3.16032715, 3.02423431])"
3084,7227,36010,"array([3.17035615, 3.06850201])"
3085,7227,36022,"array([3.14583513, 3.06033771])"
3086,7227,36039,"array([3.18366989, 3.01295985])"
3087,7227,36213,"array([3.17724859, 3.04782572])"
3088,7227,36268,"array([3.15850728, 3.06220164])"
3089,7227,36278,"array([3.18224378, 3.03432678])"
3090,7227,36286,"array([3.19179849, 3.05137419])"
3091,7227,36299,"array([3.19371812, 3.06203745])"
3092,7227,36302,"array([3.18964651, 3.01247365])"
3093,7227,36332,"array([3.1826302 , 3.03908065])"
3094,7227,36337,"array([3.18207877, 3.04463031])"
3095,7227,36342,"array([3.19216813, 3.08956605])"
3096,7227,36397,"array([3.18625237, 3.06634556])"
3097,7227,36408,"array([3.12702004, 3.08436702])"
3098,7227,36428,"array([3.18745163, 3.0470826 ])"
3099,7227,36455,"array([3.18916469, 3.0316434 ])"
3100,7227,36485,"array([3.17692988, 3.08286349])"
3101,7227,36498,"array([3.15313121, 3.04287564])"
3102,7227,36522,"array([3.20337477, 3.09235549])"
3103,7227,36526,"array([3.22682989, 3.06869835])"
3104,7227,36570,"array([3.18113748, 3.0687757 ])"
3105,7227,36581,"array([3.19824222, 3.09680096])"
3106,7227,36585,"array([3.2038924 , 3.09655135])"
3107,7227,36590,"array([3.20071446, 3.05020647])"
3108,7227,36617,"array([3.18422217, 3.03246233])"
3109,7227,36621,"array([3.17960912, 3.04509463])"
3110,7227,36668,"array([3.14857303, 3.05275112])"
3111,7227,36683,"array([3.16832777, 3.05166406])"
3112,7227,36685,"array([3.16527505, 3.02847798])"
3113,7227,36697,"array([3.15855476, 3.04729366])"
3114,7227,36717,"array([3.14025865, 3.04215835])"
3115,7227,36718,"array([3.16185634, 3.04496812])"
3116,7227,36736,"array([3.15617956, 3.07052192])"
3117,7227,36753,"array([3.15433928, 3.0381226 ])"
3118,7227,36772,"array([3.12013465, 3.06889576])"
3119,7227,36784,"array([3.16331749, 2.99564213])"
3120,7227,36806,"array([3.20790541, 3.07217031])"
3121,7227,36808,"array([3.19693723, 3.05163639])"
3122,7227,36817,"array([3.1953915 , 3.06580276])"
3123,7227,36876,"array([3.18642074, 3.05255413])"
3124,7227,36887,"array([3.14008319, 3.08117006])"
3125,7227,36912,"array([3.17422081, 3.07928307])"
3126,7227,36978,"array([3.15056514, 3.02724258])"
3127,7227,36986,"array([3.17783238, 3.0466643 ])"
3128,7227,36993,"array([3.17462104, 3.03069196])"
3129,7227,36999,"array([3.14975932, 3.04225059])"
3130,7227,37032,"array([3.19715085, 3.0643933 ])"
3131,7227,37036,"array([3.14906006, 3.05471925])"
3132,7227,37130,"array([3.1940061 , 3.09316997])"
3133,7227,37141,"array([3.15973116, 3.01046813])"
3134,7227,37187,"array([3.145028  , 3.02516849])"
3135,7227,37190,"array([3.18559229, 3.03762876])"
3136,7227,37210,"array([3.23066215, 3.0608637 ])"
3137,7227,37253,"array([3.20903847, 3.05181763])"
3138,7227,37339,"array([3.15943331, 3.05345035])"
3139,7227,37387,"array([3.15619774, 3.03985655])"
3140,7227,37395,"array([3.16837562, 3.00737435])"
3141,7227,37467,"array([3.13351468, 3.02996062])"
3142,7227,37473,"array([3.17144902, 3.03247969])"
3143,7227,37487,"array([3.16825802, 2.99099287])"
3144,7227,37520,"array([3.1499333 , 3.09157183])"
3145,7227,37524,"array([3.15616987, 3.02335025])"
3146,7227,37545,"array([3.16239054, 3.08562371])"
3147,7227,37564,"array([3.17262348, 3.04994429])"
3148,7227,37570,"array([3.18251194, 3.03043327])"
3149,7227,37701,"array([3.18906124, 3.02009746])"
3150,7227,37725,"array([3.16990656, 3.08757728])"
3151,7227,37733,"array([3.15045991, 3.04999558])"
3152,7227,37803,"array([3.13118701, 3.03010944])"
3153,7227,37838,"array([3.14298851, 3.0621502 ])"
3154,7227,37840,"array([3.15524797, 3.05510724])"
3155,7227,37864,"array([3.15131297, 3.00665213])"
3156,7227,37898,"array([3.19432213, 3.06429955])"
3157,7227,37912,"array([3.18378686, 3.03446258])"
3158,7227,37925,"array([3.20001394, 3.06035447])"
3159,7227,37954,"array([3.16763591, 3.07581096])"
3160,7227,37981,"array([3.1624205 , 3.03632878])"
3161,7227,38001,"array([3.15373495, 3.04400066])"
3162,7227,38032,"array([3.13339748, 3.0277049 ])"
3163,7227,38045,"array([3.15303706, 3.04862531])"
3164,7227,38049,"array([3.17960484, 3.09773449])"
3165,7227,38099,"array([3.20239267, 3.0219125 ])"
3166,7227,38135,"array([3.16329972, 3.03067557])"
3167,7227,38142,"array([3.18970369, 3.08126824])"
3168,7227,38183,"array([3.21409889, 3.04614334])"
3169,7227,38190,"array([3.1061632, 3.0338104])"
3170,7227,38259,"array([3.16639453, 3.06706666])"
3171,7227,38282,"array([3.17121827, 3.0722669 ])"
3172,7227,38306,"array([3.18149644, 3.04349966])"
3173,7227,38344,"array([3.17933276, 3.04419032])"
3174,7227,38372,"array([3.18448542, 3.02712619])"
3175,7227,38384,"array([3.1913654, 3.0644594])"
3176,7227,38412,"array([3.16265521, 3.04737786])"
3177,7227,38505,"array([3.17266386, 2.99490575])"
3178,7227,38533,"array([3.11542455, 3.04395276])"
3179,7227,38586,"array([3.1952799, 3.0715855])"
3180,7227,38630,"array([3.18061556, 3.04377607])"
3181,7227,38651,"array([3.2154635 , 3.08066885])"
3182,7227,38652,"array([3.18478863, 3.02918256])"
3183,7227,38675,"array([3.13597175, 3.00628008])"
3184,7227,38722,"array([3.17764322, 3.03669329])"
3185,7227,38723,"array([3.16199778, 3.05170308])"
3186,7227,38761,"array([3.18005576, 3.0697295 ])"
3187,7227,38795,"array([3.16001341, 3.00683241])"
3188,7227,38845,"array([3.18135421, 3.05975887])"
3189,7227,38863,"array([3.17156339, 3.03081   ])"
3190,7227,38865,"array([3.19345056, 3.05444007])"
3191,7227,38876,"array([3.20344396, 3.04896389])"
3192,7227,38893,"array([3.23051849, 3.05884939])"
3193,7227,38904,"array([3.20333659, 3.06241649])"
3194,7227,38905,"array([3.16881775, 3.07583955])"
3195,7227,38914,"array([3.17415345, 3.02999433])"
3196,7227,38956,"array([3.13382212, 2.9905411 ])"
3197,7227,38966,"array([3.18029055, 3.05517419])"
3198,7227,38986,"array([3.14810933, 3.0489272 ])"
3199,7227,39103,"array([3.18134235, 3.03488847])"
3200,7227,39142,"array([3.2125217 , 3.06382178])"
3201,7227,39188,"array([3.19927211, 3.0385157 ])"
3202,7227,39284,"array([3.1804417 , 3.02775702])"
3203,7227,39329,"array([3.14204516, 3.04884467])"
3204,7227,39331,"array([3.14466677, 3.05837697])"
3205,7227,39334,"array([3.19822113, 3.06069479])"
3206,7227,39374,"array([3.15902417, 3.02391067])"
3207,7227,39381,"array([3.14693922, 3.04906478])"
3208,7227,39392,"array([3.17939246, 3.06715235])"
3209,7227,39429,"array([3.1728666 , 3.04592538])"
3210,7227,39475,"array([3.18048343, 3.03991166])"
3211,7227,39513,"array([3.16200216, 3.04580659])"
3212,7227,39535,"array([3.18627056, 3.05355813])"
3213,7227,39537,"array([3.13728903, 3.05342581])"
3214,7227,39561,"array([3.1431902 , 3.04503544])"
3215,7227,39564,"array([3.18793101, 3.04611627])"
3216,7227,39566,"array([3.18555713, 3.07543258])"
3217,7227,39594,"array([3.15572787, 3.07162304])"
3218,7227,39647,"array([3.17187074, 3.04018653])"
3219,7227,39654,"array([3.17346998, 3.06497952])"
3220,7227,39663,"array([3.1273048 , 3.04136559])"
3221,7227,39686,"array([3.18646026, 3.04214077])"
3222,7227,39695,"array([3.2005049 , 3.05415278])"
3223,7227,39713,"array([3.20470793, 3.10079304])"
3224,7227,39757,"array([3.13803342, 3.05560274])"
3225,7227,39766,"array([3.19206052, 3.01214595])"
3226,7227,39821,"array([3.16257215, 3.02780697])"
3227,7227,39843,"array([3.17895827, 3.03209101])"
3228,7227,39917,"array([3.17427105, 3.01293211])"
3229,7227,39940,"array([3.18086241, 3.03776646])"
3230,7227,39945,"array([3.17960126, 3.02162243])"
3231,7227,39956,"array([3.13257999, 3.01782622])"
3232,7227,39962,"array([3.1904087 , 3.07158963])"
3233,7227,39974,"array([3.13740104, 3.04966403])"
3234,7227,39989,"array([3.2255521 , 3.09412747])"
3235,7227,39999,"array([3.18129868, 3.01257944])"
3236,7227,40049,"array([3.18838855, 2.99724171])"
3237,7227,40056,"array([3.14363382, 3.08668955])"
3238,7227,40138,"array([3.17870893, 3.03952721])"
3239,7227,40142,"array([3.16516727, 3.00586253])"
3240,7227,40153,"array([3.2234135 , 3.05422358])"
3241,7227,40155,"array([3.16677669, 3.05885104])"
3242,7227,40171,"array([3.17565723, 3.01381914])"
3243,7227,40192,"array([3.16228981, 3.01378723])"
3244,7227,40198,"array([3.19867177, 3.07333138])"
3245,7227,40236,"array([3.19577474, 3.08597515])"
3246,7227,40288,"array([3.22106699, 3.03656698])"
3247,7227,40300,"array([3.16318391, 3.05693944])"
3248,7227,40317,"array([3.19239661, 3.10091204])"
3249,7227,40327,"array([3.17932471, 3.04710943])"
3250,7227,40342,"array([3.17304665, 3.0145606 ])"
3251,7227,40391,"array([3.16056575, 3.05952094])"
3252,7227,40457,"array([3.15606621, 2.97622496])"
3253,7227,40566,"array([3.19021408, 3.08956468])"
3254,7227,40653,"array([3.16448962, 3.06617651])"
3255,7227,40664,"array([3.15020811, 3.09710861])"
3256,7227,40699,"array([3.18569179, 3.06074724])"
3257,7227,40707,"array([3.18779068, 3.06573981])"
3258,7227,40709,"array([3.17625013, 3.0351947 ])"
3259,7227,40716,"array([3.14861866, 3.04705584])"
3260,7227,40751,"array([3.15626425, 3.07703632])"
3261,7227,40771,"array([3.18417159, 2.99364731])"
3262,7227,40798,"array([3.18861049, 2.98378968])"
3263,7227,40859,"array([3.16749584, 3.04106066])"
3264,7227,40865,"array([3.09208701, 3.04522067])"
3265,7227,40870,"array([3.15462738, 3.03986933])"
3266,7227,40876,"array([3.12453914, 3.06031974])"
3267,7227,40907,"array([3.1592478 , 3.07761545])"
3268,7227,40933,"array([3.10936247, 3.02696802])"
3269,7227,40950,"array([3.17858004, 3.0837998 ])"
3270,7227,41072,"array([3.19509222, 3.04215327])"
3271,7227,41105,"array([3.17832668, 2.99919318])"
3272,7227,41118,"array([3.18508402, 3.04258517])"
3273,7227,41126,"array([3.18979917, 3.0468765 ])"
3274,7227,41135,"array([3.18623256, 3.0697329 ])"
3275,7227,41171,"array([3.1799231 , 3.06174492])"
3276,7227,41191,"array([3.18199164, 3.09514495])"
3277,7227,41225,"array([3.16405661, 3.04972365])"
3278,7227,41252,"array([3.15642814, 3.06338681])"
3279,7227,41256,"array([3.17123312, 3.0257802 ])"
3280,7227,41260,"array([3.14150813, 3.06333594])"
3281,7227,41272,"array([3.20612828, 3.07311105])"
3282,7227,41289,"array([3.16601071, 3.06186327])"
3283,7227,41330,"array([3.15537251, 3.08155494])"
3284,7227,41376,"array([3.17528163, 3.02740826])"
3285,7227,41377,"array([3.16949758, 3.04820005])"
3286,7227,41391,"array([3.18826682, 3.05861531])"
3287,7227,41404,"array([3.15190847, 3.01692462])"
3288,7227,41420,"array([3.17156035, 3.00807191])"
3289,7227,41465,"array([3.17107135, 3.08875421])"
3290,7227,41479,"array([3.20560794, 3.03472044])"
3291,7227,41542,"array([3.18757507, 3.05663134])"
3292,7227,41571,"array([3.20424168, 3.05447769])"
3293,7227,41605,"array([3.17296206, 3.07968757])"
3294,7227,41627,"array([3.19439992, 3.02013546])"
3295,7227,41665,"array([3.1275686 , 3.06504807])"
3296,7227,41690,"array([3.19807408, 3.02502339])"
3297,7227,41702,"array([3.12875121, 3.06933787])"
3298,7227,41758,"array([3.160446  , 3.05643748])"
3299,7227,41766,"array([3.16357379, 3.076334  ])"
3300,7227,41842,"array([3.1765058 , 3.03626566])"
3301,7227,41859,"array([3.13322182, 3.02475761])"
3302,7227,41891,"array([3.16955811, 3.06960614])"
3303,7227,41927,"array([3.20025882, 3.07984358])"
3304,7227,41932,"array([3.17397069, 3.04215571])"
3305,7227,41952,"array([3.17470771, 3.02828909])"
3306,7227,41953,"array([3.18149009, 3.08582786])"
3307,7227,41955,"array([3.14908489, 3.03998761])"
3308,7227,42032,"array([3.14546521, 2.98693781])"
3309,7227,42150,"array([3.1902545 , 3.02339867])"
3310,7227,42253,"array([3.18533733, 3.03654332])"
3311,7227,42292,"array([3.18903216, 3.04611623])"
3312,7227,42433,"array([3.14397373, 3.02344996])"
3313,7227,42438,"array([3.14972448, 3.00661315])"
3314,7227,42447,"array([3.16364964, 3.05606518])"
3315,7227,42467,"array([3.13943323, 3.03649368])"
3316,7227,42476,"array([3.21437312, 3.08566807])"
3317,7227,42485,"array([3.17135619, 3.07831588])"
3318,7227,42507,"array([3.16601173, 3.0216196 ])"
3319,7227,42553,"array([3.16862398, 3.02912672])"
3320,7227,42621,"array([3.18421054, 3.03543201])"
3321,7227,42622,"array([3.18663546, 3.03784737])"
3322,7227,42624,"array([3.16857656, 3.08473506])"
3323,7227,42732,"array([3.20987093, 3.00402199])"
3324,7227,42764,"array([3.16583313, 3.05541643])"
3325,7227,42793,"array([3.15089263, 3.07273792])"
3326,7227,42817,"array([3.18455453, 3.04496814])"
3327,7227,42898,"array([3.18235423, 3.04302575])"
3328,7227,42904,"array([3.18540475, 3.04414606])"
3329,7227,42940,"array([3.17224304, 3.00919504])"
3330,7227,42946,"array([3.17917065, 3.0432926 ])"
3331,7227,42948,"array([3.16394443, 3.06840734])"
3332,7227,42993,"array([3.19418674, 3.0261812 ])"
3333,7227,43006,"array([3.09969042, 3.05036094])"
3334,7227,43026,"array([3.1851659 , 3.04989401])"
3335,7227,43095,"array([3.17579612, 3.03227623])"
3336,7227,43149,"array([3.18434109, 3.05853476])"
3337,7227,43196,"array([3.19518532, 3.07322903])"
3338,7227,43269,"array([3.17822416, 3.06419449])"
3339,7227,43270,"array([3.19115546, 3.03961935])"
3340,7227,43282,"array([3.19652004, 3.0504785 ])"
3341,7227,43291,"array([3.18515159, 3.0390776 ])"
3342,7227,43295,"array([3.17976196, 3.06394931])"
3343,7227,43310,"array([3.1897272 , 3.03974756])"
3344,7227,43347,"array([3.17271135, 3.01168311])"
3345,7227,43351,"array([3.17284809, 2.99918744])"
3346,7227,43354,"array([3.14231113, 3.04692537])"
3347,7227,43379,"array([3.16275906, 3.06955062])"
3348,7227,43392,"array([3.17268864, 3.05955374])"
3349,7227,43424,"array([3.14478003, 2.99051279])"
3350,7227,43438,"array([3.11973002, 3.04542897])"
3351,7227,43450,"array([3.13463252, 3.07698231])"
3352,7227,43550,"array([3.16084417, 3.07382047])"
3353,7227,43586,"array([3.22605896, 3.0715933 ])"
3354,7227,43589,"array([3.20444327, 3.04463908])"
3355,7227,43741,"array([3.14517318, 3.03066736])"
3356,7227,43800,"array([3.14687306, 3.06228756])"
3357,7227,43814,"array([3.15475398, 3.05593786])"
3358,7227,43822,"array([3.19344375, 3.07367299])"
3359,7227,43824,"array([3.21962184, 3.07894082])"
3360,7227,43832,"array([3.18208116, 3.02840388])"
3361,7227,43841,"array([3.17264969, 3.03852688])"
3362,7227,43872,"array([3.15232781, 3.03850722])"
3363,7227,43875,"array([3.15619214, 3.0684092 ])"
3364,7227,43892,"array([3.18058092, 3.0579866 ])"
3365,7227,43974,"array([3.17853441, 3.04509149])"
3366,7227,43997,"array([3.16134031, 3.02953297])"
3367,7227,44000,"array([3.15680015, 3.04639839])"
3368,7227,44096,"array([3.12182522, 3.04248844])"
3369,7227,44100,"array([3.15484196, 3.0451092 ])"
3370,7227,44160,"array([3.14265398, 3.02860206])"
3371,7227,44250,"array([3.18596095, 3.03097118])"
3372,7227,44391,"array([3.16297517, 3.05337492])"
3373,7227,44392,"array([3.12955637, 3.04520201])"
3374,7227,44433,"array([3.12737468, 3.06276906])"
3375,7227,44522,"array([3.18193679, 3.05832487])"
3376,7227,44839,"array([3.1719832 , 3.04699755])"
3377,7227,45031,"array([3.14672779, 3.02796488])"
3378,7227,45821,"array([3.1666454 , 3.04771793])"
3379,7227,45884,"array([3.19121746, 3.08014076])"
3380,7227,45969,"array([3.16651801, 3.05658029])"
3381,7227,45994,"array([3.18904756, 3.0827139 ])"
3382,7227,46006,"array([3.17350112, 3.0407829 ])"
3383,7227,46008,"array([3.1287601 , 3.00430741])"
3384,7227,46243,"array([3.13426074, 3.03688952])"
3385,7227,46719,"array([3.18138394, 3.0541097 ])"
3386,7227,47396,"array([3.14692231, 3.02233298])"
3387,7227,47611,"array([3.15293801, 3.06228642])"
3388,7227,47729,"array([3.17668497, 3.06151703])"
3389,7227,48481,"array([3.1737366 , 3.05445934])"
3390,7227,49090,"array([3.17510783, 3.06229615])"
3391,7227,49241,"array([3.11611168, 3.07483105])"
3392,7227,50070,"array([3.15466719, 3.04069653])"
3393,7227,50149,"array([3.18924417, 3.03829442])"
3394,7227,50169,"array([3.17535209, 3.03742569])"
3395,7227,53425,"array([3.12601626, 3.06894225])"
3396,7227,64875,"array([3.19549228, 3.05013044])"
3397,7227,64879,"array([3.19564562, 3.0326462 ])"
3398,7227,117361,"array([3.18554788, 3.06244548])"
3399,7227,246415,"array([3.21198723, 3.07164863])"
3400,7227,246543,"array([3.17671729, 3.06412219])"
3401,7227,246549,"array([3.13085603, 3.04981263])"
3402,7227,246584,"array([3.21578282, 3.06213205])"
3403,7227,246621,"array([3.16334401, 3.06620865])"
3404,7227,246644,"array([3.19653001, 3.07026012])"
3405,7227,260659,"array([3.19269417, 3.06633139])"
3406,7227,318000,"array([3.18639195, 3.07875125])"
3407,7227,318008,"array([3.17393289, 3.06871939])"
3408,7227,318153,"array([3.188024  , 3.06830317])"
3409,7227,318220,"array([3.11679184, 3.05189842])"
3410,7227,318552,"array([3.15470257, 3.07863503])"
3411,7227,318622,"array([3.15418484, 3.07018901])"
3412,7227,318939,"array([3.19301943, 3.07215822])"
3413,7227,319011,"array([3.19308792, 3.06336031])"
3414,7227,326123,"array([3.21174438, 3.07352413])"
3415,7227,326153,"array([3.18250353, 3.02429476])"
3416,7227,326165,"array([3.16705328, 3.07088094])"
3417,7227,326202,"array([3.21138352, 3.06825958])"
3418,7227,326206,"array([3.16061169, 3.0585688 ])"
3419,7227,2768716,"array([3.16030781, 3.07618935])"
3420,7227,2768848,"array([3.14710609, 3.05383603])"
3421,7227,2768860,"array([3.22098472, 3.08084278])"
3422,7227,2768926,"array([3.22227549, 3.07524939])"
3423,7227,2768948,"array([3.16981916, 3.03082252])"
3424,7227,2768964,"array([3.20981319, 3.07179426])"
3425,7227,2768968,"array([3.19980278, 3.07410128])"
3426,7227,2768984,"array([3.20152372, 3.06658746])"
3427,7227,3346238,"array([3.21387263, 3.02036434])"
3428,7227,3772349,"array([3.17796117, 3.07763221])"
3429,7227,5740131,"array([3.15591048, 3.04859925])"
3430,7227,8674026,"array([3.1897378 , 3.05697577])"
3431,7227,8674055,"array([3.16724114, 3.06038324])"
3432,7227,31249,"array([3.16872985, 2.98170117])"
3433,7227,35054,"array([3.15796689, 2.98092608])"
3434,7227,37778,"array([3.18129293, 3.02546296])"
3435,7227,31250,"array([3.125714  , 3.00209824])"
3436,7227,34038,"array([3.11963485, 3.01029652])"
3437,7227,43466,"array([3.16581517, 3.00323434])"
3438,7227,33111,"array([3.13598522, 3.02533196])"
3439,7227,34052,"array([3.14227637, 3.06518683])"
3440,7227,34055,"array([3.13910268, 3.04945089])"
3441,7227,35977,"array([3.15200796, 3.00864313])"
3442,7227,37537,"array([3.12395006, 3.00698348])"
3443,7227,38890,"array([3.14950185, 3.01908194])"
3444,7227,39410,"array([3.20199647, 2.97679961])"
3445,7227,40162,"array([3.17829226, 3.03814413])"
3446,7227,47249,"array([3.16373098, 3.02466063])"
3447,7227,31252,"array([3.08958949, 3.0536901 ])"
3448,7227,40599,"array([3.12815308, 3.03141694])"
3449,7227,31253,"array([3.15573947, 3.08594452])"
3450,7227,37637,"array([3.12640937, 3.05549276])"
3451,7227,31254,"array([3.18986566, 3.00473625])"
3452,7227,31255,"array([3.13122646, 3.02825874])"
3453,7227,32458,"array([3.1424578 , 3.02792226])"
3454,7227,36507,"array([3.13290721, 3.02265645])"
3455,7227,36536,"array([3.13886406, 3.02654357])"
3456,7227,37769,"array([3.16612082, 3.04611806])"
3457,7227,38365,"array([3.12927695, 3.02949355])"
3458,7227,43912,"array([3.13827395, 3.03374868])"
3459,7227,338395,"array([3.14911856, 3.00222036])"
3460,7227,31256,"array([3.11922897, 2.99527657])"
3461,7227,31679,"array([3.10620844, 2.98152189])"
3462,7227,35161,"array([3.0829291 , 2.95578339])"
3463,7227,36239,"array([3.17174658, 3.01876373])"
3464,7227,37706,"array([3.12057803, 3.00475531])"
3465,7227,38169,"array([3.12021806, 3.01974146])"
3466,7227,46059,"array([3.13705151, 3.02390365])"
3467,7227,31257,"array([3.25011957, 3.03005031])"
3468,7227,31258,"array([3.19439592, 3.03177028])"
3469,7227,31259,"array([3.17636048, 3.05710452])"
3470,7227,33304,"array([3.17041643, 3.02943677])"
3471,7227,33619,"array([3.16565012, 3.05097747])"
3472,7227,8674030,"array([3.16979047, 3.05428878])"
3473,7227,31261,"array([3.10752631, 3.06174003])"
3474,7227,31780,"array([3.15992143, 3.03419536])"
3475,7227,40529,"array([3.13030775, 3.02073919])"
3476,7227,31262,"array([3.17290963, 3.08927951])"
3477,7227,38427,"array([3.16729448, 3.06943918])"
3478,7227,31263,"array([3.20057953, 3.02937202])"
3479,7227,33782,"array([3.16247322, 3.03501058])"
3480,7227,32932,"array([3.12926405, 3.02678011])"
3481,7227,33757,"array([3.14594905, 3.0118976 ])"
3482,7227,34741,"array([3.14764994, 3.04263222])"
3483,7227,38797,"array([3.15131313, 2.99146148])"
3484,7227,39600,"array([3.13027486, 3.01250619])"
3485,7227,41622,"array([3.15519746, 2.97459868])"
3486,7227,42745,"array([3.14520702, 3.01942857])"
3487,7227,49505,"array([3.17575083, 2.99624245])"
3488,7227,59239,"array([3.14660186, 3.00667038])"
3489,7227,318572,"array([3.09674314, 2.99381785])"
3490,7227,31265,"array([3.14230761, 2.99706625])"
3491,7227,31304,"array([3.11349133, 2.98292863])"
3492,7227,31565,"array([3.13975636, 3.01620787])"
3493,7227,31812,"array([3.16248784, 2.99788064])"
3494,7227,33807,"array([3.10876191, 3.01005868])"
3495,7227,34154,"array([3.14413945, 2.99157297])"
3496,7227,36092,"array([3.11723828, 3.01307844])"
3497,7227,36645,"array([3.16297891, 3.01127134])"
3498,7227,36792,"array([3.12416162, 3.01895107])"
3499,7227,36820,"array([3.14055087, 3.0167909 ])"
3500,7227,38938,"array([3.12063224, 2.99556025])"
3501,7227,39688,"array([3.12909194, 2.98850841])"
3502,7227,39865,"array([3.14502273, 2.97656056])"
3503,7227,41417,"array([3.13865995, 2.96128074])"
3504,7227,41811,"array([3.16394392, 3.00942677])"
3505,7227,42201,"array([3.14825549, 3.00058465])"
3506,7227,42290,"array([3.12914806, 3.0185933 ])"
3507,7227,59233,"array([3.1370256 , 2.99232338])"
3508,7227,31416,"array([3.09223814, 2.97456126])"
3509,7227,31630,"array([3.09900398, 2.98630679])"
3510,7227,34094,"array([3.15847974, 2.96103361])"
3511,7227,34856,"array([3.11642455, 3.02261333])"
3512,7227,35514,"array([3.11174763, 2.99446923])"
3513,7227,36156,"array([3.18182169, 3.03572648])"
3514,7227,36643,"array([3.15115796, 3.02409327])"
3515,7227,37805,"array([3.146843  , 3.03891586])"
3516,7227,39645,"array([3.15922173, 3.02867327])"
3517,7227,39758,"array([3.11438883, 3.04835188])"
3518,7227,40189,"array([3.14081223, 3.03311601])"
3519,7227,40303,"array([3.13561456, 3.00851044])"
3520,7227,40843,"array([3.16114527, 3.02514317])"
3521,7227,41788,"array([3.1704643 , 3.02570591])"
3522,7227,31267,"array([3.14829077, 3.00411254])"
3523,7227,33735,"array([3.12344598, 3.0103465 ])"
3524,7227,34142,"array([3.14853133, 3.02751893])"
3525,7227,34984,"array([3.16341657, 2.9855985 ])"
3526,7227,39305,"array([3.12878542, 2.99935776])"
3527,7227,41284,"array([3.12266511, 2.99581611])"
3528,7227,42393,"array([3.15894746, 3.04149084])"
3529,7227,43530,"array([3.15828118, 2.99956079])"
3530,7227,43566,"array([3.16476563, 3.00969322])"
3531,7227,43735,"array([3.13348381, 3.01652316])"
3532,7227,2768853,"array([3.16988794, 3.02657746])"
3533,7227,31268,"array([3.17425142, 2.99168379])"
3534,7227,42140,"array([3.16336596, 3.01501602])"
3535,7227,53546,"array([3.16810327, 3.04679896])"
3536,7227,31270,"array([3.17537051, 3.054188  ])"
3537,7227,33814,"array([3.16103815, 3.02411902])"
3538,7227,37367,"array([3.1380958, 2.9987996])"
3539,7227,31271,"array([3.18739208, 3.0057596 ])"
3540,7227,36251,"array([3.18777106, 3.02936399])"
3541,7227,36266,"array([3.19500917, 2.9769997 ])"
3542,7227,36504,"array([3.23063313, 2.97125305])"
3543,7227,37724,"array([3.22150435, 3.02433525])"
3544,7227,37729,"array([3.1404405, 3.0204974])"
3545,7227,39836,"array([3.19456414, 3.02492573])"
3546,7227,42757,"array([3.17010344, 3.00573226])"
3547,7227,31272,"array([3.14494048, 2.95179066])"
3548,7227,31273,"array([3.10567118, 3.00464141])"
3549,7227,40020,"array([3.13631653, 3.01209147])"
3550,7227,41406,"array([3.16365176, 3.00174111])"
3551,7227,31275,"array([3.07570656, 3.0222283 ])"
3552,7227,31276,"array([3.10506329, 3.01812868])"
3553,7227,40355,"array([3.11852235, 3.01575012])"
3554,7227,31277,"array([3.13204545, 3.0503881 ])"
3555,7227,38355,"array([3.11440845, 3.07668888])"
3556,7227,40232,"array([3.15788323, 3.03114936])"
3557,7227,40639,"array([3.13194765, 3.03133453])"
3558,7227,45680,"array([3.133302  , 3.03899264])"
3559,7227,32826,"array([3.12720834, 2.9980083 ])"
3560,7227,33815,"array([3.09994541, 3.00714716])"
3561,7227,34031,"array([3.09302678, 2.99610671])"
3562,7227,40297,"array([3.13527446, 2.99818667])"
3563,7227,41679,"array([3.10702452, 3.00375874])"
3564,7227,31282,"array([3.20738087, 3.10602583])"
3565,7227,31283,"array([3.12938884, 2.97088083])"
3566,7227,31284,"array([3.07137081, 3.03365948])"
3567,7227,32463,"array([3.1212561 , 3.01380358])"
3568,7227,35303,"array([3.10759568, 3.05277297])"
3569,7227,31285,"array([3.20967758, 3.06570063])"
3570,7227,31288,"array([3.06217589, 2.97771031])"
3571,7227,31289,"array([3.15746897, 3.0101325 ])"
3572,7227,40691,"array([3.15134485, 3.0533117 ])"
3573,7227,31997,"array([3.17571716, 3.0480137 ])"
3574,7227,38424,"array([3.15255928, 3.02684223])"
3575,7227,44129,"array([3.1602181 , 3.05476178])"
3576,7227,31291,"array([3.16923674, 3.01947685])"
3577,7227,34751,"array([3.16686731, 3.04422218])"
3578,7227,43005,"array([3.14956736, 3.05410029])"
3579,7227,44380,"array([3.12245696, 3.01736643])"
3580,7227,44668,"array([3.19060574, 3.04425575])"
3581,7227,49424,"array([3.11522186, 3.00203143])"
3582,7227,31331,"array([3.15804756, 3.02438111])"
3583,7227,31379,"array([3.19457792, 3.0228315 ])"
3584,7227,31746,"array([3.17058094, 3.02691758])"
3585,7227,31801,"array([3.18342596, 3.04111439])"
3586,7227,31890,"array([3.16952453, 3.08330683])"
3587,7227,32162,"array([3.15984325, 3.09986156])"
3588,7227,32191,"array([3.15135202, 3.06406698])"
3589,7227,32257,"array([3.14384538, 3.04666072])"
3590,7227,32374,"array([3.19159737, 3.02687869])"
3591,7227,32821,"array([3.15393397, 3.06524502])"
3592,7227,33110,"array([3.16022894, 3.05021022])"
3593,7227,33137,"array([3.18761619, 3.0524473 ])"
3594,7227,33349,"array([3.17847041, 3.0292007 ])"
3595,7227,33361,"array([3.21790305, 3.02487383])"
3596,7227,33367,"array([3.1627526 , 3.07846217])"
3597,7227,33389,"array([3.16199463, 3.06275614])"
3598,7227,33419,"array([3.18519741, 3.03572589])"
3599,7227,33424,"array([3.14116167, 3.08918459])"
3600,7227,33761,"array([3.18246093, 3.04106662])"
3601,7227,33983,"array([3.20778464, 3.04424588])"
3602,7227,34362,"array([3.19027383, 3.01035715])"
3603,7227,34791,"array([3.15540146, 3.09193513])"
3604,7227,34830,"array([3.19178071, 3.05850686])"
3605,7227,34850,"array([3.16992313, 3.06445023])"
3606,7227,34912,"array([3.17388206, 3.07775641])"
3607,7227,34930,"array([3.15250616, 3.0227051 ])"
3608,7227,34950,"array([3.1898009 , 3.06371873])"
3609,7227,34997,"array([3.1527363 , 3.02847038])"
3610,7227,35119,"array([3.16580181, 3.00978429])"
3611,7227,35169,"array([3.17263571, 3.01818769])"
3612,7227,35277,"array([3.15678043, 3.03414935])"
3613,7227,35305,"array([3.17197776, 3.02630571])"
3614,7227,35314,"array([3.16241465, 2.99674418])"
3615,7227,35380,"array([3.18344984, 3.01409915])"
3616,7227,35439,"array([3.16043432, 3.08357254])"
3617,7227,35527,"array([3.12625458, 3.05169501])"
3618,7227,35630,"array([3.15194363, 3.07351807])"
3619,7227,35696,"array([3.15870149, 3.04014106])"
3620,7227,35824,"array([3.18862094, 3.02483884])"
3621,7227,35912,"array([3.18164745, 3.08238874])"
3622,7227,36089,"array([3.13442453, 3.06768884])"
3623,7227,36107,"array([3.18123696, 3.04504164])"
3624,7227,36245,"array([3.16513901, 3.07912019])"
3625,7227,36263,"array([3.12165359, 3.04496747])"
3626,7227,36411,"array([3.16261203, 3.0682621 ])"
3627,7227,36442,"array([3.18759838, 3.07291774])"
3628,7227,36555,"array([3.17286084, 3.02104914])"
3629,7227,36564,"array([3.14130223, 3.05927266])"
3630,7227,36760,"array([3.16095433, 3.06029544])"
3631,7227,36826,"array([3.14100488, 3.054528  ])"
3632,7227,37146,"array([3.17432904, 3.0315016 ])"
3633,7227,37166,"array([3.22037044, 3.07083228])"
3634,7227,37177,"array([3.13317352, 3.06299278])"
3635,7227,37185,"array([3.16917322, 3.05358237])"
3636,7227,37217,"array([3.14362164, 2.99223674])"
3637,7227,37272,"array([3.11230823, 2.99842068])"
3638,7227,37400,"array([3.15178823, 3.01359693])"
3639,7227,37485,"array([3.16530526, 3.07130071])"
3640,7227,37662,"array([3.17065662, 3.03279789])"
3641,7227,37702,"array([3.17759565, 3.05230336])"
3642,7227,37749,"array([3.16513778, 2.99396858])"
3643,7227,38199,"array([3.16237699, 3.02288036])"
3644,7227,38226,"array([3.17629636, 3.04975968])"
3645,7227,38378,"array([3.13571075, 3.00270986])"
3646,7227,38385,"array([3.17322865, 3.05634912])"
3647,7227,38981,"array([3.17990012, 3.06033086])"
3648,7227,38982,"array([3.15232461, 3.04965879])"
3649,7227,38990,"array([3.13051038, 3.01000971])"
3650,7227,39119,"array([3.15000128, 3.0176163 ])"
3651,7227,39144,"array([3.16141201, 3.07026446])"
3652,7227,39270,"array([3.17065106, 3.03027358])"
3653,7227,39667,"array([3.19421694, 3.05909489])"
3654,7227,39750,"array([3.18250148, 3.05529388])"
3655,7227,39760,"array([3.15813805, 3.05341574])"
3656,7227,39866,"array([3.15294837, 3.06113549])"
3657,7227,39922,"array([3.12993242, 3.06355518])"
3658,7227,39958,"array([3.15575924, 3.05084597])"
3659,7227,40085,"array([3.21356348, 3.06103104])"
3660,7227,40143,"array([3.15179968, 3.06842506])"
3661,7227,40157,"array([3.21327922, 3.04898623])"
3662,7227,40210,"array([3.15501079, 3.06573398])"
3663,7227,40260,"array([3.17082078, 3.04275763])"
3664,7227,40314,"array([3.12536427, 3.04909937])"
3665,7227,40502,"array([3.17247931, 3.0854317 ])"
3666,7227,40706,"array([3.13541502, 3.02027793])"
3667,7227,40739,"array([3.16372578, 3.03690666])"
3668,7227,40760,"array([3.14740923, 3.00023189])"
3669,7227,40785,"array([3.13051157, 3.02741251])"
3670,7227,40956,"array([3.20359596, 3.01228498])"
3671,7227,40977,"array([3.1804694 , 3.01869212])"
3672,7227,41014,"array([3.16588008, 3.0266712 ])"
3673,7227,41062,"array([3.1597884 , 3.04274279])"
3674,7227,41214,"array([3.19449193, 3.05113785])"
3675,7227,41360,"array([3.15931581, 3.03494898])"
3676,7227,41393,"array([3.1639809 , 2.97450616])"
3677,7227,41511,"array([3.20465412, 3.04313167])"
3678,7227,41767,"array([3.11327807, 3.02545106])"
3679,7227,41913,"array([3.1874328 , 3.07710687])"
3680,7227,42209,"array([3.18050688, 3.04654609])"
3681,7227,42243,"array([3.20418484, 3.04178967])"
3682,7227,42250,"array([3.12889264, 3.04508216])"
3683,7227,42302,"array([3.17999369, 3.0287249 ])"
3684,7227,42337,"array([3.21509601, 3.04794233])"
3685,7227,42402,"array([3.19755322, 3.0395901 ])"
3686,7227,42497,"array([3.19354866, 3.05784213])"
3687,7227,42545,"array([3.13622361, 3.06694016])"
3688,7227,42964,"array([3.14241446, 3.05127573])"
3689,7227,43064,"array([3.2174024 , 3.07395569])"
3690,7227,43077,"array([3.1539424 , 3.06077052])"
3691,7227,43167,"array([3.13625446, 3.0053541 ])"
3692,7227,43242,"array([3.15429069, 3.07167326])"
3693,7227,43266,"array([3.1521613 , 3.07206714])"
3694,7227,43275,"array([3.19304928, 3.04241137])"
3695,7227,43307,"array([3.18768852, 3.06964622])"
3696,7227,43343,"array([3.17729037, 2.99927544])"
3697,7227,43412,"array([3.1396603 , 3.09421173])"
3698,7227,43442,"array([3.1412586 , 3.05678381])"
3699,7227,43535,"array([3.18119034, 3.01904573])"
3700,7227,43600,"array([3.178112  , 3.09274235])"
3701,7227,43611,"array([3.17662723, 3.05184345])"
3702,7227,43659,"array([3.17386129, 3.04999907])"
3703,7227,43934,"array([3.16178273, 3.07983801])"
3704,7227,43958,"array([3.16369966, 3.04258198])"
3705,7227,44115,"array([3.1716683 , 3.03158675])"
3706,7227,44861,"array([3.17959336, 3.05428592])"
3707,7227,47219,"array([3.15960639, 3.02524688])"
3708,7227,47998,"array([3.1616395 , 3.02892761])"
3709,7227,246504,"array([3.19066052, 3.07292986])"
3710,7227,246522,"array([3.19869455, 3.06741204])"
3711,7227,317967,"array([3.18394246, 3.1009656 ])"
3712,7227,318559,"array([3.1870075 , 3.07112345])"
3713,7227,318574,"array([3.17569667, 3.06461157])"
3714,7227,318610,"array([3.17816716, 3.08718315])"
3715,7227,318664,"array([3.14711294, 3.05555105])"
3716,7227,318727,"array([3.1856642 , 3.08329257])"
3717,7227,326173,"array([3.15458533, 3.05778527])"
3718,7227,326234,"array([3.13860962, 3.04076815])"
3719,7227,3355072,"array([3.16590777, 3.01968336])"
3720,7227,8674066,"array([3.15363056, 3.10041614])"
3721,7227,31294,"array([3.16583019, 3.01057037])"
3722,7227,31829,"array([3.18656807, 3.01855065])"
3723,7227,33027,"array([3.13165168, 2.99399169])"
3724,7227,34352,"array([3.16318815, 3.02540463])"
3725,7227,34412,"array([3.13366615, 3.03122654])"
3726,7227,34489,"array([3.18812804, 3.02159992])"
3727,7227,34554,"array([3.18119888, 3.02315846])"
3728,7227,34682,"array([3.1296452, 3.0312582])"
3729,7227,38109,"array([3.19269141, 3.02064225])"
3730,7227,39509,"array([3.14760572, 3.00518586])"
3731,7227,40888,"array([3.14824293, 2.99121292])"
3732,7227,43768,"array([3.15714427, 3.02717403])"
3733,7227,7354471,"array([3.1907143 , 2.99313937])"
3734,7227,31295,"array([3.15385649, 3.04115426])"
3735,7227,31483,"array([3.16467097, 3.03189792])"
3736,7227,32672,"array([3.11803046, 3.0710437 ])"
3737,7227,41807,"array([3.15028076, 3.05485514])"
3738,7227,41887,"array([3.14222316, 2.99977873])"
3739,7227,47765,"array([3.16535999, 3.04577646])"
3740,7227,326108,"array([3.15328632, 3.06335606])"
3741,7227,33192,"array([3.11894497, 3.07699892])"
3742,7227,33462,"array([3.14350468, 3.03321949])"
3743,7227,38342,"array([3.15798652, 3.04317005])"
3744,7227,38883,"array([3.14756351, 2.98329164])"
3745,7227,39978,"array([3.14400535, 3.01036156])"
3746,7227,41587,"array([3.12455777, 3.03407991])"
3747,7227,31300,"array([3.09844438, 2.98000953])"
3748,7227,41858,"array([3.12441718, 2.97823012])"
3749,7227,31301,"array([3.11782064, 2.93548017])"
3750,7227,5740323,"array([3.13274692, 2.99007828])"
3751,7227,37758,"array([3.12499993, 3.00634812])"
3752,7227,31309,"array([3.14398831, 3.00873889])"
3753,7227,37766,"array([3.16068414, 2.99605505])"
3754,7227,40670,"array([3.14352127, 3.02474641])"
3755,7227,50446,"array([3.10077114, 3.01579159])"
3756,7227,31474,"array([3.16785584, 3.02076205])"
3757,7227,31588,"array([3.15583828, 3.02591666])"
3758,7227,32119,"array([3.14912415, 3.01724253])"
3759,7227,32299,"array([3.12695803, 2.99468893])"
3760,7227,32751,"array([3.17638391, 3.04259697])"
3761,7227,32935,"array([3.196861  , 3.03074086])"
3762,7227,35678,"array([3.17058575, 3.05119219])"
3763,7227,36551,"array([3.16993138, 3.01857134])"
3764,7227,36855,"array([3.16234463, 3.02938011])"
3765,7227,36985,"array([3.16648624, 3.02586793])"
3766,7227,37123,"array([3.15419933, 3.05660085])"
3767,7227,37144,"array([3.13987621, 3.04583702])"
3768,7227,37368,"array([3.15062724, 3.03159688])"
3769,7227,37759,"array([3.14725741, 2.99451726])"
3770,7227,38055,"array([3.18194664, 3.00432998])"
3771,7227,38208,"array([3.15948369, 3.02585795])"
3772,7227,38824,"array([3.16765612, 3.02609606])"
3773,7227,38895,"array([3.14981785, 3.0344068 ])"
3774,7227,39108,"array([3.16034677, 3.02958248])"
3775,7227,39160,"array([3.14987942, 3.07399218])"
3776,7227,39338,"array([3.16190081, 3.02701542])"
3777,7227,39377,"array([3.15745062, 3.02277033])"
3778,7227,40095,"array([3.14041177, 3.01805086])"
3779,7227,40687,"array([3.16009376, 3.03314924])"
3780,7227,41549,"array([3.19910137, 3.04872577])"
3781,7227,42086,"array([3.21248623, 3.02236076])"
3782,7227,42087,"array([3.1622312 , 3.03891377])"
3783,7227,42935,"array([3.18023473, 3.04875397])"
3784,7227,42985,"array([3.16355528, 3.06250637])"
3785,7227,43236,"array([3.15589818, 3.00150274])"
3786,7227,43594,"array([3.15659003, 3.02569946])"
3787,7227,43723,"array([3.16363286, 3.02850254])"
3788,7227,43984,"array([3.14111989, 2.97498083])"
3789,7227,44207,"array([3.11428341, 3.06808929])"
3790,7227,46662,"array([3.17042488, 3.03192182])"
3791,7227,326148,"array([3.12954123, 3.04352348])"
3792,7227,3885565,"array([3.12844785, 3.01480483])"
3793,7227,4379884,"array([3.11738853, 3.01760694])"
3794,7227,5740788,"array([3.14659421, 2.99754176])"
3795,7227,31314,"array([3.14926676, 3.11497285])"
3796,7227,39106,"array([3.15846373, 3.05410981])"
3797,7227,31315,"array([3.09212117, 2.99775973])"
3798,7227,32692,"array([3.08961409, 3.01249144])"
3799,7227,35273,"array([3.08505977, 2.99672969])"
3800,7227,38150,"array([3.15016979, 3.0161777 ])"
3801,7227,40111,"array([3.11255492, 2.99297359])"
3802,7227,31316,"array([3.14955685, 3.07817026])"
3803,7227,31317,"array([3.08989536, 3.02399182])"
3804,7227,33540,"array([3.09433774, 3.02401657])"
3805,7227,35226,"array([3.11246148, 3.03663521])"
3806,7227,43193,"array([3.11986978, 3.02464131])"
3807,7227,31318,"array([3.11656054, 3.03021015])"
3808,7227,32520,"array([3.12378121, 3.02286182])"
3809,7227,36242,"array([3.09941175, 3.02451812])"
3810,7227,31319,"array([3.16136143, 3.05259449])"
3811,7227,37315,"array([3.16412828, 3.01045507])"
3812,7227,39023,"array([3.13572905, 3.03324015])"
3813,7227,33562,"array([3.11541324, 3.06250322])"
3814,7227,31321,"array([3.20773871, 3.01405549])"
3815,7227,40582,"array([3.18630958, 3.04774781])"
3816,7227,31322,"array([3.17432873, 2.97272521])"
3817,7227,39180,"array([3.15768993, 2.94678669])"
3818,7227,48552,"array([3.15399146, 3.03728632])"
3819,7227,50296,"array([3.15414666, 2.95921574])"
3820,7227,31323,"array([3.11638999, 3.04558197])"
3821,7227,38223,"array([3.12343284, 3.03815506])"
3822,7227,39826,"array([3.13547086, 3.04026408])"
3823,7227,31326,"array([3.16983872, 2.98253047])"
3824,7227,31328,"array([3.19125849, 3.00189301])"
3825,7227,46140,"array([3.1443791, 3.0305204])"
3826,7227,31329,"array([3.11677228, 2.99226465])"
3827,7227,39775,"array([3.13267682, 3.04630068])"
3828,7227,32587,"array([3.16469019, 3.0353968 ])"
3829,7227,33275,"array([3.20500587, 3.0373354 ])"
3830,7227,34330,"array([3.1303769 , 2.99153223])"
3831,7227,35336,"array([3.16163435, 3.04374102])"
3832,7227,38346,"array([3.1443554 , 2.98823514])"
3833,7227,38598,"array([3.10480674, 3.02242183])"
3834,7227,42916,"array([3.19327728, 3.00394213])"
3835,7227,43201,"array([3.16984777, 3.07086013])"
3836,7227,43707,"array([3.11886002, 3.02816933])"
3837,7227,44497,"array([3.14077781, 3.06095754])"
3838,7227,5740252,"array([3.17021194, 3.02320649])"
3839,7227,32838,"array([3.14957828, 3.05311186])"
3840,7227,32943,"array([3.18462486, 3.06184195])"
3841,7227,33563,"array([3.17297696, 3.04022163])"
3842,7227,33659,"array([3.12766794, 3.0478131 ])"
3843,7227,35554,"array([3.18945423, 3.04814362])"
3844,7227,35609,"array([3.18151111, 3.04693594])"
3845,7227,37134,"array([3.17161861, 3.02876736])"
3846,7227,37403,"array([3.18452484, 3.04162456])"
3847,7227,38168,"array([3.13320775, 3.04214856])"
3848,7227,38197,"array([3.17403787, 3.01040787])"
3849,7227,42484,"array([3.16158861, 3.00848982])"
3850,7227,42874,"array([3.14187764, 3.08278196])"
3851,7227,43163,"array([3.17878252, 3.05257719])"
3852,7227,43812,"array([3.16437257, 3.00653191])"
3853,7227,43830,"array([3.16842128, 3.01772351])"
3854,7227,3354987,"array([3.1319673 , 3.04565212])"
3855,7227,31532,"array([3.13350593, 3.05575045])"
3856,7227,31551,"array([3.10128059, 3.0117102 ])"
3857,7227,31958,"array([3.13540725, 3.00019279])"
3858,7227,32103,"array([3.11736177, 3.05289811])"
3859,7227,32122,"array([3.10553183, 2.99267933])"
3860,7227,32163,"array([3.1047357 , 3.04362665])"
3861,7227,32311,"array([3.09764694, 3.03362862])"
3862,7227,33096,"array([3.11138389, 3.05816518])"
3863,7227,33119,"array([3.15139336, 3.05247948])"
3864,7227,33172,"array([3.13011455, 3.03332448])"
3865,7227,33236,"array([3.11501632, 3.00898453])"
3866,7227,33307,"array([3.1212252, 3.0284824])"
3867,7227,33350,"array([3.10605255, 3.0172134 ])"
3868,7227,33474,"array([3.17316429, 3.02341589])"
3869,7227,33541,"array([3.11345754, 3.03719524])"
3870,7227,33630,"array([3.10983714, 3.01387145])"
3871,7227,33751,"array([3.10818902, 2.98757066])"
3872,7227,33874,"array([3.09439702, 3.06813966])"
3873,7227,33883,"array([3.10948985, 3.01915746])"
3874,7227,34514,"array([3.1454719 , 3.04199415])"
3875,7227,34604,"array([3.19189959, 3.05257557])"
3876,7227,34634,"array([3.12945219, 3.04666904])"
3877,7227,34667,"array([3.12287076, 3.0553534 ])"
3878,7227,34863,"array([3.09845053, 3.04798372])"
3879,7227,35034,"array([3.16164249, 3.0559006 ])"
3880,7227,36143,"array([3.12876396, 3.04999924])"
3881,7227,36348,"array([3.10832794, 3.02117906])"
3882,7227,36437,"array([3.10489546, 3.05976159])"
3883,7227,36509,"array([3.09941005, 3.00506105])"
3884,7227,36834,"array([3.09418378, 3.06119344])"
3885,7227,36863,"array([3.13137762, 3.05944021])"
3886,7227,36967,"array([3.13849268, 2.98361081])"
3887,7227,37105,"array([3.08671362, 3.00057059])"
3888,7227,37389,"array([3.12503053, 3.01368449])"
3889,7227,38121,"array([3.10949554, 3.04445859])"
3890,7227,38180,"array([3.13486373, 3.04308763])"
3891,7227,38291,"array([3.15134901, 3.04522944])"
3892,7227,38298,"array([3.06710788, 3.02212307])"
3893,7227,38398,"array([3.15618329, 2.99348742])"
3894,7227,38528,"array([3.10569529, 3.04223205])"
3895,7227,38603,"array([3.11761461, 3.00753808])"
3896,7227,38859,"array([3.11847572, 3.00837051])"
3897,7227,38985,"array([3.12009297, 3.05998317])"
3898,7227,38987,"array([3.09795296, 3.05271337])"
3899,7227,39173,"array([3.16503132, 3.0370039 ])"
3900,7227,39997,"array([3.14600719, 3.05933224])"
3901,7227,40086,"array([3.13352295, 3.00389037])"
3902,7227,40367,"array([3.1419696 , 3.00457204])"
3903,7227,40459,"array([3.13890695, 3.04018907])"
3904,7227,40540,"array([3.14259943, 3.03929594])"
3905,7227,40844,"array([3.13026553, 3.01111404])"
3906,7227,40901,"array([3.14783207, 3.00634685])"
3907,7227,40905,"array([3.08777835, 3.04083342])"
3908,7227,40908,"array([3.09207198, 3.04139386])"
3909,7227,41147,"array([3.14668749, 3.0214249 ])"
3910,7227,42001,"array([3.10348086, 3.00429939])"
3911,7227,42002,"array([3.12755249, 3.00060339])"
3912,7227,42512,"array([3.14849639, 2.9940858 ])"
3913,7227,42654,"array([3.08973722, 3.04147364])"
3914,7227,42690,"array([3.13904064, 3.0136654 ])"
3915,7227,42839,"array([3.10484229, 3.00759442])"
3916,7227,42901,"array([3.10622649, 3.03551971])"
3917,7227,43720,"array([3.14691755, 3.02028817])"
3918,7227,44172,"array([3.11903466, 3.04599211])"
3919,7227,59224,"array([3.10504694, 3.07366904])"
3920,7227,59226,"array([3.11871906, 3.0495711 ])"
3921,7227,246548,"array([3.12254882, 3.04547142])"
3922,7227,318030,"array([3.16308009, 2.97915724])"
3923,7227,318627,"array([3.08009921, 3.03442968])"
3924,7227,318636,"array([3.10750501, 3.05870963])"
3925,7227,318951,"array([3.1309016 , 3.02123877])"
3926,7227,319000,"array([3.09165099, 3.0349645 ])"
3927,7227,3355123,"array([3.10865866, 3.04150628])"
3928,7227,3355133,"array([3.18746662, 3.02834672])"
3929,7227,5740204,"array([3.13321433, 3.07085669])"
3930,7227,31336,"array([3.17354841, 2.99630719])"
3931,7227,32512,"array([3.16834066, 2.98593473])"
3932,7227,42922,"array([3.15036063, 3.04685673])"
3933,7227,48531,"array([3.14050782, 3.05160232])"
3934,7227,31340,"array([3.18250826, 3.00978683])"
3935,7227,33798,"array([3.1503894 , 2.99992219])"
3936,7227,36492,"array([3.16484835, 3.04841779])"
3937,7227,37523,"array([3.15907687, 3.02460419])"
3938,7227,42495,"array([3.15802238, 3.00519161])"
3939,7227,40934,"array([3.1798884 , 3.05899204])"
3940,7227,32733,"array([3.12296282, 3.02174381])"
3941,7227,33372,"array([3.1384024 , 3.06473726])"
3942,7227,35258,"array([3.11638236, 3.03820281])"
3943,7227,35719,"array([3.13031797, 3.08405567])"
3944,7227,35944,"array([3.12606961, 3.05690581])"
3945,7227,36104,"array([3.17274685, 3.02595908])"
3946,7227,36731,"array([3.12424696, 3.0472823 ])"
3947,7227,39405,"array([3.15359753, 3.00737362])"
3948,7227,39745,"array([3.1411371 , 3.05130469])"
3949,7227,40389,"array([3.12167573, 3.07314618])"
3950,7227,41104,"array([3.13079697, 3.06418301])"
3951,7227,42214,"array([3.13098169, 3.04692443])"
3952,7227,42424,"array([3.15408666, 2.98454946])"
3953,7227,42617,"array([3.11924408, 3.04386672])"
3954,7227,42740,"array([3.11241297, 3.06374832])"
3955,7227,53579,"array([3.14510416, 3.01008714])"
3956,7227,3355124,"array([3.15492277, 3.02612733])"
3957,7227,31343,"array([3.09221591, 2.98320542])"
3958,7227,42105,"array([3.12635114, 3.01687774])"
3959,7227,47852,"array([3.10009455, 2.97768592])"
3960,7227,31344,"array([3.22511886, 3.07006637])"
3961,7227,31347,"array([3.23131303, 3.02397379])"
3962,7227,31348,"array([3.153318  , 3.07326659])"
3963,7227,36754,"array([3.126656  , 3.10029902])"
3964,7227,39195,"array([3.16791636, 3.05842168])"
3965,7227,31849,"array([3.12882128, 3.0461973 ])"
3966,7227,31950,"array([3.13094332, 3.04034358])"
3967,7227,32548,"array([3.13096497, 3.06066784])"
3968,7227,32639,"array([3.14869079, 3.05183433])"
3969,7227,32732,"array([3.14695604, 3.07195043])"
3970,7227,32737,"array([3.13969789, 3.04498249])"
3971,7227,33231,"array([3.12855294, 3.04399914])"
3972,7227,33492,"array([3.12190195, 3.06071856])"
3973,7227,33908,"array([3.13313547, 3.0343342 ])"
3974,7227,35652,"array([3.17339371, 3.05237772])"
3975,7227,36028,"array([3.13829161, 3.05372843])"
3976,7227,36133,"array([3.16415429, 3.01875584])"
3977,7227,36200,"array([3.12738514, 3.05086855])"
3978,7227,36656,"array([3.1447958 , 3.04319582])"
3979,7227,36719,"array([3.11651732, 3.04704754])"
3980,7227,36769,"array([3.16816396, 3.05380931])"
3981,7227,37072,"array([3.09928973, 3.01798154])"
3982,7227,37418,"array([3.14503221, 3.04769092])"
3983,7227,37643,"array([3.14247948, 3.02660677])"
3984,7227,37820,"array([3.13888182, 3.03956598])"
3985,7227,37927,"array([3.12360454, 3.02841696])"
3986,7227,38113,"array([3.12813371, 3.04009931])"
3987,7227,38137,"array([3.13067417, 3.05871449])"
3988,7227,38347,"array([3.13560391, 3.03114469])"
3989,7227,38487,"array([3.13904784, 3.02078765])"
3990,7227,38668,"array([3.13743417, 3.04452047])"
3991,7227,38772,"array([3.1184746, 3.0320092])"
3992,7227,38933,"array([3.13370366, 3.0268979 ])"
3993,7227,39486,"array([3.1352631 , 3.04506094])"
3994,7227,39820,"array([3.13204527, 3.05416835])"
3995,7227,40147,"array([3.14947949, 3.03269527])"
3996,7227,40402,"array([3.1221895 , 3.03411969])"
3997,7227,40567,"array([3.12850192, 3.04812211])"
3998,7227,41629,"array([3.11466768, 3.03030198])"
3999,7227,41850,"array([3.15456686, 3.04811538])"
4000,7227,42049,"array([3.11815615, 3.07366137])"
4001,7227,42702,"array([3.13388553, 3.05666829])"
4002,7227,43186,"array([3.14007541, 3.04673454])"
4003,7227,43393,"array([3.1281171 , 3.04462918])"
4004,7227,45012,"array([3.13985665, 3.04322346])"
4005,7227,45961,"array([3.16644842, 3.03301431])"
4006,7227,46069,"array([3.11218817, 3.04272864])"
4007,7227,53506,"array([3.13039124, 3.03497269])"
4008,7227,318566,"array([3.14585499, 3.06141521])"
4009,7227,32116,"array([3.17155935, 3.01994919])"
4010,7227,32746,"array([3.17405019, 3.02585832])"
4011,7227,35670,"array([3.10818183, 3.01115338])"
4012,7227,36794,"array([3.17924029, 3.03020683])"
4013,7227,37419,"array([3.13141433, 2.99946856])"
4014,7227,38580,"array([3.16306048, 3.04528733])"
4015,7227,39536,"array([3.16914674, 3.0318621 ])"
4016,7227,41795,"array([3.1739546 , 3.02126025])"
4017,7227,42734,"array([3.16453771, 3.03637144])"
4018,7227,318595,"array([3.13477905, 3.02807372])"
4019,7227,31351,"array([3.19580688, 3.0589138 ])"
4020,7227,31581,"array([3.18553164, 3.0401199 ])"
4021,7227,31353,"array([3.14767255, 2.98080482])"
4022,7227,33360,"array([3.14577505, 2.97042198])"
4023,7227,34610,"array([3.13817449, 3.01185765])"
4024,7227,36470,"array([3.14771591, 2.98782403])"
4025,7227,36937,"array([3.13462729, 2.99664032])"
4026,7227,38766,"array([3.14885514, 2.99740299])"
4027,7227,31355,"array([3.10679997, 3.02530995])"
4028,7227,35667,"array([3.12311136, 3.04221487])"
4029,7227,31357,"array([3.16715893, 3.02292189])"
4030,7227,34627,"array([3.21110419, 3.0332326 ])"
4031,7227,34986,"array([3.15568353, 3.00941761])"
4032,7227,36541,"array([3.11889451, 2.99749326])"
4033,7227,36654,"array([3.15249408, 2.99998127])"
4034,7227,44155,"array([3.17226365, 3.05770377])"
4035,7227,50050,"array([3.12763987, 3.01039146])"
4036,7227,31358,"array([3.13623   , 3.05323051])"
4037,7227,33202,"array([3.14460344, 3.04670279])"
4038,7227,33711,"array([3.11554956, 3.0370486 ])"
4039,7227,33732,"array([3.11620235, 3.05877619])"
4040,7227,33744,"array([3.12087905, 3.04885463])"
4041,7227,33834,"array([3.14413838, 3.03918156])"
4042,7227,34170,"array([3.14370661, 3.0385494 ])"
4043,7227,34313,"array([3.13595286, 3.05419411])"
4044,7227,34970,"array([3.13101249, 3.03540335])"
4045,7227,37481,"array([3.13924075, 3.04688488])"
4046,7227,38145,"array([3.13687756, 3.04812723])"
4047,7227,38415,"array([3.14340543, 3.04771536])"
4048,7227,39476,"array([3.14180922, 3.04179587])"
4049,7227,39557,"array([3.14438511, 3.04496341])"
4050,7227,39862,"array([3.12115024, 3.00938911])"
4051,7227,39875,"array([3.14750249, 3.04584025])"
4052,7227,40946,"array([3.13773771, 3.06061726])"
4053,7227,41173,"array([3.14050986, 3.03989101])"
4054,7227,41341,"array([3.15188416, 3.03367592])"
4055,7227,41590,"array([3.14228655, 3.04285387])"
4056,7227,42924,"array([3.10694126, 3.05591957])"
4057,7227,43447,"array([3.13809894, 3.05286279])"
4058,7227,43648,"array([3.14699511, 3.04376843])"
4059,7227,43652,"array([3.14234894, 3.04819286])"
4060,7227,31397,"array([3.16029661, 3.01254805])"
4061,7227,32344,"array([3.12424217, 3.02180949])"
4062,7227,32459,"array([3.12340038, 3.03104341])"
4063,7227,36364,"array([3.15384192, 3.00927356])"
4064,7227,37027,"array([3.14425053, 3.01622841])"
4065,7227,37131,"array([3.1936102, 3.0291858])"
4066,7227,37377,"array([3.13187141, 3.01209338])"
4067,7227,38044,"array([3.13362398, 2.98877076])"
4068,7227,38155,"array([3.13256491, 2.98526516])"
4069,7227,38156,"array([3.14914127, 3.01970781])"
4070,7227,39148,"array([3.18812699, 3.00884651])"
4071,7227,39169,"array([3.14311401, 3.00736481])"
4072,7227,39293,"array([3.15362522, 2.99544393])"
4073,7227,39908,"array([3.11675573, 3.02139337])"
4074,7227,41990,"array([3.1357836 , 2.99291306])"
4075,7227,42830,"array([3.14097301, 3.02599632])"
4076,7227,43582,"array([3.13657358, 3.03898583])"
4077,7227,117365,"array([3.15222727, 3.0128635 ])"
4078,7227,31362,"array([3.16159583, 3.03481528])"
4079,7227,31585,"array([3.16126381, 3.01777771])"
4080,7227,31591,"array([3.14886624, 3.0622359 ])"
4081,7227,32853,"array([3.17147849, 3.00684229])"
4082,7227,33973,"array([3.17286688, 3.02735626])"
4083,7227,36238,"array([3.19209135, 3.04595108])"
4084,7227,41431,"array([3.16102229, 3.01943942])"
4085,7227,31419,"array([3.12576555, 3.0361371 ])"
4086,7227,31533,"array([3.13855105, 3.02205354])"
4087,7227,31738,"array([3.15134285, 3.02680979])"
4088,7227,31854,"array([3.13017694, 3.04659602])"
4089,7227,32019,"array([3.13080888, 3.02421072])"
4090,7227,32256,"array([3.13200131, 3.03048262])"
4091,7227,32426,"array([3.12869064, 3.02176428])"
4092,7227,32680,"array([3.14175469, 3.05052036])"
4093,7227,32709,"array([3.12459402, 3.0263789 ])"
4094,7227,32770,"array([3.14579976, 3.01374799])"
4095,7227,32777,"array([3.13256739, 3.04053862])"
4096,7227,32818,"array([3.12694006, 3.05488285])"
4097,7227,32846,"array([3.14044308, 3.02733466])"
4098,7227,32871,"array([3.14674287, 3.04514511])"
4099,7227,32895,"array([3.13270723, 3.01423267])"
4100,7227,32967,"array([3.13068978, 3.03241382])"
4101,7227,33129,"array([3.13425891, 3.01734873])"
4102,7227,33234,"array([3.13270652, 3.03019978])"
4103,7227,33319,"array([3.15634959, 3.01224859])"
4104,7227,33532,"array([3.12881203, 3.01395739])"
4105,7227,33559,"array([3.12332712, 3.023968  ])"
4106,7227,33631,"array([3.15093139, 3.03362905])"
4107,7227,33652,"array([3.14966759, 3.02959161])"
4108,7227,33833,"array([3.1182173 , 3.02982443])"
4109,7227,33965,"array([3.14882221, 3.03235494])"
4110,7227,34107,"array([3.11643539, 3.04295216])"
4111,7227,34132,"array([3.15545265, 3.04450135])"
4112,7227,34275,"array([3.13955397, 3.01424169])"
4113,7227,34333,"array([3.12344455, 3.04395034])"
4114,7227,34438,"array([3.1358542 , 3.03556464])"
4115,7227,34483,"array([3.14442387, 3.01333863])"
4116,7227,34809,"array([3.14997597, 2.98673019])"
4117,7227,34813,"array([3.12595933, 3.04374096])"
4118,7227,34915,"array([3.10717606, 3.04987469])"
4119,7227,34995,"array([3.13039967, 3.03833589])"
4120,7227,35097,"array([3.13661669, 3.01895186])"
4121,7227,35146,"array([3.146362  , 3.03573853])"
4122,7227,35288,"array([3.13142114, 3.02223865])"
4123,7227,35537,"array([3.13561053, 3.024467  ])"
4124,7227,35583,"array([3.17116674, 3.01795219])"
4125,7227,35595,"array([3.13787768, 3.04661041])"
4126,7227,35864,"array([3.14230089, 3.03610339])"
4127,7227,36006,"array([3.10559049, 3.03036015])"
4128,7227,36168,"array([3.10020461, 3.03482371])"
4129,7227,36395,"array([3.12585998, 3.04707552])"
4130,7227,36413,"array([3.15557331, 3.03290068])"
4131,7227,36614,"array([3.14753761, 3.0362192 ])"
4132,7227,36615,"array([3.12850191, 3.03043073])"
4133,7227,36665,"array([3.12681467, 3.02526355])"
4134,7227,36701,"array([3.10478574, 3.04627815])"
4135,7227,36831,"array([3.12837523, 3.03813579])"
4136,7227,37079,"array([3.14898153, 3.00921708])"
4137,7227,37427,"array([3.12437638, 3.03016225])"
4138,7227,37450,"array([3.1490427 , 3.04065803])"
4139,7227,37652,"array([3.12144568, 3.05984769])"
4140,7227,37801,"array([3.15309525, 3.03816092])"
4141,7227,37839,"array([3.1461147 , 3.04136782])"
4142,7227,38017,"array([3.14607727, 3.03275095])"
4143,7227,38149,"array([3.15039378, 3.03781527])"
4144,7227,38241,"array([3.12633771, 3.03658107])"
4145,7227,38484,"array([3.13544508, 3.04099094])"
4146,7227,38624,"array([3.12857945, 3.01279977])"
4147,7227,38917,"array([3.13848409, 3.0432627 ])"
4148,7227,39044,"array([3.11320884, 3.01975147])"
4149,7227,39055,"array([3.11918634, 3.00267899])"
4150,7227,39204,"array([3.12012624, 3.02199225])"
4151,7227,39313,"array([3.14449204, 3.04133647])"
4152,7227,39458,"array([3.12996385, 3.02909558])"
4153,7227,39496,"array([3.14076199, 3.02296422])"
4154,7227,39527,"array([3.14976179, 3.04098541])"
4155,7227,39530,"array([3.14740531, 3.03978957])"
4156,7227,40041,"array([3.13938398, 3.00905011])"
4157,7227,40172,"array([3.14879826, 3.02162768])"
4158,7227,40504,"array([3.14694404, 3.04075477])"
4159,7227,40815,"array([3.11937864, 3.03366908])"
4160,7227,41141,"array([3.12954299, 3.02501138])"
4161,7227,41458,"array([3.12092432, 3.01497911])"
4162,7227,42073,"array([3.12115485, 3.03939124])"
4163,7227,42091,"array([3.12980184, 3.03840235])"
4164,7227,42515,"array([3.12855983, 3.03392887])"
4165,7227,42525,"array([3.13346355, 3.02208612])"
4166,7227,42644,"array([3.12143326, 3.03337671])"
4167,7227,42952,"array([3.14560951, 3.03805721])"
4168,7227,42972,"array([3.14523798, 3.04950908])"
4169,7227,43273,"array([3.13167044, 3.05134519])"
4170,7227,43286,"array([3.130252  , 3.03188733])"
4171,7227,43360,"array([3.12219485, 3.03508981])"
4172,7227,43408,"array([3.07668356, 3.00206038])"
4173,7227,43461,"array([3.14366939, 3.03229523])"
4174,7227,43522,"array([3.12942174, 3.0201414 ])"
4175,7227,43663,"array([3.13560308, 3.02376158])"
4176,7227,43731,"array([3.11603018, 3.01185794])"
4177,7227,44072,"array([3.14490576, 3.03570591])"
4178,7227,49080,"array([3.12663958, 3.01093905])"
4179,7227,59240,"array([3.11560008, 3.03376409])"
4180,7227,246492,"array([3.10713393, 3.02401967])"
4181,7227,246670,"array([3.12669859, 3.04873813])"
4182,7227,318720,"array([3.10956641, 3.03383867])"
4183,7227,326219,"array([3.13252984, 3.04204324])"
4184,7227,326221,"array([3.10783104, 3.03009117])"
4185,7227,3772186,"array([3.14203867, 3.02072172])"
4186,7227,5740629,"array([3.12324788, 3.03660552])"
4187,7227,31456,"array([3.20519506, 3.10519883])"
4188,7227,31611,"array([3.17663829, 3.03072549])"
4189,7227,31618,"array([3.13894767, 3.06613119])"
4190,7227,31680,"array([3.17000703, 3.03826127])"
4191,7227,31716,"array([3.12243424, 3.07100937])"
4192,7227,31724,"array([3.17623863, 3.06778184])"
4193,7227,31860,"array([3.18874789, 3.10786807])"
4194,7227,31905,"array([3.16917023, 3.02073611])"
4195,7227,31943,"array([3.16450168, 3.05663248])"
4196,7227,31955,"array([3.14930774, 3.07261946])"
4197,7227,32021,"array([3.1646257 , 3.07646707])"
4198,7227,32233,"array([3.17220821, 3.04272872])"
4199,7227,32341,"array([3.15756541, 3.00251373])"
4200,7227,32485,"array([3.18066506, 3.07766739])"
4201,7227,32510,"array([3.16853   , 3.05280973])"
4202,7227,32563,"array([3.1743396 , 3.05202916])"
4203,7227,32594,"array([3.19353051, 3.03904744])"
4204,7227,32619,"array([3.14720278, 3.09841542])"
4205,7227,32620,"array([3.165459  , 3.09490718])"
4206,7227,32622,"array([3.16585851, 3.01681287])"
4207,7227,32686,"array([3.17371502, 3.07108522])"
4208,7227,32688,"array([3.21532071, 3.06013445])"
4209,7227,32760,"array([3.18668286, 3.02457608])"
4210,7227,32778,"array([3.12031003, 3.08029967])"
4211,7227,32872,"array([3.16911536, 3.03598855])"
4212,7227,32925,"array([3.18785692, 3.07947632])"
4213,7227,32941,"array([3.17961708, 3.01893624])"
4214,7227,32987,"array([3.14595312, 3.02413949])"
4215,7227,33147,"array([3.17167149, 3.07992535])"
4216,7227,33176,"array([3.1981585 , 3.07531092])"
4217,7227,33183,"array([3.13813563, 2.99676193])"
4218,7227,33209,"array([3.17058111, 3.05898331])"
4219,7227,33277,"array([3.18572513, 3.05156459])"
4220,7227,33282,"array([3.18937792, 3.05905154])"
4221,7227,33286,"array([3.19976571, 3.04415415])"
4222,7227,33465,"array([3.17183742, 3.03402558])"
4223,7227,33676,"array([3.20710879, 3.09834343])"
4224,7227,33749,"array([3.15870636, 3.05253889])"
4225,7227,33897,"array([3.19930306, 3.05301346])"
4226,7227,33930,"array([3.11817526, 3.01470978])"
4227,7227,33946,"array([3.10633383, 3.05393572])"
4228,7227,34062,"array([3.19980375, 3.06534901])"
4229,7227,34072,"array([3.19514737, 3.10567359])"
4230,7227,34095,"array([3.14406527, 3.05317102])"
4231,7227,34274,"array([3.12377028, 3.03732391])"
4232,7227,34304,"array([3.09759587, 3.01740462])"
4233,7227,34334,"array([3.15922354, 3.05489471])"
4234,7227,34350,"array([3.18774362, 3.08419164])"
4235,7227,34378,"array([3.19295379, 3.05084929])"
4236,7227,34437,"array([3.16786359, 3.03270845])"
4237,7227,34441,"array([3.17630248, 3.05409025])"
4238,7227,34462,"array([3.14604722, 3.09215711])"
4239,7227,34496,"array([3.18244568, 3.07749126])"
4240,7227,34516,"array([3.1595687 , 3.00783021])"
4241,7227,34543,"array([3.16736486, 3.06485089])"
4242,7227,34557,"array([3.20969456, 3.10094895])"
4243,7227,34701,"array([3.18422371, 3.02286192])"
4244,7227,34729,"array([3.13801144, 3.02571604])"
4245,7227,34748,"array([3.19645689, 3.00441497])"
4246,7227,34763,"array([3.17858506, 3.05978739])"
4247,7227,34767,"array([3.18310668, 3.02845816])"
4248,7227,34792,"array([3.22351581, 3.07194578])"
4249,7227,34870,"array([3.17752258, 3.02960465])"
4250,7227,34947,"array([3.20764395, 3.03258213])"
4251,7227,34991,"array([3.1807151 , 3.08862785])"
4252,7227,35027,"array([3.13819491, 3.07391592])"
4253,7227,35237,"array([3.19214178, 3.05490927])"
4254,7227,35260,"array([3.18545543, 3.03281335])"
4255,7227,35264,"array([3.21231401, 3.01274494])"
4256,7227,35275,"array([3.20076412, 3.10335156])"
4257,7227,35310,"array([3.12906993, 3.04894348])"
4258,7227,35334,"array([3.19335254, 3.10751216])"
4259,7227,35385,"array([3.18267017, 3.06559452])"
4260,7227,35453,"array([3.16355057, 3.03486324])"
4261,7227,35480,"array([3.174261  , 2.99299776])"
4262,7227,35520,"array([3.20001378, 3.09718431])"
4263,7227,35532,"array([3.15114063, 3.10071608])"
4264,7227,35627,"array([3.17187739, 3.0479385 ])"
4265,7227,35693,"array([3.14105236, 3.07019131])"
4266,7227,35728,"array([3.16036251, 3.04210076])"
4267,7227,35743,"array([3.1988432 , 3.10392636])"
4268,7227,35761,"array([3.13105469, 3.03733207])"
4269,7227,35939,"array([3.12798787, 3.06639974])"
4270,7227,35950,"array([3.17003885, 3.05556167])"
4271,7227,35985,"array([3.20694694, 3.03704946])"
4272,7227,36027,"array([3.19942832, 3.02201879])"
4273,7227,36105,"array([3.20181066, 3.06856054])"
4274,7227,36241,"array([3.15381644, 3.0460771 ])"
4275,7227,36328,"array([3.15696086, 3.0602189 ])"
4276,7227,36417,"array([3.20157122, 3.09871306])"
4277,7227,36568,"array([3.13936663, 2.99173559])"
4278,7227,36592,"array([3.17752368, 3.01578236])"
4279,7227,36604,"array([3.15180879, 3.04807919])"
4280,7227,36824,"array([3.17579524, 3.0725401 ])"
4281,7227,36833,"array([3.21201946, 3.08737432])"
4282,7227,36886,"array([3.19246271, 3.02541035])"
4283,7227,36930,"array([3.22348275, 3.03345555])"
4284,7227,36934,"array([3.19617927, 3.10388941])"
4285,7227,36996,"array([3.17149158, 3.01708061])"
4286,7227,37047,"array([3.20873427, 3.08854913])"
4287,7227,37063,"array([3.19422884, 3.05670784])"
4288,7227,37121,"array([3.17335127, 3.06362799])"
4289,7227,37176,"array([3.16285776, 3.06492775])"
4290,7227,37293,"array([3.18678526, 3.1057884 ])"
4291,7227,37312,"array([3.20476446, 3.02488174])"
4292,7227,37331,"array([3.19559376, 3.08093831])"
4293,7227,37435,"array([3.1969975 , 3.04912785])"
4294,7227,37479,"array([3.17885263, 3.07453412])"
4295,7227,37517,"array([3.17292362, 3.04704963])"
4296,7227,37544,"array([3.1338941 , 3.00813977])"
4297,7227,37554,"array([3.16766807, 3.021655  ])"
4298,7227,37627,"array([3.1903191 , 3.05114867])"
4299,7227,37636,"array([3.17606714, 3.03938986])"
4300,7227,37711,"array([3.19011782, 3.05245076])"
4301,7227,37730,"array([3.18788308, 3.03404963])"
4302,7227,37739,"array([3.19093577, 3.1074237 ])"
4303,7227,37762,"array([3.17811353, 3.05849947])"
4304,7227,37767,"array([3.17322589, 3.02018946])"
4305,7227,37929,"array([3.1298508 , 3.01881636])"
4306,7227,37949,"array([3.20956969, 3.08075538])"
4307,7227,37992,"array([3.11913216, 3.05222058])"
4308,7227,37993,"array([3.16380879, 3.07213976])"
4309,7227,38027,"array([3.18594066, 3.07697529])"
4310,7227,38028,"array([3.1570154 , 3.01797576])"
4311,7227,38063,"array([3.18087228, 3.05203584])"
4312,7227,38067,"array([3.16484385, 3.05898839])"
4313,7227,38094,"array([3.13224107, 3.08300791])"
4314,7227,38167,"array([3.19573092, 3.10766072])"
4315,7227,38186,"array([3.16836589, 3.06717784])"
4316,7227,38233,"array([3.14659031, 3.00531519])"
4317,7227,38341,"array([3.18767804, 3.05506572])"
4318,7227,38364,"array([3.13333408, 3.02019716])"
4319,7227,38491,"array([3.14174171, 3.03045544])"
4320,7227,38703,"array([3.1299914, 3.0061189])"
4321,7227,38812,"array([3.17179212, 3.01630227])"
4322,7227,38969,"array([3.1684094 , 3.03456403])"
4323,7227,39111,"array([3.15350234, 3.05582869])"
4324,7227,39153,"array([3.14186669, 3.0276564 ])"
4325,7227,39194,"array([3.20551776, 3.08004964])"
4326,7227,39297,"array([3.19104226, 3.08269247])"
4327,7227,39345,"array([3.19582415, 3.08356638])"
4328,7227,39448,"array([3.18089746, 3.06133309])"
4329,7227,39470,"array([3.10941851, 3.01504668])"
4330,7227,39484,"array([3.16278744, 3.02715823])"
4331,7227,39520,"array([3.1647364 , 3.07463979])"
4332,7227,39529,"array([3.18353054, 3.07055118])"
4333,7227,39573,"array([3.1408362 , 3.06204982])"
4334,7227,39581,"array([3.18037319, 3.03013995])"
4335,7227,39587,"array([3.13861673, 3.04528511])"
4336,7227,39596,"array([3.1677947 , 3.05579721])"
4337,7227,39601,"array([3.18137509, 3.06549429])"
4338,7227,39644,"array([3.19243795, 3.05367917])"
4339,7227,39661,"array([3.19832912, 3.10805138])"
4340,7227,39834,"array([3.19138909, 3.07479975])"
4341,7227,39850,"array([3.16154271, 3.05008249])"
4342,7227,39871,"array([3.15278733, 3.04356414])"
4343,7227,39936,"array([3.16656518, 3.08585334])"
4344,7227,40060,"array([3.15883459, 3.03019905])"
4345,7227,40065,"array([3.18915953, 3.07524872])"
4346,7227,40119,"array([3.2120521 , 3.06977347])"
4347,7227,40148,"array([3.14492808, 3.08374814])"
4348,7227,40191,"array([3.14727536, 3.07314621])"
4349,7227,40225,"array([3.14577986, 3.0777091 ])"
4350,7227,40229,"array([3.17115589, 3.00286072])"
4351,7227,40246,"array([3.19276327, 3.03397433])"
4352,7227,40248,"array([3.20419592, 3.01835157])"
4353,7227,40291,"array([3.18151908, 3.04192472])"
4354,7227,40302,"array([3.1767288 , 3.02711997])"
4355,7227,40309,"array([3.14956959, 2.99473396])"
4356,7227,40346,"array([3.149543  , 3.04420015])"
4357,7227,40362,"array([3.19191258, 3.07314498])"
4358,7227,40366,"array([3.19623309, 3.10042209])"
4359,7227,40371,"array([3.14849115, 3.08048711])"
4360,7227,40381,"array([3.13533025, 3.05525571])"
4361,7227,40398,"array([3.13725016, 3.00609245])"
4362,7227,40501,"array([3.19298733, 3.05594323])"
4363,7227,40607,"array([3.1467646 , 3.03262725])"
4364,7227,40628,"array([3.13047641, 3.03401213])"
4365,7227,40667,"array([3.19901259, 3.05889616])"
4366,7227,40700,"array([3.16154794, 3.07179631])"
4367,7227,40762,"array([3.20146008, 3.04442824])"
4368,7227,40837,"array([3.20446769, 3.08302288])"
4369,7227,40838,"array([3.1755704 , 3.05179382])"
4370,7227,40994,"array([3.16500527, 3.08690411])"
4371,7227,41037,"array([3.19525484, 3.00448047])"
4372,7227,41094,"array([3.1611889 , 3.03223492])"
4373,7227,41152,"array([3.17522585, 2.99041825])"
4374,7227,41194,"array([3.15430315, 3.02140558])"
4375,7227,41269,"array([3.13250782, 3.0887674 ])"
4376,7227,41286,"array([3.16298051, 3.05203186])"
4377,7227,41302,"array([3.19314161, 3.06835681])"
4378,7227,41320,"array([3.12565784, 3.06380597])"
4379,7227,41370,"array([3.1814824 , 3.05506294])"
4380,7227,41397,"array([3.12583044, 3.04243709])"
4381,7227,41440,"array([3.16368849, 3.09419697])"
4382,7227,41592,"array([3.20655065, 3.03026766])"
4383,7227,41609,"array([3.13974032, 3.06704132])"
4384,7227,41636,"array([3.15148177, 3.06198422])"
4385,7227,41710,"array([3.19271514, 3.06484093])"
4386,7227,41773,"array([3.1732588 , 3.03900723])"
4387,7227,41774,"array([3.1712996 , 3.06974089])"
4388,7227,41804,"array([3.18854111, 3.04910642])"
4389,7227,41825,"array([3.22376451, 3.06623862])"
4390,7227,41837,"array([3.1390198 , 3.06356019])"
4391,7227,41845,"array([3.13771993, 3.04818045])"
4392,7227,41861,"array([3.1489755 , 3.06406841])"
4393,7227,41908,"array([3.21056163, 3.01811597])"
4394,7227,41937,"array([3.13194142, 3.05500489])"
4395,7227,41944,"array([3.16274176, 3.00494853])"
4396,7227,42006,"array([3.1484493 , 3.07348915])"
4397,7227,42025,"array([3.14205661, 3.0558929 ])"
4398,7227,42206,"array([3.18421125, 3.05130294])"
4399,7227,42244,"array([3.18285033, 3.07894043])"
4400,7227,42293,"array([3.16743363, 3.07711643])"
4401,7227,42294,"array([3.17827625, 3.06969345])"
4402,7227,42327,"array([3.16542715, 3.03104691])"
4403,7227,42353,"array([3.13029578, 3.08789162])"
4404,7227,42362,"array([3.19786812, 3.05452438])"
4405,7227,42379,"array([3.16610038, 3.05284989])"
4406,7227,42496,"array([3.18724346, 3.05945772])"
4407,7227,42577,"array([3.18293999, 3.07366487])"
4408,7227,42608,"array([3.1707647 , 3.00863991])"
4409,7227,42637,"array([3.12079239, 3.04220106])"
4410,7227,42641,"array([3.13835796, 3.04268113])"
4411,7227,42669,"array([3.15741841, 3.02583566])"
4412,7227,42703,"array([3.14280771, 3.071554  ])"
4413,7227,42728,"array([3.15578071, 2.99231625])"
4414,7227,42843,"array([3.18800352, 3.05148212])"
4415,7227,42860,"array([3.16479668, 3.0617959 ])"
4416,7227,42897,"array([3.14346167, 3.04990161])"
4417,7227,42905,"array([3.14969811, 3.03975786])"
4418,7227,42929,"array([3.16741326, 3.08043509])"
4419,7227,43016,"array([3.16479311, 3.03289045])"
4420,7227,43124,"array([3.18080516, 3.09073542])"
4421,7227,43145,"array([3.16763092, 3.01408092])"
4422,7227,43169,"array([3.16161634, 3.02745233])"
4423,7227,43207,"array([3.17035721, 3.04033464])"
4424,7227,43239,"array([3.16428703, 3.0918404 ])"
4425,7227,43278,"array([3.15511023, 2.9955834 ])"
4426,7227,43290,"array([3.14160127, 3.00365371])"
4427,7227,43298,"array([3.17250102, 3.10938006])"
4428,7227,43324,"array([3.1641861 , 3.09759125])"
4429,7227,43357,"array([3.11623667, 3.0179054 ])"
4430,7227,43378,"array([3.14409252, 3.06263259])"
4431,7227,43387,"array([3.20330065, 3.03766693])"
4432,7227,43399,"array([3.17763644, 3.04918626])"
4433,7227,43420,"array([3.18425058, 3.0793577 ])"
4434,7227,43427,"array([3.11464063, 3.05138017])"
4435,7227,43499,"array([3.14769406, 3.08295817])"
4436,7227,43542,"array([3.19238132, 3.05731584])"
4437,7227,43557,"array([3.12590239, 3.0344386 ])"
4438,7227,43618,"array([3.15603068, 3.08979704])"
4439,7227,43635,"array([3.18689453, 3.03282138])"
4440,7227,43687,"array([3.21324659, 3.04445069])"
4441,7227,43743,"array([3.20841287, 3.05387914])"
4442,7227,43758,"array([3.17446424, 3.05812788])"
4443,7227,43772,"array([3.20145978, 3.04599362])"
4444,7227,43862,"array([3.15230083, 3.05046305])"
4445,7227,43905,"array([3.1666134 , 3.07908998])"
4446,7227,44261,"array([3.17461048, 3.03882274])"
4447,7227,45247,"array([3.17426642, 3.00174856])"
4448,7227,45382,"array([3.12662468, 3.07904929])"
4449,7227,45780,"array([3.13882591, 3.04237796])"
4450,7227,46038,"array([3.12978295, 3.03744514])"
4451,7227,46246,"array([3.12246109, 3.04864422])"
4452,7227,50003,"array([3.18714255, 3.05405942])"
4453,7227,50133,"array([3.10823006, 3.02486706])"
4454,7227,53434,"array([3.15572441, 3.08343892])"
4455,7227,53442,"array([3.15407289, 3.02741928])"
4456,7227,53515,"array([3.1788045, 3.0727506])"
4457,7227,53578,"array([3.17783725, 3.02725813])"
4458,7227,117343,"array([3.17181402, 3.10088452])"
4459,7227,117419,"array([3.16012689, 3.01564869])"
4460,7227,192509,"array([3.16270995, 3.03971751])"
4461,7227,246467,"array([3.21071062, 3.08859115])"
4462,7227,246525,"array([3.16600494, 3.07678188])"
4463,7227,246582,"array([3.14323666, 3.05077135])"
4464,7227,252479,"array([3.1935168 , 3.05241954])"
4465,7227,261610,"array([3.19799   , 3.10010854])"
4466,7227,317829,"array([3.19931963, 3.05723735])"
4467,7227,318097,"array([3.17674015, 3.07474008])"
4468,7227,318151,"array([3.18746724, 3.08269524])"
4469,7227,318161,"array([3.12920881, 3.02364517])"
4470,7227,318207,"array([3.15227402, 3.0860404 ])"
4471,7227,318781,"array([3.18253036, 3.09256393])"
4472,7227,318790,"array([3.1798874 , 3.04779921])"
4473,7227,318794,"array([3.11522161, 3.05045291])"
4474,7227,318856,"array([3.1916496 , 3.06311822])"
4475,7227,318907,"array([3.18622977, 3.11044627])"
4476,7227,318910,"array([3.18596475, 3.07344747])"
4477,7227,319052,"array([3.18319857, 3.0821817 ])"
4478,7227,326161,"array([3.18383513, 3.09434115])"
4479,7227,326235,"array([3.17115691, 3.0753784 ])"
4480,7227,2768674,"array([3.18924396, 2.99438501])"
4481,7227,2768910,"array([3.18043562, 3.07163754])"
4482,7227,2768965,"array([3.16928648, 3.05899107])"
4483,7227,3346150,"array([3.20889478, 3.07348264])"
4484,7227,3346162,"array([3.12486662, 3.06633129])"
4485,7227,3346167,"array([3.17524367, 3.06590968])"
4486,7227,3346201,"array([3.17933967, 3.0409867 ])"
4487,7227,3346207,"array([3.20724863, 3.10049603])"
4488,7227,3772196,"array([3.21097456, 3.09479578])"
4489,7227,5740318,"array([3.16127882, 3.02073583])"
4490,7227,8674108,"array([3.16931949, 3.10993322])"
4491,7227,31366,"array([3.22538795, 3.04716376])"
4492,7227,31367,"array([3.08490633, 2.97914373])"
4493,7227,32503,"array([3.11127836, 2.9901194 ])"
4494,7227,35326,"array([3.10356729, 3.00016316])"
4495,7227,31368,"array([3.1072342 , 2.94963816])"
4496,7227,31369,"array([3.13899484, 3.01718237])"
4497,7227,32339,"array([3.1533627 , 3.05029084])"
4498,7227,32662,"array([3.13189843, 3.02771774])"
4499,7227,33066,"array([3.15923043, 3.05693227])"
4500,7227,34569,"array([3.17446823, 3.00837216])"
4501,7227,34676,"array([3.1268059 , 2.97625949])"
4502,7227,35134,"array([3.15312873, 3.00428327])"
4503,7227,35151,"array([3.16987474, 3.02375168])"
4504,7227,41620,"array([3.19094173, 2.98351379])"
4505,7227,42486,"array([3.09758196, 3.01896545])"
4506,7227,42574,"array([3.11364566, 2.96895623])"
4507,7227,49425,"array([3.13274411, 3.0237688 ])"
4508,7227,326216,"array([3.1231009 , 2.97294518])"
4509,7227,31370,"array([3.14309363, 2.98397192])"
4510,7227,31371,"array([3.12784159, 2.97965311])"
4511,7227,31372,"array([3.15973231, 3.07439434])"
4512,7227,31593,"array([3.1747923 , 3.02416387])"
4513,7227,33498,"array([3.1465206 , 3.02357942])"
4514,7227,31373,"array([3.12133184, 2.98844253])"
4515,7227,31705,"array([3.11819994, 2.98967879])"
4516,7227,38809,"array([3.12634259, 2.99329521])"
4517,7227,31374,"array([3.15266363, 3.04573088])"
4518,7227,34363,"array([3.13955419, 3.04215808])"
4519,7227,36205,"array([3.11523265, 2.9993643 ])"
4520,7227,38021,"array([3.14556661, 3.02899814])"
4521,7227,41866,"array([3.15216381, 3.04670529])"
4522,7227,45064,"array([3.1539617 , 3.09070682])"
4523,7227,31375,"array([3.18042842, 3.11722436])"
4524,7227,31376,"array([3.17329975, 3.06073464])"
4525,7227,36384,"array([3.15269855, 3.05199387])"
4526,7227,31378,"array([3.13205737, 2.91800649])"
4527,7227,36323,"array([3.14340431, 2.96420134])"
4528,7227,36511,"array([3.21524309, 3.02663027])"
4529,7227,31380,"array([3.07874987, 3.05071692])"
4530,7227,35522,"array([3.14137698, 3.023425  ])"
4531,7227,31381,"array([3.14492328, 3.00796005])"
4532,7227,33677,"array([3.16722942, 3.01935939])"
4533,7227,33903,"array([3.13955974, 3.06219005])"
4534,7227,35085,"array([3.12134348, 3.02988379])"
4535,7227,39547,"array([3.14584575, 3.02493649])"
4536,7227,39582,"array([3.14784615, 3.02067889])"
4537,7227,40126,"array([3.12668794, 2.98191569])"
4538,7227,41423,"array([3.140129  , 2.98919015])"
4539,7227,41888,"array([3.17389813, 2.96403542])"
4540,7227,43039,"array([3.16377316, 3.02558326])"
4541,7227,43793,"array([3.16992343, 3.01507611])"
4542,7227,47767,"array([3.15794143, 2.99105591])"
4543,7227,31382,"array([3.14759522, 3.04429751])"
4544,7227,38304,"array([3.15957265, 3.05793465])"
4545,7227,38326,"array([3.12827731, 3.03622223])"
4546,7227,40285,"array([3.12617429, 3.01195968])"
4547,7227,40673,"array([3.13769275, 3.04529684])"
4548,7227,41139,"array([3.18143451, 3.01371559])"
4549,7227,42396,"array([3.13571242, 3.06466565])"
4550,7227,43727,"array([3.16038303, 3.00144375])"
4551,7227,53446,"array([3.17757689, 3.05639705])"
4552,7227,318890,"array([3.12606395, 3.07609056])"
4553,7227,31383,"array([3.12563514, 3.06262974])"
4554,7227,39988,"array([3.15370892, 3.04685372])"
4555,7227,35424,"array([3.17582949, 3.04362732])"
4556,7227,39172,"array([3.17842916, 3.06840547])"
4557,7227,39831,"array([3.16653954, 3.03226735])"
4558,7227,41212,"array([3.15711472, 2.97816947])"
4559,7227,42127,"array([3.14514638, 3.03398529])"
4560,7227,43333,"array([3.17990332, 2.99702436])"
4561,7227,31385,"array([3.12906387, 2.97442006])"
4562,7227,31386,"array([3.12619971, 3.02368303])"
4563,7227,39234,"array([3.15535528, 3.01495205])"
4564,7227,41294,"array([3.15068718, 3.02153575])"
4565,7227,31387,"array([3.10977417, 2.98687138])"
4566,7227,31388,"array([3.18706368, 3.00394535])"
4567,7227,31390,"array([3.17166917, 2.94378256])"
4568,7227,31391,"array([3.16241733, 3.00111708])"
4569,7227,40887,"array([3.15557819, 2.99900608])"
4570,7227,45318,"array([3.16526544, 3.02108893])"
4571,7227,31392,"array([3.22788127, 3.02603459])"
4572,7227,37561,"array([3.16574295, 3.0334588 ])"
4573,7227,40154,"array([3.16884458, 2.9970619 ])"
4574,7227,41384,"array([3.14336777, 3.00990445])"
4575,7227,31394,"array([3.17753212, 3.07359986])"
4576,7227,31864,"array([3.1619329 , 2.99182398])"
4577,7227,35162,"array([3.13998718, 3.00537406])"
4578,7227,36689,"array([3.14055921, 3.00842379])"
4579,7227,37743,"array([3.17418438, 3.04306613])"
4580,7227,38002,"array([3.13276606, 2.9874435 ])"
4581,7227,38421,"array([3.14045625, 3.01146508])"
4582,7227,39459,"array([3.15453136, 3.00202237])"
4583,7227,40514,"array([3.14510562, 3.00552386])"
4584,7227,40999,"array([3.15924957, 3.0110164 ])"
4585,7227,42822,"array([3.17811179, 2.98311184])"
4586,7227,42925,"array([3.1736324 , 3.01690997])"
4587,7227,43256,"array([3.14468391, 2.98260238])"
4588,7227,3355132,"array([3.15634336, 2.97199923])"
4589,7227,5740513,"array([3.13627351, 3.00711049])"
4590,7227,14462800,"array([3.17681168, 2.98745352])"
4591,7227,31396,"array([3.14188418, 2.96580564])"
4592,7227,31748,"array([3.13624278, 2.91746495])"
4593,7227,43384,"array([3.16081965, 2.99104702])"
4594,7227,31661,"array([3.15895522, 2.97920783])"
4595,7227,32176,"array([3.17493102, 3.01112274])"
4596,7227,32298,"array([3.14321274, 3.04124988])"
4597,7227,32502,"array([3.15107779, 2.99693426])"
4598,7227,32629,"array([3.13370915, 3.01328496])"
4599,7227,32684,"array([3.15095633, 3.00112582])"
4600,7227,32799,"array([3.1398712 , 2.99366111])"
4601,7227,33033,"array([3.14637686, 3.05434106])"
4602,7227,33305,"array([3.16443805, 3.01660692])"
4603,7227,33640,"array([3.17919727, 3.02276954])"
4604,7227,34125,"array([3.14472676, 3.01589821])"
4605,7227,35088,"array([3.13312301, 3.00788464])"
4606,7227,35414,"array([3.15870833, 3.01337716])"
4607,7227,35425,"array([3.12783469, 3.00915584])"
4608,7227,35485,"array([3.16983154, 3.00457568])"
4609,7227,35660,"array([3.15556062, 3.00523718])"
4610,7227,35840,"array([3.20077447, 2.96333855])"
4611,7227,36294,"array([3.12520609, 3.00388023])"
4612,7227,37439,"array([3.16726412, 2.97443708])"
4613,7227,38294,"array([3.14526606, 3.01175774])"
4614,7227,38388,"array([3.15218033, 2.99241735])"
4615,7227,38548,"array([3.18416105, 3.01116174])"
4616,7227,39274,"array([3.16130045, 3.01115976])"
4617,7227,39896,"array([3.17573669, 3.01919385])"
4618,7227,40343,"array([3.14246908, 3.06302635])"
4619,7227,40871,"array([3.12429157, 3.00188893])"
4620,7227,41108,"array([3.16055983, 3.0143599 ])"
4621,7227,41364,"array([3.15758051, 3.06140601])"
4622,7227,41467,"array([3.13715277, 2.98838949])"
4623,7227,42015,"array([3.14497095, 3.01692381])"
4624,7227,42252,"array([3.1869652 , 2.98638585])"
4625,7227,42551,"array([3.1406636 , 2.99930258])"
4626,7227,42684,"array([3.17509713, 3.01000731])"
4627,7227,43136,"array([3.18105704, 3.00947556])"
4628,7227,43259,"array([3.15964965, 2.99566838])"
4629,7227,43539,"array([3.15350367, 3.01316244])"
4630,7227,43578,"array([3.17635707, 2.96607738])"
4631,7227,44870,"array([3.15290818, 3.01155457])"
4632,7227,50105,"array([3.14734601, 2.9783429 ])"
4633,7227,50379,"array([3.17931437, 3.01416639])"
4634,7227,3772677,"array([3.1793836 , 3.00366673])"
4635,7227,4379890,"array([3.17949229, 3.00661132])"
4636,7227,32375,"array([3.12859775, 3.05488762])"
4637,7227,38639,"array([3.12782866, 3.02583842])"
4638,7227,39161,"array([3.1383138 , 3.02499172])"
4639,7227,31399,"array([3.10299586, 3.04676948])"
4640,7227,41532,"array([3.12229469, 3.0400199 ])"
4641,7227,31404,"array([3.18633085, 3.01711238])"
4642,7227,31802,"array([3.18012403, 3.04225634])"
4643,7227,33289,"array([3.1844591 , 2.98189626])"
4644,7227,38983,"array([3.154972  , 3.02228281])"
4645,7227,31507,"array([3.14760138, 2.98212083])"
4646,7227,31518,"array([3.18652167, 3.02234984])"
4647,7227,31580,"array([3.16367238, 3.04155156])"
4648,7227,31702,"array([3.13457865, 2.99122972])"
4649,7227,31961,"array([3.18749762, 3.04280115])"
4650,7227,32014,"array([3.18107761, 2.99022956])"
4651,7227,32371,"array([3.13346832, 3.04371146])"
4652,7227,32713,"array([3.11902579, 3.01911078])"
4653,7227,32852,"array([3.14035406, 3.02232247])"
4654,7227,32977,"array([3.15126177, 3.02327267])"
4655,7227,33143,"array([3.14568195, 3.02588443])"
4656,7227,33267,"array([3.11415599, 3.01324111])"
4657,7227,33303,"array([3.18042738, 3.01299601])"
4658,7227,33495,"array([3.12448131, 3.02473859])"
4659,7227,33668,"array([3.13672456, 3.08854218])"
4660,7227,33739,"array([3.19198095, 3.01330172])"
4661,7227,33771,"array([3.12445488, 3.02932774])"
4662,7227,34164,"array([3.1149864 , 3.02351421])"
4663,7227,34440,"array([3.16973158, 3.04094698])"
4664,7227,34675,"array([3.1221583 , 3.02335266])"
4665,7227,34844,"array([3.14103675, 3.0154685 ])"
4666,7227,35138,"array([3.12705709, 3.02728962])"
4667,7227,35221,"array([3.15805389, 3.05601028])"
4668,7227,35329,"array([3.18216903, 3.03163538])"
4669,7227,35330,"array([3.15569362, 3.03769776])"
4670,7227,35563,"array([3.16410354, 3.01428847])"
4671,7227,35669,"array([3.19031213, 3.01799625])"
4672,7227,35677,"array([3.16612223, 2.99556679])"
4673,7227,35809,"array([3.12634984, 3.02697155])"
4674,7227,36030,"array([3.10496408, 3.00105655])"
4675,7227,36110,"array([3.13975385, 3.02048066])"
4676,7227,36282,"array([3.13607066, 3.00936767])"
4677,7227,36549,"array([3.17264098, 2.97585932])"
4678,7227,37172,"array([3.10617599, 3.03713733])"
4679,7227,37297,"array([3.12859323, 3.05360203])"
4680,7227,37434,"array([3.16836156, 3.04471261])"
4681,7227,37757,"array([3.16317853, 3.0356649 ])"
4682,7227,37832,"array([3.11997928, 3.03482569])"
4683,7227,37995,"array([3.15161484, 3.03093624])"
4684,7227,38381,"array([3.11244408, 3.0180956 ])"
4685,7227,38553,"array([3.14412288, 3.02532203])"
4686,7227,38798,"array([3.15277342, 3.03536596])"
4687,7227,38901,"array([3.11255354, 3.02744524])"
4688,7227,39440,"array([3.14687395, 3.01661903])"
4689,7227,40036,"array([3.12410757, 3.03251545])"
4690,7227,40214,"array([3.13360327, 3.01249762])"
4691,7227,40347,"array([3.13652459, 3.02469522])"
4692,7227,40811,"array([3.12618033, 3.03992603])"
4693,7227,40842,"array([3.1260147 , 3.03248333])"
4694,7227,40993,"array([3.14550083, 3.057495  ])"
4695,7227,41581,"array([3.11831165, 3.01711329])"
4696,7227,41707,"array([3.15252291, 3.02543797])"
4697,7227,41768,"array([3.1425881 , 3.02008923])"
4698,7227,42204,"array([3.11760001, 3.03787752])"
4699,7227,42647,"array([3.14030849, 3.02635451])"
4700,7227,42696,"array([3.17317045, 3.01325367])"
4701,7227,42726,"array([3.12363878, 3.02908001])"
4702,7227,42803,"array([3.15132997, 3.08855009])"
4703,7227,42995,"array([3.1372251 , 3.01186009])"
4704,7227,43170,"array([3.12560073, 3.04604258])"
4705,7227,44027,"array([3.17885312, 3.01850192])"
4706,7227,44266,"array([3.13743732, 3.05156389])"
4707,7227,53561,"array([3.17396908, 3.03956967])"
4708,7227,59167,"array([3.13676421, 3.02797394])"
4709,7227,246527,"array([3.12996984, 3.00913333])"
4710,7227,246540,"array([3.14399926, 2.9941233 ])"
4711,7227,318206,"array([3.16606415, 3.03796494])"
4712,7227,3355127,"array([3.17104538, 3.02398253])"
4713,7227,33921,"array([3.13503137, 3.04559988])"
4714,7227,35788,"array([3.1687426 , 3.03293996])"
4715,7227,36991,"array([3.12942373, 3.05604284])"
4716,7227,42494,"array([3.14108997, 2.99546556])"
4717,7227,43206,"array([3.16560186, 3.03254673])"
4718,7227,48572,"array([3.14997297, 3.02335576])"
4719,7227,31407,"array([3.06225905, 3.08983253])"
4720,7227,42599,"array([3.10334078, 3.06094621])"
4721,7227,31409,"array([3.12617952, 3.05958721])"
4722,7227,32774,"array([3.14523124, 3.02621875])"
4723,7227,42648,"array([3.15358363, 3.02110636])"
4724,7227,31411,"array([3.23950126, 3.0698569 ])"
4725,7227,31412,"array([3.11676896, 3.03928134])"
4726,7227,34392,"array([3.13288896, 3.05158121])"
4727,7227,44258,"array([3.16451927, 3.04418775])"
4728,7227,31415,"array([3.10054532, 2.97521094])"
4729,7227,35536,"array([3.13463595, 3.04018181])"
4730,7227,42595,"array([3.14780094, 3.03371488])"
4731,7227,42633,"array([3.14135588, 3.03387456])"
4732,7227,31933,"array([3.21559378, 2.98407706])"
4733,7227,33583,"array([3.16427935, 2.99738   ])"
4734,7227,34035,"array([3.20635136, 2.95924869])"
4735,7227,34184,"array([3.15783115, 3.00747045])"
4736,7227,34621,"array([3.16024583, 3.01647086])"
4737,7227,34750,"array([3.21579122, 3.00017478])"
4738,7227,35130,"array([3.17201065, 3.01791254])"
4739,7227,36381,"array([3.13108001, 2.9905687 ])"
4740,7227,36486,"array([3.1322178 , 3.01326064])"
4741,7227,37956,"array([3.15186891, 2.96478101])"
4742,7227,39220,"array([3.20215155, 2.95484627])"
4743,7227,39540,"array([3.14811455, 2.99962453])"
4744,7227,40120,"array([3.13551022, 2.99530154])"
4745,7227,41411,"array([3.17608177, 2.9886118 ])"
4746,7227,42046,"array([3.11496342, 2.97577126])"
4747,7227,45577,"array([3.15739541, 3.03816627])"
4748,7227,2768831,"array([3.20747004, 2.97863371])"
4749,7227,31422,"array([3.10404065, 3.09532682])"
4750,7227,31424,"array([3.17879899, 3.02695277])"
4751,7227,35341,"array([3.14356167, 3.00219623])"
4752,7227,36705,"array([3.17107357, 3.03764426])"
4753,7227,33573,"array([3.11502534, 3.04133787])"
4754,7227,34458,"array([3.18180689, 2.99151659])"
4755,7227,36524,"array([3.14244266, 2.93464258])"
4756,7227,41820,"array([3.10403944, 2.95611917])"
4757,7227,3772646,"array([3.16532972, 3.03544783])"
4758,7227,38615,"array([3.15674354, 3.02457357])"
4759,7227,31427,"array([3.19011191, 3.06228115])"
4760,7227,31429,"array([3.15456283, 3.01862747])"
4761,7227,33570,"array([3.16964334, 2.95543159])"
4762,7227,34592,"array([3.16496609, 2.9990498 ])"
4763,7227,34873,"array([3.17784666, 3.02198455])"
4764,7227,35590,"array([3.13969182, 3.02136588])"
4765,7227,35886,"array([3.155383  , 3.04622904])"
4766,7227,36750,"array([3.15001711, 3.00958052])"
4767,7227,38012,"array([3.16901152, 2.99473456])"
4768,7227,39075,"array([3.13465211, 3.03729079])"
4769,7227,42618,"array([3.1312186 , 3.04428773])"
4770,7227,31430,"array([3.16778098, 2.98902279])"
4771,7227,34669,"array([3.16882245, 3.00073393])"
4772,7227,31433,"array([3.19979361, 3.04562623])"
4773,7227,31435,"array([3.1745751, 3.0144812])"
4774,7227,40743,"array([3.17708368, 3.01013889])"
4775,7227,41281,"array([3.14657893, 2.99644534])"
4776,7227,32224,"array([3.12110206, 2.97921555])"
4777,7227,33616,"array([3.15243495, 2.99097486])"
4778,7227,33708,"array([3.14556141, 2.96874587])"
4779,7227,34231,"array([3.14556782, 2.97782456])"
4780,7227,34637,"array([3.12146573, 2.98405745])"
4781,7227,37597,"array([3.12837382, 2.98469885])"
4782,7227,2768670,"array([3.15481141, 2.98739385])"
4783,7227,36444,"array([3.1778456 , 3.03487875])"
4784,7227,31440,"array([3.15535493, 3.1158039 ])"
4785,7227,31441,"array([3.15225925, 2.99703083])"
4786,7227,36130,"array([3.14751743, 2.99570168])"
4787,7227,41612,"array([3.16062939, 2.98995967])"
4788,7227,31558,"array([3.14256742, 3.01471046])"
4789,7227,33288,"array([3.12784659, 3.02406055])"
4790,7227,33909,"array([3.2062691 , 2.99971483])"
4791,7227,34080,"array([3.17051609, 3.02461882])"
4792,7227,34426,"array([3.17084958, 3.03524627])"
4793,7227,34876,"array([3.11057643, 3.02833696])"
4794,7227,35509,"array([3.14249539, 3.02495007])"
4795,7227,35576,"array([3.15414518, 3.02256599])"
4796,7227,35789,"array([3.13867139, 3.03882725])"
4797,7227,35821,"array([3.12679183, 3.03889304])"
4798,7227,35955,"array([3.16479009, 3.03777784])"
4799,7227,35966,"array([3.13063973, 3.01883602])"
4800,7227,36314,"array([3.15309378, 3.04445023])"
4801,7227,38206,"array([3.1303717, 3.0436714])"
4802,7227,39456,"array([3.17495713, 3.04268473])"
4803,7227,42048,"array([3.15488139, 3.03680652])"
4804,7227,42274,"array([3.14253545, 3.01047434])"
4805,7227,43074,"array([3.14717217, 3.03798947])"
4806,7227,31443,"array([3.15944078, 2.99088327])"
4807,7227,31703,"array([3.13198974, 3.04415285])"
4808,7227,32905,"array([3.13239073, 3.04275758])"
4809,7227,34715,"array([3.16794769, 3.0185759 ])"
4810,7227,34866,"array([3.16689271, 3.0622596 ])"
4811,7227,34867,"array([3.16654483, 3.08147792])"
4812,7227,34910,"array([3.14087515, 3.0189176 ])"
4813,7227,37230,"array([3.16131378, 3.03870384])"
4814,7227,37798,"array([3.16385773, 3.03184342])"
4815,7227,44086,"array([3.15662997, 3.03128989])"
4816,7227,3771738,"array([3.13052043, 3.03099913])"
4817,7227,43370,"array([3.13201516, 3.09594695])"
4818,7227,31447,"array([3.15151094, 2.99011121])"
4819,7227,33551,"array([3.16090777, 3.02286234])"
4820,7227,31448,"array([3.1155944 , 3.03024012])"
4821,7227,35003,"array([3.14196706, 3.0166553 ])"
4822,7227,37372,"array([3.12532641, 3.02131777])"
4823,7227,42842,"array([3.1247779 , 3.01156809])"
4824,7227,32471,"array([3.12697447, 3.03056048])"
4825,7227,33976,"array([3.13989703, 2.98262885])"
4826,7227,37113,"array([3.12108243, 3.03793623])"
4827,7227,40935,"array([3.11136812, 3.03047316])"
4828,7227,41462,"array([3.10449586, 3.024268  ])"
4829,7227,42062,"array([3.17284371, 3.01539426])"
4830,7227,43321,"array([3.15380391, 3.03014551])"
4831,7227,31450,"array([3.19503134, 3.02869629])"
4832,7227,33961,"array([3.2135695 , 3.01416723])"
4833,7227,39404,"array([3.1836865 , 2.98953264])"
4834,7227,31451,"array([3.16954782, 2.9908893 ])"
4835,7227,34530,"array([3.14578183, 3.00507206])"
4836,7227,42466,"array([3.15584835, 3.03148575])"
4837,7227,33914,"array([3.14297866, 3.03832437])"
4838,7227,34176,"array([3.1277374 , 3.04096434])"
4839,7227,35998,"array([3.13325   , 3.03073562])"
4840,7227,39264,"array([3.13688925, 3.04681864])"
4841,7227,40431,"array([3.16592922, 3.03937473])"
4842,7227,41668,"array([3.15050938, 3.01325355])"
4843,7227,43398,"array([3.15182297, 3.0198657 ])"
4844,7227,47082,"array([3.14910387, 3.01120297])"
4845,7227,31460,"array([3.11404831, 2.93288867])"
4846,7227,31465,"array([3.13381231, 3.02411297])"
4847,7227,31777,"array([3.13476848, 3.05451683])"
4848,7227,32164,"array([3.12449253, 3.04353082])"
4849,7227,32226,"array([3.15887791, 3.04272597])"
4850,7227,32531,"array([3.10375293, 3.04806484])"
4851,7227,33135,"array([3.12769284, 3.02655735])"
4852,7227,33252,"array([3.12477727, 3.05453753])"
4853,7227,33259,"array([3.14426976, 3.01977766])"
4854,7227,33279,"array([3.14680843, 3.04142108])"
4855,7227,33310,"array([3.11559641, 3.0554765 ])"
4856,7227,33808,"array([3.13050484, 3.0168087 ])"
4857,7227,34326,"array([3.13339309, 3.01769283])"
4858,7227,34944,"array([3.12150402, 3.01580263])"
4859,7227,35066,"array([3.14114739, 3.01132052])"
4860,7227,35315,"array([3.14771842, 3.031597  ])"
4861,7227,35488,"array([3.14150856, 3.02416409])"
4862,7227,35604,"array([3.13107227, 3.017851  ])"
4863,7227,35941,"array([3.13444022, 3.0442005 ])"
4864,7227,36081,"array([3.10608779, 3.01924365])"
4865,7227,36139,"array([3.17274671, 3.02193913])"
4866,7227,36157,"array([3.11736832, 3.02288183])"
4867,7227,36236,"array([3.12453344, 3.02849421])"
4868,7227,36566,"array([3.12210054, 3.0392692 ])"
4869,7227,36757,"array([3.13669227, 3.01532484])"
4870,7227,36791,"array([3.15306896, 3.02755692])"
4871,7227,36908,"array([3.12761736, 3.03030722])"
4872,7227,37588,"array([3.1127252 , 3.00539412])"
4873,7227,37691,"array([3.11040508, 3.05688688])"
4874,7227,38600,"array([3.13024055, 3.02327927])"
4875,7227,38806,"array([3.12913569, 3.06399829])"
4876,7227,38920,"array([3.14186446, 3.01780948])"
4877,7227,38993,"array([3.16105916, 3.03951482])"
4878,7227,39670,"array([3.12848491, 3.02646005])"
4879,7227,39704,"array([3.11458149, 3.03780198])"
4880,7227,40039,"array([3.1085172 , 3.02906876])"
4881,7227,40544,"array([3.11913581, 3.02007144])"
4882,7227,40621,"array([3.13695576, 3.0419254 ])"
4883,7227,40633,"array([3.1365996 , 3.02350875])"
4884,7227,41285,"array([3.12089813, 3.04652495])"
4885,7227,41311,"array([3.13205854, 3.03379408])"
4886,7227,41312,"array([3.1023721 , 3.06470546])"
4887,7227,41314,"array([3.12709445, 3.03697762])"
4888,7227,41345,"array([3.15487785, 3.0047148 ])"
4889,7227,41381,"array([3.15266749, 3.01059702])"
4890,7227,41522,"array([3.1315605 , 3.04486034])"
4891,7227,41666,"array([3.15501438, 3.03318635])"
4892,7227,42013,"array([3.10348412, 3.05772916])"
4893,7227,42114,"array([3.11794808, 3.05187061])"
4894,7227,42142,"array([3.15073412, 3.01559158])"
4895,7227,42166,"array([3.12600464, 3.03104609])"
4896,7227,42950,"array([3.13573067, 3.02808919])"
4897,7227,44071,"array([3.13698078, 3.02745177])"
4898,7227,45588,"array([3.14977334, 3.01086873])"
4899,7227,117503,"array([3.11045433, 3.04048267])"
4900,7227,318164,"array([3.13101914, 3.008782  ])"
4901,7227,26067068,"array([3.13401173, 3.04592042])"
4902,7227,31464,"array([3.09870442, 3.03483409])"
4903,7227,38823,"array([3.10171148, 3.01456993])"
4904,7227,32295,"array([3.12303279, 2.98918078])"
4905,7227,35379,"array([3.14745395, 3.03709192])"
4906,7227,35445,"array([3.15110212, 3.01800285])"
4907,7227,35521,"array([3.12537575, 3.04521294])"
4908,7227,39253,"array([3.13980494, 3.02803162])"
4909,7227,42370,"array([3.15069185, 3.04893262])"
4910,7227,42963,"array([3.14314224, 3.04918437])"
4911,7227,31466,"array([3.08774694, 2.98610424])"
4912,7227,43999,"array([3.14353485, 3.02410188])"
4913,7227,31469,"array([3.14752126, 3.00321542])"
4914,7227,31858,"array([3.17962567, 3.01783118])"
4915,7227,31954,"array([3.10640737, 3.02684209])"
4916,7227,32032,"array([3.15888577, 2.996838  ])"
4917,7227,32160,"array([3.17832477, 3.00020301])"
4918,7227,32169,"array([3.15923892, 3.00661245])"
4919,7227,33309,"array([3.14494202, 2.97524813])"
4920,7227,33810,"array([3.17270288, 2.95994713])"
4921,7227,33954,"array([3.14846035, 3.01072584])"
4922,7227,34814,"array([3.16678958, 2.98431329])"
4923,7227,34818,"array([3.11912723, 2.95078051])"
4924,7227,35016,"array([3.18011239, 3.02311211])"
4925,7227,35106,"array([3.19533941, 2.99923938])"
4926,7227,35160,"array([3.14935548, 2.97405446])"
4927,7227,37478,"array([3.15353161, 2.98700369])"
4928,7227,37583,"array([3.13180134, 2.99741964])"
4929,7227,37599,"array([3.1467495 , 2.95980273])"
4930,7227,37990,"array([3.13167111, 2.99613206])"
4931,7227,38619,"array([3.15843745, 3.00941894])"
4932,7227,39010,"array([3.14913431, 2.97610137])"
4933,7227,39354,"array([3.15216097, 3.00676862])"
4934,7227,39356,"array([3.13569371, 2.94125069])"
4935,7227,39629,"array([3.15413826, 2.95363878])"
4936,7227,39756,"array([3.11694615, 3.01403488])"
4937,7227,40013,"array([3.14573291, 2.98190905])"
4938,7227,40212,"array([3.13264119, 2.99656748])"
4939,7227,42807,"array([3.10236054, 2.99696498])"
4940,7227,44510,"array([3.12059528, 3.01710371])"
4941,7227,50055,"array([3.16558018, 2.98618399])"
4942,7227,246605,"array([3.15093521, 2.94196813])"
4943,7227,246610,"array([3.15689917, 2.98036506])"
4944,7227,251414,"array([3.12040208, 3.03349985])"
4945,7227,318859,"array([3.16206362, 2.99562772])"
4946,7227,31473,"array([3.18053397, 3.05336927])"
4947,7227,33166,"array([3.16686695, 3.00423509])"
4948,7227,35231,"array([3.17737995, 3.06312808])"
4949,7227,40163,"array([3.14606334, 2.99379274])"
4950,7227,40741,"array([3.13222939, 3.06959619])"
4951,7227,40814,"array([3.1381986 , 3.01750474])"
4952,7227,251645,"array([3.16029686, 3.00029365])"
4953,7227,31475,"array([3.15416615, 3.08265045])"
4954,7227,34505,"array([3.15522835, 3.01740327])"
4955,7227,35712,"array([3.15312272, 3.04207413])"
4956,7227,37721,"array([3.18098371, 2.97552282])"
4957,7227,38419,"array([3.19908108, 2.9917674 ])"
4958,7227,44390,"array([3.13155379, 3.03494937])"
4959,7227,45879,"array([3.15358238, 2.99325387])"
4960,7227,31481,"array([3.12525144, 3.03739766])"
4961,7227,35029,"array([3.15715557, 3.03355365])"
4962,7227,38811,"array([3.1489949, 3.0247331])"
4963,7227,39423,"array([3.1291245 , 3.06000517])"
4964,7227,42759,"array([3.13420785, 3.04504065])"
4965,7227,43267,"array([3.11483321, 3.02042079])"
4966,7227,43311,"array([3.12851465, 3.03917609])"
4967,7227,47457,"array([3.12582456, 3.01442354])"
4968,7227,36919,"array([3.17072177, 3.04868712])"
4969,7227,40376,"array([3.19746189, 3.0456588 ])"
4970,7227,31486,"array([3.1870675 , 2.94525861])"
4971,7227,42239,"array([3.16443894, 3.00273052])"
4972,7227,34888,"array([3.16225507, 2.99926916])"
4973,7227,31489,"array([3.10626187, 2.9442001 ])"
4974,7227,39003,"array([3.13440581, 2.99763254])"
4975,7227,31491,"array([3.18922164, 3.05138251])"
4976,7227,31493,"array([3.16323686, 3.05472741])"
4977,7227,33036,"array([3.1626594 , 3.00207222])"
4978,7227,37285,"array([3.11836442, 3.04709174])"
4979,7227,38081,"array([3.17157297, 3.06238249])"
4980,7227,31496,"array([3.20040422, 3.06945893])"
4981,7227,31497,"array([3.14541719, 3.05199726])"
4982,7227,36655,"array([3.11561876, 3.04073921])"
4983,7227,39420,"array([3.11203355, 3.02454711])"
4984,7227,44275,"array([3.14570218, 3.00890626])"
4985,7227,31498,"array([3.16921128, 3.00831425])"
4986,7227,34351,"array([3.18395973, 2.98340088])"
4987,7227,37233,"array([3.19628363, 3.0389902 ])"
4988,7227,37996,"array([3.19105765, 3.02259208])"
4989,7227,38526,"array([3.13345214, 2.98652505])"
4990,7227,41149,"array([3.13324954, 3.04996684])"
4991,7227,43672,"array([3.11988813, 2.98465395])"
4992,7227,31500,"array([3.15273618, 3.00613789])"
4993,7227,31942,"array([3.16205099, 3.02201802])"
4994,7227,39739,"array([3.08624901, 3.03649135])"
4995,7227,40886,"array([3.16215012, 2.98257426])"
4996,7227,31503,"array([3.18388471, 2.96885868])"
4997,7227,31506,"array([3.20019969, 3.04896225])"
4998,7227,31509,"array([3.18447775, 3.07454198])"
4999,7227,31510,"array([3.06115725, 2.97429342])"
5000,7227,31511,"array([3.11519983, 3.03306005])"
5001,7227,33215,"array([3.13234131, 3.03702078])"
5002,7227,33519,"array([3.11896141, 3.02189362])"
5003,7227,35342,"array([3.12280248, 3.03368091])"
5004,7227,36423,"array([3.11453777, 3.03891099])"
5005,7227,36988,"array([3.15231555, 3.03006905])"
5006,7227,40719,"array([3.13199848, 3.02525467])"
5007,7227,42174,"array([3.12317422, 3.04689538])"
5008,7227,31513,"array([3.19613177, 3.09694661])"
5009,7227,31515,"array([3.1298134 , 3.06866106])"
5010,7227,35074,"array([3.15299878, 3.06493304])"
5011,7227,31516,"array([3.1709786 , 3.01549458])"
5012,7227,32407,"array([3.19135788, 3.04659973])"
5013,7227,33445,"array([3.17422364, 3.0118945 ])"
5014,7227,33467,"array([3.14845715, 3.04167872])"
5015,7227,34126,"array([3.1701897 , 3.01621902])"
5016,7227,34677,"array([3.14391794, 3.00015687])"
5017,7227,35230,"array([3.15694211, 3.01090055])"
5018,7227,35284,"array([3.1650056, 3.0133542])"
5019,7227,37153,"array([3.15735964, 3.02404808])"
5020,7227,41057,"array([3.17620611, 3.00956607])"
5021,7227,3355016,"array([3.14638633, 3.01256129])"
5022,7227,31517,"array([3.14596023, 3.0813135 ])"
5023,7227,31939,"array([3.15938561, 3.03890651])"
5024,7227,31564,"array([3.18105476, 3.02188118])"
5025,7227,35523,"array([3.17597613, 3.02598968])"
5026,7227,36560,"array([3.17164473, 3.02963073])"
5027,7227,40508,"array([3.15271497, 3.02007973])"
5028,7227,41498,"array([3.16421415, 3.01959105])"
5029,7227,41911,"array([3.17104535, 3.03963567])"
5030,7227,43529,"array([3.18638227, 3.02653386])"
5031,7227,31519,"array([3.12152835, 2.99936624])"
5032,7227,39217,"array([3.13385038, 2.99206235])"
5033,7227,39252,"array([3.1500079 , 3.00540913])"
5034,7227,40605,"array([3.1501708 , 3.00361529])"
5035,7227,35199,"array([3.15596852, 3.04305843])"
5036,7227,37787,"array([3.20036288, 3.02462368])"
5037,7227,39130,"array([3.21877158, 3.02722982])"
5038,7227,40135,"array([3.17740219, 3.01157131])"
5039,7227,43096,"array([3.1607224 , 3.03364539])"
5040,7227,31717,"array([3.13446281, 2.98961873])"
5041,7227,31975,"array([3.18568004, 3.04600566])"
5042,7227,32718,"array([3.1936915 , 3.04163323])"
5043,7227,33300,"array([3.16290887, 3.02620032])"
5044,7227,33409,"array([3.14720061, 3.01501172])"
5045,7227,33812,"array([3.13085904, 3.10165715])"
5046,7227,34485,"array([3.15552365, 3.06433513])"
5047,7227,34529,"array([3.1406753 , 3.05994292])"
5048,7227,34700,"array([3.14804433, 3.02389585])"
5049,7227,36209,"array([3.17303807, 3.04162288])"
5050,7227,36954,"array([3.12374396, 3.05496387])"
5051,7227,37867,"array([3.15675721, 3.07991583])"
5052,7227,37890,"array([3.16875498, 3.01034547])"
5053,7227,37998,"array([3.188115 , 3.0417405])"
5054,7227,38556,"array([3.1275482 , 2.96734735])"
5055,7227,38654,"array([3.14461894, 3.02603361])"
5056,7227,39168,"array([3.14984426, 3.00866389])"
5057,7227,39811,"array([3.17609198, 3.00356797])"
5058,7227,40462,"array([3.15561521, 3.05821379])"
5059,7227,41552,"array([3.17567715, 3.04565722])"
5060,7227,41879,"array([3.13722018, 2.99954297])"
5061,7227,42333,"array([3.14271859, 2.99472322])"
5062,7227,42357,"array([3.18443116, 3.07194697])"
5063,7227,42444,"array([3.16652449, 3.01133862])"
5064,7227,42848,"array([3.13322949, 3.00602626])"
5065,7227,43541,"array([3.09817399, 3.05526503])"
5066,7227,317852,"array([3.15103825, 3.07465189])"
5067,7227,318599,"array([3.11568033, 3.04256255])"
5068,7227,5740528,"array([3.12362831, 2.99836168])"
5069,7227,31522,"array([3.09874807, 2.9055246 ])"
5070,7227,43592,"array([3.11396589, 2.94029473])"
5071,7227,31523,"array([3.20062432, 2.98085251])"
5072,7227,31524,"array([3.15789985, 3.04889191])"
5073,7227,33292,"array([3.14868754, 3.04438197])"
5074,7227,36041,"array([3.15706045, 3.03679606])"
5075,7227,31525,"array([3.15105654, 3.01391725])"
5076,7227,31947,"array([3.14994272, 3.0005178 ])"
5077,7227,33521,"array([3.18084292, 3.00506651])"
5078,7227,31526,"array([3.15103852, 2.99882441])"
5079,7227,31798,"array([3.1234227 , 3.01831531])"
5080,7227,34848,"array([3.1985697, 2.9861127])"
5081,7227,41205,"array([3.15832373, 3.04806233])"
5082,7227,41313,"array([3.15023548, 2.97783089])"
5083,7227,42855,"array([3.15881617, 3.02941638])"
5084,7227,31528,"array([3.03338709, 3.00943058])"
5085,7227,36569,"array([3.07691574, 3.01831406])"
5086,7227,31639,"array([3.10579412, 3.10899311])"
5087,7227,32106,"array([3.13903961, 2.9908452 ])"
5088,7227,40243,"array([3.15101715, 2.9936676 ])"
5089,7227,42475,"array([3.1133983 , 3.00189912])"
5090,7227,31735,"array([3.15782669, 3.01163761])"
5091,7227,32640,"array([3.14259733, 3.04423816])"
5092,7227,34152,"array([3.12332693, 3.02087147])"
5093,7227,34355,"array([3.14240592, 3.00816889])"
5094,7227,34469,"array([3.13362129, 2.99315762])"
5095,7227,35404,"array([3.1448218 , 3.01505328])"
5096,7227,36020,"array([3.12998457, 3.0496332 ])"
5097,7227,36053,"array([3.12961723, 3.05862099])"
5098,7227,36926,"array([3.10084789, 3.04439583])"
5099,7227,37107,"array([3.1306667 , 2.98193151])"
5100,7227,39340,"array([3.14376975, 3.01868782])"
5101,7227,39464,"array([3.15639075, 3.00669135])"
5102,7227,43023,"array([3.16956881, 3.00138829])"
5103,7227,31536,"array([3.16576257, 3.06843471])"
5104,7227,48224,"array([3.13501901, 3.06995802])"
5105,7227,31538,"array([3.16143039, 3.09786653])"
5106,7227,31539,"array([3.14604569, 2.94224039])"
5107,7227,31540,"array([3.21736218, 3.00146772])"
5108,7227,41394,"array([3.17376216, 3.01835359])"
5109,7227,31541,"array([3.12628236, 3.06172424])"
5110,7227,31542,"array([3.13614818, 2.94801568])"
5111,7227,42738,"array([3.15360637, 3.01170423])"
5112,7227,26067067,"array([3.12127941, 3.01058815])"
5113,7227,31547,"array([3.09234916, 3.03273958])"
5114,7227,38780,"array([3.11800715, 3.00184644])"
5115,7227,50365,"array([3.19021703, 3.0424409 ])"
5116,7227,2768840,"array([3.05494752, 2.98626862])"
5117,7227,31553,"array([3.05257234, 3.04413248])"
5118,7227,31965,"array([3.15584968, 3.05233608])"
5119,7227,33269,"array([3.14616326, 3.03037586])"
5120,7227,34122,"array([3.13017154, 3.01803895])"
5121,7227,35046,"array([3.13462503, 3.05176716])"
5122,7227,35170,"array([3.14432257, 3.03597711])"
5123,7227,36002,"array([3.14911402, 3.07916787])"
5124,7227,36154,"array([3.13773028, 3.01375437])"
5125,7227,36865,"array([3.11703391, 3.06648086])"
5126,7227,39213,"array([3.12862887, 3.02270358])"
5127,7227,40053,"array([3.124282  , 3.03092983])"
5128,7227,40593,"array([3.15240087, 3.03403246])"
5129,7227,40920,"array([3.13480982, 3.02988983])"
5130,7227,41273,"array([3.16200016, 3.03181504])"
5131,7227,43657,"array([3.13067771, 3.02942293])"
5132,7227,48228,"array([3.11194116, 3.04625594])"
5133,7227,49045,"array([3.15776299, 3.05673559])"
5134,7227,3772641,"array([3.12584584, 3.06066336])"
5135,7227,31555,"array([3.2300967, 3.0536165])"
5136,7227,31556,"array([3.22018896, 2.98598355])"
5137,7227,32018,"array([3.1310432, 2.98343  ])"
5138,7227,33847,"array([3.1022909 , 3.00718932])"
5139,7227,35898,"array([3.16120108, 3.01212453])"
5140,7227,43355,"array([3.15032914, 3.03513546])"
5141,7227,43725,"array([3.16284301, 3.00398965])"
5142,7227,50126,"array([3.11849191, 3.04194532])"
5143,7227,31560,"array([3.091542  , 3.06544195])"
5144,7227,31562,"array([3.11709944, 3.06021723])"
5145,7227,32836,"array([3.14587175, 3.05839851])"
5146,7227,40841,"array([3.13110354, 3.03664032])"
5147,7227,34022,"array([3.22125304, 3.01198126])"
5148,7227,37852,"array([3.1432198 , 3.05167734])"
5149,7227,38644,"array([3.12696942, 3.00250165])"
5150,7227,38912,"array([3.14432586, 3.0061037 ])"
5151,7227,42810,"array([3.22086414, 3.02204538])"
5152,7227,50075,"array([3.1997113 , 3.03233858])"
5153,7227,32239,"array([3.12700599, 3.02187352])"
5154,7227,34945,"array([3.1188339 , 3.03846937])"
5155,7227,37415,"array([3.15829347, 3.01807413])"
5156,7227,40810,"array([3.1172602 , 3.01538081])"
5157,7227,41084,"array([3.17843124, 3.00626418])"
5158,7227,42269,"array([3.12113524, 3.00049306])"
5159,7227,32403,"array([3.11448852, 3.0540271 ])"
5160,7227,32489,"array([3.13344135, 3.045362  ])"
5161,7227,32921,"array([3.13674434, 3.04488336])"
5162,7227,33650,"array([3.11356004, 3.027412  ])"
5163,7227,33716,"array([3.12995424, 3.04590404])"
5164,7227,33738,"array([3.13096517, 3.04110643])"
5165,7227,34191,"array([3.127279  , 3.04335457])"
5166,7227,34735,"array([3.12858925, 3.0512228 ])"
5167,7227,35176,"array([3.13515256, 3.04835113])"
5168,7227,35194,"array([3.13945647, 3.03993155])"
5169,7227,35635,"array([3.13472771, 3.04980997])"
5170,7227,35765,"array([3.14667638, 3.04595408])"
5171,7227,35793,"array([3.14395159, 3.04287137])"
5172,7227,35853,"array([3.12489668, 3.03945298])"
5173,7227,36638,"array([3.13274677, 3.03268446])"
5174,7227,36782,"array([3.1278639 , 3.03217078])"
5175,7227,37199,"array([3.13721432, 3.03603926])"
5176,7227,37808,"array([3.12158011, 3.04169068])"
5177,7227,38518,"array([3.14082914, 3.01974927])"
5178,7227,38793,"array([3.13205312, 3.0626552 ])"
5179,7227,39310,"array([3.13570646, 3.01531948])"
5180,7227,39351,"array([3.12292055, 3.0251702 ])"
5181,7227,40130,"array([3.12355505, 3.04159711])"
5182,7227,40383,"array([3.12798041, 3.04565485])"
5183,7227,40388,"array([3.15598546, 3.03596569])"
5184,7227,40489,"array([3.14492607, 3.0287372 ])"
5185,7227,40717,"array([3.14799206, 3.05215924])"
5186,7227,41566,"array([3.14291923, 3.03968491])"
5187,7227,41777,"array([3.10521184, 3.049607  ])"
5188,7227,42802,"array([3.142555  , 3.04351787])"
5189,7227,42934,"array([3.14775421, 3.04341779])"
5190,7227,43449,"array([3.13180664, 3.0401535 ])"
5191,7227,43505,"array([3.12944688, 3.04027288])"
5192,7227,43558,"array([3.12511088, 3.04188226])"
5193,7227,43982,"array([3.12548024, 3.03322035])"
5194,7227,44747,"array([3.15911524, 3.05056916])"
5195,7227,45399,"array([3.12872268, 3.0566005 ])"
5196,7227,246506,"array([3.12491391, 3.04663972])"
5197,7227,246556,"array([3.12010796, 3.05233828])"
5198,7227,31568,"array([3.13719469, 3.00503021])"
5199,7227,31605,"array([3.1491179 , 3.05565893])"
5200,7227,32024,"array([3.11748598, 2.96184622])"
5201,7227,32612,"array([3.13514118, 3.02563304])"
5202,7227,33935,"array([3.11085244, 3.00980849])"
5203,7227,35168,"array([3.15296458, 2.98269703])"
5204,7227,35407,"array([3.09388693, 3.00428963])"
5205,7227,35726,"array([3.10042576, 2.95697169])"
5206,7227,36338,"array([3.10526697, 2.99483399])"
5207,7227,36401,"array([3.19109199, 2.98003111])"
5208,7227,36597,"array([3.10438494, 3.00891093])"
5209,7227,36728,"array([3.12534374, 3.00744581])"
5210,7227,37384,"array([3.09507892, 2.98977429])"
5211,7227,37985,"array([3.1927294, 2.9979672])"
5212,7227,38202,"array([3.15223271, 2.98906536])"
5213,7227,38843,"array([3.13624692, 2.99162151])"
5214,7227,39025,"array([3.08564472, 3.01896497])"
5215,7227,40220,"array([3.13580516, 2.99706256])"
5216,7227,40287,"array([3.15059386, 3.01045715])"
5217,7227,40304,"array([3.15205177, 3.00129564])"
5218,7227,40437,"array([3.08512978, 2.99407547])"
5219,7227,40627,"array([3.13440863, 2.99562991])"
5220,7227,40794,"array([3.14321709, 2.99042077])"
5221,7227,42027,"array([3.15479201, 3.03383291])"
5222,7227,42857,"array([3.101515  , 3.01019604])"
5223,7227,43092,"array([3.13674134, 3.01672405])"
5224,7227,43636,"array([3.10102275, 3.0133385 ])"
5225,7227,31571,"array([3.15401628, 3.02008007])"
5226,7227,31896,"array([3.12574188, 3.00099425])"
5227,7227,34560,"array([3.17264006, 3.0070717 ])"
5228,7227,39210,"array([3.11883592, 3.02934469])"
5229,7227,43288,"array([3.17890657, 3.01222346])"
5230,7227,31572,"array([3.16210885, 3.02827284])"
5231,7227,33123,"array([3.17461461, 3.01591394])"
5232,7227,31574,"array([3.12469348, 2.98687188])"
5233,7227,31576,"array([3.10720492, 3.01800371])"
5234,7227,39040,"array([3.14984364, 2.99369708])"
5235,7227,31676,"array([3.12815829, 3.00510074])"
5236,7227,33629,"array([3.16545095, 3.02316806])"
5237,7227,37410,"array([3.19154184, 2.97527907])"
5238,7227,31578,"array([3.09295291, 3.05427214])"
5239,7227,41217,"array([3.12000696, 3.01489925])"
5240,7227,32936,"array([3.13593094, 3.06100133])"
5241,7227,33986,"array([3.13439375, 3.02450644])"
5242,7227,35885,"array([3.16623906, 3.04352656])"
5243,7227,36927,"array([3.14699594, 3.05798902])"
5244,7227,37266,"array([3.1479624 , 3.06122407])"
5245,7227,38605,"array([3.16371222, 3.04088995])"
5246,7227,40048,"array([3.14650332, 3.04453638])"
5247,7227,41029,"array([3.12258822, 3.04634197])"
5248,7227,41042,"array([3.15488526, 3.01963926])"
5249,7227,41885,"array([3.15830246, 3.0498045 ])"
5250,7227,42571,"array([3.1331604 , 3.06557668])"
5251,7227,43717,"array([3.14364496, 3.06145744])"
5252,7227,5740746,"array([3.14428251, 3.06956961])"
5253,7227,36652,"array([3.15364221, 3.01247748])"
5254,7227,38435,"array([3.10643727, 2.9958213 ])"
5255,7227,39308,"array([3.19869334, 3.06971807])"
5256,7227,40271,"array([3.21468803, 3.03879742])"
5257,7227,32631,"array([3.16895323, 3.03061525])"
5258,7227,35602,"array([3.20162709, 3.03130282])"
5259,7227,36578,"array([3.15870338, 3.01248127])"
5260,7227,38472,"array([3.14870999, 3.06049439])"
5261,7227,40949,"array([3.17137791, 3.02485321])"
5262,7227,32586,"array([3.1503755 , 3.05570723])"
5263,7227,35041,"array([3.16749487, 3.07321766])"
5264,7227,39559,"array([3.16986492, 3.03527529])"
5265,7227,41686,"array([3.12712184, 2.99228519])"
5266,7227,42957,"array([3.12494589, 2.99046433])"
5267,7227,42998,"array([3.21357707, 2.98826563])"
5268,7227,31586,"array([3.159773  , 3.00595382])"
5269,7227,31751,"array([3.17190284, 2.9855768 ])"
5270,7227,32753,"array([3.14287064, 3.01625349])"
5271,7227,36763,"array([3.14198594, 2.9786586 ])"
5272,7227,42694,"array([3.18085361, 3.03258285])"
5273,7227,42984,"array([3.1372774 , 3.01827746])"
5274,7227,33890,"array([3.18086025, 3.04282994])"
5275,7227,35893,"array([3.12835141, 3.01865041])"
5276,7227,38543,"array([3.1319828 , 3.01428331])"
5277,7227,40680,"array([3.14343697, 3.02122515])"
5278,7227,41601,"array([3.12315003, 2.99290282])"
5279,7227,33191,"array([3.19232993, 3.00035196])"
5280,7227,34857,"array([3.17233055, 3.01396869])"
5281,7227,35078,"array([3.16031843, 3.02176787])"
5282,7227,35524,"array([3.16294114, 3.03816051])"
5283,7227,35889,"array([3.16513333, 3.00065808])"
5284,7227,41483,"array([3.16903902, 3.03386051])"
5285,7227,41843,"array([3.15811863, 3.04510111])"
5286,7227,41855,"array([3.16997246, 2.99381589])"
5287,7227,43212,"array([3.17235661, 3.0746011 ])"
5288,7227,43531,"array([3.16298943, 3.00639848])"
5289,7227,47141,"array([3.17251165, 3.00113044])"
5290,7227,36290,"array([3.15475534, 3.03054345])"
5291,7227,42207,"array([3.1450404 , 3.05272783])"
5292,7227,32722,"array([3.13190097, 3.02425493])"
5293,7227,32840,"array([3.18232631, 3.02060255])"
5294,7227,34754,"array([3.16292481, 3.0285542 ])"
5295,7227,36674,"array([3.16179519, 3.02290481])"
5296,7227,36804,"array([3.1901178 , 3.02930103])"
5297,7227,36950,"array([3.19775667, 3.01450315])"
5298,7227,37793,"array([3.19523671, 2.98483818])"
5299,7227,38997,"array([3.21964704, 3.02960124])"
5300,7227,39572,"array([3.15658657, 3.02089831])"
5301,7227,39696,"array([3.15259503, 3.05409431])"
5302,7227,42076,"array([3.17646755, 3.01396048])"
5303,7227,43467,"array([3.17371167, 2.99942183])"
5304,7227,31594,"array([3.18520318, 3.02802168])"
5305,7227,39428,"array([3.16313491, 3.0003536 ])"
5306,7227,31595,"array([3.18778852, 2.97765524])"
5307,7227,32202,"array([3.15361667, 2.97812955])"
5308,7227,38849,"array([3.19398366, 2.98801607])"
5309,7227,39883,"array([3.18532428, 3.00517175])"
5310,7227,46201,"array([3.19537966, 3.0018743 ])"
5311,7227,31596,"array([3.1686433 , 3.07926519])"
5312,7227,32678,"array([3.12723134, 3.04517255])"
5313,7227,33460,"array([3.14538509, 3.02733905])"
5314,7227,37218,"array([3.13075169, 3.02009292])"
5315,7227,41591,"array([3.12457908, 3.00062307])"
5316,7227,42089,"array([3.15647617, 3.05572936])"
5317,7227,42139,"array([3.13950623, 3.03527093])"
5318,7227,48340,"array([3.12185472, 3.03851416])"
5319,7227,32075,"array([3.12160649, 3.02212461])"
5320,7227,32145,"array([3.1836624 , 3.00635688])"
5321,7227,32696,"array([3.13982351, 3.01960067])"
5322,7227,33348,"array([3.14857725, 3.04609967])"
5323,7227,33626,"array([3.13146502, 3.03221245])"
5324,7227,34284,"array([3.15338428, 3.03922575])"
5325,7227,34321,"array([3.14990943, 3.0365936 ])"
5326,7227,36976,"array([3.13879022, 3.02561601])"
5327,7227,37399,"array([3.1228177 , 3.02769893])"
5328,7227,38984,"array([3.12097208, 3.02144758])"
5329,7227,39035,"array([3.12347517, 3.03206237])"
5330,7227,42059,"array([3.14592392, 3.05067011])"
5331,7227,42397,"array([3.14165515, 3.02281259])"
5332,7227,43683,"array([3.15785734, 3.01544264])"
5333,7227,44540,"array([3.15318067, 3.03051979])"
5334,7227,251466,"array([3.15191517, 3.02447545])"
5335,7227,318741,"array([3.12897084, 3.03769257])"
5336,7227,31601,"array([3.18110394, 3.07624166])"
5337,7227,40133,"array([3.18804631, 3.0404976 ])"
5338,7227,31602,"array([3.1618647, 3.0370505])"
5339,7227,38141,"array([3.2021138, 3.0704095])"
5340,7227,40783,"array([3.16652443, 2.99194298])"
5341,7227,42043,"array([3.1829547 , 3.05605772])"
5342,7227,46035,"array([3.127478  , 3.02943036])"
5343,7227,31604,"array([3.09230777, 3.05782992])"
5344,7227,33953,"array([3.15727698, 3.04741231])"
5345,7227,34842,"array([3.19043842, 3.02073112])"
5346,7227,32983,"array([3.13369424, 3.01521634])"
5347,7227,36281,"array([3.20022185, 3.01833274])"
5348,7227,37325,"array([3.16714205, 3.03805531])"
5349,7227,41756,"array([3.16275364, 3.0557918 ])"
5350,7227,31608,"array([3.10001414, 2.98262057])"
5351,7227,34889,"array([3.16357424, 3.00258714])"
5352,7227,39026,"array([3.17793608, 3.03944707])"
5353,7227,31610,"array([3.09895071, 2.99039805])"
5354,7227,36959,"array([3.15017371, 3.06072734])"
5355,7227,37102,"array([3.13280993, 3.01847815])"
5356,7227,31614,"array([3.17566059, 3.11613551])"
5357,7227,39052,"array([3.13408054, 3.04688304])"
5358,7227,40323,"array([3.14776774, 3.04972507])"
5359,7227,38840,"array([3.08524849, 3.09211255])"
5360,7227,39465,"array([3.12889175, 2.94121285])"
5361,7227,31621,"array([3.20969051, 3.08358831])"
5362,7227,38613,"array([3.13935927, 3.01785092])"
5363,7227,39099,"array([3.12799704, 2.98649592])"
5364,7227,31624,"array([3.20290346, 2.99414313])"
5365,7227,45328,"array([3.15921839, 2.98835568])"
5366,7227,31625,"array([3.21522849, 3.03502458])"
5367,7227,3354896,"array([3.17908163, 3.03407621])"
5368,7227,31626,"array([3.10811954, 3.03148402])"
5369,7227,31628,"array([3.22401686, 3.01523726])"
5370,7227,43481,"array([3.12882213, 3.01949209])"
5371,7227,31632,"array([3.10349414, 3.00608693])"
5372,7227,38754,"array([3.15303174, 2.99766381])"
5373,7227,31638,"array([3.18864026, 2.99169196])"
5374,7227,32505,"array([3.2219023, 2.9533801])"
5375,7227,37167,"array([3.16325542, 3.01945094])"
5376,7227,40045,"array([3.16638077, 3.01553776])"
5377,7227,32700,"array([3.15288391, 3.03450292])"
5378,7227,34111,"array([3.12549374, 2.99485656])"
5379,7227,36532,"array([3.14370809, 3.01265022])"
5380,7227,37296,"array([3.15085538, 3.05748979])"
5381,7227,38127,"array([3.10051318, 3.00318268])"
5382,7227,41938,"array([3.16356496, 3.03892948])"
5383,7227,42708,"array([3.16021935, 3.00302014])"
5384,7227,31642,"array([3.21536773, 3.02870289])"
5385,7227,31646,"array([3.09829787, 3.02616798])"
5386,7227,37132,"array([3.18157783, 2.9796263 ])"
5387,7227,41028,"array([3.12002054, 3.03654513])"
5388,7227,43375,"array([3.10198287, 2.99533225])"
5389,7227,43809,"array([3.16697825, 2.98799997])"
5390,7227,33657,"array([3.15949577, 2.99445048])"
5391,7227,31649,"array([3.13986396, 2.93461283])"
5392,7227,33171,"array([3.13249046, 3.04883382])"
5393,7227,36989,"array([3.15229297, 3.0422121 ])"
5394,7227,49701,"array([3.12782965, 3.02494575])"
5395,7227,31653,"array([3.07204088, 2.98506402])"
5396,7227,31656,"array([3.05721936, 3.04332344])"
5397,7227,31938,"array([3.15231641, 3.05691418])"
5398,7227,32591,"array([3.16871537, 3.05477454])"
5399,7227,33240,"array([3.13999236, 3.0012885 ])"
5400,7227,33353,"array([3.20375225, 3.04014106])"
5401,7227,33943,"array([3.14670305, 3.0247506 ])"
5402,7227,33968,"array([3.15473579, 3.03536225])"
5403,7227,34269,"array([3.17552623, 3.00015512])"
5404,7227,38016,"array([3.15900518, 2.99923689])"
5405,7227,39289,"array([3.16581069, 2.96754218])"
5406,7227,39500,"array([3.10107846, 3.00832757])"
5407,7227,39545,"array([3.18184401, 2.97372723])"
5408,7227,39636,"array([3.10600246, 3.00004728])"
5409,7227,40064,"array([3.18288473, 3.02523046])"
5410,7227,40986,"array([3.12983473, 3.00361182])"
5411,7227,41244,"array([3.14292528, 2.9990625 ])"
5412,7227,42143,"array([3.1576523 , 2.99614635])"
5413,7227,42676,"array([3.18876558, 3.01403517])"
5414,7227,43020,"array([3.17459423, 3.01706921])"
5415,7227,59176,"array([3.20425286, 2.99912463])"
5416,7227,3354918,"array([3.15972809, 3.02781729])"
5417,7227,31658,"array([3.11272522, 3.03159578])"
5418,7227,32648,"array([3.12340396, 3.01670835])"
5419,7227,40158,"array([3.0919302 , 3.01146514])"
5420,7227,31659,"array([3.19079289, 3.05469554])"
5421,7227,34007,"array([3.16058053, 3.078907  ])"
5422,7227,41633,"array([3.19441991, 2.99811054])"
5423,7227,42841,"array([3.14084803, 3.05364878])"
5424,7227,31660,"array([3.19252389, 3.0181404 ])"
5425,7227,35185,"array([3.25152834, 2.99605749])"
5426,7227,38009,"array([3.15546566, 3.06728205])"
5427,7227,39471,"array([3.17982088, 3.05695044])"
5428,7227,31663,"array([3.20893164, 3.00705916])"
5429,7227,31664,"array([3.10762523, 3.00730941])"
5430,7227,34136,"array([3.05643974, 2.99273483])"
5431,7227,34542,"array([3.12796941, 2.99682796])"
5432,7227,35399,"array([3.09519457, 2.99184455])"
5433,7227,326198,"array([3.10680709, 3.04095622])"
5434,7227,33436,"array([3.1302397 , 3.00008128])"
5435,7227,33901,"array([3.14884791, 2.98612333])"
5436,7227,34845,"array([3.16515608, 2.94643197])"
5437,7227,35072,"array([3.15949504, 3.00490746])"
5438,7227,35128,"array([3.13205285, 3.01589965])"
5439,7227,38340,"array([3.15689481, 2.97086786])"
5440,7227,39240,"array([3.1633794, 2.9836543])"
5441,7227,39357,"array([3.18269085, 3.04674876])"
5442,7227,41153,"array([3.14148346, 3.05237119])"
5443,7227,41972,"array([3.1653432 , 2.99130357])"
5444,7227,43197,"array([3.10765036, 3.04866676])"
5445,7227,50456,"array([3.17079585, 2.98625089])"
5446,7227,32893,"array([3.12543959, 2.98534446])"
5447,7227,33426,"array([3.14154231, 2.99466634])"
5448,7227,34402,"array([3.1160374 , 3.05368486])"
5449,7227,35507,"array([3.13094585, 3.02576692])"
5450,7227,36420,"array([3.14708849, 3.06054172])"
5451,7227,36741,"array([3.13838538, 3.00852185])"
5452,7227,40579,"array([3.15993188, 2.99879667])"
5453,7227,42591,"array([3.14500599, 3.02189796])"
5454,7227,43428,"array([3.16686395, 3.00605046])"
5455,7227,31667,"array([3.1432561 , 3.05714828])"
5456,7227,38195,"array([3.11881664, 3.02732868])"
5457,7227,34717,"array([3.14636557, 2.9987637 ])"
5458,7227,35894,"array([3.11361139, 3.01213519])"
5459,7227,36050,"array([3.13035762, 3.03682102])"
5460,7227,31671,"array([3.15987544, 2.97800192])"
5461,7227,32408,"array([3.18406453, 3.00898803])"
5462,7227,43414,"array([3.16616496, 2.92544244])"
5463,7227,43978,"array([3.15045983, 2.99083514])"
5464,7227,47186,"array([3.17719074, 3.00764468])"
5465,7227,31672,"array([3.14123479, 2.97706781])"
5466,7227,2768881,"array([3.11526448, 2.98810162])"
5467,7227,31674,"array([3.2333731 , 3.05890581])"
5468,7227,31675,"array([3.16914949, 3.06813229])"
5469,7227,33283,"array([3.12263759, 3.04462813])"
5470,7227,37209,"array([3.16587406, 3.01339604])"
5471,7227,39316,"array([3.08910866, 3.04899673])"
5472,7227,39665,"array([3.08057462, 2.97169367])"
5473,7227,40262,"array([3.17184814, 3.01198972])"
5474,7227,37626,"array([3.07935853, 3.00133321])"
5475,7227,37977,"array([3.12095999, 3.00161515])"
5476,7227,36538,"array([3.15532351, 3.04343871])"
5477,7227,43439,"array([3.18128005, 3.0334428 ])"
5478,7227,31681,"array([3.17049619, 2.99516854])"
5479,7227,31682,"array([3.16695959, 2.99508674])"
5480,7227,34338,"array([3.15394111, 3.028803  ])"
5481,7227,35812,"array([3.17224356, 2.96713653])"
5482,7227,31683,"array([3.20734523, 3.03403443])"
5483,7227,31684,"array([3.15019261, 3.06202732])"
5484,7227,33470,"array([3.122998  , 3.05131363])"
5485,7227,41425,"array([3.17265938, 3.0547761 ])"
5486,7227,43483,"array([3.13642854, 3.05501426])"
5487,7227,31688,"array([3.06171247, 3.02485533])"
5488,7227,31695,"array([3.12077496, 2.98681081])"
5489,7227,40083,"array([3.10223284, 2.97337243])"
5490,7227,326254,"array([3.1318122 , 2.99248522])"
5491,7227,33136,"array([3.16778127, 3.03899098])"
5492,7227,39477,"array([3.13358523, 3.02528353])"
5493,7227,42927,"array([3.17875507, 3.04603248])"
5494,7227,31697,"array([3.11916345, 3.00035553])"
5495,7227,39624,"array([3.11022088, 3.03617396])"
5496,7227,43063,"array([3.14678065, 3.00741438])"
5497,7227,33112,"array([3.18632537, 3.04468237])"
5498,7227,34405,"array([3.13633991, 3.01767021])"
5499,7227,36859,"array([3.14102123, 3.00571032])"
5500,7227,38718,"array([3.16366891, 3.00824715])"
5501,7227,42208,"array([3.15166189, 3.00351883])"
5502,7227,43460,"array([3.1771233 , 3.03918807])"
5503,7227,31732,"array([3.11767482, 3.00532529])"
5504,7227,40562,"array([3.18610647, 3.02362303])"
5505,7227,41317,"array([3.14409235, 3.04171067])"
5506,7227,41518,"array([3.15765168, 3.03719384])"
5507,7227,41520,"array([3.13860023, 3.04809535])"
5508,7227,34683,"array([3.12182362, 3.00631909])"
5509,7227,35586,"array([3.13622664, 3.04148633])"
5510,7227,7354433,"array([3.14348988, 2.96169333])"
5511,7227,32506,"array([3.12671584, 3.0462329 ])"
5512,7227,32859,"array([3.11081637, 3.05365394])"
5513,7227,33271,"array([3.1211464 , 3.03202237])"
5514,7227,33859,"array([3.12878146, 3.05208565])"
5515,7227,34005,"array([3.12946367, 3.05301949])"
5516,7227,34077,"array([3.13290155, 3.01015586])"
5517,7227,34212,"array([3.13091533, 3.04799463])"
5518,7227,34314,"array([3.11659681, 3.04928021])"
5519,7227,35779,"array([3.12500356, 3.04271416])"
5520,7227,37934,"array([3.1437626 , 3.04558174])"
5521,7227,38330,"array([3.13004856, 3.04862342])"
5522,7227,38459,"array([3.12534566, 3.04771388])"
5523,7227,39768,"array([3.13648938, 3.05220218])"
5524,7227,39943,"array([3.12651895, 3.04299213])"
5525,7227,40093,"array([3.12009229, 3.04184326])"
5526,7227,40872,"array([3.11740546, 3.04474764])"
5527,7227,40989,"array([3.12817158, 3.0505906 ])"
5528,7227,42128,"array([3.14289872, 3.04698839])"
5529,7227,42962,"array([3.12379851, 3.04912301])"
5530,7227,43043,"array([3.13258631, 3.05084111])"
5531,7227,43913,"array([3.13757876, 3.04731584])"
5532,7227,44227,"array([3.12799104, 3.06157169])"
5533,7227,45401,"array([3.12827285, 3.03743551])"
5534,7227,48311,"array([3.16012227, 3.04078874])"
5535,7227,48421,"array([3.13288568, 3.05514256])"
5536,7227,246648,"array([3.13480662, 3.04728225])"
5537,7227,249663,"array([3.13203491, 3.02580002])"
5538,7227,318879,"array([3.12494143, 3.04459615])"
5539,7227,2768889,"array([3.11882641, 3.04818268])"
5540,7227,42783,"array([3.11320554, 3.05214678])"
5541,7227,31707,"array([3.1737758 , 2.98705428])"
5542,7227,43231,"array([3.12767925, 2.99931124])"
5543,7227,7354472,"array([3.17738104, 2.94917314])"
5544,7227,31708,"array([3.10211706, 3.03052979])"
5545,7227,37143,"array([3.12439379, 3.05102728])"
5546,7227,31712,"array([3.12233232, 3.03097238])"
5547,7227,33500,"array([3.1774395 , 3.00612791])"
5548,7227,36427,"array([3.19553118, 3.00589148])"
5549,7227,41746,"array([3.15040997, 3.05137875])"
5550,7227,43514,"array([3.15719624, 3.04325445])"
5551,7227,7354376,"array([3.24763021, 3.03910932])"
5552,7227,7354381,"array([3.24847451, 3.03584276])"
5553,7227,31714,"array([3.07634057, 2.97568322])"
5554,7227,31715,"array([3.20556762, 3.04699884])"
5555,7227,41922,"array([3.14874942, 3.03016342])"
5556,7227,39733,"array([3.12766723, 3.01668638])"
5557,7227,35240,"array([3.14062845, 2.95373541])"
5558,7227,31721,"array([3.12097198, 2.99446762])"
5559,7227,35254,"array([3.12124598, 3.03495186])"
5560,7227,36424,"array([3.13940465, 3.01522695])"
5561,7227,37668,"array([3.11643491, 2.99082122])"
5562,7227,33386,"array([3.15189698, 3.04574845])"
5563,7227,34167,"array([3.14481573, 3.05361926])"
5564,7227,34177,"array([3.17016656, 2.99909513])"
5565,7227,38492,"array([3.16834768, 3.02133693])"
5566,7227,38645,"array([3.1422099 , 3.06024432])"
5567,7227,41070,"array([3.22124303, 3.00765759])"
5568,7227,41222,"array([3.15743957, 3.04421794])"
5569,7227,42743,"array([3.14316994, 3.01516017])"
5570,7227,43938,"array([3.17978501, 3.07547803])"
5571,7227,44029,"array([3.17546781, 3.04178753])"
5572,7227,246604,"array([3.16089791, 2.9931731 ])"
5573,7227,39748,"array([3.15616773, 3.02996167])"
5574,7227,31726,"array([3.16887646, 3.06014478])"
5575,7227,37164,"array([3.18631247, 3.03897045])"
5576,7227,31727,"array([3.14049617, 3.0768069 ])"
5577,7227,34014,"array([3.14608767, 3.07915082])"
5578,7227,31728,"array([3.15817278, 2.99452153])"
5579,7227,33469,"array([3.16933122, 3.01099814])"
5580,7227,33621,"array([3.12577427, 2.97070059])"
5581,7227,35808,"array([3.17205186, 3.01099134])"
5582,7227,38088,"array([3.14591698, 3.01577687])"
5583,7227,42041,"array([3.17293404, 2.9362295 ])"
5584,7227,31729,"array([3.18690289, 3.01605478])"
5585,7227,35421,"array([3.18255214, 3.06050094])"
5586,7227,38549,"array([3.18590798, 3.01386029])"
5587,7227,31731,"array([3.13968863, 3.07551158])"
5588,7227,38374,"array([3.12232729, 3.04158108])"
5589,7227,31733,"array([3.09937735, 2.95372959])"
5590,7227,33882,"array([3.16036122, 3.03499463])"
5591,7227,39788,"array([3.16835539, 2.97334319])"
5592,7227,40224,"array([3.12354637, 3.00097524])"
5593,7227,44251,"array([3.16207712, 3.02620448])"
5594,7227,35528,"array([3.13887375, 3.0330281 ])"
5595,7227,31737,"array([3.18506804, 2.9512794 ])"
5596,7227,39721,"array([3.17012604, 2.97967167])"
5597,7227,34823,"array([3.1149109 , 3.05786922])"
5598,7227,41772,"array([3.17206435, 3.06064488])"
5599,7227,44263,"array([3.12900796, 3.0655196 ])"
5600,7227,5740414,"array([3.169646  , 2.97144311])"
5601,7227,31740,"array([3.15413535, 3.06401271])"
5602,7227,34159,"array([3.12150679, 3.04388724])"
5603,7227,42888,"array([3.15959601, 3.09171791])"
5604,7227,31741,"array([3.1743696 , 2.97853803])"
5605,7227,31813,"array([3.16204597, 3.00951524])"
5606,7227,36374,"array([3.19246631, 2.99642114])"
5607,7227,31742,"array([3.17369084, 2.98326499])"
5608,7227,34788,"array([3.19301377, 2.96912863])"
5609,7227,43572,"array([3.16391784, 3.00724469])"
5610,7227,3355013,"array([3.22232733, 2.95027527])"
5611,7227,31744,"array([3.13716336, 2.99597365])"
5612,7227,33363,"array([3.12866733, 2.99416854])"
5613,7227,33480,"array([3.12632385, 3.01367287])"
5614,7227,36466,"array([3.14200909, 3.00128834])"
5615,7227,38592,"array([3.18531031, 3.00033083])"
5616,7227,39069,"array([3.14818718, 2.99516315])"
5617,7227,40928,"array([3.15531096, 2.98233803])"
5618,7227,41451,"array([3.12286503, 2.99706564])"
5619,7227,170876,"array([3.14150859, 2.98325407])"
5620,7227,31745,"array([3.14054387, 2.99725113])"
5621,7227,34696,"array([3.12400408, 3.03608627])"
5622,7227,32358,"array([3.13880901, 3.01638835])"
5623,7227,35103,"array([3.20558253, 3.01318615])"
5624,7227,36520,"array([3.19818714, 3.02669824])"
5625,7227,36821,"array([3.11801424, 3.03906015])"
5626,7227,37756,"array([3.22740269, 3.05221303])"
5627,7227,37849,"array([3.16288609, 3.02143505])"
5628,7227,38207,"array([3.15609734, 2.98362819])"
5629,7227,38396,"array([3.13062503, 3.05296286])"
5630,7227,39813,"array([3.18919209, 3.00750937])"
5631,7227,40732,"array([3.17731653, 2.9955296 ])"
5632,7227,41597,"array([3.19095829, 3.00007805])"
5633,7227,43283,"array([3.15618323, 3.00472416])"
5634,7227,31747,"array([3.17961152, 2.95960214])"
5635,7227,34467,"array([3.17348805, 3.00419649])"
5636,7227,32797,"array([3.20259388, 2.99793688])"
5637,7227,40186,"array([3.11805775, 2.99935543])"
5638,7227,31759,"array([3.12234991, 2.99844193])"
5639,7227,36675,"array([3.09780976, 3.01252238])"
5640,7227,40475,"array([3.088756  , 3.03941851])"
5641,7227,41407,"array([3.11467647, 3.06351842])"
5642,7227,31761,"array([3.11246087, 3.03998448])"
5643,7227,32579,"array([3.16037733, 3.01140669])"
5644,7227,32076,"array([3.11157223, 3.02674696])"
5645,7227,32240,"array([3.12148753, 3.05055648])"
5646,7227,32242,"array([3.10955316, 3.00906656])"
5647,7227,32544,"array([3.13964063, 3.0553598 ])"
5648,7227,33443,"array([3.1194971 , 3.07046745])"
5649,7227,33852,"array([3.11740186, 3.07866802])"
5650,7227,34093,"array([3.127902  , 3.04629943])"
5651,7227,36392,"array([3.16683376, 3.03001365])"
5652,7227,36681,"array([3.13377722, 3.04928798])"
5653,7227,38323,"array([3.167791 , 3.0055524])"
5654,7227,40272,"array([3.11489494, 3.07412727])"
5655,7227,40603,"array([3.10876071, 3.08540251])"
5656,7227,42616,"array([3.13460689, 3.03925712])"
5657,7227,42791,"array([3.12815248, 3.05953684])"
5658,7227,43477,"array([3.10837425, 3.07709604])"
5659,7227,43798,"array([3.1235321 , 3.05624387])"
5660,7227,44154,"array([3.13241413, 3.05218138])"
5661,7227,31764,"array([3.11671829, 3.04808954])"
5662,7227,33493,"array([3.10680503, 3.0296572 ])"
5663,7227,40074,"array([3.13458882, 2.99419783])"
5664,7227,41295,"array([3.14289109, 3.0242393 ])"
5665,7227,42489,"array([3.16528145, 2.95138981])"
5666,7227,31766,"array([3.16185713, 3.0892739 ])"
5667,7227,32452,"array([3.17998307, 3.10328692])"
5668,7227,31767,"array([3.13919947, 2.96555677])"
5669,7227,38545,"array([3.1278433 , 2.91167601])"
5670,7227,31771,"array([3.18518323, 3.05296833])"
5671,7227,42880,"array([3.15362711, 3.03447901])"
5672,7227,34023,"array([3.16751359, 3.05684719])"
5673,7227,34619,"array([3.10748812, 3.05446709])"
5674,7227,31773,"array([3.18147926, 3.01487945])"
5675,7227,34430,"array([3.15592423, 3.00381575])"
5676,7227,36311,"array([3.17763287, 3.04251022])"
5677,7227,39430,"array([3.1640532 , 3.03271577])"
5678,7227,31775,"array([3.11859156, 3.06863469])"
5679,7227,34609,"array([3.15313915, 3.07914151])"
5680,7227,43617,"array([3.13583447, 3.06577905])"
5681,7227,31776,"array([3.18917407, 3.00944689])"
5682,7227,39367,"array([3.20468583, 3.0282565 ])"
5683,7227,39630,"array([3.17559558, 2.97926149])"
5684,7227,41233,"array([3.14773762, 2.98609035])"
5685,7227,37189,"array([3.11262993, 3.07848428])"
5686,7227,31778,"array([3.17048182, 3.00689796])"
5687,7227,41823,"array([3.17451736, 3.04628659])"
5688,7227,31779,"array([3.11651864, 2.97809426])"
5689,7227,34570,"array([3.14286988, 3.01311813])"
5690,7227,36747,"array([3.15686943, 3.00888756])"
5691,7227,42710,"array([3.13437903, 3.00007289])"
5692,7227,31842,"array([3.13385042, 3.0068154 ])"
5693,7227,34481,"array([3.15593149, 3.04387905])"
5694,7227,34781,"array([3.13103774, 2.99825058])"
5695,7227,37015,"array([3.1574075 , 3.05941799])"
5696,7227,38677,"array([3.15234016, 3.05606064])"
5697,7227,41091,"array([3.1427961 , 3.01720724])"
5698,7227,42146,"array([3.19615406, 3.00765311])"
5699,7227,46260,"array([3.19302701, 3.02444175])"
5700,7227,31781,"array([3.14515576, 3.09451265])"
5701,7227,31782,"array([3.12259877, 3.02247979])"
5702,7227,32440,"array([3.13270904, 3.00062219])"
5703,7227,32645,"array([3.11330001, 2.98030013])"
5704,7227,34622,"array([3.14302171, 2.97666985])"
5705,7227,35766,"array([3.1343825 , 3.05107816])"
5706,7227,35767,"array([3.07586494, 3.0565957 ])"
5707,7227,37148,"array([3.14799639, 3.05973918])"
5708,7227,38842,"array([3.14305704, 3.06415965])"
5709,7227,40461,"array([3.15944968, 3.00246766])"
5710,7227,40723,"array([3.148289 , 3.0053239])"
5711,7227,41921,"array([3.15217562, 2.99474061])"
5712,7227,31785,"array([3.21619852, 3.09574729])"
5713,7227,31786,"array([3.18267438, 2.98591567])"
5714,7227,39643,"array([3.15258852, 3.01835254])"
5715,7227,34182,"array([3.16644479, 2.98063523])"
5716,7227,34846,"array([3.14816882, 2.98471182])"
5717,7227,38228,"array([3.18137452, 2.99460304])"
5718,7227,38716,"array([3.17049459, 2.98794963])"
5719,7227,40097,"array([3.11852909, 3.05816009])"
5720,7227,42463,"array([3.16779344, 3.00088879])"
5721,7227,42658,"array([3.11161176, 2.98754828])"
5722,7227,35013,"array([3.20555264, 2.98679979])"
5723,7227,38152,"array([3.15517041, 2.99710125])"
5724,7227,39937,"array([3.16281512, 2.97600604])"
5725,7227,41207,"array([3.15663654, 3.03510129])"
5726,7227,41310,"array([3.16624395, 2.97084634])"
5727,7227,42911,"array([3.19919808, 3.02952237])"
5728,7227,53473,"array([3.20201573, 3.02514878])"
5729,7227,31789,"array([3.16501713, 3.01447213])"
5730,7227,40356,"array([3.133651  , 3.00172698])"
5731,7227,41366,"array([3.17166427, 3.05053274])"
5732,7227,31791,"array([3.18291703, 3.08508953])"
5733,7227,32042,"array([3.19573596, 3.01365223])"
5734,7227,32157,"array([3.18261842, 3.068823  ])"
5735,7227,32217,"array([3.15653881, 3.07319375])"
5736,7227,32843,"array([3.2010747 , 3.07512322])"
5737,7227,33071,"array([3.18530901, 3.04710001])"
5738,7227,35150,"array([3.155672  , 3.04530705])"
5739,7227,35410,"array([3.21111974, 3.03560046])"
5740,7227,35555,"array([3.1858875 , 3.01554793])"
5741,7227,37009,"array([3.18870146, 3.03504778])"
5742,7227,38254,"array([3.18011964, 3.02049702])"
5743,7227,39387,"array([3.16390827, 3.0458803 ])"
5744,7227,39431,"array([3.1698364 , 3.02506887])"
5745,7227,39435,"array([3.19620345, 3.04044522])"
5746,7227,39909,"array([3.16092405, 3.08711574])"
5747,7227,40553,"array([3.18691847, 3.05073973])"
5748,7227,40595,"array([3.17137157, 3.06124576])"
5749,7227,41574,"array([3.18779792, 3.09314801])"
5750,7227,41654,"array([3.20180615, 3.07272211])"
5751,7227,41906,"array([3.16581313, 3.04154808])"
5752,7227,42303,"array([3.13018424, 3.05529682])"
5753,7227,43770,"array([3.15706058, 3.06238456])"
5754,7227,46032,"array([3.19390896, 3.06565066])"
5755,7227,317878,"array([3.18202631, 3.0531403 ])"
5756,7227,326203,"array([3.14329801, 3.08207172])"
5757,7227,2768960,"array([3.18906681, 3.06911187])"
5758,7227,42354,"array([3.14309493, 3.05950332])"
5759,7227,31794,"array([3.16378534, 3.06346231])"
5760,7227,41461,"array([3.17849156, 3.02356219])"
5761,7227,32685,"array([3.10719423, 2.9608718 ])"
5762,7227,32781,"array([3.18295222, 2.99821152])"
5763,7227,36214,"array([3.11110244, 2.94245246])"
5764,7227,38782,"array([3.09701598, 2.94882089])"
5765,7227,38974,"array([3.15780374, 3.01850538])"
5766,7227,39129,"array([3.14642343, 2.97506121])"
5767,7227,43000,"array([3.11763976, 3.02632954])"
5768,7227,43306,"array([3.09009835, 2.97067903])"
5769,7227,33201,"array([3.14891372, 3.02933933])"
5770,7227,44128,"array([3.10022049, 2.99859898])"
5771,7227,44817,"array([3.11947373, 3.00852533])"
5772,7227,5740853,"array([3.12968905, 2.99301154])"
5773,7227,31799,"array([3.16994711, 3.03646015])"
5774,7227,35101,"array([3.19626601, 3.05281184])"
5775,7227,35299,"array([3.21984119, 3.04374838])"
5776,7227,35552,"array([3.17145779, 2.99893264])"
5777,7227,37237,"array([3.17121495, 3.02802644])"
5778,7227,37249,"array([3.14593542, 3.04987292])"
5779,7227,42109,"array([3.1270343 , 3.03604443])"
5780,7227,42956,"array([3.19959023, 3.07651204])"
5781,7227,43747,"array([3.15055054, 3.05346002])"
5782,7227,246581,"array([3.19895217, 3.03372215])"
5783,7227,31800,"array([3.12846131, 3.07955426])"
5784,7227,32837,"array([3.17258714, 3.03115307])"
5785,7227,33062,"array([3.14295684, 2.99374934])"
5786,7227,42148,"array([3.16961779, 3.05237903])"
5787,7227,44448,"array([3.16000034, 3.03726686])"
5788,7227,45234,"array([3.17176341, 3.09092628])"
5789,7227,31803,"array([3.0736034 , 3.02483321])"
5790,7227,31805,"array([3.10607196, 3.04554416])"
5791,7227,31806,"array([3.09814209, 2.96776277])"
5792,7227,31807,"array([3.13816372, 2.97380579])"
5793,7227,42171,"array([3.13694298, 2.99478412])"
5794,7227,31808,"array([3.13377135, 3.06213411])"
5795,7227,39156,"array([3.12145315, 3.06574791])"
5796,7227,40434,"array([3.11555287, 3.02249691])"
5797,7227,40996,"array([3.10937666, 3.04266009])"
5798,7227,32345,"array([3.1448074 , 3.03992886])"
5799,7227,32461,"array([3.14619863, 3.04663042])"
5800,7227,32725,"array([3.17385357, 3.03717233])"
5801,7227,33118,"array([3.13531823, 3.01469866])"
5802,7227,33408,"array([3.14708645, 3.00147323])"
5803,7227,33568,"array([3.12562169, 3.02864452])"
5804,7227,33703,"array([3.11729105, 3.0204868 ])"
5805,7227,33843,"array([3.13700333, 3.05687616])"
5806,7227,33977,"array([3.146494  , 3.01752717])"
5807,7227,34069,"array([3.12019612, 3.04061104])"
5808,7227,34419,"array([3.14453561, 3.03444092])"
5809,7227,34585,"array([3.12204828, 3.03754039])"
5810,7227,35923,"array([3.12660964, 3.02283151])"
5811,7227,36150,"array([3.13136351, 3.05370092])"
5812,7227,36399,"array([3.13010774, 3.02583572])"
5813,7227,36616,"array([3.10527412, 3.05229424])"
5814,7227,37267,"array([3.12618163, 3.03322332])"
5815,7227,37590,"array([3.12558207, 3.01284504])"
5816,7227,37661,"array([3.13172803, 3.01706877])"
5817,7227,37889,"array([3.14059206, 3.02124274])"
5818,7227,37919,"array([3.13886106, 3.01116791])"
5819,7227,38382,"array([3.12136846, 3.017959  ])"
5820,7227,38455,"array([3.11205887, 3.05303455])"
5821,7227,38473,"array([3.1440025 , 3.02167747])"
5822,7227,38517,"array([3.1233528 , 3.02720819])"
5823,7227,39107,"array([3.11073021, 3.00372916])"
5824,7227,39227,"array([3.14171118, 3.03200572])"
5825,7227,39243,"array([3.15602854, 3.01119326])"
5826,7227,39669,"array([3.11817431, 3.04600208])"
5827,7227,39684,"array([3.12417839, 3.02735485])"
5828,7227,39950,"array([3.12054182, 3.05411488])"
5829,7227,39992,"array([3.1462793 , 3.05629614])"
5830,7227,40282,"array([3.13477842, 3.01879126])"
5831,7227,40541,"array([3.11279183, 3.01704531])"
5832,7227,40669,"array([3.1600473 , 3.04474891])"
5833,7227,40763,"array([3.10838589, 3.03419698])"
5834,7227,41114,"array([3.13472009, 3.01280383])"
5835,7227,41165,"array([3.16501095, 3.00498525])"
5836,7227,41248,"array([3.12870618, 3.04080123])"
5837,7227,41733,"array([3.1206147 , 3.03421114])"
5838,7227,41876,"array([3.13291387, 3.01584967])"
5839,7227,42021,"array([3.15126369, 3.03026253])"
5840,7227,42564,"array([3.12207444, 3.02916913])"
5841,7227,42834,"array([3.14039703, 3.05245795])"
5842,7227,43125,"array([3.13902778, 3.05186427])"
5843,7227,43545,"array([3.10728094, 3.03311436])"
5844,7227,43750,"array([3.13341999, 3.02626032])"
5845,7227,43843,"array([3.12766436, 3.01539598])"
5846,7227,44785,"array([3.1451565 , 3.04459357])"
5847,7227,47272,"array([3.14212915, 3.02995425])"
5848,7227,53523,"array([3.13259895, 3.0496956 ])"
5849,7227,117294,"array([3.15320429, 3.02371146])"
5850,7227,170878,"array([3.11250607, 3.03520828])"
5851,7227,246600,"array([3.1210242 , 3.05297698])"
5852,7227,246618,"array([3.13744785, 3.02318971])"
5853,7227,318600,"array([3.12560997, 3.03053881])"
5854,7227,326214,"array([3.13007011, 3.05381103])"
5855,7227,2768918,"array([3.14986374, 3.02733725])"
5856,7227,3355114,"array([3.13291334, 3.03791382])"
5857,7227,31977,"array([3.16693626, 3.01072729])"
5858,7227,35732,"array([3.14676247, 2.98477546])"
5859,7227,35925,"array([3.18126249, 3.02934351])"
5860,7227,36170,"array([3.14937399, 2.99982799])"
5861,7227,32104,"array([3.16947091, 2.99607251])"
5862,7227,34414,"array([3.17711262, 3.00896272])"
5863,7227,40443,"array([3.19690322, 3.04146515])"
5864,7227,43015,"array([3.18389135, 3.00266528])"
5865,7227,338392,"array([3.14256749, 2.98052502])"
5866,7227,31815,"array([3.17819425, 3.01026262])"
5867,7227,32108,"array([3.13936399, 3.04762366])"
5868,7227,32209,"array([3.16185854, 3.01852945])"
5869,7227,32965,"array([3.1744063 , 3.02501902])"
5870,7227,33015,"array([3.12965798, 3.00977831])"
5871,7227,33218,"array([3.15903651, 3.04645444])"
5872,7227,33461,"array([3.14299237, 3.05399249])"
5873,7227,33645,"array([3.13455555, 3.05759996])"
5874,7227,34315,"array([3.12549043, 3.05069851])"
5875,7227,34598,"array([3.21836021, 3.03155835])"
5876,7227,34633,"array([3.18488963, 3.08173769])"
5877,7227,35308,"array([3.08392802, 3.02593035])"
5878,7227,35768,"array([3.13696866, 3.05424984])"
5879,7227,36144,"array([3.13026054, 3.07481677])"
5880,7227,38395,"array([3.16426073, 3.08851034])"
5881,7227,38897,"array([3.16646714, 3.01898339])"
5882,7227,39382,"array([3.15316463, 3.02938694])"
5883,7227,39505,"array([3.12825671, 3.05820824])"
5884,7227,40051,"array([3.14989479, 3.00171855])"
5885,7227,40059,"array([3.12416939, 3.06142743])"
5886,7227,40666,"array([3.12884959, 3.03177639])"
5887,7227,41121,"array([3.11877503, 3.03603844])"
5888,7227,41533,"array([3.11215851, 3.03433935])"
5889,7227,42124,"array([3.16832521, 3.06215288])"
5890,7227,42730,"array([3.20282563, 3.00704331])"
5891,7227,42849,"array([3.12276865, 3.04951953])"
5892,7227,43946,"array([3.19794521, 3.04809893])"
5893,7227,326197,"array([3.13702574, 3.05273809])"
5894,7227,31817,"array([3.11521306, 3.07874742])"
5895,7227,34720,"array([3.15797829, 3.08773744])"
5896,7227,37235,"array([3.15936188, 3.03307403])"
5897,7227,41413,"array([3.14557505, 3.04290823])"
5898,7227,40488,"array([3.13258729, 2.99355088])"
5899,7227,31824,"array([3.12548112, 3.01722475])"
5900,7227,31826,"array([3.17515376, 3.03165618])"
5901,7227,33717,"array([3.17442015, 3.04042196])"
5902,7227,36425,"array([3.19800345, 3.03822971])"
5903,7227,38628,"array([3.13139531, 2.9846493 ])"
5904,7227,33266,"array([3.18962274, 3.03027256])"
5905,7227,34013,"array([3.1759063 , 3.00747576])"
5906,7227,34687,"array([3.21017772, 2.99904662])"
5907,7227,41771,"array([3.16200348, 2.985657  ])"
5908,7227,3771756,"array([3.23933817, 3.01091038])"
5909,7227,41647,"array([3.12508193, 3.06180784])"
5910,7227,31834,"array([3.16554632, 3.01240834])"
5911,7227,36017,"array([3.16203003, 3.0028112 ])"
5912,7227,39842,"array([3.16185409, 3.00651995])"
5913,7227,40850,"array([3.17546837, 3.025119  ])"
5914,7227,42735,"array([3.11856492, 3.00615386])"
5915,7227,31837,"array([3.18531588, 3.10443115])"
5916,7227,31949,"array([3.14091223, 3.06892963])"
5917,7227,32081,"array([3.12004395, 3.01608235])"
5918,7227,32216,"array([3.1363012 , 3.02213378])"
5919,7227,33399,"array([3.11816318, 3.05604743])"
5920,7227,33501,"array([3.15889467, 3.04563107])"
5921,7227,33760,"array([3.14362848, 3.04240584])"
5922,7227,34087,"array([3.14245234, 3.05463305])"
5923,7227,34373,"array([3.13900306, 3.06790783])"
5924,7227,34756,"array([3.14923725, 3.05966945])"
5925,7227,35179,"array([3.10482099, 3.03951768])"
5926,7227,36078,"array([3.11579533, 3.02914982])"
5927,7227,36137,"array([3.11337364, 3.0360453 ])"
5928,7227,36145,"array([3.14436485, 3.05217155])"
5929,7227,36624,"array([3.11921708, 3.04722846])"
5930,7227,37087,"array([3.12031077, 3.02803932])"
5931,7227,37329,"array([3.11127194, 3.04195098])"
5932,7227,37440,"array([3.10542601, 3.08010415])"
5933,7227,37901,"array([3.13412034, 3.05935678])"
5934,7227,38157,"array([3.12097784, 3.04319315])"
5935,7227,39364,"array([3.12071053, 3.04767151])"
5936,7227,39694,"array([3.12494264, 3.05917425])"
5937,7227,40698,"array([3.16691734, 3.0464337 ])"
5938,7227,40711,"array([3.12889335, 3.0115338 ])"
5939,7227,40780,"array([3.10366732, 3.01181236])"
5940,7227,41092,"array([3.12684733, 3.0471923 ])"
5941,7227,41412,"array([3.11518061, 3.00782755])"
5942,7227,41419,"array([3.11942109, 3.03147574])"
5943,7227,41460,"array([3.1600673 , 3.05401027])"
5944,7227,42218,"array([3.13209763, 3.02211595])"
5945,7227,43352,"array([3.18168692, 3.03960371])"
5946,7227,43490,"array([3.1514403 , 3.04677594])"
5947,7227,44446,"array([3.15820922, 3.05503255])"
5948,7227,46326,"array([3.13663874, 3.06215421])"
5949,7227,40980,"array([3.13521583, 3.05113223])"
5950,7227,34487,"array([3.15425943, 3.01615164])"
5951,7227,35622,"array([3.10831246, 3.02750801])"
5952,7227,31841,"array([3.10309951, 3.04442748])"
5953,7227,41872,"array([3.11975827, 3.04795077])"
5954,7227,35565,"array([3.17625744, 3.01722977])"
5955,7227,40298,"array([3.09375576, 2.96129313])"
5956,7227,41150,"array([3.12532476, 3.00830898])"
5957,7227,42835,"array([3.0841359 , 3.03124447])"
5958,7227,31843,"array([3.15058657, 3.00214711])"
5959,7227,38963,"array([3.17203578, 3.01301111])"
5960,7227,36706,"array([3.13170684, 3.01847607])"
5961,7227,32934,"array([3.16677501, 3.04542416])"
5962,7227,37688,"array([3.13534639, 3.01043771])"
5963,7227,40864,"array([3.21254992, 2.98140814])"
5964,7227,41708,"array([3.13547491, 3.05347781])"
5965,7227,44724,"array([3.16918079, 3.04425256])"
5966,7227,32470,"array([3.12090109, 3.04108053])"
5967,7227,32695,"array([3.14449525, 3.04576984])"
5968,7227,33554,"array([3.11934304, 3.06402503])"
5969,7227,33911,"array([3.13074386, 3.04233041])"
5970,7227,34384,"array([3.12635178, 3.05070925])"
5971,7227,36448,"array([3.12197584, 3.0514291 ])"
5972,7227,36496,"array([3.12121912, 3.05193189])"
5973,7227,36725,"array([3.12574125, 3.05452467])"
5974,7227,37632,"array([3.12287416, 3.03578107])"
5975,7227,37931,"array([3.13793473, 3.04893778])"
5976,7227,40714,"array([3.12274236, 3.05739343])"
5977,7227,41450,"array([3.11437083, 3.04728427])"
5978,7227,42634,"array([3.15639757, 3.05664308])"
5979,7227,43042,"array([3.12270433, 3.05044718])"
5980,7227,43502,"array([3.10533228, 3.05713562])"
5981,7227,43950,"array([3.11031447, 3.04748237])"
5982,7227,44046,"array([3.12439382, 3.03881347])"
5983,7227,44885,"array([3.15750208, 3.04651549])"
5984,7227,318133,"array([3.11091893, 3.05127134])"
5985,7227,34567,"array([3.12163893, 2.96285004])"
5986,7227,31853,"array([3.21917362, 2.94492519])"
5987,7227,39603,"array([3.09965144, 3.06938874])"
5988,7227,31855,"array([3.12334855, 3.08591428])"
5989,7227,31856,"array([3.1863507 , 2.98452507])"
5990,7227,42184,"array([3.16381847, 3.02305631])"
5991,7227,43783,"array([3.14803222, 3.07045474])"
5992,7227,44135,"array([3.19630495, 3.02958236])"
5993,7227,50356,"array([3.14021271, 3.00245502])"
5994,7227,31862,"array([3.10488068, 3.01493772])"
5995,7227,33247,"array([3.07354412, 3.01825853])"
5996,7227,38221,"array([3.11591609, 2.99304757])"
5997,7227,40149,"array([3.13302179, 3.05710722])"
5998,7227,41259,"array([3.12480291, 3.02003089])"
5999,7227,41493,"array([3.1093378 , 2.99668223])"
6000,7227,41784,"array([3.088505  , 3.00787979])"
6001,7227,42195,"array([3.09633435, 3.00819035])"
6002,7227,45398,"array([3.11714245, 3.0248981 ])"
6003,7227,31863,"array([3.11497873, 3.02170205])"
6004,7227,48782,"array([3.14782644, 3.03023313])"
6005,7227,40101,"array([3.15641216, 2.99894875])"
6006,7227,40276,"array([3.17301861, 2.97790303])"
6007,7227,33507,"array([3.16544397, 3.04430707])"
6008,7227,50392,"array([3.15534556, 3.03886511])"
6009,7227,31867,"array([3.25758294, 3.13235973])"
6010,7227,38616,"array([3.27759151, 3.15262276])"
6011,7227,40891,"array([3.22539563, 3.10016019])"
6012,7227,31869,"array([3.16635722, 3.02943227])"
6013,7227,37314,"array([3.14958017, 2.99242857])"
6014,7227,43102,"array([3.14219425, 3.05807235])"
6015,7227,32898,"array([3.15137266, 3.05520743])"
6016,7227,34388,"array([3.11101802, 3.04312572])"
6017,7227,35991,"array([3.13526572, 3.02647261])"
6018,7227,41020,"array([3.1334268 , 3.04136256])"
6019,7227,41187,"array([3.08932398, 3.07401165])"
6020,7227,42671,"array([3.13992467, 3.05305909])"
6021,7227,43573,"array([3.15739714, 3.03545534])"
6022,7227,44437,"array([3.13789732, 3.04180953])"
6023,7227,46078,"array([3.13925405, 3.05794113])"
6024,7227,326172,"array([3.13915751, 3.07794373])"
6025,7227,31873,"array([3.12536378, 3.03527045])"
6026,7227,32364,"array([3.1112034 , 3.03949596])"
6027,7227,33406,"array([3.10963427, 3.03924547])"
6028,7227,34980,"array([3.11426524, 3.03352093])"
6029,7227,37040,"array([3.13053622, 3.04540937])"
6030,7227,37271,"array([3.10707406, 3.05733239])"
6031,7227,38748,"array([3.14417012, 3.05738835])"
6032,7227,43227,"array([3.12631476, 3.03920834])"
6033,7227,38765,"array([3.15137261, 3.04451596])"
6034,7227,44750,"array([3.13007313, 2.99589293])"
6035,7227,3355131,"array([3.11329237, 3.00977429])"
6036,7227,31877,"array([3.13153826, 3.07413874])"
6037,7227,31879,"array([3.1227626 , 3.01375696])"
6038,7227,36344,"array([3.15826833, 3.00654614])"
6039,7227,35084,"array([3.15897074, 3.02533197])"
6040,7227,36916,"array([3.15661262, 2.99568292])"
6041,7227,42975,"array([3.1748549 , 2.99417706])"
6042,7227,36446,"array([3.1290237 , 2.97634007])"
6043,7227,31883,"array([3.14355638, 2.98265654])"
6044,7227,31887,"array([3.16878128, 3.02273342])"
6045,7227,40889,"array([3.15695453, 2.99682416])"
6046,7227,31899,"array([3.10187135, 3.04594139])"
6047,7227,117369,"array([3.0946683 , 3.02215401])"
6048,7227,33414,"array([3.13177552, 3.03299695])"
6049,7227,35837,"array([3.12408426, 3.05838137])"
6050,7227,37275,"array([3.13288001, 3.05792021])"
6051,7227,38420,"array([3.13713808, 3.00879901])"
6052,7227,39742,"array([3.10721793, 3.0442367 ])"
6053,7227,31978,"array([3.10371248, 3.03709759])"
6054,7227,32196,"array([3.11369407, 3.03044748])"
6055,7227,32215,"array([3.11333201, 3.02415846])"
6056,7227,32539,"array([3.12408994, 3.07145413])"
6057,7227,33200,"array([3.12490353, 2.99942695])"
6058,7227,33388,"array([3.14300506, 3.02320121])"
6059,7227,33449,"array([3.11350872, 3.04257301])"
6060,7227,33695,"array([3.11846221, 3.0396575 ])"
6061,7227,33840,"array([3.13189513, 2.99521325])"
6062,7227,34189,"array([3.11646684, 3.02593488])"
6063,7227,34325,"array([3.11229075, 3.03900657])"
6064,7227,34327,"array([3.11713638, 3.04611663])"
6065,7227,34920,"array([3.14756607, 3.05736927])"
6066,7227,35067,"array([3.11002139, 3.04159098])"
6067,7227,35892,"array([3.15258161, 3.05511801])"
6068,7227,35993,"array([3.1207265 , 3.04427417])"
6069,7227,36128,"array([3.12528631, 3.0722561 ])"
6070,7227,36467,"array([3.11777579, 3.03615899])"
6071,7227,36803,"array([3.11368428, 3.05054313])"
6072,7227,37089,"array([3.16188497, 3.0532786 ])"
6073,7227,37198,"array([3.14988679, 3.04927227])"
6074,7227,37300,"array([3.13052608, 3.02236261])"
6075,7227,38640,"array([3.16898573, 3.02175998])"
6076,7227,38692,"array([3.12695036, 3.04997067])"
6077,7227,38898,"array([3.14332789, 3.01948818])"
6078,7227,39403,"array([3.13547202, 3.01237459])"
6079,7227,39690,"array([3.13580178, 3.06333924])"
6080,7227,39793,"array([3.13563279, 3.0473692 ])"
6081,7227,40775,"array([3.11673395, 3.02699889])"
6082,7227,40929,"array([3.15540283, 3.04116692])"
6083,7227,40965,"array([3.14701766, 3.04291341])"
6084,7227,42092,"array([3.16951902, 3.04744164])"
6085,7227,42787,"array([3.1175201 , 3.03327269])"
6086,7227,43034,"array([3.13819672, 3.06139079])"
6087,7227,43645,"array([3.13412338, 3.04119747])"
6088,7227,43651,"array([3.16062762, 3.03723272])"
6089,7227,43748,"array([3.10072294, 3.06548327])"
6090,7227,45786,"array([3.13965042, 3.07085475])"
6091,7227,140439,"array([3.12023484, 3.02385072])"
6092,7227,246507,"array([3.10134188, 3.04877521])"
6093,7227,318246,"array([3.11514007, 3.0452473 ])"
6094,7227,318949,"array([3.16469319, 3.04666668])"
6095,7227,326262,"array([3.13816106, 3.06789412])"
6096,7227,32501,"array([3.16878923, 3.02495454])"
6097,7227,37589,"array([3.16439037, 3.02995782])"
6098,7227,40395,"array([3.17513177, 3.0064439 ])"
6099,7227,40894,"array([3.12090214, 3.0067226 ])"
6100,7227,43511,"array([3.17838657, 3.06222891])"
6101,7227,43607,"array([3.21045388, 3.01231745])"
6102,7227,44269,"array([3.22261977, 2.99224504])"
6103,7227,31907,"array([3.15587077, 3.05312677])"
6104,7227,37423,"array([3.1377128 , 3.09087091])"
6105,7227,39093,"array([3.17663953, 3.05076488])"
6106,7227,40840,"array([3.16951267, 3.08205753])"
6107,7227,42756,"array([3.15893288, 3.07192014])"
6108,7227,46027,"array([3.16763224, 3.03683785])"
6109,7227,5740303,"array([3.17358289, 3.03835052])"
6110,7227,31909,"array([3.12168261, 3.01473178])"
6111,7227,31912,"array([3.18226179, 2.99315239])"
6112,7227,32765,"array([3.14429035, 2.98377039])"
6113,7227,43658,"array([3.19192572, 3.01027898])"
6114,7227,31913,"array([3.15495262, 2.98607914])"
6115,7227,33785,"array([3.1498916, 2.9966658])"
6116,7227,42755,"array([3.13462519, 2.952574  ])"
6117,7227,35995,"array([3.11152982, 3.04459698])"
6118,7227,34652,"array([3.14259211, 3.03312205])"
6119,7227,41738,"array([3.12915164, 3.0577269 ])"
6120,7227,42682,"array([3.13385882, 3.0664922 ])"
6121,7227,31917,"array([3.15946031, 3.0358238 ])"
6122,7227,31918,"array([3.07077545, 3.02490242])"
6123,7227,31921,"array([3.09497039, 3.02603008])"
6124,7227,31922,"array([3.10487111, 3.00261116])"
6125,7227,33473,"array([3.1163738 , 3.05469655])"
6126,7227,36099,"array([3.10395432, 3.01764418])"
6127,7227,39294,"array([3.12354856, 2.95864557])"
6128,7227,31923,"array([3.06676748, 3.01841548])"
6129,7227,43265,"array([3.08625699, 3.01284795])"
6130,7227,31924,"array([3.16721839, 3.06835983])"
6131,7227,35355,"array([3.15980138, 3.05100182])"
6132,7227,39720,"array([3.13715224, 3.0438695 ])"
6133,7227,31925,"array([3.11275702, 3.00322968])"
6134,7227,50205,"array([3.06061042, 2.98413339])"
6135,7227,326141,"array([3.1111792 , 3.00508615])"
6136,7227,31926,"array([3.15973174, 3.06422933])"
6137,7227,33412,"array([3.1553706 , 3.06988322])"
6138,7227,31928,"array([3.12513148, 3.03835407])"
6139,7227,43050,"array([3.19710769, 2.9971719 ])"
6140,7227,34645,"array([3.18730294, 3.04889309])"
6141,7227,38480,"array([3.16059269, 3.02031792])"
6142,7227,45326,"array([3.15504477, 3.06169135])"
6143,7227,326133,"array([3.14978558, 3.06745561])"
6144,7227,42838,"array([3.21263952, 3.02915451])"
6145,7227,43689,"array([3.19454154, 3.05549555])"
6146,7227,42202,"array([3.19276884, 3.07919747])"
6147,7227,41783,"array([3.14738754, 3.02113342])"
6148,7227,31948,"array([3.15284312, 3.0936724 ])"
6149,7227,32244,"array([3.11611795, 3.02378516])"
6150,7227,32434,"array([3.13909762, 3.04324157])"
6151,7227,33649,"array([3.11741485, 3.03190799])"
6152,7227,33900,"array([3.13774543, 3.04395956])"
6153,7227,33955,"array([3.11446677, 3.03688029])"
6154,7227,34444,"array([3.13689562, 3.02265296])"
6155,7227,35323,"array([3.11156058, 3.04096844])"
6156,7227,36052,"array([3.1105397 , 3.03391021])"
6157,7227,36368,"array([3.11289005, 3.04747148])"
6158,7227,37571,"array([3.12156559, 3.02486744])"
6159,7227,37617,"array([3.14638161, 3.03347151])"
6160,7227,37770,"array([3.1171369 , 3.05543224])"
6161,7227,39259,"array([3.13224234, 3.05650423])"
6162,7227,39574,"array([3.12228002, 3.01135528])"
6163,7227,40000,"array([3.11347447, 3.04104326])"
6164,7227,40408,"array([3.11329585, 3.04662357])"
6165,7227,41701,"array([3.13026542, 3.06545427])"
6166,7227,41745,"array([3.14187506, 3.05164787])"
6167,7227,42291,"array([3.14340137, 3.03754442])"
6168,7227,42348,"array([3.10308443, 3.04202586])"
6169,7227,50024,"array([3.12336595, 3.04561397])"
6170,7227,53540,"array([3.15023812, 3.04019954])"
6171,7227,318913,"array([3.10549148, 3.06408189])"
6172,7227,31952,"array([3.13878841, 2.98956417])"
6173,7227,31953,"array([3.13370571, 2.95087397])"
6174,7227,32428,"array([3.15069164, 3.06852063])"
6175,7227,34024,"array([3.12464534, 3.05219977])"
6176,7227,31957,"array([3.07986351, 3.00556599])"
6177,7227,33194,"array([3.12188001, 3.02599742])"
6178,7227,53581,"array([3.16063521, 2.98550797])"
6179,7227,248194,"array([3.18048051, 2.98411973])"
6180,7227,31960,"array([3.15328769, 3.00250006])"
6181,7227,42829,"array([3.1797021 , 2.99435098])"
6182,7227,31962,"array([3.19792623, 2.9998185 ])"
6183,7227,31964,"array([3.15461472, 3.05992339])"
6184,7227,37397,"array([3.18643603, 3.07207726])"
6185,7227,42399,"array([3.14175416, 3.04759186])"
6186,7227,50373,"array([3.14021861, 3.02466421])"
6187,7227,31966,"array([3.0670052 , 3.01589913])"
6188,7227,31970,"array([3.16066557, 2.84848967])"
6189,7227,31971,"array([3.20409492, 3.09467746])"
6190,7227,35195,"array([3.17168209, 3.04519565])"
6191,7227,33683,"array([3.17017287, 3.09096078])"
6192,7227,35735,"array([3.13970389, 3.06894852])"
6193,7227,31979,"array([3.16600651, 3.06417447])"
6194,7227,41675,"array([3.17043796, 3.05664087])"
6195,7227,31980,"array([3.09165791, 2.99424041])"
6196,7227,31986,"array([3.09900153, 3.01602374])"
6197,7227,31987,"array([3.16719594, 3.03067475])"
6198,7227,32569,"array([3.17074631, 3.03843085])"
6199,7227,34127,"array([3.14413161, 3.04842502])"
6200,7227,34433,"array([3.15401545, 3.03363356])"
6201,7227,33661,"array([3.17087417, 2.99312056])"
6202,7227,36957,"array([3.17382183, 2.98898947])"
6203,7227,40140,"array([3.16729698, 3.05470846])"
6204,7227,31989,"array([3.21275488, 3.00742712])"
6205,7227,31991,"array([3.14976772, 2.96799446])"
6206,7227,34504,"array([3.14514544, 3.00376671])"
6207,7227,41847,"array([3.11713633, 2.9873847 ])"
6208,7227,31993,"array([3.10356102, 2.93951549])"
6209,7227,45339,"array([3.13163249, 2.98682077])"
6210,7227,31994,"array([3.20168529, 3.09447797])"
6211,7227,31995,"array([3.20692825, 3.09152589])"
6212,7227,33314,"array([3.19452257, 3.06980117])"
6213,7227,47894,"array([3.15258792, 3.01725435])"
6214,7227,32000,"array([3.10258854, 2.9775304 ])"
6215,7227,32876,"array([3.15777969, 3.05866895])"
6216,7227,33819,"array([3.20977961, 3.05740522])"
6217,7227,39136,"array([3.14774484, 3.02328337])"
6218,7227,40487,"array([3.17330828, 3.03229297])"
6219,7227,32005,"array([3.19316302, 3.04368703])"
6220,7227,32006,"array([3.11582069, 3.02778769])"
6221,7227,33754,"array([3.11377315, 3.00684214])"
6222,7227,43726,"array([3.17342132, 3.03632756])"
6223,7227,47384,"array([3.1442457 , 3.07115892])"
6224,7227,32008,"array([3.15484766, 3.04260739])"
6225,7227,37480,"array([3.12156447, 3.04791758])"
6226,7227,32099,"array([3.10259353, 3.00874961])"
6227,7227,32195,"array([3.14139706, 3.06428858])"
6228,7227,32455,"array([3.14126253, 3.04842211])"
6229,7227,32660,"array([3.14784131, 3.0536377 ])"
6230,7227,33161,"array([3.1614377 , 3.05101884])"
6231,7227,33208,"array([3.13715381, 3.01598362])"
6232,7227,33229,"array([3.17437677, 3.00356017])"
6233,7227,33354,"array([3.11475   , 3.01776689])"
6234,7227,34209,"array([3.11038038, 3.01786528])"
6235,7227,34486,"array([3.11457257, 3.05517941])"
6236,7227,34745,"array([3.14597698, 3.01665236])"
6237,7227,34778,"array([3.12518474, 3.02936102])"
6238,7227,35021,"array([3.11645265, 3.0311501 ])"
6239,7227,35049,"array([3.10251665, 3.04851849])"
6240,7227,35247,"array([3.12077286, 3.07175073])"
6241,7227,35538,"array([3.11636723, 3.0329868 ])"
6242,7227,35578,"array([3.11708903, 3.03445852])"
6243,7227,35629,"array([3.12957552, 3.06106456])"
6244,7227,35814,"array([3.14004574, 3.05916392])"
6245,7227,36024,"array([3.12178659, 2.99708989])"
6246,7227,36043,"array([3.13488629, 3.01557318])"
6247,7227,36259,"array([3.12437502, 2.99708307])"
6248,7227,36280,"array([3.13590224, 3.02608906])"
6249,7227,36340,"array([3.11745392, 3.05092392])"
6250,7227,36726,"array([3.14020985, 3.04997295])"
6251,7227,37197,"array([3.15167446, 3.00600295])"
6252,7227,37228,"array([3.13535623, 3.01934895])"
6253,7227,38227,"array([3.10802028, 3.04690521])"
6254,7227,38527,"array([3.16023194, 3.03785844])"
6255,7227,38595,"array([3.15450968, 3.07446244])"
6256,7227,38751,"array([3.15663782, 3.00198735])"
6257,7227,38940,"array([3.13541433, 3.04942275])"
6258,7227,39336,"array([3.12984597, 3.02427835])"
6259,7227,39409,"array([3.1103966 , 3.06157246])"
6260,7227,39512,"array([3.1220169 , 3.02108394])"
6261,7227,39715,"array([3.11423476, 3.02812137])"
6262,7227,40152,"array([3.12100821, 3.02549565])"
6263,7227,40624,"array([3.14534329, 3.04650883])"
6264,7227,40858,"array([3.15039001, 2.99783485])"
6265,7227,41089,"array([3.12809166, 3.00353316])"
6266,7227,41324,"array([3.12074595, 3.02036436])"
6267,7227,41697,"array([3.16345554, 3.01284424])"
6268,7227,42833,"array([3.11527995, 3.04649308])"
6269,7227,42866,"array([3.14384811, 3.04428275])"
6270,7227,44127,"array([3.11670155, 3.0322398 ])"
6271,7227,44274,"array([3.12893796, 3.04149988])"
6272,7227,44529,"array([3.09996114, 3.0473282 ])"
6273,7227,45922,"array([3.14303562, 3.04067001])"
6274,7227,50263,"array([3.1228228 , 3.03166789])"
6275,7227,246425,"array([3.144622  , 3.06080962])"
6276,7227,246496,"array([3.10041502, 3.02824501])"
6277,7227,318645,"array([3.12043752, 3.02904857])"
6278,7227,318972,"array([3.13983651, 3.0082605 ])"
6279,7227,326229,"array([3.15821251, 3.08922987])"
6280,7227,3346177,"array([3.09419475, 3.05043739])"
6281,7227,3772580,"array([3.1123968 , 3.03273387])"
6282,7227,7354421,"array([3.12162112, 3.0404545 ])"
6283,7227,32011,"array([3.11722818, 3.04098177])"
6284,7227,32409,"array([3.14562634, 3.00730665])"
6285,7227,35293,"array([3.16042273, 3.06859779])"
6286,7227,32016,"array([3.17173575, 3.05486905])"
6287,7227,5740592,"array([3.1698418 , 3.01241482])"
6288,7227,32017,"array([3.18250991, 3.06175749])"
6289,7227,38134,"array([3.1332336 , 2.97529375])"
6290,7227,32020,"array([3.20350666, 3.02535529])"
6291,7227,32022,"array([3.10037488, 2.97951101])"
6292,7227,32026,"array([3.11090422, 3.01367097])"
6293,7227,32027,"array([3.19559324, 2.98870863])"
6294,7227,34665,"array([3.1540828 , 3.02393911])"
6295,7227,32726,"array([3.18135806, 3.07268063])"
6296,7227,33528,"array([3.10197861, 3.04289305])"
6297,7227,33964,"array([3.19474367, 3.01672659])"
6298,7227,37744,"array([3.16793543, 3.0378044 ])"
6299,7227,39020,"array([3.20160471, 3.04899919])"
6300,7227,39034,"array([3.15608295, 3.02160195])"
6301,7227,39735,"array([3.17573806, 2.99317313])"
6302,7227,40073,"array([3.16895287, 3.04038804])"
6303,7227,40569,"array([3.18000316, 3.00086514])"
6304,7227,41304,"array([3.10281966, 3.01554419])"
6305,7227,41409,"array([3.21892803, 2.99254184])"
6306,7227,42609,"array([3.12850625, 2.99782225])"
6307,7227,44701,"array([3.15151425, 3.04889228])"
6308,7227,326264,"array([3.15085672, 2.98616443])"
6309,7227,36014,"array([3.16861888, 2.96703639])"
6310,7227,37025,"array([3.14137468, 2.95612835])"
6311,7227,38752,"array([3.16551298, 2.99673078])"
6312,7227,40339,"array([3.15410734, 2.96504253])"
6313,7227,40940,"array([3.1496212 , 3.00749144])"
6314,7227,32034,"array([3.2288049 , 3.06797045])"
6315,7227,32035,"array([3.16326231, 2.94711872])"
6316,7227,32036,"array([3.18727044, 3.09545585])"
6317,7227,32039,"array([3.16225827, 3.06393982])"
6318,7227,42707,"array([3.16651939, 3.05775287])"
6319,7227,43146,"array([3.18171807, 3.09731887])"
6320,7227,45278,"array([3.15072921, 3.05666311])"
6321,7227,32041,"array([3.12461128, 3.05556833])"
6322,7227,42789,"array([3.17255403, 3.0366245 ])"
6323,7227,32043,"array([3.08696976, 2.9663753 ])"
6324,7227,32691,"array([3.16247047, 3.01924295])"
6325,7227,33287,"array([3.14373047, 2.98930668])"
6326,7227,34743,"array([3.12504508, 3.02536072])"
6327,7227,34779,"array([3.14170606, 3.08723314])"
6328,7227,36547,"array([3.16862799, 3.05794984])"
6329,7227,37135,"array([3.10907961, 3.02213294])"
6330,7227,39074,"array([3.14599589, 3.08803901])"
6331,7227,39116,"array([3.10171264, 3.06277081])"
6332,7227,39648,"array([3.12217495, 3.06411637])"
6333,7227,42273,"array([3.11120491, 3.0237216 ])"
6334,7227,42811,"array([3.12117771, 3.06321084])"
6335,7227,53573,"array([3.19075088, 3.03537676])"
6336,7227,326187,"array([3.1100702 , 3.06883224])"
6337,7227,8674019,"array([3.12566834, 3.09669551])"
6338,7227,36221,"array([3.15321708, 3.07544409])"
6339,7227,43785,"array([3.15320922, 3.03223497])"
6340,7227,48343,"array([3.16363582, 3.0735006 ])"
6341,7227,246404,"array([3.1547449 , 2.98862636])"
6342,7227,32049,"array([3.17551512, 3.01484563])"
6343,7227,32050,"array([3.1593483, 3.0094955])"
6344,7227,33225,"array([3.15869829, 2.99366863])"
6345,7227,34329,"array([3.16160484, 3.02466786])"
6346,7227,35817,"array([3.13204104, 3.00157861])"
6347,7227,36813,"array([3.15074803, 2.97976574])"
6348,7227,39935,"array([3.17263051, 2.99776339])"
6349,7227,41151,"array([3.18158989, 3.02413712])"
6350,7227,44118,"array([3.13221075, 2.98865856])"
6351,7227,32051,"array([3.12211213, 3.12258852])"
6352,7227,38870,"array([3.14307143, 3.07036124])"
6353,7227,32053,"array([3.1762627, 2.9686638])"
6354,7227,32055,"array([3.17623745, 2.99895756])"
6355,7227,32057,"array([3.16050679, 3.05290164])"
6356,7227,39255,"array([3.16991074, 3.07812267])"
6357,7227,32058,"array([3.10492177, 3.07020803])"
6358,7227,33040,"array([3.10396722, 3.06268423])"
6359,7227,40373,"array([3.11371286, 3.04016025])"
6360,7227,32060,"array([3.1296503 , 2.98258358])"
6361,7227,41730,"array([3.13610381, 3.01015276])"
6362,7227,32062,"array([3.15255011, 2.96061423])"
6363,7227,36051,"array([3.15933846, 3.00020584])"
6364,7227,32065,"array([3.16925081, 2.99306275])"
6365,7227,35600,"array([3.19953561, 3.00799013])"
6366,7227,37511,"array([3.13895353, 3.00016023])"
6367,7227,32067,"array([3.23276934, 3.0014598 ])"
6368,7227,37581,"array([3.16078744, 2.99800623])"
6369,7227,38792,"array([3.14768655, 2.98983524])"
6370,7227,41625,"array([3.19860794, 3.03712081])"
6371,7227,42249,"array([3.19476934, 3.06306557])"
6372,7227,32072,"array([3.16098835, 2.9594734 ])"
6373,7227,32073,"array([3.14768762, 3.08861973])"
6374,7227,40273,"array([3.13177864, 3.00960189])"
6375,7227,41834,"array([3.13134984, 3.05682395])"
6376,7227,32077,"array([3.17657262, 3.04433809])"
6377,7227,35683,"array([3.1526584 , 3.04147919])"
6378,7227,34166,"array([3.21765991, 3.0288615 ])"
6379,7227,36283,"array([3.1727909 , 3.07193561])"
6380,7227,37401,"array([3.23625502, 3.02263325])"
6381,7227,45343,"array([3.18696149, 3.02581529])"
6382,7227,32975,"array([3.11885593, 3.06716338])"
6383,7227,32348,"array([3.11537565, 3.04790198])"
6384,7227,32862,"array([3.10349212, 2.96868922])"
6385,7227,33875,"array([3.09849849, 3.03989103])"
6386,7227,39490,"array([3.06406443, 2.99818876])"
6387,7227,326255,"array([3.13731099, 3.01900164])"
6388,7227,32971,"array([3.17235718, 3.03939998])"
6389,7227,35813,"array([3.15147026, 2.99961432])"
6390,7227,36003,"array([3.18379704, 3.06575283])"
6391,7227,36056,"array([3.16829353, 3.0438031 ])"
6392,7227,36229,"array([3.18966492, 3.08634413])"
6393,7227,36849,"array([3.17774748, 3.07916688])"
6394,7227,37641,"array([3.10740389, 3.03821649])"
6395,7227,39897,"array([3.1783253, 3.011114 ])"
6396,7227,40263,"array([3.12040999, 3.03907947])"
6397,7227,41576,"array([3.18611593, 3.03190602])"
6398,7227,42471,"array([3.12412663, 3.06524869])"
6399,7227,42770,"array([3.11341307, 3.05693111])"
6400,7227,43003,"array([3.16855967, 3.05026507])"
6401,7227,43794,"array([3.19184035, 3.04379872])"
6402,7227,44039,"array([3.15018827, 3.01947169])"
6403,7227,53563,"array([3.14395518, 2.99720301])"
6404,7227,32084,"array([3.16028632, 3.09599886])"
6405,7227,34824,"array([3.09276726, 3.02223801])"
6406,7227,37059,"array([3.1553042 , 3.06093582])"
6407,7227,40218,"array([3.11519146, 3.01126053])"
6408,7227,33518,"array([3.13828074, 3.05086368])"
6409,7227,35934,"array([3.12381593, 3.00393238])"
6410,7227,38593,"array([3.13171727, 3.07126885])"
6411,7227,43515,"array([3.12747804, 3.03313489])"
6412,7227,39137,"array([3.15215041, 3.05135275])"
6413,7227,32092,"array([3.13517114, 3.10362657])"
6414,7227,32093,"array([3.12011998, 3.0465842 ])"
6415,7227,35641,"array([3.12592814, 3.05323006])"
6416,7227,34172,"array([3.17650616, 3.03163089])"
6417,7227,32098,"array([3.1003176 , 3.00174102])"
6418,7227,40034,"array([3.0637604 , 2.98328913])"
6419,7227,36160,"array([3.13159751, 3.02044059])"
6420,7227,40385,"array([3.17310497, 3.02484065])"
6421,7227,41741,"array([3.20318346, 2.99657772])"
6422,7227,14462484,"array([3.17387705, 3.03364603])"
6423,7227,32101,"array([3.10957248, 2.99517637])"
6424,7227,40269,"array([3.09919528, 3.01390279])"
6425,7227,43693,"array([3.16399707, 3.03978131])"
6426,7227,32102,"array([3.16687574, 3.05368449])"
6427,7227,33992,"array([3.171489 , 3.0568941])"
6428,7227,38762,"array([3.15923178, 3.05864744])"
6429,7227,41585,"array([3.15254971, 3.05296885])"
6430,7227,42058,"array([3.1530452 , 3.02607863])"
6431,7227,318874,"array([3.16393661, 3.06018945])"
6432,7227,32107,"array([3.16675364, 2.98677152])"
6433,7227,34395,"array([3.18581269, 2.99122146])"
6434,7227,32228,"array([3.14172958, 3.03519826])"
6435,7227,32109,"array([3.12729064, 3.01406555])"
6436,7227,39201,"array([3.12941547, 2.98557058])"
6437,7227,32112,"array([3.19111665, 3.05695742])"
6438,7227,32969,"array([3.1520345 , 3.04396738])"
6439,7227,33499,"array([3.11257959, 3.02620883])"
6440,7227,33775,"array([3.10946906, 3.02504275])"
6441,7227,34138,"array([3.14162466, 3.01612574])"
6442,7227,36118,"array([3.13916021, 3.00463464])"
6443,7227,36687,"array([3.10926878, 3.02331572])"
6444,7227,37170,"array([3.12888266, 3.02780106])"
6445,7227,37465,"array([3.12554353, 3.05579794])"
6446,7227,38363,"array([3.11536599, 3.03609258])"
6447,7227,38375,"array([3.14412661, 3.0726522 ])"
6448,7227,39150,"array([3.14797749, 3.00254949])"
6449,7227,39322,"array([3.10732368, 3.04532677])"
6450,7227,39447,"array([3.11803748, 3.02552303])"
6451,7227,40081,"array([3.14331211, 3.06883234])"
6452,7227,40998,"array([3.14065111, 3.0676288 ])"
6453,7227,41408,"array([3.09926886, 3.03160175])"
6454,7227,41989,"array([3.11202113, 3.02291623])"
6455,7227,42825,"array([3.14043782, 3.01047483])"
6456,7227,42999,"array([3.11146935, 3.03669235])"
6457,7227,43797,"array([3.15135204, 3.0211324 ])"
6458,7227,246448,"array([3.12497825, 3.03120983])"
6459,7227,318034,"array([3.11027793, 3.02399424])"
6460,7227,3772603,"array([3.10104708, 3.02562853])"
6461,7227,32115,"array([3.16479157, 3.0691536 ])"
6462,7227,37455,"array([3.14718864, 3.05002173])"
6463,7227,37549,"array([3.15604584, 3.05400662])"
6464,7227,40861,"array([3.13146494, 3.08126322])"
6465,7227,32664,"array([3.19135904, 3.02541845])"
6466,7227,34397,"array([3.18457101, 2.99504377])"
6467,7227,34471,"array([3.21130361, 3.02998912])"
6468,7227,36035,"array([3.11855469, 3.02295093])"
6469,7227,36589,"array([3.22460131, 2.9881116 ])"
6470,7227,38749,"array([3.22065513, 2.98187256])"
6471,7227,40644,"array([3.16645851, 3.00918318])"
6472,7227,41930,"array([3.17606668, 3.02919481])"
6473,7227,49892,"array([3.18501907, 3.01233767])"
6474,7227,318961,"array([3.17388313, 2.98452097])"
6475,7227,3885643,"array([3.2279019 , 2.99447703])"
6476,7227,35805,"array([3.18401282, 3.00408538])"
6477,7227,36292,"array([3.1825907 , 3.01781871])"
6478,7227,318842,"array([3.2154974 , 3.01434519])"
6479,7227,32121,"array([3.03226821, 3.01424204])"
6480,7227,41484,"array([3.09791934, 2.9609414 ])"
6481,7227,32954,"array([3.18333377, 3.01200538])"
6482,7227,39054,"array([3.15748657, 2.9953349 ])"
6483,7227,36194,"array([3.15841552, 3.03564857])"
6484,7227,38218,"array([3.14114842, 3.0751136 ])"
6485,7227,39366,"array([3.15295723, 3.04676152])"
6486,7227,32125,"array([3.15521679, 2.99081352])"
6487,7227,32260,"array([3.16901225, 2.97520699])"
6488,7227,32128,"array([3.10935016, 3.07245521])"
6489,7227,32130,"array([3.21030589, 3.12940564])"
6490,7227,44835,"array([3.18804274, 3.08744104])"
6491,7227,32131,"array([3.0737051 , 3.02282648])"
6492,7227,42961,"array([3.10018122, 2.99484003])"
6493,7227,32243,"array([3.17300706, 3.03744934])"
6494,7227,33023,"array([3.14069312, 2.96724842])"
6495,7227,33787,"array([3.17023608, 3.0604606 ])"
6496,7227,33805,"array([3.16103337, 3.04443339])"
6497,7227,34708,"array([3.16744399, 3.02505096])"
6498,7227,37817,"array([3.17689671, 2.97576223])"
6499,7227,37909,"array([3.14611705, 3.06822568])"
6500,7227,41344,"array([3.16308591, 3.0178965 ])"
6501,7227,41475,"array([3.12618414, 3.03741667])"
6502,7227,41985,"array([3.11705127, 2.97997938])"
6503,7227,42752,"array([3.15812975, 3.01936747])"
6504,7227,43080,"array([3.18054955, 3.00755191])"
6505,7227,43190,"array([3.14884542, 3.00473034])"
6506,7227,43383,"array([3.14443636, 3.0021953 ])"
6507,7227,47906,"array([3.16453129, 3.03463365])"
6508,7227,35180,"array([3.20792125, 3.00030539])"
6509,7227,38785,"array([3.13977835, 3.01091375])"
6510,7227,8673993,"array([3.20129715, 2.99350613])"
6511,7227,32135,"array([3.11025672, 3.09269237])"
6512,7227,38273,"array([3.13545417, 3.05923333])"
6513,7227,32137,"array([3.1832647, 3.0574816])"
6514,7227,38193,"array([3.14796023, 3.06267081])"
6515,7227,32138,"array([3.14226406, 3.06131659])"
6516,7227,35891,"array([3.13465625, 3.0832754 ])"
6517,7227,32139,"array([3.15851507, 2.96460272])"
6518,7227,32140,"array([3.14410434, 3.06007619])"
6519,7227,43588,"array([3.13779062, 3.07141635])"
6520,7227,32141,"array([3.12783072, 3.0703134 ])"
6521,7227,36073,"array([3.1506869 , 3.02473162])"
6522,7227,38525,"array([3.09929147, 3.11530171])"
6523,7227,32142,"array([3.14021558, 2.9695942 ])"
6524,7227,32592,"array([3.19108321, 3.02774951])"
6525,7227,32880,"array([3.14427433, 3.11517263])"
6526,7227,33421,"array([3.13095576, 3.09066496])"
6527,7227,33766,"array([3.16806988, 3.09779494])"
6528,7227,34206,"array([3.20228209, 3.04756234])"
6529,7227,35140,"array([3.20305743, 3.00272544])"
6530,7227,36743,"array([3.19403722, 3.04485048])"
6531,7227,37108,"array([3.16101791, 3.0366462 ])"
6532,7227,37960,"array([3.1412881 , 3.09264902])"
6533,7227,38075,"array([3.14923651, 3.11721107])"
6534,7227,40348,"array([3.11684856, 3.07684177])"
6535,7227,41537,"array([3.13337324, 3.06015812])"
6536,7227,42369,"array([3.14489844, 3.07476343])"
6537,7227,42586,"array([3.13869652, 3.05962618])"
6538,7227,48632,"array([3.16399177, 3.03833517])"
6539,7227,48844,"array([3.14974501, 3.03118787])"
6540,7227,59261,"array([3.11050849, 3.079339  ])"
6541,7227,32144,"array([3.15224944, 3.06426227])"
6542,7227,32146,"array([3.10766695, 3.01924244])"
6543,7227,36108,"array([3.12200551, 3.02830236])"
6544,7227,41863,"array([3.13006117, 3.03022608])"
6545,7227,32147,"array([3.1007981 , 3.04208649])"
6546,7227,32509,"array([3.09257084, 3.02796652])"
6547,7227,32148,"array([3.20724366, 3.0229317 ])"
6548,7227,38713,"array([3.25766798, 3.01764448])"
6549,7227,32151,"array([3.13462842, 2.98801375])"
6550,7227,37783,"array([3.1338362 , 2.97860072])"
6551,7227,3355094,"array([3.12621777, 2.99863074])"
6552,7227,33894,"array([3.12963066, 3.01591034])"
6553,7227,38066,"array([3.20859897, 2.9917448 ])"
6554,7227,40834,"array([3.15353991, 3.0083595 ])"
6555,7227,34519,"array([3.16185359, 3.04162491])"
6556,7227,35200,"array([3.14404027, 3.03680122])"
6557,7227,37444,"array([3.11952978, 3.05323669])"
6558,7227,40588,"array([3.17797064, 3.01679685])"
6559,7227,261613,"array([3.11316865, 2.98541618])"
6560,7227,32154,"array([3.15854088, 3.07069567])"
6561,7227,32156,"array([3.09339415, 3.03146944])"
6562,7227,35132,"array([3.15431091, 2.98168026])"
6563,7227,35172,"array([3.14627408, 3.00063713])"
6564,7227,39360,"array([3.15734438, 2.98575009])"
6565,7227,40341,"array([3.16746441, 3.03434786])"
6566,7227,40600,"array([3.14363792, 2.99322714])"
6567,7227,41880,"array([3.16743708, 3.01580389])"
6568,7227,43090,"array([3.12422203, 2.96471933])"
6569,7227,32159,"array([3.13972618, 2.97828585])"
6570,7227,40104,"array([3.12908833, 3.01079331])"
6571,7227,41607,"array([3.12231997, 2.95199329])"
6572,7227,43222,"array([3.13987644, 2.99582912])"
6573,7227,46000,"array([3.18790521, 3.02605471])"
6574,7227,43061,"array([3.1493614 , 3.06977283])"
6575,7227,33002,"array([3.1288809 , 3.06256397])"
6576,7227,35452,"array([3.14826029, 3.05889825])"
6577,7227,36060,"array([3.15648005, 3.05124233])"
6578,7227,40168,"array([3.13391471, 3.04186671])"
6579,7227,40857,"array([3.11823524, 3.0368031 ])"
6580,7227,5740407,"array([3.12898178, 3.02885478])"
6581,7227,32203,"array([3.11861766, 3.0306438 ])"
6582,7227,32881,"array([3.12786891, 3.05550949])"
6583,7227,35321,"array([3.11130633, 3.03758841])"
6584,7227,36058,"array([3.13213696, 3.00866042])"
6585,7227,36270,"array([3.15545512, 3.03658573])"
6586,7227,36277,"array([3.12757125, 3.03936887])"
6587,7227,36438,"array([3.11336531, 3.03892253])"
6588,7227,37117,"array([3.14163377, 3.03788338])"
6589,7227,37751,"array([3.12386485, 3.03522789])"
6590,7227,37834,"array([3.12757737, 3.05421197])"
6591,7227,38916,"array([3.13827447, 3.04970035])"
6592,7227,39933,"array([3.14967653, 3.024247  ])"
6593,7227,41226,"array([3.1500425 , 3.06422497])"
6594,7227,43448,"array([3.15826526, 3.05080665])"
6595,7227,192506,"array([3.14524665, 3.05530337])"
6596,7227,32166,"array([3.14765943, 2.99698046])"
6597,7227,42656,"array([3.1170352 , 3.03527707])"
6598,7227,32734,"array([3.1188546 , 3.03497555])"
6599,7227,33298,"array([3.14701948, 3.04209138])"
6600,7227,33374,"array([3.11365206, 3.03126547])"
6601,7227,34360,"array([3.1255339, 3.0397669])"
6602,7227,35687,"array([3.12390081, 3.0201675 ])"
6603,7227,35790,"array([3.14537046, 3.05622751])"
6604,7227,35979,"array([3.12347784, 3.00607361])"
6605,7227,36632,"array([3.09654254, 3.04107566])"
6606,7227,36909,"array([3.12460418, 3.03192912])"
6607,7227,37421,"array([3.11307364, 3.02956979])"
6608,7227,38995,"array([3.15091553, 3.02241609])"
6609,7227,39086,"array([3.12451531, 3.03312239])"
6610,7227,39228,"array([3.15826896, 3.03485288])"
6611,7227,39514,"array([3.12032892, 3.0111709 ])"
6612,7227,40372,"array([3.11971777, 3.01683837])"
6613,7227,42178,"array([3.13087398, 3.06174641])"
6614,7227,42518,"array([3.14576035, 3.02310573])"
6615,7227,42844,"array([3.14792264, 3.0179699 ])"
6616,7227,318934,"array([3.11729124, 3.01871941])"
6617,7227,3355158,"array([3.13462936, 3.04899555])"
6618,7227,3772015,"array([3.13201166, 3.01507521])"
6619,7227,32572,"array([3.12911928, 3.00269892])"
6620,7227,34879,"array([3.11986091, 3.01818801])"
6621,7227,39232,"array([3.12391218, 3.02597285])"
6622,7227,39801,"array([3.11431196, 3.01594326])"
6623,7227,34292,"array([3.16089519, 3.0024085 ])"
6624,7227,49713,"array([3.1650342 , 3.03957201])"
6625,7227,32172,"array([3.09784822, 3.01067642])"
6626,7227,50270,"array([3.11585822, 2.99790318])"
6627,7227,32173,"array([3.15481776, 2.97295303])"
6628,7227,32454,"array([3.13511427, 3.01669959])"
6629,7227,35043,"array([3.18830086, 3.00323708])"
6630,7227,36310,"array([3.22142013, 3.01811141])"
6631,7227,32177,"array([3.17456673, 2.96152251])"
6632,7227,39549,"array([3.13424595, 2.97288235])"
6633,7227,42390,"array([3.17777032, 2.99242411])"
6634,7227,32180,"array([3.14646363, 3.09038469])"
6635,7227,5740446,"array([3.20853356, 3.01196763])"
6636,7227,32188,"array([3.09643303, 3.0388377 ])"
6637,7227,32189,"array([3.12200362, 3.09848303])"
6638,7227,3355079,"array([3.15223276, 3.05926597])"
6639,7227,32193,"array([3.19889074, 2.9559048 ])"
6640,7227,34837,"array([3.16745429, 3.06642751])"
6641,7227,32198,"array([3.12756736, 3.0354394 ])"
6642,7227,40410,"array([3.17043483, 3.06311896])"
6643,7227,43004,"array([3.14760426, 3.05453282])"
6644,7227,32201,"array([3.1637597 , 3.11060127])"
6645,7227,36186,"array([3.08828052, 2.99769092])"
6646,7227,32382,"array([3.13186398, 3.00794327])"
6647,7227,33233,"array([3.12677326, 3.00956294])"
6648,7227,33924,"array([3.11920838, 2.99377114])"
6649,7227,35135,"array([3.11672876, 2.95611692])"
6650,7227,36605,"array([3.20399385, 3.03266262])"
6651,7227,37393,"array([3.14633501, 3.0391883 ])"
6652,7227,39036,"array([3.15285934, 2.98432806])"
6653,7227,39560,"array([3.14030744, 2.99217676])"
6654,7227,39588,"array([3.16355267, 3.02028857])"
6655,7227,41348,"array([3.162026 , 3.0073249])"
6656,7227,43046,"array([3.12611399, 2.98965455])"
6657,7227,43695,"array([3.12833603, 2.99279481])"
6658,7227,44315,"array([3.14104713, 3.00103193])"
6659,7227,5740848,"array([3.12418887, 3.00491809])"
6660,7227,32574,"array([3.14366035, 2.99534831])"
6661,7227,42020,"array([3.1766044 , 3.00662627])"
6662,7227,42945,"array([3.20084575, 3.0276332 ])"
6663,7227,41395,"array([3.16835809, 2.99939119])"
6664,7227,44978,"array([3.17630209, 2.98166558])"
6665,7227,32214,"array([3.16193363, 2.98917018])"
6666,7227,33264,"array([3.1281487 , 2.99137809])"
6667,7227,36730,"array([3.11212958, 3.01521809])"
6668,7227,36964,"array([3.15088732, 3.00503809])"
6669,7227,38888,"array([3.1502938, 3.0661947])"
6670,7227,36832,"array([3.16613412, 2.9990732 ])"
6671,7227,42031,"array([3.11383908, 3.01686575])"
6672,7227,32222,"array([3.17412044, 3.02018889])"
6673,7227,32395,"array([3.1637095 , 3.05824539])"
6674,7227,34799,"array([3.15819035, 3.04227289])"
6675,7227,35820,"array([3.11099744, 2.9924752 ])"
6676,7227,32278,"array([3.18451301, 3.05411821])"
6677,7227,37818,"array([3.1890773 , 3.03338307])"
6678,7227,42374,"array([3.23796064, 3.04440555])"
6679,7227,38979,"array([3.16587656, 3.02249557])"
6680,7227,36032,"array([3.17639247, 3.01166036])"
6681,7227,32229,"array([3.21305395, 3.01835951])"
6682,7227,32230,"array([3.09794775, 3.04173836])"
6683,7227,50395,"array([3.07408511, 3.02693013])"
6684,7227,34160,"array([3.20052722, 3.00131296])"
6685,7227,34368,"array([3.10950195, 3.03231604])"
6686,7227,32238,"array([3.05783524, 2.95479823])"
6687,7227,39918,"array([3.09334634, 2.9815934 ])"
6688,7227,35822,"array([3.12096494, 3.06998258])"
6689,7227,35881,"array([3.12622025, 3.05822805])"
6690,7227,44632,"array([3.13852081, 3.07681488])"
6691,7227,32241,"array([3.18659903, 3.04944714])"
6692,7227,32246,"array([3.11219314, 2.96803418])"
6693,7227,32249,"array([3.18315198, 3.12372652])"
6694,7227,32250,"array([3.12949085, 2.96905708])"
6695,7227,33672,"array([3.16152375, 2.96585172])"
6696,7227,34096,"array([3.15830184, 3.01723264])"
6697,7227,37728,"array([3.13597261, 3.04570747])"
6698,7227,43294,"array([3.11359813, 3.06243135])"
6699,7227,46068,"array([3.13132359, 3.06615463])"
6700,7227,32258,"array([3.12549489, 3.09028158])"
6701,7227,41298,"array([3.16389432, 3.06125872])"
6702,7227,42527,"array([3.1257005 , 3.05234553])"
6703,7227,32259,"array([3.18220368, 3.10216366])"
6704,7227,38768,"array([3.17784373, 3.01263752])"
6705,7227,41275,"array([3.18125074, 2.9259874 ])"
6706,7227,3346235,"array([3.17070931, 3.01222803])"
6707,7227,32263,"array([3.21821681, 2.98433519])"
6708,7227,35902,"array([3.1908804 , 3.01550361])"
6709,7227,41638,"array([3.09598257, 3.06585047])"
6710,7227,32337,"array([3.15968461, 3.04946334])"
6711,7227,32536,"array([3.17069401, 3.03115378])"
6712,7227,32769,"array([3.20726859, 2.98783179])"
6713,7227,36355,"array([3.14073403, 3.00454291])"
6714,7227,37577,"array([3.11761564, 3.0005629 ])"
6715,7227,37613,"array([3.12562727, 3.02016054])"
6716,7227,38923,"array([3.13361199, 3.01426073])"
6717,7227,39675,"array([3.12423798, 3.01586238])"
6718,7227,41068,"array([3.17069308, 3.02123521])"
6719,7227,42942,"array([3.11697846, 2.99922816])"
6720,7227,42943,"array([3.15213121, 3.04054224])"
6721,7227,43780,"array([3.1769459 , 3.04019403])"
6722,7227,46066,"array([3.18683751, 3.00787601])"
6723,7227,50032,"array([3.09713073, 3.04747804])"
6724,7227,246565,"array([3.20543819, 2.98043157])"
6725,7227,317824,"array([3.13634344, 3.00428986])"
6726,7227,326152,"array([3.1789415 , 3.00270028])"
6727,7227,7354466,"array([3.14472975, 3.01097789])"
6728,7227,32269,"array([3.10230089, 3.02301399])"
6729,7227,32271,"array([3.15001521, 2.9989004 ])"
6730,7227,32529,"array([3.13795349, 3.01601676])"
6731,7227,38838,"array([3.15363422, 2.96870279])"
6732,7227,40824,"array([3.16100089, 2.99952263])"
6733,7227,40825,"array([3.16157877, 3.00398132])"
6734,7227,50216,"array([3.17251857, 2.9624735 ])"
6735,7227,32272,"array([3.19349004, 3.03083915])"
6736,7227,32273,"array([3.19337243, 3.01940766])"
6737,7227,33391,"array([3.10246275, 3.0774043 ])"
6738,7227,40037,"array([3.11667801, 3.03391871])"
6739,7227,44110,"array([3.12678802, 3.05735853])"
6740,7227,50170,"array([3.07952898, 3.06662482])"
6741,7227,32275,"array([3.17661089, 3.05295961])"
6742,7227,33855,"array([3.22729986, 3.09180121])"
6743,7227,35104,"array([3.20874413, 3.05587109])"
6744,7227,35368,"array([3.17704872, 3.09111334])"
6745,7227,35865,"array([3.1653847 , 3.07781797])"
6746,7227,43203,"array([3.15947005, 3.01341823])"
6747,7227,32916,"array([3.11856876, 3.0377937 ])"
6748,7227,32282,"array([3.10527964, 2.97735783])"
6749,7227,34455,"array([3.1995959 , 2.96114646])"
6750,7227,34894,"array([3.16827067, 3.00625984])"
6751,7227,44481,"array([3.16257089, 2.98803999])"
6752,7227,44482,"array([3.14186409, 2.98928195])"
6753,7227,32288,"array([3.2104487 , 3.03121869])"
6754,7227,32291,"array([3.15891421, 2.98573645])"
6755,7227,32292,"array([3.05928161, 3.02554374])"
6756,7227,36472,"array([3.07475076, 3.00536254])"
6757,7227,32742,"array([3.12217213, 3.06706878])"
6758,7227,33589,"array([3.1052938 , 3.03425933])"
6759,7227,33742,"array([3.12156061, 3.01678543])"
6760,7227,33867,"array([3.1240675 , 3.01391066])"
6761,7227,34097,"array([3.14212566, 3.02330788])"
6762,7227,35382,"array([3.13410876, 3.02783691])"
6763,7227,35513,"array([3.12302265, 3.06002561])"
6764,7227,36037,"array([3.12865386, 3.04231151])"
6765,7227,37053,"array([3.13110416, 3.01476986])"
6766,7227,37183,"array([3.11219683, 3.02154768])"
6767,7227,37531,"array([3.12790779, 3.04190289])"
6768,7227,38936,"array([3.1286999 , 3.02422385])"
6769,7227,39039,"array([3.1439468 , 3.02046337])"
6770,7227,39995,"array([3.12933742, 3.0072726 ])"
6771,7227,40241,"array([3.12949555, 3.01201809])"
6772,7227,42944,"array([3.15682784, 3.04855014])"
6773,7227,44018,"array([3.16650572, 3.02732236])"
6774,7227,246389,"array([3.11002416, 3.03144211])"
6775,7227,33655,"array([3.15262077, 3.01360963])"
6776,7227,41621,"array([3.1177381 , 2.99411732])"
6777,7227,42808,"array([3.11327902, 3.02087987])"
6778,7227,44900,"array([3.13956463, 2.9812577 ])"
6779,7227,32296,"array([3.05958354, 3.06528927])"
6780,7227,32297,"array([3.12505203, 3.07372071])"
6781,7227,36795,"array([3.14643898, 3.06319879])"
6782,7227,40433,"array([3.14344514, 3.05251331])"
6783,7227,41026,"array([3.12898769, 2.96502103])"
6784,7227,32301,"array([3.19407406, 3.03315072])"
6785,7227,32302,"array([3.16735336, 2.97948181])"
6786,7227,48772,"array([3.20815047, 2.96076965])"
6787,7227,32738,"array([3.12280577, 3.0074758 ])"
6788,7227,33511,"array([3.23316213, 3.01636204])"
6789,7227,33789,"array([3.23309189, 3.01863012])"
6790,7227,36135,"array([3.22322731, 3.06935635])"
6791,7227,36217,"array([3.22817034, 3.00056927])"
6792,7227,38005,"array([3.15326856, 3.0407028 ])"
6793,7227,38246,"array([3.12617048, 3.01553775])"
6794,7227,38332,"array([3.17490526, 3.060389  ])"
6795,7227,38414,"array([3.20380772, 3.02327575])"
6796,7227,40483,"array([3.19068066, 3.0126636 ])"
6797,7227,40485,"array([3.1768435 , 2.99048217])"
6798,7227,42409,"array([3.20257547, 3.0420962 ])"
6799,7227,42415,"array([3.20264847, 3.05136196])"
6800,7227,43698,"array([3.20772842, 3.02774475])"
6801,7227,32307,"array([3.20295537, 3.0453982 ])"
6802,7227,34259,"array([3.14323337, 3.05538612])"
6803,7227,42588,"array([3.23813451, 3.05498586])"
6804,7227,32308,"array([3.2353795, 3.0504382])"
6805,7227,32309,"array([3.15137279, 3.0118925 ])"
6806,7227,36086,"array([3.20302567, 3.02667675])"
6807,7227,32312,"array([3.12973978, 3.12364862])"
6808,7227,35498,"array([3.15274707, 3.06615043])"
6809,7227,36997,"array([3.16072785, 3.0613324 ])"
6810,7227,32315,"array([3.19205935, 3.00329711])"
6811,7227,47874,"array([3.17150955, 3.0139279 ])"
6812,7227,26067054,"array([3.20822596, 3.03867027])"
6813,7227,35613,"array([3.1175283 , 3.04189104])"
6814,7227,37935,"array([3.11787881, 3.02826316])"
6815,7227,59163,"array([3.1284325 , 3.02056929])"
6816,7227,36361,"array([3.13141463, 3.0686094 ])"
6817,7227,40129,"array([3.18405949, 3.02841692])"
6818,7227,42478,"array([3.21000522, 3.05297477])"
6819,7227,32321,"array([3.17663229, 2.97791006])"
6820,7227,37957,"array([3.16078218, 3.01513457])"
6821,7227,42517,"array([3.17404316, 2.99719338])"
6822,7227,35110,"array([3.17274819, 3.00018597])"
6823,7227,42237,"array([3.17545424, 3.01679643])"
6824,7227,32573,"array([3.18680363, 3.00123763])"
6825,7227,33238,"array([3.19438941, 2.99504806])"
6826,7227,33317,"array([3.08961045, 3.04725316])"
6827,7227,33841,"array([3.1419509 , 3.01081672])"
6828,7227,35501,"array([3.16303302, 3.0430281 ])"
6829,7227,35694,"array([3.14726395, 2.99846546])"
6830,7227,36189,"array([3.09997312, 3.04075497])"
6831,7227,36762,"array([3.08917125, 3.06018162])"
6832,7227,37086,"array([3.17009003, 2.99803753])"
6833,7227,39462,"array([3.15574639, 3.02453604])"
6834,7227,39926,"array([3.11692537, 2.96455183])"
6835,7227,40105,"array([3.11167615, 3.02820014])"
6836,7227,40144,"array([3.13715638, 2.99343902])"
6837,7227,40265,"array([3.2037392 , 3.01368881])"
6838,7227,40421,"array([3.09826852, 3.06125063])"
6839,7227,40807,"array([3.16565059, 3.09286174])"
6840,7227,41155,"array([3.1764709 , 3.08163819])"
6841,7227,42110,"array([3.16420192, 2.99853762])"
6842,7227,42221,"array([3.16896458, 2.99860584])"
6843,7227,42251,"array([3.16323033, 3.07967708])"
6844,7227,43053,"array([3.10136167, 3.02434827])"
6845,7227,43056,"array([3.15888573, 2.98242295])"
6846,7227,43281,"array([3.11187422, 3.07135388])"
6847,7227,43443,"array([3.17601866, 3.03404786])"
6848,7227,43575,"array([3.08964098, 2.98734378])"
6849,7227,44544,"array([3.16815212, 2.99810578])"
6850,7227,45815,"array([3.09982495, 3.01032645])"
6851,7227,50202,"array([3.12745138, 2.99557536])"
6852,7227,32324,"array([3.22279826, 3.0046954 ])"
6853,7227,32326,"array([3.10878532, 3.02021724])"
6854,7227,32328,"array([3.13340774, 3.08732559])"
6855,7227,35795,"array([3.14306021, 3.04828794])"
6856,7227,32329,"array([3.20342929, 3.05580754])"
6857,7227,32402,"array([3.20210028, 2.99134739])"
6858,7227,35285,"array([3.15382521, 2.99638129])"
6859,7227,36628,"array([3.1935729 , 3.02321855])"
6860,7227,37875,"array([3.16278036, 3.01450025])"
6861,7227,38095,"array([3.17811672, 3.05144588])"
6862,7227,39276,"array([3.14962874, 2.99798571])"
6863,7227,32334,"array([3.14037008, 3.08613916])"
6864,7227,41776,"array([3.13209217, 3.06125183])"
6865,7227,39081,"array([3.13071173, 3.05463952])"
6866,7227,32338,"array([3.10651168, 3.07535261])"
6867,7227,37069,"array([3.17901867, 3.03108856])"
6868,7227,41321,"array([3.12020199, 3.09085346])"
6869,7227,32340,"array([3.12857392, 3.06081395])"
6870,7227,35682,"array([3.13180201, 3.03730953])"
6871,7227,36953,"array([3.14786989, 3.03797205])"
6872,7227,38928,"array([3.13851739, 3.06245338])"
6873,7227,38945,"array([3.14221241, 3.06621831])"
6874,7227,37229,"array([3.12341305, 2.99077098])"
6875,7227,37690,"array([3.14200976, 2.99857307])"
6876,7227,40017,"array([3.12456112, 3.01254772])"
6877,7227,42723,"array([3.10403032, 3.02860039])"
6878,7227,49636,"array([3.16688765, 3.02669489])"
6879,7227,34021,"array([3.13365689, 3.05369757])"
6880,7227,33098,"array([3.09428935, 3.01203471])"
6881,7227,36587,"array([3.13440028, 3.04798706])"
6882,7227,33642,"array([3.15635267, 3.04994665])"
6883,7227,41182,"array([3.18275255, 3.00898996])"
6884,7227,32351,"array([3.18526015, 3.02070786])"
6885,7227,39730,"array([3.12230852, 2.96573485])"
6886,7227,41593,"array([3.13125576, 3.01277925])"
6887,7227,41785,"array([3.15799667, 3.00818683])"
6888,7227,42095,"array([3.16361505, 2.98056899])"
6889,7227,50310,"array([3.15571792, 2.97850967])"
6890,7227,32353,"array([3.15566359, 2.99490907])"
6891,7227,32360,"array([3.13040862, 3.07872901])"
6892,7227,34550,"array([3.15700078, 3.03170466])"
6893,7227,36845,"array([3.11452798, 3.05252262])"
6894,7227,33764,"array([3.10298249, 3.02146352])"
6895,7227,34144,"array([3.15351499, 2.97331684])"
6896,7227,35337,"array([3.18206139, 3.05186935])"
6897,7227,35914,"array([3.09324564, 3.01030044])"
6898,7227,36419,"array([3.14548276, 2.98423335])"
6899,7227,37855,"array([3.14429403, 2.95551566])"
6900,7227,37910,"array([3.13612616, 2.99035371])"
6901,7227,39031,"array([3.18153786, 3.00684049])"
6902,7227,39787,"array([3.13640448, 2.95576373])"
6903,7227,39790,"array([3.1452828 , 2.98556352])"
6904,7227,40258,"array([3.12820312, 2.98304801])"
6905,7227,41274,"array([3.12511169, 3.00547554])"
6906,7227,41472,"array([3.18802401, 3.03772431])"
6907,7227,41660,"array([3.14889091, 2.99010966])"
6908,7227,42359,"array([3.14274992, 2.98891856])"
6909,7227,43831,"array([3.11134717, 2.98617142])"
6910,7227,37468,"array([3.13492049, 3.02497099])"
6911,7227,39481,"array([3.15399155, 3.0921692 ])"
6912,7227,32368,"array([3.08606602, 3.03926917])"
6913,7227,39235,"array([3.08809532, 3.08476214])"
6914,7227,45826,"array([3.17481029, 3.04356205])"
6915,7227,41912,"array([3.17283302, 3.05863849])"
6916,7227,32377,"array([3.18003973, 2.94302895])"
6917,7227,32379,"array([3.20528451, 2.99828542])"
6918,7227,39212,"array([3.18255989, 3.04568623])"
6919,7227,50466,"array([3.21035288, 2.98759591])"
6920,7227,50467,"array([3.20110033, 2.98672683])"
6921,7227,34054,"array([3.09100964, 3.01828709])"
6922,7227,41902,"array([3.12612513, 2.97283042])"
6923,7227,43192,"array([3.12438995, 3.04804701])"
6924,7227,43895,"array([3.15088916, 2.99467914])"
6925,7227,5740310,"array([3.1090006 , 2.98077131])"
6926,7227,33125,"array([3.1409146 , 2.97079409])"
6927,7227,32392,"array([3.14895683, 2.98741084])"
6928,7227,4379842,"array([3.13055263, 2.97481841])"
6929,7227,32394,"array([3.0883158 , 3.00410535])"
6930,7227,33093,"array([3.17279522, 3.06667389])"
6931,7227,33285,"array([3.16933371, 3.06661192])"
6932,7227,34235,"array([3.17335078, 3.09175178])"
6933,7227,34258,"array([3.13456777, 3.10595306])"
6934,7227,35731,"array([3.15156059, 3.04983944])"
6935,7227,37308,"array([3.11873771, 3.01142211])"
6936,7227,38477,"array([3.15043278, 3.08036484])"
6937,7227,40368,"array([3.17464041, 3.08523348])"
6938,7227,40394,"array([3.11079523, 3.01245732])"
6939,7227,32414,"array([3.21479057, 3.0781993 ])"
6940,7227,32419,"array([3.13555022, 3.09056922])"
6941,7227,32442,"array([3.16929359, 3.08080227])"
6942,7227,32480,"array([3.20212577, 3.10544741])"
6943,7227,32547,"array([3.18324247, 3.07530263])"
6944,7227,32553,"array([3.19103221, 3.08759206])"
6945,7227,32674,"array([3.18397182, 3.03701398])"
6946,7227,32687,"array([3.14895378, 3.06543862])"
6947,7227,32764,"array([3.19086715, 3.11175137])"
6948,7227,32857,"array([3.11969366, 3.05491376])"
6949,7227,32933,"array([3.18102318, 3.11016431])"
6950,7227,32970,"array([3.13474457, 3.07407159])"
6951,7227,33059,"array([3.17766073, 3.00210698])"
6952,7227,33182,"array([3.11895044, 3.02625605])"
6953,7227,33184,"array([3.13658901, 3.05909545])"
6954,7227,33204,"array([3.18311624, 3.07206992])"
6955,7227,33230,"array([3.20429495, 3.05077803])"
6956,7227,33248,"array([3.17665618, 3.09448809])"
6957,7227,33253,"array([3.14890318, 3.08416681])"
6958,7227,33255,"array([3.18263884, 3.01657735])"
6959,7227,33293,"array([3.17724437, 3.05794402])"
6960,7227,33384,"array([3.19370016, 3.07119866])"
6961,7227,33451,"array([3.14118612, 3.05802185])"
6962,7227,33502,"array([3.18247072, 3.0005288 ])"
6963,7227,33564,"array([3.19281617, 3.088004  ])"
6964,7227,33574,"array([3.17957853, 3.0200043 ])"
6965,7227,33609,"array([3.18244421, 3.0876473 ])"
6966,7227,33646,"array([3.18481623, 3.07789134])"
6967,7227,33788,"array([3.19471425, 3.05236241])"
6968,7227,33793,"array([3.18683137, 2.993039  ])"
6969,7227,33957,"array([3.18841024, 3.0231489 ])"
6970,7227,33962,"array([3.19780329, 3.05293925])"
6971,7227,34140,"array([3.18931465, 3.08490349])"
6972,7227,34148,"array([3.19350474, 3.04651337])"
6973,7227,34156,"array([3.12837952, 3.00997489])"
6974,7227,34268,"array([3.14898185, 3.09562632])"
6975,7227,34318,"array([3.18322949, 3.04382587])"
6976,7227,34435,"array([3.20791952, 3.02970603])"
6977,7227,34447,"array([3.1324917 , 3.09204989])"
6978,7227,34583,"array([3.17524821, 3.07788153])"
6979,7227,34656,"array([3.12216649, 3.03013682])"
6980,7227,34707,"array([3.21288246, 3.07635588])"
6981,7227,34732,"array([3.17939712, 3.04978084])"
6982,7227,34757,"array([3.13718701, 3.09481392])"
6983,7227,34937,"array([3.17730158, 3.10942411])"
6984,7227,35077,"array([3.18378904, 3.07658731])"
6985,7227,35163,"array([3.09945091, 3.03691975])"
6986,7227,35183,"array([3.19653783, 3.0349596 ])"
6987,7227,35239,"array([3.15129089, 3.08377782])"
6988,7227,35339,"array([3.15943552, 3.08042587])"
6989,7227,35402,"array([3.17480409, 3.0092515 ])"
6990,7227,35427,"array([3.17088399, 3.0018938 ])"
6991,7227,35664,"array([3.12199841, 3.01996608])"
6992,7227,35730,"array([3.15995207, 3.07004636])"
6993,7227,35747,"array([3.2035006 , 3.06401336])"
6994,7227,35806,"array([3.1842911 , 3.10943337])"
6995,7227,35867,"array([3.179707  , 3.06839164])"
6996,7227,35913,"array([3.17139215, 3.08288873])"
6997,7227,36147,"array([3.17183543, 3.07100113])"
6998,7227,36275,"array([3.19147422, 3.10938427])"
6999,7227,36494,"array([3.21567449, 3.07156662])"
7000,7227,36513,"array([3.15477001, 3.02499989])"
7001,7227,36575,"array([3.13273356, 2.99840714])"
7002,7227,36658,"array([3.19210077, 3.05966623])"
7003,7227,36703,"array([3.19885703, 3.03999954])"
7004,7227,36746,"array([3.18654207, 3.05582035])"
7005,7227,36771,"array([3.19802071, 3.07744429])"
7006,7227,36801,"array([3.17033585, 3.07664854])"
7007,7227,36862,"array([3.17632048, 3.07709599])"
7008,7227,36883,"array([3.11312387, 2.99717968])"
7009,7227,36896,"array([3.19057897, 3.0058479 ])"
7010,7227,37043,"array([3.16144288, 3.05859102])"
7011,7227,37065,"array([3.16937186, 3.02572539])"
7012,7227,37269,"array([3.20868152, 3.04287102])"
7013,7227,37376,"array([3.19377322, 3.08646629])"
7014,7227,37428,"array([3.17839655, 3.09529367])"
7015,7227,37552,"array([3.17564422, 2.99718476])"
7016,7227,37603,"array([3.17400715, 3.05330368])"
7017,7227,37614,"array([3.11323771, 3.05822613])"
7018,7227,37657,"array([3.11498303, 3.06132426])"
7019,7227,37673,"array([3.11638516, 3.0613624 ])"
7020,7227,37695,"array([3.2009905, 3.1076388])"
7021,7227,37734,"array([3.16279154, 3.02020975])"
7022,7227,37831,"array([3.19982054, 3.02621833])"
7023,7227,37871,"array([3.18960718, 3.05410486])"
7024,7227,37966,"array([3.15031508, 3.08736919])"
7025,7227,37978,"array([3.18657697, 3.02000919])"
7026,7227,38050,"array([3.19777493, 3.0343416 ])"
7027,7227,38176,"array([3.12442102, 3.08875325])"
7028,7227,38222,"array([3.17424038, 3.11094996])"
7029,7227,38249,"array([3.21176289, 3.0567781 ])"
7030,7227,38261,"array([3.12360082, 3.01310515])"
7031,7227,38337,"array([3.15165109, 3.00040124])"
7032,7227,38469,"array([3.1912128 , 3.02377896])"
7033,7227,38488,"array([3.12600167, 3.00505179])"
7034,7227,38522,"array([3.13491913, 3.06401475])"
7035,7227,38582,"array([3.17574753, 3.08727305])"
7036,7227,38608,"array([3.18922006, 3.11000068])"
7037,7227,38631,"array([3.15294702, 3.08291407])"
7038,7227,38736,"array([3.18888077, 3.06164624])"
7039,7227,38747,"array([3.15812332, 3.06500251])"
7040,7227,38753,"array([3.11395691, 3.00802227])"
7041,7227,38769,"array([3.1658929 , 3.00700133])"
7042,7227,38801,"array([3.15473661, 3.0268593 ])"
7043,7227,38825,"array([3.11963174, 3.03962966])"
7044,7227,38844,"array([3.18050105, 3.00397047])"
7045,7227,38929,"array([3.20532817, 3.09903029])"
7046,7227,38955,"array([3.10732283, 3.07143771])"
7047,7227,39015,"array([3.17902208, 3.07645429])"
7048,7227,39096,"array([3.20746603, 3.07702424])"
7049,7227,39262,"array([3.1612213 , 3.10569586])"
7050,7227,39393,"array([3.18141263, 3.11395295])"
7051,7227,39402,"array([3.18253718, 2.98399123])"
7052,7227,39451,"array([3.17548358, 3.11299163])"
7053,7227,39495,"array([3.21018186, 3.07471516])"
7054,7227,39556,"array([3.20505093, 3.06820586])"
7055,7227,39609,"array([3.19144803, 3.07619682])"
7056,7227,39613,"array([3.18572594, 3.02555754])"
7057,7227,39649,"array([3.20618077, 3.10268791])"
7058,7227,39697,"array([3.15323604, 2.99224701])"
7059,7227,39770,"array([3.18639186, 3.02862512])"
7060,7227,39904,"array([3.16705982, 3.08401905])"
7061,7227,39910,"array([3.18715865, 3.06335643])"
7062,7227,39939,"array([3.19726942, 3.06664113])"
7063,7227,39977,"array([3.19663919, 3.06030405])"
7064,7227,40028,"array([3.13853721, 3.08121184])"
7065,7227,40063,"array([3.18711065, 3.08561994])"
7066,7227,40079,"array([3.13452767, 3.08019487])"
7067,7227,40136,"array([3.12140294, 2.98552876])"
7068,7227,40184,"array([3.20359556, 3.07052412])"
7069,7227,40200,"array([3.20109354, 3.08523763])"
7070,7227,40217,"array([3.15825111, 3.02974509])"
7071,7227,40242,"array([3.14452763, 3.01904251])"
7072,7227,40255,"array([3.21185335, 3.00035496])"
7073,7227,40286,"array([3.19540628, 3.06866663])"
7074,7227,40310,"array([3.18648596, 3.08964268])"
7075,7227,40333,"array([3.19430943, 3.07983353])"
7076,7227,40360,"array([3.19215612, 3.01585058])"
7077,7227,40392,"array([3.12268835, 3.03817071])"
7078,7227,40456,"array([3.14672297, 3.08519647])"
7079,7227,40477,"array([3.17380809, 3.08082593])"
7080,7227,40512,"array([3.17948437, 3.07982486])"
7081,7227,40545,"array([3.16195254, 3.05693546])"
7082,7227,40596,"array([3.16825096, 3.07125982])"
7083,7227,40635,"array([3.16011262, 3.11257668])"
7084,7227,40712,"array([3.18329878, 3.02762168])"
7085,7227,40715,"array([3.13494548, 3.06000106])"
7086,7227,40728,"array([3.13892478, 3.09779113])"
7087,7227,40777,"array([3.11031073, 3.07686968])"
7088,7227,40788,"array([3.21440608, 3.0877132 ])"
7089,7227,40941,"array([3.10737162, 3.03591082])"
7090,7227,41013,"array([3.13692863, 3.01294301])"
7091,7227,41032,"array([3.1736158 , 3.00744754])"
7092,7227,41055,"array([3.11029765, 3.03030987])"
7093,7227,41096,"array([3.17547279, 3.07625756])"
7094,7227,41107,"array([3.16243005, 3.07140717])"
7095,7227,41134,"array([3.19809935, 3.04167383])"
7096,7227,41172,"array([3.18797007, 3.11154615])"
7097,7227,41198,"array([3.15388082, 3.01798149])"
7098,7227,41265,"array([3.1215641, 3.01211  ])"
7099,7227,41282,"array([3.12247174, 3.06936666])"
7100,7227,41319,"array([3.17704866, 3.06928299])"
7101,7227,41441,"array([3.19836962, 3.03197813])"
7102,7227,41529,"array([3.12451263, 3.04884683])"
7103,7227,41615,"array([3.17471833, 3.0747693 ])"
7104,7227,41749,"array([3.14635408, 3.01105072])"
7105,7227,41787,"array([3.18024313, 3.06597329])"
7106,7227,41895,"array([3.17267575, 3.11261541])"
7107,7227,41925,"array([3.14952674, 3.0709136 ])"
7108,7227,42023,"array([3.18564486, 3.09361857])"
7109,7227,42054,"array([3.18017046, 3.1083726 ])"
7110,7227,42065,"array([3.18347271, 3.01051573])"
7111,7227,42137,"array([3.19657378, 3.10945605])"
7112,7227,42226,"array([3.15107186, 3.01692938])"
7113,7227,42256,"array([3.17531857, 3.08375879])"
7114,7227,42355,"array([3.18686069, 3.10845612])"
7115,7227,42368,"array([3.17100317, 3.11123649])"
7116,7227,42387,"array([3.16822713, 3.06356839])"
7117,7227,42600,"array([3.17195029, 3.07621459])"
7118,7227,42625,"array([3.16856313, 3.11314132])"
7119,7227,42672,"array([3.17655691, 3.04182549])"
7120,7227,42685,"array([3.15198792, 3.09664709])"
7121,7227,42790,"array([3.19378142, 3.10970616])"
7122,7227,42797,"array([3.19752056, 3.07154851])"
7123,7227,42846,"array([3.12743146, 3.00567684])"
7124,7227,42877,"array([3.17062386, 3.11348072])"
7125,7227,42982,"array([3.16058539, 3.05560338])"
7126,7227,43189,"array([3.13125539, 3.04622903])"
7127,7227,43330,"array([3.1390928 , 3.05271147])"
7128,7227,43401,"array([3.17472946, 3.00064256])"
7129,7227,43523,"array([3.17877262, 3.06120712])"
7130,7227,43581,"array([3.15846396, 3.07488298])"
7131,7227,43629,"array([3.17950596, 3.11253294])"
7132,7227,43630,"array([3.1439904 , 3.07796587])"
7133,7227,43667,"array([3.17545499, 3.09624249])"
7134,7227,43709,"array([3.18664158, 3.06131313])"
7135,7227,43753,"array([3.19957632, 3.10595065])"
7136,7227,43928,"array([3.18019999, 3.01409384])"
7137,7227,44233,"array([3.18810041, 3.01080779])"
7138,7227,44259,"array([3.18147157, 3.04790755])"
7139,7227,44272,"array([3.18747563, 3.01824105])"
7140,7227,44441,"array([3.20621605, 3.03859697])"
7141,7227,45775,"array([3.17351321, 3.04874404])"
7142,7227,45783,"array([3.16576669, 3.06285214])"
7143,7227,45894,"array([3.17068881, 3.02039324])"
7144,7227,45973,"array([3.17188967, 3.08420225])"
7145,7227,45976,"array([3.16638408, 3.00798855])"
7146,7227,46015,"array([3.14520727, 3.09986067])"
7147,7227,47220,"array([3.13890033, 3.07273456])"
7148,7227,47251,"array([3.15524496, 3.05174768])"
7149,7227,47905,"array([3.17175352, 3.08130282])"
7150,7227,53427,"array([3.19761443, 3.08668333])"
7151,7227,53436,"array([3.13541636, 3.09521632])"
7152,7227,53437,"array([3.19152288, 3.03213743])"
7153,7227,53448,"array([3.18744252, 3.03555327])"
7154,7227,117496,"array([3.19237186, 3.07753081])"
7155,7227,246530,"array([3.14733089, 3.0588067 ])"
7156,7227,246541,"array([3.19774106, 3.08468161])"
7157,7227,246578,"array([3.16740739, 3.11144416])"
7158,7227,246608,"array([3.19157513, 3.02155201])"
7159,7227,317815,"array([3.1744229 , 3.06405748])"
7160,7227,317855,"array([3.20028679, 3.06215505])"
7161,7227,317969,"array([3.2040546 , 3.07898578])"
7162,7227,318107,"array([3.19382006, 3.01215029])"
7163,7227,318250,"array([3.16804067, 3.0781598 ])"
7164,7227,318795,"array([3.2006933 , 3.05784543])"
7165,7227,318865,"array([3.17673333, 3.11158613])"
7166,7227,318872,"array([3.14013125, 3.09591115])"
7167,7227,326109,"array([3.12001717, 3.06306822])"
7168,7227,326151,"array([3.20545434, 3.07657442])"
7169,7227,326209,"array([3.17945171, 3.11492112])"
7170,7227,2768836,"array([3.20363076, 3.02125597])"
7171,7227,2768871,"array([3.1927012 , 3.06134227])"
7172,7227,2768951,"array([3.18208282, 3.11177603])"
7173,7227,2768971,"array([3.19336511, 3.07514458])"
7174,7227,3346141,"array([3.19392954, 3.08998716])"
7175,7227,3346226,"array([3.20210831, 3.07974558])"
7176,7227,3772560,"array([3.14502353, 3.0640769 ])"
7177,7227,3772569,"array([3.13766753, 3.06695322])"
7178,7227,33468,"array([3.17194942, 3.00577029])"
7179,7227,37761,"array([3.10634799, 2.98943106])"
7180,7227,37887,"array([3.16558651, 2.97693741])"
7181,7227,39602,"array([3.16580906, 3.0161894 ])"
7182,7227,42386,"array([3.17112705, 2.95402676])"
7183,7227,43250,"array([3.10866497, 3.04577514])"
7184,7227,32410,"array([3.13723144, 3.0028621 ])"
7185,7227,32413,"array([3.1762896 , 3.08512589])"
7186,7227,36048,"array([3.19977971, 3.08637294])"
7187,7227,317911,"array([3.14518403, 3.09775904])"
7188,7227,32415,"array([3.22485587, 3.04979439])"
7189,7227,32420,"array([3.20456707, 2.98828785])"
7190,7227,32421,"array([3.26010315, 3.05316594])"
7191,7227,39575,"array([3.21524483, 3.03107042])"
7192,7227,34961,"array([3.10977599, 3.05456962])"
7193,7227,37026,"array([3.16754281, 3.09497803])"
7194,7227,38599,"array([3.10773457, 3.04232187])"
7195,7227,39964,"array([3.11975049, 3.0387111 ])"
7196,7227,40190,"array([3.12929615, 3.04743313])"
7197,7227,40542,"array([3.11281657, 3.05004906])"
7198,7227,41907,"array([3.15747011, 3.0637379 ])"
7199,7227,43164,"array([3.13767685, 3.03856919])"
7200,7227,44637,"array([3.16591418, 3.09853727])"
7201,7227,318050,"array([3.16365548, 3.09011279])"
7202,7227,32441,"array([3.12652297, 3.03002064])"
7203,7227,42567,"array([3.18212923, 3.03344804])"
7204,7227,33179,"array([3.15712555, 3.05031304])"
7205,7227,42987,"array([3.12068297, 3.01271593])"
7206,7227,32430,"array([3.11877317, 3.01341341])"
7207,7227,32435,"array([3.13837616, 3.08930598])"
7208,7227,32436,"array([3.22145771, 3.08773826])"
7209,7227,32731,"array([3.20094594, 3.03227641])"
7210,7227,33178,"array([3.09851975, 3.05144163])"
7211,7227,33472,"array([3.20284836, 3.0602023 ])"
7212,7227,33597,"array([3.16617171, 3.06574663])"
7213,7227,34942,"array([3.2148244 , 3.05715311])"
7214,7227,34982,"array([3.1891801 , 3.01095987])"
7215,7227,37445,"array([3.19716753, 3.06856121])"
7216,7227,37684,"array([3.17234044, 3.05221734])"
7217,7227,38819,"array([3.14228472, 3.05713383])"
7218,7227,39466,"array([3.21661598, 3.07778174])"
7219,7227,39516,"array([3.18374988, 3.05960841])"
7220,7227,39525,"array([3.12450631, 3.01001476])"
7221,7227,39810,"array([3.18308451, 3.06432929])"
7222,7227,39900,"array([3.198232  , 3.05018026])"
7223,7227,40439,"array([3.19557635, 3.07683389])"
7224,7227,40754,"array([3.22645437, 3.06367472])"
7225,7227,41203,"array([3.17677305, 3.05994512])"
7226,7227,41208,"array([3.20442919, 3.05879803])"
7227,7227,41369,"array([3.23215391, 3.0547061 ])"
7228,7227,41428,"array([3.17860618, 3.0074005 ])"
7229,7227,41943,"array([3.18681719, 3.03999071])"
7230,7227,42474,"array([3.18952093, 3.07960845])"
7231,7227,42953,"array([3.14499636, 3.05932915])"
7232,7227,43101,"array([3.18708201, 3.0673232 ])"
7233,7227,43640,"array([3.2128102 , 3.04758744])"
7234,7227,43716,"array([3.19537594, 3.07461111])"
7235,7227,43766,"array([3.18729179, 3.03684722])"
7236,7227,43923,"array([3.19617934, 3.06162675])"
7237,7227,117463,"array([3.22899914, 3.05651119])"
7238,7227,117471,"array([3.18903609, 3.07810699])"
7239,7227,318751,"array([3.21161494, 3.06095988])"
7240,7227,318912,"array([3.21130013, 3.06502065])"
7241,7227,326160,"array([3.19066831, 3.07794801])"
7242,7227,2768872,"array([3.17791911, 2.98146497])"
7243,7227,3346225,"array([3.20076583, 3.05299592])"
7244,7227,3771985,"array([3.20407018, 3.0389228 ])"
7245,7227,36362,"array([3.16510789, 3.00249049])"
7246,7227,32443,"array([3.15152347, 2.97854642])"
7247,7227,32444,"array([3.20172726, 3.01515627])"
7248,7227,35770,"array([3.13809622, 3.00751658])"
7249,7227,36418,"array([3.12510266, 3.07777786])"
7250,7227,36720,"array([3.14272631, 3.06797765])"
7251,7227,42492,"array([3.12535474, 3.03404256])"
7252,7227,318883,"array([3.1296426 , 2.98708175])"
7253,7227,32447,"array([3.08176152, 3.06622003])"
7254,7227,32448,"array([3.12205065, 2.97116103])"
7255,7227,37207,"array([3.16055596, 2.976557  ])"
7256,7227,32450,"array([3.19084286, 2.98542005])"
7257,7227,33907,"array([3.15433455, 3.00583177])"
7258,7227,36678,"array([3.16678604, 3.01819318])"
7259,7227,48532,"array([3.23174096, 2.98068579])"
7260,7227,3772221,"array([3.14161101, 3.06749538])"
7261,7227,32457,"array([3.1636953, 3.000814 ])"
7262,7227,37188,"array([3.14345991, 2.99799486])"
7263,7227,40422,"array([3.11509426, 3.02445372])"
7264,7227,32922,"array([3.07661567, 3.05161298])"
7265,7227,4379844,"array([3.11617609, 3.06462008])"
7266,7227,36619,"array([3.12940242, 3.01457407])"
7267,7227,43710,"array([3.19029365, 3.01675775])"
7268,7227,44787,"array([3.15492085, 3.03773217])"
7269,7227,43276,"array([3.12328436, 3.09106428])"
7270,7227,5740715,"array([3.15222433, 3.11506558])"
7271,7227,32462,"array([3.0724959 , 3.00315605])"
7272,7227,41303,"array([3.10350255, 3.02738881])"
7273,7227,36998,"array([3.10729549, 3.00933085])"
7274,7227,39175,"array([3.12326655, 3.03025387])"
7275,7227,41865,"array([3.12525948, 3.01920463])"
7276,7227,38815,"array([3.1229723 , 3.07815972])"
7277,7227,39944,"array([3.14201508, 2.9857064 ])"
7278,7227,32468,"array([3.21221169, 3.02674935])"
7279,7227,36479,"array([3.07817594, 3.02220603])"
7280,7227,36992,"array([3.14874185, 3.05392707])"
7281,7227,37497,"array([3.09605721, 3.01532855])"
7282,7227,38185,"array([3.1239346 , 3.05737791])"
7283,7227,32982,"array([3.08653142, 3.00614442])"
7284,7227,34727,"array([3.18788008, 3.00745108])"
7285,7227,40009,"array([3.11729346, 3.02984555])"
7286,7227,318947,"array([3.13046061, 3.05622534])"
7287,7227,33937,"array([3.18319223, 3.01966532])"
7288,7227,32474,"array([3.2135923 , 2.97491769])"
7289,7227,32475,"array([3.0872035 , 3.01124658])"
7290,7227,39079,"array([3.09582629, 2.98454834])"
7291,7227,40491,"array([3.08270396, 3.04217049])"
7292,7227,39365,"array([3.17989035, 3.06502007])"
7293,7227,32481,"array([3.1502291 , 3.10580826])"
7294,7227,39007,"array([3.07918911, 2.96645611])"
7295,7227,32483,"array([3.14493785, 3.07358332])"
7296,7227,42601,"array([3.14580416, 3.00640476])"
7297,7227,42883,"array([3.20210071, 3.03724579])"
7298,7227,33952,"array([3.1636027 , 3.06726092])"
7299,7227,318149,"array([3.10375768, 3.06590909])"
7300,7227,32490,"array([3.16345774, 3.05926931])"
7301,7227,32492,"array([3.15069875, 2.9711407 ])"
7302,7227,32493,"array([3.0997872 , 3.06698466])"
7303,7227,37790,"array([3.1733644 , 3.04386968])"
7304,7227,32497,"array([3.21678894, 3.07589088])"
7305,7227,39747,"array([3.12764801, 3.01165272])"
7306,7227,36878,"array([3.11834796, 3.05317717])"
7307,7227,48312,"array([3.12490249, 3.00275997])"
7308,7227,261631,"array([3.16837976, 3.06976231])"
7309,7227,41540,"array([3.18509549, 3.01665649])"
7310,7227,3885607,"array([3.08508792, 2.97329451])"
7311,7227,38068,"array([3.17131623, 2.98209113])"
7312,7227,38209,"array([3.12070276, 2.96826683])"
7313,7227,41230,"array([3.12630762, 2.99981814])"
7314,7227,42715,"array([3.11157661, 3.01671946])"
7315,7227,41997,"array([3.0766444, 3.0788654])"
7316,7227,32507,"array([3.10732368, 3.06694769])"
7317,7227,43084,"array([3.11103216, 2.99931754])"
7318,7227,32511,"array([3.0966096 , 2.98042838])"
7319,7227,34147,"array([3.0807309 , 2.96335397])"
7320,7227,35907,"array([3.06263992, 2.95121235])"
7321,7227,39543,"array([3.06598177, 2.9477655 ])"
7322,7227,39772,"array([3.11669543, 2.98240079])"
7323,7227,41353,"array([3.1362688 , 3.00052055])"
7324,7227,36031,"array([3.18304872, 2.93328036])"
7325,7227,36603,"array([3.18114699, 2.98523492])"
7326,7227,39874,"array([3.15861204, 2.95903216])"
7327,7227,40795,"array([3.15465303, 3.00399605])"
7328,7227,37685,"array([3.16227383, 3.04849068])"
7329,7227,43210,"array([3.17694947, 3.02375599])"
7330,7227,318700,"array([3.19772363, 3.0161172 ])"
7331,7227,33007,"array([3.10380595, 3.10625228])"
7332,7227,33190,"array([3.15560346, 3.00242602])"
7333,7227,34952,"array([3.09568402, 3.04576688])"
7334,7227,40202,"array([3.10014505, 3.1036582 ])"
7335,7227,42410,"array([3.08653289, 3.05836302])"
7336,7227,35588,"array([3.14790611, 3.04173055])"
7337,7227,37106,"array([3.15383135, 3.00657653])"
7338,7227,36948,"array([3.20019453, 3.01271646])"
7339,7227,37624,"array([3.09131635, 3.00851446])"
7340,7227,43036,"array([3.09436331, 2.99779031])"
7341,7227,3771965,"array([3.1012551 , 2.98815189])"
7342,7227,33254,"array([3.12054399, 3.06699179])"
7343,7227,37640,"array([3.12183859, 3.05495525])"
7344,7227,39592,"array([3.1807972 , 3.01129371])"
7345,7227,41931,"array([3.12677268, 3.03803764])"
7346,7227,39317,"array([3.13537621, 2.99920321])"
7347,7227,42296,"array([3.08485558, 3.01652599])"
7348,7227,42881,"array([3.17567233, 3.01587968])"
7349,7227,32521,"array([3.21515082, 2.95996618])"
7350,7227,42394,"array([3.12635541, 3.021165  ])"
7351,7227,32524,"array([3.08828727, 3.02230644])"
7352,7227,32525,"array([3.10086656, 3.0557697 ])"
7353,7227,32526,"array([3.16612209, 3.0965155 ])"
7354,7227,32528,"array([3.19212492, 3.04018855])"
7355,7227,43835,"array([3.17377958, 3.00056579])"
7356,7227,35297,"array([3.18499022, 3.00655647])"
7357,7227,36789,"array([3.16422051, 2.99137095])"
7358,7227,37608,"array([3.11105714, 3.06245688])"
7359,7227,43779,"array([3.09142493, 2.98807648])"
7360,7227,33162,"array([3.13652241, 3.0692347 ])"
7361,7227,36406,"array([3.13939353, 3.06450174])"
7362,7227,34295,"array([3.1795824 , 2.94602941])"
7363,7227,34589,"array([3.19337959, 2.99944813])"
7364,7227,34789,"array([3.18955953, 2.98077987])"
7365,7227,36129,"array([3.152434  , 3.01617288])"
7366,7227,38994,"array([3.17818125, 3.0086829 ])"
7367,7227,39029,"array([3.14594026, 2.96241265])"
7368,7227,39133,"array([3.12210221, 3.0130051 ])"
7369,7227,40044,"array([3.19136935, 2.95443378])"
7370,7227,40209,"array([3.18602223, 2.94886925])"
7371,7227,41116,"array([3.13183289, 3.07588993])"
7372,7227,41780,"array([3.15602302, 3.0468188 ])"
7373,7227,41967,"array([3.14567723, 3.00278432])"
7374,7227,32533,"array([3.11643478, 3.0101806 ])"
7375,7227,34875,"array([3.16123526, 3.00325288])"
7376,7227,37429,"array([3.17484359, 3.02131521])"
7377,7227,41183,"array([3.16477633, 3.0506595 ])"
7378,7227,42587,"array([3.14117232, 3.01380778])"
7379,7227,43517,"array([3.17199189, 3.03314653])"
7380,7227,44173,"array([3.17056854, 3.01797444])"
7381,7227,44291,"array([3.15098209, 3.03948965])"
7382,7227,3355144,"array([3.15767197, 3.02675305])"
7383,7227,32535,"array([3.18070032, 2.99582057])"
7384,7227,33337,"array([3.17990404, 3.00988378])"
7385,7227,50236,"array([3.17886666, 3.02038205])"
7386,7227,39521,"array([3.16332008, 3.08723314])"
7387,7227,32683,"array([3.10772183, 3.07319018])"
7388,7227,33402,"array([3.13427587, 3.02157401])"
7389,7227,33918,"array([3.15159224, 3.01534656])"
7390,7227,34282,"array([3.10344957, 3.04315581])"
7391,7227,35111,"array([3.11096493, 3.03850076])"
7392,7227,36285,"array([3.14047754, 3.05828938])"
7393,7227,36458,"array([3.11261851, 3.04526368])"
7394,7227,37385,"array([3.09557564, 3.04248934])"
7395,7227,38931,"array([3.13171964, 3.02359523])"
7396,7227,40925,"array([3.1007163 , 3.03672804])"
7397,7227,43446,"array([3.11536903, 3.06595387])"
7398,7227,43547,"array([3.11550459, 3.06004694])"
7399,7227,317962,"array([3.1084064 , 3.04350502])"
7400,7227,34657,"array([3.12295995, 3.00507768])"
7401,7227,35545,"array([3.09934127, 3.04265079])"
7402,7227,35792,"array([3.10871576, 3.05028444])"
7403,7227,36223,"array([3.09382702, 3.04261646])"
7404,7227,37289,"array([3.12249504, 3.01920926])"
7405,7227,37746,"array([3.12077796, 3.06475693])"
7406,7227,39123,"array([3.11558948, 3.03185351])"
7407,7227,39478,"array([3.10872897, 3.03855445])"
7408,7227,43117,"array([3.13785112, 3.05849349])"
7409,7227,32541,"array([3.03998795, 3.1991322 ])"
7410,7227,39057,"array([3.05311085, 3.17908349])"
7411,7227,32542,"array([3.1007126 , 2.96002944])"
7412,7227,36473,"array([3.13686079, 3.0507621 ])"
7413,7227,37417,"array([3.15734504, 3.05547756])"
7414,7227,32546,"array([3.21260526, 3.09901032])"
7415,7227,32549,"array([3.2156828, 2.9879688])"
7416,7227,43091,"array([3.1483725 , 3.01003948])"
7417,7227,32552,"array([3.2090652 , 3.02311628])"
7418,7227,39049,"array([3.16482226, 3.01597715])"
7419,7227,39414,"array([3.18321681, 3.05347744])"
7420,7227,37488,"array([3.18503107, 2.98576563])"
7421,7227,38192,"array([3.17198502, 3.10278658])"
7422,7227,40821,"array([3.19878886, 3.09208894])"
7423,7227,43200,"array([3.14831513, 3.01286924])"
7424,7227,318709,"array([3.16699781, 2.98538462])"
7425,7227,38807,"array([3.13898304, 3.06971003])"
7426,7227,43838,"array([3.23597329, 3.06953111])"
7427,7227,32564,"array([3.09877149, 3.02895013])"
7428,7227,34306,"array([3.09436373, 3.01543505])"
7429,7227,36087,"array([3.12888102, 3.07094423])"
7430,7227,32566,"array([3.1154289 , 3.05281914])"
7431,7227,32605,"array([3.08373235, 3.01957904])"
7432,7227,35270,"array([3.12194919, 2.97594118])"
7433,7227,40817,"array([3.18784926, 2.98183676])"
7434,7227,40833,"array([3.16676225, 3.0016217 ])"
7435,7227,40835,"array([3.15933243, 3.0013687 ])"
7436,7227,40992,"array([3.18327505, 2.94586012])"
7437,7227,42037,"array([3.16238495, 3.00798025])"
7438,7227,47763,"array([3.16222942, 3.00565903])"
7439,7227,319046,"array([3.19952021, 2.95845499])"
7440,7227,2768977,"array([3.18728234, 2.96685951])"
7441,7227,35112,"array([3.1589534 , 3.04385274])"
7442,7227,32570,"array([3.18852903, 3.0968394 ])"
7443,7227,32571,"array([3.11751929, 3.04004968])"
7444,7227,38653,"array([3.14110099, 3.0223165 ])"
7445,7227,40448,"array([3.1453433 , 2.98933841])"
7446,7227,32575,"array([3.21525096, 3.09365819])"
7447,7227,32576,"array([3.19631779, 3.06332103])"
7448,7227,34029,"array([3.18305988, 3.02153765])"
7449,7227,43981,"array([3.14117984, 2.99648621])"
7450,7227,33081,"array([3.19203113, 3.03061617])"
7451,7227,33251,"array([3.18779877, 3.07538532])"
7452,7227,36563,"array([3.1571328 , 3.07607289])"
7453,7227,37200,"array([3.17954001, 3.09165902])"
7454,7227,37569,"array([3.20305225, 3.03566718])"
7455,7227,40301,"array([3.14520151, 3.08642164])"
7456,7227,41598,"array([3.15943933, 2.98973358])"
7457,7227,42099,"array([3.16200854, 3.07621567])"
7458,7227,42343,"array([3.16558479, 3.08304134])"
7459,7227,43463,"array([3.16314404, 3.10842144])"
7460,7227,43900,"array([3.16946228, 3.0610143 ])"
7461,7227,59260,"array([3.19717784, 3.01957759])"
7462,7227,246569,"array([3.20093262, 3.07722239])"
7463,7227,317987,"array([3.15896667, 3.08473051])"
7464,7227,318578,"array([3.16457395, 3.08524767])"
7465,7227,3355111,"array([3.19054093, 3.04929358])"
7466,7227,34726,"array([3.13003817, 3.02174478])"
7467,7227,36506,"array([3.1394836 , 3.01191078])"
7468,7227,37165,"array([3.10855071, 3.00139378])"
7469,7227,41125,"array([3.13976632, 3.07392441])"
7470,7227,43431,"array([3.11390483, 3.0262701 ])"
7471,7227,32585,"array([3.10082393, 3.04987603])"
7472,7227,34786,"array([3.09127387, 3.03648362])"
7473,7227,5740185,"array([3.11953223, 3.06111726])"
7474,7227,34644,"array([3.16985668, 2.99197893])"
7475,7227,33790,"array([3.17590594, 3.02671534])"
7476,7227,35585,"array([3.07071171, 3.01667285])"
7477,7227,36893,"array([3.10912418, 3.006077  ])"
7478,7227,37282,"array([3.09331552, 3.01413646])"
7479,7227,37946,"array([3.12661738, 2.99658595])"
7480,7227,38758,"array([3.13280796, 2.98350315])"
7481,7227,41103,"array([3.14606433, 3.04743193])"
7482,7227,41109,"array([3.07097978, 3.01425463])"
7483,7227,41682,"array([3.13016307, 3.0195808 ])"
7484,7227,42024,"array([3.18067867, 2.99995108])"
7485,7227,48805,"array([3.16522815, 2.98142152])"
7486,7227,317963,"array([3.09087795, 3.03970642])"
7487,7227,3355138,"array([3.12672066, 3.00692412])"
7488,7227,3772140,"array([3.11418653, 2.99854449])"
7489,7227,32593,"array([3.14506758, 2.99916749])"
7490,7227,35196,"array([3.15610722, 3.00882436])"
7491,7227,39845,"array([3.12582598, 3.03829332])"
7492,7227,43548,"array([3.14466652, 3.06831055])"
7493,7227,32596,"array([3.11097297, 2.99556332])"
7494,7227,32598,"array([3.16434825, 3.07063854])"
7495,7227,32599,"array([3.09003936, 3.03017834])"
7496,7227,33395,"array([3.13968   , 3.10247257])"
7497,7227,38079,"array([3.1678525 , 3.04937305])"
7498,7227,38295,"array([3.17086211, 3.02875461])"
7499,7227,42530,"array([3.21085899, 3.07643981])"
7500,7227,8674091,"array([3.23493152, 2.9975411 ])"
7501,7227,38470,"array([3.09346641, 3.0361492 ])"
7502,7227,32606,"array([3.18658829, 2.96207371])"
7503,7227,42520,"array([3.13850859, 2.99320753])"
7504,7227,32609,"array([3.18754099, 3.10341479])"
7505,7227,32610,"array([3.20972968, 2.95446205])"
7506,7227,33447,"array([3.1979625 , 2.96499828])"
7507,7227,34907,"array([3.21559842, 3.03305659])"
7508,7227,35205,"array([3.15892325, 3.04887548])"
7509,7227,37248,"array([3.1590105 , 2.96996936])"
7510,7227,37303,"array([3.15958697, 3.01479623])"
7511,7227,39004,"array([3.17964873, 3.03901395])"
7512,7227,39438,"array([3.18157203, 2.9971528 ])"
7513,7227,42561,"array([3.15929184, 2.98441263])"
7514,7227,42923,"array([3.16463691, 2.96408995])"
7515,7227,44276,"array([3.17167158, 2.97888913])"
7516,7227,36642,"array([3.16325802, 3.01369288])"
7517,7227,33706,"array([3.15186939, 3.05406554])"
7518,7227,39580,"array([3.16181942, 3.08225185])"
7519,7227,3355097,"array([3.11748857, 3.05861158])"
7520,7227,35943,"array([3.22623379, 3.06098712])"
7521,7227,38098,"array([3.23401713, 3.07068041])"
7522,7227,40131,"array([3.20167651, 3.01216785])"
7523,7227,42356,"array([3.18768915, 3.01959047])"
7524,7227,42729,"array([3.23353588, 3.08742787])"
7525,7227,43317,"array([3.17770731, 3.08504624])"
7526,7227,45928,"array([3.15947446, 3.03819036])"
7527,7227,59215,"array([3.16918826, 3.06336965])"
7528,7227,3771984,"array([3.23201483, 3.07690221])"
7529,7227,33712,"array([3.12241563, 2.99138551])"
7530,7227,35661,"array([3.14562127, 3.05373993])"
7531,7227,40970,"array([3.09833491, 2.99890214])"
7532,7227,64874,"array([3.19878867, 3.04690492])"
7533,7227,32906,"array([3.1712072, 2.9718466])"
7534,7227,36881,"array([3.14451228, 3.01228089])"
7535,7227,41699,"array([3.17161918, 2.98844801])"
7536,7227,42788,"array([3.12543572, 3.00936966])"
7537,7227,59170,"array([3.14710657, 2.9673974 ])"
7538,7227,32839,"array([3.12683208, 3.06378345])"
7539,7227,33750,"array([3.11071934, 3.03270793])"
7540,7227,33820,"array([3.08778206, 3.03343263])"
7541,7227,33850,"array([3.12460318, 3.02118056])"
7542,7227,34139,"array([3.13244416, 3.00280518])"
7543,7227,34394,"array([3.15141426, 3.05677502])"
7544,7227,34450,"array([3.11856331, 3.05437423])"
7545,7227,35819,"array([3.10690337, 3.01253952])"
7546,7227,36210,"array([3.15192045, 3.00759719])"
7547,7227,36387,"array([3.11603853, 3.01376239])"
7548,7227,37259,"array([3.0996975 , 3.03326385])"
7549,7227,37970,"array([3.15162862, 3.01860233])"
7550,7227,38220,"array([3.11217046, 3.04377803])"
7551,7227,38547,"array([3.14652945, 3.01554908])"
7552,7227,40725,"array([3.15563805, 3.01249814])"
7553,7227,40985,"array([3.09435176, 3.03844576])"
7554,7227,41920,"array([3.17279821, 3.03483194])"
7555,7227,41954,"array([3.09817672, 3.03627189])"
7556,7227,42360,"array([3.08876045, 3.04398478])"
7557,7227,42380,"array([3.11485395, 3.05688228])"
7558,7227,42432,"array([3.11981135, 3.03588075])"
7559,7227,42750,"array([3.17209016, 3.02750836])"
7560,7227,42751,"array([3.11353329, 3.01872633])"
7561,7227,42754,"array([3.11801764, 3.0346253 ])"
7562,7227,42826,"array([3.10720778, 3.03189441])"
7563,7227,42885,"array([3.10996513, 3.02106572])"
7564,7227,43165,"array([3.10815367, 3.03968885])"
7565,7227,43425,"array([3.12415537, 3.06833425])"
7566,7227,43642,"array([3.10630242, 3.01578071])"
7567,7227,53585,"array([3.13778769, 3.01111843])"
7568,7227,318955,"array([3.11823476, 3.04431209])"
7569,7227,319030,"array([3.12686567, 3.06750874])"
7570,7227,319048,"array([3.12886384, 3.02518843])"
7571,7227,36124,"array([3.17023096, 2.98971198])"
7572,7227,37112,"array([3.11127167, 3.00862965])"
7573,7227,47878,"array([3.10661224, 3.04769853])"
7574,7227,317928,"array([3.14825115, 3.06699347])"
7575,7227,5740113,"array([3.12638799, 3.07113606])"
7576,7227,32625,"array([3.08426927, 3.05841155])"
7577,7227,32626,"array([3.0726594 , 2.99243486])"
7578,7227,34964,"array([3.20656822, 3.02547478])"
7579,7227,26067079,"array([3.23424191, 3.03642102])"
7580,7227,36797,"array([3.13128987, 3.01038062])"
7581,7227,41503,"array([3.12061829, 3.03248993])"
7582,7227,46234,"array([3.13102231, 3.00401655])"
7583,7227,32981,"array([3.16019929, 3.04694734])"
7584,7227,34425,"array([3.13013225, 3.01517535])"
7585,7227,43202,"array([3.15055187, 3.00728028])"
7586,7227,43400,"array([3.17402601, 3.07567815])"
7587,7227,32632,"array([3.11026648, 2.95960662])"
7588,7227,32633,"array([3.21829937, 3.09398044])"
7589,7227,35432,"array([3.10731059, 3.02763345])"
7590,7227,32909,"array([3.08643756, 3.06777166])"
7591,7227,33644,"array([3.16258334, 3.05803135])"
7592,7227,42173,"array([3.16754087, 3.00793757])"
7593,7227,45848,"array([3.16809867, 3.02546523])"
7594,7227,246397,"array([3.16423076, 3.01138623])"
7595,7227,32638,"array([3.11236592, 3.07631696])"
7596,7227,38710,"array([3.12331759, 3.05901264])"
7597,7227,59158,"array([3.08102245, 3.11344992])"
7598,7227,41964,"array([3.16091583, 2.99493939])"
7599,7227,32643,"array([3.07622136, 3.09326733])"
7600,7227,32646,"array([3.13133024, 3.00238343])"
7601,7227,37635,"array([3.11124906, 3.01883502])"
7602,7227,39957,"array([3.15167672, 3.0655575 ])"
7603,7227,32649,"array([3.11111284, 3.03536332])"
7604,7227,32650,"array([3.21691293, 3.00359767])"
7605,7227,32651,"array([3.08703403, 3.08222569])"
7606,7227,32654,"array([3.21033053, 3.07812904])"
7607,7227,32656,"array([3.15152231, 2.95821951])"
7608,7227,50416,"array([3.14145292, 2.98091145])"
7609,7227,32657,"array([3.06708457, 3.0049665 ])"
7610,7227,32663,"array([3.18123203, 3.01031211])"
7611,7227,7354398,"array([3.24045009, 2.99815927])"
7612,7227,32666,"array([3.10744907, 2.99971752])"
7613,7227,33956,"array([3.11676687, 2.97320936])"
7614,7227,32668,"array([3.09119951, 3.02228677])"
7615,7227,32670,"array([3.13826276, 3.0032944 ])"
7616,7227,34588,"array([3.15421292, 3.05429791])"
7617,7227,32671,"array([3.18320087, 3.08055143])"
7618,7227,32673,"array([3.08954056, 3.05157621])"
7619,7227,32676,"array([3.10859478, 3.03565786])"
7620,7227,35718,"array([3.11929564, 3.04044137])"
7621,7227,39037,"array([3.11164977, 3.01123486])"
7622,7227,41748,"array([3.13041513, 3.05752772])"
7623,7227,53435,"array([3.12393111, 3.01737933])"
7624,7227,2768946,"array([3.12810408, 3.05734828])"
7625,7227,32677,"array([3.1032911 , 3.07541938])"
7626,7227,34002,"array([3.11654616, 3.04037696])"
7627,7227,39550,"array([3.14137348, 3.07160447])"
7628,7227,39491,"array([3.1906343 , 3.03829651])"
7629,7227,42437,"array([3.20103002, 3.0082941 ])"
7630,7227,318226,"array([3.18829886, 2.97969162])"
7631,7227,34403,"array([3.13816574, 3.05206915])"
7632,7227,40146,"array([3.17972138, 2.96671417])"
7633,7227,48309,"array([3.19724765, 3.03736798])"
7634,7227,53522,"array([3.11618376, 3.05767934])"
7635,7227,32690,"array([3.12953976, 3.00139227])"
7636,7227,35248,"array([3.15190769, 3.02078143])"
7637,7227,39343,"array([3.04328807, 2.99921144])"
7638,7227,32694,"array([3.06520208, 3.03122321])"
7639,7227,34558,"array([3.19578671, 3.00910092])"
7640,7227,36125,"array([3.17507103, 3.0715271 ])"
7641,7227,37355,"array([3.16702702, 3.05195315])"
7642,7227,32705,"array([3.10993456, 3.00220648])"
7643,7227,32707,"array([3.20453785, 3.01976726])"
7644,7227,32711,"array([3.09059382, 3.01031272])"
7645,7227,43593,"array([3.07997716, 2.99215899])"
7646,7227,32716,"array([3.10752555, 3.0886268 ])"
7647,7227,32720,"array([3.11282271, 3.01127748])"
7648,7227,33752,"array([3.13069607, 3.0487504 ])"
7649,7227,34704,"array([3.0963551 , 3.02881822])"
7650,7227,36295,"array([3.09808891, 3.04427623])"
7651,7227,36613,"array([3.11337957, 3.01412614])"
7652,7227,37311,"array([3.12916985, 2.96726818])"
7653,7227,39633,"array([3.09120365, 3.00159345])"
7654,7227,40069,"array([3.1261758 , 3.04472045])"
7655,7227,33006,"array([3.14287293, 3.07286737])"
7656,7227,37398,"array([3.1032219 , 3.05451704])"
7657,7227,41145,"array([3.16269919, 2.99095257])"
7658,7227,32723,"array([3.16677493, 3.00035222])"
7659,7227,40324,"array([3.12678459, 3.07346117])"
7660,7227,36913,"array([3.13916728, 3.00242661])"
7661,7227,39048,"array([3.13131796, 3.02493256])"
7662,7227,40150,"array([3.12568373, 2.99190845])"
7663,7227,40420,"array([3.09253394, 3.06073109])"
7664,7227,33082,"array([3.18303943, 3.0428323 ])"
7665,7227,36661,"array([3.11522595, 2.99570759])"
7666,7227,37754,"array([3.16679347, 2.98940448])"
7667,7227,42213,"array([3.15692688, 2.97379428])"
7668,7227,44011,"array([3.13101893, 2.96815305])"
7669,7227,32741,"array([3.16069705, 3.02733473])"
7670,7227,246388,"array([3.13536674, 3.05821912])"
7671,7227,32743,"array([3.18819293, 3.0325069 ])"
7672,7227,39434,"array([3.12826626, 3.00243542])"
7673,7227,32747,"array([3.16835502, 3.1162147 ])"
7674,7227,33392,"array([3.18226071, 3.0129082 ])"
7675,7227,41979,"array([3.17406239, 3.11485187])"
7676,7227,35060,"array([3.11801264, 3.04348211])"
7677,7227,41339,"array([3.19463898, 3.03026485])"
7678,7227,41120,"array([3.18022998, 3.03364589])"
7679,7227,50002,"array([3.20578906, 3.03314969])"
7680,7227,32757,"array([3.17182681, 2.97691251])"
7681,7227,32758,"array([3.17831268, 3.00411924])"
7682,7227,38352,"array([3.20921957, 2.99514246])"
7683,7227,38205,"array([3.1524265 , 2.97585819])"
7684,7227,49165,"array([3.15879269, 3.07919827])"
7685,7227,32787,"array([3.16954988, 3.01777887])"
7686,7227,39522,"array([3.18742266, 3.02267722])"
7687,7227,39868,"array([3.23862119, 3.00083289])"
7688,7227,318992,"array([3.18523756, 3.01479266])"
7689,7227,3772265,"array([3.24003827, 3.00275507])"
7690,7227,32763,"array([3.16852885, 3.01463458])"
7691,7227,32845,"array([3.16411918, 2.99488854])"
7692,7227,35648,"array([3.18146353, 3.01725263])"
7693,7227,38367,"array([3.13556624, 3.01135687])"
7694,7227,39089,"array([3.15730416, 2.98433474])"
7695,7227,32766,"array([3.15353194, 3.03559268])"
7696,7227,37971,"array([3.09895448, 3.05710153])"
7697,7227,32768,"array([3.23819644, 3.01792709])"
7698,7227,35880,"array([3.15638588, 3.0575766 ])"
7699,7227,33131,"array([3.18422003, 3.018506  ])"
7700,7227,34161,"array([3.11935429, 3.01434668])"
7701,7227,35496,"array([3.18957745, 3.02125025])"
7702,7227,38182,"array([3.17544876, 2.9568826 ])"
7703,7227,39376,"array([3.12689029, 2.98597708])"
7704,7227,40182,"array([3.12898244, 3.01745492])"
7705,7227,42836,"array([3.16788307, 3.01094477])"
7706,7227,47399,"array([3.13446991, 3.0033929 ])"
7707,7227,34244,"array([3.1450124 , 2.99433889])"
7708,7227,35206,"array([3.12293637, 3.01203333])"
7709,7227,38695,"array([3.17946844, 3.00513194])"
7710,7227,40247,"array([3.08352116, 3.02373478])"
7711,7227,40984,"array([3.08662885, 3.0294371 ])"
7712,7227,41399,"array([3.17761926, 3.0317527 ])"
7713,7227,41734,"array([3.15060555, 2.98928243])"
7714,7227,32775,"array([3.15773896, 2.98227061])"
7715,7227,33228,"array([3.08776159, 3.03714954])"
7716,7227,34658,"array([3.12066048, 3.04989567])"
7717,7227,43105,"array([3.1512539 , 3.05986469])"
7718,7227,33748,"array([3.20503747, 3.01140438])"
7719,7227,53471,"array([3.21214302, 2.98712693])"
7720,7227,32786,"array([3.19730097, 2.96738257])"
7721,7227,35113,"array([3.16166957, 3.01294377])"
7722,7227,37560,"array([3.16813201, 3.0090179 ])"
7723,7227,38998,"array([3.17235269, 2.96497674])"
7724,7227,44855,"array([3.15769927, 2.9796637 ])"
7725,7227,34928,"array([3.12935678, 3.05432374])"
7726,7227,5740176,"array([3.17803857, 3.01467237])"
7727,7227,32791,"array([3.11535324, 3.01515332])"
7728,7227,3772383,"array([3.12133333, 3.06822853])"
7729,7227,32792,"array([3.18424578, 2.99803778])"
7730,7227,42954,"array([3.17557814, 3.02830653])"
7731,7227,33028,"array([3.16132497, 2.96920447])"
7732,7227,34908,"array([3.164905  , 3.00358711])"
7733,7227,35102,"array([3.14214843, 2.97373606])"
7734,7227,40490,"array([3.10505399, 2.9984695 ])"
7735,7227,41802,"array([3.11125259, 2.9770985 ])"
7736,7227,36195,"array([3.12678627, 3.06948332])"
7737,7227,37035,"array([3.2056122 , 2.99407441])"
7738,7227,246439,"array([3.16304831, 3.00732896])"
7739,7227,32800,"array([3.1803228 , 2.98114512])"
7740,7227,32801,"array([3.16359061, 2.95018996])"
7741,7227,32805,"array([3.07994605, 3.07761346])"
7742,7227,32806,"array([3.21394572, 3.0016334 ])"
7743,7227,32813,"array([3.12661815, 3.08262504])"
7744,7227,32816,"array([3.09589212, 2.96266952])"
7745,7227,34011,"array([3.10433777, 3.09267412])"
7746,7227,35946,"array([3.08334186, 3.09460618])"
7747,7227,32819,"array([3.10404085, 3.1018752 ])"
7748,7227,38510,"array([3.14480475, 3.08047562])"
7749,7227,32824,"array([3.21670926, 2.97959659])"
7750,7227,50123,"array([3.21665903, 2.97403594])"
7751,7227,32948,"array([3.16205399, 3.06019044])"
7752,7227,35971,"array([3.1254575 , 3.06740902])"
7753,7227,32831,"array([3.11709028, 3.11323148])"
7754,7227,38760,"array([3.11927846, 3.04264642])"
7755,7227,41575,"array([3.10607269, 2.96446922])"
7756,7227,44851,"array([3.18750842, 3.02076297])"
7757,7227,44355,"array([3.15903975, 3.05162025])"
7758,7227,33682,"array([3.10472344, 3.02708536])"
7759,7227,34387,"array([3.20548031, 3.02086456])"
7760,7227,36584,"array([3.16762272, 3.03611057])"
7761,7227,37128,"array([3.14509249, 3.0663308 ])"
7762,7227,40046,"array([3.18402493, 3.04267747])"
7763,7227,42266,"array([3.15654953, 2.98214165])"
7764,7227,42776,"array([3.13235394, 2.97843387])"
7765,7227,44679,"array([3.14201798, 3.06981347])"
7766,7227,45041,"array([3.16065664, 3.06348419])"
7767,7227,117499,"array([3.08120751, 3.01643805])"
7768,7227,246599,"array([3.11081453, 3.07302853])"
7769,7227,3355010,"array([3.1576349 , 2.96252439])"
7770,7227,3355134,"array([3.13428228, 3.06480355])"
7771,7227,3885598,"array([3.14582974, 2.96592424])"
7772,7227,5740462,"array([3.15605992, 2.98727819])"
7773,7227,32844,"array([3.11409568, 3.08922487])"
7774,7227,37336,"array([3.16068216, 2.98849378])"
7775,7227,34883,"array([3.15772955, 2.99323086])"
7776,7227,41894,"array([3.13491299, 3.00242509])"
7777,7227,32848,"array([3.14208979, 3.09125245])"
7778,7227,36054,"array([3.15615134, 3.01467023])"
7779,7227,36933,"array([3.21340549, 2.99949164])"
7780,7227,32851,"array([3.18161014, 3.01620146])"
7781,7227,36372,"array([3.17576755, 3.00590962])"
7782,7227,326135,"array([3.18458569, 3.02579574])"
7783,7227,2768679,"array([3.13668973, 3.04301096])"
7784,7227,32854,"array([3.28981092, 2.96621541])"
7785,7227,40188,"array([3.26004062, 2.98066313])"
7786,7227,33291,"array([3.20916531, 3.04985769])"
7787,7227,38534,"array([3.18233787, 3.03645975])"
7788,7227,39309,"array([3.13553201, 2.98006559])"
7789,7227,42341,"array([3.18068784, 3.01566644])"
7790,7227,43662,"array([3.20352224, 3.03047056])"
7791,7227,47080,"array([3.15797096, 2.98662088])"
7792,7227,32860,"array([3.05213576, 3.08561859])"
7793,7227,45845,"array([3.09226371, 3.06283731])"
7794,7227,32861,"array([3.14138889, 3.08094887])"
7795,7227,43612,"array([3.07625082, 2.93471151])"
7796,7227,32864,"array([3.10667759, 2.98702053])"
7797,7227,41097,"array([3.09433097, 3.00217816])"
7798,7227,39953,"array([3.18062389, 3.00844981])"
7799,7227,41122,"array([3.17306394, 2.9919691 ])"
7800,7227,3772367,"array([3.14620983, 3.00144299])"
7801,7227,41676,"array([3.20350022, 3.01062801])"
7802,7227,32874,"array([3.16301028, 2.94033   ])"
7803,7227,32875,"array([3.14056628, 2.98393588])"
7804,7227,49638,"array([3.16995701, 3.00345332])"
7805,7227,39894,"array([3.20915926, 3.06120818])"
7806,7227,42983,"array([3.20319933, 3.05014266])"
7807,7227,326131,"array([3.15241597, 3.11034389])"
7808,7227,32878,"array([3.10111175, 3.03246408])"
7809,7227,32882,"array([3.15758306, 3.11006816])"
7810,7227,32885,"array([3.16474364, 2.96001704])"
7811,7227,32888,"array([3.11772981, 2.9744435 ])"
7812,7227,32891,"array([3.12303583, 2.98396942])"
7813,7227,36000,"array([3.09489408, 2.9397999 ])"
7814,7227,36177,"array([3.10582565, 2.96673131])"
7815,7227,37719,"array([3.14009419, 2.9798295 ])"
7816,7227,38508,"array([3.12373453, 3.01475772])"
7817,7227,41164,"array([3.10230085, 3.00233992])"
7818,7227,49893,"array([3.1413314 , 2.99999257])"
7819,7227,50068,"array([3.17712059, 2.96722445])"
7820,7227,32894,"array([3.09674828, 3.10325345])"
7821,7227,39771,"array([3.11865799, 3.08930593])"
7822,7227,48445,"array([3.18868122, 3.04295142])"
7823,7227,32896,"array([3.12504194, 2.97599141])"
7824,7227,35004,"array([3.15304858, 3.00138943])"
7825,7227,32897,"array([3.15058583, 2.95123058])"
7826,7227,32926,"array([3.13242715, 3.06460761])"
7827,7227,33765,"array([3.09029296, 3.01494966])"
7828,7227,42653,"array([3.14413703, 3.05056382])"
7829,7227,43066,"array([3.12795159, 3.01409051])"
7830,7227,43083,"array([3.12385387, 3.07008618])"
7831,7227,46085,"array([3.1132707 , 3.04394206])"
7832,7227,32907,"array([3.22812865, 3.0286626 ])"
7833,7227,32908,"array([3.24041111, 3.05810258])"
7834,7227,32910,"array([3.17122972, 3.01143009])"
7835,7227,33776,"array([3.08200325, 3.03898219])"
7836,7227,32917,"array([3.19234408, 2.98174224])"
7837,7227,32918,"array([3.08046031, 2.97534   ])"
7838,7227,33710,"array([3.16363132, 3.0238023 ])"
7839,7227,34183,"array([3.17381665, 3.05110133])"
7840,7227,35127,"array([3.20461047, 3.00675939])"
7841,7227,37411,"array([3.18261679, 3.05913882])"
7842,7227,37462,"array([3.15913261, 3.05592622])"
7843,7227,37587,"array([3.14808833, 3.06929237])"
7844,7227,37873,"array([3.18514706, 3.03450176])"
7845,7227,39749,"array([3.17487967, 3.02640921])"
7846,7227,41995,"array([3.16689359, 3.02462051])"
7847,7227,42298,"array([3.09563103, 3.03354561])"
7848,7227,45360,"array([3.16713635, 3.06344357])"
7849,7227,45757,"array([3.14278604, 3.02105128])"
7850,7227,318977,"array([3.20020569, 3.06411379])"
7851,7227,326205,"array([3.18567615, 3.05487925])"
7852,7227,32920,"array([3.15757825, 3.06829464])"
7853,7227,41982,"array([3.13317536, 3.0193119 ])"
7854,7227,32924,"array([3.11322149, 3.07429418])"
7855,7227,50250,"array([3.13547722, 3.05685225])"
7856,7227,2768877,"array([3.13017024, 3.05984912])"
7857,7227,32928,"array([3.06951811, 3.01914714])"
7858,7227,32930,"array([3.09771693, 3.0298922 ])"
7859,7227,34582,"array([3.08715009, 3.02641285])"
7860,7227,34688,"array([3.09613602, 3.04952916])"
7861,7227,43729,"array([3.09641534, 3.02306325])"
7862,7227,246596,"array([3.12244831, 3.01829302])"
7863,7227,32937,"array([3.11807992, 3.09469408])"
7864,7227,32938,"array([3.18969377, 2.99741605])"
7865,7227,42324,"array([3.17202802, 3.00246351])"
7866,7227,32942,"array([3.13367852, 2.96949848])"
7867,7227,40012,"array([3.09493146, 3.01358431])"
7868,7227,32951,"array([3.15124773, 2.95561166])"
7869,7227,3346209,"array([3.15506287, 3.0000491 ])"
7870,7227,33512,"array([3.12356868, 3.05206138])"
7871,7227,34286,"array([3.16013172, 3.01941828])"
7872,7227,34783,"array([3.17786735, 3.02413257])"
7873,7227,36029,"array([3.1095328 , 3.05204407])"
7874,7227,36273,"array([3.10510077, 3.02080899])"
7875,7227,41383,"array([3.1647221 , 2.99247905])"
7876,7227,41835,"array([3.11560553, 3.03971223])"
7877,7227,246485,"array([3.11418387, 3.02939129])"
7878,7227,3772670,"array([3.17900843, 3.01692682])"
7879,7227,39984,"array([3.11328074, 3.09706233])"
7880,7227,43543,"array([3.1434164 , 3.00341386])"
7881,7227,43544,"array([3.13719341, 3.01008458])"
7882,7227,32958,"array([3.12970908, 2.98422529])"
7883,7227,43789,"array([3.16798939, 2.99582338])"
7884,7227,59177,"array([3.14993999, 3.08201301])"
7885,7227,246490,"array([3.1511527 , 3.08230834])"
7886,7227,32963,"array([3.20446313, 3.01654877])"
7887,7227,32964,"array([3.19477167, 3.04066692])"
7888,7227,32966,"array([3.18859175, 3.03940145])"
7889,7227,40683,"array([3.18186957, 3.02202167])"
7890,7227,43059,"array([3.15559923, 3.0561297 ])"
7891,7227,38187,"array([3.10310522, 3.03454545])"
7892,7227,32968,"array([3.07206155, 2.99986411])"
7893,7227,35709,"array([3.17065382, 3.05247831])"
7894,7227,46074,"array([3.15541988, 3.01996774])"
7895,7227,32972,"array([3.13304421, 2.95732614])"
7896,7227,40671,"array([3.13824863, 2.99535585])"
7897,7227,36319,"array([3.161249  , 3.07501133])"
7898,7227,36965,"array([3.10681541, 3.01065946])"
7899,7227,37119,"array([3.16929148, 3.00553521])"
7900,7227,37302,"array([3.21931018, 3.03698565])"
7901,7227,38177,"array([3.20771284, 3.03561356])"
7902,7227,38891,"array([3.16666272, 3.00349262])"
7903,7227,41362,"array([3.20613779, 3.06544037])"
7904,7227,46017,"array([3.17424315, 3.05524227])"
7905,7227,32974,"array([3.15607759, 3.07488576])"
7906,7227,33667,"array([3.12796855, 3.09277178])"
7907,7227,34432,"array([3.12745316, 3.07648317])"
7908,7227,37548,"array([3.16504705, 2.98868162])"
7909,7227,3346149,"array([3.17050338, 3.06563521])"
7910,7227,33829,"array([3.14841869, 2.96145807])"
7911,7227,34758,"array([3.11308073, 3.00022188])"
7912,7227,39795,"array([3.1628789 , 2.97775401])"
7913,7227,39797,"array([3.15219386, 2.97210344])"
7914,7227,40113,"array([3.18268997, 2.99613677])"
7915,7227,40115,"array([3.12193109, 3.03166362])"
7916,7227,42970,"array([3.14497924, 2.99325707])"
7917,7227,43679,"array([3.19789925, 2.97507842])"
7918,7227,117462,"array([3.0924685 , 3.04927247])"
7919,7227,34393,"array([3.10795347, 3.02610017])"
7920,7227,34699,"array([3.10982844, 3.01605014])"
7921,7227,34710,"array([3.12208159, 2.99482063])"
7922,7227,34891,"array([3.08915418, 3.01698829])"
7923,7227,35974,"array([3.19414934, 3.00529661])"
7924,7227,36023,"array([3.17352522, 2.99388601])"
7925,7227,36243,"array([3.1183997 , 3.01245274])"
7926,7227,37379,"array([3.15901436, 3.06889182])"
7927,7227,38153,"array([3.15084654, 3.04320646])"
7928,7227,38661,"array([3.15176357, 2.98516784])"
7929,7227,38733,"array([3.18203238, 3.02954326])"
7930,7227,39979,"array([3.19021795, 3.02673931])"
7931,7227,41981,"array([3.19611515, 3.01697588])"
7932,7227,42289,"array([3.16119241, 3.0775281 ])"
7933,7227,42680,"array([3.17215393, 3.02244845])"
7934,7227,43012,"array([3.15482232, 3.04720907])"
7935,7227,43435,"array([3.17367762, 2.98004104])"
7936,7227,3771960,"array([3.16092709, 3.08096243])"
7937,7227,8673992,"array([3.17419972, 3.02725493])"
7938,7227,37858,"array([3.18801125, 3.08982022])"
7939,7227,44111,"array([3.15581319, 3.06239535])"
7940,7227,318935,"array([3.19077684, 2.98704249])"
7941,7227,8673977,"array([3.08701192, 2.99211562])"
7942,7227,32989,"array([3.11804281, 3.01981787])"
7943,7227,35986,"array([3.08490885, 3.0222928 ])"
7944,7227,46040,"array([3.10237141, 3.03205442])"
7945,7227,19893533,"array([3.09675725, 3.0448213 ])"
7946,7227,32990,"array([3.19065867, 3.01169006])"
7947,7227,32991,"array([3.21274253, 3.03870519])"
7948,7227,32992,"array([3.14188109, 3.00644807])"
7949,7227,34215,"array([3.16692188, 3.03494759])"
7950,7227,42053,"array([3.16712115, 2.99832428])"
7951,7227,32993,"array([3.12793362, 3.01757809])"
7952,7227,32994,"array([3.16828608, 2.99354823])"
7953,7227,32997,"array([3.09203955, 3.03008586])"
7954,7227,33001,"array([3.12255403, 3.00200268])"
7955,7227,33003,"array([3.1348618 , 3.06263968])"
7956,7227,33004,"array([3.13110967, 2.95734355])"
7957,7227,35500,"array([3.15337714, 3.10409148])"
7958,7227,36253,"array([3.11750042, 3.09720579])"
7959,7227,33011,"array([3.06580276, 3.05428635])"
7960,7227,37510,"array([3.18173284, 2.99866038])"
7961,7227,42455,"array([3.16708771, 2.98194478])"
7962,7227,42547,"array([3.16873112, 2.98823318])"
7963,7227,33014,"array([3.16910787, 3.03752426])"
7964,7227,35359,"array([3.17651755, 3.07073329])"
7965,7227,36127,"array([3.15047203, 3.01438217])"
7966,7227,34015,"array([3.13064653, 3.0673483 ])"
7967,7227,36641,"array([3.17826879, 3.04800206])"
7968,7227,39067,"array([3.15667511, 3.09832328])"
7969,7227,39856,"array([3.13397954, 3.07569762])"
7970,7227,36471,"array([3.09057947, 3.02022481])"
7971,7227,39736,"array([3.15835275, 2.97749552])"
7972,7227,42872,"array([3.10301937, 3.03615851])"
7973,7227,33018,"array([3.18181315, 3.0020219 ])"
7974,7227,33928,"array([3.19584796, 2.99736641])"
7975,7227,35999,"array([3.1048897 , 3.03653245])"
7976,7227,37972,"array([3.10876929, 3.05409473])"
7977,7227,40299,"array([3.12533804, 3.01824205])"
7978,7227,41525,"array([3.09442935, 3.05327774])"
7979,7227,42061,"array([3.10483981, 3.05495671])"
7980,7227,43007,"array([3.12158348, 3.0851636 ])"
7981,7227,33022,"array([3.08712145, 2.9562052 ])"
7982,7227,47137,"array([3.09198472, 2.97726665])"
7983,7227,33024,"array([3.17863671, 3.08927988])"
7984,7227,40361,"array([3.18184614, 3.03740628])"
7985,7227,246529,"array([3.08117833, 3.02513468])"
7986,7227,33026,"array([3.12879999, 3.08481531])"
7987,7227,37547,"array([3.17981681, 2.97062908])"
7988,7227,33029,"array([3.1177089 , 3.07511123])"
7989,7227,33031,"array([3.14859154, 2.99641596])"
7990,7227,42421,"array([3.1564424 , 3.02906313])"
7991,7227,43217,"array([3.10717364, 3.03405666])"
7992,7227,38362,"array([3.11556301, 3.01868285])"
7993,7227,40831,"array([3.13831169, 3.01033018])"
7994,7227,43844,"array([3.17728862, 3.00411902])"
7995,7227,33038,"array([3.07981525, 3.069593  ])"
7996,7227,41293,"array([3.16929981, 3.03869156])"
7997,7227,40001,"array([3.15248413, 2.97707074])"
7998,7227,33044,"array([3.17006153, 3.07956396])"
7999,7227,3772552,"array([3.20312971, 3.05775701])"
8000,7227,33046,"array([3.15801381, 3.09084241])"
8001,7227,33047,"array([3.11829701, 2.98566325])"
8002,7227,33049,"array([3.11547275, 2.98954335])"
8003,7227,40758,"array([3.09374743, 2.98541001])"
8004,7227,33051,"array([3.23268307, 3.012428  ])"
8005,7227,42268,"array([3.24352988, 3.0271103 ])"
8006,7227,33057,"array([3.19783786, 2.94313742])"
8007,7227,33058,"array([3.12236471, 2.98248644])"
8008,7227,35737,"array([3.12052606, 2.97734701])"
8009,7227,39857,"array([3.1803755 , 2.99324832])"
8010,7227,41390,"array([3.14788523, 2.99228836])"
8011,7227,50259,"array([3.18676443, 3.01061964])"
8012,7227,50289,"array([3.14722732, 3.05178086])"
8013,7227,59137,"array([3.12838702, 2.98093711])"
8014,7227,2768962,"array([3.14212162, 2.94466882])"
8015,7227,33061,"array([3.19446562, 2.95873207])"
8016,7227,39038,"array([3.14394299, 2.9991005 ])"
8017,7227,33064,"array([3.2157854 , 3.01147072])"
8018,7227,2768688,"array([3.11268411, 3.09408815])"
8019,7227,33068,"array([3.12051562, 3.07613539])"
8020,7227,33072,"array([3.1603526 , 2.98171619])"
8021,7227,33074,"array([3.04756568, 2.99768969])"
8022,7227,33075,"array([3.09895909, 3.00053163])"
8023,7227,33653,"array([3.07031248, 3.0548731 ])"
8024,7227,34576,"array([3.08754495, 3.04265482])"
8025,7227,34650,"array([3.10245997, 3.05190764])"
8026,7227,36648,"array([3.10145958, 3.05397158])"
8027,7227,36825,"array([3.14885724, 3.03561251])"
8028,7227,37694,"array([3.08174015, 3.04377683])"
8029,7227,38546,"array([3.12028975, 3.05596686])"
8030,7227,40565,"array([3.11457044, 3.05918338])"
8031,7227,40668,"array([3.10938866, 3.02809048])"
8032,7227,40853,"array([3.09500563, 3.03232076])"
8033,7227,41228,"array([3.10986498, 3.02949753])"
8034,7227,41357,"array([3.15339404, 2.99974229])"
8035,7227,43289,"array([3.10907162, 3.04702436])"
8036,7227,44058,"array([3.10279465, 3.03308795])"
8037,7227,48316,"array([3.17207976, 3.03531656])"
8038,7227,48337,"array([3.11605935, 3.04465572])"
8039,7227,117460,"array([3.11606155, 3.05629871])"
8040,7227,246588,"array([3.1413583 , 3.05296012])"
8041,7227,251610,"array([3.08877225, 3.02654702])"
8042,7227,318950,"array([3.11136979, 3.04721601])"
8043,7227,326182,"array([3.14951834, 2.98906398])"
8044,7227,34271,"array([3.1000162 , 3.08466339])"
8045,7227,35616,"array([3.07677005, 3.02941197])"
8046,7227,42596,"array([3.14372249, 3.01113136])"
8047,7227,33079,"array([3.08338829, 3.0048099 ])"
8048,7227,38886,"array([3.18347729, 3.03833953])"
8049,7227,33083,"array([3.10327736, 3.00982021])"
8050,7227,33088,"array([3.13309403, 3.07681881])"
8051,7227,33090,"array([3.12401618, 3.10010386])"
8052,7227,33094,"array([3.153848  , 2.99120611])"
8053,7227,36373,"array([3.17644207, 2.99769111])"
8054,7227,3885637,"array([3.10239987, 3.05613122])"
8055,7227,33101,"array([3.19925922, 3.00050468])"
8056,7227,33102,"array([3.18284231, 3.10541802])"
8057,7227,33103,"array([3.19332427, 3.10460921])"
8058,7227,36938,"array([3.11489607, 3.02717343])"
8059,7227,42210,"array([3.15610005, 2.98591911])"
8060,7227,42240,"array([3.19256933, 3.03508784])"
8061,7227,42850,"array([3.11114398, 3.07470681])"
8062,7227,49427,"array([3.12328828, 3.01560793])"
8063,7227,36159,"array([3.08159442, 3.05821019])"
8064,7227,36843,"array([3.06744539, 3.04138693])"
8065,7227,42794,"array([3.12911586, 3.00591309])"
8066,7227,34404,"array([3.17317789, 2.98800746])"
8067,7227,35026,"array([3.17554425, 3.00492537])"
8068,7227,43990,"array([3.18552129, 2.99337064])"
8069,7227,44496,"array([3.14947072, 3.01226142])"
8070,7227,41316,"array([3.16267251, 3.06085605])"
8071,7227,41567,"array([3.17383287, 3.10375346])"
8072,7227,42731,"array([3.17251759, 3.06233783])"
8073,7227,39776,"array([3.14295503, 3.08055245])"
8074,7227,40176,"array([3.16704955, 3.03151857])"
8075,7227,41365,"array([3.1439362 , 3.01539939])"
8076,7227,33120,"array([3.15132768, 2.98804294])"
8077,7227,41926,"array([3.1794771 , 2.98743624])"
8078,7227,40642,"array([3.21570231, 3.00525972])"
8079,7227,41080,"array([3.16550568, 2.99007949])"
8080,7227,40800,"array([3.13949463, 2.97688807])"
8081,7227,8674044,"array([3.14047556, 2.94000073])"
8082,7227,33126,"array([3.10080211, 2.94475862])"
8083,7227,33127,"array([3.10327129, 3.08513473])"
8084,7227,33128,"array([3.15532581, 3.11890202])"
8085,7227,35020,"array([3.08787064, 2.97619374])"
8086,7227,40447,"array([3.20269875, 3.03348588])"
8087,7227,33130,"array([3.16049788, 3.13647629])"
8088,7227,37122,"array([3.17571657, 3.1351779 ])"
8089,7227,33133,"array([3.08893693, 3.05834422])"
8090,7227,35621,"array([3.15861604, 2.9713828 ])"
8091,7227,40866,"array([3.07545556, 3.03741361])"
8092,7227,33610,"array([3.19040532, 3.03341499])"
8093,7227,36341,"array([3.18839036, 3.05732487])"
8094,7227,34451,"array([3.15785425, 3.07766739])"
8095,7227,35386,"array([3.18934527, 3.0417543 ])"
8096,7227,38542,"array([3.18952366, 3.05585126])"
8097,7227,40546,"array([3.14617581, 3.01882226])"
8098,7227,42183,"array([3.18409326, 3.05274908])"
8099,7227,44326,"array([3.15820346, 3.06719784])"
8100,7227,53443,"array([3.14192331, 3.0055087 ])"
8101,7227,318016,"array([3.15818828, 3.07328259])"
8102,7227,3355136,"array([3.18120566, 3.02714958])"
8103,7227,7354437,"array([3.16269468, 3.10421652])"
8104,7227,33140,"array([3.11691315, 3.01664791])"
8105,7227,326142,"array([3.13854493, 3.05487724])"
8106,7227,33141,"array([3.12734405, 2.97080527])"
8107,7227,33347,"array([3.102274  , 3.02878671])"
8108,7227,41102,"array([3.15527689, 3.00687729])"
8109,7227,37586,"array([3.16674169, 2.97583955])"
8110,7227,33144,"array([3.14766493, 3.08676806])"
8111,7227,35384,"array([3.13811732, 3.0012482 ])"
8112,7227,35896,"array([3.09685052, 2.97750519])"
8113,7227,36180,"array([3.10776204, 3.01421891])"
8114,7227,36815,"array([3.11543033, 3.0128255 ])"
8115,7227,37371,"array([3.15894277, 2.99266161])"
8116,7227,37578,"array([3.11833685, 2.99132997])"
8117,7227,38724,"array([3.09319269, 3.01819472])"
8118,7227,39709,"array([3.06998798, 2.99294061])"
8119,7227,40598,"array([3.08337656, 3.05516571])"
8120,7227,41359,"array([3.10135264, 2.99342205])"
8121,7227,41661,"array([3.08921395, 3.01865476])"
8122,7227,41726,"array([3.07388271, 2.98735903])"
8123,7227,42382,"array([3.13044114, 2.97292508])"
8124,7227,48373,"array([3.14215512, 2.98214884])"
8125,7227,118436,"array([3.1349347 , 3.07894997])"
8126,7227,326226,"array([3.13266291, 2.9915399 ])"
8127,7227,33155,"array([3.23529747, 3.08131079])"
8128,7227,37225,"array([3.26838771, 3.10009167])"
8129,7227,40280,"array([3.18019599, 2.9686354 ])"
8130,7227,36064,"array([3.16591891, 3.00001741])"
8131,7227,44317,"array([3.129609  , 3.01715341])"
8132,7227,33167,"array([3.21363776, 3.03335051])"
8133,7227,33169,"array([3.13459341, 2.96224815])"
8134,7227,33170,"array([3.15201349, 3.06985619])"
8135,7227,38422,"array([3.12880358, 3.06764348])"
8136,7227,39493,"array([3.12223156, 3.10430144])"
8137,7227,34872,"array([3.11788231, 3.04891832])"
8138,7227,40307,"array([3.10946572, 3.04928999])"
8139,7227,40909,"array([3.13003895, 3.07146728])"
8140,7227,53502,"array([3.14053798, 3.06465686])"
8141,7227,35213,"array([3.10937196, 3.05794007])"
8142,7227,35511,"array([3.12057613, 3.08795581])"
8143,7227,33174,"array([3.19165414, 3.03622657])"
8144,7227,45040,"array([3.11978072, 3.02276145])"
8145,7227,42132,"array([3.10184364, 3.02000296])"
8146,7227,33187,"array([3.20235969, 3.10064451])"
8147,7227,33193,"array([3.12807295, 2.97236511])"
8148,7227,33195,"array([3.07813974, 2.98959932])"
8149,7227,39523,"array([3.11932759, 2.99884389])"
8150,7227,42509,"array([3.17875989, 3.03618195])"
8151,7227,3355126,"array([3.10638613, 3.03870689])"
8152,7227,33197,"array([3.08121513, 3.00429492])"
8153,7227,33198,"array([3.09298582, 3.03935072])"
8154,7227,33199,"array([3.10100941, 3.03084403])"
8155,7227,34482,"array([3.20268353, 3.08499946])"
8156,7227,35688,"array([3.14992769, 2.98313463])"
8157,7227,37562,"array([3.11672163, 3.01965829])"
8158,7227,34981,"array([3.12630647, 3.08830873])"
8159,7227,35362,"array([3.18099498, 3.05073238])"
8160,7227,35375,"array([3.09724021, 2.99742724])"
8161,7227,36761,"array([3.13280916, 3.09026657])"
8162,7227,36868,"array([3.0974575 , 3.05822072])"
8163,7227,37181,"array([3.13663292, 2.98508419])"
8164,7227,37775,"array([3.12522091, 3.08120596])"
8165,7227,38500,"array([3.0949253 , 3.06392952])"
8166,7227,38763,"array([3.15434377, 3.07989506])"
8167,7227,40918,"array([3.10431323, 3.03031767])"
8168,7227,41204,"array([3.09889525, 3.0775324 ])"
8169,7227,41595,"array([3.1431187 , 3.08973656])"
8170,7227,43411,"array([3.08168353, 3.08249802])"
8171,7227,49804,"array([3.09797316, 3.02022024])"
8172,7227,53510,"array([3.09650329, 3.06991243])"
8173,7227,42074,"array([3.0862781 , 3.03439873])"
8174,7227,35781,"array([3.17001858, 3.05769019])"
8175,7227,37961,"array([3.16835121, 3.035685  ])"
8176,7227,33213,"array([3.07626846, 3.01680778])"
8177,7227,36943,"array([3.13718175, 2.98958925])"
8178,7227,40071,"array([3.12565256, 2.9640397 ])"
8179,7227,41433,"array([3.18632344, 2.9998473 ])"
8180,7227,33219,"array([3.08452461, 2.96079578])"
8181,7227,38174,"array([3.18452681, 3.01024251])"
8182,7227,37763,"array([3.12934881, 3.02093888])"
8183,7227,42820,"array([3.14932388, 2.98036169])"
8184,7227,59145,"array([3.1568618 , 2.99426373])"
8185,7227,33224,"array([3.15672632, 3.00076893])"
8186,7227,33475,"array([3.1842332 , 2.99081469])"
8187,7227,34468,"array([3.10926307, 2.97684482])"
8188,7227,34678,"array([3.20597536, 3.00790856])"
8189,7227,35365,"array([3.10340025, 3.03099097])"
8190,7227,36191,"array([3.09155213, 3.00481535])"
8191,7227,37095,"array([3.13700968, 2.96445261])"
8192,7227,37125,"array([3.12040244, 2.9563276 ])"
8193,7227,37456,"array([3.12083218, 2.9917512 ])"
8194,7227,38571,"array([3.19891819, 3.00555461])"
8195,7227,38935,"array([3.12046119, 2.95376213])"
8196,7227,39068,"array([3.12733011, 3.05981037])"
8197,7227,41452,"array([3.12552785, 2.98783614])"
8198,7227,43714,"array([3.15715505, 2.95729153])"
8199,7227,50107,"array([3.13340329, 2.98137809])"
8200,7227,33227,"array([3.08964818, 3.08663467])"
8201,7227,33628,"array([3.12161667, 3.07470943])"
8202,7227,36577,"array([3.10602134, 3.0686699 ])"
8203,7227,36857,"array([3.10880809, 3.06211462])"
8204,7227,37244,"array([3.11916656, 3.05901786])"
8205,7227,43757,"array([3.09793592, 3.02194645])"
8206,7227,318747,"array([3.11319896, 3.01551042])"
8207,7227,34056,"array([3.06886983, 2.97752473])"
8208,7227,33567,"array([3.12755449, 3.0193304 ])"
8209,7227,35235,"array([3.20035335, 3.05139861])"
8210,7227,35828,"array([3.14868197, 3.08186123])"
8211,7227,36254,"array([3.17902963, 3.05595641])"
8212,7227,36469,"array([3.17168339, 3.06674405])"
8213,7227,38277,"array([3.15936544, 3.08196669])"
8214,7227,39783,"array([3.18456715, 3.0901194 ])"
8215,7227,39947,"array([3.20020268, 3.06788186])"
8216,7227,40196,"array([3.12795612, 3.08677775])"
8217,7227,40313,"array([3.10610837, 3.06266516])"
8218,7227,41279,"array([3.19845211, 3.04491286])"
8219,7227,41387,"array([3.20058578, 3.03891915])"
8220,7227,42030,"array([3.18165293, 3.08053817])"
8221,7227,50252,"array([3.20761328, 3.06685169])"
8222,7227,34227,"array([3.13410614, 2.9489192 ])"
8223,7227,33241,"array([3.08976369, 3.04542124])"
8224,7227,37014,"array([3.18510002, 3.03137437])"
8225,7227,39444,"array([3.15402591, 3.10897141])"
8226,7227,33249,"array([3.09357465, 2.98760658])"
8227,7227,3772412,"array([3.085048  , 3.09727806])"
8228,7227,40030,"array([3.18670662, 3.02123263])"
8229,7227,33256,"array([3.16526787, 2.98398425])"
8230,7227,33258,"array([3.11540472, 3.04929147])"
8231,7227,34774,"array([3.17479271, 3.00761743])"
8232,7227,41502,"array([3.10420357, 3.05272089])"
8233,7227,33260,"array([3.17673473, 3.03261801])"
8234,7227,33318,"array([3.18619024, 3.00650324])"
8235,7227,37689,"array([3.15303115, 3.06737906])"
8236,7227,37521,"array([3.11433651, 3.0145514 ])"
8237,7227,38160,"array([3.14899112, 3.05002041])"
8238,7227,34762,"array([3.08496911, 3.05616994])"
8239,7227,35292,"array([3.15876731, 3.0595291 ])"
8240,7227,38104,"array([3.19950252, 3.03081019])"
8241,7227,326157,"array([3.16470545, 3.05771031])"
8242,7227,34155,"array([3.06020547, 2.99651522])"
8243,7227,40159,"array([3.10046937, 2.98983837])"
8244,7227,39531,"array([3.13118295, 2.97750233])"
8245,7227,39650,"array([3.16561675, 3.05837128])"
8246,7227,39840,"array([3.12143976, 2.98116346])"
8247,7227,40948,"array([3.13596355, 3.07759465])"
8248,7227,40963,"array([3.13369977, 3.0007291 ])"
8249,7227,43171,"array([3.1427539 , 2.97538232])"
8250,7227,50209,"array([3.19517143, 3.01220303])"
8251,7227,39655,"array([3.14740347, 3.0530072 ])"
8252,7227,42955,"array([3.08095306, 3.05279914])"
8253,7227,33276,"array([3.24219147, 3.05055823])"
8254,7227,35408,"array([3.20855013, 3.04768021])"
8255,7227,35981,"array([3.16590858, 3.06073049])"
8256,7227,38646,"array([3.11581934, 3.07259288])"
8257,7227,38999,"array([3.12613086, 3.02491357])"
8258,7227,59151,"array([3.14955144, 3.10776886])"
8259,7227,4379885,"array([3.17951536, 3.0357546 ])"
8260,7227,35316,"array([3.10488006, 3.04110794])"
8261,7227,33284,"array([3.22593613, 3.01465489])"
8262,7227,49808,"array([3.17044275, 2.96738988])"
8263,7227,42377,"array([3.21318869, 2.9410165 ])"
8264,7227,38463,"array([3.13494064, 3.0665168 ])"
8265,7227,39436,"array([3.11763497, 3.05418774])"
8266,7227,3772056,"array([3.13594783, 3.08667738])"
8267,7227,33294,"array([3.17163268, 2.927223  ])"
8268,7227,40509,"array([3.15935467, 2.98080598])"
8269,7227,35396,"array([3.15564867, 3.04766668])"
8270,7227,41628,"array([3.13921841, 2.99923043])"
8271,7227,39763,"array([3.16259977, 3.04647837])"
8272,7227,43506,"array([3.13499744, 3.07260884])"
8273,7227,33301,"array([3.10870121, 2.99257142])"
8274,7227,39796,"array([3.14604649, 2.99019666])"
8275,7227,33306,"array([3.12256964, 3.0091929 ])"
8276,7227,39098,"array([3.11840464, 3.05704172])"
8277,7227,33312,"array([3.22289241, 3.00040604])"
8278,7227,33313,"array([3.22673629, 3.01226741])"
8279,7227,37334,"array([3.20182012, 3.0167668 ])"
8280,7227,33321,"array([3.01998716, 2.99087796])"
8281,7227,41401,"array([3.05674605, 3.00064584])"
8282,7227,33324,"array([3.13042823, 3.07009215])"
8283,7227,33325,"array([3.06846673, 3.02460147])"
8284,7227,33331,"array([3.18571705, 2.96869518])"
8285,7227,43762,"array([3.18727755, 2.95210749])"
8286,7227,33333,"array([3.22593621, 2.97333782])"
8287,7227,33334,"array([3.09547011, 3.07533518])"
8288,7227,33335,"array([3.08778915, 3.06586281])"
8289,7227,34494,"array([3.14409975, 3.06376443])"
8290,7227,34806,"array([3.06937277, 3.06352299])"
8291,7227,40650,"array([3.1199006 , 3.04333982])"
8292,7227,42514,"array([3.07261222, 3.03584949])"
8293,7227,33336,"array([3.11509079, 3.08400059])"
8294,7227,33338,"array([3.13378234, 3.08197918])"
8295,7227,33339,"array([3.22718876, 3.08463155])"
8296,7227,43397,"array([3.19688943, 2.99528941])"
8297,7227,35674,"array([3.13918235, 3.06021959])"
8298,7227,37010,"array([3.10840076, 3.03280188])"
8299,7227,39001,"array([3.12840858, 2.98962325])"
8300,7227,39147,"array([3.17368803, 3.00534656])"
8301,7227,39567,"array([3.15001438, 3.01493767])"
8302,7227,39598,"array([3.09552397, 3.03001993])"
8303,7227,41167,"array([3.12575086, 3.06535161])"
8304,7227,41254,"array([3.1532008 , 2.97474748])"
8305,7227,41662,"array([3.12525028, 2.99805355])"
8306,7227,117300,"array([3.11150554, 3.03185033])"
8307,7227,326220,"array([3.10645046, 3.05248283])"
8308,7227,3355089,"array([3.09707849, 2.98806206])"
8309,7227,36013,"array([3.19755598, 3.03598343])"
8310,7227,38230,"array([3.15191209, 3.1022837 ])"
8311,7227,39065,"array([3.12650964, 3.04081667])"
8312,7227,40823,"array([3.11196119, 3.057193  ])"
8313,7227,33356,"array([3.07797896, 3.10804214])"
8314,7227,33359,"array([3.21530372, 3.05194755])"
8315,7227,35658,"array([3.09457227, 2.94715871])"
8316,7227,59169,"array([3.10838069, 2.98247142])"
8317,7227,33927,"array([3.17109565, 2.9911559 ])"
8318,7227,37823,"array([3.11719042, 3.00634159])"
8319,7227,42097,"array([3.17661825, 2.97212086])"
8320,7227,59157,"array([3.12481062, 2.99371348])"
8321,7227,59173,"array([3.16525254, 2.98755518])"
8322,7227,3355145,"array([3.11049524, 2.94548631])"
8323,7227,33369,"array([3.09695293, 3.0430186 ])"
8324,7227,38773,"array([3.13300033, 3.00480868])"
8325,7227,33377,"array([3.07013277, 3.00018937])"
8326,7227,37939,"array([3.11422167, 3.01977494])"
8327,7227,39610,"array([3.13635511, 3.06796506])"
8328,7227,33385,"array([3.06594351, 2.98915828])"
8329,7227,40626,"array([3.17552448, 3.06988433])"
8330,7227,37999,"array([3.10227089, 3.05024387])"
8331,7227,43132,"array([3.13335143, 2.97666847])"
8332,7227,50227,"array([3.18449969, 2.99214067])"
8333,7227,59149,"array([3.10537398, 3.05078114])"
8334,7227,37149,"array([3.20729185, 2.97433427])"
8335,7227,33396,"array([3.20549934, 3.05753022])"
8336,7227,33398,"array([3.12847832, 3.07326162])"
8337,7227,34540,"array([3.07262442, 3.08793189])"
8338,7227,3772305,"array([3.0748069 , 3.09092083])"
8339,7227,42505,"array([3.11054453, 3.00097605])"
8340,7227,3355150,"array([3.1687095 , 3.05679517])"
8341,7227,35858,"array([3.13608074, 2.98786096])"
8342,7227,33405,"array([3.10540104, 3.01298487])"
8343,7227,33689,"array([3.13641142, 3.07064357])"
8344,7227,36639,"array([3.15382435, 2.94039353])"
8345,7227,40040,"array([3.14346399, 2.93864637])"
8346,7227,41468,"array([3.09591806, 2.99656773])"
8347,7227,3346208,"array([3.18271408, 2.96410257])"
8348,7227,5740668,"array([3.10974437, 2.99114887])"
8349,7227,34477,"array([3.19693232, 3.02415504])"
8350,7227,40363,"array([3.17387623, 2.98602767])"
8351,7227,42431,"array([3.11827382, 2.9764792 ])"
8352,7227,33413,"array([3.12653703, 2.97465987])"
8353,7227,34626,"array([3.15341066, 3.08107441])"
8354,7227,37129,"array([3.0976832 , 3.09015963])"
8355,7227,38734,"array([3.10684169, 3.09691632])"
8356,7227,39237,"array([3.12542287, 3.0856903 ])"
8357,7227,43916,"array([3.16249662, 3.06190908])"
8358,7227,33420,"array([3.17625832, 2.93075658])"
8359,7227,40428,"array([3.16422458, 2.98433619])"
8360,7227,41494,"array([3.11734166, 3.06221072])"
8361,7227,43694,"array([3.18464453, 3.03347159])"
8362,7227,33425,"array([3.08690984, 3.0896975 ])"
8363,7227,33427,"array([3.10437569, 3.11863242])"
8364,7227,40863,"array([3.12531135, 3.07035945])"
8365,7227,33435,"array([3.21908958, 3.07699498])"
8366,7227,37075,"array([3.14357369, 2.97039784])"
8367,7227,33438,"array([3.08397351, 3.00109606])"
8368,7227,33439,"array([3.10951354, 2.95580442])"
8369,7227,33440,"array([3.11202773, 3.06649355])"
8370,7227,40054,"array([3.12036645, 3.05803617])"
8371,7227,33442,"array([3.18320089, 2.991891  ])"
8372,7227,33669,"array([3.1906193 , 3.00335801])"
8373,7227,33719,"array([3.12781488, 3.06392185])"
8374,7227,34443,"array([3.160866 , 2.9840769])"
8375,7227,35989,"array([3.10015548, 3.01928618])"
8376,7227,36838,"array([3.07818338, 3.01507874])"
8377,7227,38880,"array([3.12964719, 3.00492399])"
8378,7227,41195,"array([3.09149958, 2.99194928])"
8379,7227,261603,"array([3.18851083, 3.03085244])"
8380,7227,3771966,"array([3.10615014, 3.04408487])"
8381,7227,33454,"array([3.21890631, 3.01498319])"
8382,7227,40608,"array([3.18462041, 3.05742422])"
8383,7227,42876,"array([3.14151512, 3.00815948])"
8384,7227,48387,"array([3.18722999, 3.02732815])"
8385,7227,33459,"array([3.08435507, 3.02988925])"
8386,7227,42500,"array([3.09644546, 3.0566911 ])"
8387,7227,34648,"array([3.16437237, 3.02817628])"
8388,7227,36357,"array([3.11960897, 3.04912809])"
8389,7227,43051,"array([3.1949657 , 3.03387213])"
8390,7227,36968,"array([3.13625454, 3.00159993])"
8391,7227,37989,"array([3.11363252, 3.05466871])"
8392,7227,3355164,"array([3.1047787 , 3.08301625])"
8393,7227,4379834,"array([3.13625449, 3.07271752])"
8394,7227,33477,"array([3.22529121, 3.03589097])"
8395,7227,35754,"array([3.11026452, 2.9888423 ])"
8396,7227,39719,"array([3.08539533, 3.00268317])"
8397,7227,41760,"array([3.09636984, 2.9664781 ])"
8398,7227,33481,"array([3.20438667, 2.99521841])"
8399,7227,34662,"array([3.09101491, 3.02868571])"
8400,7227,35826,"array([3.11521234, 3.06891086])"
8401,7227,37644,"array([3.12411832, 2.99594708])"
8402,7227,37683,"array([3.11344429, 3.05346013])"
8403,7227,37965,"array([3.11310807, 3.02271648])"
8404,7227,38255,"array([3.1033433 , 3.03826576])"
8405,7227,39105,"array([3.18574228, 3.0098344 ])"
8406,7227,39206,"array([3.10347573, 3.01892606])"
8407,7227,40404,"array([3.1521872 , 3.05825207])"
8408,7227,40558,"array([3.14838107, 3.04261278])"
8409,7227,41148,"array([3.1446779 , 3.05126965])"
8410,7227,43546,"array([3.09929783, 3.04409806])"
8411,7227,49803,"array([3.1526676 , 2.97932178])"
8412,7227,246656,"array([3.15723735, 2.97521062])"
8413,7227,33488,"array([3.23452447, 3.05578034])"
8414,7227,36847,"array([3.11798699, 3.08755139])"
8415,7227,39608,"array([3.11264399, 3.06505932])"
8416,7227,40010,"array([3.17118047, 3.0640704 ])"
8417,7227,41056,"array([3.14740227, 3.00432069])"
8418,7227,43204,"array([3.15202089, 3.08078006])"
8419,7227,246462,"array([3.1433987 , 3.10974818])"
8420,7227,3885644,"array([3.12209639, 3.10213147])"
8421,7227,33490,"array([3.16443462, 2.99610552])"
8422,7227,50364,"array([3.18614163, 2.98966784])"
8423,7227,33504,"array([3.08248187, 3.04557702])"
8424,7227,43576,"array([3.19798742, 3.0296277 ])"
8425,7227,34294,"array([3.17391958, 3.06248701])"
8426,7227,36351,"array([3.09700419, 3.02575665])"
8427,7227,33510,"array([3.12435959, 2.992542  ])"
8428,7227,38944,"array([3.14217018, 2.98694904])"
8429,7227,41363,"array([3.14681665, 3.00878156])"
8430,7227,41700,"array([3.09215292, 2.96742425])"
8431,7227,59171,"array([3.15918126, 2.96847474])"
8432,7227,33515,"array([3.15677377, 2.96903202])"
8433,7227,35850,"array([3.16936504, 3.01632159])"
8434,7227,33517,"array([3.18123631, 3.07423462])"
8435,7227,37881,"array([3.17793868, 3.02618656])"
8436,7227,39835,"array([3.18921585, 3.02273696])"
8437,7227,40602,"array([3.13014835, 2.95375054])"
8438,7227,41959,"array([3.16497614, 3.07277455])"
8439,7227,326258,"array([3.14386432, 2.97498478])"
8440,7227,33530,"array([3.17762937, 3.04513353])"
8441,7227,33535,"array([3.07703053, 3.02615907])"
8442,7227,33537,"array([3.05293921, 3.00716426])"
8443,7227,33538,"array([3.18622738, 3.10197254])"
8444,7227,33539,"array([3.07973313, 3.02083449])"
8445,7227,33543,"array([3.24559723, 2.99873209])"
8446,7227,35125,"array([3.18474183, 3.04594954])"
8447,7227,33555,"array([3.20715187, 3.0188797 ])"
8448,7227,39599,"array([3.17310561, 3.02961387])"
8449,7227,40805,"array([3.13071381, 2.98605429])"
8450,7227,33561,"array([3.23999472, 3.04294928])"
8451,7227,36440,"array([3.17293161, 3.06788025])"
8452,7227,37042,"array([3.20219263, 3.01355048])"
8453,7227,37741,"array([3.14859198, 3.07677264])"
8454,7227,39017,"array([3.23500674, 3.04393411])"
8455,7227,41266,"array([3.21609067, 3.02477803])"
8456,7227,42477,"array([3.19905731, 3.02763036])"
8457,7227,34307,"array([3.15300537, 3.0689301 ])"
8458,7227,34319,"array([3.17232387, 3.10692672])"
8459,7227,34616,"array([3.16058246, 3.08559551])"
8460,7227,34620,"array([3.20682316, 3.07061526])"
8461,7227,35123,"array([3.15639589, 3.09638073])"
8462,7227,35574,"array([3.10880329, 3.00758392])"
8463,7227,35642,"array([3.19550985, 3.09483667])"
8464,7227,35901,"array([3.16083399, 2.99229724])"
8465,7227,36456,"array([3.14757519, 3.09653276])"
8466,7227,37064,"array([3.19387536, 3.08224153])"
8467,7227,37772,"array([3.2191661 , 3.07322269])"
8468,7227,38468,"array([3.21182415, 3.08216429])"
8469,7227,38535,"array([3.18762353, 3.02430598])"
8470,7227,38578,"array([3.19079166, 3.03108403])"
8471,7227,38878,"array([3.17993979, 3.03652561])"
8472,7227,39016,"array([3.19277158, 3.00192076])"
8473,7227,39222,"array([3.12487622, 3.06445202])"
8474,7227,39998,"array([3.18365495, 2.99662621])"
8475,7227,41449,"array([3.18092521, 3.10092129])"
8476,7227,41487,"array([3.15082623, 3.08523127])"
8477,7227,41803,"array([3.18981103, 3.03449211])"
8478,7227,43178,"array([3.15424685, 3.09555735])"
8479,7227,43350,"array([3.1692138 , 3.07362834])"
8480,7227,43637,"array([3.14686086, 3.06495422])"
8481,7227,45524,"array([3.13962155, 3.06121301])"
8482,7227,53508,"array([3.22137725, 3.06880749])"
8483,7227,318143,"array([3.16684641, 3.03710736])"
8484,7227,2768683,"array([3.18551092, 3.08029966])"
8485,7227,2768970,"array([3.11229366, 3.06172174])"
8486,7227,3885573,"array([3.20694331, 3.05695307])"
8487,7227,33572,"array([3.21453817, 3.04153045])"
8488,7227,44279,"array([3.19061634, 3.04544275])"
8489,7227,33576,"array([3.10864529, 3.10544835])"
8490,7227,33579,"array([3.22141969, 3.04526207])"
8491,7227,33581,"array([3.15533048, 3.00751793])"
8492,7227,41951,"array([3.12965027, 2.98006454])"
8493,7227,45325,"array([3.17666018, 2.99187941])"
8494,7227,33594,"array([3.07389637, 3.01490326])"
8495,7227,33600,"array([3.1560527 , 3.10093358])"
8496,7227,35268,"array([3.19588584, 2.99195154])"
8497,7227,34478,"array([3.16042015, 2.98689914])"
8498,7227,42465,"array([3.19642092, 2.98613038])"
8499,7227,33608,"array([3.15219882, 2.98713962])"
8500,7227,33613,"array([3.17168908, 3.11563798])"
8501,7227,36179,"array([3.15293232, 2.96309631])"
8502,7227,36723,"array([3.12508535, 2.95992056])"
8503,7227,39804,"array([3.16754162, 2.98300445])"
8504,7227,41838,"array([3.13492593, 2.98678736])"
8505,7227,36327,"array([3.18485822, 2.98719402])"
8506,7227,33617,"array([3.24649713, 2.98746146])"
8507,7227,33978,"array([3.18340218, 3.08354388])"
8508,7227,34771,"array([3.12116474, 3.08325395])"
8509,7227,34904,"array([3.17995035, 3.07358521])"
8510,7227,35050,"array([3.21199825, 3.0164646 ])"
8511,7227,35081,"array([3.1194692 , 3.08614995])"
8512,7227,37422,"array([3.17318375, 3.02806126])"
8513,7227,39722,"array([3.17781259, 3.04160663])"
8514,7227,42536,"array([3.16667012, 2.99368764])"
8515,7227,42592,"array([3.18359976, 3.1136384 ])"
8516,7227,43325,"array([3.18519944, 3.04856974])"
8517,7227,47216,"array([3.16621648, 3.11427064])"
8518,7227,50391,"array([3.20387041, 3.04617598])"
8519,7227,318684,"array([3.17473355, 3.06766779])"
8520,7227,42716,"array([3.1488371 , 2.98350278])"
8521,7227,33622,"array([3.21714481, 3.04844056])"
8522,7227,37987,"array([3.14654447, 3.07655259])"
8523,7227,38479,"array([3.21527273, 2.99732811])"
8524,7227,38550,"array([3.14234089, 2.9584763 ])"
8525,7227,38587,"array([3.14416845, 2.97804277])"
8526,7227,40021,"array([3.10133427, 3.02163359])"
8527,7227,42131,"array([3.14855804, 3.0029264 ])"
8528,7227,246627,"array([3.17763713, 2.95627804])"
8529,7227,53584,"array([3.14959717, 3.10321928])"
8530,7227,326170,"array([3.09840382, 3.1214837 ])"
8531,7227,36911,"array([3.20393037, 2.99289403])"
8532,7227,33635,"array([3.10669512, 3.10011234])"
8533,7227,33636,"array([3.22154518, 3.08377769])"
8534,7227,37021,"array([3.19858662, 3.01206641])"
8535,7227,33643,"array([3.11464802, 3.10373817])"
8536,7227,41963,"array([3.14368421, 3.09310352])"
8537,7227,39878,"array([3.12493313, 3.05362588])"
8538,7227,36123,"array([3.07946888, 3.0168295 ])"
8539,7227,40557,"array([3.17960494, 2.9860609 ])"
8540,7227,12798460,"array([3.12239179, 3.08876415])"
8541,7227,33656,"array([3.15627913, 2.9911433 ])"
8542,7227,37699,"array([3.17916507, 2.93776612])"
8543,7227,40370,"array([3.16759289, 2.97683489])"
8544,7227,40527,"array([3.17382056, 2.95506597])"
8545,7227,42413,"array([3.17498092, 2.99904588])"
8546,7227,5740313,"array([3.17017772, 2.9352047 ])"
8547,7227,33658,"array([3.22765921, 3.05884784])"
8548,7227,34614,"array([3.09110918, 3.07441045])"
8549,7227,37911,"array([3.22578606, 2.99028097])"
8550,7227,38887,"array([3.14708978, 2.97659008])"
8551,7227,42014,"array([3.16303399, 2.96011891])"
8552,7227,47895,"array([3.17024568, 3.00036095])"
8553,7227,41227,"array([3.11835717, 3.06085633])"
8554,7227,33671,"array([3.05657568, 3.02387401])"
8555,7227,34902,"array([3.16842305, 2.91821694])"
8556,7227,42823,"array([3.15035235, 2.98130819])"
8557,7227,33822,"array([3.13651658, 2.95901569])"
8558,7227,38448,"array([3.10407038, 2.99198973])"
8559,7227,39969,"array([3.09134045, 3.02543932])"
8560,7227,49992,"array([3.10963368, 3.00012441])"
8561,7227,50287,"array([3.09651419, 3.02445641])"
8562,7227,42100,"array([3.18399505, 3.00100498])"
8563,7227,42316,"array([3.13892577, 2.97139497])"
8564,7227,33681,"array([3.16719064, 2.95013266])"
8565,7227,33684,"array([3.05033942, 3.01797289])"
8566,7227,33685,"array([3.21911552, 2.99969525])"
8567,7227,33688,"array([3.14901913, 3.07545882])"
8568,7227,33690,"array([3.11312361, 2.96123515])"
8569,7227,36465,"array([3.16061933, 2.97999385])"
8570,7227,36537,"array([3.07671416, 3.0202796 ])"
8571,7227,44002,"array([3.0886431 , 3.01003924])"
8572,7227,261607,"array([3.1191155 , 2.97341593])"
8573,7227,34406,"array([3.08577127, 3.02499239])"
8574,7227,36944,"array([3.10284815, 3.02428437])"
8575,7227,37477,"array([3.143544  , 2.96886744])"
8576,7227,43646,"array([3.08724065, 2.98828017])"
8577,7227,33700,"array([3.1868017 , 3.12172267])"
8578,7227,36190,"array([3.21103337, 2.97196938])"
8579,7227,36339,"array([3.2114602 , 3.00473292])"
8580,7227,38350,"array([3.11227605, 3.00726011])"
8581,7227,42626,"array([3.08398592, 2.99172034])"
8582,7227,33704,"array([3.08961789, 2.96782829])"
8583,7227,33707,"array([3.07344077, 3.02024614])"
8584,7227,40522,"array([3.114284  , 3.00543977])"
8585,7227,39027,"array([3.17082009, 3.04777083])"
8586,7227,40923,"array([3.08452092, 2.99887417])"
8587,7227,33714,"array([3.23345524, 3.02318539])"
8588,7227,33715,"array([3.11956901, 2.96620902])"
8589,7227,42589,"array([3.0796379 , 3.08051904])"
8590,7227,2768680,"array([3.16415252, 3.03111239])"
8591,7227,34951,"array([3.21427408, 3.05029231])"
8592,7227,35064,"array([3.17698514, 3.07211631])"
8593,7227,35193,"array([3.13744093, 3.10588048])"
8594,7227,35335,"array([3.11290691, 3.0558477 ])"
8595,7227,35895,"array([3.12656987, 3.00834805])"
8596,7227,36488,"array([3.13039512, 3.10421327])"
8597,7227,36696,"array([3.12340636, 3.09553607])"
8598,7227,36744,"array([3.14977985, 3.11008164])"
8599,7227,36904,"array([3.15964291, 3.06177394])"
8600,7227,37342,"array([3.17941077, 3.08549839])"
8601,7227,39272,"array([3.12579956, 3.10255016])"
8602,7227,39551,"array([3.17474893, 3.04543932])"
8603,7227,40704,"array([3.19076932, 3.04134179])"
8604,7227,40938,"array([3.20268893, 3.04375467])"
8605,7227,41829,"array([3.13787628, 3.07840542])"
8606,7227,42440,"array([3.13688   , 3.09748891])"
8607,7227,42646,"array([3.17939939, 3.06295277])"
8608,7227,43287,"array([3.14433449, 3.06722793])"
8609,7227,318952,"array([3.13937119, 3.10702252])"
8610,7227,33763,"array([3.09813947, 3.04614557])"
8611,7227,33777,"array([3.14373143, 3.03018306])"
8612,7227,34410,"array([3.10586532, 3.00960331])"
8613,7227,35344,"array([3.08729548, 3.05047017])"
8614,7227,35935,"array([3.09348341, 3.04455724])"
8615,7227,37062,"array([3.15530904, 3.07265305])"
8616,7227,37968,"array([3.10448114, 3.03201371])"
8617,7227,39208,"array([3.12819559, 3.00674362])"
8618,7227,39418,"array([3.11853085, 3.00993548])"
8619,7227,40470,"array([3.11685765, 3.02895333])"
8620,7227,42068,"array([3.10532027, 3.02810125])"
8621,7227,43068,"array([3.13121927, 3.06323995])"
8622,7227,36019,"array([3.111616  , 3.04979664])"
8623,7227,39873,"array([3.13887105, 3.01238192])"
8624,7227,40128,"array([3.11407803, 3.02158795])"
8625,7227,40655,"array([3.11982508, 3.0570208 ])"
8626,7227,40689,"array([3.13368196, 3.07179586])"
8627,7227,40893,"array([3.11099605, 3.04544826])"
8628,7227,41905,"array([3.11368147, 3.06072946])"
8629,7227,43494,"array([3.13187412, 3.07266679])"
8630,7227,35059,"array([3.07522877, 2.97845591])"
8631,7227,40580,"array([3.10631278, 2.97878592])"
8632,7227,34615,"array([3.10978684, 3.05582882])"
8633,7227,50428,"array([3.11470696, 3.00085096])"
8634,7227,5740599,"array([3.18518728, 2.99692132])"
8635,7227,36400,"array([3.14818221, 2.96623701])"
8636,7227,33743,"array([3.10556662, 3.10335111])"
8637,7227,39214,"array([3.09483231, 3.01868836])"
8638,7227,42576,"array([3.2013497 , 3.03576173])"
8639,7227,34807,"array([3.05429751, 3.03616435])"
8640,7227,35919,"array([3.14243147, 3.0096176 ])"
8641,7227,3354991,"array([3.09828624, 3.00262144])"
8642,7227,36692,"array([3.14548484, 3.07194935])"
8643,7227,36733,"array([3.19881335, 2.99638241])"
8644,7227,39266,"array([3.16964841, 3.07486446])"
8645,7227,39330,"array([3.18053463, 3.08401073])"
8646,7227,39497,"array([3.2005516 , 2.99171383])"
8647,7227,42519,"array([3.0823934 , 3.03217513])"
8648,7227,246650,"array([3.18928332, 3.02576482])"
8649,7227,33756,"array([3.21309348, 3.08937663])"
8650,7227,35035,"array([3.09569106, 3.00430788])"
8651,7227,40467,"array([3.16840978, 3.00836154])"
8652,7227,43604,"array([3.12955374, 2.99752335])"
8653,7227,45784,"array([3.12285995, 3.06593809])"
8654,7227,33769,"array([3.16708958, 2.97810324])"
8655,7227,33770,"array([3.16172362, 2.98737124])"
8656,7227,33772,"array([3.20430884, 2.95367042])"
8657,7227,37830,"array([3.14154844, 2.96384146])"
8658,7227,12798279,"array([3.14978039, 2.93740471])"
8659,7227,37814,"array([3.13385666, 3.06962156])"
8660,7227,35053,"array([3.11285933, 3.06904152])"
8661,7227,42000,"array([3.16811372, 3.0336499 ])"
8662,7227,326124,"array([3.11826847, 3.02100456])"
8663,7227,44131,"array([3.19447745, 3.00340458])"
8664,7227,36680,"array([3.08154976, 3.01875596])"
8665,7227,34032,"array([3.16526725, 2.99799506])"
8666,7227,33791,"array([3.10711888, 2.99127616])"
8667,7227,2768858,"array([3.18526518, 2.9634472 ])"
8668,7227,2768865,"array([3.18575615, 2.9603343 ])"
8669,7227,3346160,"array([3.18632514, 3.0029082 ])"
8670,7227,3346227,"array([3.19297721, 2.97885954])"
8671,7227,3355069,"array([3.114399  , 3.07026893])"
8672,7227,33797,"array([3.16799595, 2.95994176])"
8673,7227,59164,"array([3.17755922, 3.08059225])"
8674,7227,33806,"array([3.16068599, 3.05155968])"
8675,7227,37158,"array([3.0716242 , 2.99518984])"
8676,7227,34175,"array([3.12617462, 3.10620969])"
8677,7227,41349,"array([3.14933372, 3.08907329])"
8678,7227,41890,"array([3.11705026, 3.14295326])"
8679,7227,35152,"array([3.19500614, 3.04597355])"
8680,7227,35543,"array([3.1180268 , 2.96649853])"
8681,7227,35843,"array([3.21409907, 2.98581961])"
8682,7227,36776,"array([3.21661378, 3.03070863])"
8683,7227,37019,"array([3.13201598, 2.97182242])"
8684,7227,38717,"array([3.16938006, 3.00641151])"
8685,7227,39095,"array([3.17283051, 3.00212977])"
8686,7227,39257,"array([3.21342113, 2.98328606])"
8687,7227,40868,"array([3.15956923, 3.0877656 ])"
8688,7227,42906,"array([3.10525144, 3.03814654])"
8689,7227,48422,"array([3.21153262, 2.9844788 ])"
8690,7227,34145,"array([3.09772214, 2.97225939])"
8691,7227,37316,"array([3.10502028, 2.98664269])"
8692,7227,38707,"array([3.09342721, 3.0066862 ])"
8693,7227,40450,"array([3.05131958, 2.99319995])"
8694,7227,33816,"array([3.06199884, 3.01320766])"
8695,7227,33818,"array([3.07134341, 3.02273717])"
8696,7227,33823,"array([3.21461328, 3.01875331])"
8697,7227,35541,"array([3.10966186, 3.06029211])"
8698,7227,41176,"array([3.15243828, 3.10679497])"
8699,7227,318260,"array([3.1567848 , 3.10579575])"
8700,7227,33826,"array([3.10917956, 3.13067643])"
8701,7227,42562,"array([3.14223815, 2.99075682])"
8702,7227,33828,"array([3.12782624, 3.0982982 ])"
8703,7227,33830,"array([3.17673797, 2.96460671])"
8704,7227,33831,"array([3.1394003 , 2.95720483])"
8705,7227,40822,"array([3.18140049, 3.04927695])"
8706,7227,43038,"array([3.17649233, 3.02979927])"
8707,7227,33836,"array([3.06169844, 3.05068531])"
8708,7227,33839,"array([3.1453952 , 2.94960222])"
8709,7227,41113,"array([3.1123093 , 3.01366692])"
8710,7227,42451,"array([3.10523897, 3.0584108 ])"
8711,7227,326186,"array([3.11654772, 2.97628248])"
8712,7227,34577,"array([3.15082869, 3.09325303])"
8713,7227,43128,"array([3.12744896, 2.9876526 ])"
8714,7227,43873,"array([3.1297539 , 3.05689417])"
8715,7227,33844,"array([3.22613118, 3.07419228])"
8716,7227,33845,"array([3.15088002, 3.09515432])"
8717,7227,3355163,"array([3.14932122, 3.06314731])"
8718,7227,40495,"array([3.1635334 , 3.04760637])"
8719,7227,42579,"array([3.12182937, 2.99333481])"
8720,7227,36371,"array([3.11576343, 3.00628701])"
8721,7227,38023,"array([3.1514912 , 2.98324158])"
8722,7227,42613,"array([3.14312458, 2.98755288])"
8723,7227,37496,"array([3.12433304, 2.98888045])"
8724,7227,33851,"array([3.14173484, 3.07920951])"
8725,7227,33854,"array([3.14810819, 3.09143225])"
8726,7227,39774,"array([3.15838142, 3.09341761])"
8727,7227,40032,"array([3.1856072 , 3.06794444])"
8728,7227,43255,"array([3.15644358, 3.11268496])"
8729,7227,43277,"array([3.17627019, 3.06667412])"
8730,7227,43820,"array([3.12139162, 3.07776903])"
8731,7227,36439,"array([3.12314969, 3.06450418])"
8732,7227,38161,"array([3.10706972, 3.03982263])"
8733,7227,39819,"array([3.11927823, 3.02377767])"
8734,7227,41720,"array([3.10552422, 3.02914021])"
8735,7227,43676,"array([3.11159972, 3.03357422])"
8736,7227,317826,"array([3.07181315, 3.04355715])"
8737,7227,33865,"array([3.21516154, 3.0895598 ])"
8738,7227,33866,"array([3.18597236, 2.91912766])"
8739,7227,33869,"array([3.09114195, 2.96506191])"
8740,7227,33881,"array([3.17302526, 3.07648357])"
8741,7227,46391,"array([3.11964131, 3.0503222 ])"
8742,7227,33884,"array([3.19295101, 2.95008145])"
8743,7227,33885,"array([3.09816614, 2.96390549])"
8744,7227,33887,"array([3.07871877, 2.99581801])"
8745,7227,34141,"array([3.21648714, 3.0653945 ])"
8746,7227,34884,"array([3.15614982, 2.99661852])"
8747,7227,35568,"array([3.23937777, 3.06096959])"
8748,7227,318014,"array([3.2103024 , 3.06716145])"
8749,7227,33893,"array([3.10927119, 2.99378681])"
8750,7227,35663,"array([3.06975439, 2.99744332])"
8751,7227,36602,"array([3.06827243, 3.00101485])"
8752,7227,37716,"array([3.15736748, 2.97261833])"
8753,7227,39656,"array([3.08520352, 3.01023949])"
8754,7227,40623,"array([3.14027444, 2.97214565])"
8755,7227,40740,"array([3.06957042, 3.003419  ])"
8756,7227,42045,"array([3.09701386, 2.99917479])"
8757,7227,34578,"array([3.18311313, 2.98226456])"
8758,7227,40952,"array([3.22629993, 2.96710622])"
8759,7227,43786,"array([3.22377864, 2.96364868])"
8760,7227,33899,"array([3.13164025, 3.09375087])"
8761,7227,34091,"array([3.14841155, 2.92998807])"
8762,7227,35417,"array([3.14540045, 2.93116466])"
8763,7227,33902,"array([3.14913625, 3.13397863])"
8764,7227,36045,"array([3.12679157, 3.06636737])"
8765,7227,38583,"array([3.11291023, 3.09131982])"
8766,7227,39972,"array([3.16143579, 3.00172472])"
8767,7227,40778,"array([3.12392056, 3.11174286])"
8768,7227,53431,"array([3.0991956 , 3.08247641])"
8769,7227,3355130,"array([3.14202411, 3.07677106])"
8770,7227,5740837,"array([3.13814277, 3.08319581])"
8771,7227,33906,"array([3.18357723, 3.03960918])"
8772,7227,42840,"array([3.13494901, 3.07115532])"
8773,7227,33917,"array([3.23388631, 3.0256298 ])"
8774,7227,39479,"array([3.10786385, 3.01558768])"
8775,7227,34618,"array([3.10683654, 3.04299052])"
8776,7227,35126,"array([3.09538545, 3.04759659])"
8777,7227,37431,"array([3.11593408, 3.06748441])"
8778,7227,38635,"array([3.08442606, 3.03844527])"
8779,7227,38857,"array([3.07938111, 3.07340164])"
8780,7227,33923,"array([3.06772934, 3.02973785])"
8781,7227,33925,"array([3.17060259, 2.97458152])"
8782,7227,33932,"array([3.11402921, 2.98982317])"
8783,7227,33933,"array([3.22288443, 2.9854964 ])"
8784,7227,35970,"array([3.16521149, 2.98007886])"
8785,7227,42297,"array([3.16047718, 3.0264916 ])"
8786,7227,3355116,"array([3.20847742, 3.01810243])"
8787,7227,38958,"array([3.18325876, 3.03617419])"
8788,7227,33938,"array([3.16287961, 2.97162559])"
8789,7227,40860,"array([3.19828672, 2.98962997])"
8790,7227,33939,"array([3.23056511, 2.9839901 ])"
8791,7227,34376,"array([3.15505006, 2.96869757])"
8792,7227,35351,"array([3.11236349, 2.99112803])"
8793,7227,36317,"array([3.21548025, 3.0427025 ])"
8794,7227,36939,"array([3.17061321, 2.97598861])"
8795,7227,37748,"array([3.11821238, 2.98098929])"
8796,7227,37936,"array([3.20606576, 2.96863851])"
8797,7227,37937,"array([3.18826177, 2.99029311])"
8798,7227,38074,"array([3.12281163, 3.06293891])"
8799,7227,38486,"array([3.2191737 , 3.05060442])"
8800,7227,41307,"array([3.21279075, 2.99030942])"
8801,7227,41481,"array([3.20140144, 2.995503  ])"
8802,7227,41844,"array([3.20357324, 3.00874959])"
8803,7227,45707,"array([3.12684399, 2.98408244])"
8804,7227,37096,"array([3.19632343, 3.01561185])"
8805,7227,37245,"array([3.19194319, 3.04890635])"
8806,7227,37328,"array([3.13456371, 3.00878223])"
8807,7227,38013,"array([3.11118323, 2.98033845])"
8808,7227,47260,"array([3.1276428 , 3.00169053])"
8809,7227,318231,"array([3.18022258, 2.96477233])"
8810,7227,38495,"array([3.09252907, 3.07792665])"
8811,7227,5740660,"array([3.09735704, 3.00568833])"
8812,7227,35139,"array([3.10857527, 2.96983038])"
8813,7227,36193,"array([3.09736522, 3.06404648])"
8814,7227,36246,"array([3.16623441, 3.07520354])"
8815,7227,36356,"array([3.20140008, 3.04023294])"
8816,7227,36850,"array([3.13836994, 3.08704596])"
8817,7227,37317,"array([3.09874557, 2.98882189])"
8818,7227,38464,"array([3.14645254, 2.95737917])"
8819,7227,41674,"array([3.14412541, 3.07666688])"
8820,7227,43756,"array([3.21531419, 3.00791497])"
8821,7227,44007,"array([3.11067456, 2.96978203])"
8822,7227,50225,"array([3.17867778, 3.00130309])"
8823,7227,37979,"array([3.2049013 , 3.02970343])"
8824,7227,39938,"array([3.13606081, 2.99415447])"
8825,7227,34342,"array([3.13377171, 2.9826525 ])"
8826,7227,39094,"array([3.08486577, 2.98137584])"
8827,7227,39432,"array([3.18623246, 2.99771911])"
8828,7227,35234,"array([3.2000794 , 3.03461747])"
8829,7227,38386,"array([3.21195133, 3.03703848])"
8830,7227,36269,"array([3.19074592, 2.99503357])"
8831,7227,2768882,"array([3.24865537, 3.00379907])"
8832,7227,42858,"array([3.11260708, 3.06070432])"
8833,7227,3354994,"array([3.17524818, 3.04879083])"
8834,7227,326222,"array([3.11544555, 3.01973165])"
8835,7227,41470,"array([3.16185605, 2.99368446])"
8836,7227,41543,"array([3.13265251, 3.00696205])"
8837,7227,42693,"array([3.1875926 , 3.04392719])"
8838,7227,33975,"array([3.1725361 , 3.00486206])"
8839,7227,43570,"array([3.15334982, 3.00992789])"
8840,7227,33984,"array([3.13297736, 3.08027755])"
8841,7227,37203,"array([3.17694671, 3.02613931])"
8842,7227,41459,"array([3.16859398, 3.06461445])"
8843,7227,36011,"array([3.10781426, 3.01682414])"
8844,7227,36224,"array([3.09508482, 3.02029678])"
8845,7227,36713,"array([3.12010477, 3.01354421])"
8846,7227,40268,"array([3.12695148, 2.99067265])"
8847,7227,40779,"array([3.11204439, 3.04835665])"
8848,7227,42580,"array([3.11547596, 3.00515461])"
8849,7227,43474,"array([3.11760071, 3.01072389])"
8850,7227,319064,"array([3.07908237, 3.05734066])"
8851,7227,33991,"array([3.13362628, 3.01842792])"
8852,7227,3771934,"array([3.1782714 , 3.06683615])"
8853,7227,33993,"array([3.19386675, 3.0673749 ])"
8854,7227,33995,"array([3.09952842, 3.01219297])"
8855,7227,35289,"array([3.13245498, 3.05890387])"
8856,7227,34003,"array([3.19577865, 3.03158233])"
8857,7227,39751,"array([3.17171185, 3.09454567])"
8858,7227,38814,"array([3.17543766, 2.97020802])"
8859,7227,37518,"array([3.15738154, 3.05760223])"
8860,7227,34016,"array([3.11449839, 2.98393976])"
8861,7227,40684,"array([3.17972123, 3.03463157])"
8862,7227,40156,"array([3.26451742, 2.99881921])"
8863,7227,37928,"array([3.187052 , 3.0126444])"
8864,7227,38036,"array([3.07282421, 3.0077159 ])"
8865,7227,39406,"array([3.11932731, 3.00521791])"
8866,7227,34037,"array([3.05587055, 3.03224627])"
8867,7227,34124,"array([3.17719676, 3.03762261])"
8868,7227,34914,"array([3.07232689, 2.97841495])"
8869,7227,35798,"array([3.09626923, 3.02156101])"
8870,7227,36134,"array([3.18375489, 2.98484466])"
8871,7227,36805,"array([3.0906804 , 3.02712093])"
8872,7227,37051,"array([3.07134946, 2.98109926])"
8873,7227,38401,"array([3.11413706, 2.98735716])"
8874,7227,41568,"array([3.06413774, 2.99308896])"
8875,7227,42917,"array([3.06786097, 2.98629513])"
8876,7227,43342,"array([3.06943317, 2.98385271])"
8877,7227,43701,"array([3.1002195 , 2.97302564])"
8878,7227,44856,"array([3.09988247, 3.04568721])"
8879,7227,318160,"array([3.11412038, 3.01108058])"
8880,7227,3772719,"array([3.1046952 , 3.01946255])"
8881,7227,5740349,"array([3.15316134, 2.99448244])"
8882,7227,34042,"array([3.2165511 , 3.01606561])"
8883,7227,35228,"array([3.22316473, 2.98285419])"
8884,7227,34051,"array([3.0611157, 3.043889 ])"
8885,7227,43745,"array([3.11316595, 3.05933886])"
8886,7227,35189,"array([3.20151505, 2.9827919 ])"
8887,7227,318878,"array([3.20693816, 3.02093228])"
8888,7227,34058,"array([3.09719288, 3.00398538])"
8889,7227,35122,"array([3.09364168, 2.96945157])"
8890,7227,38281,"array([3.09388884, 3.02948099])"
8891,7227,41854,"array([3.05317041, 2.97932623])"
8892,7227,53516,"array([3.0514372 , 2.98339092])"
8893,7227,37822,"array([3.12621961, 2.96581662])"
8894,7227,41663,"array([3.16015759, 2.96358624])"
8895,7227,35057,"array([3.11532824, 2.98647928])"
8896,7227,34065,"array([3.16163022, 2.98161737])"
8897,7227,34066,"array([3.20411651, 3.04784931])"
8898,7227,36773,"array([3.17831777, 3.05712511])"
8899,7227,41271,"array([3.10086199, 3.03981983])"
8900,7227,41278,"array([3.15391346, 3.06790323])"
8901,7227,41499,"array([3.2028558 , 3.01763676])"
8902,7227,59150,"array([3.16475549, 3.05550291])"
8903,7227,35516,"array([3.20370811, 2.97599643])"
8904,7227,41779,"array([3.19499382, 2.96797235])"
8905,7227,59247,"array([3.20124038, 3.01950879])"
8906,7227,318002,"array([3.21563594, 2.99178175])"
8907,7227,2768728,"array([3.22529601, 3.02092268])"
8908,7227,36188,"array([3.14016484, 3.06591558])"
8909,7227,42102,"array([3.14182667, 2.96805956])"
8910,7227,43153,"array([3.19626539, 2.99386694])"
8911,7227,43469,"array([3.18748585, 3.01383166])"
8912,7227,43315,"array([3.20517124, 2.96299738])"
8913,7227,34089,"array([3.1794763 , 2.97711718])"
8914,7227,34092,"array([3.16436449, 3.12165992])"
8915,7227,42606,"array([3.08425915, 3.08877677])"
8916,7227,37076,"array([3.20080638, 3.00677592])"
8917,7227,34098,"array([3.16366615, 3.02665569])"
8918,7227,34099,"array([3.16014063, 3.09362167])"
8919,7227,40228,"array([3.1931593, 3.0167783])"
8920,7227,34105,"array([3.07002421, 3.07710824])"
8921,7227,34106,"array([3.0848084 , 3.03294297])"
8922,7227,34544,"array([3.17227785, 3.09686733])"
8923,7227,34829,"array([3.1745528 , 3.08838326])"
8924,7227,34892,"array([3.17619846, 3.05603512])"
8925,7227,35236,"array([3.19831211, 3.05588177])"
8926,7227,35262,"array([3.19310311, 3.03798037])"
8927,7227,35338,"array([3.15664859, 3.07861471])"
8928,7227,35597,"array([3.1841864 , 3.09179619])"
8929,7227,35685,"array([3.19010416, 2.99165647])"
8930,7227,35857,"array([3.2053964 , 3.06346021])"
8931,7227,35969,"array([3.18531521, 3.08507827])"
8932,7227,36519,"array([3.20467383, 3.07467958])"
8933,7227,36694,"array([3.19059816, 3.07039474])"
8934,7227,36844,"array([3.21660178, 3.03855065])"
8935,7227,36921,"array([3.14953117, 3.04854131])"
8936,7227,37066,"array([3.16337514, 3.07044524])"
8937,7227,37252,"array([3.17713073, 3.0967534 ])"
8938,7227,37277,"array([3.18583157, 3.05887518])"
8939,7227,37860,"array([3.20001442, 3.01112772])"
8940,7227,37924,"array([3.13698825, 3.07541543])"
8941,7227,38430,"array([3.16185693, 3.11150428])"
8942,7227,39279,"array([3.19745149, 3.02825454])"
8943,7227,39502,"array([3.13604491, 3.09256465])"
8944,7227,40068,"array([3.1527733, 3.0877148])"
8945,7227,40109,"array([3.21643684, 3.04095003])"
8946,7227,40406,"array([3.09524722, 3.03723439])"
8947,7227,40957,"array([3.10784811, 3.05978964])"
8948,7227,41388,"array([3.1659145 , 3.10979346])"
8949,7227,42051,"array([3.13731378, 3.07230357])"
8950,7227,42892,"array([3.15242612, 3.09152311])"
8951,7227,43810,"array([3.19017657, 3.10049535])"
8952,7227,44554,"array([3.19376017, 2.99160231])"
8953,7227,45432,"array([3.12171829, 3.00485228])"
8954,7227,45960,"array([3.19233275, 3.01446262])"
8955,7227,117485,"array([3.18231808, 3.08971412])"
8956,7227,117498,"array([3.18489995, 3.10694266])"
8957,7227,246505,"array([3.20145009, 3.09626448])"
8958,7227,246550,"array([3.18284432, 3.10706475])"
8959,7227,246603,"array([3.16032519, 3.109512  ])"
8960,7227,317974,"array([3.15371657, 3.09746383])"
8961,7227,318035,"array([3.17492363, 2.98226088])"
8962,7227,318638,"array([3.20698243, 3.08761082])"
8963,7227,318882,"array([3.18869519, 3.10201336])"
8964,7227,318924,"array([3.18009026, 3.09468784])"
8965,7227,326175,"array([3.18858227, 3.0503291 ])"
8966,7227,2768685,"array([3.19711539, 3.03214784])"
8967,7227,3772559,"array([3.10156168, 3.06867484])"
8968,7227,36038,"array([3.1884964 , 3.00498664])"
8969,7227,36874,"array([3.08256997, 3.00941379])"
8970,7227,37110,"array([3.09774241, 3.03126415])"
8971,7227,42614,"array([3.11619418, 3.02493372])"
8972,7227,43609,"array([3.1391043 , 2.94876421])"
8973,7227,34115,"array([3.1783876 , 2.96863993])"
8974,7227,34117,"array([3.11032228, 3.09738351])"
8975,7227,34118,"array([3.22108528, 3.09019221])"
8976,7227,34632,"array([3.25701602, 3.01047478])"
8977,7227,34828,"array([3.16920377, 3.01193376])"
8978,7227,38257,"array([3.18744102, 3.03168368])"
8979,7227,39952,"array([3.11318061, 2.99541673])"
8980,7227,40047,"array([3.19646692, 2.99040603])"
8981,7227,41073,"array([3.16510479, 3.05227611])"
8982,7227,41830,"array([3.21404557, 3.02879301])"
8983,7227,42236,"array([3.20647436, 3.04516406])"
8984,7227,43730,"array([3.19940777, 3.01564442])"
8985,7227,48071,"array([3.17607436, 3.0207116 ])"
8986,7227,246595,"array([3.18446731, 2.97236467])"
8987,7227,326215,"array([3.18479852, 3.02378039])"
8988,7227,7354404,"array([3.21012255, 3.01432711])"
8989,7227,7354473,"array([3.20529117, 3.00180973])"
8990,7227,38721,"array([3.16823448, 3.00389508])"
8991,7227,34121,"array([3.07403025, 3.0333373 ])"
8992,7227,34123,"array([3.13284916, 3.08459352])"
8993,7227,37742,"array([3.11776018, 2.97167441])"
8994,7227,38634,"array([3.11196816, 3.05925931])"
8995,7227,41144,"array([3.13446932, 3.00593153])"
8996,7227,44052,"array([3.14187916, 3.06206523])"
8997,7227,8674098,"array([3.1419008 , 3.07410219])"
8998,7227,34129,"array([3.23066369, 3.03898168])"
8999,7227,34134,"array([3.08347341, 3.05282247])"
9000,7227,34135,"array([3.24106954, 3.00624735])"
9001,7227,36207,"array([3.17943492, 2.9991035 ])"
9002,7227,42541,"array([3.1394235 , 3.01003671])"
9003,7227,43713,"array([3.12271237, 3.01477775])"
9004,7227,40239,"array([3.14010362, 2.98795606])"
9005,7227,34162,"array([3.09629043, 3.01669116])"
9006,7227,34165,"array([3.10904004, 2.92362387])"
9007,7227,34959,"array([3.12962262, 3.11461459])"
9008,7227,39673,"array([3.12674509, 3.01910715])"
9009,7227,34169,"array([3.22640342, 2.94154231])"
9010,7227,39064,"array([3.12969557, 3.08210802])"
9011,7227,34205,"array([3.19563062, 3.04857207])"
9012,7227,35727,"array([3.13733204, 3.10077682])"
9013,7227,3354921,"array([3.21936673, 3.02068718])"
9014,7227,42082,"array([3.21192865, 3.03183226])"
9015,7227,34181,"array([3.09126293, 2.9807776 ])"
9016,7227,43009,"array([3.12228407, 3.00384024])"
9017,7227,36975,"array([3.1841262 , 3.06785062])"
9018,7227,40535,"array([3.16712459, 2.99668746])"
9019,7227,2768949,"array([3.12008742, 2.97131816])"
9020,7227,39268,"array([3.16623841, 3.07201563])"
9021,7227,41839,"array([3.19318887, 3.04970663])"
9022,7227,2769008,"array([3.13472831, 3.08467935])"
9023,7227,34194,"array([3.17633402, 3.10755686])"
9024,7227,34197,"array([3.15674509, 3.09231858])"
9025,7227,43590,"array([3.16363736, 3.10160564])"
9026,7227,34198,"array([3.18973423, 3.0137039 ])"
9027,7227,35348,"array([3.10504824, 2.98874579])"
9028,7227,41022,"array([3.12985707, 3.00813185])"
9029,7227,34208,"array([3.08143739, 3.07137014])"
9030,7227,36287,"array([3.07743867, 3.00876657])"
9031,7227,34211,"array([3.16048472, 3.10131441])"
9032,7227,35733,"array([3.10151507, 3.0378661 ])"
9033,7227,36664,"array([3.13621101, 3.08225931])"
9034,7227,38434,"array([3.09717011, 3.08132668])"
9035,7227,326251,"array([3.10209715, 3.02621668])"
9036,7227,7354424,"array([3.11659624, 3.08249254])"
9037,7227,40796,"array([3.10448931, 3.03485872])"
9038,7227,34218,"array([3.09673801, 3.092447  ])"
9039,7227,34219,"array([3.20605463, 3.01441731])"
9040,7227,41635,"array([3.23870351, 2.9939655 ])"
9041,7227,35816,"array([3.17909511, 3.00902043])"
9042,7227,40414,"array([3.13518485, 3.00429536])"
9043,7227,42443,"array([3.21024325, 2.94898547])"
9044,7227,42661,"array([3.18987569, 3.00132345])"
9045,7227,34226,"array([3.20361892, 3.07646541])"
9046,7227,38471,"array([3.14946924, 2.98512296])"
9047,7227,35646,"array([3.15705773, 2.99046485])"
9048,7227,40982,"array([3.14745415, 2.95002451])"
9049,7227,326245,"array([3.16465197, 3.05434298])"
9050,7227,3772432,"array([3.18879454, 3.02903631])"
9051,7227,34408,"array([3.14922297, 2.95253655])"
9052,7227,38101,"array([3.13854879, 2.93132562])"
9053,7227,40619,"array([3.16398133, 2.94277249])"
9054,7227,34237,"array([3.22692644, 3.02372462])"
9055,7227,44831,"array([3.07791908, 2.99301263])"
9056,7227,34252,"array([3.1383416 , 2.98628556])"
9057,7227,34253,"array([3.15126315, 2.9461516 ])"
9058,7227,317922,"array([3.1352942 , 3.06874182])"
9059,7227,34260,"array([3.27982022, 3.08605204])"
9060,7227,35958,"array([3.24678028, 3.06988441])"
9061,7227,34262,"array([3.19078971, 3.01433496])"
9062,7227,35926,"array([3.21751301, 3.03601716])"
9063,7227,37811,"array([3.1956609 , 2.98199761])"
9064,7227,40675,"array([3.20911701, 3.06345532])"
9065,7227,40479,"array([3.18400035, 3.08644688])"
9066,7227,41123,"array([3.10723466, 3.08223717])"
9067,7227,41896,"array([3.12336324, 3.08027546])"
9068,7227,42542,"array([3.17810422, 3.00514432])"
9069,7227,34356,"array([3.12706116, 2.95204924])"
9070,7227,35952,"array([3.15369814, 2.98039367])"
9071,7227,35252,"array([3.10330886, 3.02948805])"
9072,7227,37703,"array([3.11480341, 3.02560469])"
9073,7227,43002,"array([3.14716113, 3.08091266])"
9074,7227,34277,"array([3.16809264, 3.01189961])"
9075,7227,47285,"array([3.14806391, 2.97527238])"
9076,7227,317952,"array([3.18831355, 2.9474687 ])"
9077,7227,34291,"array([3.09422711, 3.04082212])"
9078,7227,42709,"array([3.20762431, 3.01576307])"
9079,7227,41490,"array([3.2028921 , 3.11518552])"
9080,7227,34302,"array([3.16053785, 3.05766536])"
9081,7227,42342,"array([3.19655406, 3.01166091])"
9082,7227,37041,"array([3.12365795, 2.99434226])"
9083,7227,34316,"array([3.21898001, 3.06469652])"
9084,7227,39135,"array([3.19725129, 3.06245254])"
9085,7227,34322,"array([3.10280395, 3.06742419])"
9086,7227,37258,"array([3.07978608, 2.98750143])"
9087,7227,43410,"array([3.12063444, 2.97321411])"
9088,7227,42859,"array([3.07384598, 3.08405364])"
9089,7227,40702,"array([3.20822812, 2.98082753])"
9090,7227,34339,"array([3.14780005, 2.97094545])"
9091,7227,35107,"array([3.16067954, 2.97307814])"
9092,7227,34341,"array([3.1401792 , 2.94360809])"
9093,7227,34348,"array([3.20825895, 2.96904708])"
9094,7227,34354,"array([3.09784802, 2.97467387])"
9095,7227,35811,"array([3.19370522, 3.02153421])"
9096,7227,36688,"array([3.1229586 , 3.02601058])"
9097,7227,319026,"array([3.11839728, 3.05968829])"
9098,7227,34815,"array([3.0698297 , 3.03198679])"
9099,7227,36181,"array([3.09467095, 3.0579474 ])"
9100,7227,38211,"array([3.1437299 , 2.98092014])"
9101,7227,42318,"array([3.10096572, 3.01737328])"
9102,7227,3772658,"array([3.09136677, 3.05246162])"
9103,7227,34374,"array([3.17603658, 2.94493391])"
9104,7227,42261,"array([3.19208443, 3.04129822])"
9105,7227,34379,"array([3.18637033, 2.97654438])"
9106,7227,42799,"array([3.17983036, 3.00196412])"
9107,7227,326156,"array([3.12860111, 2.97801513])"
9108,7227,44054,"array([3.13271621, 3.07450992])"
9109,7227,34385,"array([3.20565714, 3.04137932])"
9110,7227,34390,"array([3.10276219, 2.97055847])"
9111,7227,40510,"array([3.10190716, 3.0040728 ])"
9112,7227,34396,"array([3.18194309, 2.96225385])"
9113,7227,34401,"array([3.203861  , 3.08113125])"
9114,7227,3355040,"array([3.13824147, 3.07537874])"
9115,7227,39391,"array([3.15815206, 2.98374912])"
9116,7227,35188,"array([3.08525134, 2.98942036])"
9117,7227,41058,"array([3.18801143, 3.00068836])"
9118,7227,4379911,"array([3.08805128, 2.98345702])"
9119,7227,40378,"array([3.16098861, 3.00761733])"
9120,7227,37655,"array([3.15416522, 2.99746341])"
9121,7227,38124,"array([3.21662737, 3.05060134])"
9122,7227,39717,"array([3.19847563, 3.05170153])"
9123,7227,41045,"array([3.13906417, 2.98720771])"
9124,7227,34422,"array([3.12252818, 3.01628741])"
9125,7227,39056,"array([3.19786713, 3.02201983])"
9126,7227,40630,"array([3.16717795, 2.96348097])"
9127,7227,7354429,"array([3.1954124 , 3.06716665])"
9128,7227,34428,"array([3.20292997, 3.00519863])"
9129,7227,34431,"array([3.08121411, 3.02815433])"
9130,7227,42189,"array([3.1474637 , 3.07912378])"
9131,7227,43216,"array([3.1748962 , 3.05012304])"
9132,7227,34434,"array([3.2097711 , 3.00888713])"
9133,7227,34436,"array([3.16588588, 2.96947869])"
9134,7227,39577,"array([3.1599919 , 2.98302926])"
9135,7227,34454,"array([3.2286532 , 3.04886089])"
9136,7227,34457,"array([3.18532916, 2.95687468])"
9137,7227,34461,"array([3.19905109, 3.03592422])"
9138,7227,34465,"array([3.05035545, 3.04954004])"
9139,7227,35009,"array([3.19185974, 2.97218549])"
9140,7227,35908,"array([3.21781538, 3.03369293])"
9141,7227,40532,"array([3.12179194, 3.0080787 ])"
9142,7227,43185,"array([3.20383448, 2.95138275])"
9143,7227,43682,"array([3.13558397, 2.969644  ])"
9144,7227,34470,"array([3.07098715, 3.012039  ])"
9145,7227,34474,"array([3.15195644, 3.07613141])"
9146,7227,50396,"array([3.21833764, 3.04201572])"
9147,7227,34479,"array([3.08001739, 3.01443887])"
9148,7227,40505,"array([3.07215494, 3.00541871])"
9149,7227,40238,"array([3.13535215, 2.96519021])"
9150,7227,35845,"array([3.183715  , 3.01721111])"
9151,7227,38181,"array([3.15796247, 3.06603571])"
9152,7227,35505,"array([3.08986289, 3.06267011])"
9153,7227,41573,"array([3.09414323, 3.08453921])"
9154,7227,34490,"array([3.17501381, 2.98059475])"
9155,7227,42077,"array([3.15635514, 2.9654963 ])"
9156,7227,34493,"array([3.12002746, 3.00605319])"
9157,7227,40332,"array([3.173754  , 3.00258183])"
9158,7227,34497,"array([3.20861564, 3.00479591])"
9159,7227,39858,"array([3.12825201, 3.07765233])"
9160,7227,37854,"array([3.22478562, 2.97072512])"
9161,7227,38694,"array([3.17893256, 2.97563233])"
9162,7227,38730,"array([3.23346757, 2.98356036])"
9163,7227,40256,"array([3.19564978, 2.97925342])"
9164,7227,40469,"array([3.22249286, 3.02888502])"
9165,7227,34506,"array([3.2539059 , 3.08744489])"
9166,7227,37619,"array([3.214574  , 3.06480586])"
9167,7227,41775,"array([3.13182947, 2.97010936])"
9168,7227,34509,"array([3.06520004, 3.09416586])"
9169,7227,35281,"array([3.11007233, 2.96737735])"
9170,7227,37374,"array([3.1012079 , 2.98420814])"
9171,7227,36301,"array([3.14273028, 3.07568013])"
9172,7227,40061,"array([3.21407793, 3.06293397])"
9173,7227,3772080,"array([3.21810888, 3.0183027 ])"
9174,7227,37304,"array([3.20724454, 3.06181312])"
9175,7227,40613,"array([3.10505633, 3.01164864])"
9176,7227,38238,"array([3.15759368, 3.10036255])"
9177,7227,3772439,"array([3.16784601, 2.9571477 ])"
9178,7227,36303,"array([3.15917965, 3.0174997 ])"
9179,7227,38604,"array([3.14502683, 2.95848309])"
9180,7227,39050,"array([3.1373341 , 3.05500774])"
9181,7227,34536,"array([3.20432957, 2.99115288])"
9182,7227,2768976,"array([3.20726944, 2.9903923 ])"
9183,7227,34537,"array([3.09520454, 2.97355225])"
9184,7227,34539,"array([3.21221559, 3.04052524])"
9185,7227,40226,"array([3.17915893, 3.02850732])"
9186,7227,34549,"array([3.14780096, 3.07784039])"
9187,7227,37621,"array([3.1912684 , 3.11814864])"
9188,7227,40169,"array([3.20681599, 3.06005585])"
9189,7227,44748,"array([3.11827977, 3.02422647])"
9190,7227,3354925,"array([3.20518318, 3.07129862])"
9191,7227,34568,"array([3.20254583, 3.06483852])"
9192,7227,34673,"array([3.18782303, 3.01656931])"
9193,7227,35841,"array([3.16501849, 2.97514067])"
9194,7227,38786,"array([3.15753463, 3.07184138])"
9195,7227,34581,"array([3.22308137, 3.0852764 ])"
9196,7227,35529,"array([3.11682972, 2.98882016])"
9197,7227,34590,"array([3.1270602 , 2.97768097])"
9198,7227,43389,"array([3.11478729, 3.03125434])"
9199,7227,34594,"array([3.13651915, 3.07939899])"
9200,7227,42895,"array([3.11836508, 3.12794617])"
9201,7227,34601,"array([3.20260998, 2.97835455])"
9202,7227,34611,"array([3.20021537, 3.0169339 ])"
9203,7227,43130,"array([3.12585662, 3.01024499])"
9204,7227,34785,"array([3.10161872, 3.03432027])"
9205,7227,5740546,"array([3.13238346, 2.99945628])"
9206,7227,36216,"array([3.15678189, 2.93336338])"
9207,7227,36462,"array([3.11652583, 2.93073666])"
9208,7227,36860,"array([3.14230605, 2.96020595])"
9209,7227,38941,"array([3.11864981, 2.9545441 ])"
9210,7227,39759,"array([3.10584147, 3.00660704])"
9211,7227,44910,"array([3.11817794, 3.00412558])"
9212,7227,326329,"array([3.12236025, 2.92916225])"
9213,7227,3771890,"array([3.1108573 , 2.93388508])"
9214,7227,35325,"array([3.15062523, 3.07721363])"
9215,7227,42398,"array([3.09271413, 3.08656494])"
9216,7227,42659,"array([3.0882563 , 3.07998565])"
9217,7227,34639,"array([3.18322203, 2.99951713])"
9218,7227,34642,"array([3.11634489, 2.99455037])"
9219,7227,40722,"array([3.18781534, 3.06094981])"
9220,7227,37950,"array([3.09905065, 3.05855122])"
9221,7227,41862,"array([3.13987212, 2.97355169])"
9222,7227,34663,"array([3.09517374, 3.0063665 ])"
9223,7227,42635,"array([3.20920755, 2.95762893])"
9224,7227,42295,"array([3.12556205, 2.9963757 ])"
9225,7227,34693,"array([3.2326262 , 3.03750448])"
9226,7227,43356,"array([3.13391458, 3.08606978])"
9227,7227,3354930,"array([3.10681202, 3.02054895])"
9228,7227,36183,"array([3.09167806, 2.99941177])"
9229,7227,44219,"array([3.06092983, 3.01035324])"
9230,7227,34705,"array([3.13575684, 2.97592406])"
9231,7227,34711,"array([3.06676318, 3.03346177])"
9232,7227,34714,"array([3.16428069, 2.95572724])"
9233,7227,38698,"array([3.21101348, 2.99151702])"
9234,7227,43318,"array([3.11032634, 3.00734642])"
9235,7227,2768668,"array([3.13542231, 2.957563  ])"
9236,7227,34718,"array([3.1906853 , 3.10259603])"
9237,7227,43232,"array([3.18740008, 2.99159716])"
9238,7227,326164,"array([3.17745203, 2.97400507])"
9239,7227,326240,"array([3.12173468, 2.96958071])"
9240,7227,35366,"array([3.23958785, 3.04581768])"
9241,7227,37800,"array([3.17722317, 3.01361905])"
9242,7227,39193,"array([3.17061963, 2.99642743])"
9243,7227,40672,"array([3.21358587, 2.97925474])"
9244,7227,42271,"array([3.2388906, 3.0320659])"
9245,7227,42890,"array([3.19639693, 3.0003037 ])"
9246,7227,246629,"array([3.24169   , 3.04116867])"
9247,7227,2768929,"array([3.24038682, 3.03810818])"
9248,7227,2768932,"array([3.23997296, 3.03565266])"
9249,7227,26067053,"array([3.25152244, 3.04163953])"
9250,7227,37986,"array([3.22545224, 2.9849048 ])"
9251,7227,38296,"array([3.23331078, 2.97385868])"
9252,7227,34742,"array([3.22489451, 3.08345978])"
9253,7227,34747,"array([3.18171663, 3.0115622 ])"
9254,7227,34749,"array([3.13514622, 3.08867069])"
9255,7227,41143,"array([3.19436533, 3.08472313])"
9256,7227,41456,"array([3.21139242, 3.04651508])"
9257,7227,42426,"array([3.2242874 , 3.06116082])"
9258,7227,43134,"array([3.18615632, 3.09167449])"
9259,7227,38637,"array([3.16325814, 2.99859932])"
9260,7227,34753,"array([3.18694957, 3.01484559])"
9261,7227,42706,"array([3.20811777, 3.00991063])"
9262,7227,34761,"array([3.15151838, 2.95361346])"
9263,7227,41041,"array([3.18365935, 3.00730333])"
9264,7227,34768,"array([3.10668728, 2.99748256])"
9265,7227,43120,"array([3.10927073, 2.97863776])"
9266,7227,34769,"array([3.19478138, 2.9632728 ])"
9267,7227,50350,"array([3.09515605, 3.1010416 ])"
9268,7227,37671,"array([3.11735988, 3.01176871])"
9269,7227,40892,"array([3.19131329, 3.09160569])"
9270,7227,40983,"array([3.19153416, 3.01733867])"
9271,7227,34773,"array([3.15566488, 2.92511406])"
9272,7227,40869,"array([3.21418544, 2.96470422])"
9273,7227,34775,"array([3.10279233, 3.01357212])"
9274,7227,38122,"array([3.2357189 , 3.00785496])"
9275,7227,39554,"array([3.19606565, 3.02781272])"
9276,7227,41870,"array([3.23660168, 3.01038521])"
9277,7227,42056,"array([3.23884901, 3.01414819])"
9278,7227,39383,"array([3.18630255, 2.98278057])"
9279,7227,40240,"array([3.1716577 , 3.06859683])"
9280,7227,44573,"array([3.11230562, 3.01264131])"
9281,7227,42047,"array([3.12027863, 2.99700144])"
9282,7227,42531,"array([3.19980938, 3.00336533])"
9283,7227,37594,"array([3.11339371, 3.00459803])"
9284,7227,43326,"array([3.10624869, 3.04870186])"
9285,7227,3772064,"array([3.22901488, 3.07003098])"
9286,7227,36454,"array([3.15906505, 3.03432571])"
9287,7227,44271,"array([3.17502076, 3.02946663])"
9288,7227,36623,"array([3.14565765, 2.98820417])"
9289,7227,50300,"array([3.19366923, 2.9805048 ])"
9290,7227,50251,"array([3.14469024, 3.10729955])"
9291,7227,34800,"array([3.1402631 , 2.98521321])"
9292,7227,34801,"array([3.09363658, 3.06635328])"
9293,7227,41132,"array([3.08606931, 3.06367352])"
9294,7227,38329,"array([3.09323125, 2.99323308])"
9295,7227,34808,"array([3.10159319, 3.07527666])"
9296,7227,37884,"array([3.08061417, 3.03631165])"
9297,7227,46187,"array([3.17367273, 2.99503792])"
9298,7227,50363,"array([3.11307437, 2.96615327])"
9299,7227,34962,"array([3.14852508, 2.9887174 ])"
9300,7227,35888,"array([3.15759596, 2.96768024])"
9301,7227,36629,"array([3.1864748 , 2.98082986])"
9302,7227,42663,"array([3.21018568, 3.02529938])"
9303,7227,43696,"array([3.13660734, 3.00799738])"
9304,7227,34834,"array([3.12176812, 2.99034201])"
9305,7227,34835,"array([3.22917484, 3.02243322])"
9306,7227,34838,"array([3.10425549, 3.0332838 ])"
9307,7227,34843,"array([3.25034612, 3.77416158])"
9308,7227,38835,"array([3.24727009, 3.76721886])"
9309,7227,35089,"array([3.12045453, 2.99008795])"
9310,7227,40435,"array([3.13914754, 2.97567652])"
9311,7227,43244,"array([3.10587292, 3.04043222])"
9312,7227,43362,"array([3.13652559, 2.98337922])"
9313,7227,318193,"array([3.20495628, 3.02209583])"
9314,7227,37227,"array([3.17909443, 2.97999891])"
9315,7227,317946,"array([3.19141053, 2.99096363])"
9316,7227,34858,"array([3.08333065, 3.01569966])"
9317,7227,246413,"array([3.06683256, 3.07611386])"
9318,7227,35245,"array([3.2235248 , 3.01131063])"
9319,7227,42503,"array([3.14733672, 2.97367476])"
9320,7227,49802,"array([3.16537101, 2.96257104])"
9321,7227,38290,"array([3.09139438, 3.10340346])"
9322,7227,40681,"array([3.09467642, 3.10611112])"
9323,7227,39388,"array([3.13515614, 2.97454596])"
9324,7227,40606,"array([3.19386076, 2.94704908])"
9325,7227,2768661,"array([3.20029298, 2.96783624])"
9326,7227,43057,"array([3.15339254, 3.05697665])"
9327,7227,43781,"array([3.13159483, 3.09958479])"
9328,7227,34887,"array([3.16415669, 3.00444969])"
9329,7227,34901,"array([3.1434197, 2.9793663])"
9330,7227,39773,"array([3.18404598, 2.94103537])"
9331,7227,50246,"array([3.13722141, 2.97286532])"
9332,7227,318721,"array([3.18282428, 2.94318235])"
9333,7227,37732,"array([3.18398607, 2.95849609])"
9334,7227,34893,"array([3.13870702, 2.96721713])"
9335,7227,36227,"array([3.14661918, 2.98676218])"
9336,7227,36539,"array([3.11096741, 3.06981143])"
9337,7227,3354863,"array([3.12708213, 3.08071428])"
9338,7227,34897,"array([3.20605316, 3.0531526 ])"
9339,7227,34906,"array([3.20231599, 3.00928026])"
9340,7227,36398,"array([3.12331173, 2.98684519])"
9341,7227,42650,"array([3.16313914, 2.96589188])"
9342,7227,43799,"array([3.22182238, 3.05125986])"
9343,7227,36495,"array([3.17456111, 3.01853457])"
9344,7227,41939,"array([3.10167231, 3.00559856])"
9345,7227,42510,"array([3.16374086, 2.9768802 ])"
9346,7227,59184,"array([3.09045609, 3.03800184])"
9347,7227,34917,"array([3.097732  , 3.08560377])"
9348,7227,38688,"array([3.21356833, 3.03701973])"
9349,7227,39829,"array([3.15434057, 3.07315112])"
9350,7227,40721,"array([3.22244938, 3.04034676])"
9351,7227,246434,"array([3.18452619, 3.07319277])"
9352,7227,41215,"array([3.12058658, 3.06169301])"
9353,7227,37364,"array([3.15610243, 3.01374811])"
9354,7227,34931,"array([3.10069984, 3.0941855 ])"
9355,7227,34932,"array([3.087339  , 3.05303296])"
9356,7227,39271,"array([3.14632949, 2.99960078])"
9357,7227,44819,"array([3.13791887, 3.06300749])"
9358,7227,34939,"array([3.14105296, 3.09904532])"
9359,7227,34941,"array([3.214463 , 3.0823071])"
9360,7227,34943,"array([3.23725921, 3.06269272])"
9361,7227,40321,"array([3.27446335, 3.07511637])"
9362,7227,34949,"array([3.07033644, 3.0580897 ])"
9363,7227,34955,"array([3.08990571, 3.06760966])"
9364,7227,318956,"array([3.05011569, 3.08995203])"
9365,7227,40121,"array([3.16017967, 2.93973195])"
9366,7227,2768671,"array([3.15717271, 2.93902282])"
9367,7227,34957,"array([3.15021265, 2.96938338])"
9368,7227,39687,"array([3.11625442, 3.00113583])"
9369,7227,34963,"array([3.07918291, 3.01905522])"
9370,7227,44653,"array([3.18103971, 3.05653396])"
9371,7227,34968,"array([3.11613699, 3.03536557])"
9372,7227,35045,"array([3.17745944, 3.00111926])"
9373,7227,44095,"array([3.19290789, 3.03655937])"
9374,7227,35095,"array([3.2216108 , 3.06626209])"
9375,7227,34975,"array([3.10369383, 3.04081482])"
9376,7227,36962,"array([3.10502099, 3.04474029])"
9377,7227,34977,"array([3.09794817, 2.98277184])"
9378,7227,34979,"array([3.08240181, 3.01277186])"
9379,7227,34985,"array([3.13002052, 2.98969119])"
9380,7227,38674,"array([3.15326702, 3.05874422])"
9381,7227,44915,"array([3.12018739, 3.00921067])"
9382,7227,41623,"array([3.20724982, 2.99629795])"
9383,7227,34988,"array([3.21810956, 3.04006155])"
9384,7227,41706,"array([3.19787503, 2.99265474])"
9385,7227,251984,"array([3.15272884, 2.97043812])"
9386,7227,34998,"array([3.19922135, 3.0988382 ])"
9387,7227,35000,"array([3.09289471, 3.02627032])"
9388,7227,35002,"array([3.1042736 , 3.05609899])"
9389,7227,38693,"array([3.10742607, 3.02159602])"
9390,7227,35005,"array([3.14173129, 2.31062978])"
9391,7227,40991,"array([3.13822829, 2.31619446])"
9392,7227,35918,"array([3.12016532, 3.11199198])"
9393,7227,36350,"array([3.11658732, 3.10960704])"
9394,7227,37097,"array([3.20281108, 3.03189916])"
9395,7227,41100,"array([3.15222348, 3.07100967])"
9396,7227,41189,"array([3.13461123, 3.06096006])"
9397,7227,37527,"array([3.24270853, 2.95814278])"
9398,7227,35015,"array([3.10565579, 3.06087146])"
9399,7227,318066,"array([3.23010623, 2.98984819])"
9400,7227,35019,"array([3.09060464, 2.95741563])"
9401,7227,35031,"array([3.22878105, 2.95107531])"
9402,7227,43319,"array([3.17748695, 3.03571451])"
9403,7227,35037,"array([3.17004984, 3.10767008])"
9404,7227,42196,"array([3.13709955, 3.07688979])"
9405,7227,43867,"array([3.13075093, 2.99269709])"
9406,7227,43214,"array([3.13144548, 3.00703946])"
9407,7227,39224,"array([3.17545262, 2.98343417])"
9408,7227,35778,"array([3.19018198, 3.0087257 ])"
9409,7227,5740609,"array([3.22354031, 3.04461161])"
9410,7227,36433,"array([3.10164506, 2.99932997])"
9411,7227,36434,"array([3.0841136 , 3.00840755])"
9412,7227,36636,"array([3.15173523, 2.99598215])"
9413,7227,39225,"array([3.10470637, 2.9841497 ])"
9414,7227,40181,"array([3.07500751, 2.99277129])"
9415,7227,40449,"array([3.09660989, 3.032554  ])"
9416,7227,42194,"array([3.07730869, 2.98675801])"
9417,7227,44021,"array([3.10820534, 3.06818079])"
9418,7227,35055,"array([3.17045049, 3.08487406])"
9419,7227,38360,"array([3.09611748, 3.01312851])"
9420,7227,35062,"array([3.1465735 , 3.10614348])"
9421,7227,35065,"array([3.13778447, 2.93926682])"
9422,7227,35212,"array([3.19019465, 2.97311612])"
9423,7227,50143,"array([3.14833944, 3.01573929])"
9424,7227,35080,"array([3.17431616, 2.97140858])"
9425,7227,37500,"array([3.18843376, 2.92446411])"
9426,7227,35083,"array([3.07590782, 2.98490702])"
9427,7227,35090,"array([3.11489939, 2.95183254])"
9428,7227,35091,"array([3.12380497, 3.07666063])"
9429,7227,39167,"array([3.12049951, 3.00786781])"
9430,7227,35118,"array([3.19942917, 2.99464397])"
9431,7227,42260,"array([3.15432891, 2.9616258 ])"
9432,7227,35143,"array([3.17521627, 3.12517136])"
9433,7227,38338,"array([3.19542418, 3.02430652])"
9434,7227,35153,"array([3.216263  , 3.01872611])"
9435,7227,35419,"array([3.11473135, 3.07227982])"
9436,7227,38818,"array([3.20638524, 3.04306809])"
9437,7227,38942,"array([3.14751813, 2.99324328])"
9438,7227,39876,"array([3.20308773, 2.9863409 ])"
9439,7227,39994,"array([3.22637244, 3.03963296])"
9440,7227,41358,"array([3.16848709, 3.0918087 ])"
9441,7227,59214,"array([3.22396593, 3.04638472])"
9442,7227,2768909,"array([3.20373224, 2.98340492])"
9443,7227,38810,"array([3.17717444, 3.06551472])"
9444,7227,317903,"array([3.22472727, 2.97832   ])"
9445,7227,35157,"array([3.17059712, 2.99730314])"
9446,7227,36233,"array([3.09022795, 3.03348397])"
9447,7227,38519,"array([3.15252136, 3.07444228])"
9448,7227,44008,"array([3.1456146 , 3.06948531])"
9449,7227,318134,"array([3.06989901, 3.04960604])"
9450,7227,35741,"array([3.06446478, 3.01369251])"
9451,7227,35166,"array([3.10849013, 3.07000118])"
9452,7227,35167,"array([3.20740667, 3.08058993])"
9453,7227,43221,"array([3.2114026 , 3.02783644])"
9454,7227,38529,"array([3.11150385, 2.98428827])"
9455,7227,36556,"array([3.13692526, 2.9689954 ])"
9456,7227,41747,"array([3.18052814, 2.98884425])"
9457,7227,40792,"array([3.28453285, 2.98222939])"
9458,7227,35749,"array([3.1112179 , 2.99692415])"
9459,7227,36528,"array([3.10552033, 2.97546488])"
9460,7227,36799,"array([3.11232102, 2.98199075])"
9461,7227,42572,"array([3.12069166, 2.9981471 ])"
9462,7227,37413,"array([3.10955016, 3.01706346])"
9463,7227,35197,"array([3.16547595, 3.00903302])"
9464,7227,37175,"array([3.12542241, 2.9506378 ])"
9465,7227,41036,"array([3.10468698, 3.00389941])"
9466,7227,44359,"array([3.19547428, 3.03505235])"
9467,7227,50459,"array([3.08792496, 3.0019454 ])"
9468,7227,3355107,"array([3.13428886, 2.9638933 ])"
9469,7227,43279,"array([3.10397685, 3.06872712])"
9470,7227,35890,"array([3.09101342, 2.96107672])"
9471,7227,36354,"array([3.16181132, 3.06739633])"
9472,7227,37092,"array([3.10213208, 3.05927206])"
9473,7227,39507,"array([3.08011797, 3.00964987])"
9474,7227,39867,"array([3.13225452, 2.97375133])"
9475,7227,39870,"array([3.08948892, 2.97443486])"
9476,7227,40011,"array([3.13530844, 2.97848513])"
9477,7227,40354,"array([3.12940023, 2.95877301])"
9478,7227,41513,"array([3.1090288 , 2.99876081])"
9479,7227,42116,"array([3.08888768, 2.96279135])"
9480,7227,42267,"array([3.15705296, 2.99264131])"
9481,7227,40084,"array([3.17658648, 3.00018636])"
9482,7227,35216,"array([3.07272144, 3.05891064])"
9483,7227,35218,"array([3.0976847 , 3.09500879])"
9484,7227,36196,"array([3.2056765 , 3.06124879])"
9485,7227,40695,"array([3.1762738 , 3.07901081])"
9486,7227,35220,"array([3.18872714, 2.96917746])"
9487,7227,38286,"array([3.08282558, 3.03378131])"
9488,7227,42165,"array([3.10245183, 3.01727431])"
9489,7227,50096,"array([3.05593875, 3.04050498])"
9490,7227,42801,"array([3.13810301, 3.0022856 ])"
9491,7227,36410,"array([3.13173203, 2.95550096])"
9492,7227,35238,"array([3.06462569, 3.02377289])"
9493,7227,50129,"array([3.08093407, 3.04741368])"
9494,7227,35242,"array([3.04335569, 3.01468764])"
9495,7227,38836,"array([3.09318364, 3.05207497])"
9496,7227,44183,"array([3.09543772, 3.03974155])"
9497,7227,38932,"array([3.08861584, 3.01404405])"
9498,7227,36918,"array([3.14678684, 3.0707884 ])"
9499,7227,39833,"array([3.17314961, 3.08707085])"
9500,7227,42664,"array([3.16968063, 2.98712034])"
9501,7227,44098,"array([3.1939958 , 3.00224265])"
9502,7227,3772506,"array([3.18222624, 3.07004276])"
9503,7227,35856,"array([3.06726568, 3.05834278])"
9504,7227,42070,"array([3.06124331, 3.0532878 ])"
9505,7227,42235,"array([3.06461669, 3.05093453])"
9506,7227,43308,"array([3.07432924, 3.02904422])"
9507,7227,40574,"array([3.09275696, 3.03784367])"
9508,7227,41001,"array([3.17399499, 2.99034521])"
9509,7227,41346,"array([3.11091893, 3.06533532])"
9510,7227,36673,"array([3.18231544, 2.97018737])"
9511,7227,36790,"array([3.18433953, 3.00543769])"
9512,7227,41235,"array([3.22916131, 3.01098071])"
9513,7227,37486,"array([3.11197465, 2.95381635])"
9514,7227,38502,"array([3.08373038, 2.9714543 ])"
9515,7227,35280,"array([3.10831376, 3.05146586])"
9516,7227,35282,"array([3.10322206, 2.98816992])"
9517,7227,36653,"array([3.16402683, 3.08314279])"
9518,7227,41919,"array([3.19039068, 3.05806924])"
9519,7227,35291,"array([3.22986377, 2.9973374 ])"
9520,7227,39242,"array([3.19064797, 3.08427702])"
9521,7227,35295,"array([3.1665911 , 2.95901568])"
9522,7227,35575,"array([3.21026108, 3.04373597])"
9523,7227,35929,"array([3.18892252, 2.98759194])"
9524,7227,35309,"array([3.14955611, 2.96480752])"
9525,7227,38757,"array([3.08682602, 3.03096697])"
9526,7227,38970,"array([3.10888012, 3.04845976])"
9527,7227,37319,"array([3.12617452, 3.00619048])"
9528,7227,42919,"array([3.10642871, 3.01431512])"
9529,7227,35312,"array([3.15055599, 2.93378387])"
9530,7227,36403,"array([3.1549233 , 3.08486944])"
9531,7227,35319,"array([3.16593209, 3.06992433])"
9532,7227,43973,"array([3.05752407, 3.05817632])"
9533,7227,39415,"array([3.12502894, 3.07556204])"
9534,7227,35324,"array([3.08269066, 2.95224632])"
9535,7227,35331,"array([3.21382318, 2.95190813])"
9536,7227,38800,"array([3.17738336, 2.99378317])"
9537,7227,41652,"array([3.21643944, 3.05851505])"
9538,7227,42687,"array([3.14195683, 3.0216215 ])"
9539,7227,42072,"array([3.23094896, 3.08977059])"
9540,7227,38116,"array([3.17148264, 2.99452578])"
9541,7227,43737,"array([3.10737548, 2.97302105])"
9542,7227,42585,"array([3.12051165, 2.96418197])"
9543,7227,35353,"array([3.12387035, 2.9829861 ])"
9544,7227,39954,"array([3.19003413, 3.02844041])"
9545,7227,35369,"array([3.0800524 , 3.07483149])"
9546,7227,35370,"array([3.16809525, 2.94736522])"
9547,7227,36103,"array([3.17578869, 2.90645395])"
9548,7227,35372,"array([3.23622648, 3.02857261])"
9549,7227,35374,"array([3.11775276, 3.08130885])"
9550,7227,35376,"array([3.09192945, 3.05584084])"
9551,7227,41247,"array([3.15321753, 3.07129024])"
9552,7227,318625,"array([3.13615768, 2.99603678])"
9553,7227,38485,"array([3.14768051, 3.09295328])"
9554,7227,35387,"array([3.09924964, 3.07129277])"
9555,7227,35393,"array([3.16943448, 2.97746867])"
9556,7227,35394,"array([3.11909944, 2.96265138])"
9557,7227,39515,"array([3.11714931, 2.98458335])"
9558,7227,43293,"array([3.2252522 , 3.01845878])"
9559,7227,42300,"array([3.1671395 , 2.99050274])"
9560,7227,35405,"array([3.21968305, 3.0256284 ])"
9561,7227,36331,"array([3.22760812, 3.07298249])"
9562,7227,37058,"array([3.11703414, 2.99592641])"
9563,7227,37807,"array([3.21020023, 3.0398973 ])"
9564,7227,39548,"array([3.20133607, 3.00290223])"
9565,7227,40962,"array([3.20756657, 3.04628791])"
9566,7227,42326,"array([3.16951294, 3.10576603])"
9567,7227,42769,"array([3.20831033, 3.06925476])"
9568,7227,43451,"array([3.2316466 , 3.06320006])"
9569,7227,36990,"array([3.15490409, 3.06316132])"
9570,7227,36531,"array([3.11275982, 3.08198757])"
9571,7227,40708,"array([3.1197772, 3.0736526])"
9572,7227,53433,"array([3.15486836, 3.05295713])"
9573,7227,37250,"array([3.21721795, 2.99852839])"
9574,7227,36163,"array([3.10903042, 3.0371851 ])"
9575,7227,35429,"array([3.23565162, 3.03940969])"
9576,7227,35437,"array([2.67993677, 2.49476495])"
9577,7227,37405,"array([2.68499894, 2.49025319])"
9578,7227,35438,"array([3.11216827, 2.95821458])"
9579,7227,38170,"array([3.09573813, 2.97563353])"
9580,7227,43568,"array([3.1348369 , 3.09908662])"
9581,7227,39996,"array([3.16735404, 3.10103083])"
9582,7227,326144,"array([3.22858281, 3.03977997])"
9583,7227,35938,"array([3.10152719, 2.96737787])"
9584,7227,42657,"array([3.1938707 , 2.99005178])"
9585,7227,43434,"array([3.19061285, 3.04806928])"
9586,7227,35491,"array([3.12440013, 3.10517612])"
9587,7227,37983,"array([3.23387311, 3.08332803])"
9588,7227,3772322,"array([3.23616494, 3.07845213])"
9589,7227,35504,"array([3.20120005, 2.99887237])"
9590,7227,246640,"array([3.14448855, 2.99571033])"
9591,7227,36457,"array([3.09665689, 2.99078851])"
9592,7227,37899,"array([3.08353025, 3.07523201])"
9593,7227,40165,"array([3.17373554, 3.02426185])"
9594,7227,37905,"array([3.0842771 , 3.10104379])"
9595,7227,39677,"array([3.06976428, 3.0441466 ])"
9596,7227,42094,"array([3.08715195, 3.10307056])"
9597,7227,43314,"array([3.10567267, 3.07772682])"
9598,7227,35519,"array([3.11542331, 2.96377841])"
9599,7227,36787,"array([3.2052436 , 3.05581393])"
9600,7227,326140,"array([3.11394434, 3.06634947])"
9601,7227,37356,"array([3.17452675, 3.03662317])"
9602,7227,42651,"array([3.14588465, 2.98087498])"
9603,7227,38976,"array([3.10085026, 3.051655  ])"
9604,7227,35546,"array([3.11977613, 3.09321292])"
9605,7227,35547,"array([3.10964739, 3.08143653])"
9606,7227,43476,"array([3.14043292, 3.07869991])"
9607,7227,35549,"array([3.16744211, 2.99270999])"
9608,7227,42645,"array([3.16084554, 3.00661919])"
9609,7227,44858,"array([3.09310887, 3.03433346])"
9610,7227,39657,"array([3.1983631 , 3.01039366])"
9611,7227,35567,"array([3.05470772, 3.05163013])"
9612,7227,35571,"array([3.07125406, 3.06139928])"
9613,7227,48440,"array([3.19352821, 3.0095157 ])"
9614,7227,35587,"array([3.14696367, 2.96403613])"
9615,7227,37648,"array([3.09515858, 3.07920732])"
9616,7227,38466,"array([3.12758965, 3.1037486 ])"
9617,7227,42003,"array([3.20063268, 3.02300755])"
9618,7227,50208,"array([3.1401981 , 3.10536851])"
9619,7227,8674000,"array([3.20050383, 3.03707235])"
9620,7227,41157,"array([3.10436789, 2.981976  ])"
9621,7227,35592,"array([3.06711633, 3.02716853])"
9622,7227,36598,"array([3.17177742, 2.99766698])"
9623,7227,319020,"array([3.15215043, 2.96849922])"
9624,7227,38313,"array([3.14123709, 3.11222639])"
9625,7227,37446,"array([3.24930118, 2.99056255])"
9626,7227,38163,"array([3.23748491, 3.07534176])"
9627,7227,35611,"array([3.06677352, 3.04717567])"
9628,7227,35612,"array([3.19324449, 2.93814425])"
9629,7227,35614,"array([3.10822056, 3.02281128])"
9630,7227,35615,"array([3.23722301, 3.04756605])"
9631,7227,35620,"array([3.12469275, 3.08359636])"
9632,7227,35634,"array([3.10067722, 3.10034447])"
9633,7227,35639,"array([3.10851356, 2.95814817])"
9634,7227,35644,"array([3.06724584, 3.07062648])"
9635,7227,35916,"array([3.17246019, 2.9910028 ])"
9636,7227,38683,"array([3.0936354 , 2.97173706])"
9637,7227,39619,"array([3.14629955, 2.98323664])"
9638,7227,43062,"array([3.117865  , 3.06562991])"
9639,7227,35655,"array([3.07488861, 2.96923162])"
9640,7227,35659,"array([3.13142637, 2.93059998])"
9641,7227,40640,"array([3.13853983, 2.98838431])"
9642,7227,36260,"array([3.14946225, 3.08592489])"
9643,7227,35665,"array([3.20324774, 2.92848754])"
9644,7227,35672,"array([3.10080072, 2.96477065])"
9645,7227,35673,"array([3.08428956, 3.00663123])"
9646,7227,35684,"array([3.12368066, 3.05018477])"
9647,7227,44006,"array([3.18846419, 2.97148267])"
9648,7227,35695,"array([3.1547838 , 2.94971139])"
9649,7227,41071,"array([3.11863051, 3.01814902])"
9650,7227,42928,"array([3.18538889, 2.99884476])"
9651,7227,38164,"array([3.11509821, 3.10158263])"
9652,7227,35705,"array([3.22723605, 3.01966806])"
9653,7227,5740235,"array([3.21875716, 3.01207539])"
9654,7227,43591,"array([3.12748831, 3.0719047 ])"
9655,7227,246419,"array([3.08525885, 3.047943  ])"
9656,7227,35710,"array([3.22621224, 3.0561661 ])"
9657,7227,37938,"array([3.09268656, 3.02024484])"
9658,7227,35720,"array([3.21354331, 2.993207  ])"
9659,7227,5740766,"array([3.04875829, 3.04600038])"
9660,7227,40116,"array([3.12510244, 3.12277639])"
9661,7227,5740536,"array([3.07239592, 2.99767968])"
9662,7227,35746,"array([3.07384521, 3.04531576])"
9663,7227,35757,"array([3.08515139, 3.04154627])"
9664,7227,35758,"array([3.1004571 , 3.11071029])"
9665,7227,35763,"array([3.08244997, 2.98721175])"
9666,7227,43927,"array([3.10038514, 3.02293729])"
9667,7227,43067,"array([3.14593974, 3.07336961])"
9668,7227,35773,"array([3.1676373 , 2.93694789])"
9669,7227,35774,"array([3.19342623, 3.12292122])"
9670,7227,318983,"array([3.13014025, 3.09831958])"
9671,7227,43040,"array([3.10012883, 3.06220739])"
9672,7227,35787,"array([3.19884724, 2.99778239])"
9673,7227,261629,"array([3.19165967, 3.00491248])"
9674,7227,35797,"array([3.21692888, 3.08920857])"
9675,7227,35803,"array([3.23758022, 3.03746345])"
9676,7227,40862,"array([3.22753934, 2.98581327])"
9677,7227,35810,"array([3.18909305, 3.06018041])"
9678,7227,36662,"array([3.22642425, 3.00685801])"
9679,7227,35827,"array([3.19958898, 2.92700307])"
9680,7227,35829,"array([3.11464764, 2.99296255])"
9681,7227,35832,"array([3.23784031, 3.03433118])"
9682,7227,35835,"array([3.159646  , 2.93134248])"
9683,7227,42299,"array([3.09683825, 3.07852848])"
9684,7227,35838,"array([3.10503885, 2.9732677 ])"
9685,7227,35846,"array([3.13989091, 3.08814818])"
9686,7227,38194,"array([3.22666047, 3.01680691])"
9687,7227,44483,"array([3.21223669, 3.02470963])"
9688,7227,246538,"array([3.20223849, 3.02347583])"
9689,7227,35855,"array([3.06093418, 3.04797702])"
9690,7227,35859,"array([3.16468001, 2.93853498])"
9691,7227,35860,"array([3.16444605, 2.93510437])"
9692,7227,35861,"array([3.16971282, 2.93858097])"
9693,7227,38597,"array([3.10880174, 3.01801712])"
9694,7227,35879,"array([3.17899336, 2.98404758])"
9695,7227,44669,"array([3.12186561, 3.08046433])"
9696,7227,42169,"array([3.15614197, 3.03892668])"
9697,7227,38702,"array([3.09857883, 3.00865972])"
9698,7227,59159,"array([3.11085443, 3.01528028])"
9699,7227,42498,"array([3.10601394, 3.03139756])"
9700,7227,35899,"array([3.1913928 , 2.96420986])"
9701,7227,35909,"array([3.11027134, 3.08843306])"
9702,7227,44513,"array([3.21774488, 3.06110523])"
9703,7227,38552,"array([3.18653393, 2.99628749])"
9704,7227,318680,"array([3.08015651, 3.05971385])"
9705,7227,35928,"array([3.10211159, 3.08171141])"
9706,7227,35932,"array([3.08953665, 3.10795151])"
9707,7227,50161,"array([3.12059076, 3.00310363])"
9708,7227,318582,"array([3.13511778, 3.1284853 ])"
9709,7227,4379854,"array([3.12241546, 2.98748633])"
9710,7227,42795,"array([3.20972046, 3.07016299])"
9711,7227,59246,"array([3.19231997, 3.02897077])"
9712,7227,38590,"array([3.20339449, 3.07280246])"
9713,7227,40112,"array([3.22744107, 3.04672362])"
9714,7227,38151,"array([3.15405274, 2.9763965 ])"
9715,7227,41914,"array([3.28177102, 3.08125637])"
9716,7227,53558,"array([3.1231594 , 2.99966649])"
9717,7227,35968,"array([3.26732184, 3.04561821])"
9718,7227,41174,"array([3.22242083, 3.03805929])"
9719,7227,36284,"array([3.16336374, 3.0994237 ])"
9720,7227,38125,"array([3.19784319, 2.98451292])"
9721,7227,38128,"array([3.174564  , 2.95234219])"
9722,7227,317944,"array([3.16916937, 3.09918041])"
9723,7227,41810,"array([3.22371184, 2.99850771])"
9724,7227,35996,"array([3.08839604, 3.07705779])"
9725,7227,38850,"array([3.2211158 , 3.05298718])"
9726,7227,37815,"array([3.10170846, 3.01864585])"
9727,7227,40610,"array([3.13565962, 2.98912435])"
9728,7227,326177,"array([3.08438339, 3.04562464])"
9729,7227,36501,"array([3.19917095, 3.04257818])"
9730,7227,36016,"array([3.12447518, 3.07918997])"
9731,7227,36009,"array([3.16234096, 3.08389831])"
9732,7227,37498,"array([3.12034605, 2.99964382])"
9733,7227,45556,"array([3.08515954, 3.04987969])"
9734,7227,36034,"array([3.16179474, 2.95666484])"
9735,7227,39215,"array([3.10739759, 3.08401888])"
9736,7227,37886,"array([3.1970804 , 3.01303423])"
9737,7227,37357,"array([3.08730513, 3.01762031])"
9738,7227,40906,"array([3.10998991, 2.96172602])"
9739,7227,38203,"array([3.1109292 , 3.02228746])"
9740,7227,36047,"array([3.10560333, 3.0902216 ])"
9741,7227,36049,"array([3.1835306 , 3.11591683])"
9742,7227,43234,"array([3.18243706, 2.98756535])"
9743,7227,246624,"array([3.08655243, 3.02172016])"
9744,7227,12798465,"array([3.21201379, 3.05239759])"
9745,7227,36061,"array([3.20816086, 3.02615073])"
9746,7227,47764,"array([3.20129647, 2.96556029])"
9747,7227,36076,"array([3.06254669, 3.03031581])"
9748,7227,36077,"array([3.06995703, 3.0082926 ])"
9749,7227,36759,"array([3.09602963, 3.00964063])"
9750,7227,43115,"array([3.10887312, 3.0122142 ])"
9751,7227,37575,"array([3.11745641, 3.06954865])"
9752,7227,36082,"array([3.12182985, 3.10988976])"
9753,7227,41480,"array([3.09939055, 3.06427505])"
9754,7227,36091,"array([3.10943952, 3.00476483])"
9755,7227,50432,"array([3.09020774, 2.99623648])"
9756,7227,37760,"array([3.10930844, 3.00357101])"
9757,7227,39916,"array([3.08101596, 3.02280428])"
9758,7227,36093,"array([3.1307404 , 3.11830066])"
9759,7227,36095,"array([3.15828626, 3.11779448])"
9760,7227,36096,"array([3.11916298, 3.10469551])"
9761,7227,37037,"array([3.19794658, 2.97299098])"
9762,7227,41438,"array([3.231619  , 3.00497361])"
9763,7227,38520,"array([3.17332163, 3.01229554])"
9764,7227,40812,"array([3.22488887, 3.04157089])"
9765,7227,37414,"array([3.17442036, 3.02323566])"
9766,7227,36529,"array([3.26129003, 3.08830705])"
9767,7227,40770,"array([3.15059806, 3.11273712])"
9768,7227,39238,"array([3.1156609 , 3.00314377])"
9769,7227,36178,"array([3.13502652, 2.96058999])"
9770,7227,36182,"array([3.04967353, 3.01429921])"
9771,7227,36297,"array([3.04650822, 2.97728855])"
9772,7227,38709,"array([3.08144834, 2.99518687])"
9773,7227,39510,"array([3.05233203, 2.98879903])"
9774,7227,43869,"array([3.07433781, 2.99563742])"
9775,7227,41455,"array([3.10378944, 3.02045138])"
9776,7227,43440,"array([3.17386787, 3.07389001])"
9777,7227,43462,"array([3.09524034, 3.08301227])"
9778,7227,40945,"array([3.21928772, 2.95994049])"
9779,7227,36208,"array([3.14733144, 3.06795975])"
9780,7227,36222,"array([3.15468568, 3.11125337])"
9781,7227,37930,"array([3.12723049, 2.94584225])"
9782,7227,38922,"array([3.14871193, 2.95905002])"
9783,7227,42627,"array([3.13675564, 2.98178241])"
9784,7227,38324,"array([3.18484203, 2.98888332])"
9785,7227,36250,"array([3.1931658 , 2.92565402])"
9786,7227,40369,"array([3.17240136, 3.0443028 ])"
9787,7227,36255,"array([3.21122593, 2.97852538])"
9788,7227,36262,"array([3.08588747, 3.11644322])"
9789,7227,36510,"array([3.0720233, 3.0735469])"
9790,7227,43671,"array([3.20692778, 2.96631123])"
9791,7227,3772183,"array([3.1836799 , 2.95571547])"
9792,7227,40377,"array([3.11755596, 3.0644548 ])"
9793,7227,43484,"array([3.14902008, 2.95434047])"
9794,7227,44531,"array([3.17759843, 3.05064466])"
9795,7227,50323,"array([3.11324873, 2.96353416])"
9796,7227,36961,"array([3.08508935, 3.01406111])"
9797,7227,39786,"array([3.09435164, 3.008325  ])"
9798,7227,36276,"array([3.17085941, 2.96917345])"
9799,7227,37159,"array([3.07363451, 3.04024806])"
9800,7227,42322,"array([3.21083216, 3.01088611])"
9801,7227,36300,"array([2.50603129, 3.33056956])"
9802,7227,50417,"array([3.13849653, 3.08528031])"
9803,7227,317885,"array([3.0842769 , 3.06702148])"
9804,7227,41197,"array([3.1536501 , 2.95554433])"
9805,7227,36316,"array([3.12991294, 3.09332235])"
9806,7227,41892,"array([3.18536246, 3.02474484])"
9807,7227,43665,"array([3.16832652, 2.97023673])"
9808,7227,43792,"array([3.23106851, 3.05095638])"
9809,7227,5740816,"array([3.15099575, 2.97290084])"
9810,7227,36330,"array([3.13951553, 2.99483699])"
9811,7227,36335,"array([3.10202027, 2.99189806])"
9812,7227,38783,"array([3.14996476, 2.95706336])"
9813,7227,40283,"array([3.19947379, 2.99899724])"
9814,7227,36345,"array([3.09512669, 3.01083423])"
9815,7227,36346,"array([3.16774556, 2.9943762 ])"
9816,7227,43538,"array([3.046777 , 3.0303925])"
9817,7227,36353,"array([3.05633636, 3.01237431])"
9818,7227,40804,"array([3.06955333, 3.07440709])"
9819,7227,36359,"array([3.09970998, 2.9483128 ])"
9820,7227,39219,"array([3.18399367, 3.02456501])"
9821,7227,42272,"array([3.11199174, 3.00173705])"
9822,7227,41434,"array([3.21987742, 3.01740694])"
9823,7227,42939,"array([3.21087581, 3.0069537 ])"
9824,7227,37492,"array([3.16977028, 2.98537092])"
9825,7227,5740203,"array([3.22850548, 2.97969082])"
9826,7227,36375,"array([3.20933857, 3.0922853 ])"
9827,7227,36620,"array([3.17464827, 3.08239722])"
9828,7227,38971,"array([3.18041739, 2.99203602])"
9829,7227,41645,"array([3.22141342, 3.0101374 ])"
9830,7227,42973,"array([3.21072172, 3.02227067])"
9831,7227,49953,"array([3.188408  , 3.03622599])"
9832,7227,36380,"array([3.16255516, 2.97327256])"
9833,7227,36385,"array([3.1605634 , 3.11539891])"
9834,7227,36396,"array([3.1779695 , 3.09849506])"
9835,7227,36404,"array([3.08466738, 3.08272155])"
9836,7227,36405,"array([3.20743489, 3.05849591])"
9837,7227,326224,"array([3.17904724, 2.98186814])"
9838,7227,36412,"array([3.20261735, 3.10264087])"
9839,7227,36650,"array([3.20262481, 3.01915347])"
9840,7227,36429,"array([3.15455127, 3.00885994])"
9841,7227,39501,"array([3.10110372, 3.06062954])"
9842,7227,42197,"array([3.11804531, 2.97855203])"
9843,7227,41090,"array([3.20573425, 3.02358142])"
9844,7227,36432,"array([3.19510032, 3.02705015])"
9845,7227,36445,"array([3.11449302, 3.11486543])"
9846,7227,36447,"array([3.13334909, 3.1128726 ])"
9847,7227,36459,"array([3.08271181, 2.99763674])"
9848,7227,5740362,"array([3.24245792, 3.00036526])"
9849,7227,36464,"array([3.08586474, 3.02774948])"
9850,7227,36484,"array([3.12386574, 2.97452315])"
9851,7227,36487,"array([3.16329049, 3.05118521])"
9852,7227,37179,"array([3.14474173, 3.08204085])"
9853,7227,38003,"array([3.19681427, 3.04732763])"
9854,7227,38738,"array([3.16043213, 2.99689094])"
9855,7227,41728,"array([3.22325679, 3.02037407])"
9856,7227,42212,"array([3.1318496 , 2.98237259])"
9857,7227,37182,"array([3.206674  , 3.01101677])"
9858,7227,36521,"array([3.10852202, 2.98980477])"
9859,7227,326118,"array([3.20971696, 3.04539538])"
9860,7227,42098,"array([3.09993289, 2.96928916])"
9861,7227,38092,"array([3.09357428, 3.00025934])"
9862,7227,37222,"array([3.15428429, 3.08650557])"
9863,7227,326256,"array([3.14344787, 3.08490538])"
9864,7227,36548,"array([3.17959842, 2.94956156])"
9865,7227,38632,"array([3.09518906, 3.04424277])"
9866,7227,36562,"array([3.22002161, 3.04135487])"
9867,7227,42188,"array([3.11198134, 3.01964713])"
9868,7227,39710,"array([3.07717585, 2.99925869])"
9869,7227,40503,"array([3.06533612, 3.0402961 ])"
9870,7227,50458,"array([3.05038413, 3.02148468])"
9871,7227,40710,"array([3.20194972, 3.05323593])"
9872,7227,42434,"array([3.16593014, 3.07395913])"
9873,7227,40967,"array([3.11643388, 3.00793864])"
9874,7227,36580,"array([3.14237208, 2.92972877])"
9875,7227,36582,"array([3.14789145, 3.10185359])"
9876,7227,36588,"array([3.19689464, 2.98285956])"
9877,7227,2768992,"array([3.20517668, 2.99656603])"
9878,7227,39202,"array([3.16391956, 2.98695214])"
9879,7227,37430,"array([3.16451939, 3.02445419])"
9880,7227,36609,"array([3.17168936, 2.99568986])"
9881,7227,43603,"array([3.20641864, 3.08459018])"
9882,7227,39849,"array([3.14055718, 2.9867683 ])"
9883,7227,36625,"array([3.16796009, 3.12138235])"
9884,7227,41547,"array([3.08806913, 3.02026993])"
9885,7227,39769,"array([3.17415602, 3.09816486])"
9886,7227,36651,"array([3.21788575, 3.08425016])"
9887,7227,50026,"array([3.16966002, 2.95201948])"
9888,7227,50124,"array([3.2100879 , 2.99677861])"
9889,7227,3772069,"array([3.19578193, 3.04302247])"
9890,7227,326232,"array([3.12701217, 3.00457417])"
9891,7227,36663,"array([3.11540873, 2.98157763])"
9892,7227,37363,"array([3.08368348, 2.94304403])"
9893,7227,42926,"array([3.13955412, 2.95055641])"
9894,7227,36671,"array([3.11940573, 3.07193414])"
9895,7227,42678,"array([3.1757729, 2.9762763])"
9896,7227,36679,"array([3.18273156, 3.00335936])"
9897,7227,40259,"array([3.05668088, 3.00528952])"
9898,7227,36695,"array([3.12857518, 3.08887158])"
9899,7227,45908,"array([3.19874488, 3.01330981])"
9900,7227,50206,"array([3.20750887, 3.04002676])"
9901,7227,41884,"array([3.10450613, 2.99067255])"
9902,7227,246412,"array([3.07875205, 3.0125324 ])"
9903,7227,36702,"array([3.20543287, 3.00924358])"
9904,7227,39269,"array([3.23381532, 3.04162407])"
9905,7227,43904,"array([3.12920202, 3.0762449 ])"
9906,7227,36708,"array([3.11253977, 2.97846089])"
9907,7227,36724,"array([3.14559199, 3.11717823])"
9908,7227,45668,"array([3.16112691, 3.06451248])"
9909,7227,36732,"array([3.17406952, 3.09484102])"
9910,7227,12797890,"array([3.10017016, 2.99635086])"
9911,7227,42907,"array([3.10354592, 2.99391229])"
9912,7227,36749,"array([3.08875071, 3.06960357])"
9913,7227,318210,"array([3.11223726, 3.08837237])"
9914,7227,39676,"array([3.13425524, 3.09235933])"
9915,7227,36770,"array([3.20986371, 3.10511338])"
9916,7227,38919,"array([3.17458397, 2.96602367])"
9917,7227,36779,"array([3.09786155, 3.097992  ])"
9918,7227,36780,"array([3.21570418, 2.98970576])"
9919,7227,37007,"array([3.19939791, 2.98818625])"
9920,7227,37294,"array([3.09112246, 3.05944615])"
9921,7227,3772247,"array([3.20312052, 3.06748183])"
9922,7227,3772505,"array([3.24031347, 3.01696685])"
9923,7227,36800,"array([3.17878543, 2.96154031])"
9924,7227,40234,"array([3.19367659, 2.9662749 ])"
9925,7227,2768998,"array([3.10551801, 3.02574234])"
9926,7227,43715,"array([3.21418615, 3.00664648])"
9927,7227,40916,"array([3.14545246, 2.97352714])"
9928,7227,36814,"array([3.06581915, 2.97918376])"
9929,7227,318957,"array([3.23416172, 2.9498766 ])"
9930,7227,40897,"array([3.09916963, 2.99318229])"
9931,7227,38379,"array([3.18224221, 3.027018  ])"
9932,7227,40809,"array([3.11401458, 3.11091634])"
9933,7227,41695,"array([3.0994747 , 3.09195653])"
9934,7227,39593,"array([3.08738143, 2.97278951])"
9935,7227,37388,"array([3.05154412, 3.08081601])"
9936,7227,36841,"array([3.2062017 , 3.00628371])"
9937,7227,41177,"array([3.11890256, 3.08392204])"
9938,7227,38602,"array([3.21183319, 3.07935328])"
9939,7227,40922,"array([3.16738763, 3.1076798 ])"
9940,7227,41017,"array([3.17555413, 3.08052181])"
9941,7227,41960,"array([3.19257631, 3.08111937])"
9942,7227,36852,"array([3.08580054, 3.07007544])"
9943,7227,36853,"array([3.07614992, 2.95768411])"
9944,7227,38559,"array([3.22698992, 3.03715296])"
9945,7227,42376,"array([3.06112221, 3.03299694])"
9946,7227,36858,"array([3.20349136, 2.9599578 ])"
9947,7227,36871,"array([3.23211603, 2.98730721])"
9948,7227,36872,"array([3.21496442, 3.09165807])"
9949,7227,36877,"array([3.10799653, 2.99545329])"
9950,7227,36880,"array([3.11544227, 2.96095454])"
9951,7227,36882,"array([3.22486261, 3.03116085])"
9952,7227,38964,"array([3.14891375, 3.06833304])"
9953,7227,36891,"array([3.18121536, 3.01796354])"
9954,7227,36895,"array([3.2191745 , 3.06687825])"
9955,7227,36905,"array([3.19299623, 2.98330461])"
9956,7227,43235,"array([3.18511316, 3.06930833])"
9957,7227,36917,"array([3.20969345, 2.98960415])"
9958,7227,36935,"array([3.10874237, 2.94279547])"
9959,7227,36942,"array([3.23043815, 3.03020839])"
9960,7227,38446,"array([3.09158344, 3.04368957])"
9961,7227,40033,"array([3.0778075 , 3.07104205])"
9962,7227,41521,"array([3.07662683, 3.06706991])"
9963,7227,44783,"array([3.16275219, 3.03343107])"
9964,7227,5740320,"array([3.1115487 , 3.06799627])"
9965,7227,36960,"array([3.13077198, 2.94533442])"
9966,7227,39426,"array([3.13846126, 3.11662257])"
9967,7227,37002,"array([3.18489282, 2.90913585])"
9968,7227,37194,"array([3.17434591, 2.94989206])"
9969,7227,37004,"array([3.08237542, 3.00219662])"
9970,7227,42721,"array([3.13762553, 3.06902461])"
9971,7227,39703,"array([3.09306221, 3.07340896])"
9972,7227,40482,"array([3.11850066, 2.996477  ])"
9973,7227,40560,"array([3.12513263, 2.96797999])"
9974,7227,318036,"array([3.11286598, 2.98849659])"
9975,7227,43031,"array([3.09043067, 3.08959157])"
9976,7227,318911,"array([3.08623549, 3.05447986])"
9977,7227,39399,"array([3.20885795, 3.01960233])"
9978,7227,37016,"array([3.17493797, 3.10895323])"
9979,7227,37020,"array([3.23133345, 3.07217445])"
9980,7227,49780,"array([3.14556381, 3.11945994])"
9981,7227,37030,"array([3.18979045, 2.95683709])"
9982,7227,37031,"array([3.10894724, 2.98463964])"
9983,7227,37033,"array([3.16623176, 3.09052776])"
9984,7227,37034,"array([3.13245142, 2.9404613 ])"
9985,7227,37039,"array([3.18812435, 2.96305036])"
9986,7227,43697,"array([3.08774749, 2.95157048])"
9987,7227,37052,"array([3.06256777, 3.00780768])"
9988,7227,40425,"array([3.19120387, 2.98923517])"
9989,7227,37054,"array([3.17078482, 2.95938938])"
9990,7227,37055,"array([3.07260161, 3.05369064])"
9991,7227,39986,"array([3.14201251, 3.10061585])"
9992,7227,38007,"array([3.20146814, 3.00460366])"
9993,7227,40851,"array([3.1936953, 3.0155528])"
9994,7227,43247,"array([3.04961694, 3.00386837])"
9995,7227,42508,"array([3.13804893, 2.92142242])"
9996,7227,38596,"array([3.13476148, 2.97096329])"
9997,7227,3772662,"array([3.18942242, 2.98916588])"
9998,7227,37366,"array([3.07486512, 3.05450071])"
9999,7227,38106,"array([3.19827114, 3.00394261])"
10000,7227,38647,"array([3.1712129 , 3.05998913])"
10001,7227,39907,"array([3.09990133, 3.0264357 ])"
10002,7227,39932,"array([3.09801754, 3.02415453])"
10003,7227,318776,"array([3.07797665, 3.06456701])"
10004,7227,37101,"array([3.1180845 , 2.95811294])"
10005,7227,326259,"array([3.08358453, 3.02806644])"
10006,7227,37104,"array([3.08076639, 3.06393191])"
10007,7227,41945,"array([3.17872986, 2.99789153])"
10008,7227,37109,"array([3.09529451, 3.09632853])"
10009,7227,37126,"array([3.20867999, 3.10290939])"
10010,7227,43396,"array([3.21801641, 3.13105369])"
10011,7227,42516,"array([3.21217757, 3.00933358])"
10012,7227,42079,"array([3.1326289 , 2.97986275])"
10013,7227,117327,"array([3.1839848 , 2.95337586])"
10014,7227,37155,"array([3.20662962, 3.00245828])"
10015,7227,40942,"array([3.09169488, 3.01563524])"
10016,7227,37157,"array([3.10102585, 3.13015913])"
10017,7227,38775,"array([3.21040307, 3.00096432])"
10018,7227,41639,"array([3.12232558, 3.00078892])"
10019,7227,37168,"array([3.14035364, 3.08388889])"
10020,7227,38251,"array([3.08933547, 3.05588212])"
10021,7227,38452,"array([3.09661514, 3.0537046 ])"
10022,7227,45285,"array([3.16387329, 2.99346798])"
10023,7227,37184,"array([3.22257461, 2.94643912])"
10024,7227,43795,"array([3.18661968, 2.99477393])"
10025,7227,318093,"array([3.16866971, 2.98012797])"
10026,7227,41447,"array([3.20699641, 3.06399831])"
10027,7227,37574,"array([3.09417695, 3.07059825])"
10028,7227,59143,"array([3.08102452, 3.05560947])"
10029,7227,38405,"array([3.06052726, 3.0210086 ])"
10030,7227,40005,"array([3.08145989, 3.00754496])"
10031,7227,41137,"array([3.11306106, 3.07213548])"
10032,7227,38847,"array([3.20964766, 3.02724447])"
10033,7227,37223,"array([3.12044767, 3.07858048])"
10034,7227,37226,"array([3.2006895 , 3.08979954])"
10035,7227,38664,"array([3.21124324, 3.05861319])"
10036,7227,37236,"array([3.13657627, 2.95256813])"
10037,7227,38216,"array([3.21884974, 3.0476432 ])"
10038,7227,40617,"array([3.0936552 , 3.04825065])"
10039,7227,37330,"array([3.18564195, 3.00875183])"
10040,7227,37861,"array([3.22579595, 3.02655861])"
10041,7227,39672,"array([3.21625381, 3.04606231])"
10042,7227,39205,"array([3.22386312, 3.02264417])"
10043,7227,37255,"array([3.15275328, 2.95139286])"
10044,7227,38558,"array([3.10140654, 3.00072481])"
10045,7227,41657,"array([3.23412487, 3.04804848])"
10046,7227,37280,"array([3.15480768, 2.99311077])"
10047,7227,37283,"array([3.15988598, 2.95259382])"
10048,7227,37284,"array([3.11024186, 2.98264546])"
10049,7227,39872,"array([3.0905941 , 3.07876031])"
10050,7227,42338,"array([3.17426607, 3.09031375])"
10051,7227,41023,"array([3.11598239, 3.0163533 ])"
10052,7227,37298,"array([3.22957019, 3.07722771])"
10053,7227,44254,"array([3.17711656, 2.98920002])"
10054,7227,43681,"array([3.13671035, 3.08512725])"
10055,7227,37309,"array([3.08662428, 2.97792494])"
10056,7227,37337,"array([3.20513695, 2.978394  ])"
10057,7227,37341,"array([3.16197796, 2.93761266])"
10058,7227,41641,"array([3.13691845, 2.97080251])"
10059,7227,43086,"array([3.16543455, 2.95754252])"
10060,7227,38086,"array([3.19858668, 3.00729909])"
10061,7227,326150,"array([3.14806642, 3.07180678])"
10062,7227,37358,"array([3.0685993 , 3.01250947])"
10063,7227,41903,"array([3.11894441, 2.9682    ])"
10064,7227,50109,"array([3.08467323, 2.98605268])"
10065,7227,50160,"array([3.14914125, 2.97065489])"
10066,7227,318053,"array([3.10748555, 2.9800505 ])"
10067,7227,2768895,"array([3.15629353, 2.96006902])"
10068,7227,4379888,"array([3.11593975, 2.94227984])"
10069,7227,42400,"array([3.11170803, 3.00619272])"
10070,7227,37373,"array([3.10448498, 3.09795092])"
10071,7227,37375,"array([3.16592044, 3.08861484])"
10072,7227,41634,"array([3.10279733, 3.07962553])"
10073,7227,38283,"array([3.11769248, 3.08550696])"
10074,7227,42350,"array([3.08926234, 2.99422741])"
10075,7227,59178,"array([3.08189547, 2.99992928])"
10076,7227,246399,"array([3.06753801, 3.05023064])"
10077,7227,37470,"array([3.23087861, 3.04301774])"
10078,7227,39363,"array([3.13417507, 2.95493009])"
10079,7227,326121,"array([3.08404987, 3.0364052 ])"
10080,7227,39109,"array([3.22380863, 2.9944066 ])"
10081,7227,4379861,"array([3.14433673, 2.96686575])"
10082,7227,37484,"array([3.11921793, 3.10839744])"
10083,7227,37491,"array([3.09295085, 2.95527498])"
10084,7227,3771728,"array([3.14510129, 2.99728258])"
10085,7227,37493,"array([3.25308718, 3.06541584])"
10086,7227,37502,"array([3.10930372, 3.09934028])"
10087,7227,37509,"array([3.21624849, 3.05414321])"
10088,7227,38706,"array([3.11387982, 2.94461988])"
10089,7227,41119,"array([3.11514569, 2.94673731])"
10090,7227,41169,"array([3.11046726, 2.94817284])"
10091,7227,3354996,"array([3.18487732, 2.97573809])"
10092,7227,40340,"array([3.09306313, 3.04628042])"
10093,7227,37538,"array([3.09444712, 3.03484081])"
10094,7227,37539,"array([3.06945623, 3.0357073 ])"
10095,7227,37546,"array([3.18301986, 3.00168106])"
10096,7227,37553,"array([3.13333413, 2.96563277])"
10097,7227,37556,"array([3.27074855, 3.03399452])"
10098,7227,42242,"array([3.22673871, 3.03326035])"
10099,7227,38242,"array([3.20714808, 3.0046442 ])"
10100,7227,41473,"array([3.17747409, 2.97015317])"
10101,7227,41867,"array([3.10455349, 3.01646685])"
10102,7227,42864,"array([3.10099368, 3.05765859])"
10103,7227,43811,"array([3.19823623, 3.01754621])"
10104,7227,318954,"array([3.09149038, 3.04801646])"
10105,7227,2768732,"array([3.22702678, 3.03059273])"
10106,7227,2769005,"array([3.16962184, 3.10123029])"
10107,7227,37576,"array([3.11519371, 3.01008025])"
10108,7227,37563,"array([3.24036666, 3.07369485])"
10109,7227,37565,"array([3.14196101, 3.09693877])"
10110,7227,37567,"array([3.16859408, 3.08918492])"
10111,7227,37573,"array([3.23351935, 3.02938915])"
10112,7227,38889,"array([3.18631531, 2.94251841])"
10113,7227,43070,"array([3.20849262, 3.0214277 ])"
10114,7227,19835548,"array([3.17705633, 2.96202882])"
10115,7227,37582,"array([3.15911662, 3.10616147])"
10116,7227,41373,"array([3.08402028, 2.97541725])"
10117,7227,37606,"array([3.19871901, 3.0791938 ])"
10118,7227,2768944,"array([3.07590657, 2.98264646])"
10119,7227,37615,"array([3.10674867, 2.98336762])"
10120,7227,3772100,"array([3.2094214 , 3.02946812])"
10121,7227,40416,"array([3.1305922 , 2.95136406])"
10122,7227,41698,"array([3.20901425, 3.01504904])"
10123,7227,8674114,"array([3.23115922, 3.0679236 ])"
10124,7227,39625,"array([3.13681042, 2.97906818])"
10125,7227,40396,"array([3.05754144, 3.00788775])"
10126,7227,43599,"array([3.07525518, 3.05997692])"
10127,7227,37647,"array([3.07076551, 3.04050041])"
10128,7227,39906,"array([3.10019968, 3.07322379])"
10129,7227,37674,"array([3.19214717, 2.97744466])"
10130,7227,37675,"array([3.13129541, 2.94736674])"
10131,7227,3771951,"array([3.10311259, 2.99849658])"
10132,7227,37687,"array([3.24099418, 3.02642513])"
10133,7227,53541,"array([3.13156861, 2.96440949])"
10134,7227,326192,"array([3.16871892, 2.97841885])"
10135,7227,38557,"array([3.20675978, 3.08249369])"
10136,7227,37704,"array([3.09988187, 3.0598292 ])"
10137,7227,37705,"array([3.21081469, 2.96964063])"
10138,7227,37709,"array([3.19745529, 2.96012258])"
10139,7227,317924,"array([3.1046896 , 3.08650296])"
10140,7227,37726,"array([3.21690175, 3.09159993])"
10141,7227,37736,"array([3.08510598, 3.05199925])"
10142,7227,37738,"array([3.04009297, 3.00282   ])"
10143,7227,42340,"array([3.08937479, 2.93947636])"
10144,7227,53586,"array([3.08247717, 2.96674041])"
10145,7227,37765,"array([3.18337158, 2.97351637])"
10146,7227,37768,"array([3.20240216, 3.08297826])"
10147,7227,40692,"array([3.10756164, 3.0641102 ])"
10148,7227,246534,"array([3.19470557, 3.01478695])"
10149,7227,38071,"array([3.15431927, 3.08839587])"
10150,7227,38781,"array([3.09670201, 3.05976638])"
10151,7227,37782,"array([3.07852156, 2.98257234])"
10152,7227,38727,"array([3.19002257, 3.03232806])"
10153,7227,43496,"array([3.1929902 , 2.98478417])"
10154,7227,37789,"array([3.02519854, 2.98804671])"
10155,7227,37791,"array([3.06214998, 3.06904798])"
10156,7227,39780,"array([3.02766498, 3.08329565])"
10157,7227,37792,"array([3.17157073, 2.93078007])"
10158,7227,39394,"array([3.17754712, 2.99761003])"
10159,7227,37806,"array([3.10829476, 2.9745216 ])"
10160,7227,3885616,"array([3.07043426, 3.07049022])"
10161,7227,44736,"array([3.21424191, 3.07002343])"
10162,7227,40846,"array([3.09739157, 3.07199018])"
10163,7227,37824,"array([3.14213256, 2.9517725 ])"
10164,7227,40481,"array([3.06029757, 3.03889449])"
10165,7227,37836,"array([3.12873458, 3.07501442])"
10166,7227,40382,"array([3.20634685, 3.05477048])"
10167,7227,41046,"array([3.18149413, 3.0010107 ])"
10168,7227,37843,"array([3.17690897, 3.10144025])"
10169,7227,37844,"array([3.7026054 , 2.57244555])"
10170,7227,2768722,"array([3.70015982, 2.56590222])"
10171,7227,37845,"array([3.23347893, 3.06172064])"
10172,7227,4379881,"array([3.20269939, 2.98893731])"
10173,7227,53507,"array([3.13863587, 3.11307489])"
10174,7227,37853,"array([3.18837663, 2.99564456])"
10175,7227,37856,"array([3.07528005, 3.00333824])"
10176,7227,41210,"array([3.14450514, 2.94412968])"
10177,7227,38530,"array([3.20681524, 2.93067868])"
10178,7227,326146,"array([3.18125782, 2.97787246])"
10179,7227,37876,"array([3.06690809, 2.99260054])"
10180,7227,37877,"array([3.10479803, 2.93472608])"
10181,7227,37879,"array([3.10599568, 2.957693  ])"
10182,7227,40921,"array([3.19667227, 3.03340176])"
10183,7227,37882,"array([3.21300527, 3.04236168])"
10184,7227,37885,"array([3.11322803, 2.97460142])"
10185,7227,37891,"array([3.23116166, 3.05696813])"
10186,7227,37900,"array([3.2185488, 3.0868331])"
10187,7227,42481,"array([3.22075953, 3.0308453 ])"
10188,7227,37918,"array([3.10557298, 3.06618422])"
10189,7227,40417,"array([3.10333507, 2.95956051])"
10190,7227,261663,"array([3.19062075, 3.05974219])"
10191,7227,39092,"array([3.17030884, 3.00799081])"
10192,7227,59128,"array([3.13161024, 2.97611197])"
10193,7227,319045,"array([3.16426249, 3.00567826])"
10194,7227,37945,"array([3.14875913, 2.97746615])"
10195,7227,42781,"array([3.11188586, 2.97324495])"
10196,7227,37988,"array([3.10393469, 2.99647762])"
10197,7227,40070,"array([3.0711984 , 3.09103676])"
10198,7227,10178851,"array([3.07887958, 3.09108168])"
10199,7227,37997,"array([3.08803027, 3.09629224])"
10200,7227,53564,"array([3.20397223, 3.03445862])"
10201,7227,38011,"array([3.1956184 , 3.09135345])"
10202,7227,39802,"array([3.1706284 , 2.94108911])"
10203,7227,47954,"array([3.13828004, 2.96328382])"
10204,7227,8674077,"array([3.07807055, 3.03952864])"
10205,7227,38019,"array([3.15562976, 2.96695934])"
10206,7227,2768879,"array([3.07879971, 3.05421264])"
10207,7227,38026,"array([3.06369197, 3.04836584])"
10208,7227,38046,"array([3.09124159, 3.00660765])"
10209,7227,38056,"array([3.15673925, 3.09441189])"
10210,7227,38058,"array([3.06788353, 3.06092006])"
10211,7227,38060,"array([3.19912947, 3.08820368])"
10212,7227,41996,"array([3.07778195, 3.00660848])"
10213,7227,38065,"array([3.18190218, 2.98886807])"
10214,7227,39882,"array([3.16173978, 3.10255197])"
10215,7227,38072,"array([3.19234613, 2.99247632])"
10216,7227,38080,"array([3.17889478, 3.1050967 ])"
10217,7227,38087,"array([3.15309529, 3.08435544])"
10218,7227,41035,"array([3.15075667, 2.97578745])"
10219,7227,38089,"array([3.15580757, 2.95188421])"
10220,7227,38090,"array([3.20816956, 3.09691887])"
10221,7227,38097,"array([3.03625663, 3.01819551])"
10222,7227,42581,"array([3.08282422, 3.02130697])"
10223,7227,38708,"array([3.25332344, 3.01268427])"
10224,7227,40399,"array([3.16922701, 3.09368589])"
10225,7227,41466,"array([3.16750257, 3.08780125])"
10226,7227,41583,"array([3.1387169 , 2.98250093])"
10227,7227,42582,"array([3.14350958, 3.10308057])"
10228,7227,43404,"array([3.18077602, 3.06769894])"
10229,7227,43512,"array([3.21756768, 3.07079605])"
10230,7227,44660,"array([3.19695814, 3.07322631])"
10231,7227,317856,"array([3.21474402, 3.0552137 ])"
10232,7227,38129,"array([3.07598743, 3.02421142])"
10233,7227,38133,"array([3.19516218, 3.08793408])"
10234,7227,246682,"array([3.1622729 , 3.07345269])"
10235,7227,2768846,"array([3.21703404, 3.06732323])"
10236,7227,38148,"array([3.17526294, 2.94258296])"
10237,7227,40497,"array([3.16687341, 2.93962102])"
10238,7227,42004,"array([3.08178964, 2.98998509])"
10239,7227,39246,"array([3.19765629, 2.97943537])"
10240,7227,40222,"array([3.10723104, 2.98539114])"
10241,7227,43754,"array([3.14823736, 2.97920175])"
10242,7227,44297,"array([3.12824327, 3.08262606])"
10243,7227,246452,"array([3.07391455, 3.01224096])"
10244,7227,38210,"array([3.19540635, 3.10216452])"
10245,7227,38217,"array([3.17583882, 3.10411478])"
10246,7227,44353,"array([3.15458435, 3.098944  ])"
10247,7227,38219,"array([3.07738821, 3.04542425])"
10248,7227,41025,"array([3.15102293, 2.96193624])"
10249,7227,38240,"array([3.12358633, 2.95387995])"
10250,7227,38243,"array([3.23043977, 3.08524807])"
10251,7227,38262,"array([3.05905156, 2.96549796])"
10252,7227,38284,"array([3.21291703, 3.09197083])"
10253,7227,40474,"array([3.03654786, 3.03783297])"
10254,7227,38288,"array([3.07530511, 3.07075096])"
10255,7227,38299,"array([3.23221328, 3.06970238])"
10256,7227,38300,"array([3.22839691, 2.97335187])"
10257,7227,38310,"array([3.0625858, 3.0175157])"
10258,7227,38315,"array([3.20061241, 3.04299398])"
10259,7227,38328,"array([3.10456478, 2.9479706 ])"
10260,7227,38331,"array([3.20126283, 3.09201391])"
10261,7227,38345,"array([3.21130474, 2.96047896])"
10262,7227,39267,"array([3.19121886, 2.99844977])"
10263,7227,39437,"array([3.11919096, 3.05567751])"
10264,7227,42179,"array([3.12340202, 3.07284649])"
10265,7227,43122,"array([3.15527432, 2.96412471])"
10266,7227,43585,"array([3.19788852, 3.02084778])"
10267,7227,318765,"array([3.1440209 , 3.09618317])"
10268,7227,19835657,"array([3.19921596, 3.0095907 ])"
10269,7227,38370,"array([3.18405776, 3.08813671])"
10270,7227,42093,"array([3.20064772, 3.04709619])"
10271,7227,42373,"array([3.18295873, 3.05233109])"
10272,7227,43596,"array([3.17794355, 2.9866046 ])"
10273,7227,38391,"array([3.16313867, 3.08127356])"
10274,7227,38404,"array([3.1584434 , 2.92691152])"
10275,7227,38410,"array([3.18141132, 2.95072615])"
10276,7227,38411,"array([3.12883708, 3.09091692])"
10277,7227,38416,"array([3.1789055 , 2.96345565])"
10278,7227,38423,"array([3.06482685, 3.05832284])"
10279,7227,39827,"array([3.08642289, 3.00829078])"
10280,7227,42246,"array([3.20511278, 2.98399042])"
10281,7227,42798,"array([3.11377195, 2.97708738])"
10282,7227,43622,"array([3.16388851, 2.97035115])"
10283,7227,38436,"array([3.15545811, 2.98064016])"
10284,7227,44132,"array([3.07521984, 2.99015292])"
10285,7227,3355175,"array([3.24013207, 2.98113463])"
10286,7227,43241,"array([3.19431185, 2.99635786])"
10287,7227,39604,"array([3.144761  , 3.08940905])"
10288,7227,38499,"array([3.23013171, 3.04685206])"
10289,7227,38503,"array([3.17840661, 3.73774288])"
10290,7227,38881,"array([3.17211947, 3.73985656])"
10291,7227,38509,"array([3.07128269, 2.98851572])"
10292,7227,38921,"array([3.14860528, 2.95637832])"
10293,7227,39149,"array([3.21975491, 2.99453268])"
10294,7227,39151,"array([3.21909927, 2.99640548])"
10295,7227,39152,"array([3.2035627 , 3.06886843])"
10296,7227,326137,"array([3.06357233, 3.02086802])"
10297,7227,38521,"array([3.19366691, 2.97568489])"
10298,7227,38531,"array([3.21727374, 2.99351414])"
10299,7227,38532,"array([3.21736081, 3.07971571])"
10300,7227,42918,"array([3.12130763, 2.87944356])"
10301,7227,38562,"array([3.19376049, 3.02780307])"
10302,7227,38573,"array([3.09952374, 3.05447254])"
10303,7227,38574,"array([3.10813584, 2.99767554])"
10304,7227,38576,"array([3.16420527, 2.96753163])"
10305,7227,38579,"array([3.23389686, 3.06708792])"
10306,7227,38581,"array([3.2106571, 3.0416197])"
10307,7227,38584,"array([3.1615006 , 2.95103942])"
10308,7227,38700,"array([3.16340438, 2.99953188])"
10309,7227,39397,"array([3.07899297, 3.03760263])"
10310,7227,38610,"array([3.20839421, 3.00308859])"
10311,7227,38953,"array([3.25229086, 2.98224915])"
10312,7227,38622,"array([3.00894069, 3.74546038])"
10313,7227,47746,"array([3.00948054, 3.75214688])"
10314,7227,38623,"array([3.12434481, 2.9620752 ])"
10315,7227,40755,"array([3.10136626, 3.04755142])"
10316,7227,43205,"array([3.19200241, 3.06923876])"
10317,7227,43471,"array([3.20361553, 3.098677  ])"
10318,7227,318554,"array([3.17239685, 2.95196946])"
10319,7227,38659,"array([3.19669249, 3.08862282])"
10320,7227,251270,"array([3.20197739, 3.02986836])"
10321,7227,42172,"array([3.12177007, 2.97442776])"
10322,7227,39637,"array([3.18728701, 2.9752505 ])"
10323,7227,246509,"array([3.08071466, 2.98528338])"
10324,7227,38684,"array([3.08404843, 3.01213459])"
10325,7227,38696,"array([3.12356503, 2.98544794])"
10326,7227,38701,"array([3.15540285, 2.94313993])"
10327,7227,38711,"array([3.13307111, 3.10907096])"
10328,7227,38712,"array([3.05320787, 3.01022833])"
10329,7227,43497,"array([3.10151143, 3.07244156])"
10330,7227,38725,"array([3.22029636, 3.0752418 ])"
10331,7227,38728,"array([3.11584207, 3.09110124])"
10332,7227,38732,"array([3.18832434, 3.11622079])"
10333,7227,42969,"array([3.09934668, 3.07967101])"
10334,7227,38741,"array([3.18543845, 3.09968053])"
10335,7227,38742,"array([3.21633023, 3.0988147 ])"
10336,7227,47730,"array([3.19614392, 3.0204462 ])"
10337,7227,43112,"array([3.17279351, 2.94028479])"
10338,7227,50082,"array([3.17841003, 2.97198366])"
10339,7227,38755,"array([3.11697358, 3.10393019])"
10340,7227,38784,"array([3.07059138, 2.97159339])"
10341,7227,318603,"array([3.17692094, 2.94708603])"
10342,7227,318646,"array([3.16360753, 2.94470472])"
10343,7227,3771749,"array([3.18915882, 2.95349755])"
10344,7227,38805,"array([3.16401764, 2.95297921])"
10345,7227,8674058,"array([3.21508937, 3.02134545])"
10346,7227,38813,"array([3.21377448, 3.0311089 ])"
10347,7227,3346206,"array([3.10081421, 3.10679556])"
10348,7227,42921,"array([3.13783704, 3.07025458])"
10349,7227,2768996,"array([3.16232296, 2.98057078])"
10350,7227,38828,"array([3.18822787, 2.92935371])"
10351,7227,38851,"array([3.1306268, 3.1090824])"
10352,7227,38858,"array([3.08912429, 3.00053818])"
10353,7227,38973,"array([3.15929922, 2.94983458])"
10354,7227,7354434,"array([3.1599154 , 2.95769163])"
10355,7227,42683,"array([3.11954492, 3.08195201])"
10356,7227,318825,"array([3.20400224, 3.00398621])"
10357,7227,38907,"array([3.12102437, 2.95916634])"
10358,7227,41031,"array([3.10289466, 2.97536739])"
10359,7227,38957,"array([3.20228293, 3.03891425])"
10360,7227,5740294,"array([3.21472613, 3.09730291])"
10361,7227,38968,"array([3.21267304, 3.03505164])"
10362,7227,318881,"array([3.16249146, 3.09232014])"
10363,7227,39000,"array([3.15724084, 3.07049021])"
10364,7227,42176,"array([3.10723624, 2.94670297])"
10365,7227,53504,"array([3.04924766, 2.9424926 ])"
10366,7227,39517,"array([3.22176092, 3.05734188])"
10367,7227,43796,"array([3.19723867, 3.00904892])"
10368,7227,50454,"array([3.22136919, 3.03428164])"
10369,7227,59140,"array([3.17361276, 3.11793306])"
10370,7227,246465,"array([3.18451293, 3.11201259])"
10371,7227,318169,"array([3.19339081, 3.11239704])"
10372,7227,326253,"array([3.19608139, 2.96963087])"
10373,7227,39030,"array([3.22168255, 3.07284235])"
10374,7227,41671,"array([3.09720419, 3.06761467])"
10375,7227,43377,"array([3.07303614, 3.14872157])"
10376,7227,40180,"array([3.0681501 , 3.05624061])"
10377,7227,41640,"array([3.11866869, 3.07950542])"
10378,7227,41761,"array([3.09461756, 2.99479828])"
10379,7227,43334,"array([3.06379616, 3.05374245])"
10380,7227,317973,"array([3.09599457, 3.05511827])"
10381,7227,39508,"array([3.09075956, 3.09679511])"
10382,7227,41717,"array([3.08078892, 3.05061659])"
10383,7227,7354465,"array([3.11669002, 3.04379217])"
10384,7227,39082,"array([3.07214781, 2.96508907])"
10385,7227,39084,"array([3.10967767, 3.09516346])"
10386,7227,39085,"array([3.21335575, 3.01111309])"
10387,7227,43628,"array([3.22005421, 3.04940264])"
10388,7227,42279,"array([3.13543643, 3.1156115 ])"
10389,7227,39097,"array([3.1898886 , 2.97804321])"
10390,7227,326110,"array([3.08277178, 3.07856688])"
10391,7227,43208,"array([3.23971265, 3.02100706])"
10392,7227,39125,"array([3.16747585, 2.97194589])"
10393,7227,42869,"array([3.20541303, 3.03984475])"
10394,7227,43028,"array([3.18868364, 3.09156441])"
10395,7227,39114,"array([3.11972177, 3.10075889])"
10396,7227,39120,"array([3.18877009, 3.10563576])"
10397,7227,39124,"array([3.07191025, 3.03842119])"
10398,7227,326174,"array([3.13146276, 3.11192744])"
10399,7227,39139,"array([3.07376217, 3.06773023])"
10400,7227,39159,"array([3.21763449, 3.0102427 ])"
10401,7227,39166,"array([3.092286  , 3.02368396])"
10402,7227,39302,"array([3.22861994, 3.04514431])"
10403,7227,326127,"array([3.10906537, 3.10187948])"
10404,7227,39189,"array([3.079551  , 3.02654526])"
10405,7227,39207,"array([3.10082248, 2.97092864])"
10406,7227,117368,"array([3.19737049, 2.9350031 ])"
10407,7227,246566,"array([3.17886366, 3.10092913])"
10408,7227,7354373,"array([3.14271983, 3.07826474])"
10409,7227,39248,"array([3.23178897, 3.06575391])"
10410,7227,39250,"array([3.22242805, 2.95769821])"
10411,7227,39256,"array([3.09294825, 2.99046845])"
10412,7227,39258,"array([3.22005954, 3.05825722])"
10413,7227,39260,"array([3.09358657, 3.09046061])"
10414,7227,39275,"array([3.21570507, 3.06855292])"
10415,7227,40203,"array([3.20148521, 3.01050032])"
10416,7227,39282,"array([3.07227538, 3.04787132])"
10417,7227,40575,"array([3.15311284, 2.93635956])"
10418,7227,50463,"array([3.15604829, 2.93630405])"
10419,7227,39300,"array([3.10403738, 2.97986579])"
10420,7227,39301,"array([3.08745787, 3.06120274])"
10421,7227,2768934,"array([3.11718718, 3.07214134])"
10422,7227,42129,"array([3.12563389, 2.97872628])"
10423,7227,39314,"array([2.72712694, 3.6378455 ])"
10424,7227,41994,"array([2.73378417, 3.63865464])"
10425,7227,39326,"array([3.14718069, 3.11231071])"
10426,7227,39335,"array([3.0658819, 3.0374169])"
10427,7227,42812,"array([3.14516804, 2.9795491 ])"
10428,7227,53562,"array([3.10860243, 3.01352238])"
10429,7227,39349,"array([3.16213921, 2.9635949 ])"
10430,7227,40390,"array([3.18623775, 2.97870383])"
10431,7227,39355,"array([3.20374215, 2.96656404])"
10432,7227,39359,"array([3.16055895, 2.94651817])"
10433,7227,40568,"array([3.09792138, 3.01500489])"
10434,7227,41759,"array([3.12984863, 3.1066673 ])"
10435,7227,43678,"array([3.13810714, 3.11051745])"
10436,7227,41354,"array([3.16721614, 2.95267535])"
10437,7227,43924,"array([3.14006295, 2.96333631])"
10438,7227,40235,"array([3.08007804, 2.96936326])"
10439,7227,40252,"array([3.10969078, 2.97210073])"
10440,7227,41557,"array([3.07706046, 2.97250846])"
10441,7227,42522,"array([3.07195953, 3.02906246])"
10442,7227,39390,"array([3.2648483 , 3.10868224])"
10443,7227,40632,"array([3.16782182, 2.94467386])"
10444,7227,41687,"array([3.1236288 , 2.96964975])"
10445,7227,4379919,"array([3.21375347, 2.94650208])"
10446,7227,39411,"array([3.15874585, 3.09830886])"
10447,7227,46158,"array([3.13497213, 2.96746674])"
10448,7227,39726,"array([3.21140767, 3.0501536 ])"
10449,7227,40004,"array([3.2253283 , 2.95989089])"
10450,7227,39441,"array([3.16154496, 2.97909683])"
10451,7227,49997,"array([3.11605314, 2.96823993])"
10452,7227,39861,"array([3.14355648, 3.09835381])"
10453,7227,42697,"array([3.19658992, 3.01035471])"
10454,7227,50196,"array([3.17608606, 3.00150634])"
10455,7227,326188,"array([3.21179757, 3.01479437])"
10456,7227,39474,"array([3.18496639, 3.09628901])"
10457,7227,318682,"array([3.15427418, 3.07713165])"
10458,7227,39494,"array([3.23892379, 3.04009248])"
10459,7227,39506,"array([3.22459931, 3.06790317])"
10460,7227,39528,"array([3.19259859, 3.09849459])"
10461,7227,39533,"array([3.1822868 , 2.94859575])"
10462,7227,39541,"array([3.0453181 , 3.01198585])"
10463,7227,39805,"array([3.0739756 , 3.04926233])"
10464,7227,41280,"array([3.06994799, 3.02858736])"
10465,7227,3772640,"array([3.08980099, 3.03662391])"
10466,7227,41379,"array([3.18869402, 3.07108085])"
10467,7227,39565,"array([3.21022085, 3.09894063])"
10468,7227,39571,"array([3.21735922, 3.08214128])"
10469,7227,40764,"array([3.10328335, 2.98571537])"
10470,7227,39616,"array([3.8568878 , 2.90471215])"
10471,7227,41184,"array([3.85242873, 2.89911182])"
10472,7227,39620,"array([3.20766638, 2.97646025])"
10473,7227,39621,"array([3.23285869, 2.96800558])"
10474,7227,39623,"array([3.21090146, 3.0905655 ])"
10475,7227,39634,"array([3.02231238, 3.00311549])"
10476,7227,326136,"array([3.0691578 , 2.99020338])"
10477,7227,39653,"array([3.2346646 , 3.02762654])"
10478,7227,7354403,"array([3.09535457, 2.98230814])"
10479,7227,39693,"array([3.21892736, 3.08112983])"
10480,7227,39706,"array([3.06908482, 3.04665348])"
10481,7227,39712,"array([3.14801894, 3.12091318])"
10482,7227,43292,"array([3.13375412, 3.09503371])"
10483,7227,39752,"array([3.11208873, 3.10177304])"
10484,7227,40638,"array([3.05737889, 2.98823178])"
10485,7227,39762,"array([3.17773611, 3.11420368])"
10486,7227,41983,"array([3.08035585, 3.04092144])"
10487,7227,40122,"array([3.08435318, 3.0804145 ])"
10488,7227,41559,"array([3.18842572, 2.97414597])"
10489,7227,39782,"array([3.27934612, 3.02141689])"
10490,7227,40211,"array([3.23968696, 3.0234366 ])"
10491,7227,39784,"array([3.13563517, 2.93594288])"
10492,7227,39794,"array([3.09668904, 2.95458534])"
10493,7227,39798,"array([3.23869327, 3.00481962])"
10494,7227,39806,"array([3.05879921, 2.98107914])"
10495,7227,39809,"array([3.24049875, 3.06680544])"
10496,7227,42158,"array([3.2223331 , 3.10370118])"
10497,7227,39812,"array([3.17523421, 3.0928715 ])"
10498,7227,39816,"array([3.22049773, 3.0857829 ])"
10499,7227,41816,"array([3.19276126, 3.04488594])"
10500,7227,48239,"array([3.18127901, 3.10444246])"
10501,7227,39886,"array([3.11665711, 2.9502484 ])"
10502,7227,41156,"array([3.20027391, 2.98482776])"
10503,7227,39902,"array([3.23286379, 3.03105128])"
10504,7227,43098,"array([3.16479197, 3.13466386])"
10505,7227,39915,"array([3.07561567, 3.07354125])"
10506,7227,39925,"array([3.10443062, 2.95102823])"
10507,7227,39929,"array([3.09953867, 2.95085806])"
10508,7227,39930,"array([3.1635958 , 2.96208112])"
10509,7227,39941,"array([3.16716629, 3.09152794])"
10510,7227,39948,"array([3.29609054, 3.04751096])"
10511,7227,5740653,"array([3.32434829, 3.05120358])"
10512,7227,39949,"array([3.22245922, 3.06189662])"
10513,7227,42814,"array([3.10430041, 3.01366722])"
10514,7227,39965,"array([3.228472  , 3.07521335])"
10515,7227,39973,"array([3.16285756, 3.11543263])"
10516,7227,2768911,"array([3.11359794, 2.95611884])"
10517,7227,39981,"array([3.23373855, 3.07314618])"
10518,7227,39982,"array([3.22427412, 3.03949778])"
10519,7227,40826,"array([3.17215501, 2.97403524])"
10520,7227,40275,"array([3.25605839, 3.1189461 ])"
10521,7227,40325,"array([3.17371475, 2.96791657])"
10522,7227,40752,"array([3.23009823, 3.0004136 ])"
10523,7227,43246,"array([3.22644504, 2.99649136])"
10524,7227,43598,"array([3.22520116, 2.99251374])"
10525,7227,40008,"array([3.19369883, 2.94351925])"
10526,7227,42540,"array([3.11502596, 2.97952213])"
10527,7227,43001,"array([3.12868576, 3.10093161])"
10528,7227,41052,"array([3.1068789 , 2.97095403])"
10529,7227,42913,"array([3.11623753, 2.97036721])"
10530,7227,40023,"array([3.20431386, 3.08582155])"
10531,7227,40025,"array([3.22493592, 3.07852022])"
10532,7227,40026,"array([3.22327983, 3.08923438])"
10533,7227,40029,"array([3.13384881, 3.09749529])"
10534,7227,2768719,"array([3.10730361, 3.09372826])"
10535,7227,4379860,"array([3.20198596, 2.97406704])"
10536,7227,5740347,"array([3.17435107, 2.95873721])"
10537,7227,40067,"array([3.20590954, 3.09423138])"
10538,7227,317834,"array([3.19091071, 3.11479503])"
10539,7227,42282,"array([3.07895519, 3.09713918])"
10540,7227,40102,"array([3.12972989, 3.08056975])"
10541,7227,246386,"array([3.08858475, 3.02852825])"
10542,7227,41007,"array([3.17181081, 3.08716025])"
10543,7227,43552,"array([3.15855689, 3.10380102])"
10544,7227,43624,"array([3.22169004, 3.04789767])"
10545,7227,318693,"array([3.1736961 , 3.10025003])"
10546,7227,318959,"array([3.14571383, 3.10277229])"
10547,7227,3885585,"array([3.2226269 , 3.04968437])"
10548,7227,42454,"array([3.22409738, 3.056299  ])"
10549,7227,43664,"array([3.16626312, 2.99756164])"
10550,7227,40819,"array([3.07832108, 2.97809903])"
10551,7227,43104,"array([3.07626507, 2.96332225])"
10552,7227,40193,"array([3.18158371, 2.96000397])"
10553,7227,40195,"array([3.06352811, 2.97137682])"
10554,7227,40199,"array([3.06660439, 2.96979957])"
10555,7227,40204,"array([3.12495545, 2.94671634])"
10556,7227,40745,"array([3.20562992, 3.00435584])"
10557,7227,43037,"array([3.23210344, 3.03510426])"
10558,7227,41075,"array([3.10343818, 2.94495666])"
10559,7227,318725,"array([3.09378786, 2.96548929])"
10560,7227,40245,"array([3.20979898, 3.03781861])"
10561,7227,59142,"array([3.100328  , 2.93696482])"
10562,7227,3354919,"array([3.07312417, 3.05135184])"
10563,7227,45039,"array([3.10606503, 2.95493558])"
10564,7227,40492,"array([3.19379587, 3.09635875])"
10565,7227,41163,"array([3.20433325, 3.06566548])"
10566,7227,246616,"array([3.20490205, 3.08801295])"
10567,7227,41374,"array([3.16891164, 2.96892514])"
10568,7227,42610,"array([3.12545043, 2.95654034])"
10569,7227,42992,"array([3.08885353, 3.00599188])"
10570,7227,5740489,"array([3.10204218, 2.9524341 ])"
10571,7227,40316,"array([3.22972495, 3.06584015])"
10572,7227,40319,"array([3.18760315, 3.10021615])"
10573,7227,43035,"array([3.16319523, 2.95827789])"
10574,7227,246602,"array([3.08705981, 3.01504179])"
10575,7227,41489,"array([3.12918144, 2.94808166])"
10576,7227,318698,"array([3.06905294, 3.03818081])"
10577,7227,40543,"array([3.12549116, 3.09466781])"
10578,7227,40663,"array([3.2077376 , 3.06531877])"
10579,7227,40774,"array([3.22432698, 3.08074809])"
10580,7227,40890,"array([3.20429029, 3.10360854])"
10581,7227,41190,"array([3.228664  , 3.07950221])"
10582,7227,41678,"array([3.22643636, 3.07981684])"
10583,7227,42016,"array([3.21883812, 3.08938345])"
10584,7227,42670,"array([3.17366345, 3.08381046])"
10585,7227,43423,"array([3.20817774, 3.07866411])"
10586,7227,43501,"array([3.10657399, 3.05120156])"
10587,7227,43746,"array([3.23070893, 3.07443223])"
10588,7227,49815,"array([3.22730953, 3.07742126])"
10589,7227,53544,"array([3.20043776, 3.07198936])"
10590,7227,59175,"array([3.22300233, 3.08233073])"
10591,7227,318059,"array([3.21934041, 3.09149608])"
10592,7227,318892,"array([3.22409943, 3.07401393])"
10593,7227,326154,"array([3.22366658, 3.07693447])"
10594,7227,5740542,"array([3.22574627, 3.07604438])"
10595,7227,40480,"array([3.13425532, 2.94587053])"
10596,7227,40484,"array([3.26629143, 3.01736722])"
10597,7227,318868,"array([3.10133992, 3.07087457])"
10598,7227,5740868,"array([3.06433888, 3.00586603])"
10599,7227,318833,"array([3.08121952, 2.98296689])"
10600,7227,43052,"array([3.08282814, 3.04782265])"
10601,7227,40536,"array([3.12665448, 2.93034287])"
10602,7227,40537,"array([3.09054917, 2.98451102])"
10603,7227,40552,"array([3.22782034, 2.99171913])"
10604,7227,318213,"array([3.17874725, 3.11089104])"
10605,7227,40564,"array([3.20055168, 2.97165109])"
10606,7227,19893539,"array([3.08807893, 3.0926397 ])"
10607,7227,40590,"array([3.10983812, 3.10771626])"
10608,7227,42106,"array([3.13404995, 2.98415198])"
10609,7227,40611,"array([3.17679744, 3.11802523])"
10610,7227,40820,"array([3.07633956, 3.04877944])"
10611,7227,40615,"array([3.09691927, 2.97031974])"
10612,7227,43215,"array([3.20865843, 2.96465872])"
10613,7227,43621,"array([3.15853564, 2.95554304])"
10614,7227,41984,"array([3.19593947, 2.95003892])"
10615,7227,43699,"array([3.13732952, 3.10368752])"
10616,7227,14462750,"array([3.12747638, 3.09500413])"
10617,7227,50061,"array([3.18959677, 2.98242803])"
10618,7227,40685,"array([3.22005508, 2.97859352])"
10619,7227,326132,"array([3.09805119, 3.03822059])"
10620,7227,42748,"array([3.17894676, 2.98857172])"
10621,7227,42309,"array([3.2071946 , 2.99803755])"
10622,7227,40744,"array([3.19748666, 3.10540987])"
10623,7227,40747,"array([3.08431349, 3.06494268])"
10624,7227,41044,"array([3.03644507, 3.09403981])"
10625,7227,5740802,"array([3.08753034, 3.05662879])"
10626,7227,326158,"array([3.14605583, 2.9460017 ])"
10627,7227,40852,"array([3.14434324, 3.09172806])"
10628,7227,40856,"array([3.21456834, 3.02292592])"
10629,7227,40879,"array([3.1824954 , 2.98999945])"
10630,7227,3346237,"array([3.18177146, 2.9676522 ])"
10631,7227,40896,"array([3.21899698, 3.09636013])"
10632,7227,40899,"array([3.16507221, 3.10757467])"
10633,7227,41253,"array([3.23984092, 2.98986198])"
10634,7227,3772344,"array([3.21278414, 3.05074595])"
10635,7227,40924,"array([3.10219531, 2.94887924])"
10636,7227,40931,"array([3.22815777, 3.06108439])"
10637,7227,246630,"array([3.24195585, 3.0697553 ])"
10638,7227,261618,"array([3.14498852, 2.97195896])"
10639,7227,43595,"array([3.25335973, 2.99967209])"
10640,7227,19834908,"array([3.15329   , 2.98820069])"
10641,7227,42449,"array([3.14508219, 2.96094321])"
10642,7227,43518,"array([3.21944253, 3.03309131])"
10643,7227,41112,"array([3.15082426, 3.09875874])"
10644,7227,41039,"array([3.16695296, 2.95442804])"
10645,7227,41047,"array([3.20815165, 3.04155382])"
10646,7227,41988,"array([3.22187215, 2.96901916])"
10647,7227,43159,"array([3.22814096, 2.96329515])"
10648,7227,50281,"array([3.23752018, 2.97288704])"
10649,7227,41101,"array([3.1608197 , 3.11814886])"
10650,7227,43516,"array([3.15159557, 2.97417565])"
10651,7227,41110,"array([3.20179077, 3.08813576])"
10652,7227,41117,"array([3.18945711, 2.99874889])"
10653,7227,41133,"array([3.11727179, 2.93784112])"
10654,7227,41644,"array([3.26761374, 3.04078143])"
10655,7227,42778,"array([3.84844309, 2.89329639])"
10656,7227,42022,"array([3.06492984, 3.08109593])"
10657,7227,43260,"array([3.19540922, 3.0987096 ])"
10658,7227,41232,"array([3.11040449, 2.9749068 ])"
10659,7227,41250,"array([3.21234129, 2.9574317 ])"
10660,7227,49762,"array([3.08066129, 3.01161477])"
10661,7227,41283,"array([3.13835638, 2.94219096])"
10662,7227,43316,"array([3.18311995, 3.12053375])"
10663,7227,41309,"array([3.07154206, 3.08227306])"
10664,7227,41739,"array([3.18641259, 3.09779139])"
10665,7227,42069,"array([3.19267013, 3.08419495])"
10666,7227,41340,"array([3.19788098, 3.09048104])"
10667,7227,43179,"array([3.20498941, 3.10767167])"
10668,7227,41713,"array([3.11820666, 3.09150046])"
10669,7227,5740700,"array([3.20061502, 2.94657704])"
10670,7227,12798510,"array([3.14788903, 2.94793794])"
10671,7227,50378,"array([3.21785938, 2.97728676])"
10672,7227,41396,"array([3.17381979, 2.97466579])"
10673,7227,41868,"array([3.19103195, 2.94850475])"
10674,7227,41414,"array([3.110284  , 3.08402255])"
10675,7227,43936,"array([3.07680718, 3.01355221])"
10676,7227,41454,"array([3.05751305, 3.01804596])"
10677,7227,41477,"array([3.22152301, 2.96586076])"
10678,7227,41488,"array([3.22485071, 3.08668772])"
10679,7227,48335,"array([3.09964936, 3.05299837])"
10680,7227,48338,"array([3.09655669, 3.03490605])"
10681,7227,26067052,"array([3.07637168, 3.04047812])"
10682,7227,42123,"array([3.09465292, 3.09345007])"
10683,7227,41528,"array([3.17040431, 2.98096524])"
10684,7227,41536,"array([3.05917163, 2.97760349])"
10685,7227,42103,"array([3.16938726, 3.09596063])"
10686,7227,42233,"array([3.14404474, 3.11231678])"
10687,7227,42780,"array([3.1414213 , 3.10865078])"
10688,7227,43639,"array([3.11887243, 2.98723354])"
10689,7227,53583,"array([3.13712323, 3.10862076])"
10690,7227,246577,"array([3.13487931, 3.10822907])"
10691,7227,318018,"array([3.13999799, 3.11033917])"
10692,7227,326129,"array([3.12711534, 3.01592869])"
10693,7227,326168,"array([3.1351224 , 3.11068683])"
10694,7227,2768958,"array([3.1280609 , 3.10836556])"
10695,7227,41563,"array([3.12517556, 3.10940031])"
10696,7227,41578,"array([3.08976274, 2.94541819])"
10697,7227,8674119,"array([3.17864449, 3.10719596])"
10698,7227,41716,"array([3.0873614 , 2.99525562])"
10699,7227,318860,"array([3.15774318, 2.95281232])"
10700,7227,5740664,"array([3.14289858, 2.9537405 ])"
10701,7227,41626,"array([3.16820229, 2.98447272])"
10702,7227,41642,"array([3.23229044, 2.99795995])"
10703,7227,59232,"array([3.1962374 , 3.11197785])"
10704,7227,318886,"array([3.20265511, 3.10956106])"
10705,7227,41651,"array([3.14195971, 3.1048277 ])"
10706,7227,41789,"array([3.10917582, 2.95394186])"
10707,7227,43328,"array([3.08560957, 3.00474441])"
10708,7227,50191,"array([3.06720132, 2.98169481])"
10709,7227,2768967,"array([3.06460317, 2.97432242])"
10710,7227,42328,"array([3.11574344, 3.12249732])"
10711,7227,43644,"array([3.23047302, 2.95575898])"
10712,7227,10178861,"array([3.10741594, 2.97655008])"
10713,7227,41742,"array([3.09061906, 3.07142928])"
10714,7227,42554,"array([3.11708772, 2.92320601])"
10715,7227,53432,"array([3.12765024, 2.96359397])"
10716,7227,3772666,"array([3.22959493, 3.02529668])"
10717,7227,42915,"array([3.18603407, 3.08795601])"
10718,7227,43248,"array([3.16319592, 2.93273469])"
10719,7227,317867,"array([3.15751515, 2.9892566 ])"
10720,7227,3772139,"array([3.08624929, 3.07676157])"
10721,7227,3772346,"array([3.07777534, 3.05983739])"
10722,7227,41857,"array([3.21161545, 3.08548373])"
10723,7227,246515,"array([3.10778466, 3.08673231])"
10724,7227,326119,"array([3.22655852, 3.00260611])"
10725,7227,41889,"array([3.21784651, 3.00788385])"
10726,7227,41899,"array([3.16962612, 2.95802379])"
10727,7227,41900,"array([3.06417457, 3.01045014])"
10728,7227,48339,"array([3.13135477, 3.08612165])"
10729,7227,3772409,"array([3.21642211, 2.95595097])"
10730,7227,41949,"array([3.15607514, 2.94765669])"
10731,7227,318867,"array([3.2157119 , 2.91558586])"
10732,7227,42717,"array([3.18121328, 2.98307461])"
10733,7227,43825,"array([3.17816412, 2.98504936])"
10734,7227,43369,"array([3.20206105, 2.97000486])"
10735,7227,326139,"array([3.15515471, 2.97705898])"
10736,7227,42117,"array([3.09486298, 2.95893051])"
10737,7227,317953,"array([3.23159865, 2.99144729])"
10738,7227,42078,"array([3.06359124, 3.04571563])"
10739,7227,42101,"array([3.04543448, 3.02238798])"
10740,7227,42339,"array([3.20028016, 3.11070688])"
10741,7227,42162,"array([3.17752451, 2.97961101])"
10742,7227,50147,"array([3.14695124, 2.93714536])"
10743,7227,47873,"array([3.17210654, 3.06361874])"
10744,7227,42784,"array([3.1079377 , 2.96380085])"
10745,7227,42203,"array([3.20942745, 3.09554886])"
10746,7227,42228,"array([3.15981209, 2.9351576 ])"
10747,7227,42306,"array([3.12270235, 3.08244002])"
10748,7227,42310,"array([3.14818721, 3.10461165])"
10749,7227,43513,"array([3.21834268, 3.04566283])"
10750,7227,43660,"array([3.20033451, 3.0052445 ])"
10751,7227,117364,"array([3.21238997, 3.10247596])"
10752,7227,246408,"array([3.21453138, 3.10076155])"
10753,7227,246523,"array([3.22264829, 3.09201417])"
10754,7227,326111,"array([3.22083422, 3.09393552])"
10755,7227,2768720,"array([3.1466981 , 3.09467073])"
10756,7227,42320,"array([3.12103666, 2.94954118])"
10757,7227,42323,"array([3.06352854, 2.98563888])"
10758,7227,3771734,"array([3.2267439 , 3.04893488])"
10759,7227,8674056,"array([3.10806051, 3.07484022])"
10760,7227,42423,"array([3.2417297 , 3.03332568])"
10761,7227,42473,"array([3.1720378 , 3.12527415])"
10762,7227,42488,"array([3.12793395, 3.11894371])"
10763,7227,42490,"array([3.25660972, 3.0312355 ])"
10764,7227,5740147,"array([3.12156877, 3.09460014])"
10765,7227,50320,"array([3.13288669, 2.95381008])"
10766,7227,42528,"array([2.51221582, 2.71479628])"
10767,7227,42529,"array([3.12362169, 2.94892521])"
10768,7227,42556,"array([3.17009144, 3.11814396])"
10769,7227,42598,"array([3.0434383 , 3.01956531])"
10770,7227,42912,"array([3.06008786, 3.08592058])"
10771,7227,42636,"array([3.22352977, 3.09654156])"
10772,7227,43264,"array([3.14892457, 2.94274024])"
10773,7227,43500,"array([3.07127323, 3.06437877])"
10774,7227,43069,"array([3.18083392, 2.98685178])"
10775,7227,117331,"array([3.06710734, 3.06553018])"
10776,7227,42698,"array([3.18026006, 3.12227798])"
10777,7227,42701,"array([3.22230331, 3.07916286])"
10778,7227,44484,"array([3.13780758, 2.92832493])"
10779,7227,10178782,"array([3.2307067 , 2.99487129])"
10780,7227,42747,"array([3.08788671, 2.96980744])"
10781,7227,42772,"array([3.06968319, 3.05248003])"
10782,7227,43065,"array([3.06675592, 3.04424741])"
10783,7227,7354422,"array([3.08494368, 2.96475916])"
10784,7227,42978,"array([3.08354089, 3.07314129])"
10785,7227,42809,"array([3.19464362, 2.95199007])"
10786,7227,317996,"array([3.18431983, 3.04908715])"
10787,7227,42960,"array([3.21662598, 3.05667727])"
10788,7227,192528,"array([3.11182713, 3.09592269])"
10789,7227,43826,"array([3.2050551 , 3.05191088])"
10790,7227,42947,"array([3.083052  , 3.08491666])"
10791,7227,42951,"array([3.17787828, 2.94076685])"
10792,7227,42967,"array([3.08902935, 2.99081541])"
10793,7227,43014,"array([3.20843109, 3.09045077])"
10794,7227,8674021,"array([3.23240531, 3.03311217])"
10795,7227,5740299,"array([3.07604741, 3.08248358])"
10796,7227,43073,"array([3.14249315, 3.09477103])"
10797,7227,50285,"array([3.23601288, 3.00085394])"
10798,7227,2768974,"array([3.17860992, 2.99441793])"
10799,7227,43191,"array([3.2267675, 3.0820709])"
10800,7227,43238,"array([3.1430756 , 3.12339199])"
10801,7227,19893538,"array([3.09184598, 3.06998248])"
10802,7227,43253,"array([3.89392325, 3.24752343])"
10803,7227,5740597,"array([3.90056599, 3.24666572])"
10804,7227,43329,"array([3.11577694, 3.08848658])"
10805,7227,3885654,"array([3.0258666 , 3.06323502])"
10806,7227,43597,"array([3.16697599, 2.96573486])"
10807,7227,43655,"array([3.12195055, 3.11726478])"
10808,7227,326138,"array([3.11558363, 3.08668449])"
10809,7227,50190,"array([3.1218412, 2.9471681])"
10810,7227,53513,"array([3.13213917, 2.9433163 ])"
10811,7227,317860,"array([3.11883012, 2.9482813 ])"
10812,7227,43390,"array([3.23015482, 3.02826802])"
10813,7227,8674073,"array([3.08548083, 3.08619086])"
10814,7227,46813,"array([3.07849452, 3.10302347])"
10815,7227,43503,"array([3.13964189, 3.09114661])"
10816,7227,43504,"array([3.19325626, 2.97338941])"
10817,7227,43526,"array([3.18997591, 3.09844836])"
10818,7227,5740676,"array([3.23995436, 3.08607624])"
10819,7227,43549,"array([3.19890849, 2.97699381])"
10820,7227,43567,"array([3.11219765, 2.95064851])"
10821,7227,318579,"array([3.10985575, 3.06401252])"
10822,7227,3354992,"array([3.12695813, 3.12632278])"
10823,7227,318108,"array([3.22191623, 3.01580856])"
10824,7227,43614,"array([3.06053617, 2.99162388])"
10825,7227,43626,"array([3.1771645 , 3.12216561])"
10826,7227,43627,"array([3.11421176, 3.10622717])"
10827,7227,53547,"array([3.12273754, 2.94473593])"
10828,7227,43690,"array([3.12672295, 3.11395268])"
10829,7227,246458,"array([3.12496671, 3.11742673])"
10830,7227,246445,"array([3.16411586, 3.0647131 ])"
10831,7227,45380,"array([3.16057131, 2.967619  ])"
10832,7227,48613,"array([3.08310222, 3.06316869])"
10833,7227,318893,"array([3.23138139, 3.02028621])"
10834,7227,3355171,"array([3.20959099, 3.05956766])"
10835,7227,49806,"array([3.23528007, 2.97717505])"
10836,7227,7354371,"array([3.23716459, 2.98655061])"
10837,7227,2768908,"array([3.21376338, 2.97207201])"
10838,7227,3772539,"array([3.21879144, 2.97515095])"
10839,7227,50110,"array([3.13629744, 3.11316848])"
10840,7227,44148,"array([2.43958734, 2.98876803])"
10841,7227,50441,"array([2.44122019, 2.99523565])"
10842,7227,246409,"array([3.17403204, 3.10595462])"
10843,7227,317849,"array([3.19750996, 3.09437044])"
10844,7227,326227,"array([3.19144342, 3.09695124])"
10845,7227,3346224,"array([3.17801745, 3.10310655])"
10846,7227,53501,"array([3.12300233, 3.10779282])"
10847,7227,3355181,"array([3.14857332, 3.09992167])"
10848,7227,5740846,"array([3.1117378 , 3.10423227])"
10849,7227,26067051,"array([3.12798712, 3.11123625])"
10850,7227,117487,"array([3.21846654, 3.05704519])"
10851,7227,5740224,"array([3.0909018 , 3.09218096])"
10852,7227,5740790,"array([3.08868696, 2.98124206])"
10853,7227,44873,"array([3.09181876, 2.9525293 ])"
10854,7227,246456,"array([3.15797166, 3.11518328])"
10855,7227,317866,"array([3.16529166, 3.11658552])"
10856,7227,326159,"array([3.16333705, 3.1182479 ])"
10857,7227,3885583,"array([3.16685467, 3.11832473])"
10858,7227,3885646,"array([3.18564443, 3.11473538])"
10859,7227,5740480,"array([3.18786982, 3.11383358])"
10860,7227,2768665,"array([3.07528632, 3.06334168])"
10861,7227,50442,"array([3.13677021, 3.11889994])"
10862,7227,318788,"array([3.20937814, 3.08581482])"
10863,7227,246438,"array([3.23550066, 3.0601499 ])"
10864,7227,318891,"array([3.23612681, 3.05326576])"
10865,7227,5740408,"array([3.05682711, 3.0554392 ])"
10866,7227,46155,"array([3.2080461 , 3.09384586])"
10867,7227,117344,"array([3.21316079, 3.08407917])"
10868,7227,170882,"array([3.20609771, 3.09627532])"
10869,7227,246493,"array([3.18427757, 3.10319099])"
10870,7227,246585,"array([3.22821001, 3.06439056])"
10871,7227,318744,"array([3.21970599, 3.08296537])"
10872,7227,318753,"array([3.2083856 , 3.07547183])"
10873,7227,50092,"array([3.07830431, 3.00339876])"
10874,7227,2768681,"array([3.20677449, 2.95187472])"
10875,7227,50101,"array([3.18885885, 3.07292234])"
10876,7227,3771806,"array([3.11134819, 3.02527859])"
10877,7227,19834948,"array([3.09077649, 3.08180025])"
10878,7227,3355139,"array([3.11237328, 3.10879689])"
10879,7227,117338,"array([3.22449031, 3.06413557])"
10880,7227,117500,"array([3.21565614, 3.08404919])"
10881,7227,261626,"array([3.19344032, 3.10282248])"
10882,7227,318135,"array([3.19822295, 3.10204418])"
10883,7227,318136,"array([3.18242059, 3.10870228])"
10884,7227,318147,"array([3.19015052, 3.1045499 ])"
10885,7227,318875,"array([3.2165037 , 3.08626688])"
10886,7227,3772456,"array([3.19418574, 3.10018049])"
10887,7227,19835504,"array([3.21111976, 3.09283547])"
10888,7227,50005,"array([3.04594806, 3.00862638])"
10889,7227,50048,"array([3.07071086, 2.97467405])"
10890,7227,50074,"array([3.199519  , 3.09399145])"
10891,7227,246568,"array([3.14076581, 3.11519732])"
10892,7227,5740784,"array([3.06196252, 2.98841069])"
10893,7227,5740593,"array([3.17389459, 3.12240958])"
10894,7227,59253,"array([3.04562669, 3.0170577 ])"
10895,7227,3355167,"array([3.05533413, 3.02846363])"
10896,7227,3771946,"array([3.03914173, 3.02443652])"
10897,7227,317835,"array([3.23962096, 3.07860945])"
10898,7227,318139,"array([3.18438213, 3.1178824 ])"
10899,7227,3355006,"array([3.09154463, 3.075981  ])"
10900,7227,326244,"array([3.21033866, 2.98084996])"
10901,7227,2768997,"array([3.20543478, 3.08999638])"
10902,7227,10178793,"array([3.11734001, 2.94573413])"
10903,7227,10178800,"array([3.14331514, 3.01765503])"
10904,7227,10178801,"array([3.19807226, 2.99410952])"
10905,7227,10178819,"array([3.22938582, 3.12494245])"
10906,7227,10178824,"array([3.19578933, 2.95477229])"
10907,7227,10178895,"array([3.07850559, 3.04847994])"
10908,7227,10178900,"array([3.08680719, 3.07179379])"
10909,7227,10178948,"array([3.19679685, 3.04386585])"
10910,7227,10178961,"array([3.12525388, 2.94333108])"
10911,7227,10178964,"array([3.1090983 , 3.06549197])"
10912,7227,10216624,"array([3.11432983, 2.99167349])"
10913,7227,117414,"array([3.24445914, 3.02335681])"
10914,7227,12797884,"array([3.15736829, 3.08436064])"
10915,7227,12797895,"array([3.0751492 , 3.00883168])"
10916,7227,12797896,"array([3.20922643, 3.03550468])"
10917,7227,12797925,"array([3.25107472, 3.11010878])"
10918,7227,12797942,"array([3.1263426 , 2.98020363])"
10919,7227,12797956,"array([3.22735109, 3.04145584])"
10920,7227,12797982,"array([3.21942697, 3.00880485])"
10921,7227,12797983,"array([3.12693554, 2.96160201])"
10922,7227,12798011,"array([3.24059946, 3.04833364])"
10923,7227,12798012,"array([3.21533961, 3.0366385 ])"
10924,7227,12798013,"array([3.19986196, 2.97418535])"
10925,7227,12798016,"array([3.2083986 , 3.03135109])"
10926,7227,12798017,"array([3.20950872, 3.03404261])"
10927,7227,12798018,"array([3.20334951, 3.02827425])"
10928,7227,12798026,"array([3.12931403, 2.96264903])"
10929,7227,12798032,"array([3.24741828, 3.1178376 ])"
10930,7227,12798062,"array([3.1356547, 2.9724018])"
10931,7227,12798070,"array([3.24506499, 3.12073191])"
10932,7227,12798083,"array([3.23915825, 3.12058105])"
10933,7227,12798084,"array([3.23189039, 3.04076061])"
10934,7227,12798086,"array([3.21215397, 3.01991763])"
10935,7227,12798087,"array([3.21153137, 3.04438601])"
10936,7227,12798128,"array([3.18929813, 2.95016775])"
10937,7227,12798133,"array([3.24656335, 3.02205571])"
10938,7227,12798161,"array([3.22863976, 3.03192113])"
10939,7227,12798170,"array([3.19625193, 2.9717778 ])"
10940,7227,12798171,"array([3.2188677 , 3.02314889])"
10941,7227,12798236,"array([3.10159883, 2.98075961])"
10942,7227,12798237,"array([3.2086605 , 2.98588429])"
10943,7227,12798238,"array([3.096221  , 2.98651988])"
10944,7227,12798254,"array([3.10360695, 3.04540106])"
10945,7227,12798261,"array([3.24274673, 3.04683882])"
10946,7227,12798263,"array([3.24365295, 3.01622333])"
10947,7227,12798280,"array([3.12028783, 2.99322996])"
10948,7227,12798294,"array([3.18942973, 2.96649212])"
10949,7227,12798300,"array([3.21399193, 3.0246458 ])"
10950,7227,12798306,"array([3.20026936, 3.02069459])"
10951,7227,12798320,"array([3.19153195, 3.05593223])"
10952,7227,12798338,"array([3.16104432, 2.96155739])"
10953,7227,12798410,"array([3.22809034, 3.03547709])"
10954,7227,12798411,"array([3.17749758, 2.95937618])"
10955,7227,12798416,"array([3.21984416, 3.06248195])"
10956,7227,12798421,"array([3.20180056, 3.06112505])"
10957,7227,12798431,"array([3.12844693, 2.93760602])"
10958,7227,12798434,"array([3.2463648 , 3.02578067])"
10959,7227,12798435,"array([3.24202119, 3.12341652])"
10960,7227,12798454,"array([3.13215189, 2.96258463])"
10961,7227,12798455,"array([3.23785382, 3.12461865])"
10962,7227,12798472,"array([3.06749402, 3.00848314])"
10963,7227,12798474,"array([3.24317689, 3.03912857])"
10964,7227,12798488,"array([3.24476662, 3.03045168])"
10965,7227,12798498,"array([3.14635169, 3.10965565])"
10966,7227,12798504,"array([3.21353683, 3.02704254])"
10967,7227,12798508,"array([3.24715167, 3.11188815])"
10968,7227,12798509,"array([3.24531157, 3.01888273])"
10969,7227,12798524,"array([3.24992094, 3.11454321])"
10970,7227,12798529,"array([3.24577944, 3.03290949])"
10971,7227,12798541,"array([3.23720212, 3.058197  ])"
10972,7227,12798547,"array([3.19789132, 3.04331425])"
10973,7227,12798560,"array([3.2421307 , 3.11786671])"
10974,7227,14462452,"array([3.16999087, 3.03718712])"
10975,7227,14462581,"array([3.13278964, 3.10330676])"
10976,7227,14462681,"array([3.22580557, 3.04414573])"
10977,7227,14462752,"array([3.13801754, 2.97863416])"
10978,7227,14462787,"array([3.20683046, 3.06791679])"
10979,7227,19834718,"array([3.17601021, 3.06080825])"
10980,7227,19835795,"array([3.17235504, 2.98929614])"
10981,7227,19835899,"array([3.17920184, 3.07102358])"
10982,7227,19836003,"array([3.25509321, 3.02708824])"
10983,7227,19836034,"array([3.15877689, 2.99542817])"
10984,7227,326225,"array([3.13490908, 2.97703524])"
10985,7227,19836190,"array([3.17684474, 3.10571074])"
10986,7227,19893549,"array([3.0618231 , 3.05917772])"
10987,7227,8674109,"array([3.16687384, 3.01658896])"
10988,7227,246393,"array([3.57460436, 3.60549605])"
10989,7227,3772453,"array([3.16268774, 3.04954407])"
10990,7227,246411,"array([3.15830221, 2.96631065])"
10991,7227,5740122,"array([3.15925873, 2.98721845])"
10992,7227,246426,"array([3.1905564 , 2.96979358])"
10993,7227,246449,"array([3.1649994 , 3.10522888])"
10994,7227,246489,"array([3.15030244, 3.15639367])"
10995,7227,246533,"array([2.45370475, 3.17206498])"
10996,7227,318064,"array([3.14244999, 3.00322254])"
10997,7227,37322,"array([3.1543458 , 3.00809344])"
10998,7227,32149,"array([3.08374481, 3.04020396])"
10999,7227,39288,"array([3.1922411 , 2.91487532])"
11000,7227,251166,"array([3.08499927, 2.9691817 ])"
11001,7227,3771903,"array([3.16490317, 3.02617842])"
11002,7227,5740577,"array([3.16152189, 3.03089114])"
11003,7227,5740812,"array([3.16576545, 3.02988714])"
11004,7227,252460,"array([3.21086026, 3.02389829])"
11005,7227,260658,"array([2.88434903, 2.36776872])"
11006,7227,42163,"array([2.89066696, 2.36542602])"
11007,7227,26067049,"array([3.14673325, 2.9546502 ])"
11008,7227,26067078,"array([3.10829139, 3.07980146])"
11009,7227,26067081,"array([3.23674564, 3.04162178])"
11010,7227,26067082,"array([3.1066217 , 3.02828137])"
11011,7227,26067094,"array([3.10474497, 2.97083481])"
11012,7227,26067251,"array([3.20731096, 2.9825958 ])"
11013,7227,26067578,"array([3.1195703 , 3.09721662])"
11014,7227,26067586,"array([3.14046263, 2.94684447])"
11015,7227,2768717,"array([3.22192627, 3.0641862 ])"
11016,7227,2768721,"array([3.69738668, 2.55935697])"
11017,7227,318958,"array([3.20690078, 2.94301734])"
11018,7227,2768867,"array([3.21664708, 2.96596384])"
11019,7227,2768875,"array([3.06324523, 3.06496963])"
11020,7227,31071,"array([3.07285312, 3.03104117])"
11021,7227,33603,"array([3.17314086, 3.01902139])"
11022,7227,40877,"array([3.1503913 , 3.01805565])"
11023,7227,31218,"array([3.14463551, 2.96485154])"
11024,7227,33239,"array([3.17234313, 2.99346205])"
11025,7227,31303,"array([3.16110334, 2.94868302])"
11026,7227,3771814,"array([3.12725906, 3.06065337])"
11027,7227,8674041,"array([3.18507314, 3.00174043])"
11028,7227,3771836,"array([3.20687932, 2.95625299])"
11029,7227,3771770,"array([3.19872711, 3.06354034])"
11030,7227,3771927,"array([3.19156921, 3.06181654])"
11031,7227,3772037,"array([3.20134085, 3.05908621])"
11032,7227,3772048,"array([3.19665131, 3.0572091 ])"
11033,7227,3772126,"array([3.18931482, 3.0650798 ])"
11034,7227,3772192,"array([3.19365587, 3.0600438 ])"
11035,7227,3772337,"array([3.19049366, 3.0655757 ])"
11036,7227,3772392,"array([3.19470942, 3.06074923])"
11037,7227,3772462,"array([3.20160514, 3.0553161 ])"
11038,7227,3772474,"array([3.19775059, 3.06538966])"
11039,7227,3772520,"array([3.19896866, 3.0618947 ])"
11040,7227,32266,"array([3.17975582, 2.99002937])"
11041,7227,31463,"array([3.22119867, 3.02681354])"
11042,7227,5740481,"array([3.14845385, 2.96325129])"
11043,7227,31471,"array([3.13825553, 2.95523647])"
11044,7227,31472,"array([3.08677665, 2.99818858])"
11045,7227,318980,"array([3.14674916, 2.97194086])"
11046,7227,3772376,"array([3.19490858, 3.01039225])"
11047,7227,3772415,"array([3.20660459, 3.01678272])"
11048,7227,3772597,"array([3.1205094 , 2.98278292])"
11049,7227,34073,"array([3.19730149, 3.00656535])"
11050,7227,8674096,"array([3.21921052, 2.97147639])"
11051,7227,317909,"array([3.14312839, 2.94116458])"
11052,7227,317916,"array([3.22884835, 3.00585428])"
11053,7227,317917,"array([3.23094854, 3.01499168])"
11054,7227,317919,"array([3.2301597 , 3.01707912])"
11055,7227,317999,"array([3.07471324, 3.04345137])"
11056,7227,318138,"array([3.17998488, 2.95543517])"
11057,7227,318166,"array([3.21788192, 2.96811384])"
11058,7227,318960,"array([3.21859617, 2.94058733])"
11059,7227,318244,"array([3.1389448 , 2.99615784])"
11060,7227,32059,"array([3.12763905, 2.95719987])"
11061,7227,32988,"array([3.17252294, 2.98465855])"
11062,7227,34584,"array([3.13673954, 2.96249066])"
11063,7227,318245,"array([3.06752571, 2.9963162 ])"
11064,7227,318252,"array([3.06531962, 3.06781161])"
11065,7227,31831,"array([3.10478809, 3.11405417])"
11066,7227,318722,"array([3.2107265 , 3.05550808])"
11067,7227,36141,"array([3.23544683, 3.01644121])"
11068,7227,8674034,"array([3.17427904, 3.00608917])"
11069,7227,318866,"array([3.11853284, 2.94294566])"
11070,7227,318909,"array([3.14195813, 2.9496615 ])"
11071,7227,318953,"array([3.10941853, 2.95105682])"
11072,7227,40947,"array([3.13780091, 2.94579905])"
11073,7227,43223,"array([3.05272946, 3.01373618])"
11074,7227,319043,"array([3.12208777, 3.05262522])"
11075,7227,37727,"array([3.07291779, 3.08015312])"
11076,7227,8674081,"array([3.05838052, 3.02911985])"
11077,7227,32378,"array([3.17491138, 2.93823017])"
11078,7227,32384,"array([3.07539003, 3.03171252])"
11079,7227,32389,"array([3.18667472, 2.93425455])"
11080,7227,32397,"array([3.05181275, 3.04039305])"
11081,7227,41355,"array([3.18114767, 2.95339836])"
11082,7227,32494,"array([3.17802387, 2.97777744])"
11083,7227,3772547,"array([3.17712794, 3.02086551])"
11084,7227,3772395,"array([3.23853412, 3.00785519])"
11085,7227,32714,"array([3.15723435, 2.94970505])"
11086,7227,39539,"array([3.1154113 , 2.95867248])"
11087,7227,32814,"array([3.13138854, 2.98059082])"
11088,7227,34367,"array([3.16273003, 3.09568128])"
11089,7227,32858,"array([3.24310912, 3.02017051])"
11090,7227,37696,"array([3.17634794, 3.08881274])"
11091,7227,32999,"array([3.16195527, 2.9544442 ])"
11092,7227,40521,"array([3.04108709, 3.04744522])"
11093,7227,42920,"array([3.04061992, 3.04263692])"
11094,7227,33357,"array([3.11335849, 2.94825675])"
11095,7227,33371,"array([3.11998761, 2.94500971])"
11096,7227,40647,"array([3.12334689, 2.94148313])"
11097,7227,42796,"array([3.12082189, 2.94179296])"
11098,7227,5740831,"array([3.12615544, 2.94069845])"
11099,7227,33278,"array([3.15272191, 2.94865071])"
11100,7227,41081,"array([3.11973281, 2.98144016])"
11101,7227,38214,"array([3.1923076 , 3.00846747])"
11102,7227,44073,"array([3.19796536, 3.00233333])"
11103,7227,3772130,"array([3.07764237, 3.04296351])"
11104,7227,3772408,"array([3.0839696 , 3.06040242])"
11105,7227,3772551,"array([3.07706513, 3.03629326])"
11106,7227,3346202,"array([3.24699629, 3.10174103])"
11107,7227,3355106,"array([3.1344117 , 3.10136335])"
11108,7227,3355135,"array([3.1022055 , 2.98279783])"
11109,7227,3355151,"array([3.1816446, 2.9815933])"
11110,7227,5740271,"array([3.15307863, 2.93279133])"
11111,7227,3772530,"array([3.2232565 , 3.10680657])"
11112,7227,3772686,"array([3.24459155, 3.11514737])"
11113,7227,43661,"array([3.1223106 , 2.96773204])"
11114,7227,34299,"array([3.25091568, 3.7814548 ])"
11115,7227,3885612,"array([3.25642598, 3.7777655 ])"
11116,7227,34372,"array([3.23617122, 2.9654505 ])"
11117,7227,40296,"array([3.15826487, 3.09617438])"
11118,7227,5656885,"array([3.22313563, 3.02672287])"
11119,7227,3772175,"array([3.19903036, 3.01958519])"
11120,7227,3772477,"array([3.18507051, 3.06547599])"
11121,7227,39652,"array([3.11974269, 2.9313647 ])"
11122,7227,3771867,"array([3.28867401, 3.00753518])"
11123,7227,3771868,"array([3.29224789, 3.00396873])"
11124,7227,3771881,"array([3.29113661, 2.99989002])"
11125,7227,3771882,"array([3.29030686, 3.01186233])"
11126,7227,3772021,"array([3.2873813 , 2.99896852])"
11127,7227,3772072,"array([3.29539483, 3.01085947])"
11128,7227,3772114,"array([3.29294271, 2.9965793 ])"
11129,7227,3772187,"array([3.28814223, 3.00324938])"
11130,7227,3772195,"array([3.29034757, 2.99321224])"
11131,7227,3772202,"array([3.29307627, 3.01487835])"
11132,7227,3772279,"array([3.29514391, 3.00103503])"
11133,7227,3772331,"array([3.29601049, 3.00577616])"
11134,7227,3772544,"array([3.29265792, 3.00807812])"
11135,7227,3772636,"array([3.28691691, 2.99492586])"
11136,7227,34646,"array([3.24661951, 3.02852498])"
11137,7227,42560,"array([3.1689138 , 2.90502755])"
11138,7227,34849,"array([3.1492202 , 2.97230499])"
11139,7227,41588,"array([3.17582412, 2.98618228])"
11140,7227,35075,"array([3.07959377, 2.95999832])"
11141,7227,35352,"array([3.17820128, 2.99087796])"
11142,7227,35691,"array([3.15068994, 2.94810341])"
11143,7227,44857,"array([3.11272253, 3.08401317])"
11144,7227,35327,"array([3.16901261, 2.96350468])"
11145,7227,3772633,"array([3.15371247, 2.96671825])"
11146,7227,43740,"array([3.12178806, 2.96079546])"
11147,7227,37268,"array([3.0911886 , 3.03137879])"
11148,7227,36197,"array([3.1615616 , 3.09396104])"
11149,7227,41297,"array([3.22911516, 3.05142982])"
11150,7227,41170,"array([3.05663275, 3.07474035])"
11151,7227,39761,"array([3.21601296, 2.97137939])"
11152,7227,3771790,"array([3.22943555, 3.0338418 ])"
11153,7227,7354406,"array([3.18693218, 3.13147418])"
11154,7227,7354407,"array([3.19249089, 3.12968528])"
11155,7227,36666,"array([3.06551708, 3.06353922])"
11156,7227,38057,"array([3.04973885, 3.02795358])"
11157,7227,40132,"array([3.23027288, 3.0078475 ])"
11158,7227,42462,"array([3.2319798 , 3.02706879])"
11159,7227,38451,"array([3.15757173, 2.98793642])"
11160,7227,37555,"array([3.20282361, 3.07442622])"
11161,7227,5740468,"array([3.19275015, 2.95279036])"
11162,7227,3771824,"array([3.22211093, 3.11274241])"
11163,7227,3771949,"array([3.21651914, 3.11690862])"
11164,7227,3771995,"array([3.21386336, 3.11481527])"
11165,7227,3772227,"array([3.21348612, 3.11902931])"
11166,7227,3772228,"array([3.21999923, 3.11032618])"
11167,7227,3772266,"array([3.21070167, 3.11739532])"
11168,7227,3772339,"array([3.20836149, 3.12040869])"
11169,7227,3772527,"array([3.21932701, 3.11493891])"
11170,7227,3772634,"array([3.21689787, 3.11257562])"
11171,7227,3772678,"array([3.20158396, 3.08134937])"
11172,7227,3772712,"array([3.181017  , 3.07892887])"
11173,7227,5740222,"array([3.22469843, 3.10991207])"
11174,7227,3772280,"array([3.05485763, 3.01599949])"
11175,7227,5656928,"array([3.12085408, 3.10660608])"
11176,7227,3772091,"array([3.08126685, 2.97974473])"
11177,7227,37638,"array([3.31511391, 2.33380463])"
11178,7227,3771797,"array([3.14142598, 3.13636634])"
11179,7227,3771858,"array([3.15116132, 3.13668891])"
11180,7227,3771894,"array([3.15648852, 3.13752015])"
11181,7227,3771907,"array([3.16329476, 3.13856371])"
11182,7227,3771918,"array([3.16672482, 3.13904193])"
11183,7227,3771974,"array([3.15132588, 3.1411051 ])"
11184,7227,3772028,"array([3.15451317, 3.14157389])"
11185,7227,3772068,"array([3.15368529, 3.13817152])"
11186,7227,3772102,"array([3.15261592, 2.91886355])"
11187,7227,3772178,"array([3.1621726 , 3.14170119])"
11188,7227,3772327,"array([3.24606875, 3.05437901])"
11189,7227,3772330,"array([3.24589721, 3.05983488])"
11190,7227,3772428,"array([3.14833491, 3.14007996])"
11191,7227,3772471,"array([3.14699314, 3.13709129])"
11192,7227,3772550,"array([3.15940854, 3.13938018])"
11193,7227,3772567,"array([3.12398411, 2.93813996])"
11194,7227,3772570,"array([3.15782839, 3.14209793])"
11195,7227,3772628,"array([3.24766092, 3.05707401])"
11196,7227,3772683,"array([3.14417367, 3.13869039])"
11197,7227,38047,"array([3.10230398, 2.96254337])"
11198,7227,41987,"array([3.15118222, 2.93965648])"
11199,7227,4379912,"array([3.16729631, 2.96820162])"
11200,7227,5740866,"array([3.15739281, 2.94159669])"
11201,7227,8674046,"array([3.18105308, 2.9581506 ])"
11202,7227,5740558,"array([3.05922097, 3.03575888])"
11203,7227,38884,"array([3.17285038, 2.98207426])"
11204,7227,41677,"array([3.19842255, 2.96994702])"
11205,7227,50178,"array([3.20958511, 2.98321684])"
11206,7227,5740279,"array([3.09162738, 3.09932819])"
11207,7227,44974,"array([3.19355382, 3.13342903])"
11208,7227,45829,"array([3.18875495, 3.13505264])"
11209,7227,40197,"array([3.17208112, 2.95007072])"
11210,7227,43479,"array([3.05864304, 3.04598446])"
11211,7227,40393,"array([3.05184239, 3.0729306 ])"
11212,7227,48775,"array([3.2292325 , 3.07197667])"
11213,7227,42425,"array([3.06314616, 3.06169385])"
11214,7227,40836,"array([3.14778703, 2.92415437])"
11215,7227,8674032,"array([3.10842991, 2.96633509])"
11216,7227,43118,"array([3.24391963, 2.96940484])"
11217,7227,48341,"array([3.08278438, 3.04986515])"
11218,7227,41530,"array([3.22181271, 2.98719383])"
11219,7227,41631,"array([3.15610933, 3.12302651])"
11220,7227,44125,"array([3.05780167, 3.09401976])"
11221,7227,7354428,"array([3.06574319, 3.00185643])"
11222,7227,50253,"array([3.11759891, 3.11769739])"
11223,7227,8674068,"array([3.23533994, 3.03329773])"
11224,7227,42392,"array([3.19394919, 2.98666526])"
11225,7227,43011,"array([3.17685573, 2.98355536])"
11226,7227,45510,"array([3.21193755, 2.99574016])"
11227,7227,42990,"array([3.19173914, 3.09512635])"
11228,7227,43610,"array([3.23935396, 2.98563793])"
11229,7227,8674001,"array([3.47491576, 2.39174849])"
11230,7227,318905,"array([3.14442521, 2.92654372])"
11231,7227,326149,"array([3.16986944, 2.97316987])"
11232,7227,40345,"array([3.16482559, 3.00133786])"
11233,7227,35942,"array([3.16609797, 2.97313501])"
11234,7227,43010,"array([3.17261845, 2.97242495])"
11235,7227,43114,"array([3.17937568, 2.97431592])"
11236,7227,42191,"array([3.17065578, 2.98458427])"
11237,7227,44936,"array([3.193469  , 2.97118906])"
11238,7227,19835727,"array([3.21188575, 2.9635717 ])"
11239,7227,32213,"array([3.16520548, 2.96585129])"
11240,7227,42469,"array([3.19535659, 2.9737751 ])"
11241,7227,5740879,"array([3.18299838, 2.99410362])"
11242,7227,41961,"array([3.16134053, 2.97099367])"
11243,7227,31410,"array([3.15873568, 2.97597164])"
11244,7227,43782,"array([3.17492155, 2.98900999])"
11245,7227,3346145,"array([3.16899977, 2.98971842])"
11246,7227,34503,"array([3.1928812 , 2.96179671])"
11247,7227,43110,"array([3.17078135, 2.9628712 ])"
11248,7227,43113,"array([3.15093754, 2.96646624])"
11249,7227,33010,"array([3.16012874, 2.9745542 ])"
11250,7227,45816,"array([3.18306764, 2.97632358])"
11251,7227,43174,"array([3.18523654, 2.97078255])"
11252,7227,32500,"array([3.19162718, 2.96726891])"
11253,7227,37654,"array([3.18133451, 2.9398554 ])"
11254,7227,41069,"array([3.11580421, 2.95406615])"
11255,7227,36601,"array([3.02474103, 3.09145474])"
11256,7227,34712,"array([3.1677622 , 2.94224654])"
11257,7227,48336,"array([3.21536516, 2.99417421])"
11258,7227,44117,"array([3.1114137 , 3.11693497])"
11259,7227,33452,"array([3.08335165, 3.07016108])"
11260,10116,79240,"array([3.22671461, 2.97849665])"
11261,10116,308212,"array([3.21712151, 3.02084266])"
11262,10116,499088,"array([3.21695126, 3.02680493])"
11263,10116,500666,"array([3.21666951, 3.02281682])"
11264,10116,65040,"array([3.16518171, 3.10304368])"
11265,10116,116681,"array([3.21389594, 3.06785504])"
11266,10116,286923,"array([3.21722661, 3.06355595])"
11267,10116,286930,"array([3.14760002, 3.10775339])"
11268,10116,113927,"array([3.23257907, 2.97657823])"
11269,10116,117558,"array([3.23152266, 3.0488785 ])"
11270,10116,60391,"array([3.25162241, 3.0450329 ])"
11271,10116,81651,"array([3.24879758, 3.04284859])"
11272,10116,83589,"array([3.25190652, 3.03846664])"
11273,10116,116479,"array([3.24949706, 3.04891586])"
11274,10116,25729,"array([3.09411409, 2.95083776])"
11275,10116,25617,"array([3.04143954, 3.02887457])"
11276,10116,116598,"array([3.042449  , 3.03261391])"
11277,10116,171129,"array([3.04276601, 3.02557066])"
11278,10116,84010,"array([3.23021773, 2.96626645])"
11279,10116,65189,"array([3.15233856, 3.11845115])"
11280,10116,117550,"array([3.12721588, 2.9590951 ])"
11281,10116,311024,"array([3.24806983, 3.06132671])"
11282,10116,116659,"array([3.09804438, 2.9954787 ])"
11283,10116,83803,"array([3.10120196, 3.11957933])"
11284,10116,116470,"array([3.22771919, 3.0872693 ])"
11285,10116,25716,"array([3.22975838, 3.08240293])"
11286,10116,116554,"array([3.18427265, 2.96173545])"
11287,4932,852099,"array([3.07834359, 3.02810074])"
11288,4932,852457,"array([3.06607581, 2.96386434])"
11289,4932,851811,"array([3.1720896 , 2.94646498])"
11290,4932,854150,"array([3.18382426, 2.94835349])"
11291,4932,850409,"array([3.21156227, 2.97616857])"
11292,4932,856891,"array([3.17280437, 2.95690532])"
11293,4932,850504,"array([3.20906885, 3.0013338 ])"
11294,4932,851029,"array([3.19732526, 2.96286896])"
11295,4932,854289,"array([3.20730384, 2.97149647])"
11296,4932,852065,"array([3.12946478, 2.96042963])"
11297,4932,853167,"array([3.19031563, 2.96250671])"
11298,4932,852814,"array([3.22525239, 2.98145557])"
11299,4932,853327,"array([3.24203628, 2.97897363])"
11300,4932,853400,"array([3.24357759, 2.98684918])"
11301,4932,855515,"array([3.24377689, 2.98324283])"
11302,4932,851403,"array([3.14366524, 3.14438818])"
11303,4932,853714,"array([3.13672882, 3.14165532])"
11304,4932,855357,"array([3.14757028, 3.14530731])"
11305,4932,855514,"array([3.14005548, 3.14319828])"
11306,4896,2540020,"array([3.10343615, 3.08877793])"
11307,4896,2541355,"array([3.22306077, 2.99634748])"
11308,8355,447787,"array([3.23522589, 2.9887994 ])"
11309,8355,108717648,"array([3.24427516, 3.0094576 ])"
11310,8355,734724,"array([3.25130698, 3.03374609])"
11311,8355,378529,"array([3.16556781, 2.94872129])"
11312,8355,734196,"array([3.12445307, 2.93301136])"
11313,8355,431809,"array([3.19588948, 3.11682027])"
11314,8355,734487,"array([3.1989685 , 3.11435153])"
11315,8355,446588,"array([3.08429197, 2.98407201])"
11316,9606,7227,"array([3.23225085, 2.87559016])"
11317,10090,13017,"array([3.23885148, 2.84411959])"
11318,10090,17913,"array([3.24000307, 2.85366966])"
11319,10090,22144,"array([3.22963223, 2.85104741])"
11320,10090,22147,"array([3.2559721 , 2.85559152])"
11321,10090,56455,"array([3.25644153, 2.86495371])"
11322,10090,69259,"array([3.22911832, 2.84644502])"
11323,10090,116870,"array([3.24786441, 2.85225014])"
11324,9606,2099,"array([3.23314908, 2.84883657])"
11325,9606,2139,"array([3.25329506, 2.85217382])"
11326,9606,4175,"array([3.23647746, 2.85162222])"
11327,9606,4772,"array([3.2505483, 2.8552909])"
11328,9606,5129,"array([3.23378916, 2.84455703])"
11329,9606,5595,"array([3.22826141, 2.85569866])"
11330,9606,6047,"array([3.24916659, 2.85963953])"
11331,9606,7158,"array([3.24537382, 2.86050165])"
11332,9606,721,"array([3.22541335, 2.85081781])"
11333,9606,7329,"array([3.24369743, 2.85335948])"
11334,9606,8099,"array([3.24197541, 2.85759878])"
11335,9606,8409,"array([3.25209513, 2.86281866])"
11336,9606,8463,"array([3.2328311, 2.8539224])"
11337,9606,8655,"array([3.24071023, 2.84947336])"
11338,9606,8881,"array([3.247558  , 2.86499972])"
11339,9606,9919,"array([3.24462638, 2.84960152])"
11340,9606,23765,"array([3.24221418, 2.86319993])"
11341,9606,51701,"array([3.25042354, 2.84917687])"
11342,9606,55810,"array([3.2571369 , 2.86039174])"
11343,9606,283208,"array([3.2463467 , 2.85625527])"
11344,9606,645455,"array([3.25315853, 2.85860731])"
11345,9606,3169,"array([3.23302072, 2.85868932])"
11346,9606,3191,"array([3.23830006, 2.86034815])"
11347,9606,5339,"array([3.25217919, 2.86740069])"
11348,9606,6657,"array([3.24709744, 2.84655722])"
11349,9606,25962,"array([3.23679082, 2.8561284 ])"
11350,9606,7375,"array([3.23716353, 2.84765349])"
11351,9606,328,"array([3.24281269, 2.84552861])"
